id,title,original_title,overview,tagline,status,adult,video,release_date,runtime,budget,revenue,popularity,vote_average,vote_count,original_language,homepage,imdb_id,poster_path,backdrop_path,genres,production_companies,production_countries,spoken_languages,origin_country,belongs_to_collection
170783,I Will Be Murdered,I Will Be Murdered,"An extraordinary story of murder, love and political conspiracy triggered when a video of a murdered Guatemalan lawyer surfaced on Youtube in which he foretold his own death and named the culprits.",,Released,False,False,2013-05-10,85,0,0,0.0363,6.5,7,en,,tt2837866,/eftCYrmWmjxeOAJjr2bBbcBTA40.jpg,/drt1OMFrtWHP6OprGlBHtSh1yFG.jpg,"[{""id"": 99, ""name"": ""Documentary""}]","[{""id"": 63025, ""logo_path"": null, ""name"": ""Sumpta Ayuso"", ""origin_country"": """"}]","[{""iso_3166_1"": ""ES"", ""name"": ""Spain""}, {""iso_3166_1"": ""GB"", ""name"": ""United Kingdom""}]","[{""english_name"": ""English"", ""iso_639_1"": ""en"", ""name"": ""English""}, {""english_name"": ""Spanish"", ""iso_639_1"": ""es"", ""name"": ""Espa\u00f1ol""}]","[""US"", ""GB""]",null
170786,L'Histoire de Melody Nelson,L'Histoire de Melody Nelson,"L'Histoire de Melody Nelson, concept album recorded by Serge Gainsbourg in 1971, is one of the most universally recognized french recordings ever. This film collects an impressive choice of archives and personal memories of those who worked on the album. Focuses on the mark Gainsbourg left on the album during its creation and shows how the story has become myth.",,Released,False,False,2011-11-27,38,0,0,0.0261,0.0,0,en,,,/1PCnvBMXIV2Iy0a9A8sbx4jPTv3.jpg,,"[{""id"": 99, ""name"": ""Documentary""}, {""id"": 10402, ""name"": ""Music""}]",[],[],"[{""english_name"": ""English"", ""iso_639_1"": ""en"", ""name"": ""English""}, {""english_name"": ""French"", ""iso_639_1"": ""fr"", ""name"": ""Fran\u00e7ais""}]","[""US""]",null
170787,Shanghai Fever,股瘋,"Pan Hung is Lily, a humble bus conductor hired by Hong Kong commodities trader Sean Lau to be his connection to the Shanghai stock market. Lily finds the job surprisingly easy, and the duo begins to make big money. But at what price? With wealth and prosperity a driving daily goal for Lily, will her own family come to bear the cost? Director Lee Lok See uses his Shanghai focus to great effect, finding many avenues and opportunities for his satirical observations and cultural clashes. With capitalism and communism going head on in the rapidly growing city of Shanghai, which value system will ultimately live in each person's heart?",,Released,False,False,1994-05-12,91,0,0,1.2375,7.6,5,zh,,tt0109946,/5mCwVOIU5LNbGKsDy7n12w0ZqQj.jpg,/qvaOdpQqygDFi0KZnWdcjO3mk3C.jpg,[],"[{""id"": 3407, ""logo_path"": ""/iVMjKOFyRvm9PW45lW1wW6TSvnj.png"", ""name"": ""Shanghai Film Group"", ""origin_country"": ""CN""}]","[{""iso_3166_1"": ""CN"", ""name"": ""China""}, {""iso_3166_1"": ""HK"", ""name"": ""Hong Kong""}]","[{""english_name"": ""Cantonese"", ""iso_639_1"": ""cn"", ""name"": ""\u5e7f\u5dde\u8bdd / \u5ee3\u5dde\u8a71""}, {""english_name"": ""Mandarin"", ""iso_639_1"": ""zh"", ""name"": ""\u666e\u901a\u8bdd""}]","[""CN"", ""HK""]",null
170789,The End of the World,Um Fim do Mundo,"A portrait of the daily lives of young people living in a new-built estate on the outskirts of Lisbon. School is a joke and there’s no work to be had anyway, so the girls try to have fun as best they can. New-girl Eva is very pretty but quiet. The others aren’t sure at first whether she’s arrogant or just shy. Iara and Eva head off to the beach with two boys. The lads turn a couple of abandoned shopping trolleys into racing chariots for them and the atmosphere begins to tingle. Later, they argue with the rest of the group. The other girls manage to get into a club that night but the boys don’t and must kick their heels outside. They’re bent on revenge. They meet up with Eva and go back to her place.",,Released,False,False,2013-02-12,64,0,0,0.0725,5.3,5,pt,,tt2768046,/bq9jSnrRUOBBnGqNi1KIwf9aLt4.jpg,,"[{""id"": 18, ""name"": ""Drama""}]","[{""id"": 17937, ""logo_path"": null, ""name"": ""Vende-Se Filmes"", ""origin_country"": ""PT""}, {""id"": 9047, ""logo_path"": ""/a0oCybecb96ieZY4139hb9uqYs1.png"", ""name"": ""Terratreme"", ""origin_country"": ""PT""}]","[{""iso_3166_1"": ""PT"", ""name"": ""Portugal""}]","[{""english_name"": ""Portuguese"", ""iso_639_1"": ""pt"", ""name"": ""Portugu\u00eas""}]","[""PT""]",null
170790,Adoro - Ein Abend mit Adoro-Live,Adoro - Ein Abend mit Adoro-Live,,,Released,False,False,2012-08-09,0,0,0,0.0,0.0,0,de,,,/fE3LHe612yU8TJfMpO8C6HhwfIR.jpg,,[],[],[],[],"[""DE""]",null
170792,I Am Nancy,I Am Nancy,"A look at Heather Langenkamp's unique experience playing Wes Craven's legendary teen heroine Nancy Thompson.  With tongue planted firmly in cheek, Heather asks the burning question: ""Why Freddymania, and not Nancymania?""  After personally experiencing the Freddy Krueger marketing craze, the rise of horror convention fandom and the phenomenon of eight Nightmare On Elm Street films, Heather reflects on the relevance of heroes in this modern age of monster lovers.",,Released,False,False,2011-04-24,71,0,0,0.5447,6.4,14,en,,tt1536421,/xjXovPze4mnMsDMy8GBiOvM8hno.jpg,/pa20aTZn7cGHxOjcSUd5l8FUJZd.jpg,"[{""id"": 99, ""name"": ""Documentary""}, {""id"": 27, ""name"": ""Horror""}]","[{""id"": 13789, ""logo_path"": null, ""name"": ""Some Pig Productions"", ""origin_country"": """"}]","[{""iso_3166_1"": ""US"", ""name"": ""United States of America""}]","[{""english_name"": ""English"", ""iso_639_1"": ""en"", ""name"": ""English""}]","[""US""]",null
170798,Haunting Soul from the Dark Building,黑楼孤魂,"One of the few and of the better Chinese horror movies. The plot revolves around the ghost of a murdered girl, who haunts a creepy, retro basement. A sound technician and an actress encounter her unhappy soul when the come to the film in the now cobweb ridden, dilapidated building.",,Released,False,False,1989-04-27,93,0,0,0.3484,5.3,7,zh,,tt6047232,/3jlpsSHwKPiAH747Kgid6V78afg.jpg,/2eLqVDxI0QFp8XcqzxJCxra7FtU.jpg,"[{""id"": 27, ""name"": ""Horror""}, {""id"": 9648, ""name"": ""Mystery""}]","[{""id"": 164785, ""logo_path"": null, ""name"": ""Shenzhen Film Studio"", ""origin_country"": ""CN""}]","[{""iso_3166_1"": ""CN"", ""name"": ""China""}]","[{""english_name"": ""Mandarin"", ""iso_639_1"": ""zh"", ""name"": ""\u666e\u901a\u8bdd""}]","[""CN""]",null
170804,Tiger on the Beat 2,老虎出更2,"Lam, a cop approaching 40 but without much accomplishment, always wants to achieve something memorable before his retirement. He is obliged by his sister to find a decent Chinese girl for his nephew, Baffalo, who is an ""American Born Chinese"". But Baffalo has an eye for a sweetie, Ellen, who has accidentally witnessed a murder. The incident gets Lam, Baffalo and Ellen being involved in a ruthless underground arms smuggling ring, wich sends the killer to eliminate them.",,Released,False,False,1990-02-10,94,0,0,2.6848,6.2,11,cn,,tt0099975,/2WREgc9Mu98feIq2vWM6wU3ak6O.jpg,/ia5mRAHG84BtNtw5JVOlBsS9pXA.jpg,"[{""id"": 28, ""name"": ""Action""}, {""id"": 35, ""name"": ""Comedy""}, {""id"": 80, ""name"": ""Crime""}]","[{""id"": 44500, ""logo_path"": null, ""name"": ""Cinema City"", ""origin_country"": ""HK""}]","[{""iso_3166_1"": ""HK"", ""name"": ""Hong Kong""}]","[{""english_name"": ""Cantonese"", ""iso_639_1"": ""cn"", ""name"": ""\u5e7f\u5dde\u8bdd / \u5ee3\u5dde\u8a71""}, {""english_name"": ""English"", ""iso_639_1"": ""en"", ""name"": ""English""}]","[""HK""]","{""id"": 344563, ""name"": ""Tiger on the Beat Collection"", ""poster_path"": ""/kWPvTuai0dKnpPf58TBtvdwVal1.jpg"", ""backdrop_path"": ""/cJuOR48DKVOGDUjiODLM3oO67H9.jpg""}"
170805,The Cyprus Tigers,東方老虎,"A team of Chinese cops based in Greece known as ""The Cyprus Tigers"" and a crooked businessman, along with his Japanese henchmen, are after a set of counterfeit money printing plates.",,Released,False,False,1990-10-25,87,0,91285865,1.5303,6.0,2,cn,,tt0099452,/lQWLtREbySOQtflxmmTdFtufyAZ.jpg,,"[{""id"": 35, ""name"": ""Comedy""}, {""id"": 28, ""name"": ""Action""}, {""id"": 12, ""name"": ""Adventure""}]","[{""id"": 22060, ""logo_path"": null, ""name"": ""D & B Films"", ""origin_country"": ""HK""}, {""id"": 39755, ""logo_path"": null, ""name"": ""Regent Film Limited"", ""origin_country"": """"}]","[{""iso_3166_1"": ""GR"", ""name"": ""Greece""}, {""iso_3166_1"": ""HK"", ""name"": ""Hong Kong""}]","[{""english_name"": ""Cantonese"", ""iso_639_1"": ""cn"", ""name"": ""\u5e7f\u5dde\u8bdd / \u5ee3\u5dde\u8a71""}]","[""HK""]",null
170806,Fury in Red,轟天龍,A cop/gangster actioner involving seedy corporate dealings tied with ruthless Vietnamese gangs.,,Released,False,False,1991-05-23,89,0,0,0.7782,3.0,4,cn,,tt0102056,/2zn3WhwfvAp8B1SU0qK6B41yyDY.jpg,,"[{""id"": 28, ""name"": ""Action""}, {""id"": 80, ""name"": ""Crime""}]","[{""id"": 39755, ""logo_path"": null, ""name"": ""Regent Film Limited"", ""origin_country"": """"}]","[{""iso_3166_1"": ""HK"", ""name"": ""Hong Kong""}]","[{""english_name"": ""Cantonese"", ""iso_639_1"": ""cn"", ""name"": ""\u5e7f\u5dde\u8bdd / \u5ee3\u5dde\u8a71""}]","[""HK""]",null
170807,Butt Attack Punisher Girl Gautaman: The Birth of Gautaman,臀撃おしおき娘ゴータマン～ゴータマン誕生篇,"Mari Amachi is a very devout Christian who transfers to Perfect Religion Academy. A school devoted to all religions of the world in effort to make it's students the next world leaders in religion. Her friend Saori is kidnapped by the Black Buddha cult; a group who wishes to take away religious freedom though force and brainwashing. Mari prays to God for help but Buddha answers the call, instead! Mari aspires only to help her friend and she is transformed into Butt Attack Punisher Girl Gotaman. Between fighting bad guys, making a deal with Buddha, and wearing scandalous costumes, is it more than Mari can take?",,Released,False,False,1994-05-24,45,0,0,1.8849,3.8,6,ja,,tt2145148,/wgnMZ3jG301b5e6yA4jl4MocToy.jpg,,"[{""id"": 16, ""name"": ""Animation""}, {""id"": 35, ""name"": ""Comedy""}, {""id"": 14, ""name"": ""Fantasy""}]","[{""id"": 528, ""logo_path"": ""/fO3Aof3lXQclYpBByYC8aneTXwA.png"", ""name"": ""Bandai Visual"", ""origin_country"": ""JP""}, {""id"": 104646, ""logo_path"": ""/sDwSLDMrl3KnM3RbRb6dhhzYBO1.png"", ""name"": ""Tokyo Laboratory"", ""origin_country"": ""JP""}, {""id"": 104938, ""logo_path"": ""/ffeiDYMEXeqf2QSW5jNjNc4opbz.png"", ""name"": ""animate"", ""origin_country"": ""JP""}]","[{""iso_3166_1"": ""JP"", ""name"": ""Japan""}]","[{""english_name"": ""Japanese"", ""iso_639_1"": ""ja"", ""name"": ""\u65e5\u672c\u8a9e""}]","[""JP""]",null
170808,Butt Attack Punisher Girl Gautaman R: The Final Battle Between Love & Tragedy!,臀撃おしおき娘ゴータマンR（リターン）〜愛と悲しみのファイナルバトル,"On her final confrontations with the Black Buddha Gang, Mari Amachi is unable to conceal her secret identity from the few important individuals in her life. Her career as heroine who fights for the freedom of religion is in serious jeopardy as never before.",,Released,False,False,1994-10-24,50,0,0,1.3737,2.0,3,ja,,tt6527848,/s6wZqHHmpGLUsJQ0D6CQkrK0Y1s.jpg,,"[{""id"": 16, ""name"": ""Animation""}]","[{""id"": 130468, ""logo_path"": null, ""name"": ""All Products"", ""origin_country"": """"}, {""id"": 141431, ""logo_path"": null, ""name"": ""Studio Kikan"", ""origin_country"": ""JP""}, {""id"": 528, ""logo_path"": ""/fO3Aof3lXQclYpBByYC8aneTXwA.png"", ""name"": ""Bandai Visual"", ""origin_country"": ""JP""}, {""id"": 125325, ""logo_path"": null, ""name"": ""Studio Loft"", ""origin_country"": """"}]","[{""iso_3166_1"": ""JP"", ""name"": ""Japan""}]","[{""english_name"": ""Japanese"", ""iso_639_1"": ""ja"", ""name"": ""\u65e5\u672c\u8a9e""}]","[""JP""]",null
170809,In the Line of Duty 5: Middle Man,皇家師姐５：中間人,"When he is framed for being a spy because of his friend's illegal activities, David must escape from police, CIA, and assassins with the help of his cousin.",,Released,False,False,1990-06-15,90,0,0,2.3188,6.417,18,cn,,tt0094376,/dLZG4fLZHe38zP1gv1kVwEtwK4j.jpg,/f8073B4vIGEH4X1C16cGtPNHlk4.jpg,"[{""id"": 28, ""name"": ""Action""}, {""id"": 80, ""name"": ""Crime""}]","[{""id"": 22060, ""logo_path"": null, ""name"": ""D & B Films"", ""origin_country"": ""HK""}]","[{""iso_3166_1"": ""HK"", ""name"": ""Hong Kong""}]","[{""english_name"": ""Cantonese"", ""iso_639_1"": ""cn"", ""name"": ""\u5e7f\u5dde\u8bdd / \u5ee3\u5dde\u8a71""}, {""english_name"": ""Mandarin"", ""iso_639_1"": ""zh"", ""name"": ""\u666e\u901a\u8bdd""}, {""english_name"": ""English"", ""iso_639_1"": ""en"", ""name"": ""English""}]","[""HK""]","{""id"": 242765, ""name"": ""In the Line of Duty Collection"", ""poster_path"": ""/p1VFrN3dgYWVDBve2SpDuC7R7tz.jpg"", ""backdrop_path"": ""/9UfnrJ68cfWd3tS54XX0yQBVMvH.jpg""}"
170810,Forbidden Arsenal,地下兵工廠,Hong Kong policewoman Yeung teams up with Taiwanese and Mainland officers to take down a gunrunning ring.,,Released,False,False,1991-05-30,87,0,465103,2.0255,5.55,10,zh,,tt0101723,/Y3E9uxkUD0FTkQElqk5GfcpFdh.jpg,/5PvRSwyf1cvGD5uLb1MA5wMEYtD.jpg,"[{""id"": 28, ""name"": ""Action""}]","[{""id"": 22060, ""logo_path"": null, ""name"": ""D & B Films"", ""origin_country"": ""HK""}, {""id"": 88379, ""logo_path"": null, ""name"": ""D & B Film Distribution (Hong Kong)"", ""origin_country"": """"}, {""id"": 229357, ""logo_path"": null, ""name"": ""Media Sound"", ""origin_country"": """"}]","[{""iso_3166_1"": ""HK"", ""name"": ""Hong Kong""}]","[{""english_name"": ""Cantonese"", ""iso_639_1"": ""cn"", ""name"": ""\u5e7f\u5dde\u8bdd / \u5ee3\u5dde\u8a71""}, {""english_name"": ""Mandarin"", ""iso_639_1"": ""zh"", ""name"": ""\u666e\u901a\u8bdd""}]","[""HK""]","{""id"": 242765, ""name"": ""In the Line of Duty Collection"", ""poster_path"": ""/p1VFrN3dgYWVDBve2SpDuC7R7tz.jpg"", ""backdrop_path"": ""/9UfnrJ68cfWd3tS54XX0yQBVMvH.jpg""}"
170812,Sea Wolves,海狼,Madam Yeung is assigned to investigate a serial murder in a Philippine cargo ship anchored in Hong Kong.,,Released,False,False,1991-09-28,90,0,0,1.6734,6.357,14,cn,,tt0099725,/ulw3lbth1mdOXS8XuTr4t27WsEF.jpg,/i5gGGSQqiCN82nyN4Hjj98QpYI2.jpg,"[{""id"": 28, ""name"": ""Action""}, {""id"": 80, ""name"": ""Crime""}]","[{""id"": 22060, ""logo_path"": null, ""name"": ""D & B Films"", ""origin_country"": ""HK""}]","[{""iso_3166_1"": ""HK"", ""name"": ""Hong Kong""}]","[{""english_name"": ""Cantonese"", ""iso_639_1"": ""cn"", ""name"": ""\u5e7f\u5dde\u8bdd / \u5ee3\u5dde\u8a71""}, {""english_name"": ""Mandarin"", ""iso_639_1"": ""zh"", ""name"": ""\u666e\u901a\u8bdd""}]","[""HK""]","{""id"": 242765, ""name"": ""In the Line of Duty Collection"", ""poster_path"": ""/p1VFrN3dgYWVDBve2SpDuC7R7tz.jpg"", ""backdrop_path"": ""/9UfnrJ68cfWd3tS54XX0yQBVMvH.jpg""}"
170814,Queen's High,紅粉至尊,"A Hong Kong mob boss is killed by a rival gang, leaving the business in the hands of his daughter, and when the gang commits more mayhem on her wedding day, she sets out for revenge.",,Released,False,False,1990-09-08,87,0,0,1.7522,6.6,8,cn,,tt2180499,/b9jUVOQsy0xVxbWyQUOC1X9g1vF.jpg,/huf3BL7kzqZvnvLegBuqXITOSdd.jpg,"[{""id"": 28, ""name"": ""Action""}]","[{""id"": 78353, ""logo_path"": null, ""name"": ""Fortune Star Films Co. (H.K.)"", ""origin_country"": """"}]","[{""iso_3166_1"": ""HK"", ""name"": ""Hong Kong""}]","[{""english_name"": ""Cantonese"", ""iso_639_1"": ""cn"", ""name"": ""\u5e7f\u5dde\u8bdd / \u5ee3\u5dde\u8a71""}]","[""HK""]",null
170815,Gary Moore: Live at Monsters of Rock,Gary Moore: Live at Monsters of Rock,Gary Moore and band playing songs from his hard rock years during the Monsters of Rock tour. Filmed on May 21st 2003 at the Sheffield Hallam FM Arena.,,Released,False,False,2003-09-30,63,0,0,0.1037,7.3,3,en,,tt1360154,/gcuoYCRTsTwsCo0pcfHK2KSLnEC.jpg,,[],"[{""id"": 10408, ""logo_path"": null, ""name"": ""Sanctuary Mgt Productions Ltd."", ""origin_country"": """"}]","[{""iso_3166_1"": ""GB"", ""name"": ""United Kingdom""}]","[{""english_name"": ""English"", ""iso_639_1"": ""en"", ""name"": ""English""}]","[""GB"", ""US""]",null
170816,Mozdzer (Solidarity of Arts. Gdansk. 2010),Mozdzer (Solidarity of Arts. Gdansk. 2010),,,Released,False,False,2010-08-18,0,0,0,0.0239,6.0,1,it,,,,,[],[],[],[],"[""IT""]",null
170823,It's Fine,حصل خير,"Qamar is a belly dancer who moves into building inhabited by several families. When she moves in, she is bombarded by the husbands' attention. The husbands are Fawzi, a tax authority employee, an Arabic teacher and a singer. Their family lives are disrupted, and their wives attempt to keep their husbands in a comedy setting.",,Released,False,False,2012-05-29,100,0,960,0.9567,5.3,6,ar,,,/fZo5j5NHeOZLgBqbFxDQ9DBqX1U.jpg,/lmSfR2rRwzaBoO5imwqcIkVe5L1.jpg,"[{""id"": 18, ""name"": ""Drama""}, {""id"": 35, ""name"": ""Comedy""}, {""id"": 10402, ""name"": ""Music""}]",[],"[{""iso_3166_1"": ""EG"", ""name"": ""Egypt""}]","[{""english_name"": ""Arabic"", ""iso_639_1"": ""ar"", ""name"": ""\u0627\u0644\u0639\u0631\u0628\u064a\u0629""}]","[""EG""]",null
170825,Street Art: Die vergängliche Rebellion,Street Art: Die vergängliche Rebellion,A documentation about street art,,Released,False,False,2010-03-24,54,0,0,0.0327,0.0,0,en,,tt1613798,/3axAIdPNCSE3rDyskfoiLIvH3QH.jpg,,"[{""id"": 99, ""name"": ""Documentary""}]",[],[],[],"[""US""]",null
170830,Stranded,Le naufragé,"Luc goes off on his bicycle to forget his problems. A suit of accidents make him spend the night in a little town of Picardie. He meets Sylvain, who tries to help him, for the best and the worst.",,Released,False,False,2009-11-10,24,0,0,0.1901,6.6,14,fr,,tt1556694,/pkET7Vjc0F5cjM7mFeFMLgKLCh3.jpg,/wEWVDR2jJBcBeaZztdAmYMheURy.jpg,"[{""id"": 35, ""name"": ""Comedy""}, {""id"": 18, ""name"": ""Drama""}]","[{""id"": 15219, ""logo_path"": null, ""name"": ""Ann\u00e9e Z\u00e9ro"", ""origin_country"": ""FR""}, {""id"": 160406, ""logo_path"": ""/yY6zXBavUFkb0P95NzVHw59Igso.png"", ""name"": ""R\u00e9gion Picardie"", ""origin_country"": ""FR""}, {""id"": 310, ""logo_path"": ""/4Gp5A4YdjPBfsHT47ngHMaXWmb9.png"", ""name"": ""CNC"", ""origin_country"": ""FR""}]","[{""iso_3166_1"": ""FR"", ""name"": ""France""}]","[{""english_name"": ""French"", ""iso_639_1"": ""fr"", ""name"": ""Fran\u00e7ais""}]","[""FR""]","{""id"": 835830, ""name"": ""Un Monde sans femmes"", ""poster_path"": null, ""backdrop_path"": null}"
170832,A World Without Women,Un Monde sans femmes,"A little sea resort on the Picardie coast, the last week of august. When handing over the keys to a rented apartment, Sylvain makes the acquaintance of two beautiful women. This is a fabulous occasion for him to escape his routine, single life in which women are a rarity, even if only for a few days. Quickly Sylvain's new friends can't do without him. Unfortunately, things get complicated when feelings and flirty Gilles, the local lady's man, get mixed up in it all.",,Released,False,False,2012-02-08,58,0,0,0.2732,6.8,63,fr,,tt1858582,/yLGXmrOBs2aO3WjOMPuzxRh7n0l.jpg,/8z8ybM38JkpmlEjHI7QcfItIzca.jpg,"[{""id"": 35, ""name"": ""Comedy""}, {""id"": 18, ""name"": ""Drama""}]","[{""id"": 58848, ""logo_path"": null, ""name"": ""No\u00e9mi Films"", ""origin_country"": """"}, {""id"": 15219, ""logo_path"": null, ""name"": ""Ann\u00e9e Z\u00e9ro"", ""origin_country"": ""FR""}]","[{""iso_3166_1"": ""FR"", ""name"": ""France""}]","[{""english_name"": ""French"", ""iso_639_1"": ""fr"", ""name"": ""Fran\u00e7ais""}]","[""FR""]","{""id"": 835830, ""name"": ""Un Monde sans femmes"", ""poster_path"": null, ""backdrop_path"": null}"
170833,Mickey's Family,عائلة ميكي,A family participates in a competition to win the title of the “Ideal Family” as a solution to their problems.,,Released,False,False,2010-09-09,101,0,0,0.552,4.6,4,ar,,tt1821321,/lgwpsuiKo3HqlE7dZYg7BJuTtqU.jpg,,"[{""id"": 35, ""name"": ""Comedy""}, {""id"": 18, ""name"": ""Drama""}]","[{""id"": 83707, ""logo_path"": ""/9YkWwr8E3UGfQeQZFnFtUedW8j1.png"", ""name"": ""New Century Production"", ""origin_country"": ""EG""}]","[{""iso_3166_1"": ""EG"", ""name"": ""Egypt""}]","[{""english_name"": ""Arabic"", ""iso_639_1"": ""ar"", ""name"": ""\u0627\u0644\u0639\u0631\u0628\u064a\u0629""}]","[""SA""]",null
170834,Eenie Meenie Miney Moe,Eenie Meenie Miney Moe,"Raul, a tow truck driver in Miami Beach, learns that every choice has its rewards and consequences.","Sunny Place, Shady People",Released,False,False,2013-03-07,94,0,0,0.187,5.5,2,en,http://eeniemeeniemineymoe.com/,tt2165743,/tqhiP0JV7BC4ykfp5FDEp3GqG5d.jpg,,"[{""id"": 18, ""name"": ""Drama""}, {""id"": 53, ""name"": ""Thriller""}, {""id"": 80, ""name"": ""Crime""}]",[],[],"[{""english_name"": ""English"", ""iso_639_1"": ""en"", ""name"": ""English""}]","[""US""]",null
170838,Mr. & Mrs. Khiladi,Mr. & Mrs. Khiladi,A slacker falls in love with a rich girl. Now he must impress her father to marry her.,,Released,False,False,1997-10-09,133,0,0,0.7776,5.906,32,hi,,tt0162480,/hyD1LX15vx5hGSNIgzt2Swz9Pau.jpg,/9nqblUthvLYMr4wtLKDXJzatyPr.jpg,"[{""id"": 35, ""name"": ""Comedy""}, {""id"": 10749, ""name"": ""Romance""}]","[{""id"": 171265, ""logo_path"": null, ""name"": ""D.M.S. Films"", ""origin_country"": """"}, {""id"": 171266, ""logo_path"": null, ""name"": ""Time Magnetics"", ""origin_country"": """"}]","[{""iso_3166_1"": ""IN"", ""name"": ""India""}]","[{""english_name"": ""Hindi"", ""iso_639_1"": ""hi"", ""name"": ""\u0939\u093f\u0928\u094d\u0926\u0940""}]","[""IN""]","{""id"": 1304422, ""name"": ""Khiladi"", ""poster_path"": ""/bsxp0CTRCCAtreORMayeWWmyV2Q.jpg"", ""backdrop_path"": null}"
170839,Cabareeh,كباريه,A typical day at a nightclub at Al-Haram street is turned upside down when a terrorist decides to blow up the building. A plunge into the lives of a group of people who are drastically different but equally interesting.,,Released,False,False,2008-06-01,104,0,0,1.1966,7.0,21,ar,,tt2243199,/gkG32vFrN349CO1INJZwFGLhzOC.jpg,,"[{""id"": 18, ""name"": ""Drama""}]",[],"[{""iso_3166_1"": ""EG"", ""name"": ""Egypt""}]","[{""english_name"": ""Arabic"", ""iso_639_1"": ""ar"", ""name"": ""\u0627\u0644\u0639\u0631\u0628\u064a\u0629""}]","[""EG""]",null
170841,In Your Dreams,ابقى قابلني,A law specialist has a theory in which she thinks that any criminal can be reformed if the right conditions are present and she applies her theory to a group of criminals as she faces many situations with them.,,Released,False,False,2009-09-20,95,0,0,0.6206,3.0,1,ar,,tt1924286,/wEWtkvmK4S3ovLYoKt7nsNIQP2C.jpg,,"[{""id"": 35, ""name"": ""Comedy""}]",[],"[{""iso_3166_1"": ""EG"", ""name"": ""Egypt""}]","[{""english_name"": ""Arabic"", ""iso_639_1"": ""ar"", ""name"": ""\u0627\u0644\u0639\u0631\u0628\u064a\u0629""}]","[""EG""]",null
170845,Karma,Karma,"When senior police inspector Vishwa Pratap Singh arrests Dr. Michael Dang, the leader of the international terrorist group PSO, the group blast the jail Dang is lodged in killing huge numbers of inmates including two of Vishwa's sons and his daughter-in-law; with Dang escaping in the process. Vishwa, who now calls himself Dada Thakur, enlists three death row inmates and sets out to avenge his family's slaughter.",Fight against terrorism!,Released,False,False,1986-08-08,192,0,0,1.2991,7.214,14,hi,,tt0091328,/vN0o0M9ftz1yd3vFYTmb78ZvYoi.jpg,/qXp4sQEq1xyTY6lwxSNaeTzCaRn.jpg,"[{""id"": 28, ""name"": ""Action""}, {""id"": 12, ""name"": ""Adventure""}, {""id"": 18, ""name"": ""Drama""}, {""id"": 53, ""name"": ""Thriller""}]","[{""id"": 3725, ""logo_path"": null, ""name"": ""Mukta Arts Ltd"", ""origin_country"": ""IN""}]","[{""iso_3166_1"": ""IN"", ""name"": ""India""}]","[{""english_name"": ""Hindi"", ""iso_639_1"": ""hi"", ""name"": ""\u0939\u093f\u0928\u094d\u0926\u0940""}]","[""IN""]",null
170847,Masala,Masala,"The story of couple who move from town to town, city to city due to failure in business and afraid of facing people to whom they owe money they took for business. At certain a stage of this journey they come across two couples in their life and latter part of the movie showcases how they affect this couple's life. Written by Anand S",,Released,False,False,2012-02-23,0,0,0,0.1031,0.0,0,mr,,tt2400399,/bq94ar6pF6fTV975glBTCO3blUm.jpg,,[],[],[],"[{""english_name"": ""Marathi"", ""iso_639_1"": ""mr"", ""name"": """"}]","[""IN""]",null
170849,Halvan: Här kommer...,Halvan: Här kommer...,,,Released,False,False,2006-01-31,0,0,0,0.0,0.0,0,sv,,,,,[],[],[],"[{""english_name"": ""Swedish"", ""iso_639_1"": ""sv"", ""name"": ""svenska""}]","[""SE""]",null
170851,A Friendship in Vienna,A Friendship in Vienna,"Inge Dournenvald and Lise Mueller are best friends in pre-WW2 Austria, despite the fact that Inge is Jewish and Lise is the daughter of a Nazi sympathizer. When they are forbidden to see each other, they meet secretly. After the Germans invade Austria in 1938, Inge and her family escape to America with the help of Lise",,Released,False,False,1988-08-27,98,0,0,1.2322,6.0,2,en,,tt0095181,/vnapN6GRZEawe77Ih4ixQFyy2Lf.jpg,,"[{""id"": 18, ""name"": ""Drama""}, {""id"": 36, ""name"": ""History""}, {""id"": 10770, ""name"": ""TV Movie""}]","[{""id"": 20986, ""logo_path"": null, ""name"": ""Finnegan/Pinchuk Productions"", ""origin_country"": ""US""}, {""id"": 670, ""logo_path"": ""/rRGi5UkwvdOPSfr5Xf42RZUsYgd.png"", ""name"": ""Walt Disney Television"", ""origin_country"": ""US""}]","[{""iso_3166_1"": ""US"", ""name"": ""United States of America""}]","[{""english_name"": ""English"", ""iso_639_1"": ""en"", ""name"": ""English""}]","[""US""]",null
170852,Deutschland privat,Deutschland privat,"""Deutschland privat"" is a special project by Robert van Ackeren, who in 1979 asked people to send him their 8mm home movies by placing ads in several magazines in Berlin, Germany. In the ads he announced that he was planning to blow up and mount the best of those movies into a feature documentary to be released in German cinemas. He was surprised how many home movies he received and how generously people allowed him to use them for his feature. Part 1 of ""Deutschland privat"" gives us typical German home movies of the 1970s, i.e. private holidays, family parties, etc. Part 2 consists of what is now called ""amateur porn""; home made 8mm movies featuring real porn action.",Eine Anthologie des Volksfilms,Released,False,False,1980-11-21,85,0,0,0.3792,4.2,6,de,,tt0080617,/mt6FAiOombnusXBjvHxdHu775aL.jpg,,"[{""id"": 99, ""name"": ""Documentary""}]","[{""id"": 27542, ""logo_path"": null, ""name"": ""Robert van Ackeren Filmproduktion"", ""origin_country"": ""DE""}]","[{""iso_3166_1"": ""DE"", ""name"": ""Germany""}]","[{""english_name"": ""German"", ""iso_639_1"": ""de"", ""name"": ""Deutsch""}]","[""DE""]",null
170854,Tukaram,तुकाराम,Tukaram's transformation into a extremely compassionate spiritual saint who filled people with compassion.,,Released,False,False,2012-02-23,156,0,0,0.486,7.3,3,mr,,tt2302945,/gglMDl235JJiIzoEmrp7dVn9HV5.jpg,/m7AimjeQNc1ojH7Jnbh9ipEyYWz.jpg,"[{""id"": 18, ""name"": ""Drama""}, {""id"": 36, ""name"": ""History""}]",[],[],"[{""english_name"": ""Marathi"", ""iso_639_1"": ""mr"", ""name"": """"}]","[""IN""]",null
170856,Deux fois,Deux fois,"A series of disconnected, minimalist vignettes often featuring Raynal herself, deliberately repeating actions and dialogue to challenge traditional storytelling. The film explicitly seeks to deconstruct cinematic meaning and the conventional portrayal of women in film, serving as a radical, self-aware diary film.",,Released,False,False,1968-12-20,65,0,0,0.132,4.0,7,fr,,tt0294525,/826urGhrt8pqpTzLsTIKQan5AAm.jpg,/dV5Sk4l6eLZlQM6BQ9C7SIApKJe.jpg,"[{""id"": 9648, ""name"": ""Mystery""}]","[{""id"": 99654, ""logo_path"": null, ""name"": ""Zanzibar Productions"", ""origin_country"": """"}]","[{""iso_3166_1"": ""FR"", ""name"": ""France""}, {""iso_3166_1"": ""ES"", ""name"": ""Spain""}]","[{""english_name"": ""French"", ""iso_639_1"": ""fr"", ""name"": ""Fran\u00e7ais""}]","[""FR""]",null
170858,Daag,दाग,"Shankar and Paro love each other, but their relationship is strained by his drinking problem and Paro's sudden wealth.",,Released,False,False,1952-07-04,149,0,0,0.6047,6.0,1,hi,,tt0044527,/rz943lhyJtZSjXscv6g2Rz6A3Z8.jpg,/cGmY5LpkDnLRtApk2UFPfEAF3iW.jpg,"[{""id"": 18, ""name"": ""Drama""}, {""id"": 10749, ""name"": ""Romance""}]",[],"[{""iso_3166_1"": ""IN"", ""name"": ""India""}]","[{""english_name"": ""Hindi"", ""iso_639_1"": ""hi"", ""name"": ""\u0939\u093f\u0928\u094d\u0926\u0940""}]","[""IN""]",null
170859,Daag,दाग़,Sunil is convicted of murder and is on the run. But the long arm of the law and his past finally catch up with him. Can he outrun his destiny for long?,A Poem of Love,Released,False,False,1973-02-23,146,0,0,0.9214,6.0,1,hi,,tt0150251,/6udaQLNqUpikXGjqszWVy0vA9yh.jpg,/lUJHDBuggd0ZseDWZHLkhvTMXkZ.jpg,"[{""id"": 10402, ""name"": ""Music""}, {""id"": 10749, ""name"": ""Romance""}]","[{""id"": 1569, ""logo_path"": ""/lvzN86o3jrP44DIvn4SMBLOl9PF.png"", ""name"": ""Yash Raj Films"", ""origin_country"": ""IN""}]","[{""iso_3166_1"": ""IN"", ""name"": ""India""}]","[{""english_name"": ""Hindi"", ""iso_639_1"": ""hi"", ""name"": ""\u0939\u093f\u0928\u094d\u0926\u0940""}]","[""IN""]",null
170863,Des Pardes,देस परदेस,"Samir Sahni is a farmer living with his mom, dad, wife, Rama, a young daughter, and his younger brother, Veer. Samir gets an offer to work in the U.K., and departs accordingly. He would like to settle there, and after doing so, would like his family to also join him. The years go by, and Samir keeps in touch with his family regularly. Then the Sahni family stop receiving any letters from him, and are anxious to know what has happened to him. Veer is asked to travel to U.K. to find out, and he does so. What he finds are tens of thousands of East Indians on fake passports, working for less than minimum wages, poor unhealthy conditions, fear of being deported, and paying half of their earnings to fellow East Indians who had got them here through the underground. Veer finds no sign of his brother, and sets out to investigate, only to find deceit, murder, and his very own life in danger. Written by rAjOo (gunwanti@hotmail.com)",,Released,False,False,1978-02-23,0,0,0,1.0714,1.0,2,hi,,tt0154390,,,"[{""id"": 18, ""name"": ""Drama""}]","[{""id"": 67527, ""logo_path"": null, ""name"": ""Navketan International Films"", ""origin_country"": """"}]","[{""iso_3166_1"": ""IN"", ""name"": ""India""}]","[{""english_name"": ""Hindi"", ""iso_639_1"": ""hi"", ""name"": ""\u0939\u093f\u0928\u094d\u0926\u0940""}]","[""IN""]",null
170866,The Vagabonds,The Vagabonds,"A series of flashbacks where a penniless, friendless tramp and his dog relates the story of his downfall due to drink.",,Released,False,False,1915-08-28,13,0,0,0.1111,5.0,1,en,http://thanhouser.org/films/vagabonds.htm,tt0452504,/hwKVDM7cSCh9pSC3rQXVztfudBx.jpg,/j3g4hhv1TbpVJGi6INKZmuTefOw.jpg,[],"[{""id"": 35353, ""logo_path"": ""/rVxiD2rIVla7S1liKIox42U6GkW.png"", ""name"": ""Thanhouser Company"", ""origin_country"": ""US""}]","[{""iso_3166_1"": ""US"", ""name"": ""United States of America""}]",[],"[""US""]",null
170870,The Crooked Road,The Crooked Road,An investigative reporter travels to a small European country with the hope of exposing its dictator's family secrets.,"""Bribe him, frame him... poison him... if necessary, seduce him. Do what you must - BUT STOP THE AMERICAN...!""",Released,False,False,1965-02-03,92,0,0,1.0989,5.0,3,en,,tt0059072,/wucHf82n8or8cErENuKrOuHoE0V.jpg,/fGK6ZR1qSMXaET3gTrr6WrJgwcc.jpg,"[{""id"": 18, ""name"": ""Drama""}, {""id"": 53, ""name"": ""Thriller""}]","[{""id"": 17359, ""logo_path"": null, ""name"": ""Nora Films"", ""origin_country"": ""GB""}, {""id"": 27706, ""logo_path"": null, ""name"": ""Triglav film"", ""origin_country"": ""SI""}, {""id"": 38914, ""logo_path"": null, ""name"": ""Argo Film Productions"", ""origin_country"": ""GB""}]","[{""iso_3166_1"": ""GB"", ""name"": ""United Kingdom""}, {""iso_3166_1"": ""YU"", ""name"": ""Yugoslavia""}]","[{""english_name"": ""English"", ""iso_639_1"": ""en"", ""name"": ""English""}]","[""US"", ""GB""]",null
170871,Just a Shabby Doll,Just a Shabby Doll,"A romantic story utilizing flashback sequences, featuring Harry Benham, Mignon Anderson and Helen Badgley (http://thanhouser.org/).",,Released,False,False,1913-03-10,15,0,0,0.092,5.0,1,en,http://thanhouser.org/films/just.htm,tt0463544,/j5mxIeYnO3ARc8YevYOv7bTDZ3f.jpg,,"[{""id"": 18, ""name"": ""Drama""}]","[{""id"": 35353, ""logo_path"": ""/rVxiD2rIVla7S1liKIox42U6GkW.png"", ""name"": ""Thanhouser Company"", ""origin_country"": ""US""}]","[{""iso_3166_1"": ""US"", ""name"": ""United States of America""}]",[],"[""US""]",null
170876,You and Me,我们俩,"Xiaoma, a young woman who has recently moved to Beijing, finds an apartment in an old courtyard apartment complex owned by Grandma, an elderly woman. Xiaoma and Grandma’s relationship almost immediately becomes strained. After trying to tidy up the courtyard, Grandma insists that Xiaoma turn over her share of the profits. Tightfisted, the elderly landlady resists even allowing Xiaoma to install a telephone. At the same time the older woman becomes increasingly interested in Xiaoma’s personal (and romantic) life. Grandma, for example, tries to pass off her grandson to the younger woman. Annoyed, Xiaoma nevertheless is flattered at the older woman’s concern. Over the course of four seasons, Xiaoma begins to learn from her landlady of the old world that the modern city of Beijing has left behind, while Grandma begins to enjoy the youth and vitality of her tenant. The two women become closer and eventually develop a deep friendship.",,Released,False,False,2006-03-03,83,200000,0,0.7041,7.045,22,zh,,tt0757376,/qFPcgfjz4OgqT1LKcLrLDZHLvcP.jpg,/hzfsdveLztIQCVkIAneC6boQCYV.jpg,"[{""id"": 18, ""name"": ""Drama""}]","[{""id"": 83696, ""logo_path"": ""/yzM5qWpO6dtcfGlPceGTPORFPoe.png"", ""name"": ""China Central Television \u4e2d\u592e\u7535\u89c6\u53f0 (CCTV)"", ""origin_country"": ""CN""}, {""id"": 2270, ""logo_path"": ""/7osqu50JpFIh0klZU0s1CrnNqcc.png"", ""name"": ""China Film Group Corporation"", ""origin_country"": ""CN""}, {""id"": 708, ""logo_path"": null, ""name"": ""Beijing Film Studio"", ""origin_country"": ""CN""}]","[{""iso_3166_1"": ""CN"", ""name"": ""China""}]","[{""english_name"": ""Mandarin"", ""iso_639_1"": ""zh"", ""name"": ""\u666e\u901a\u8bdd""}]","[""CN""]",null
170880,A View from the Eiffel Tower,Pogled sa Ajfelovog tornja,"The main character is a young and very beautiful girl, Marijana. Marijana is 25 and when she was 16, her father's boss sexually abused her. Marijana's father did nothing against his boss, and because of that became very successful at his profession due to the boss' assistance. Marijana's father became a famous discreet gynaecologist for illegal abortions.  Ten years after the incident, Marijana's family is very rich and popular in her town of Podgorica. Marijana did not forget what happened to her when she was younger. Marijana decides that it is time to avenge what was done to her. She does this by becoming a prostitute, and sleeping with her father's colleagues and there by harming his reputation. At one moment Marijana meets a poor but talented sculptor named Vanja whom she begins to love and care for. Marijana soon discovers that the world of prostitution and love of Vanja cannot coexist.",,Released,False,False,2005-09-25,92,0,0,0.3113,4.2,4,sr,,tt0380635,/v4BlcjeBaz4GrX8CBsavIepGs94.jpg,,"[{""id"": 18, ""name"": ""Drama""}]","[{""id"": 41354, ""logo_path"": ""/3ND5Fugeqmy63tYk1WUMrroJnkz.png"", ""name"": ""Radiotelevizija Crne Gore"", ""origin_country"": ""ME""}, {""id"": 41356, ""logo_path"": null, ""name"": ""Artikulacija"", ""origin_country"": ""ME""}, {""id"": 57691, ""logo_path"": null, ""name"": ""Studio Arkadena"", ""origin_country"": ""SI""}]","[{""iso_3166_1"": ""HR"", ""name"": ""Croatia""}, {""iso_3166_1"": ""CS"", ""name"": ""Serbia and Montenegro""}, {""iso_3166_1"": ""SI"", ""name"": ""Slovenia""}]","[{""english_name"": ""Serbian"", ""iso_639_1"": ""sr"", ""name"": ""Srpski""}]","[""RS""]",null
170881,"Enola Gay: The Men, the Mission, the Atomic Bomb","Enola Gay: The Men, the Mission, the Atomic Bomb","The story of Col. Paul Tibbets and his crew who flew the Enola Gay, the plane that dropped the first atomic bomb on Hiroshima, bringing World War II to a close.",Their innocence changed the world forever.,Released,False,False,1980-11-23,156,0,0,1.1038,5.7,3,en,,tt0080689,/2jXSK7v4YQ1XD9wOcTLOfjBDRZY.jpg,/fClhBtiOehMOG3xwpZVcGkwdR00.jpg,"[{""id"": 10752, ""name"": ""War""}, {""id"": 36, ""name"": ""History""}, {""id"": 10770, ""name"": ""TV Movie""}]","[{""id"": 12077, ""logo_path"": ""/s6p5INYKlo6gD6RFXlm9ACA2VVj.png"", ""name"": ""Viacom Productions"", ""origin_country"": ""US""}, {""id"": 3987, ""logo_path"": null, ""name"": ""The Production Company"", ""origin_country"": """"}]","[{""iso_3166_1"": ""US"", ""name"": ""United States of America""}]","[{""english_name"": ""English"", ""iso_639_1"": ""en"", ""name"": ""English""}]","[""US""]",null
170882,The Black Hand,La mano nera,"Antonio, an Italian immigrant in New York finds himself drawn into the Mob when his options are limited and his desire to make a new life for himself becomes increasingly difficult.","""Before the Godfather""",Released,False,False,1973-03-16,90,0,230000000,0.8066,3.0,3,it,,tt0184698,/bT3YhobLcX1mG98FraxK8dW7NC1.jpg,/yXDdnwEU5xDBWAlOkSGlUQNfs7S.jpg,"[{""id"": 80, ""name"": ""Crime""}]","[{""id"": 81789, ""logo_path"": null, ""name"": ""In.Ci.S. (Industria Cinematografica Siciliana)"", ""origin_country"": """"}]","[{""iso_3166_1"": ""IT"", ""name"": ""Italy""}]","[{""english_name"": ""Italian"", ""iso_639_1"": ""it"", ""name"": ""Italiano""}]","[""IT""]",null
170884,Stemple Pass,Stemple Pass,"Four landscape shots containing a replica of Ted Kaczynski’s cabin, one shot per season. On the soundtrack, Benning reads extracts from Kaczynski’s journals from the early 1970s, recording his progress at hunting and gathering, and his connection to the Montana wilderness; a hand-written folded sheet of paper detailing his acts of “monkey wrenching” and first attempts at planting bombs; two notebooks written in numerical code in 1985 and decoded by Benning in 2011; two excepts from Industrial Society and Its Future by ""FC"" (aka the Unabomber Manifesto) as published in The New York Times and The Washington Post in 1995; and a 2001 interview with Kaczynski by J. Alienus Rychalski, special correspondent for the Blackfoot Valley Dispatch.",,Released,False,False,2012-10-01,121,0,0,0.112,7.5,6,en,,tt2652874,/tlgVjZn9YSYaolOUONJcn1l44Uu.jpg,/6LM6TQXQBS2Qm8wfRwdW8MIu3uA.jpg,"[{""id"": 99, ""name"": ""Documentary""}]",[],"[{""iso_3166_1"": ""US"", ""name"": ""United States of America""}]",[],"[""US""]",null
170885,Annihilator,Annihilator,"Humanoid killer robots stalk a newspaperman, who has knowledge of their existence. One of the robots is made to look like his girl friend.",Their Time Has Come!,Released,False,False,1986-04-07,99,0,0,0.8813,5.0,11,en,,tt0090649,/iwWoknF64tJ4PGcY4US1yGPqNpv.jpg,/5kS4J0nnJVIAq4uoRksPVVAE79w.jpg,"[{""id"": 878, ""name"": ""Science Fiction""}, {""id"": 27, ""name"": ""Horror""}, {""id"": 10770, ""name"": ""TV Movie""}]","[{""id"": 26727, ""logo_path"": ""/jeTxdjXhzgKZyLr3l9MllkTn3fy.png"", ""name"": ""Universal Television"", ""origin_country"": ""US""}]","[{""iso_3166_1"": ""US"", ""name"": ""United States of America""}]","[{""english_name"": ""English"", ""iso_639_1"": ""en"", ""name"": ""English""}]","[""US""]",null
170888,Quiet Riot Starwood Club Hollywood CA 10-26-1979,Quiet Riot Starwood Club Hollywood CA 10-26-1979,"Videotaped live at the Starwood Club in Hollywood, shortly before Randy Rhoads left Quiet Riot to join Ozzy Osbourne's band.  Kevin DuBrow - Vocals / Randy Rhoads - Guitar / Rudy Sarzo - Bass / Drew Forsyth - Drums //  Tracklist:  01. Gonna Have a Riot  02. Lie Back and Let Me In  03. One in a Million  04. Breaking Up is a Heartache  05. Picking Up the Pieces  06. Teenage Anthem  07. Good Times  08. Drew Forsyth Solo  09. Killer Girls  10. Laughing Gas  11. Randy Rhoads Solo  12. Back to the Coast  13. Slick Black Cadillac",,Released,False,False,1979-10-26,0,0,0,0.0806,0.0,0,en,,,,,[],[],[],[],"[""US""]",null
170889,Impure Blood,Nečista krv,"Impure Blood (Serbian: Нечиста крв, Nečista krv) is a 1996 film adaptation of the Impure Blood novel written by Borisav Stanković. It is concerned with themes of Serbian south, in the reforming in late 19th century.",,Released,False,False,1996-04-13,125,0,0,0.5789,0.0,0,sr,,tt0189796,/rOTCll3pdT6d10UTrUHDCOgg9OK.jpg,,"[{""id"": 18, ""name"": ""Drama""}]","[{""id"": 42499, ""logo_path"": null, ""name"": ""DD Ne\u010dista Krv"", ""origin_country"": """"}]","[{""iso_3166_1"": ""YU"", ""name"": ""Yugoslavia""}]","[{""english_name"": ""Serbian"", ""iso_639_1"": ""sr"", ""name"": ""Srpski""}]","[""YU""]",null
170893,"Norah Jones, Live at LSO St. Luke's, 2007","Norah Jones, Live at LSO St. Luke's, 2007",,,Released,False,False,2007-04-13,0,0,0,0.1698,6.5,1,it,,,/a7hRtGSbdSwpmA9Un1O7JVJp2VB.jpg,,[],[],[],[],"[""IT""]",null
170894,The Best Man,The Best Man,"After painter Michael 'Mike' Sheldrake's failed suicide attempt, house-mate and life-long best friend Peter Tremaine, an antiques shop owner, reminisces their common past, like Mike does in therapy. It started at the beach, when scrubby, scared Mikey became the dependent protégé of forceful Pete, both doted by Pete's dad, a wealthy lawyer. Afterwards Mike moves out to marry Kate. Pete accepts to be best man, but overdoes that, 'arranging' to get stuck in the honeymoon hotel he paid for. Drama from their boarding school childhood intertwines with tragedy for the mates, Kate and vindictive former police detective Miller.",,Released,False,False,2006-03-19,120,0,0,1.0134,3.4,5,en,,tt0465318,/rx1cpviaPYlVZYqamWj0RG1A7w3.jpg,,"[{""id"": 18, ""name"": ""Drama""}, {""id"": 10749, ""name"": ""Romance""}, {""id"": 53, ""name"": ""Thriller""}]","[{""id"": 13321, ""logo_path"": null, ""name"": ""Touchpaper Television"", ""origin_country"": ""GB""}]","[{""iso_3166_1"": ""GB"", ""name"": ""United Kingdom""}]","[{""english_name"": ""English"", ""iso_639_1"": ""en"", ""name"": ""English""}]","[""GB"", ""US""]",null
170895,Cupid,Cupid,"With Valentine’s Day approaching, Eve Lovett, a workaholic TV talk show host with a string of failed relationships, is worried she will never find true love. But when a mysterious stranger named Vernon Gart shows up on the set claiming to work for Cupid, Inc., Eve has no idea her love life is about to get an arrow right through the heart.",,Released,False,False,2012-09-30,80,0,0,1.3337,5.3,19,en,,tt2214935,/vVr71Hwjpo8ziJcbe0enKIOn1vk.jpg,/rXM7G7mAzvzeLvrUEB0u48cy1zN.jpg,"[{""id"": 10749, ""name"": ""Romance""}, {""id"": 35, ""name"": ""Comedy""}, {""id"": 10770, ""name"": ""TV Movie""}]","[{""id"": 3282, ""logo_path"": null, ""name"": ""Larry Levinson Productions"", ""origin_country"": ""US""}, {""id"": 11611, ""logo_path"": null, ""name"": ""Mediapool Production"", ""origin_country"": ""US""}]","[{""iso_3166_1"": ""US"", ""name"": ""United States of America""}]","[{""english_name"": ""English"", ""iso_639_1"": ""en"", ""name"": ""English""}]","[""US""]",null
170898,Sonja and the Bull,Sonja i bik,"Sonja, a city girl from Zagreb, a vegetarian and a hardcore animal-rights activist, strongly opposes bullfighting in Dalmatinska zagora (Dalmatian Hinterland). People find this irritating and they conclude that no matter how passionately Sonja loves animals, she would never dare to stand in front of a bull. Bets are raised and Sonja faces a challenge in the form of Ante, known far and wide for his powers of persuasion.",,Released,False,False,2012-07-20,102,0,0,0.3915,4.8,17,hr,http://sonjaibik.com/,tt2249542,/tDAqtL2dCTrTmlBMOUhuRqpHFPc.jpg,/zwTfvUl3JnqY1QjgsLTE8NKvHun.jpg,"[{""id"": 35, ""name"": ""Comedy""}, {""id"": 10749, ""name"": ""Romance""}]","[{""id"": 60759, ""logo_path"": ""/xckuW02u69ZJEjXrpilj2g9AuSi.png"", ""name"": ""Interfilm"", ""origin_country"": ""HR""}, {""id"": 20915, ""logo_path"": ""/g0ZgDi0m0RubOnoUFYaHsa8M5To.png"", ""name"": ""Hrvatska Radiotelevizija"", ""origin_country"": ""HR""}]","[{""iso_3166_1"": ""HR"", ""name"": ""Croatia""}]","[{""english_name"": ""Bosnian"", ""iso_639_1"": ""bs"", ""name"": ""Bosanski""}, {""english_name"": ""Croatian"", ""iso_639_1"": ""hr"", ""name"": ""Hrvatski""}]","[""HR""]",null
170901,Death Diploma,Death Diploma,"Documentary on notorious US murderers. Includes Charles Manson and his family, Kenneth Bianchi ""The Hillside Strangler"", Henry Lee Lucas, and Otis Toole. Has some interview footage and recounts their deeds.",A shocking look at America's most notorious and savage murderers.,Released,False,False,1987-01-01,50,0,0,0.3463,6.0,1,en,,tt0131353,,,"[{""id"": 99, ""name"": ""Documentary""}]",[],"[{""iso_3166_1"": ""US"", ""name"": ""United States of America""}]",[],"[""US""]",null
170908,Evil Woman,Zla žena,"Sultana and the bootmaker's wife Pela looks very much like each other, with replacement clothing and residence, Sultana becomes Pela and Pela becomes Sultana.  The consequence of disguise is that the Sultana are undergoing torture from Pela's husband which changes her nature, which makes positive impact on her environment. The script abounds with musical numbers that contribute to the atmosphere, establish era and the place of action, and in this play bring vaudeville jollity.",,Released,False,False,1998-10-18,65,0,0,0.4983,7.2,4,sr,,tt0213319,/yWRi1ZgFu0SeLbndIbgwoamIhlk.jpg,,"[{""id"": 35, ""name"": ""Comedy""}, {""id"": 18, ""name"": ""Drama""}]","[{""id"": 11613, ""logo_path"": null, ""name"": ""Radiotelevizija Beograd"", ""origin_country"": ""RS""}]","[{""iso_3166_1"": ""YU"", ""name"": ""Yugoslavia""}]","[{""english_name"": ""Serbian"", ""iso_639_1"": ""sr"", ""name"": ""Srpski""}]","[""YU""]",null
170910,The Diary of Jack the Ripper: Beyond Reasonable Doubt?,The Diary of Jack the Ripper: Beyond Reasonable Doubt?,A documentary about the uncovering of a diary supposedly belonging to the legendary serial killer Jack The Ripper himself.,,Released,False,False,1993-01-01,79,0,0,0.4927,6.5,4,en,,tt0333330,/kXGHpVrVe66v7gEboTEBriohCy3.jpg,,"[{""id"": 99, ""name"": ""Documentary""}]",[],[],"[{""english_name"": ""English"", ""iso_639_1"": ""en"", ""name"": ""English""}]","[""US""]",null
170915,9/11 Truth: Hollywood Speaks Up,9/11 Truth: Hollywood Speaks Up,"A documentary concerning the views of those in the movie industry, pertaining to the subject of 9/11.",,Released,False,False,2011-06-10,150,0,0,1.1578,5.8,4,en,,tt2561584,,,"[{""id"": 99, ""name"": ""Documentary""}]",[],[],"[{""english_name"": ""English"", ""iso_639_1"": ""en"", ""name"": ""English""}]","[""US""]",null
170917,Omar Sosa & Paolo Fresu live at Blue Note Milano,Omar Sosa & Paolo Fresu live at Blue Note Milano,,,Released,False,False,2012-03-08,0,0,0,0.0214,3.8,2,it,,,,,"[{""id"": 10402, ""name"": ""Music""}]",[],[],[],"[""IT""]",null
170918,Breathing Lessons,Breathing Lessons,A married couple review their lives and renew their love for one another while driving to a friend's funeral.,,Released,False,False,1994-02-06,93,0,0,1.443,5.3,6,en,,tt0109335,/5RuCZip8ozIjNOdOGogRAY3UgWP.jpg,/pPDhIyY8J3c9IuF3sHrJxdSC7cP.jpg,"[{""id"": 18, ""name"": ""Drama""}, {""id"": 10770, ""name"": ""TV Movie""}]","[{""id"": 9027, ""logo_path"": ""/eGT7RxXHIyhByHpZmv4WxBwoWAl.png"", ""name"": ""Hallmark Hall of Fame Productions"", ""origin_country"": ""US""}, {""id"": 1432, ""logo_path"": ""/odyWStT82nGf2LQCyfs7iFudwa0.png"", ""name"": ""Republic Pictures"", ""origin_country"": ""US""}, {""id"": 5531, ""logo_path"": null, ""name"": ""Signboard Hill Productions"", ""origin_country"": """"}]","[{""iso_3166_1"": ""US"", ""name"": ""United States of America""}]","[{""english_name"": ""English"", ""iso_639_1"": ""en"", ""name"": ""English""}]","[""US""]",null
170920,The Bandit Of Zhobe,The Bandit Of Zhobe,British soldiers in India must contend with an outlaw bandit.,"Not since ""THE SHIEK"" a lover... a fighter... a MOTION PICTURE like this!",Released,False,False,1959-04-01,80,0,0,1.0593,0.0,0,en,,tt0052601,/pjdcruyNYcy5IWnbR4fE5LOBxoN.jpg,/oJmEPFkUllIwOqWEkSiSa31h9cr.jpg,"[{""id"": 28, ""name"": ""Action""}, {""id"": 12, ""name"": ""Adventure""}]","[{""id"": 1807, ""logo_path"": null, ""name"": ""Warwick Film Productions"", ""origin_country"": ""GB""}]","[{""iso_3166_1"": ""GB"", ""name"": ""United Kingdom""}]","[{""english_name"": ""English"", ""iso_639_1"": ""en"", ""name"": ""English""}]","[""US"", ""GB""]",null
170921,Roslyn Romance,Roslyn Romance,"A personal and experimental film by San Francisco Bay area avant-garde filmmaker, Bruce Baillie.  Preserved by the Academy Film Archive in 2016.",,Released,False,False,1976-09-26,17,0,0,0.1291,6.3,3,en,,tt0251377,/qMBWtIwW54EBlxoK5CC4rex1M2M.jpg,/fdAowULXpZXa3Wd6jnWj998Arlr.jpg,[],[],"[{""iso_3166_1"": ""US"", ""name"": ""United States of America""}]",[],"[""US""]",null
170922,Metanomen,Metanomen,"A short, black and white experimental film by San Francisco bay area avant-garde filmmaker Scott Bartlett.",,Released,False,False,1966-01-01,8,0,0,0.112,0.0,0,en,,tt0404236,/lnvM6AfkRzuVe8Eu0apN2v9Rhuy.jpg,,[],[],"[{""iso_3166_1"": ""US"", ""name"": ""United States of America""}]",[],"[""US""]",null
170923,Quick Billy,Quick Billy,A psychedelic montage of home movie footage gives way to a silent western story.,,Released,False,False,1971-01-28,55,0,0,0.2936,7.1,12,en,,tt0206235,/dX6F2VDIiQY8ovjFc4cdhWyesd2.jpg,/lJxdIrHmyQuVRIToMiRXVjt1go3.jpg,"[{""id"": 37, ""name"": ""Western""}, {""id"": 99, ""name"": ""Documentary""}]",[],"[{""iso_3166_1"": ""US"", ""name"": ""United States of America""}]","[{""english_name"": ""No Language"", ""iso_639_1"": ""xx"", ""name"": ""No Language""}]","[""US""]",null
170924,Macho Dancer,Macho Dancer,"Pol moves to Manila for better opportunities after his American lover leaves. However, he gets drawn into the gritty world of gay prostitution and sexual slavery.",,Released,False,False,1989-01-18,136,0,0,0.6696,6.1,15,tl,,tt0095562,/d7eXFCy8hImjyglbuicHEg1MDeX.jpg,/n6SDB2pVxhtW0NSWt9z0OnW4HdH.jpg,"[{""id"": 18, ""name"": ""Drama""}]","[{""id"": 8356, ""logo_path"": ""/tais5f60IAWlBZvkU8KwjGvBUc4.png"", ""name"": ""Viva Films"", ""origin_country"": ""PH""}, {""id"": 73156, ""logo_path"": null, ""name"": ""Award Films"", ""origin_country"": """"}, {""id"": 73157, ""logo_path"": null, ""name"": ""Special People Productions"", ""origin_country"": """"}]","[{""iso_3166_1"": ""PH"", ""name"": ""Philippines""}]","[{""english_name"": ""English"", ""iso_639_1"": ""en"", ""name"": ""English""}, {""english_name"": ""Tagalog"", ""iso_639_1"": ""tl"", ""name"": """"}]","[""PH""]",null
170925,Portrait of Teresa,Retrato de Teresa,"Teresa is overwhelmed: with a husband, three young sons, a job as a crew leader in a textile factory, and volunteer commitments as cultural leader of her union. Her husband, Ramón, believes her additional pursuits take time away from her domestic tasks and wants more of her attention, accusing her of neglecting him, her house and her family.  A hard-hitting Cuban drama that presents a woman struggling for control of her own life and deals with the social consequences of traditional male chauvinism.",,Released,False,False,1979-07-26,103,0,0,0.1373,8.2,6,es,,tt0076619,/hGbFBuC1U1mHhpMn1tSxqB347SU.jpg,/4tqUtW0Yjy820fVLNJToWqkwyes.jpg,"[{""id"": 18, ""name"": ""Drama""}]","[{""id"": 5175, ""logo_path"": ""/sEc4VmMYh1G09ySm8ThZ5S3gcUS.png"", ""name"": ""ICAIC"", ""origin_country"": ""CU""}]","[{""iso_3166_1"": ""CU"", ""name"": ""Cuba""}]","[{""english_name"": ""Spanish"", ""iso_639_1"": ""es"", ""name"": ""Espa\u00f1ol""}]","[""CU""]",null
170926,Zan Boko,Zan Boko,"In the Mossi culture, one of the rites attending the birth of a child and its induction as a new member of the community involves the burial of the placenta. The space in which the placenta is buried is called 'Zan Boko' - a phrase which connotes the religious, cultural and affective relations that bind the child to the land and that embraces the notions of 'rootedness' and 'belonging'. Kaboré tells the story of Tinga, who resists the encroaching urbanization of his native territory. The specific rhythms and vision of the rural community, including its values, social relationship, and individual & collective destinies, are altered when a city is planted on the edge of an ancient native village.",,Released,False,False,1988-10-01,92,0,0,0.1912,6.5,8,fr,,tt0096495,/v4HzGW9yNXOEgWtpbEDDRebjVGk.jpg,,"[{""id"": 18, ""name"": ""Drama""}]","[{""id"": 93136, ""logo_path"": null, ""name"": ""Atria Films"", ""origin_country"": """"}]","[{""iso_3166_1"": ""FR"", ""name"": ""France""}, {""iso_3166_1"": ""BF"", ""name"": ""Burkina Faso""}]",[],"[""FR""]",null
170927,Saltimbank,Saltimbank,"The title reflects the brand of a financial institution, the bank of the Saltim family: Frederic, the younger brother, runs the family bank; his brother Bruno rejected the position of executive director, and chose to fund a theatrical company. Around them, there is a net of family members, friends, and acquaintances who seem to swirl around the banking brothers. Frederic and Bruno are both trying to control the future of their beautiful niece, Vanessa. The coffee shop owners Eve and Jim complicate everybody's life with their intrigues and lies. A strange stage director comes from his foreign exile. And lack of funds suddenly reveals the true colors of everyone - in banking, on stage, and everywhere.",,Released,False,False,2003-09-10,92,0,0,0.5531,5.0,3,fr,,tt0306040,,/7UZu4UCQtqW8P6tQX2rOEqqKGYy.jpg,"[{""id"": 35, ""name"": ""Comedy""}, {""id"": 18, ""name"": ""Drama""}]","[{""id"": 6584, ""logo_path"": null, ""name"": ""Gemini Films"", ""origin_country"": ""FR""}]","[{""iso_3166_1"": ""DE"", ""name"": ""Germany""}, {""iso_3166_1"": ""FR"", ""name"": ""France""}]","[{""english_name"": ""French"", ""iso_639_1"": ""fr"", ""name"": ""Fran\u00e7ais""}]","[""FR""]",null
170928,The Seventh Stream,The Seventh Stream,She's a beautiful stranger lost in his world. Can they find a place in each other's hearts?,She's a beautiful stranger lost in his world. Can they find a place in each other's hearts?,Released,False,False,2001-02-04,100,0,0,0.4988,6.7,5,en,,tt0299134,/gHNiwVsv71T0h8NLHrWLN10cjZL.jpg,/7p0dEFGxBgrFdB5ZywVemCAHJmp.jpg,"[{""id"": 18, ""name"": ""Drama""}, {""id"": 14, ""name"": ""Fantasy""}, {""id"": 10749, ""name"": ""Romance""}, {""id"": 10770, ""name"": ""TV Movie""}]","[{""id"": 4898, ""logo_path"": ""/nm8d7P7MJNiBLdgIzUK0gkuEA4r.png"", ""name"": ""CBS"", ""origin_country"": ""US""}]","[{""iso_3166_1"": ""US"", ""name"": ""United States of America""}]",[],"[""US""]",null
170929,The White-Haired Girl,白毛女,"The 1971/72 released film adaptation of China's famous revolutionary ballet, The White-Haired Girl (白毛女).",,Released,False,False,1972-02-01,95,0,0,0.197,0.0,1,zh,,tt2492168,/f0RNqo5b31TxiNv10qPZcjisVxl.jpg,/2kmQHBMZfvSD4iCt77nqzb4sych.jpg,"[{""id"": 18, ""name"": ""Drama""}]","[{""id"": 1078, ""logo_path"": ""/zog0jC9Cd1DfapSuLJVJ7IFmBxg.png"", ""name"": ""Shanghai Film Studio"", ""origin_country"": ""CN""}]","[{""iso_3166_1"": ""CN"", ""name"": ""China""}]","[{""english_name"": ""Mandarin"", ""iso_639_1"": ""zh"", ""name"": ""\u666e\u901a\u8bdd""}]","[""CN""]",null
170931,The Opium Wars,林則徐,"China 1839. Because the British imports of opium into Southern China are creating such widespread medical and economic problems, the weak Manchu emperor Tao Kuang is forced to take action that precipitates the 'Opium War'.",,Released,False,False,1959-08-21,103,0,0,0.9048,5.2,6,zh,,tt0053010,/fWc0oAQYWSqCNeJwKyF8Jy8RXOt.jpg,/46R2LTwtAar5jM6cfBuxs8eJCns.jpg,"[{""id"": 10752, ""name"": ""War""}, {""id"": 36, ""name"": ""History""}, {""id"": 18, ""name"": ""Drama""}]","[{""id"": 95668, ""logo_path"": ""/apdDvcuN1VvDzuv1lUrVKmmNSk.png"", ""name"": ""Haiyan Film Studio \u6d77\u71d5\u7535\u5f71\u5236\u7247\u5382"", ""origin_country"": ""CN""}]","[{""iso_3166_1"": ""CN"", ""name"": ""China""}]","[{""english_name"": ""Mandarin"", ""iso_639_1"": ""zh"", ""name"": ""\u666e\u901a\u8bdd""}]","[""CN""]",null
170934,The Piano Lesson,The Piano Lesson,"1930's Pittsburgh, a brother comes home to claim ""my half of the piano"", a family heirloom; but his sister is not wanting to part with it. This is a glimpse of the conditions for African-Americans as well as some of the attitudes and influences on their lives. But whether he is able to sell the piano so that he can get enough money to buy some property and ""no longer have to work for someone else"" involves the story (or lesson) that the piano has to show him.",,Released,False,False,1995-02-05,95,0,0,0.809,7.2,6,en,,tt0114127,/qNSk9cKItq2bBSz2auq8WHDyab5.jpg,/qUOxMaLLliAUax3wuP67Y8ZsN0J.jpg,"[{""id"": 18, ""name"": ""Drama""}, {""id"": 10770, ""name"": ""TV Movie""}]","[{""id"": 38870, ""logo_path"": null, ""name"": ""Craig Anderson Productions"", ""origin_country"": ""US""}, {""id"": 5531, ""logo_path"": null, ""name"": ""Signboard Hill Productions"", ""origin_country"": """"}, {""id"": 7483, ""logo_path"": null, ""name"": ""Hearst Entertainment Productions"", ""origin_country"": ""US""}, {""id"": 9027, ""logo_path"": ""/eGT7RxXHIyhByHpZmv4WxBwoWAl.png"", ""name"": ""Hallmark Hall of Fame Productions"", ""origin_country"": ""US""}]",[],[],"[""US""]",null
170936,SOS Coast Guard,SOS Coast Guard,"An internationally-notorious criminal scientist returns to the US to sell his latest invention, a disintegrating gas, to a foreign power.  When he arrives, however, he is spotted by a young Coast Guard man, whom he kills - and thus earns the enmity of the entire US Coast Guard, but especially the murdered Guardsman's older brother who, together with his reporter-girlfriend and her comical photographer, vigorously sets to tracking him down and interfering with his plans to develop the city-melting gas in quantity.  A Republic Serial in 12 Chapters.",,Released,False,False,1937-08-28,224,0,0,0.5912,4.7,7,en,,tt0029508,/h7YIrpVxbIc439h0YUnwczrmGdu.jpg,/mwZC40X173p0UdiBOqE5MCr3Inp.jpg,"[{""id"": 878, ""name"": ""Science Fiction""}, {""id"": 28, ""name"": ""Action""}]","[{""id"": 1432, ""logo_path"": ""/odyWStT82nGf2LQCyfs7iFudwa0.png"", ""name"": ""Republic Pictures"", ""origin_country"": ""US""}]","[{""iso_3166_1"": ""US"", ""name"": ""United States of America""}]","[{""english_name"": ""English"", ""iso_639_1"": ""en"", ""name"": ""English""}]","[""US""]",null
170944,Kvarteret Skatan - i nöd och lust,Kvarteret Skatan - i nöd och lust,,,Released,False,False,2010-04-30,0,0,0,0.2064,0.0,0,sv,,,/mdu6FdsLDPmrn8aBF9fIcngnXVe.jpg,,[],[],[],"[{""english_name"": ""Swedish"", ""iso_639_1"": ""sv"", ""name"": ""svenska""}]","[""SE""]",null
170946,Madam Q,賭城快活女,,,Released,False,False,1996-01-01,90,0,0,1.1153,4.0,1,zh,,tt0350821,/tLp5XDxIkI33jqXawRSDLp0LDnU.jpg,/cS2klzD9SaxaZL5dEhePBSP1DJr.jpg,[],"[{""id"": 94485, ""logo_path"": null, ""name"": ""Mega Best International Film Co."", ""origin_country"": """"}]","[{""iso_3166_1"": ""TW"", ""name"": ""Taiwan""}]","[{""english_name"": ""Mandarin"", ""iso_639_1"": ""zh"", ""name"": ""\u666e\u901a\u8bdd""}]","[""TW"", ""HK""]",null
170947,Escapist Skateboarding Red And Yellow,Escapist Skateboarding Red And Yellow,"Escapist’s second full length video, Red and Yellow, is a strong offering of midwest skateboarding focused mainly in its hometown of Kansas City (as well as Austin, Atlanta, and more). Filmed and edited by Ryan Lovell over the span of nearly 4 years, the video features Ryan Pearce, Josh White, Sean Malto, Rod Harper, Tyshuan Johnson, Dillon Aguilar, Joseph Lopez, Josh Crane, Max Chilen, Connor McCroskey, Arthur Dachiardi, Garrett Olinger and more.",,Released,False,False,,0,0,0,0.0071,0.0,0,en,http://www.escapistskateboarding.com/shop/index.php?product=ESC-ES+DV+RED+AND+YELLOW,,,,[],[],[],[],"[""US""]",null
170949,Monkey and Crab,Sarukani,Japanese independently-animated short.,,Released,False,False,1972-10-01,19,0,0,0.1497,6.0,1,ja,,tt0431945,,,"[{""id"": 16, ""name"": ""Animation""}]",[],"[{""iso_3166_1"": ""JP"", ""name"": ""Japan""}]","[{""english_name"": ""Japanese"", ""iso_639_1"": ""ja"", ""name"": ""\u65e5\u672c\u8a9e""}]","[""JP""]",null
170954,Dare not Walk Alone,Dare not Walk Alone,Parallels are drawn between the Civil Rights protests of 1964 and the hip hop generation's struggle to bridge the poverty gap that still exists in many areas of America today. Newsreel footage--some of it never aired before--brings home the bitter reality of the 1964 Saint Augustine protests led by Dr. Martin Luther King and US Ambassador Andrew Young (who was beaten up on the streets of Saint Augustine by Klan members and other whites violently opposed to desegregation). Also explored is the role of music in black communities during the civil rights movement of the sixties and the way that music still keeps hope alive today.,,Released,False,False,2006-08-22,124,0,0,0.0071,0.0,0,en,,tt1035731,/32UlnFp2VgU5aBIr5v68tvTxLxP.jpg,,"[{""id"": 99, ""name"": ""Documentary""}]",[],[],[],"[""US""]",null
170958,Cent une tueries de zombies (101 Zombie Kills),Cent une tueries de zombies (101 Zombie Kills),"It's exactly like Christian Marclay's ""The Clock"", except it's 98% shorter, it's not a deep meditation on our common human relationship with the passing of time (itself essentially only a human construct), and it has a LOT more skin-eating.",,Released,False,False,2012-09-29,45,0,0,0.0071,0.0,0,en,,,,,[],[],[],[],"[""US""]",null
170961,Scrapper,Scrapper,"As the global war on terror takes a heavy toll on some local economies, a defiant group of desert outlaws turn an active US military bombing range near the Mexican border into their own free-enterprise zone of extreme survival.",,Released,False,False,2011-01-15,81,0,0,0.0311,8.0,1,en,,tt1792613,,,[],[],[],[],"[""US""]",null
170964,The Scroll,The Scroll,"The Scroll is a powerful documentary film that is transformative, educational, and inspiring. It takes some of the biggest leaders in the African American community and talks about faith, family, and finances. The Scroll is the perfect film for anyone who has ever been written off, cast down, or gone through trying times.",,Released,False,False,,120,0,0,0.0,0.0,0,en,,,,,"[{""id"": 99, ""name"": ""Documentary""}]",[],[],[],"[""US""]",null
170966,Lenßen - Der Film,Lenßen - Der Film,"Ingo Lenssen takes on a dubious organ dealer aftern nine-year-old “Mücke”, the son of former colleague Tekin Kurtuluş and Lenssen's godchild, is hit by a car and his life is in danger. As Tekin threatens the driver of the car with retaliation and he is injured in an attack shortly afterwards, the ex-investigator comes under suspicion. In order to exonerate their former colleague, Ingo Lenßen and his colleagues begin an unauthorized investigation.",,Released,False,False,2011-01-08,95,0,0,0.1998,3.0,1,de,,tt1817200,/pO9tRjt0REcTS9Y1iDymtNdIUrP.jpg,/7GaakLkXtCh4GMmkm1ZM0iJjGKg.jpg,"[{""id"": 10770, ""name"": ""TV Movie""}, {""id"": 53, ""name"": ""Thriller""}, {""id"": 80, ""name"": ""Crime""}]","[{""id"": 267348, ""logo_path"": null, ""name"": ""Neue Moustache Production"", ""origin_country"": """"}]","[{""iso_3166_1"": ""DE"", ""name"": ""Germany""}]","[{""english_name"": ""German"", ""iso_639_1"": ""de"", ""name"": ""Deutsch""}]","[""DE""]",null
170967,The House of Suh,The House of Suh,"The House of Suh” tells the story of Andrew and his sister Catherine, and how the values, conflicts, and dysfunctions of their Korean immigrant family led to the murder of Robert O’Dubaine. Eloquently narrated by Andrew, the documentary highlights issues of assimilation and the struggle between freedom and responsibility, raising questions about guilt, innocence, and the illusive gray area in-between.",A good son is committed for life.,Released,False,False,2010-05-05,90,0,0,0.1609,6.8,8,en,,tt1653696,/jGtE5HBhMXe82q6TCPRgbQeUoLn.jpg,,"[{""id"": 80, ""name"": ""Crime""}, {""id"": 99, ""name"": ""Documentary""}]","[{""id"": 75341, ""logo_path"": null, ""name"": ""Dizzy Giant"", ""origin_country"": """"}, {""id"": 75342, ""logo_path"": null, ""name"": ""Grayscale Films"", ""origin_country"": """"}]","[{""iso_3166_1"": ""US"", ""name"": ""United States of America""}]","[{""english_name"": ""English"", ""iso_639_1"": ""en"", ""name"": ""English""}]","[""US""]",null
170968,Phnom Penh Lullaby,Kolysanka z Phnom Penh,"Shickman, the film’s central subject, has been living in Phnom Penh, Cambodia for 8 years along with his baby’s mama, Saran.  He is the soul provider of the pair and earns his meager living by reading tarot cards street side.  Saran is Cambodian, drinks often, was once married to a man of which she had several kids with (all but one are in foster care).  Aside from having to contend with each other, the two must also be weary of the human vultures that eye their daughters with hopes of turning a profit on the black market. Surely, the future for these people are a bleak one.",,Released,False,False,2011-01-01,103,0,0,0.1217,7.0,5,en,,tt2145765,/3QcJhFMa8EevjKQIxEj0yxZcsQd.jpg,/v0pwlljuRnO5pR4IY8JRQqd3BTm.jpg,"[{""id"": 99, ""name"": ""Documentary""}]",[],"[{""iso_3166_1"": ""PL"", ""name"": ""Poland""}]","[{""english_name"": ""English"", ""iso_639_1"": ""en"", ""name"": ""English""}, {""english_name"": ""Hebrew"", ""iso_639_1"": ""he"", ""name"": ""\u05e2\u05b4\u05d1\u05b0\u05e8\u05b4\u05d9\u05ea""}]","[""PL""]",null
170975,The Saint and Her Fool,Die Heilige und ihr Narr,"Agnes Günther’s heart-rending fairy tale dazzled turn-of-the-century German audiences and sold hundreds of thousands of copies before being adapted into this tale of timeless passion, the beautiful The Saint and the Fool. The unapologetically sentimental classic was directed by Wilhelm Dieterle, who launched a successful career in Weimar cinema before becoming known for romantic, lush melodramas and technicolor extravaganzas, including 1945′s Marlene Dietrich unforgettable Love Letters. The dashing Dieterle himself plays Harrogate, Earl of Torstein, whose star-crossed love for the luminous Rosemarie of Brauneck (Lien Deyers, discovered by Fritz Lang) is further doomed by royal heroes and villains, the requisite evil stepmother, and fantastical elements that channel the intoxicating romance of Camille through the magic of the Brothers Grimm.",,Released,False,False,1928-10-03,99,0,0,0.6959,0.0,0,de,,tt0018989,/x353Ake73IB0MFSHqvb0v3nns0S.jpg,,"[{""id"": 10749, ""name"": ""Romance""}, {""id"": 18, ""name"": ""Drama""}]","[{""id"": 98818, ""logo_path"": null, ""name"": ""Deutsche Film-Union AG (Defu) (Berlin)"", ""origin_country"": """"}]","[{""iso_3166_1"": ""DE"", ""name"": ""Germany""}]",[],"[""DE""]",null
170979,Children of Divorce,Children of Divorce,"A young flapper tricks her childhood sweetheart into marrying her. He really loves another woman, but didn't marry her for fear the marriage would end in divorce, like his parents'. Complications ensue.",,Released,False,False,1927-04-25,70,0,0,1.2053,5.7,21,en,,tt0017751,/628E01MG8iCXpa391BmsFiv0ve.jpg,/qrQclqDCUNO1ft7EHkLTR5lBxgt.jpg,"[{""id"": 10749, ""name"": ""Romance""}, {""id"": 18, ""name"": ""Drama""}]","[{""id"": 29729, ""logo_path"": null, ""name"": ""Famous Players-Lasky Corporation"", ""origin_country"": ""US""}, {""id"": 4, ""logo_path"": ""/jay6WcMgagAklUt7i9Euwj1pzTF.png"", ""name"": ""Paramount Pictures"", ""origin_country"": ""US""}]","[{""iso_3166_1"": ""US"", ""name"": ""United States of America""}]","[{""english_name"": ""No Language"", ""iso_639_1"": ""xx"", ""name"": ""No Language""}]","[""US""]",null
170981,Starry Is the Night,今夜星光燦爛,"As Cai Mei, a single 40 year old woman and a social worker starts a relationship with a teen-ager Tian-Ah, she remembers her relationship when she was young with her professor, a married man older than her.",,Released,False,False,1988-10-13,94,0,0,1.6741,6.0,3,cn,,tt0095405,/t8GKK8AKqEK6Cq453aA9EcF3bOB.jpg,,"[{""id"": 10749, ""name"": ""Romance""}]","[{""id"": 42874, ""logo_path"": null, ""name"": ""Tomson (Hong Kong) Films Co., Ltd."", ""origin_country"": """"}, {""id"": 5798, ""logo_path"": ""/tmuI9BGXgpWLmokhlxpnG3IGNQB.png"", ""name"": ""Shaw Brothers"", ""origin_country"": ""HK""}]","[{""iso_3166_1"": ""HK"", ""name"": ""Hong Kong""}]","[{""english_name"": ""Cantonese"", ""iso_639_1"": ""cn"", ""name"": ""\u5e7f\u5dde\u8bdd / \u5ee3\u5dde\u8a71""}, {""english_name"": ""English"", ""iso_639_1"": ""en"", ""name"": ""English""}]","[""HK""]",null
170983,Eisleben - Die tausendjährige Stadt,Eisleben - Die tausendjährige Stadt,,,Released,False,False,,0,0,0,0.0143,0.0,0,de,,,,,[],[],[],[],"[""DE""]",null
170986,Frozen,Frozen,"This is a touching and somber journey of Lasya, who lives with her father Karma and younger brother Chomo in a remote village in the Himalayas. Pristine snow capped mountains surround their tiny hamlet and barren harsh land stretches for miles into nowhere. One day the army moves in, settles a hundred yards across their doorstep. The last bit of comfort the family draws from their familiar surroundings changes into a harsh ceaseless irreversible conflict. The film depicts the life of this family whose dream like existence is interrupted by inevitable odds, one after the other.",,Released,False,False,2007-07-21,110,0,0,0.7703,7.2,4,hi,,tt1071798,/2GL9yZtrgbYKCeKBc3TF9gGfZpX.jpg,,"[{""id"": 18, ""name"": ""Drama""}, {""id"": 27, ""name"": ""Horror""}]","[{""id"": 156800, ""logo_path"": null, ""name"": ""Seagull Media Productions"", ""origin_country"": """"}, {""id"": 4013, ""logo_path"": null, ""name"": ""Phat Phish Motion Pictures"", ""origin_country"": """"}]","[{""iso_3166_1"": ""IN"", ""name"": ""India""}]","[{""english_name"": ""Hindi"", ""iso_639_1"": ""hi"", ""name"": ""\u0939\u093f\u0928\u094d\u0926\u0940""}]","[""IN""]",null
170989,The Damned Rain,गाभ्रीचा पाऊस,There's more at stake than just failed crops when a drought strikes a rural community in this comedy-drama from India.,,Released,False,False,2009-07-16,95,0,0,0.4686,6.6,5,mr,,tt1483762,/obVx6OcjfE0ABxDhF0Uc8I06Fh6.jpg,/1QHbKPdFxDPBHUdOclnR3DvrkMl.jpg,[],"[{""id"": 10892, ""logo_path"": null, ""name"": ""Everest Entertainment"", ""origin_country"": ""US""}]","[{""iso_3166_1"": ""IN"", ""name"": ""India""}]","[{""english_name"": ""Marathi"", ""iso_639_1"": ""mr"", ""name"": """"}]","[""IN""]",null
170990,Hip Hip Hurray,Hip Hip Hurray,"A computer engineer, Sandeep Chowdhary waiting to start his first job, takes up a temporary job as sports instructor in a school at Ranchi",,Released,False,False,1983-12-31,121,0,0,0.3362,0.0,0,hi,,tt0230294,/x6RQZHc76dKFg7OrZ8WUiwiYQBc.jpg,,"[{""id"": 18, ""name"": ""Drama""}]",[],"[{""iso_3166_1"": ""IN"", ""name"": ""India""}]","[{""english_name"": ""Hindi"", ""iso_639_1"": ""hi"", ""name"": ""\u0939\u093f\u0928\u094d\u0926\u0940""}]","[""IN""]",null
170991,Maya Memsaab,माया मेमसाब,"A frustrated housewife whose marriage to an average man does not meet her expectations enters into an affair with a younger man. Of course, there are no easy escapes from reality.",,Released,False,False,1993-07-02,126,0,1400000,1.1453,5.5,24,hi,,tt0137100,/lIRLy3RGceFWQ9SMKN26ZudxvLw.jpg,/qMD6mRBJoew8aNSbB58ySJQ6duH.jpg,"[{""id"": 18, ""name"": ""Drama""}, {""id"": 9648, ""name"": ""Mystery""}, {""id"": 10749, ""name"": ""Romance""}]","[{""id"": 20550, ""logo_path"": null, ""name"": ""Forum Films"", ""origin_country"": ""FR""}, {""id"": 116000, ""logo_path"": null, ""name"": ""Ketan Mehta Films"", ""origin_country"": ""IN""}, {""id"": 32413, ""logo_path"": ""/jXHqu6xyG8l5mKwK66u5ahzYdfD.png"", ""name"": ""National Film Development Corporation of India"", ""origin_country"": ""IN""}]","[{""iso_3166_1"": ""IN"", ""name"": ""India""}]","[{""english_name"": ""Hindi"", ""iso_639_1"": ""hi"", ""name"": ""\u0939\u093f\u0928\u094d\u0926\u0940""}]","[""IN"", ""FR"", ""GB""]",null
170992,Meeting a Milestone,Sang-e-Meel Se Mulaqat,A documentary on life of Ustad Bismillah Khan by Goutam Ghose.,,Released,False,False,1989-07-12,88,0,0,0.0482,0.0,0,hi,,tt0137943,/3HbtLQXPS4yiYUbhEBlWQBjLRKB.jpg,/bYhl565rWfGobkFM3uE0MfAMbLs.jpg,"[{""id"": 99, ""name"": ""Documentary""}]","[{""id"": 32413, ""logo_path"": ""/jXHqu6xyG8l5mKwK66u5ahzYdfD.png"", ""name"": ""National Film Development Corporation of India"", ""origin_country"": ""IN""}]","[{""iso_3166_1"": ""IN"", ""name"": ""India""}]","[{""english_name"": ""Hindi"", ""iso_639_1"": ""hi"", ""name"": ""\u0939\u093f\u0928\u094d\u0926\u0940""}]","[""IN""]",null
170994,Florent Pagny - Eté 2003 à l'Olympia,Florent Pagny - Eté 2003 à l'Olympia,,,Released,False,False,2004-01-26,0,0,0,0.0414,6.8,2,fr,,,/dJibPDKB9JHzSpTTwTeyne8Otps.jpg,/jpIyRqtIMxyeiZcbjmhyyLJzv34.jpg,"[{""id"": 10402, ""name"": ""Music""}]",[],"[{""iso_3166_1"": ""FR"", ""name"": ""France""}]",[],"[""FR""]",null
170998,Shool,शूल,"Police Inspector Samar Pratap Singh is transferred to Motihari, in the Indian state of Bihar, along with his wife, Manjari and a daughter. He is honest and diligent and these attributes sets him up against his superior - the District Superintendent of Police, as well as his subordinates and fellow officers.",,Released,False,False,1999-11-04,142,310000,2300000,0.946,6.941,17,hi,,tt0220757,/hrH5MNv0C0pBsAXLr1TNW8etsXF.jpg,/2lrq4E05BPZD2OcDgBUb74D0EKN.jpg,"[{""id"": 28, ""name"": ""Action""}, {""id"": 80, ""name"": ""Crime""}]","[{""id"": 17362, ""logo_path"": null, ""name"": ""RGV Film Factory"", ""origin_country"": ""IN""}]","[{""iso_3166_1"": ""IN"", ""name"": ""India""}]","[{""english_name"": ""Hindi"", ""iso_639_1"": ""hi"", ""name"": ""\u0939\u093f\u0928\u094d\u0926\u0940""}]","[""IN""]",null
171000,Sir,Sir,"Sir is a 1993 Bollywood film directed by Mahesh Bhatt starring Naseeruddin Shah, Pooja Bhatt, Atul Agnihotri and Paresh Rawal.",,Released,False,False,1993-07-09,151,0,0,1.0398,6.1,5,hi,,tt0108144,/aSGHWL8uQXdLMMsxo5viXHttUJW.jpg,/fRXNPj9Nb6ovM2SIeqsV4n7dpU3.jpg,"[{""id"": 18, ""name"": ""Drama""}, {""id"": 10749, ""name"": ""Romance""}]",[],"[{""iso_3166_1"": ""IN"", ""name"": ""India""}]","[{""english_name"": ""Hindi"", ""iso_639_1"": ""hi"", ""name"": ""\u0939\u093f\u0928\u094d\u0926\u0940""}]","[""IN""]",null
171002,Fireback,Fireback,"Jack Kaplan is a US Army Soldier and Weapons Expert liberated by a ""rescue team"", he returns home to the United States only to find out that his wife Diane has been captured by infatuated gangster Duffy Collins. Kaplan embarks on a mission to find his wife, running into characters like Digger, Man With The Golden Hand, and the treacherous femme fatale Eve. He is a man on a mission.",They thought he was dead - they thought they were safe. They were wrong... dead wrong.,Released,False,False,1983-02-01,90,0,0,0.4121,4.9,12,en,,tt0304014,/1twLKe1N5vLhMBTyCiw6cxQVtzt.jpg,/tQh3Al52ecKCU47rD8TaH0XHypg.jpg,"[{""id"": 28, ""name"": ""Action""}]","[{""id"": 12741, ""logo_path"": null, ""name"": ""Silver Star Film Corporation"", ""origin_country"": ""PH""}]","[{""iso_3166_1"": ""PH"", ""name"": ""Philippines""}]","[{""english_name"": ""English"", ""iso_639_1"": ""en"", ""name"": ""English""}]","[""US""]",null
171004,Mandi,मंडी,"The denizens of a brothel deal with internal drama, as well as pressure from greedy land developers and an anti-sex work politician to leave town.",,Released,False,False,1983-02-25,167,0,0,1.0607,6.2,7,hi,,tt0085896,/euu0sbaZnW0ryCHKAjZfdGLeIQR.jpg,/3vDke8dPgjqaEOTWlbI6pO2Jv02.jpg,"[{""id"": 35, ""name"": ""Comedy""}, {""id"": 18, ""name"": ""Drama""}, {""id"": 10749, ""name"": ""Romance""}]","[{""id"": 80067, ""logo_path"": null, ""name"": ""Blaze Film Enterprises"", ""origin_country"": ""IN""}]","[{""iso_3166_1"": ""IN"", ""name"": ""India""}]","[{""english_name"": ""Hindi"", ""iso_639_1"": ""hi"", ""name"": ""\u0939\u093f\u0928\u094d\u0926\u0940""}]","[""IN""]",null
171006,Gypsy Woman,Gypsy Woman,"A ruthless property developer investigates a builder's death and meets the dead man's wife. Recently widowed himself, he falls for her and is drawn into the secretive world of Gypsies.",,Released,False,False,2002-09-12,84,0,0,0.887,5.0,3,en,,tt0283366,/xFBx1mJTjHpSQEuU5kOiQV36tIw.jpg,,"[{""id"": 10749, ""name"": ""Romance""}]","[{""id"": 1098, ""logo_path"": null, ""name"": ""Wave Pictures"", ""origin_country"": ""DK""}, {""id"": 1097, ""logo_path"": null, ""name"": ""Sky Pictures"", ""origin_country"": ""GB""}, {""id"": 2268, ""logo_path"": ""/wgDks2qYgwN6u1OkW1bBre0rf4F.png"", ""name"": ""Isle of Man Film"", ""origin_country"": ""GB""}, {""id"": 53030, ""logo_path"": null, ""name"": ""Starfield Productions"", ""origin_country"": """"}]","[{""iso_3166_1"": ""GB"", ""name"": ""United Kingdom""}]","[{""english_name"": ""English"", ""iso_639_1"": ""en"", ""name"": ""English""}]","[""GB""]",null
171008,Windir: Sognametal,Windir: Sognametal,"After the tragic death of Windir frontman and founder Valfar in January 2004, the rest of the band decided to bury Windir with Valfar. But after encouragement from Valfar's family, the remaining members decided to do one last Windir concert. The concert took place at Rockefeller auditorium in Oslo on September 3rd, 2004, which is the day that would have been Valfar's 26th birthday. Rockefeller was sold out, and over 1200 people took a final Farewell with Windir.",,Released,False,False,2005-07-03,73,0,0,0.1959,9.0,1,en,,,/5TWScMSGMix0BUZDwYkOqfdPTX0.jpg,,"[{""id"": 10402, ""name"": ""Music""}]",[],"[{""iso_3166_1"": ""NO"", ""name"": ""Norway""}]","[{""english_name"": ""English"", ""iso_639_1"": ""en"", ""name"": ""English""}, {""english_name"": ""Norwegian"", ""iso_639_1"": ""no"", ""name"": ""Norsk""}]","[""US""]",null
171013,Discovery at Dawn,La scoperta dell'alba,"Thirty years after the disappearance of her father, a university professor who was targeted by radicals in the '70s, a woman discovers a way to communicate with her past self and tries to prevent the tragedy that marred the life of her family, but she learns that not everything was as she thought.",,Released,False,False,2013-01-09,85,0,0,0.5917,5.2,14,it,,tt2463746,/uMskNvFhD3T5Rzq51SxUhPIRakE.jpg,/bURzByfcHWYIJpwFUn0eLq8ChTf.jpg,"[{""id"": 18, ""name"": ""Drama""}]","[{""id"": 2441, ""logo_path"": ""/7Vutdea75apwXkRyfQ4Ne6j0KcN.png"", ""name"": ""Fandango"", ""origin_country"": ""IT""}, {""id"": 155990, ""logo_path"": ""/py9VaywwK6KVi94YwrxSKVg1gkh.png"", ""name"": ""RAI Cinema"", ""origin_country"": ""IT""}, {""id"": 204774, ""logo_path"": ""/jy4skProWZsbiq8r7W3h6PAMdOz.png"", ""name"": ""Base Zero"", ""origin_country"": ""IT""}]","[{""iso_3166_1"": ""IT"", ""name"": ""Italy""}]","[{""english_name"": ""Italian"", ""iso_639_1"": ""it"", ""name"": ""Italiano""}]","[""IT""]",null
171016,Border Cafe,Border Cafe,"The spoiled, hard-partying son of a senator runs away from home after being reprimanded by his father, finds himself down-on-his luck in a tiny western town, and is rehabilitated through the friendship and wisdom of a kind and patient rancher.",Flaming with love...blistering with thrills! A hot-headed youth from the U.S.A. meets romance mixed with gun play in a shady cantina!,Released,False,False,1937-06-04,67,0,0,1.2695,6.3,3,en,,tt0028648,/ae0lkCxIxMK1C6RZYPsKKI7CUJn.jpg,/vUS5lBXqzQEybYxMgxahTlTX9WY.jpg,"[{""id"": 37, ""name"": ""Western""}, {""id"": 10402, ""name"": ""Music""}, {""id"": 10749, ""name"": ""Romance""}]","[{""id"": 6, ""logo_path"": ""/n53F7K9scQWFXYbrCablqLKqJdp.png"", ""name"": ""RKO Radio Pictures"", ""origin_country"": ""US""}]","[{""iso_3166_1"": ""US"", ""name"": ""United States of America""}]","[{""english_name"": ""English"", ""iso_639_1"": ""en"", ""name"": ""English""}]","[""US""]",null
171019,Pony Soldier,Pony Soldier,"Duncan MacDonald, a 19th-century Royal Canadian Mountie, has to escort a group of Cree Indians back to their above-the-border reservation. His guide in this endeavor is the not-too-trustworthy half-breed Natayo.",Before the covered wagons...Before the charging cavalry...Rode the NORTHWEST MOUNTIE,Released,False,False,1952-04-01,82,0,0,1.243,6.056,27,en,,tt0045041,/vZynvTz4oVDlORA9Svrh6aBdjK0.jpg,/2JIBoackWntl3CoyeIQFcioujMH.jpg,"[{""id"": 37, ""name"": ""Western""}]","[{""id"": 25, ""logo_path"": ""/qZCc1lty5FzX30aOCVRBLzaVmcp.png"", ""name"": ""20th Century Fox"", ""origin_country"": ""US""}]","[{""iso_3166_1"": ""US"", ""name"": ""United States of America""}]","[{""english_name"": ""English"", ""iso_639_1"": ""en"", ""name"": ""English""}]","[""US""]",null
171024,Sophiatown,Sophiatown,"Little Bird's first South African production, SOPHIATOWN has won the award for Best Documentary at the Cape Town World Cinema Festival 2003.  SOPHIATOWN celebrates the great popular jazz music of the 1950's in South Africa; a rich tradition deserving international attention. Director Pascale Lamche, traces the music, uncovers the artists who created it and the unique culture in which it thrived, concentrated in Sophiatown, Johannesburg's own Harlem, which fuelled by liberation politics until its destruction by the Apartheid regime.  The film features Nelson Mandela and such household names from the jazz world as Hugh Masekela, Miriam Makeba, Abdullah Ibrahim, Jonas Gwangwa and Caiphus Semenya.",,Released,False,False,2003-08-16,82,0,0,0.1628,6.0,2,en,,tt0399675,,,[],"[{""id"": 13323, ""logo_path"": null, ""name"": ""Little Bird"", ""origin_country"": ""GB""}]","[{""iso_3166_1"": ""GB"", ""name"": ""United Kingdom""}, {""iso_3166_1"": ""IE"", ""name"": ""Ireland""}]","[{""english_name"": ""English"", ""iso_639_1"": ""en"", ""name"": ""English""}, {""english_name"": ""Afrikaans"", ""iso_639_1"": ""af"", ""name"": ""Afrikaans""}]","[""US"", ""GB"", ""IE""]",null
171026,Dino,Dino,A juvenile delinquent on parole receives support from a social worker and a girl from a slum.,First love... First thrills... First mistakes!,Released,False,False,1957-07-21,94,0,0,0.8727,7.2,4,en,,tt0050316,/p6WsNggc2uPKRcrtqUagyetJvJN.jpg,/e5rH8UQGnqmIolSSOjdtzNO7cUB.jpg,"[{""id"": 18, ""name"": ""Drama""}, {""id"": 80, ""name"": ""Crime""}]","[{""id"": 517, ""logo_path"": null, ""name"": ""Allied Artists"", ""origin_country"": ""US""}]","[{""iso_3166_1"": ""US"", ""name"": ""United States of America""}]","[{""english_name"": ""English"", ""iso_639_1"": ""en"", ""name"": ""English""}]","[""US""]",null
171032,Man of the Moment,Man of the Moment,Love blossoms after a young man rescues a pretty girl who attempted to drown herself.,,Released,False,False,1935-09-01,81,0,0,0.393,5.0,1,en,,tt0026675,/ww0H8MyoR6jRI4TRO0fbJffh8DL.jpg,,"[{""id"": 35, ""name"": ""Comedy""}]","[{""id"": 5301, ""logo_path"": null, ""name"": ""Warner Bros. First National"", ""origin_country"": ""US""}]","[{""iso_3166_1"": ""GB"", ""name"": ""United Kingdom""}]","[{""english_name"": ""German"", ""iso_639_1"": ""de"", ""name"": ""Deutsch""}, {""english_name"": ""French"", ""iso_639_1"": ""fr"", ""name"": ""Fran\u00e7ais""}, {""english_name"": ""English"", ""iso_639_1"": ""en"", ""name"": ""English""}]","[""US"", ""GB""]",null
171035,Geert Hoste: Kookt,Geert Hoste: Kookt,,,Released,False,False,2011-01-31,0,0,0,0.0256,6.5,1,nl,,,,,[],[],[],[],"[""NL""]",null
171036,In Search of the Miraculous,In Search of the Miraculous,"A film directed by Zivko Nicolic, script adaptation by Milan Peters based on the 1949 book by P.D.Ouspensky. Sidney:Fairway Films in association with Znak Productions Belgrade, 1998, 42 min. black &amp; white. Thoughtfully telescopes Ouspensky's book and glimpses of the teaching he received from Gurdjieff, interspersed with archival footage the Russia Revolution.",Fragments of an Unknown Teaching,Released,False,False,1998-01-04,42,0,0,0.0071,0.0,0,en,,,,,"[{""id"": 99, ""name"": ""Documentary""}]",[],[],[],"[""US""]",null
171037,Tony Tango,Tony Tango,"Tony, a Latin dance instructor with high cholesterol and an even higher belief in his own sex appeal, is a big fish in the small pond of his elderly dancing students. But when his family's dance studio is in danger of falling into the hands of his arch enemy, the cocky religious zealot Diego, he's got to compete against the big boys in high-stakes competition. To do that, he'll need the help of his coach Sam, a disgraced former dancing legend, and his partner, the sweet but high strung Helena, who's bitter at Tony for his tragic dance lesson with her grandma.",,Released,False,False,2015-06-15,86,0,0,0.2326,0.0,0,en,http://www.tonytangothemovie.com/sexcellent.html,tt1720280,/hRRwsekJi2E23BxylADpJHpAr26.jpg,,"[{""id"": 35, ""name"": ""Comedy""}]",[],[],"[{""english_name"": ""English"", ""iso_639_1"": ""en"", ""name"": ""English""}]","[""US""]",null
171040,Cubamerican,Cubamerican,"CUBAMERICAN is the story of how the Cuban Revolution shattered the Cuban family. Spanning the past 60 years of Cuban history, the film explores tragedy, loss, freedom, assimilation, struggle and success through the stories of Cuban exiles who have achieved success in the U.S.A. in the diverse fields of art, science, medicine, design, music, dance, literature, academia and sports. The film culminates with rumination on the future of Cuba, leaving a mosaic of a bittersweet exile experience.  Thematically, Cubamerican is a pro-immigrant story that highlights the absolute need for all of the world's people to be able to freely exercise their fundamental human rights.",,Released,False,False,2012-03-01,107,0,0,0.5292,0.0,0,en,http://cubamericanthemovie.com/,tt2081226,,,"[{""id"": 99, ""name"": ""Documentary""}]",[],[],"[{""english_name"": ""Spanish"", ""iso_639_1"": ""es"", ""name"": ""Espa\u00f1ol""}, {""english_name"": ""English"", ""iso_639_1"": ""en"", ""name"": ""English""}]","[""US""]",null
171045,Dead End,Dead End,"Carl Foster takes off on a well-deserved weekend break with his family knowing only too well that focus on work has impacted his relationship with his wife, young son, and teenage step-daughter. But after a short but restful break in the journey Carl awakens to find himself tied and bound in an old roadside diner, his family trussed and gagged next to him, and a disparate group of dirty, disheveled, vagrant-like undesirables keeping them captive. Only time will reveal who they are and what they want, but things are not everything they might seem.",Could you survive a breakdown?,Released,False,False,2012-03-08,82,0,0,0.831,4.1,16,en,,tt2393817,/2mzBjQF5zUYwBBBozG7WHE5zvDr.jpg,/4TvwB8gDO2lUwuuE4qhvXrUHYuA.jpg,"[{""id"": 27, ""name"": ""Horror""}, {""id"": 53, ""name"": ""Thriller""}]","[{""id"": 44975, ""logo_path"": null, ""name"": ""Whyte Booth Pictures"", ""origin_country"": """"}, {""id"": 13324, ""logo_path"": null, ""name"": ""Oceanstorm Films"", ""origin_country"": """"}]","[{""iso_3166_1"": ""GB"", ""name"": ""United Kingdom""}]","[{""english_name"": ""English"", ""iso_639_1"": ""en"", ""name"": ""English""}]","[""US"", ""GB""]",null
171046,Wolwedans In Die Skemer,Wolwedans In Die Skemer,"A young woman, Sonja Daneel, crashes her car near the spectacular Hotel Njala in Hazyview and loses her memory.  Upon her arrival at the hotel, she gets involved with an obsessed family whose lives are controlled by this spooky, eerie hotel. She also quickly discovers that family secrets and an obsession with the past haunt and control their every move.  Sonja soon falls in love with the enigmatic Ryno Lategan, a tour guide who befriends her and promises to help her regain her memory. But when a vicious axe murderer starts terrorising Sonja, she realizes that she has some strange connection to this hotel in her past and that this connection could cost her her life.  Things change when an eccentric investigator, Lieutenant Conrad Nolte and his assistant, Sergeant Berta van Schalkwyk, start investigating the murders at Hotel Njala and make some startling discoveries that even shock these two hardened investigators.",,Released,False,False,2012-10-05,110,1700000,0,0.4562,6.3,5,af,http://www.wolwedans-movie.com/,tt2188965,/5x0q84lLQVVpJqJWC7LQf8d1vxG.jpg,/rSnTLqa05w8vgVYMRswBubQ4EY3.jpg,[],[],"[{""iso_3166_1"": ""ZA"", ""name"": ""South Africa""}]","[{""english_name"": ""Afrikaans"", ""iso_639_1"": ""af"", ""name"": ""Afrikaans""}, {""english_name"": ""English"", ""iso_639_1"": ""en"", ""name"": ""English""}]","[""ZA""]",null
171048,"Dracula, Love is Stronger than Death","Dracula, l'amour plus fort que la mort","Dracula, Love is stronger than death is The Most Anticipated Movies of 2019 Looper.com ... he Kamel Ouali work was inspired by Bram Stoker's Dracula and by the film version by Francis Ford Coppola. A filmed version of the work was also shown on wide screens throughout France between 20 and 22 July 2012.",,Released,False,False,2011-09-29,0,0,0,0.0143,9.0,2,fr,,,,,"[{""id"": 27, ""name"": ""Horror""}]",[],[],"[{""english_name"": ""French"", ""iso_639_1"": ""fr"", ""name"": ""Fran\u00e7ais""}]","[""FR""]",null
171060,Sind denn alle netten Männer schwul,Sind denn alle netten Männer schwul,"After Mala caught her boyfriend cheating and kicked him out, she's fed up with men.",,Released,False,False,2001-05-31,96,0,0,0.4415,5.5,2,de,,tt0275350,,,"[{""id"": 35, ""name"": ""Comedy""}, {""id"": 18, ""name"": ""Drama""}, {""id"": 10770, ""name"": ""TV Movie""}]",[],"[{""iso_3166_1"": ""DE"", ""name"": ""Germany""}]","[{""english_name"": ""German"", ""iso_639_1"": ""de"", ""name"": ""Deutsch""}]","[""DE""]",null
171061,Below Sea Level,Below Sea Level,"During a five year period an Italian filmmaker documents the world of down-on-their-luck individuals who live in a Californian desert trying to get by one day at a time. None of them has more than a vehicle, a dog and some clothes.",,Released,False,False,2008-08-31,110,0,0,0.0908,6.4,21,en,,tt1270612,/fdEIRKZMS6XJXwQnxN9BKYEeuGU.jpg,/5qyNcOdKLiYPC5L7et1uO17e0iB.jpg,"[{""id"": 99, ""name"": ""Documentary""}]","[{""id"": 10488, ""logo_path"": null, ""name"": ""21 One Productions"", ""origin_country"": """"}]","[{""iso_3166_1"": ""US"", ""name"": ""United States of America""}, {""iso_3166_1"": ""IT"", ""name"": ""Italy""}]","[{""english_name"": ""English"", ""iso_639_1"": ""en"", ""name"": ""English""}]","[""US""]",null
171064,"Carlo Giuliani, a Boy","Carlo Giuliani, ragazzo","The film recounts Carlo Giuliani’s day of July 20 and, parallel to it, the July 20 of the march of the ‘disobedients’, or the ‘white overalls’, among whose ranks Carlo died.  An individual’s story is told in all its absolute concreteness, the friends he meets, the snack bar he goes to for a bite, the roll of scotch tape he picks up on the street; whereas a multitude’s story is told in all its epic tragedy, the night under the rain, the colossal preparation against the march, the advance behind shields, the attack of which the multitude was victim, the defense that gets organized.",,Released,False,False,2002-03-22,75,0,0,0.0624,6.8,6,it,,tt0317216,/xCEDN0BD6b8ZBd9NmS0kA5xlcfF.jpg,/aluhH4QDVWOnB6drsy21j4tVDhC.jpg,"[{""id"": 99, ""name"": ""Documentary""}]","[{""id"": 13326, ""logo_path"": null, ""name"": ""Mauro Berardi per Luna Rossa Cinematografica"", ""origin_country"": ""IT""}]","[{""iso_3166_1"": ""IT"", ""name"": ""Italy""}]","[{""english_name"": ""Italian"", ""iso_639_1"": ""it"", ""name"": ""Italiano""}]","[""IT""]",null
171070,Animali che attraversano la strada,Animali che attraversano la strada,"In a Roman suburb, 14-year-old Martina, a child prostitute, navigates life with her father’s unacknowledged paternity, her mother’s profession, and a younger sister. She forms bonds with a slightly older boy, Sciu, and a fellow petty criminal. However, their lives take a turn when a young police officer becomes interested in protecting them from her superiors. When Martina refuses to become a police informant, tensions escalate, threatening to disrupt their fragile alliance.",,Released,False,False,2000-06-20,91,0,0,0.189,0.0,0,it,,tt0268935,,,[],"[{""id"": 13328, ""logo_path"": null, ""name"": ""Gaundri Film"", ""origin_country"": """"}, {""id"": 1583, ""logo_path"": ""/gKP4egMJOi5rksdnplfPV1wa0sd.png"", ""name"": ""RAI"", ""origin_country"": ""IT""}]","[{""iso_3166_1"": ""IT"", ""name"": ""Italy""}]",[],"[""IT""]",null
171071,Nietzsche and the Nazis,Nietzsche and the Nazis,"Adolf Hitler and his Nazi Party drew upon the works of famous philosopher Friedrich Nietzsche to justify their World War II atrocities and quest for power. In this documentary, professor Stephen Hicks explores Nietzsche's teachings and determines whether the Nazis correctly interpreted their meaning. History buffs and philosophy enthusiasts alike will appreciate the thorough examination Hicks conducts of this controversial topic.","A personal view by Stephen Hicks, Ph.D.",Released,False,False,2006-09-20,165,10,0,0.0338,0.0,0,en,,tt2215351,/qYb7ofEf61fBodvagEWTs4cSAiN.jpg,/mDjzWNTE5gEgJ8rLx40ULHZh0Lz.jpg,"[{""id"": 99, ""name"": ""Documentary""}]",[],[],"[{""english_name"": ""English"", ""iso_639_1"": ""en"", ""name"": ""English""}]","[""US""]",null
171073,Father,Isa,"How to be a father. A one-man play written in 2007 by Icelandic playwright, director, actor and producer Bjarni Haukur Þórsson. “Father” is the logical chronological successor to “Caveman.” In this play, the protagonist examines the next stage of man-woman cohabitation and the core values and goals of family life.",,Released,False,False,2012-02-23,113,0,0,0.3486,9.0,1,et,,,,,"[{""id"": 35, ""name"": ""Comedy""}]","[{""id"": 41567, ""logo_path"": null, ""name"": ""Monoteater"", ""origin_country"": """"}]","[{""iso_3166_1"": ""EE"", ""name"": ""Estonia""}]","[{""english_name"": ""Estonian"", ""iso_639_1"": ""et"", ""name"": ""Eesti""}]","[""EE""]",null
171075,Crooks Anonymous,Crooks Anonymous,"A former burglar trying to go straight joins a rehabilitation scheme using much the same methods as AA. Through the process, he takes work as a department store Santa, where the endless parade of goods and money, not to mention the pretty young shop hands have him like a moth to a flame in no time flat.","No one ever turned on the HEAT and HILARITY Like ""Crooks Anonymous""",Released,False,False,1962-03-31,88,0,0,0.7444,5.9,23,en,,tt0055875,/uxyFKMoV7eaIiDe8dxywPBDpa8e.jpg,/oPX94PSL9ywLIDIWekiIS6ElV95.jpg,"[{""id"": 35, ""name"": ""Comedy""}, {""id"": 80, ""name"": ""Crime""}]","[{""id"": 4913, ""logo_path"": null, ""name"": ""Independent Artists"", ""origin_country"": ""GB""}]","[{""iso_3166_1"": ""GB"", ""name"": ""United Kingdom""}]","[{""english_name"": ""English"", ""iso_639_1"": ""en"", ""name"": ""English""}]","[""US"", ""GB""]",null
171084,Tina Turner : Celebrate!,Tina Turner : Celebrate!,"Tina Turner celebrates her 60th birthday with this unbelievable 1999 concert. Turner performs a variety from her repertoire from throughout her entire career – her beginnings with Ike Turner, the 80’s resurgence and later career material. Hits featured are 'River Deep, Mountain High', 'What's Love Got to Do With It', 'Nutbush City Limits', 'The Best' and '24/7'.",,Released,False,True,1999-11-26,86,0,0,1.2383,8.7,3,de,,tt0262832,/5iRALSqo8V25KZFB6Ybrr2L1ng7.jpg,/3yJCGeV4c4H0eMojckyva9vMATd.jpg,"[{""id"": 10402, ""name"": ""Music""}]","[{""id"": 220965, ""logo_path"": null, ""name"": ""Teamwork Productions Inc"", ""origin_country"": """"}, {""id"": 3633, ""logo_path"": null, ""name"": ""EMI Records Ltd."", ""origin_country"": """"}]","[{""iso_3166_1"": ""GB"", ""name"": ""United Kingdom""}]","[{""english_name"": ""English"", ""iso_639_1"": ""en"", ""name"": ""English""}]","[""DE"", ""GB""]",null
171085,Escoriandoli,Escoriandoli,,,Released,False,False,1996-09-07,0,0,0,0.2971,6.5,11,it,,tt0150484,/AlXh8G67VIfkcFBiSbjSkMh3nrY.jpg,/uZThgPQDQVpqQKkdrXpseDAsmUc.jpg,"[{""id"": 35, ""name"": ""Comedy""}]","[{""id"": 107083, ""logo_path"": null, ""name"": ""Digital Film"", ""origin_country"": ""IT""}]","[{""iso_3166_1"": ""IT"", ""name"": ""Italy""}]","[{""english_name"": ""Italian"", ""iso_639_1"": ""it"", ""name"": ""Italiano""}]","[""IT""]",null
171089,Attenti a quei P2,Attenti a quei P2,Attenti a quei P2 (Beware of those P2s) is a satirical parody of the judicial affair concerning the P2 Masonic lodge.,,Released,False,False,1982-03-19,96,0,0,0.4197,4.4,8,it,,tt0199339,/sLp7bkPQnPRXC4iSpEBzzPEbDR7.jpg,/uRcFsJmXPnShBhDSfXR1aSg0lvV.jpg,"[{""id"": 35, ""name"": ""Comedy""}]","[{""id"": 4420, ""logo_path"": ""/pXxqTCJMn9dgFUsANd2eCZxRDEa.png"", ""name"": ""Clemi Cinematografica"", ""origin_country"": ""IT""}]","[{""iso_3166_1"": ""IT"", ""name"": ""Italy""}]","[{""english_name"": ""Italian"", ""iso_639_1"": ""it"", ""name"": ""Italiano""}]","[""IT""]",null
171099,Captured!,Captured!,"While waiting out World War I in a German POW camp, Captain Fred Allison discovers that his oldest and dearest friend Digby has also been captured and put into the same camp with him.  Fred longs for news of his wife, Monica, but Digby speaks little of her.  Digby knows a secret about Monica, a secret he must keep from his friend, and it wears at his conscience so much that he attempts a reckless escape.",,Released,False,False,1933-08-19,69,0,0,0.9404,5.3,10,en,,tt0023872,/AoFSaYSktzDzPeJ2MC7h0MJvaKU.jpg,/yr5bHBEHSvJikz61c3fpgclQQXA.jpg,"[{""id"": 18, ""name"": ""Drama""}, {""id"": 10749, ""name"": ""Romance""}, {""id"": 10752, ""name"": ""War""}]",[],[],"[{""english_name"": ""English"", ""iso_639_1"": ""en"", ""name"": ""English""}]","[""US""]",null
171100,"Eric & Ramzy - Les mots, l'intégrale","Eric & Ramzy - Les mots, l'intégrale",,,Released,False,True,2008-10-14,0,0,0,0.1106,5.6,4,fr,,,/yiCBEARtcrG8ge8kvu1YSAymTyp.jpg,/1MgAx8qHpBwbGdrqlNdlvFd23GO.jpg,"[{""id"": 35, ""name"": ""Comedy""}]",[],[],"[{""english_name"": ""French"", ""iso_639_1"": ""fr"", ""name"": ""Fran\u00e7ais""}]","[""FR""]",null
171102,Tina Turner: All the Best - The Live Collection,Tina Turner - All The Best - The Live Collection,"Steamy Windows (94 Montage) Show Some Respect (85 Private Dancer) I Can't Stand The Rain (94 What's Love Live) River Deep Mountain High (96 Wildest Dreams) Missing You (96 Wildest Dreams) GoldenEye (96 Wildest Dreams) Addicted To Love (96 Wildest Dreams) Private Dancer (00 One Last Time) Let's Stay Together (96 Wildest Dreams) What's Love Got To Do With It (85 Private Dancer) I Don't Wanna Fight (94 What's Love Live) In Your Wildest Dreams (96 Wildest Dreams) When The Heartache Is Over (00 One Last Time) We Don't Need Another Hero (00 One Last Time) It's Only Love (85 Private Dancer) Bryan Adams Tonight (85 Private Dancer) David Bowie Nutbush City Limits (96 Wildest Dreams) Better Be Good To Me (00 One Last Time) Proud Mary (96 Wildest Dreams) Whatever You Need (00 One Last Time) The Best (94 What's Love Live) Be Tender With Me Baby (90 Foreign Affair) Open Arms (04 Parkinson) Paradise Is Here (Promo) Cose Della Vita (97 Video)  Eros Ramazzotti Interview",,Released,False,True,2005-02-28,154,0,0,0.2344,7.5,4,en,,,/8NWBzs6Och5AoaCM3Pcl3DiroJf.jpg,/usi5057TvWm2CCz6YkKD8WUWkn6.jpg,"[{""id"": 10402, ""name"": ""Music""}]","[{""id"": 538, ""logo_path"": ""/oGpxL5lFf8VpWsAQ6tut0on25LW.png"", ""name"": ""EMI Films"", ""origin_country"": ""GB""}, {""id"": 186582, ""logo_path"": null, ""name"": ""Capitol Music"", ""origin_country"": """"}, {""id"": 19669, ""logo_path"": null, ""name"": ""Parlophone"", ""origin_country"": """"}]","[{""iso_3166_1"": ""US"", ""name"": ""United States of America""}]","[{""english_name"": ""English"", ""iso_639_1"": ""en"", ""name"": ""English""}]","[""US""]",null
171104,Bon Iver: Bonnaroo 2012,Bon Iver: Bonnaroo 2012,"1. Perth  2. Minnesota, WI  3. Brackett, WI  4. Michicant  5. Creature Fear  6. Team  7. Blood Bank  8. Hinnom, TX  9. Wash.  10. Towers  11. Holocene  12. Skinny Love  13. Calgary  14. Lisbon, OH  15. Beth/Rest  16. The Wolves (Act I and II)  17. For Emma",,Released,False,False,2012-06-11,70,0,0,0.0168,0.0,0,en,,,,,[],[],[],[],"[""US""]",null
171105,Rentadick,Rentadick,"Armitage runs a chemical company that is on the verge of producing a gas that causes temporary disability. Clearly the military want it but it is also sought by a group of Japanese. Both Armitage and Madam Greenfly hire different people in the same detective agency to guard the gas and steal it respectively... confusion, double crosses and hilarity ensue...",We can't describe it to you... You'll just have to see it. Then see it again.,Released,False,False,1972-12-31,94,0,0,0.8459,3.8,11,en,,tt0069174,/gKnqUYWJA6HyWuEWBC750SAHdxI.jpg,/ocbA5LD65Q5dZ7ba3NwKTieX73n.jpg,"[{""id"": 35, ""name"": ""Comedy""}]","[{""id"": 45955, ""logo_path"": null, ""name"": ""David Paradine Productions"", ""origin_country"": ""GB""}, {""id"": 364, ""logo_path"": null, ""name"": ""The Rank Organisation"", ""origin_country"": ""GB""}, {""id"": 3150, ""logo_path"": null, ""name"": ""Virgin Films"", ""origin_country"": ""GB""}]","[{""iso_3166_1"": ""GB"", ""name"": ""United Kingdom""}]","[{""english_name"": ""English"", ""iso_639_1"": ""en"", ""name"": ""English""}]","[""GB""]",null
171106,Kirara,Kirara,"While heading towards her own wedding, Kirara Imai dies in a car accident. Deeply frustrated for being unable to accomplish her dreams beside Konpei Asai, she asks for the opportunity of being with him once again. Kirara is able to return, but she goes back eight years in time as a ghost. There she is able to meet Konpei and herself when they still weren't a couple.",,Released,False,False,2000-09-20,39,0,0,1.6765,4.9,10,ja,,tt7141112,/8cBEuN1pFshcRBshDRz3YeQPE5Q.jpg,/q75KCCvzdMrt8vzhxVw6vTn5Pgo.jpg,"[{""id"": 10749, ""name"": ""Romance""}, {""id"": 35, ""name"": ""Comedy""}, {""id"": 16, ""name"": ""Animation""}]","[{""id"": 50437, ""logo_path"": ""/8jq5FaCCOGeayLOuyCS5HX6PkcL.png"", ""name"": ""Ashi Productions"", ""origin_country"": ""JP""}]","[{""iso_3166_1"": ""JP"", ""name"": ""Japan""}]","[{""english_name"": ""Japanese"", ""iso_639_1"": ""ja"", ""name"": ""\u65e5\u672c\u8a9e""}]","[""JP""]",null
171107,Looking for Larisa,Buscando a Larisa,"One day filmmaker Andres Pardo stumbles across 2,000 feet of Super 8 family footage at a flea market. Featured in all these 1970's home movies is a lovely young blond-haired girl, Larisa. Teaming up with a photographer friend, Pardon decides to investigate, uncovering the fascinating story behind the footage.",,Released,False,False,2012-03-04,79,0,0,0.1123,6.8,4,es,,tt2300817,/l7ADDlRPqecvEAgRZ51DLcldhKF.jpg,/kt850HGPMdNQ7KbhkekDwfzeNfl.jpg,"[{""id"": 99, ""name"": ""Documentary""}]","[{""id"": 188214, ""logo_path"": null, ""name"": ""K3 Films"", ""origin_country"": """"}, {""id"": 188215, ""logo_path"": null, ""name"": ""Plataforma"", ""origin_country"": """"}]","[{""iso_3166_1"": ""MX"", ""name"": ""Mexico""}]","[{""english_name"": ""Spanish"", ""iso_639_1"": ""es"", ""name"": ""Espa\u00f1ol""}]","[""MX""]",null
171108,Disney's Sing-Along Songs: Under the Sea,Disney's Sing-Along Songs: Under the Sea,"Dive with some unforgettable Disney characters as Professor Ludwig Von Drake takes you to a Sing-Along on some watery tunes with on-screen lyrics. Each Disney song is featured through movie clips from The Little Mermaid, Peter Pan, The Sword In The Stone, 20,000 Leagues Under The Sea, The Rescuers, and some Disney scenes.",,Released,False,True,1990-08-14,28,0,0,0.314,8.3,6,en,,tt0285021,/mfreBwL8fInCO7lIHFqy15tjGs2.jpg,/nfeqHRABXfmaDcBUvzvkeGMKwy0.jpg,"[{""id"": 10751, ""name"": ""Family""}, {""id"": 16, ""name"": ""Animation""}]","[{""id"": 126540, ""logo_path"": ""/eNwCQbBPAfDL8U4JUvBgyaKtth2.png"", ""name"": ""Walt Disney Home Video"", ""origin_country"": ""US""}]","[{""iso_3166_1"": ""US"", ""name"": ""United States of America""}]","[{""english_name"": ""English"", ""iso_639_1"": ""en"", ""name"": ""English""}]","[""US""]",null
171110,Radiohead: Bonnaroo 2012,Radiohead: Bonnaroo 2012,SETLIST: 1 Bloom --2 15 Step --3 Kid A --4 Weird Fishes/Arpeggi --5 Staircase --6 The Daily Mail --7 I Might Be Wrong --8 The Gloaming --9 Separator --10 Nude --11 Morning Mr. Magpie --12 Identikit --13 Lotus Flower --14 There There --15 Karma Police --16 Feral --17 Idioteque --18 You and Whose Army? --19 House of Cards --20 Supercollider --21 Bodysnatchers --22 Everything in Its Right Place [with 'True Love Waits' intro] --23 Give Up the Ghost --24 Reckoner --25 Paranoid Android,"June 08, 1012 Bonnaroo Festival, Great Stage Park Manchester, Tennessee USA",Released,False,False,2012-06-09,140,0,0,0.1129,7.2,2,en,https://radiohead.com/library/#tkol/2012-06-08-bonnaroo,,/v1vT6ZMNcSAiXNbgGyXzARgI0yh.jpg,/b2VZHQdJSM45vPz2beGAPORxBUL.jpg,"[{""id"": 10402, ""name"": ""Music""}]",[],[],"[{""english_name"": ""English"", ""iso_639_1"": ""en"", ""name"": ""English""}]","[""US""]",null
171112,Deadly Detour,Deadly Detour,"When two carloads of friends were headed to Florida the only thing on their minds were sex, booze, drugs, and rock and roll. When a case of engine trouble  sidelines the group in rural Maryland it begins a downward spiral into heinous  acts of killing and depravity. One by one they encounter something in the woods,  an abomination of nature and science. These friends wanted a trip they would never forget and that is exactly what they got when their trip turned into a... Deadly Detour.",,Released,False,False,2011-04-02,75,0,0,0.0797,2.4,6,en,,tt1861307,/iMQoKgtAPvWcu62sIdyB13wY6GD.jpg,,"[{""id"": 27, ""name"": ""Horror""}]","[{""id"": 51830, ""logo_path"": null, ""name"": ""Maniac Films"", ""origin_country"": """"}]","[{""iso_3166_1"": ""US"", ""name"": ""United States of America""}]","[{""english_name"": ""English"", ""iso_639_1"": ""en"", ""name"": ""English""}]","[""US""]",null
171116,Odyssey – A Climbing Road Movie,Odyssey – A Climbing Road Movie,"‘Odyssey’ is a road movie that celebrates the best of British trad climbing. From the bold Northumberland sandstone to the raging sea cliffs of Gogarth, four World-class climbers (James Pearson, Hazel Findlay, Hansjorg Auer and Caroline Ciavaldini) embark on a road-trip to attempt some of the most fierce and inspiring routes in the UK. Cinematic filmmaking, cutting edge traditional climbing and a 7.5 ton converted truck – the Odyssey begins!",,Released,False,False,,66,0,0,0.0,0.0,0,en,http://hotaches.com/climbing-films/odyssey/,,,,[],[],[],[],"[""US""]",null
171118,"Watch the Skies!: Science Fiction, the 1950s and Us","Watch the Skies!: Science Fiction, the 1950s and Us","Directors Stephen Spielberg, George Lucas, Ridley Scott and James Cameron discuss the science fiction movies of the 1950s that influenced them.",,Released,False,False,2005-07-05,56,0,0,0.4046,6.5,10,en,,tt0469222,/4eFRoHcQqGCrxOOWgAEGU8UH668.jpg,/AjqRq480UTb4WLPHSWbkZ4cMx3v.jpg,"[{""id"": 99, ""name"": ""Documentary""}, {""id"": 10770, ""name"": ""TV Movie""}]","[{""id"": 14773, ""logo_path"": null, ""name"": ""Lorac Productions"", ""origin_country"": ""US""}, {""id"": 10915, ""logo_path"": ""/9NERkCpElyvb6RWNnWp4G4XWAKa.png"", ""name"": ""Turner Classic Movies"", ""origin_country"": ""US""}]","[{""iso_3166_1"": ""US"", ""name"": ""United States of America""}]","[{""english_name"": ""English"", ""iso_639_1"": ""en"", ""name"": ""English""}]","[""US""]",null
171119,Charlie's Son,Ο Γιος Του Τσάρλυ,"The story takes place in a port controlled by Charlie the Greek and his criminal band. There are two things Charlie hates: drugs and homosexuality. But both are part of his life: he is madly in love with Joy who is a junkie, though he denies it even to himself. And regarding the homosexuality issue, his right hand, Tony, has an amorous relationship with a transsexual who is part of a group of trans-prostitutes. Ignoring Charlie's adamant orders, the transvestites work the streets around the port, with the help of Tony, who secretly supports them",,Released,False,False,2008-11-21,101,0,0,0.4044,3.5,2,el,,tt1321389,/hleKcFco5HGn1orH96wX13jtVf2.jpg,/1RmmoZgwX7jDxSxJGNPS7jxy3pv.jpg,"[{""id"": 12, ""name"": ""Adventure""}, {""id"": 18, ""name"": ""Drama""}]",[],[],"[{""english_name"": ""Greek"", ""iso_639_1"": ""el"", ""name"": ""\u03b5\u03bb\u03bb\u03b7\u03bd\u03b9\u03ba\u03ac""}]","[""GR""]",null
171120,The Mistress Club,The Mistress Club,"When three women get cheated on by their husbands they decide to get even and open up The Mistress Club, where seduction is the name of the game and forbidden sex is the natural outcome.",Revenge was never this sexy!,Released,False,False,2000-12-31,85,0,0,1.2886,3.0,6,en,,tt0223744,/4FMIc6ryct7CXTN5IfTqfwusvJI.jpg,/4bBGSAiH1LynNFTrM1qTfvay5Sc.jpg,"[{""id"": 10749, ""name"": ""Romance""}]","[{""id"": 4703, ""logo_path"": null, ""name"": ""Shadow Entertainment"", ""origin_country"": """"}, {""id"": 4867, ""logo_path"": ""/ifNDQE2NMX3QAJgX0517FZMkLq5.png"", ""name"": ""Full Moon Entertainment"", ""origin_country"": ""US""}]","[{""iso_3166_1"": ""US"", ""name"": ""United States of America""}]","[{""english_name"": ""English"", ""iso_639_1"": ""en"", ""name"": ""English""}]","[""US""]",null
171127,Over My Dead Body,على جثتي,"Raouf is an interior designer and an owner of a home furniture gallery. He is a very suspicious person when it comes to dealing with all people around him.  It is only when he goes into a coma, he started to realise his mistakes and discover what all his friends and family think of him. Is it too late ?",,Released,False,False,2013-01-13,106,0,2411748,0.5695,6.1,32,ar,,tt2639664,/3XlSTDPYStmROqpF3qW4mjQmkoy.jpg,/9hGZTY08GhbIxZli5x075Lh3f3Y.jpg,"[{""id"": 35, ""name"": ""Comedy""}]","[{""id"": 98982, ""logo_path"": ""/THaGtAgks7GCcMsE4UZCTCJw2j.png"", ""name"": ""New Century Art Production"", ""origin_country"": ""EG""}, {""id"": 83708, ""logo_path"": ""/AnDEtKpQaabPbTjOkCMa7QPzH6a.png"", ""name"": ""Shadows Communications"", ""origin_country"": ""EG""}]","[{""iso_3166_1"": ""EG"", ""name"": ""Egypt""}]","[{""english_name"": ""Arabic"", ""iso_639_1"": ""ar"", ""name"": ""\u0627\u0644\u0639\u0631\u0628\u064a\u0629""}]","[""EG""]",null
171128,The Cayman Triangle,The Cayman Triangle,"Filmed in 1977 in the Cayman Islands, The Cayman Triangle shows just how crazy the local pirates were back in their heyday, and just how far the islands have come since.  Join the original swashbuckling Pirate Durty Reid Walker and other pirates if the Camyan Triangle as they wreak havoc among the locals and themselves across the Caribbean... and in the process, almost start World War III!",,Released,False,False,1977-10-01,92,0,0,0.0643,0.0,0,en,,tt0178311,,,"[{""id"": 35, ""name"": ""Comedy""}]",[],"[{""iso_3166_1"": ""US"", ""name"": ""United States of America""}]",[],"[""US""]",null
171129,The Nutt House,The Nutt House,"Two identical twins, separated since infancy, meet after 30 years causing a series of mistaken identity and crisis for all involved.",Sometimes you feel like a nut... sometimes you are,Released,False,False,1992-09-10,94,0,0,1.5298,2.7,16,en,,tt0105034,/36uKt2t1fCt9idkicqCBEbGYGjD.jpg,/1LfzQMJrPobTAilGKSwXujUTJSZ.jpg,"[{""id"": 35, ""name"": ""Comedy""}]","[{""id"": 47031, ""logo_path"": null, ""name"": ""Capella"", ""origin_country"": """"}, {""id"": 36899, ""logo_path"": null, ""name"": ""Connexion Film"", ""origin_country"": ""DE""}]","[{""iso_3166_1"": ""US"", ""name"": ""United States of America""}]","[{""english_name"": ""English"", ""iso_639_1"": ""en"", ""name"": ""English""}]","[""US""]",null
171130,Starlift,Starlift,"To impress a movie star, a U.S. Air Force crewman pretends he is soon to see combat. When his lie gets out, chaos ensues.",18 Stars are in it... and more wonders than you can count!,Released,False,False,1951-12-14,103,0,0,1.0169,6.1,5,en,,tt0044070,/xYqPwdxqJfbT8iQhd56gAqUhtcY.jpg,/sH0hOWBZ2ENWVGeQofy3VoQ3vWe.jpg,"[{""id"": 10402, ""name"": ""Music""}]","[{""id"": 174, ""logo_path"": ""/zhD3hhtKB5qyv7ZeL4uLpNxgMVU.png"", ""name"": ""Warner Bros. Pictures"", ""origin_country"": ""US""}]","[{""iso_3166_1"": ""US"", ""name"": ""United States of America""}]","[{""english_name"": ""French"", ""iso_639_1"": ""fr"", ""name"": ""Fran\u00e7ais""}, {""english_name"": ""English"", ""iso_639_1"": ""en"", ""name"": ""English""}]","[""US""]",null
171133,Mixed Nuts,Mixed Nuts,"Oddly enough for a Roach comedy the premise of MIXED NUTS is grounded in topical political satire aimed at the New Deal, although the satire is of a very lightweight (and light-hearted) nature. The film begins at a city council meeting where an unidentified politician announces that the government has released $50,000 for the relief of unemployed plumbers. This prompts applause, but also a pointed question from an angry woman who wants to know what the government is going to do for the members of her profession: chorus girls. The politician glibly replies that the administration has set aside money—two million dollars, no less!—for the re-education of chorus girls, ""to fit them for the better things in life.""",,Released,False,False,1934-02-16,20,0,0,0.159,6.2,3,en,,tt0024344,/tFc0ltBKQ9xQyCOGwci9n2tOPQj.jpg,,[],[],[],[],"[""US""]",null
171134,Brian Wilson Presents: Pet Sounds – Live in London,Brian Wilson Presents: Pet Sounds – Live in London,Brian Wilson and his ten-piece rock & roll orchestra perform seminal 1966 album Pet Sounds at the Royal Festival Hall in London during their 2002 tour.,,Released,False,False,2003-10-28,57,0,0,0.112,8.0,1,en,,tt5949904,/8uWLcysvmDR4DNhbrKq0LZLuOjm.jpg,/xPbttaN6OenmrsUq8Z3ngG8bR7D.jpg,"[{""id"": 10402, ""name"": ""Music""}]",[],[],"[{""english_name"": ""English"", ""iso_639_1"": ""en"", ""name"": ""English""}]","[""US""]",null
171136,Deadly Harvest,Fleisch,"Marisa and Frank honeymoon in South Africa. A particularly favourable offer lures them to a lonely and run-down hotel. There, they are attacked by men. Frank is beaten and kidnapped, while Marisa barely escapes. She receives help from the young South African Biko, who helps her to escape the men.  Marisa and Biko find out that people are abducted to be cannibalized for the trade in organs. Finally, the two try to find frank and save him.",,Released,False,False,2008-02-18,90,0,0,0.6581,6.5,4,de,,tt1178561,/sRFwf6NSeGEGQx3GkfqV6W3bL7E.jpg,,"[{""id"": 53, ""name"": ""Thriller""}, {""id"": 18, ""name"": ""Drama""}]","[{""id"": 13334, ""logo_path"": null, ""name"": ""Lionheart Entertainment"", ""origin_country"": ""DE""}, {""id"": 2602, ""logo_path"": null, ""name"": ""Two Oceans Production"", ""origin_country"": """"}]","[{""iso_3166_1"": ""DE"", ""name"": ""Germany""}, {""iso_3166_1"": ""ZA"", ""name"": ""South Africa""}]","[{""english_name"": ""German"", ""iso_639_1"": ""de"", ""name"": ""Deutsch""}]","[""DE""]",null
171137,Men Summer,Vyrų vasara,"This historical detective story portrays a dramatic life situation in post-war Lithuania. After the Soviets occupied Lithuania, many young men took up arms and went to the woods to resist.",,Released,False,False,1970-09-05,89,0,0,0.1793,8.0,1,lt,,tt0378406,/tV5N6Rl7kEkYINMeaqcB6QN9lQd.jpg,/sicyCF37Oq984XnvvHOi0c2QSuT.jpg,"[{""id"": 80, ""name"": ""Crime""}, {""id"": 9648, ""name"": ""Mystery""}]","[{""id"": 150928, ""logo_path"": null, ""name"": ""Lithuanian Film Studio"", ""origin_country"": ""SU""}]","[{""iso_3166_1"": ""SU"", ""name"": ""Soviet Union""}]","[{""english_name"": ""Lithuanian"", ""iso_639_1"": ""lt"", ""name"": ""Lietuvi\u0173""}]","[""SU""]",null
171139,Wide Boyz,Wide Boyz,"From acclaimed directors Paul Diffley and Chris Alstrin comes a wild journey through the strange sub-culture of offwidth crack climbing.  Join two brave British lads, Pete Whittaker and Tom Randall, as they take on the decidedly American sport of climbing bloody, painful and often dangerous cracks that require wedging body parts into places they weren't meant to be.  Randall and Whittaker's ultimate goal is to make the first ascent of a renowned offwidth test-piece known as Century Crack, which looms above the forgotten lands deep in the Utah desert.  If they can achieve this unlikely climb from under the noses of the competitive Americans, it will be a coup for these young up-starts, but the odds are stacked against them.",,Released,False,False,2012-11-15,50,0,0,0.3043,10.0,1,en,http://hotaches.com/climbing-films/wide-boyz/,tt3121430,/fpzu170qqkfj7YM7x2kpGREN4jR.jpg,,"[{""id"": 12, ""name"": ""Adventure""}, {""id"": 99, ""name"": ""Documentary""}]","[{""id"": 12055, ""logo_path"": null, ""name"": ""Hot Aches"", ""origin_country"": """"}]","[{""iso_3166_1"": ""GB"", ""name"": ""United Kingdom""}]","[{""english_name"": ""English"", ""iso_639_1"": ""en"", ""name"": ""English""}]","[""US"", ""GB""]",null
171142,Brian Wilson: Songwriter 1969-1982,Brian Wilson: Songwriter 1969-1982,"With historical performances and classic recordings reassessed by a panel of esteemed experts, this documentary film provides a fantastic insight into this often overlooked part of Brian's career.",,Released,False,False,2014-01-01,134,0,0,0.378,9.0,1,en,,tt4147284,/7W5BPWQgQtY3r73dk4N7rE8zikw.jpg,,"[{""id"": 99, ""name"": ""Documentary""}, {""id"": 10402, ""name"": ""Music""}]",[],[],"[{""english_name"": ""English"", ""iso_639_1"": ""en"", ""name"": ""English""}]","[""US""]",null
171144,Remo Williams: The Prophecy,Remo Williams: The Prophecy,"This unsold television pilot was a sequel to the 1985 movie ""Remo Williams: The Adventure Begins."" Set one year after the events of that film (and loosely based on the plot of the novella ""The Day Remo Died""), this TV pilot not only included footage from the 1985 film in its opening credits, but it also included a musical score from Craig Safan, who also scored the Remo feature film.",,Released,False,False,1988-08-15,50,0,0,0.6323,3.0,3,en,,tt0236677,,,"[{""id"": 28, ""name"": ""Action""}, {""id"": 12, ""name"": ""Adventure""}, {""id"": 35, ""name"": ""Comedy""}, {""id"": 10770, ""name"": ""TV Movie""}]",[],[],"[{""english_name"": ""English"", ""iso_639_1"": ""en"", ""name"": ""English""}]","[""US""]",null
171145,Oregon - 23 Internationale Jazzfestival Viersen 2009,Oregon - 23 Internationale Jazzfestival Viersen 2009,,,Released,False,False,2009-09-17,0,0,0,0.0214,3.8,2,it,,,,,"[{""id"": 10402, ""name"": ""Music""}]",[],[],[],"[""IT""]",null
171147,Dennis the Menace,Dennis the Menace,"While digging in his front garden, Dennis finds a big bone. To prove it's from a dinosaur, he persuades his father to invite an old buddy of him, Bowen Skyler III, who's a famous 'dinosaur hunter'. Being desperate for publicity, Skyler informs press and television... and starts a paleontologic dig in their front garden.",This movie puts Henk Ketcham's comic figure 'Dennis' into real life!,Released,False,False,1987-09-18,118,35000000,117270765,0.5663,5.2,12,en,,tt0092871,/7x25op1ylIvndgGH3HtKMTJ1sEa.jpg,/510UNFQ90yM9eS0bt4nTdfIZdK8.jpg,"[{""id"": 10751, ""name"": ""Family""}, {""id"": 35, ""name"": ""Comedy""}]","[{""id"": 78842, ""logo_path"": ""/3pMFjg6ItAXjXtmV1vMIfnI2kZG.png"", ""name"": ""Coca-Cola Telecommunications"", ""origin_country"": ""US""}, {""id"": 20477, ""logo_path"": ""/u0zjebYOFWdLcpR4hxE8o2zwHKQ.png"", ""name"": ""DiC Entertainment"", ""origin_country"": ""US""}]","[{""iso_3166_1"": ""US"", ""name"": ""United States of America""}]","[{""english_name"": ""Portuguese"", ""iso_639_1"": ""pt"", ""name"": ""Portugu\u00eas""}]","[""US""]",null
171148,Brian Wilson Presents SMiLE,Brian Wilson Presents SMiLE,An entire live performance of the work in Los Angeles.,,Released,False,False,2005-06-12,51,1000000,0,0.0725,6.0,3,en,,tt1607595,/bjqYwss1wHJAcVcdR2tIktGpB9Z.jpg,/5JF0eBMkuR7tKnCkxTX7OweHzpo.jpg,"[{""id"": 10402, ""name"": ""Music""}]",[],"[{""iso_3166_1"": ""US"", ""name"": ""United States of America""}]","[{""english_name"": ""English"", ""iso_639_1"": ""en"", ""name"": ""English""}]","[""US""]",null
171155,The Beast Rising from the Sea,"Žvėris, kylantis iš jūros","Based on a novel by Evgeny Zamyatin. In 1920s Petrograd, childless couple Trofim and his wife Sofya adopt their late neighbor’s daughter, thirteen-year-old Ganka, only for Ganka to begin a scandalous affair with her foster father. When Sofya’s despair over the incest drives her to murder Ganka with an axe and conceal the body during a flood, Trofim reports her “missing” to the police, who never recover the corpse. Sofya later becomes pregnant, confesses to the killing, and Trofim, moved by love and guilt, offers to take the blame, though the skeptical investigator doubts any crime occurred.",,Released,False,False,1992-06-06,107,0,0,0.0071,8.0,1,en,,tt3618568,/1bjPVrxedrkmKcauA6fuhcOKIeK.jpg,/yjcjGMaGuDZ2YpV9wXXYTCJWzv2.jpg,"[{""id"": 18, ""name"": ""Drama""}]","[{""id"": 8025, ""logo_path"": null, ""name"": ""Studio 2000"", ""origin_country"": ""RU""}]","[{""iso_3166_1"": ""LT"", ""name"": ""Lithuania""}, {""iso_3166_1"": ""RU"", ""name"": ""Russia""}]","[{""english_name"": ""Russian"", ""iso_639_1"": ""ru"", ""name"": ""P\u0443\u0441\u0441\u043a\u0438\u0439""}]","[""US""]",null
171157,Vietato morire,Vietato morire,,,Released,False,False,2013-02-14,0,6,0,0.0071,7.5,2,it,,tt2196154,,,[],[],[],"[{""english_name"": ""Italian"", ""iso_639_1"": ""it"", ""name"": ""Italiano""}]","[""IT""]",null
171158,Government Woman,Hükümet Kadın,"Xate is an ordinary woman from Midyat with eight children in tow. The only thing that sets her apart is her husband's job as Mayor of Midyat. Until, that is, an extraordinary day changes her life - and the lives of everyone else in Midyat. For the illiterate, uneducated Xate becomes Mayor of Midyat! While she takes on her mayoral duties much as she does those in her house, the infantile rivalry between her children in municipal matters leads to adventures that have the Midyat folk howling with laughter.",,Released,False,False,2013-02-01,97,0,0,0.5148,6.0,70,tr,http://www.hukumetkadin.com/,tt2645092,/fOjnfISRtU9pJinlJxHX3YrPVQE.jpg,/zPfIEKhdjy2t8CSq256DNcWHp6W.jpg,"[{""id"": 35, ""name"": ""Comedy""}]",[],"[{""iso_3166_1"": ""TR"", ""name"": ""Turkey""}]","[{""english_name"": ""Turkish"", ""iso_639_1"": ""tr"", ""name"": ""T\u00fcrk\u00e7e""}]","[""TR""]","{""id"": 550961, ""name"": ""Government Woman Collection"", ""poster_path"": ""/vAHDmMx2bNr1bASA4HFFu1YueSq.jpg"", ""backdrop_path"": ""/2N7ODFchWBhafs9nx05er64FMYM.jpg""}"
171159,Children of Hotel America,Vaikai iš 'Amerikos' viešbučio,"Kaunas, Lithuania, 1972... Young people are sitting in the Hotel ""America"" basement and listen to Western Radio.",,Released,False,False,1991-07-01,89,0,0,0.1505,6.3,15,lt,,tt0337383,/rJTQS74yuRAJJVYZuWF0fJVavBx.jpg,/cKjyeihBTibKqaz71KZwIrfTjgr.jpg,"[{""id"": 18, ""name"": ""Drama""}]","[{""id"": 150928, ""logo_path"": null, ""name"": ""Lithuanian Film Studio"", ""origin_country"": ""SU""}]","[{""iso_3166_1"": ""SU"", ""name"": ""Soviet Union""}]","[{""english_name"": ""Lithuanian"", ""iso_639_1"": ""lt"", ""name"": ""Lietuvi\u0173""}]","[""SU""]",null
171160,The Butterfly's Dream,Kelebeğin Rüyası,"In a small Turkish town, two young tuberculous poets try to survive while publishing their poems. As they both fall in love, their life would never be the same.",,Released,False,False,2013-02-22,138,0,0,0.6566,7.186,153,tr,http://www.kelebeginruyasifilm.com/,tt2608224,/y3tvOh6QmyQDSth9EKKNzpdaZ0y.jpg,/hSiKjVcXnUVfVQFC3Sq7KDFilJa.jpg,"[{""id"": 18, ""name"": ""Drama""}, {""id"": 36, ""name"": ""History""}]",[],"[{""iso_3166_1"": ""TR"", ""name"": ""Turkey""}]","[{""english_name"": ""Turkish"", ""iso_639_1"": ""tr"", ""name"": ""T\u00fcrk\u00e7e""}]","[""TR""]",null
171162,The Moth,The Moth,"Wealthy young socialite Diane Wyman squanders her fortune and becomes involved in a scandalous raid at a wild party. Her legal guardian, a lecherous old man who has the hots for her, hires a private detective to spy on her. He tails her to a train headed for New Orleans, but she catches on to him. She befriends a young woman aboard the train and they both give the private eye the slip. What Diane doesn't know, however, is that that her newfound friend is actually a notorious criminal known as The Moth, and she has her own reasons for helping Diane escape--she, too, is being tailed by a detective, who's after a cache of jewels she's stolen.",,Released,False,False,1934-01-14,64,0,0,0.7729,0.0,0,en,,tt0025518,/hn4OtpGHfHTMKZRvCT0vgPqiA8N.jpg,/9WnO5zXeKt4HESlMwsehNePct7t.jpg,"[{""id"": 18, ""name"": ""Drama""}, {""id"": 80, ""name"": ""Crime""}]","[{""id"": 36236, ""logo_path"": null, ""name"": ""Showmen's Pictures"", ""origin_country"": """"}, {""id"": 36237, ""logo_path"": null, ""name"": ""Screencraft Productions"", ""origin_country"": """"}]",[],"[{""english_name"": ""English"", ""iso_639_1"": ""en"", ""name"": ""English""}]","[""US""]",null
171164,Brothers in Law,Brothers in Law,"Roger Thursby is an overly keen, newly-qualified barrister who rubs his fellow barristers up the wrong way. When he is thrown in at the deep-end, with a particularly hot-tempered judge and tricky case, Thursby learns how to prove himself not only to the judge and fellow barristers but also to the public gallery.",By the same team that made Private's Progress,Released,False,False,1957-03-04,94,0,0,1.4431,7.1,8,en,,tt0050214,/1plSQGOZ6uhOykoeLMuCQYEP1U7.jpg,/eECMevcvfQIFj093MgefhOrf0AR.jpg,"[{""id"": 35, ""name"": ""Comedy""}]","[{""id"": 8622, ""logo_path"": null, ""name"": ""Charter Film Productions"", ""origin_country"": """"}]","[{""iso_3166_1"": ""GB"", ""name"": ""United Kingdom""}]","[{""english_name"": ""English"", ""iso_639_1"": ""en"", ""name"": ""English""}]","[""US"", ""GB""]",null
171168,Freedom's Fury,A Szabadság Vihara,"A documentary on the 1956 Olympic semifinal water polo match between Hungary and Russia. Held in Australia, the match occurred as Russian forces were in Budapest, stomping out a popular revolt.",One team. One country. One chance for revenge.,Released,False,False,2006-09-07,90,0,0,0.8298,6.5,6,en,http://www.freedomsfury.net/,tt0322332,/25yAGdXD6z4WQeGJbHD8OJ7pLGJ.jpg,/6O0y4P3c4qcjcxqgwklIM1PV3ks.jpg,"[{""id"": 99, ""name"": ""Documentary""}, {""id"": 36, ""name"": ""History""}]","[{""id"": 92647, ""logo_path"": ""/fx7nd360yTtQtTCWzL078wsbCg2.png"", ""name"": ""Moving Picture Institute"", ""origin_country"": ""US""}, {""id"": 83194, ""logo_path"": null, ""name"": ""GRAiNEY Pictures"", ""origin_country"": """"}, {""id"": 211540, ""logo_path"": null, ""name"": ""WOLO Entertainment"", ""origin_country"": """"}, {""id"": 1504, ""logo_path"": ""/yVAJJ4TgnV1FsDmLh6h5ZNJd0vf.png"", ""name"": ""Cinergi Pictures"", ""origin_country"": ""US""}]","[{""iso_3166_1"": ""US"", ""name"": ""United States of America""}]","[{""english_name"": ""Hungarian"", ""iso_639_1"": ""hu"", ""name"": ""Magyar""}, {""english_name"": ""English"", ""iso_639_1"": ""en"", ""name"": ""English""}]","[""US""]",null
171172,The Passengers,Les Passagers,"The new Saint Denis-Bobigny streetcar picks up and drops off commuters in an all-too-brief transit of their lives. Among the regular riders is a woman who is both spectator and guide – she introduces, comments on, ponders and catalyzes the sometimes vain, sometimes serious preoccupations of her fellow travelers, who, for the moment, are rushing headlong toward their destiny. The commuters and their observer have double lives. Once they step off this streetcar, the real-life dramas begin. Each has his or her style of living or dying…",,Released,False,False,1999-06-02,93,0,0,0.4844,5.2,10,fr,,tt0201833,/r1RW81EAjQ5PdqD0oPoVeaqIbs6.jpg,/54wHooQVIvCtBNrNTBRKedxxNlE.jpg,"[{""id"": 18, ""name"": ""Drama""}, {""id"": 10749, ""name"": ""Romance""}]",[],"[{""iso_3166_1"": ""FR"", ""name"": ""France""}]","[{""english_name"": ""French"", ""iso_639_1"": ""fr"", ""name"": ""Fran\u00e7ais""}]","[""FR""]",null
171174,Walnut Bread,Riešutų duona,"Lithuania, 1977. Memories of childhood, adolescence, and first love in a small provincial town, shown through complexity of human relations at this periodical film.",,Released,False,False,1977-12-17,68,0,0,0.1959,6.5,12,lt,,tt0165904,/cu9MFiDVLaWzChnsPg7l1JgmoSU.jpg,/371aZ4I14MbMhS0XnACJTpfc8U1.jpg,"[{""id"": 10749, ""name"": ""Romance""}]","[{""id"": 150928, ""logo_path"": null, ""name"": ""Lithuanian Film Studio"", ""origin_country"": ""SU""}]","[{""iso_3166_1"": ""SU"", ""name"": ""Soviet Union""}]","[{""english_name"": ""Lithuanian"", ""iso_639_1"": ""lt"", ""name"": ""Lietuvi\u0173""}]","[""SU""]",null
171177,Kid Dynamite: Four Years in One Gulp,Kid Dynamite: Four Years in One Gulp,"Four Years in One Gulp is the vibrant 90-minute documentary of the all-too-brief life and times of KID DYNAMITE. Between 1997 and 2000, this Philadelphia band changed the face of modern hardcore with their poignant and passionate sing-a-long anthems.",,Released,False,False,2006-02-21,93,0,0,0.0071,0.0,0,en,,,/8T2116vFH75RjPC1ZP1g6P9VM6G.jpg,,[],[],[],[],"[""US""]",null
171179,A Romantic Comedy 2,Romantik Komedi 2: Bekarlığa Veda,"Didem tries everything to get actor Cem to propose to her, but he's got other things on his mind: a beautiful new co-star and a secret bachelor party.",,Released,False,False,2013-02-13,105,0,0,0.6801,4.7,45,tr,,tt2645104,/8BGr8oY94Trwagiddq2FtylYQN9.jpg,/6pVNQKZEyQmqywucPZLkwcVPKrW.jpg,"[{""id"": 35, ""name"": ""Comedy""}, {""id"": 10749, ""name"": ""Romance""}]",[],[],"[{""english_name"": ""Turkish"", ""iso_639_1"": ""tr"", ""name"": ""T\u00fcrk\u00e7e""}]","[""TR""]","{""id"": 206857, ""name"": ""Romantik Komedi [Seri]"", ""poster_path"": ""/9azFeJDXcky0IGIu9QS6uBwhzdk.jpg"", ""backdrop_path"": null}"
171180,La Liberté d'une statue,La Liberté d'une statue,"Sometime long ago, probably a few years before moving picture photography was supposed to have been invented, a woman named Anne (Lucille Fluet) is discovered to have miraculous powers. She can magically transform ordinary objects when she sneezes. She has even brought the dead back to life. We know about her, because she sneezed a movie camera into existence, and the film was (miraculously, of course) preserved in the Egyptian desert. However, she didn't live so long ago that she wasn't hounded by life insurance salesmen, just like everyone else in the modern era. Rather than being outcaste for her abilities, she is valued by a group of science-oriented men, who also manage to record on a sneezed-into-existence phonograph the sound which is later to be added to the film by its ""discoverers.""",,Released,False,False,1990-05-26,83,0,0,0.0868,6.5,2,fr,,tt0100016,/jKjTQPsxUNfuxP7a36VB63dsEUI.jpg,/2is6QAuICMKv0Mn2IVJZ40pzd7x.jpg,[],[],"[{""iso_3166_1"": ""CA"", ""name"": ""Canada""}]","[{""english_name"": ""French"", ""iso_639_1"": ""fr"", ""name"": ""Fran\u00e7ais""}]","[""CA"", ""FR""]",null
171182,Mysterious Medicine,ふしぎなくすり,"Two unfettered robbers try to steal a new, mysterious medicine from a laboratory; they butt heads with a needy crow and the head professor's apprentice.",,Released,False,False,1965-02-02,15,0,0,0.2157,5.0,1,ja,,tt2444614,/z3dBxd77IokemGyvxlFwOm0bIxe.jpg,,"[{""id"": 16, ""name"": ""Animation""}]","[{""id"": 11811, ""logo_path"": null, ""name"": ""Dentsu Tec"", ""origin_country"": ""JP""}]","[{""iso_3166_1"": ""JP"", ""name"": ""Japan""}]","[{""english_name"": ""Japanese"", ""iso_639_1"": ""ja"", ""name"": ""\u65e5\u672c\u8a9e""}]","[""JP""]",null
171187,Nobody Loves Me,Personne ne m'aime,"Several lives intersect when a middle-aged woman is left by her husband, and she decides to trek him down with the help of her equally troubled sister.",,Released,False,False,1994-03-09,98,0,0,0.5651,4.0,8,fr,,tt0110816,/yAiAs7XWKPDgy1ukb7DGP1cV1LY.jpg,/3B6eTILdFNStiMsov6nZ3lBvU5N.jpg,"[{""id"": 35, ""name"": ""Comedy""}, {""id"": 18, ""name"": ""Drama""}]","[{""id"": 23330, ""logo_path"": null, ""name"": ""Bloody Mary Productions"", ""origin_country"": ""FR""}, {""id"": 95454, ""logo_path"": null, ""name"": ""Cin\u00e9 Manufacture"", ""origin_country"": ""CH""}, {""id"": 83, ""logo_path"": ""/9OQ0rm55xtlgX7KcAKMUePJSrQc.png"", ""name"": ""France 2 Cin\u00e9ma"", ""origin_country"": ""FR""}, {""id"": 1245, ""logo_path"": ""/suKdkPTtHn0DzGYmrXCA506dJON.png"", ""name"": ""TSR"", ""origin_country"": ""CH""}]","[{""iso_3166_1"": ""FR"", ""name"": ""France""}, {""iso_3166_1"": ""CH"", ""name"": ""Switzerland""}]","[{""english_name"": ""French"", ""iso_639_1"": ""fr"", ""name"": ""Fran\u00e7ais""}]","[""FR""]",null
171191,Farewell to Dream,夕やけ雲,"A coming-of-age story portrayed as the loss of all youthful illusions. Sixteen-year-old Yoichi dreams of becoming a sailor. His parents are fishmongers, and Yoichi lives together with them and his four siblings in cramped living conditions. His beloved younger sister is given to a wealthy, childless uncle; his best friend moves away; the girl he fell in love with from afar is with someone else: little by little, Yoichi loses all the people that are important to him.",,Released,False,False,1956-04-17,78,0,0,1.4576,6.9,8,ja,,tt0049976,/5QIQkV8w5Ov3KZzejbBddSekius.jpg,/1w4ijpSSMp8mWxanIh7AazU3AJy.jpg,"[{""id"": 18, ""name"": ""Drama""}]","[{""id"": 192, ""logo_path"": ""/93eAKlnQecDdMtucfOprzcjMw9V.png"", ""name"": ""Shochiku"", ""origin_country"": ""JP""}]","[{""iso_3166_1"": ""JP"", ""name"": ""Japan""}]","[{""english_name"": ""Japanese"", ""iso_639_1"": ""ja"", ""name"": ""\u65e5\u672c\u8a9e""}]","[""JP""]",null
171192,Father Came Too!,Father Came Too!,"When Dexter Munro and his new wife Juliet get married, they decide to escape Juliet's meddling father by buying a rundown cottage and doing it up themselves. But when the cottage proves to be more ramshackle than they thought, and the scale of the repairs needed far out of their budget, the newlyweds are forced into calling on Juliet's father after all. Before long he's employed incompetent builder Josh Wicks, and the situation goes from bad to worse.",,Released,False,False,1964-02-11,91,0,0,0.8306,5.5,12,en,,tt0057055,/t6r3Vy7LaYSJ3vnVkL74twvMG5v.jpg,,"[{""id"": 35, ""name"": ""Comedy""}]","[{""id"": 4913, ""logo_path"": null, ""name"": ""Independent Artists"", ""origin_country"": ""GB""}]","[{""iso_3166_1"": ""GB"", ""name"": ""United Kingdom""}]","[{""english_name"": ""English"", ""iso_639_1"": ""en"", ""name"": ""English""}]","[""US"", ""GB""]",null
171193,Oregon - 27 Leverkusener Jazztage,Oregon - 27 Leverkusener Jazztage,,,Released,False,False,2006-11-10,0,0,0,0.0,6.5,1,it,,,,,"[{""id"": 10402, ""name"": ""Music""}]",[],[],[],"[""IT""]",null
171195,Woh Kaun Thi,Woh Kaun Thi,"One stormy night, a doctor offers a ride to a ghostly woman he meets on the side of the road. Later, he discovers his intended bride is identical in appearance to the ghost. Who was she and why does she haunt him?",,Released,False,False,1964-02-07,140,0,0,0.664,7.3,9,hi,,tt0232960,/gpG2oMU1B7X9evuvEWFLFXbVwtB.jpg,,"[{""id"": 9648, ""name"": ""Mystery""}, {""id"": 53, ""name"": ""Thriller""}, {""id"": 18, ""name"": ""Drama""}, {""id"": 10749, ""name"": ""Romance""}]","[{""id"": 65085, ""logo_path"": null, ""name"": ""Prithvi Pictures"", ""origin_country"": """"}]","[{""iso_3166_1"": ""IN"", ""name"": ""India""}]","[{""english_name"": ""Hindi"", ""iso_639_1"": ""hi"", ""name"": ""\u0939\u093f\u0928\u094d\u0926\u0940""}]","[""IN""]",null
171196,Dangerous Summer,Baiga vasara,"A historical drama about an attempt  to steal the entire Latvian national wealth deposited abroad by Wilhelms Munters, the Latvian Foreign Minister in the forties.",,Released,False,False,2000-04-04,112,0,0,0.154,7.0,1,lv,,tt0283908,/e0eBSn0jUn6uCP7yVxBpiYsWsgd.jpg,/3qKzkzATXQbkFJSUl7btTY6N64E.jpg,"[{""id"": 18, ""name"": ""Drama""}, {""id"": 36, ""name"": ""History""}]","[{""id"": 13339, ""logo_path"": null, ""name"": ""Platforma Filma"", ""origin_country"": ""LV""}]","[{""iso_3166_1"": ""LV"", ""name"": ""Latvia""}]","[{""english_name"": ""Latvian"", ""iso_639_1"": ""lv"", ""name"": ""Latvie\u0161u""}]","[""LV""]",null
171198,Rave Fever,周末狂熱,"A man wakes up with a hangover where his memory should be, and discovers he also has a love bite and a filofax that weren't there before, both of which appear to come from someone named Sonia. In order to return at least one of the items, he attempts to retrace his steps from the night before, through Hong Kong's club culture.",,Released,False,False,1999-12-23,90,0,0,1.6122,1.3,3,cn,,tt0286544,/4DONqaAMYTxGjL9Mbv8z39SMDIr.jpg,/65UcYYoo7VLOSD4oHJxoNyHO1cK.jpg,"[{""id"": 18, ""name"": ""Drama""}]","[{""id"": 39985, ""logo_path"": ""/4K0Fjrh7l2gVNwlGuRH4rTEFxTC.png"", ""name"": ""Golden Harvest Productions"", ""origin_country"": ""HK""}]","[{""iso_3166_1"": ""HK"", ""name"": ""Hong Kong""}]","[{""english_name"": ""Cantonese"", ""iso_639_1"": ""cn"", ""name"": ""\u5e7f\u5dde\u8bdd / \u5ee3\u5dde\u8a71""}]","[""HK""]",null
171199,Waisa Bhi Hota Hai: Part II,वैसा भी होता है - द्वितीय,"Revolves around a hapless copywriter torn between his crazy police officer fiancee and his new best friend, a hit man who inadvertently involves him underworld.",,Released,False,False,2003-11-14,138,0,0,0.8911,7.0,5,hi,,tt0387678,/8oHDV3wXaTAykyVsWUPAlI8y3cP.jpg,/h3GpMHVX7m1h7qq02rsb6FK8DzN.jpg,[],[],[],"[{""english_name"": ""Hindi"", ""iso_639_1"": ""hi"", ""name"": ""\u0939\u093f\u0928\u094d\u0926\u0940""}]","[""IN""]",null
171202,High Velocity,High Velocity,Ben Gazzara and Paul Winfield play Vietnam veterans turned mercenaries who are hired to rescue a kidnapped executive.,,Released,False,False,1976-09-01,105,0,0,0.9285,0.0,0,en,,tt0076145,/oWw7CIrRbJ179PuV79AUYjaRT3n.jpg,,"[{""id"": 28, ""name"": ""Action""}]",[],"[{""iso_3166_1"": ""US"", ""name"": ""United States of America""}]","[{""english_name"": ""English"", ""iso_639_1"": ""en"", ""name"": ""English""}]","[""US""]",null
171203,Raped by an Angel 3: Sexual Fantasy of the Chief Executive,強姦3：OL誘惑,"A series of rapes are occurring in an Office Building. The Chief Executive is experiencing some weird visions and hallucinations. When someone close to a Cop is raped, the investigation increases ten-fold.",,Released,False,False,1998-07-03,95,0,0,0.5575,4.3,20,cn,,tt0380479,/fENWG1uqNLBrbZeZ0mYtbRyCkE.jpg,/pnHOE8xeovGgDVqgi1MkS3Wv8tu.jpg,"[{""id"": 53, ""name"": ""Thriller""}, {""id"": 9648, ""name"": ""Mystery""}]","[{""id"": 26703, ""logo_path"": null, ""name"": ""Jing's Production Limited"", ""origin_country"": ""HK""}]","[{""iso_3166_1"": ""HK"", ""name"": ""Hong Kong""}]","[{""english_name"": ""Cantonese"", ""iso_639_1"": ""cn"", ""name"": ""\u5e7f\u5dde\u8bdd / \u5ee3\u5dde\u8a71""}]","[""HK""]","{""id"": 221910, ""name"": ""Raped by an Angel Collection"", ""poster_path"": ""/7nQI5UN2UOwvb5jXPQTE13qaXaC.jpg"", ""backdrop_path"": ""/tLDlAGTeWwYk6FLYS9U4TJm2ubj.jpg""}"
171204,Spider,Zirneklis,"A young woman agrees to model for an artist as the Virgin Mary. His strange influence triggers her repressed sexual urges, causing her to have delusions and nightmares about spiders and other grotesque imagery.",,Released,False,False,1992-04-17,98,0,0,0.4965,4.8,20,lv,,tt0193660,/ujuXBISGWcH3uB8PQcCzwMTofAc.jpg,/m6Z3VvIym5YNyPsAy1jJaZaagch.jpg,"[{""id"": 18, ""name"": ""Drama""}, {""id"": 27, ""name"": ""Horror""}]","[{""id"": 112974, ""logo_path"": null, ""name"": ""Deckrim"", ""origin_country"": """"}, {""id"": 82801, ""logo_path"": ""/8h6Ugz5S1DiX7kaeg19eQKXsS4q.png"", ""name"": ""R\u012bgas kinostudija"", ""origin_country"": ""SU""}]","[{""iso_3166_1"": ""LV"", ""name"": ""Latvia""}, {""iso_3166_1"": ""SU"", ""name"": ""Soviet Union""}]","[{""english_name"": ""Latvian"", ""iso_639_1"": ""lv"", ""name"": ""Latvie\u0161u""}, {""english_name"": ""Russian"", ""iso_639_1"": ""ru"", ""name"": ""P\u0443\u0441\u0441\u043a\u0438\u0439""}]","[""LV""]",null
171205,The Seat of the Soul,Le siège de l'âme,"This Canadian science-fiction film takes place at the beginning of the 20th Century in an unnamed city where eager Jules is a member of a scientific team researching the secrets of immortality. The scientists uncover a buried pyramid containing an embalmed body with a heartbeat -- but minus a soul. Heading into the city at night, Jules hopes to locate the soul. He encounters Sophie who seems to have some answers to the mystery.",,Released,False,False,1997-05-26,105,0,0,0.6149,7.3,3,fr,,tt0124123,/A9atFdOCsP5liAyMisqAQKzgK2M.jpg,,"[{""id"": 18, ""name"": ""Drama""}, {""id"": 10749, ""name"": ""Romance""}]",[],"[{""iso_3166_1"": ""CA"", ""name"": ""Canada""}]","[{""english_name"": ""French"", ""iso_639_1"": ""fr"", ""name"": ""Fran\u00e7ais""}]","[""CA""]",null
171207,Paris By Night 65,Paris By Night 65,Thuy Nga Paris By Night 65: Yeu,,Released,False,False,,0,0,0,0.0261,9.5,1,en,,,/zgYKc2c6Bq4c1zFSRO2UmXFzLt5.jpg,,[],[],[],[],"[""US""]",null
171208,The Rape of a Sweet Young Girl,Le viol d'une jeune fille douce,When a sexually promiscuous young woman finds herself pregnant and unmarried her three brothers vow to find the man responsible and punish him for what they consider the rape of their sister.,,Released,False,False,1968-05-26,82,0,0,0.4614,5.0,7,fr,,tt0063780,/avkdouay8jHdUOwEeFlcuP99dzb.jpg,/6S4XEhUekP7sjTPugAXmsa29jY1.jpg,"[{""id"": 35, ""name"": ""Comedy""}, {""id"": 18, ""name"": ""Drama""}]","[{""id"": 97884, ""logo_path"": null, ""name"": ""Onyx Fournier Inc."", ""origin_country"": """"}]","[{""iso_3166_1"": ""CA"", ""name"": ""Canada""}]","[{""english_name"": ""French"", ""iso_639_1"": ""fr"", ""name"": ""Fran\u00e7ais""}]","[""CA"", ""FR""]",null
171209,A Plantation Act,A Plantation Act,"Al Jolson's first sound film. Dressed in overalls and wearing black-face makeup, he sings three of his hit songs: ""When the Red, Red, Robin Comes Bob, Bob, Bobbin' Along "", ""April Showers"", and ""Rock-a-Bye Your Baby with a Dixie Melody "".",,Released,False,False,1926-10-07,10,0,0,0.1346,3.6,5,en,,tt0017268,/2Kzfd86hO30opMf77f56OBBaBAu.jpg,,"[{""id"": 10402, ""name"": ""Music""}]","[{""id"": 174, ""logo_path"": ""/zhD3hhtKB5qyv7ZeL4uLpNxgMVU.png"", ""name"": ""Warner Bros. Pictures"", ""origin_country"": ""US""}]","[{""iso_3166_1"": ""US"", ""name"": ""United States of America""}]","[{""english_name"": ""English"", ""iso_639_1"": ""en"", ""name"": ""English""}]","[""US""]",null
171212,The Males,Les mâles,"Two incredibly primitive backwoods types have just been released from prison for kidnapping the local police chief's daughter but still have a hankering for a woman. When they return to their campsite, they discover a woodland nymph whom they both bed and who drives them wild. Jealousy arises.",,Released,False,False,1971-03-03,107,0,0,0.2557,4.6,11,fr,,tt0067463,/bcHNSKUZYHFGk1TCbg86oelULXz.jpg,/zb0cDJgr5SKt4awa6J7Mpk8EDUD.jpg,"[{""id"": 35, ""name"": ""Comedy""}]","[{""id"": 1326, ""logo_path"": null, ""name"": ""France Film"", ""origin_country"": ""CA""}, {""id"": 2203, ""logo_path"": null, ""name"": ""Onyx Films"", ""origin_country"": ""CA""}]","[{""iso_3166_1"": ""CA"", ""name"": ""Canada""}]","[{""english_name"": ""French"", ""iso_639_1"": ""fr"", ""name"": ""Fran\u00e7ais""}]","[""CA""]",null
171213,Love After Love,Après l'amour,"Lola is an independent woman, a professional writer with 2 men on a string. Both men are married with children. When the men, and Lola, face having to make choices, Lola's comfortable life becomes less appealing.",,Released,False,False,1992-04-15,104,0,0,0.6641,5.3,10,fr,,tt0103710,/ozePS1wvbIHfaOALPJsaSOIWKi9.jpg,/5yJdfRgWhSjTa9P5R9AU4R8p95m.jpg,"[{""id"": 10749, ""name"": ""Romance""}, {""id"": 18, ""name"": ""Drama""}]","[{""id"": 75508, ""logo_path"": null, ""name"": ""Prod\u00e8ve"", ""origin_country"": """"}, {""id"": 2926, ""logo_path"": ""/9c6iLKfw1Ho3ikxkFqz5TPn3Ht.png"", ""name"": ""Alexandre Films"", ""origin_country"": ""FR""}, {""id"": 104, ""logo_path"": ""/9aotxauvc9685tq9pTcRJszuT06.png"", ""name"": ""Canal+"", ""origin_country"": ""FR""}]","[{""iso_3166_1"": ""PT"", ""name"": ""Portugal""}, {""iso_3166_1"": ""FR"", ""name"": ""France""}]","[{""english_name"": ""French"", ""iso_639_1"": ""fr"", ""name"": ""Fran\u00e7ais""}]","[""FR""]",null
171215,The Devious Path,Abwege,"Neglected by her husband, an ambitious lawyer, Irene seeks variety in Berlin's nightlife-- An evening of dancing, dolls, cocaine and immoral passion. Irene takes the ""devious path"" as she seeks to make her husband jealous.",,Released,False,False,1928-08-10,97,0,0,0.6777,7.2,15,de,,tt0018615,/3vF2PJ4edgbKZcy6V60LYXyGpi3.jpg,/4LvgfiECiyv7SB1jV7gKAsPUbLw.jpg,"[{""id"": 18, ""name"": ""Drama""}]","[{""id"": 94275, ""logo_path"": null, ""name"": ""Erda-Film"", ""origin_country"": """"}]","[{""iso_3166_1"": ""DE"", ""name"": ""Germany""}]","[{""english_name"": ""No Language"", ""iso_639_1"": ""xx"", ""name"": ""No Language""}]","[""DE""]",null
171216,The True Nature of Bernadette,La vraie nature de Bernadette,"Bernadette has a yen to chuck it all and go back to nature, in this French-language Canadian film. That's just what she does after carefully leaving her wedding ring where her affluent husband, a lawyer, can see it. She has bought a farm, complete with a run-down farmhouse and a live-in cranky old man. Soon, because of the wonderful effects that her sympathy and her outsider's perspective have, her neighbors perceive great improvements in their lives. They attribute these changes to something miraculous (perhaps taking a cue from her name), and hordes of needy people descend on her farm.",,Released,False,False,1972-05-06,96,0,0,0.3789,5.9,7,fr,,tt0069477,/gIq0Bjl6kn0g9bmj0TyLAounELi.jpg,/nYiyfG4ScRZ9aVOXdVPnGEebEAU.jpg,"[{""id"": 18, ""name"": ""Drama""}, {""id"": 35, ""name"": ""Comedy""}, {""id"": 18, ""name"": ""Drama""}]","[{""id"": 14423, ""logo_path"": null, ""name"": ""SDICC"", ""origin_country"": """"}, {""id"": 14420, ""logo_path"": null, ""name"": ""Les Productions Carle-Lamy"", ""origin_country"": """"}]","[{""iso_3166_1"": ""CA"", ""name"": ""Canada""}]","[{""english_name"": ""French"", ""iso_639_1"": ""fr"", ""name"": ""Fran\u00e7ais""}]","[""FR"", ""CA""]",null
171217,The Angel and the Woman,L'ange et la femme,"Unable to keep her social commentary to herself and concentrate solely on her show dancing, the girl in this film is shot to death in the Quebec woods by people who don't want propagandizing about Chile to be openly voiced. She is discovered by a mysterious stranger, who heals her wounds and reanimates her by blowing on them. After he takes her back to his cabin, they fall in love.",,Released,False,False,1977-04-07,88,0,0,0.3417,4.1,10,fr,,tt0075680,/9lcGkFHMYnmCx2eMkt1S3yRIf3Z.jpg,/wOVxlrPDA30fDmu3UkaaCxqIPGU.jpg,"[{""id"": 10749, ""name"": ""Romance""}, {""id"": 18, ""name"": ""Drama""}, {""id"": 14, ""name"": ""Fantasy""}]","[{""id"": 13882, ""logo_path"": null, ""name"": ""Films RSL"", ""origin_country"": """"}]","[{""iso_3166_1"": ""CA"", ""name"": ""Canada""}]","[{""english_name"": ""English"", ""iso_639_1"": ""en"", ""name"": ""English""}, {""english_name"": ""French"", ""iso_639_1"": ""fr"", ""name"": ""Fran\u00e7ais""}]","[""CA""]",null
171218,La ligne de chaleur,La ligne de chaleur,"In the dead of a cold Montreal winter, lonely, recently divorced Robert Filion learns his father has died in Florida. Robert and his son Maxime, travel to Florida for the funeral and then set out from Dixie with his late father's car for the return trip to Montreal.",,Released,False,False,1987-05-26,90,0,0,0.1186,5.0,2,fr,,tt0128306,/uU1qMhE0g2iv9zvsWME1sDujass.jpg,/yhMoOSL3EGPatHxamH2p0ytLN4g.jpg,[],"[{""id"": 6932, ""logo_path"": ""/xuT1llv85XnO6meLPAWKd5zMPFM.png"", ""name"": ""ACPAV"", ""origin_country"": ""CA""}]","[{""iso_3166_1"": ""CA"", ""name"": ""Canada""}]","[{""english_name"": ""French"", ""iso_639_1"": ""fr"", ""name"": ""Fran\u00e7ais""}]","[""FR"", ""CA""]",null
171219,The Death of a Lumberjack,La mort d'un bûcheron,"This meditative French-Canadian film tells the story of a young woman's search for the father she has never known. Marie Chapdelaine (Carole Laure) grew up in a remote area of Quebec without ever knowing her father, a lumberjack. She moves to Montreal, settles in there with a job as a topless dancer and begins her search for him. Eventually, with the help of his former mistress, they find the lumber camp he was working in, only to discover that he was killed in a labor dispute.",,Released,False,False,1973-01-25,115,250000,0,0.576,4.2,8,fr,,tt0070411,/aXs3nwJv8wFKhnGX32c15hAdHnK.jpg,/kH6vuoqutujN7G7gFINk5Vl2xow.jpg,"[{""id"": 18, ""name"": ""Drama""}]","[{""id"": 14411, ""logo_path"": null, ""name"": ""Cin\u00e9vision"", ""origin_country"": """"}]","[{""iso_3166_1"": ""CA"", ""name"": ""Canada""}]","[{""english_name"": ""French"", ""iso_639_1"": ""fr"", ""name"": ""Fran\u00e7ais""}]","[""CA""]",null
171222,Planet Dinosaur: Ultimate Killers,Planet Dinosaur: Ultimate Killers,"Adapted from the multi-award winning BBC1 series, Planet Dinosaur 3D recreates the lost world of the dinosaurs in a groundbreaking stereoscopic production. This is one of the most ambitious animated programmes ever attempted for broadcast TV, recreating every detail of these extraordinary animals in an entirely digital production that stretches the boundaries of broadcast 3D with a scale and ambition normally reserved for Hollywood feature films.  Planet Dinosaur 3D is a thrilling and immersive journey into a lost world. Pulling together cutting edge research from around the world this programme uses the latest, stunning fossil evidence to chart the rise and fall of the 'Ultimate Killers'; from the iconic Spinosaurus, the largest predator ever to walk the Earth, to Microraptor and the feathered, flying dinosaurs from China. At last, thanks to the advances in technology, and for the first time ever, these monsters can be experienced in all their full, magnificent wonder.",,Released,False,False,2012-08-19,53,0,0,0.7154,8.1,11,en,http://www.bbc.co.uk/programmes/b01m7tg2,tt2345864,/fJpIGlm6eFzbB8sYVF12vNiXRHh.jpg,/dH5Z7FrrKITiIyD3evxbdfD1KMi.jpg,"[{""id"": 99, ""name"": ""Documentary""}]","[{""id"": 3324, ""logo_path"": ""/dqT3yOTlfJRmtvk52Ccd1O6dZ0A.png"", ""name"": ""BBC"", ""origin_country"": ""GB""}, {""id"": 16879, ""logo_path"": ""/nS1Gvl3CuKLUkWsfHfxAigG0YVS.png"", ""name"": ""Jellyfish Pictures"", ""origin_country"": ""GB""}]","[{""iso_3166_1"": ""GB"", ""name"": ""United Kingdom""}]","[{""english_name"": ""Italian"", ""iso_639_1"": ""it"", ""name"": ""Italiano""}]","[""GB""]",null
171223,"Farewell, Babylon!","Adieu, Babylone!",Arrabal's sixth film based on his novel from 1969 with the same name as the movie.,,Released,False,False,1993-08-28,54,0,0,0.3154,0.0,0,fr,,tt1639325,/8RVnHENXJ17kKX0WfnofkN1mEC8.jpg,,"[{""id"": 18, ""name"": ""Drama""}, {""id"": 35, ""name"": ""Comedy""}]",[],[],"[{""english_name"": ""French"", ""iso_639_1"": ""fr"", ""name"": ""Fran\u00e7ais""}]","[""FR""]",null
171224,Jean Eustache's Wasted Breath,La Peine perdue de Jean Eustache,"Ángel Díaz’s documentary The Lost Sorrows of Jean Eustache, concentrates on Eustache as cinematic thinker and archivist of his own life. Actors read texts written by Eustache, including the following reflection: “The role of the author in cinema should be one of non-intervention.” This sentence reminds us that he belongs to the greatest of film traditions (he cites Griffith, Renoir, Dreyer, and Lang as his models), the one that sees cinema as a matter of placing the camera in front of reality and capturing it ardently, precisely, and without tricks.",,Released,False,False,1997-05-14,54,0,0,0.542,0.0,0,fr,,,/oCsmfc76hs8ZqveXpwgyKhXbtz7.jpg,,"[{""id"": 99, ""name"": ""Documentary""}]","[{""id"": 2426, ""logo_path"": ""/ebQiHrVpqSs93D3A6eEDy9OFO52.png"", ""name"": ""Les Films du Poisson"", ""origin_country"": ""FR""}, {""id"": 11332, ""logo_path"": null, ""name"": ""La Sept-Arte"", ""origin_country"": ""FR""}]","[{""iso_3166_1"": ""FR"", ""name"": ""France""}]","[{""english_name"": ""French"", ""iso_639_1"": ""fr"", ""name"": ""Fran\u00e7ais""}]","[""US""]",null
171225,Paris By Night 98: Fly With Us To Las Vegas,Paris By Night 98: Fly With Us To Las Vegas,"Paris By Night 98 - Fly With Us to Las Vegas is a Paris By Night program produced by Thúy Nga that was filmed at the Theatre for the Performing Arts in Planet Hollywood Resort and Casino on September 26, 2009 and September 27, 2009 and release DVD from December 10, 2009. The show was hosted by Nguyễn Ngọc Ngạn and Nguyễn Cao Kỳ Duyên.",,Released,False,False,2009-09-09,290,0,0,0.0297,4.2,2,vi,,,/lqXrYfKY9VszVvDOyX0n1O34KqS.jpg,,"[{""id"": 10402, ""name"": ""Music""}]",[],[],"[{""english_name"": ""Vietnamese"", ""iso_639_1"": ""vi"", ""name"": ""Ti\u1ebfng Vi\u1ec7t""}]","[""VN""]",null
171229,Second Skin,Segunda piel,"When Elena finds a hotel bill in her husband’s pocket, she begins to suspect that he’s having an affair — but not that it’s with a man.",A different triangle,Released,False,False,1999-12-13,110,0,0,1.0633,5.7,36,es,,tt0232611,/1EUWx8ZeAuly2mUd12KoOtqCF6m.jpg,/qiVp1pNFhLbXU10GXLhO9NUQOeR.jpg,"[{""id"": 10749, ""name"": ""Romance""}, {""id"": 18, ""name"": ""Drama""}]","[{""id"": 1025, ""logo_path"": ""/9kuQMWUQxiWbPkOrNi9xYIypwNa.png"", ""name"": ""Lolafilms"", ""origin_country"": ""ES""}]","[{""iso_3166_1"": ""ES"", ""name"": ""Spain""}]","[{""english_name"": ""Italian"", ""iso_639_1"": ""it"", ""name"": ""Italiano""}, {""english_name"": ""Spanish"", ""iso_639_1"": ""es"", ""name"": ""Espa\u00f1ol""}]","[""ES""]",null
171230,Thuy Nga Paris By Night 105,Thuy Nga Paris By Night 105,"Paris By Night 105: Người Tình (The Lovers) is a Paris By Night program produced by Thuy Nga that was filmed for the very first time at Foxwoods Resort &amp; Casino in Mashantucket, Connecticut which was hosted by Nguyễn Ngọc Ngạn and Nguyễn Cao Kỳ Duyên. The taping took place on March 17 &amp; 18, 2012 and was released on DVD &amp; Blu-ray on June 15, 2012.",,Released,False,False,2012-06-11,0,0,0,0.0071,4.2,2,en,,,,,"[{""id"": 10402, ""name"": ""Music""}]",[],[],[],"[""US""]",null
171232,Let the Good Times Roll,Let the Good Times Roll,"Documentary of a 1950s rock and roll revival show, with split-screen editing to rival Woodstock.",ROCK & ROLL LIVES!,Released,False,False,1973-05-25,99,0,0,0.441,6.1,5,en,,tt0143367,/mj8vVOwxAteweKD9mLcTEcAbEX6.jpg,/rXgCRbTifpfy24W6yiPuLELQhRn.jpg,"[{""id"": 99, ""name"": ""Documentary""}, {""id"": 10402, ""name"": ""Music""}]","[{""id"": 95358, ""logo_path"": null, ""name"": ""Cinema Associates (III)"", ""origin_country"": """"}, {""id"": 5740, ""logo_path"": ""/gtV4o9KbnQyuEYycjagKxTdwXX9.png"", ""name"": ""Metromedia Producers Corporation"", ""origin_country"": ""US""}]","[{""iso_3166_1"": ""US"", ""name"": ""United States of America""}]","[{""english_name"": ""English"", ""iso_639_1"": ""en"", ""name"": ""English""}]","[""US""]",null
171236,Paris By Night 64,Paris By Night 64,Thuy Nga Paris By Night 64,,Released,False,False,,0,0,0,0.0071,10.0,1,en,,,/iTBYwxHX4cuG8OBUG7xY7gnsw7s.jpg,,[],[],[],[],"[""US""]",null
171238,O Estrondo 2,O Estrondo 2,"After the meeting, Alexander and Joe White are with Alexander’s girlfriend, who that day for years, end up going to Biothecare in Povoa do Varzim where this makes depilation. Later Alexander, his girlfriend and the White Ze are in a bar where they are supervised by a member of the gang.",,Released,False,False,2013-05-25,97,600,0,0.0214,4.5,2,pt,,tt2729314,/28MkhXf7DaVetAADs8lN7bf6x2A.jpg,,"[{""id"": 35, ""name"": ""Comedy""}]","[{""id"": 144368, ""logo_path"": null, ""name"": ""Dark Studios"", ""origin_country"": """"}]","[{""iso_3166_1"": ""PT"", ""name"": ""Portugal""}]","[{""english_name"": ""Portuguese"", ""iso_639_1"": ""pt"", ""name"": ""Portugu\u00eas""}]","[""PT""]",null
171239,Paris By Night 67,Paris By Night 67,Thuy Nga Paris By Night 67: In San Jose,,Released,False,False,,0,0,0,0.0286,0.0,0,en,,,/zOE8WjRWkitd6k47nWr9y8gCwzf.jpg,,[],[],[],[],"[""US""]",null
171240,Sami Oxide Al Carbon,سامي أكسيد الكربون,"Jihan opposes the prevalent injustice and corruption that surrounds her. When she meets the pilot Samy, she is turned off by his self-centered view and careless attitude. But when love blossoms between them, Samy tries to get involved in her world and interests.",,Released,False,False,2011-06-08,0,0,1680990,0.7479,3.9,5,ar,,tt6448480,/kfijJmYe2umhCW7Zj3Lf3TJGl9q.jpg,/f9L4LdYQXR8OYLcNGV5SCIbVEDN.jpg,[],[],"[{""iso_3166_1"": ""EG"", ""name"": ""Egypt""}]","[{""english_name"": ""Arabic"", ""iso_639_1"": ""ar"", ""name"": ""\u0627\u0644\u0639\u0631\u0628\u064a\u0629""}]","[""EG""]",null
171242,The Ghost's Sword,百忍道場,,,Released,False,False,1971-07-30,0,0,0,0.3913,0.0,0,zh,,tt0121319,/eQwB7PWASKb5BYfOibMwShGtOhO.jpg,,"[{""id"": 14, ""name"": ""Fantasy""}, {""id"": 28, ""name"": ""Action""}]","[{""id"": 4534, ""logo_path"": null, ""name"": ""Hong Hwa Motion Picture (H.K) Co."", ""origin_country"": """"}]","[{""iso_3166_1"": ""TW"", ""name"": ""Taiwan""}]","[{""english_name"": ""Mandarin"", ""iso_639_1"": ""zh"", ""name"": ""\u666e\u901a\u8bdd""}]","[""TW""]",null
171244,Paris By Night 66,Paris By Night 66,Thuy Nga Paris By Night 66,,Released,False,False,,0,0,0,0.0143,0.0,0,en,,,/hNnYbZLivo9P6BGhWZnoBwON1BD.jpg,,[],[],[],[],"[""US""]",null
171245,Briar-Rose or the Sleeping Beauty,いばら姫またはねむり姫,"On her fifteenth birthday the princess finds a diary written by her mother when she was young. The diary tells of the Queen's secret, early love. The Princess goes into the forest to meet her mother's former lover. When she looks into his eyes, she realizes why her mother had fallen in love...",,Released,False,False,1990-08-10,22,0,0,0.9301,6.2,10,ja,,tt0425120,/bhL0QIHhUJaoBCRgcfuOyBZxl1n.jpg,/pOh1XOH0G3XGV3M7CfSDvvQ3yX8.jpg,"[{""id"": 16, ""name"": ""Animation""}, {""id"": 14, ""name"": ""Fantasy""}]","[{""id"": 101655, ""logo_path"": null, ""name"": ""Kawamoto Production"", ""origin_country"": """"}, {""id"": 53921, ""logo_path"": null, ""name"": ""Kr\u00e1tk\u00fd film Praha \u2013 Studio Ji\u0159\u00edho Trnky"", ""origin_country"": ""XC""}]","[{""iso_3166_1"": ""JP"", ""name"": ""Japan""}, {""iso_3166_1"": ""XC"", ""name"": ""Czechoslovakia""}]","[{""english_name"": ""Japanese"", ""iso_639_1"": ""ja"", ""name"": ""\u65e5\u672c\u8a9e""}]","[""JP""]",null
171247,Thuy Nga Paris By Night 68,Thuy Nga Paris By Night 68,Thuy Nga Paris By Night 68,,Released,False,False,,0,0,0,0.0,0.0,0,en,,,,,[],[],[],[],"[""US""]",null
171248,Marital Cheating,غش الزوجية,"Hazem is a spoilt young man and a womaniser who takes advantage of his father's wealth to know more and more girls and stays away of commitment. When his father discovers what Hazem is doing, he starts to look for an appropriate wife for his son. Salma, is the lucky candidate who is desperately trying to change her husband's behaviour.",,Released,False,False,2012-06-06,109,0,1743052,0.7105,5.1,8,ar,,tt3914450,/sGo7ItAB4BLpAAAGtZgV4GILmzh.jpg,/88mJP7OkFegkI5qN0Gk5ArKgxj2.jpg,"[{""id"": 18, ""name"": ""Drama""}, {""id"": 10749, ""name"": ""Romance""}, {""id"": 35, ""name"": ""Comedy""}]","[{""id"": 91997, ""logo_path"": ""/rV3en6jMB6cAWNggmi7RBUVAEsV.png"", ""name"": ""United Bros. Studios"", ""origin_country"": ""EG""}]","[{""iso_3166_1"": ""EG"", ""name"": ""Egypt""}]","[{""english_name"": ""Arabic"", ""iso_639_1"": ""ar"", ""name"": ""\u0627\u0644\u0639\u0631\u0628\u064a\u0629""}]","[""EG""]",null
171249,Thuy Nga Paris By Night 69,Thuy Nga Paris By Night 69,Thuy Nga Paris By Night 69,,Released,False,False,2003-04-05,249,0,0,0.0071,0.0,0,vi,,,/yxjI5TNUvZY4DXiGDpMlMgsBBQq.jpg,,[],[],[],"[{""english_name"": ""Vietnamese"", ""iso_639_1"": ""vi"", ""name"": ""Ti\u1ebfng Vi\u1ec7t""}]","[""US""]",null
171250,Thuy Nga Paris By Night 70,Thuy Nga Paris By Night 70,Thuy Nga Paris By Night 70: Thu Ca,,Released,False,False,2003-09-12,0,0,0,0.0071,4.2,2,en,,,,,"[{""id"": 10402, ""name"": ""Music""}]",[],[],[],"[""US""]",null
171251,أنا بضيع ياوديع,أنا بضيع ياوديع,,,Released,False,False,2011-08-29,0,0,0,0.0071,0.0,0,ar,,,,,[],[],[],[],"[""SA""]",null
171252,Get Singing,آخر كلام,"Amira loves to sing and dreams of being an artist,but her uptight father refuses that. So she works in public relations .But when her father gets sick and goes into a coma for two years,her life changes and she pursues her dream of singing.",,Released,False,False,2008-09-30,100,0,0,0.4241,3.3,3,ar,,tt6448664,/7R7EIlqbDG5lYHyMQx8uVgxkbOo.jpg,,"[{""id"": 10751, ""name"": ""Family""}, {""id"": 10402, ""name"": ""Music""}]","[{""id"": 130498, ""logo_path"": null, ""name"": ""Arab Production and Distribution Company"", ""origin_country"": """"}]","[{""iso_3166_1"": ""EG"", ""name"": ""Egypt""}]","[{""english_name"": ""Arabic"", ""iso_639_1"": ""ar"", ""name"": ""\u0627\u0644\u0639\u0631\u0628\u064a\u0629""}]","[""EG""]",null
171253,Thuy Nga Paris By Night 71,Thuy Nga Paris By Night 71,Thuy Nga Paris By Night 71: 20 Anniversary,,Released,False,False,2003-10-17,304,0,0,0.0071,4.2,2,vi,,,/dXRw9l3pJrZYSrelQGw7Ohew2b4.jpg,,"[{""id"": 10402, ""name"": ""Music""}]",[],[],"[{""english_name"": ""Vietnamese"", ""iso_639_1"": ""vi"", ""name"": ""Ti\u1ebfng Vi\u1ec7t""}]","[""US""]",null
171254,Paris By Night 40 - Mẹ,Paris By Night 40 - Mẹ,Thuy Nga Paris By Night 40: Me,,Released,False,False,,0,0,0,0.0071,0.0,0,en,,,,,"[{""id"": 10402, ""name"": ""Music""}]",[],[],"[{""english_name"": ""Vietnamese"", ""iso_639_1"": ""vi"", ""name"": ""Ti\u1ebfng Vi\u1ec7t""}]","[""US""]",null
171256,Thuy Nga Paris By Night 73,Thuy Nga Paris By Night 73,Thuy Nga Paris By Night 73: The Best of Duets,,Released,False,False,2004-06-11,0,0,0,0.0,4.2,2,en,,,,,"[{""id"": 10402, ""name"": ""Music""}]",[],[],[],"[""US""]",null
171257,Dawlat Security,امن دولت,"Hossam is a state security officer whose new mission lands him in an unexpected situation. When he is assigned to protect the family of the UN ambassador Dawlat from Israeli threats, he finds himself teaming up with Malak, the babysitter of Dawlat's children, to save the family",,Released,False,False,2011-11-05,104,0,838309,0.7759,5.5,6,ar,,tt3753230,/fSXfiMnVB45OVblUVh4OqymRHW6.jpg,/yRqhHeR1bVDOc4OjOWxldIk64f9.jpg,"[{""id"": 18, ""name"": ""Drama""}, {""id"": 35, ""name"": ""Comedy""}]","[{""id"": 15305, ""logo_path"": null, ""name"": ""\u0646\u064a\u0648\u0633\u0646\u0634\u064a\u0631\u064a \u0644\u0644\u0625\u0646\u062a\u0627\u062c \u0627\u0644\u0633\u064a\u0646\u0645\u0627\u0626\u064a"", ""origin_country"": """"}]","[{""iso_3166_1"": ""EG"", ""name"": ""Egypt""}]","[{""english_name"": ""Arabic"", ""iso_639_1"": ""ar"", ""name"": ""\u0627\u0644\u0639\u0631\u0628\u064a\u0629""}]","[""EG""]",null
171265,Paris By Night 72,Paris By Night 72,Thuy Nga Paris By Night 72,,Released,False,False,2004-02-13,257,0,0,0.0071,4.2,2,vi,,,/eGt1on4rpbcfEOzI5da4FuVPGHj.jpg,,"[{""id"": 10402, ""name"": ""Music""}]",[],[],"[{""english_name"": ""Vietnamese"", ""iso_639_1"": ""vi"", ""name"": ""Ti\u1ebfng Vi\u1ec7t""}]","[""US""]",null
171268,King of Chess,棋王,Two independent stories involving chess wizards are interwoven to satirize the politics of the Chinese Cultural Revolution as well as Taiwan's capitalist boom of the 1970's.,,Released,False,False,1991-09-06,110,0,0,1.7675,6.7,15,cn,,tt0095450,/48kPivDfFu6VvScI6IbwpuTcw9n.jpg,/4VSUJSk5BkyhIqapm1FajffjHR1.jpg,"[{""id"": 18, ""name"": ""Drama""}]","[{""id"": 88666, ""logo_path"": null, ""name"": ""Golden Princess Amusement Co., Ltd."", ""origin_country"": """"}, {""id"": 3618, ""logo_path"": null, ""name"": ""Film Workshop"", ""origin_country"": ""HK""}]","[{""iso_3166_1"": ""TW"", ""name"": ""Taiwan""}, {""iso_3166_1"": ""HK"", ""name"": ""Hong Kong""}]","[{""english_name"": ""Cantonese"", ""iso_639_1"": ""cn"", ""name"": ""\u5e7f\u5dde\u8bdd / \u5ee3\u5dde\u8a71""}]","[""TW"", ""HK""]",null
171269,The Aristo-Cat,The Aristo-Cat,"Meadows the butler quits after being tormented by the spoiled family cat, who finds he is unable to survive on his own, especially after meeting the mice Hubie and Bertie.",,Released,False,False,1943-06-18,7,0,0,0.5339,6.7,18,en,,tt0035646,/1EVD4Vf7PG1KKEad5pJzvQdvQFA.jpg,/jlKMUpCmWEg3pi6o3nYn7mDqZm.jpg,"[{""id"": 16, ""name"": ""Animation""}, {""id"": 35, ""name"": ""Comedy""}]","[{""id"": 174, ""logo_path"": ""/zhD3hhtKB5qyv7ZeL4uLpNxgMVU.png"", ""name"": ""Warner Bros. Pictures"", ""origin_country"": ""US""}, {""id"": 134798, ""logo_path"": null, ""name"": ""Leon Schlesinger Productions"", ""origin_country"": ""US""}]","[{""iso_3166_1"": ""US"", ""name"": ""United States of America""}]","[{""english_name"": ""English"", ""iso_639_1"": ""en"", ""name"": ""English""}]","[""US""]",null
171272,Adrenaline,Adrénaline,"""Adrénaline"" proposes a string of short surrealist films presenting at various levels an interesting mix of mild gore, cynical humor and absurd surrealism.",Adrénaline,Released,False,False,1990-01-17,75,0,0,0.1847,5.9,7,fr,http://www.cinema-francais.fr/les_films/films_r/films_robak_alain/adrenaline_le_films.htm,tt0098986,/1uZ1dVfutxL25snyOAhHGpWka3o.jpg,,[],"[{""id"": 79696, ""logo_path"": null, ""name"": ""Sinfonia Films"", ""origin_country"": ""FR""}, {""id"": 22314, ""logo_path"": null, ""name"": ""Clara Films"", ""origin_country"": ""FR""}, {""id"": 79697, ""logo_path"": null, ""name"": ""Manitou Productions"", ""origin_country"": ""FR""}, {""id"": 310, ""logo_path"": ""/4Gp5A4YdjPBfsHT47ngHMaXWmb9.png"", ""name"": ""CNC"", ""origin_country"": ""FR""}, {""id"": 104, ""logo_path"": ""/9aotxauvc9685tq9pTcRJszuT06.png"", ""name"": ""Canal+"", ""origin_country"": ""FR""}]","[{""iso_3166_1"": ""FR"", ""name"": ""France""}]","[{""english_name"": ""French"", ""iso_639_1"": ""fr"", ""name"": ""Fran\u00e7ais""}]","[""FR""]",null
171274,Inherent Vice,Inherent Vice,"In Los Angeles at the turn of the 1970s, drug-fueled detective Larry ""Doc"" Sportello investigates the disappearance of an ex-girlfriend.",Love usually leads to trouble.,Released,False,False,2014-12-12,149,20000000,14810975,5.6478,6.543,2689,en,http://inherentvicemovie.com/,tt1791528,/pfVua7TzzttOh3RTOuBqT7xN0oY.jpg,/cwytQHRHSrMnsSEowcY4Z6jIEeb.jpg,"[{""id"": 18, ""name"": ""Drama""}, {""id"": 9648, ""name"": ""Mystery""}, {""id"": 35, ""name"": ""Comedy""}]","[{""id"": 174, ""logo_path"": ""/zhD3hhtKB5qyv7ZeL4uLpNxgMVU.png"", ""name"": ""Warner Bros. Pictures"", ""origin_country"": ""US""}, {""id"": 93105, ""logo_path"": ""/ryjDQ04FlVYVW30Eok3t5V5Gx8T.png"", ""name"": ""IAC Films"", ""origin_country"": ""US""}, {""id"": 211621, ""logo_path"": null, ""name"": ""JoAnne Sellar Productions"", ""origin_country"": ""US""}, {""id"": 178, ""logo_path"": null, ""name"": ""Ghoulardi Film Company"", ""origin_country"": ""US""}, {""id"": 41624, ""logo_path"": ""/wzKxIeQKlMP0y5CaAw25MD6EQmf.png"", ""name"": ""RatPac Entertainment"", ""origin_country"": ""US""}]","[{""iso_3166_1"": ""US"", ""name"": ""United States of America""}]","[{""english_name"": ""English"", ""iso_639_1"": ""en"", ""name"": ""English""}]","[""US""]",null
171275,Argo: Inside Story,Argo: Inside Story,"Following the success if Ben Affleck's 'Argo,' which chronicles the CIA's attempt to rescue six Americans during the 1978 Iran hostage crisis, Discovery Channel's 'Argo: Inside Story', gains access to the top players involved in the crisis to hear their side of the story, including the CIA's chief of disguise, Tony Mendez, who was called upon to devise the rescue plan.",The Inside Story,Released,False,False,2013-02-22,42,0,0,0.3392,5.5,1,en,,tt2723564,,,"[{""id"": 99, ""name"": ""Documentary""}]","[{""id"": 6790, ""logo_path"": ""/A0TzRpnwLcUcNgrvDJ0BIajf56b.png"", ""name"": ""Discovery"", ""origin_country"": ""US""}]","[{""iso_3166_1"": ""IR"", ""name"": ""Iran""}, {""iso_3166_1"": ""US"", ""name"": ""United States of America""}]","[{""english_name"": ""English"", ""iso_639_1"": ""en"", ""name"": ""English""}]","[""US""]",null
171277,The House Across the Street,The House Across the Street,"Amy has moved east from Kansas, determined to start a new life. She thinks she has found the perfect small quiet town, a great neighborhood on a quiet street. As she moves into her brand new apartment, eager to start a dream job, happy to befriend her neighbors, she finds out that not everything is as it seems, especially at the house across the street.",What you don't know won't hurt you. But what you know will kill you.,Released,False,False,2013-04-10,90,0,0,0.3784,4.7,10,en,,tt2363449,/kDJqRjgBcPljuRjrp1L1THS6pk9.jpg,/d6DhOvMvAhTr5xfJ2zpNcWgkHWH.jpg,"[{""id"": 27, ""name"": ""Horror""}, {""id"": 53, ""name"": ""Thriller""}]",[],[],"[{""english_name"": ""English"", ""iso_639_1"": ""en"", ""name"": ""English""}]","[""US""]",null
171278,Mötley Crüe | Quebec City 1984,Mötley Crüe | Quebec City 1984,"Videotaped at the Colisée de Québec in Quebec City, Quebec, Canada on 5-June 1984. Supporting their second album, SHOUT AT THE DEVIL, this was the beginning of Crüe's headlining days, after graduating from the opening slot on Ozzy's tour earlier that year.  Setlist:  01. Shout at the Devil  02. Bastard  03. Take Me to the Top  04. Ten Seconds to Love  05. Merry-Go-Round  06. Knock 'Em Dead, Kid  07. Piece of Your Action  08. Too Young to Fall in Love  09. God Bless the Children of the Beast  10. Red Hot  11. Tommy's Solo / Mick's Solo  12. Looks That Kill  13. Live Wire  14. Helter Skelter",,Released,False,False,1984-06-05,0,0,0,0.2118,9.5,2,en,,,/flpJuedpXwXx8UiL9TwpKgkNxwx.jpg,,"[{""id"": 10402, ""name"": ""Music""}]",[],[],"[{""english_name"": ""English"", ""iso_639_1"": ""en"", ""name"": ""English""}]","[""US""]",null
171280,Chimères,Chimères,"A young couple, Alexander and Livia, take off on holiday to Romania. Hospitalized after being hit by a car, Alexander must undergo a blood transfusion—with horrifying consequences: upon his return, he seems afflicted with a strange disease.",,Released,False,False,2013-12-09,82,0,0,0.3459,5.6,18,fr,,tt2318564,/2EdZU3017dsHUZK6dZXAi7riNJX.jpg,/cCCf611BbX3tK9RyGY5n3qx7IYy.jpg,"[{""id"": 27, ""name"": ""Horror""}, {""id"": 18, ""name"": ""Drama""}, {""id"": 10749, ""name"": ""Romance""}]","[{""id"": 56643, ""logo_path"": null, ""name"": ""VM Broadcast Services Global"", ""origin_country"": """"}, {""id"": 56644, ""logo_path"": null, ""name"": ""Chaoticlock Films"", ""origin_country"": """"}]","[{""iso_3166_1"": ""RO"", ""name"": ""Romania""}, {""iso_3166_1"": ""CH"", ""name"": ""Switzerland""}]","[{""english_name"": ""French"", ""iso_639_1"": ""fr"", ""name"": ""Fran\u00e7ais""}]","[""FR"", ""CH""]",null
171282,The Ladies of the House,The Ladies of the House,A reluctant birthday celebration starts out innocently enough but quickly turns into three men’s desperate fight for survival.,,Released,False,False,2015-05-13,93,0,0,0.2587,1.3,3,en,,tt2397573,/ej8MDRhx4wDxBi3XoDzluhhraNc.jpg,/cqtiE25jFN0iefADVspofU3caFD.jpg,"[{""id"": 27, ""name"": ""Horror""}, {""id"": 53, ""name"": ""Thriller""}]",[],[],"[{""english_name"": ""English"", ""iso_639_1"": ""en"", ""name"": ""English""}]","[""US""]",null
171283,The 4th Reich,The 4th Reich,"The chilling realities of Hitler's true intentions are exposed, to create a force that can never be beaten, a 4th Reich - The New World Order. A team of Nazi doctors and scientists were charged with generating a superior race. Their experiments and research would produce unspeakable evil and change the face of humanity forever.",,Released,False,False,,97,0,0,0.5838,0.0,0,en,,tt1456940,,,"[{""id"": 28, ""name"": ""Action""}, {""id"": 27, ""name"": ""Horror""}, {""id"": 10752, ""name"": ""War""}]",[],[],"[{""english_name"": ""English"", ""iso_639_1"": ""en"", ""name"": ""English""}]","[""US""]",null
171285,The Toy Box,The Toy Box,"An American serial killer suspected by police to have murdered as many as 60 people; David tortured and presumably killed his victims in a $100,000 homemade torture chamber he called ""The Toy Box.""",,Released,False,False,2014-07-31,0,0,0,0.1331,7.0,5,en,,,/eOEJvtvFUVlHIQh9PbBrEhuKGh.jpg,/jVQTNpP5cYZrCA1dNnq3cqTDToh.jpg,"[{""id"": 27, ""name"": ""Horror""}, {""id"": 80, ""name"": ""Crime""}]","[{""id"": 146767, ""logo_path"": null, ""name"": ""Horrorphiles entertainment"", ""origin_country"": """"}]","[{""iso_3166_1"": ""US"", ""name"": ""United States of America""}]",[],"[""US""]",null
171287,Night of the Dolls,Night of the Dolls,"Kari, Lydia, Chloe and Molly play in a band called the Lolita Dolls. Their best friend Lenny accompanies them on a road trip. During this trip, they visit an old Sanitarium to shoot a music video. They were never seen again.",,Released,False,False,2014-06-13,86,0,0,0.1353,1.5,2,en,,tt2186940,/rkq5Uqp6DJFeAS1CHsJjzw9UWpk.jpg,,"[{""id"": 27, ""name"": ""Horror""}]",[],"[{""iso_3166_1"": ""US"", ""name"": ""United States of America""}]","[{""english_name"": ""English"", ""iso_639_1"": ""en"", ""name"": ""English""}]","[""US""]",null
171290,Men Who Don't Know the Impossible,رجال لا تعرف المستحيل,The Egyptian Intelligence Agency is recruiting a young Egyptian man for a heroic mission in Tel Aviv.,,Released,False,False,2002-02-23,64,0,0,0.1024,8.5,2,ar,,,/8m2nRInWSwfRvAwiAViH2ippBde.jpg,,[],[],[],"[{""english_name"": ""Arabic"", ""iso_639_1"": ""ar"", ""name"": ""\u0627\u0644\u0639\u0631\u0628\u064a\u0629""}]","[""SA""]",null
171292,"I, Desire","I, Desire","A coroner's assistant, who is also a law student, gets involved in a strange case involving his girlfriend's place of employment (a hospital), prostitutes, a defrocked priest, and vampires.",I hunger. I hunt. I strike. I feast.,Released,False,False,1982-11-15,95,0,0,1.0975,5.0,6,en,,tt0083821,/dDjAtwE4he7GmO9YW1IEZtYo0I0.jpg,/tutDRLXRxLQc8h5OQyY5wLl6mhp.jpg,"[{""id"": 10770, ""name"": ""TV Movie""}, {""id"": 80, ""name"": ""Crime""}, {""id"": 27, ""name"": ""Horror""}, {""id"": 53, ""name"": ""Thriller""}]","[{""id"": 1192, ""logo_path"": null, ""name"": ""Green/Epstein Productions"", ""origin_country"": ""US""}, {""id"": 3614, ""logo_path"": ""/qFRpYYtU9iyVKDMpm3a8tN7Q7YE.png"", ""name"": ""Columbia Pictures Television"", ""origin_country"": ""US""}, {""id"": 176162, ""logo_path"": ""/6p5mbxa1dzikbnVlLc11uroG9GU.png"", ""name"": ""ABC"", ""origin_country"": ""US""}]","[{""iso_3166_1"": ""US"", ""name"": ""United States of America""}]","[{""english_name"": ""English"", ""iso_639_1"": ""en"", ""name"": ""English""}]","[""US""]",null
171295,Something Different,O něčem jiném,"In her first feature, Věra Chytilová uses a combination of documentary and fiction film techniques to tell two stories in counterpoint. The first follows Olympic champion gymnast Eva Bosáková, who contemplates retirement as she undergoes a gruelling training schedule; the second, a housewife who is unappreciated and ignored by her husband.",,Released,False,False,1963-12-20,85,0,0,0.3904,6.2,28,cs,,tt0057374,/nBKohra6KzHXo4Bxi83amaOrxPT.jpg,/ce2PN6CtcPlF7hz3hnmGeMRvjSw.jpg,"[{""id"": 18, ""name"": ""Drama""}]","[{""id"": 1931, ""logo_path"": ""/5erHhgvym2cTORao8ajtn2gbiTH.png"", ""name"": ""Filmov\u00e9 studio Barrandov"", ""origin_country"": ""XC""}]","[{""iso_3166_1"": ""XC"", ""name"": ""Czechoslovakia""}]","[{""english_name"": ""Czech"", ""iso_639_1"": ""cs"", ""name"": ""\u010cesk\u00fd""}]","[""XC""]",null
171296,Another Shore,Another Shore,A young Irishman comes up with an unusual plan to get the money to emigrate to Tahiti.  One of the Ealing comedies.,,Released,False,False,1948-11-24,77,0,0,0.9402,5.4,9,en,,tt0040103,/ttEQF1Gd4PisfNHpvxuQJbwlizV.jpg,/fz9Mb3AsA88hAVvjFEfhbcXbFTZ.jpg,"[{""id"": 35, ""name"": ""Comedy""}, {""id"": 10749, ""name"": ""Romance""}]","[{""id"": 2650, ""logo_path"": ""/sDWe94w5fuyfgfRKc3N27CSJvsD.png"", ""name"": ""Ealing Studios"", ""origin_country"": ""GB""}]","[{""iso_3166_1"": ""GB"", ""name"": ""United Kingdom""}]","[{""english_name"": ""English"", ""iso_639_1"": ""en"", ""name"": ""English""}]","[""US"", ""GB""]",null
171297,Meet Mr. Lucifer,Meet Mr. Lucifer,A TV set given as a retirement present is sold on to different households causing misery each time.,A Devil-May-Care Joker From Ealing Studios,Released,False,False,1953-11-30,83,0,0,1.0136,5.1,16,en,,tt0046060,/qrah5y8Hyp17KWYxvJ6yeuu5bJH.jpg,/iL3wx2ngaIJo0dPCB11YDKNRbuT.jpg,"[{""id"": 14, ""name"": ""Fantasy""}, {""id"": 35, ""name"": ""Comedy""}]","[{""id"": 2650, ""logo_path"": ""/sDWe94w5fuyfgfRKc3N27CSJvsD.png"", ""name"": ""Ealing Studios"", ""origin_country"": ""GB""}, {""id"": 5110, ""logo_path"": null, ""name"": ""Michael Balcon Productions"", ""origin_country"": """"}, {""id"": 14377, ""logo_path"": null, ""name"": ""J. Arthur Rank Organisation"", ""origin_country"": ""GB""}]","[{""iso_3166_1"": ""GB"", ""name"": ""United Kingdom""}]","[{""english_name"": ""English"", ""iso_639_1"": ""en"", ""name"": ""English""}]","[""GB""]",null
171298,Goodbye Morocco,Goodbye Morocco,"Tangier. Dounia decides to sell on the black market the antiques uncovered on the building site she manages. She hopes to raise enough money to be able to leave Morocco with her son, who she hardly ever sees since her divorce. The death of a worker disrupts her plan...",,Released,False,False,2013-02-13,102,0,0,0.4179,4.8,12,fr,,tt2607702,/wD5BMYdO6B5Q5qlZq6OD4UPZDC.jpg,,"[{""id"": 18, ""name"": ""Drama""}]","[{""id"": 30432, ""logo_path"": ""/7TlySFa08WRjn1X6m2KJyWtgukN.png"", ""name"": ""Blue Monday Productions"", ""origin_country"": ""FR""}]","[{""iso_3166_1"": ""BE"", ""name"": ""Belgium""}, {""iso_3166_1"": ""FR"", ""name"": ""France""}]","[{""english_name"": ""Arabic"", ""iso_639_1"": ""ar"", ""name"": ""\u0627\u0644\u0639\u0631\u0628\u064a\u0629""}, {""english_name"": ""English"", ""iso_639_1"": ""en"", ""name"": ""English""}, {""english_name"": ""French"", ""iso_639_1"": ""fr"", ""name"": ""Fran\u00e7ais""}]","[""FR""]",null
171299,Contra Conspiracy,Contra Conspiracy,"When a Hollywood film crew set up shop in the Mojave Desert, they believed they were making the best action-adventure movie of the year. Little did the filmmakers know they would live it, too!",,Released,False,False,1990-03-31,87,0,0,0.6359,3.0,3,en,,tt0161456,/1EAXpLrpymfaLTm10dN7ZVU2JkP.jpg,,"[{""id"": 28, ""name"": ""Action""}]","[{""id"": 3052, ""logo_path"": ""/kqP7DC8cUCzDSI5SXiJKJKmQg1K.png"", ""name"": ""Troma Entertainment"", ""origin_country"": ""US""}, {""id"": 2778, ""logo_path"": null, ""name"": ""City Lights Pictures"", ""origin_country"": ""US""}]","[{""iso_3166_1"": ""US"", ""name"": ""United States of America""}]","[{""english_name"": ""English"", ""iso_639_1"": ""en"", ""name"": ""English""}]","[""US""]",null
171301,The World Belongs to Us,Le monde nous appartient,"On a bridge, one night, a stabbing. There is Pouga. And there is Julien. The film shows the parallel destiny of these two young men who look alike without knowing each other.",,Released,False,False,2012-10-16,88,0,0,0.4616,7.2,2,fr,,tt1943763,/kbTet1oLtz1AVAylInSwRai4giY.jpg,/oHlYp3FrZV2xZjAdXFLm6RjQA15.jpg,"[{""id"": 18, ""name"": ""Drama""}]","[{""id"": 212058, ""logo_path"": ""/32QHK5MqnbpXR6zntELgzqeh7x5.png"", ""name"": ""Bardafeu Cin\u00e9ma"", ""origin_country"": ""BE""}, {""id"": 11983, ""logo_path"": null, ""name"": ""Formosa Productions"", ""origin_country"": ""FR""}, {""id"": 207, ""logo_path"": ""/uskenzq65wJe0cT0D8StQI3hJnO.png"", ""name"": ""Agat Films & Cie / Ex Nihilo"", ""origin_country"": ""FR""}, {""id"": 12583, ""logo_path"": ""/vnYEkRJgZ9w1ZL777SGNqNV74b8.png"", ""name"": ""Minds Meet"", ""origin_country"": ""BE""}, {""id"": 47606, ""logo_path"": ""/piOBwOvOjlHgi5KarCwGC8INSJT.png"", ""name"": ""Volya Films"", ""origin_country"": ""NL""}, {""id"": 8676, ""logo_path"": ""/5u4GmXn4QMU39GQxGZoGfNtQ23r.png"", ""name"": ""uFilm"", ""origin_country"": ""BE""}, {""id"": 792, ""logo_path"": ""/cRhBQP1FFNugNxKkO1pUgeD2Rkr.png"", ""name"": ""RTBF"", ""origin_country"": ""BE""}, {""id"": 8009, ""logo_path"": ""/jMXTbZ35gAiHCjIfdDq1B7On9fv.png"", ""name"": ""Belgacom"", ""origin_country"": ""BE""}]","[{""iso_3166_1"": ""BE"", ""name"": ""Belgium""}, {""iso_3166_1"": ""FR"", ""name"": ""France""}, {""iso_3166_1"": ""NL"", ""name"": ""Netherlands""}]",[],"[""BE""]",null
171303,Davy,Davy,The Mad Morgans are a family song and dance act touring the British Music Halls. Young Davy is the star of the act but should he stay with his family or strike out on his own ?  The last comedy to be produced at Ealing Studios.,,Released,False,False,1958-01-02,83,0,0,0.7172,5.0,6,en,,tt0050293,/ecABTDjpGyuCh3g8lICfr01EM8x.jpg,,"[{""id"": 35, ""name"": ""Comedy""}, {""id"": 18, ""name"": ""Drama""}, {""id"": 10402, ""name"": ""Music""}]","[{""id"": 2650, ""logo_path"": ""/sDWe94w5fuyfgfRKc3N27CSJvsD.png"", ""name"": ""Ealing Studios"", ""origin_country"": ""GB""}, {""id"": 21, ""logo_path"": ""/usUnaYV6hQnlVAXP6r4HwrlLFPG.png"", ""name"": ""Metro-Goldwyn-Mayer"", ""origin_country"": ""US""}]","[{""iso_3166_1"": ""GB"", ""name"": ""United Kingdom""}]","[{""english_name"": ""English"", ""iso_639_1"": ""en"", ""name"": ""English""}]","[""US"", ""GB""]",null
171304,Ring Girls,Ring Girls,"Based on true events, Ring Girls is a fast paced story about five gorgeous young American women from Las Vegas who train under their mentor, Master Toddy. These five fighters take on the ultimate challenge of fighting the best female Muay Thai fighters in the world. The five American beauties give up the glitz and glory of Las Vegas and travel deep into the jungles of Thailand. It's there where they battle the elements and train to use all of their weapons: kicks, knees, elbows and fists. The story climaxes in an epic battle in the ring - a bloody, fierce fight that brings the entire country to its feet. For five warriors from Las Vegas, it's the trip of the lifetime... and the fight of their lives!",,Released,False,False,2005-10-03,80,0,0,0.755,4.1,8,en,,tt0497964,/9NJ218r7p3hpa5BWR9a37KNNcuJ.jpg,/d977F7utT20jGB0IcI7q8vxMACc.jpg,"[{""id"": 28, ""name"": ""Action""}]","[{""id"": 5993, ""logo_path"": null, ""name"": ""Curb Entertainment"", ""origin_country"": """"}]","[{""iso_3166_1"": ""US"", ""name"": ""United States of America""}]","[{""english_name"": ""English"", ""iso_639_1"": ""en"", ""name"": ""English""}]","[""US""]",null
171306,Rehearsals For War,Teatro di Guerra,"A group of actors meet with little money in a unofficial theatre in Naples' Spanish Boroughs. Director's plan is to travel to Sarajevo, still under siege, to stage a classic Eschilus' play about civil war in Tebe. While they rehearse in the theatre cast members come and go and another kind of war goes on every day in nearby streets of old Naples.",,Released,False,False,1998-04-29,113,0,0,0.5437,7.2,6,it,,tt0136556,/9aIjM1WlSrHBovQTXNpATFCw57m.jpg,/6FBbNPEZYcrEwpq4aPTi0wfY0VJ.jpg,"[{""id"": 18, ""name"": ""Drama""}]","[{""id"": 15139, ""logo_path"": ""/pDMWjx8DQZ7joB5Yd5lieixKUAp.png"", ""name"": ""Tele+"", ""origin_country"": ""IT""}, {""id"": 48913, ""logo_path"": null, ""name"": ""Teatri Uniti"", ""origin_country"": ""IT""}, {""id"": 779, ""logo_path"": ""/KFFOFoztyjV5epvnW5GerPbcvx.png"", ""name"": ""Lucky Red"", ""origin_country"": ""IT""}]","[{""iso_3166_1"": ""IT"", ""name"": ""Italy""}, {""iso_3166_1"": ""BA"", ""name"": ""Bosnia and Herzegovina""}]","[{""english_name"": ""English"", ""iso_639_1"": ""en"", ""name"": ""English""}, {""english_name"": ""Italian"", ""iso_639_1"": ""it"", ""name"": ""Italiano""}]","[""BA"", ""IT""]",null
171307,Ghost Train,Der Geisterzug,"Mismatched travellers are stranded overnight at a lonely rural railway station. They soon learn of local superstition about a phantom train which is said to travel these parts at dead of night, carrying ghosts from a long-ago train wreck in the area. The travelers eventually get to the bottom of the things that go bump in the night.",,Released,False,False,1927-09-16,59,0,0,0.3546,8.0,2,de,,tt0017930,/j94iCXfa48N1u1CUPl0fBfyHatb.jpg,,"[{""id"": 80, ""name"": ""Crime""}, {""id"": 27, ""name"": ""Horror""}]","[{""id"": 150359, ""logo_path"": null, ""name"": ""F.P.S.-Film GmbH"", ""origin_country"": """"}, {""id"": 1221, ""logo_path"": null, ""name"": ""Gainsborough Pictures"", ""origin_country"": ""GB""}, {""id"": 32560, ""logo_path"": null, ""name"": ""Phoebus-Film"", ""origin_country"": ""DE""}]","[{""iso_3166_1"": ""DE"", ""name"": ""Germany""}, {""iso_3166_1"": ""GB"", ""name"": ""United Kingdom""}]","[{""english_name"": ""No Language"", ""iso_639_1"": ""xx"", ""name"": ""No Language""}]","[""DE"", ""GB""]",null
171308,Baffled!,Baffled!,"Tom Kovack is a hard-nosed race car driver until a sudden supernatural vision causes a near-fatal crash while he's hurtling down the backstretch at 140 miles per hour. Michele Brent is the woman who convinces Kovack that his visions are significant. She leads him to the manor house that appeared in his vision, which in turn leads him into a world of revenge and murder from beyond the grave. Kovack must tap into his newfound power to conquer the evil forces at work.",Who dares walk the line between life and death.,Released,False,False,1973-04-11,99,0,0,1.2787,5.4,22,en,,tt0068248,/dEwwdLV0cYQNne18mC8f45yxFRD.jpg,/r66MZ4r8EypWfUHEGkJDF3bZ299.jpg,"[{""id"": 878, ""name"": ""Science Fiction""}, {""id"": 53, ""name"": ""Thriller""}, {""id"": 9648, ""name"": ""Mystery""}, {""id"": 27, ""name"": ""Horror""}, {""id"": 10770, ""name"": ""TV Movie""}]","[{""id"": 7894, ""logo_path"": null, ""name"": ""Arena Productions"", ""origin_country"": ""US""}, {""id"": 1155, ""logo_path"": ""/rKTzFu5woCo8k0u9ML7mWeLY541.png"", ""name"": ""ITC Entertainment"", ""origin_country"": ""GB""}, {""id"": 1502, ""logo_path"": ""/ywjcvHUiKxv7cYsestkONF8LieH.png"", ""name"": ""NBC"", ""origin_country"": ""US""}]","[{""iso_3166_1"": ""US"", ""name"": ""United States of America""}, {""iso_3166_1"": ""GB"", ""name"": ""United Kingdom""}]","[{""english_name"": ""English"", ""iso_639_1"": ""en"", ""name"": ""English""}]","[""GB""]",null
171311,Dorothy The Dinosaur - Beach Party,Dorothy The Dinosaur - Beach Party,"Dorothy the Dinosaur's Beach Party! is the stompy-wompy show full of your favourite Wiggly songs that will fill your day with sunshine. Can You (Point Your Fingers and Do the Twist?), Having Fun at the Beach and The Monkey Dance will get your flip-flops flapping with fun! Join Dorothy and her friends, Captain Feathersword, Wags the Dog, Fairy Clare and Henry the Octopus, and their new friends, the Dance-a-lots, as they sing along to twenty wiggly hits! Dorothy the Dinosaur's Beach Party! Is setting sail for an island of sunny fun!",,Released,False,True,2012-12-04,66,0,0,0.0,0.0,0,en,,,/yG40tL5ogYyAS97Sf0qWbOSd6sC.jpg,,"[{""id"": 10751, ""name"": ""Family""}]",[],[],[],"[""US""]",null
171312,Monrad & Rislund: De Tykke Synger,Monrad & Rislund: De Tykke Synger,"The tough guys are back with their laxatives, and nothing is held back in this uncensored edition.",,Released,False,False,2003-01-01,0,0,0,0.0143,0.0,0,da,,tt0382185,/8oYVBre9yun86qJd4FAHyu1uhUM.jpg,/uxqSZiq6vIWpADGXqqtxENNexgJ.jpg,[],"[{""id"": 4713, ""logo_path"": ""/pdypzFmcHh5Uvd1u4X04NRXJNlp.png"", ""name"": ""CMC Entertainment"", ""origin_country"": ""TW""}]","[{""iso_3166_1"": ""DK"", ""name"": ""Denmark""}]","[{""english_name"": ""Danish"", ""iso_639_1"": ""da"", ""name"": ""Dansk""}]","[""DK""]",null
171325,"Mir nach, Canaillen","Mir nach, Canaillen","A wild story set in eighteenth-century Prussia. Alexander can do everything that a real devil of a fellow must be able to do: ride, shoot, love and devise clever plots. As a result, he is able to climb the ladder from herder to chamber master, where he makes a fool of the feudal lords.",,Released,False,False,1964-07-31,108,0,0,0.2578,6.2,6,de,,tt0058354,/3mRyflNcANQoYyyL7nTjLebR5ea.jpg,/yRszmoZdcEbaqQ4JCQwWqjLGXAp.jpg,"[{""id"": 12, ""name"": ""Adventure""}, {""id"": 35, ""name"": ""Comedy""}]","[{""id"": 602, ""logo_path"": ""/pVsXRFbYVDe5BhsATCAh1rt5F0k.png"", ""name"": ""DEFA-Studio f\u00fcr Spielfilme"", ""origin_country"": ""XG""}]","[{""iso_3166_1"": ""XG"", ""name"": ""East Germany""}]","[{""english_name"": ""German"", ""iso_639_1"": ""de"", ""name"": ""Deutsch""}]","[""XG""]",null
171326,Postis Per - Den Hungriga Geten,Postis Per - Den Hungriga Geten,"On his mail route in Grönby, Postis Per? gets to experience lots of exciting things. He is known for his helpfulness and good humor. He always has a little companion with him on his rounds—his cat, Frasse! Follow the popular mail carrier around Grönby in the episodes: - The Dragon Who Ran Away - The Hungry Goat - The Ice Cream Machine - The Great Grönby Race - The Flea Market",,Released,False,False,2005-11-08,0,0,0,0.0071,0.0,0,sv,,,,,"[{""id"": 16, ""name"": ""Animation""}]",[],[],"[{""english_name"": ""Swedish"", ""iso_639_1"": ""sv"", ""name"": ""svenska""}]","[""SE""]",null
171327,La niña de tus sueños,La niña de tus sueños,"Film centred around a mother, Françoise, who is HIV positive and her young daughter Ana.",,Released,False,False,1995-05-27,105,0,0,0.6175,0.0,0,en,,tt0113988,,,[],[],[],"[{""english_name"": ""Spanish"", ""iso_639_1"": ""es"", ""name"": ""Espa\u00f1ol""}, {""english_name"": ""French"", ""iso_639_1"": ""fr"", ""name"": ""Fran\u00e7ais""}]","[""US""]",null
171336,Red Colored Elegy,赤色エレジー,"Uninvolved with the political movements of the time, Ichiro and Sachiko hope for something better, but they’re no revolutionaries; their spare time is spent drinking, smoking, daydreaming, and sleeping—together and at times with others.",,Released,False,False,2007-06-21,30,0,0,0.919,0.0,0,ja,,tt1160602,/dbOvvMdm00LxvtcwlSC7ZYS11UM.jpg,/ze00jYtpWt5uiE0CVaCa1M6SW8B.jpg,"[{""id"": 16, ""name"": ""Animation""}, {""id"": 18, ""name"": ""Drama""}]","[{""id"": 5542, ""logo_path"": ""/ayE4LIqoAWotavo7xdvYngwqGML.png"", ""name"": ""Toei Animation"", ""origin_country"": ""JP""}]","[{""iso_3166_1"": ""JP"", ""name"": ""Japan""}]","[{""english_name"": ""Japanese"", ""iso_639_1"": ""ja"", ""name"": ""\u65e5\u672c\u8a9e""}]","[""JP""]",null
171337,Siberian Education,Educazione siberiana,"The story of a gang of children growing up in a community of banished criminals, in a forgotten corner of the former Soviet Union. This community rejects the world outside. The only law it obeys… is its own. Against this backdrop two best friends, Kolyma and Gagarin, gradually become fierce enemies as they find themselves on opposite sides of the strict code of honour of the ‘honest criminal’ brotherhood.","In the mid-1980s, a Siberian gang leader is exiled to a small town on the Ukrainian border where he teaches his grandson the “honest criminal” code.",Released,False,False,2013-02-27,110,0,0,1.2879,6.8,558,en,,tt1697064,/pSXguX0FmIvRr7r85uSZW96tLut.jpg,/zTbvwjlQLA9v8fH6ju8AyWRXwaw.jpg,"[{""id"": 18, ""name"": ""Drama""}, {""id"": 80, ""name"": ""Crime""}]","[{""id"": 10102, ""logo_path"": ""/hdJq0LbqmBx6FJqnfTtfqvAsAkV.png"", ""name"": ""Cattleya"", ""origin_country"": ""IT""}, {""id"": 14016, ""logo_path"": ""/snclwsIZQbgvqYCBJP8fqNlCA5y.png"", ""name"": ""MiC"", ""origin_country"": ""IT""}, {""id"": 104356, ""logo_path"": null, ""name"": ""A&G"", ""origin_country"": """"}]","[{""iso_3166_1"": ""IT"", ""name"": ""Italy""}, {""iso_3166_1"": ""LT"", ""name"": ""Lithuania""}]","[{""english_name"": ""English"", ""iso_639_1"": ""en"", ""name"": ""English""}]","[""US""]",null
171341,The Devil Dancer,The Devil Dancer,"An English explorer disturbed by the practices of an isolated tribe attempts to rescue a native girl he has become fascinated with.  THE DEVIL DANCER was highly praised at time of release for its exquisite cinematography, especially in the use of light and shadow. The film received an Academy Award nomination in this category. Sadly, it is among the lost. No prints or negatives are known to survive.",Two men fought for the Devil Dancer. One to hold what he had bought- the other to win the love he sought.,Released,False,False,1927-11-03,73,0,0,0.9045,5.0,2,en,,tt0017806,/lG6Fmnls91DT6gxXXWnb4YZ7yIa.jpg,/pA00hZqh3GdcuK1j8rtWNNnCeIb.jpg,"[{""id"": 18, ""name"": ""Drama""}, {""id"": 10749, ""name"": ""Romance""}]","[{""id"": 28205, ""logo_path"": ""/70VLg1uTo7gXdJQczgl1DPmp3hT.png"", ""name"": ""Samuel Goldwyn Productions"", ""origin_country"": ""US""}]","[{""iso_3166_1"": ""US"", ""name"": ""United States of America""}]","[{""english_name"": ""No Language"", ""iso_639_1"": ""xx"", ""name"": ""No Language""}]","[""US""]",null
171343,The Magic Flame,The Magic Flame,"The Magic Flame (1927) is a feature film directed by Henry King, produced by Samuel Goldwyn, and based on the play Konig Harlekin by Rudolph Lothar. George Barnes was nominated at the 1st Academy Awards for Best Cinematography. The film promoted itself as the Romeo and Juliet of the circus upon its release.",THE ROMEO AND JULIET OF THE SCREEN---RONALD COMAN and VILMA BANKY,Released,False,False,1927-09-17,100,0,615000,0.5402,4.3,3,en,,tt0018129,/arrE0FBEYBdJVRYyH6TrLl5O06U.jpg,/tY6CmWmPiuyaO8Wg6RGDz4Ka8Rx.jpg,"[{""id"": 10749, ""name"": ""Romance""}, {""id"": 18, ""name"": ""Drama""}]","[{""id"": 28205, ""logo_path"": ""/70VLg1uTo7gXdJQczgl1DPmp3hT.png"", ""name"": ""Samuel Goldwyn Productions"", ""origin_country"": ""US""}]","[{""iso_3166_1"": ""US"", ""name"": ""United States of America""}]",[],"[""US""]",null
171344,Torchy Blane... Playing with Dynamite,Torchy Blane... Playing with Dynamite,Torchy Blane and Steve McBride try to nab a gangster by tracking his moll.,Run for Your Life!,Released,False,False,1939-08-12,59,0,0,1.376,6.0,4,en,,tt0032044,/dKoWZS9AuQ7Zluims2CKUbaRa0m.jpg,/tSCbnVOUNw10X59yXt2nXFBR96a.jpg,"[{""id"": 28, ""name"": ""Action""}, {""id"": 80, ""name"": ""Crime""}, {""id"": 35, ""name"": ""Comedy""}]","[{""id"": 174, ""logo_path"": ""/zhD3hhtKB5qyv7ZeL4uLpNxgMVU.png"", ""name"": ""Warner Bros. Pictures"", ""origin_country"": ""US""}]","[{""iso_3166_1"": ""US"", ""name"": ""United States of America""}]","[{""english_name"": ""English"", ""iso_639_1"": ""en"", ""name"": ""English""}]","[""US""]","{""id"": 393326, ""name"": ""Torchy Blane Collection"", ""poster_path"": ""/4md25fbiPUwkqxHQ07LYmD4aT73.jpg"", ""backdrop_path"": ""/eYSMTRSNquyAsFaCXl1a5GKb6nk.jpg""}"
171345,The Adventurous Blonde,The Adventurous Blonde,"The third of nine Torchy Blane movies.  Angry that police detective Steve McBride (Barton MacLane) is giving preferential treatment to his reporter-fiancée,  Torchy Blane (Glenda Farrell), reporters from a rival newspaper plan a fake murder with the idea that Torchy's paper will print the story and look foolish.  The tables are turned when the fake murder turns out to be the genuine article.",Gangway for Torchy! She's Goin' to Town!,Released,False,False,1937-11-13,61,0,0,1.2705,5.0,12,en,,tt0028555,/dqVMz4G1k8gIB6g5Tm2jPXHCvmu.jpg,/wioHDJjHrQFnAtFPQE7FqeIwYNw.jpg,"[{""id"": 10749, ""name"": ""Romance""}, {""id"": 35, ""name"": ""Comedy""}, {""id"": 9648, ""name"": ""Mystery""}]","[{""id"": 3245, ""logo_path"": ""/9dBTQp9XitrHkx20i1r9HhZ3Q6B.png"", ""name"": ""First National Pictures"", ""origin_country"": ""US""}, {""id"": 174, ""logo_path"": ""/zhD3hhtKB5qyv7ZeL4uLpNxgMVU.png"", ""name"": ""Warner Bros. Pictures"", ""origin_country"": ""US""}]","[{""iso_3166_1"": ""US"", ""name"": ""United States of America""}]","[{""english_name"": ""English"", ""iso_639_1"": ""en"", ""name"": ""English""}]","[""US""]","{""id"": 393326, ""name"": ""Torchy Blane Collection"", ""poster_path"": ""/4md25fbiPUwkqxHQ07LYmD4aT73.jpg"", ""backdrop_path"": ""/eYSMTRSNquyAsFaCXl1a5GKb6nk.jpg""}"
171346,Torchy Blane in Panama,Torchy Blane in Panama,"Torchy, Steve, and Gahagan are on the trail of a bank robber aboard an ocean liner traveling from New York to L.A. via the Panama Canal.",America's nosiest news-hawk goes plane nuts as she risks her neck to land... a killer!,Released,False,False,1938-05-07,59,0,0,1.4198,5.3,6,en,,tt0030883,/phlgP9EASfwcA4A9YR3eUuedQQY.jpg,/8bVGSFndbYyYy9VtvAxDBq9dUix.jpg,"[{""id"": 80, ""name"": ""Crime""}, {""id"": 35, ""name"": ""Comedy""}, {""id"": 9648, ""name"": ""Mystery""}]","[{""id"": 3245, ""logo_path"": ""/9dBTQp9XitrHkx20i1r9HhZ3Q6B.png"", ""name"": ""First National Pictures"", ""origin_country"": ""US""}, {""id"": 174, ""logo_path"": ""/zhD3hhtKB5qyv7ZeL4uLpNxgMVU.png"", ""name"": ""Warner Bros. Pictures"", ""origin_country"": ""US""}]","[{""iso_3166_1"": ""US"", ""name"": ""United States of America""}]","[{""english_name"": ""English"", ""iso_639_1"": ""en"", ""name"": ""English""}]","[""US""]","{""id"": 393326, ""name"": ""Torchy Blane Collection"", ""poster_path"": ""/4md25fbiPUwkqxHQ07LYmD4aT73.jpg"", ""backdrop_path"": ""/eYSMTRSNquyAsFaCXl1a5GKb6nk.jpg""}"
171347,Torchy Gets Her Man,Torchy Gets Her Man,A notorious counterfeiter passes himself off as a Secret Service agent to Steve and gets him to unwittingly help him bilk the racetrack out of tens of thousands.,Torchy Puts All Her Yeggs In One Basket... And Cracks A Crime Trust Wide Open!,Released,False,False,1938-11-12,63,0,0,0.7756,5.6,6,en,,tt0030884,/2whlfiBeZS80ERMulAohcRCHOdX.jpg,/8wpKRWJvaqPXVtrxYgbpEi0sH5Y.jpg,"[{""id"": 35, ""name"": ""Comedy""}, {""id"": 80, ""name"": ""Crime""}, {""id"": 9648, ""name"": ""Mystery""}]","[{""id"": 174, ""logo_path"": ""/zhD3hhtKB5qyv7ZeL4uLpNxgMVU.png"", ""name"": ""Warner Bros. Pictures"", ""origin_country"": ""US""}]","[{""iso_3166_1"": ""US"", ""name"": ""United States of America""}]","[{""english_name"": ""English"", ""iso_639_1"": ""en"", ""name"": ""English""}]","[""US""]","{""id"": 393326, ""name"": ""Torchy Blane Collection"", ""poster_path"": ""/4md25fbiPUwkqxHQ07LYmD4aT73.jpg"", ""backdrop_path"": ""/eYSMTRSNquyAsFaCXl1a5GKb6nk.jpg""}"
171348,Torchy Blane in Chinatown,Torchy Blane in Chinatown,Torchy Blane joins her police-detective fiance to solve a series of murders involving a set of Chinese grave tablets taken and sold to a collector and death-threats written in Chinese characters.,,Released,False,False,1939-02-02,58,0,0,1.418,6.0,2,en,,tt0030882,/1Y0nIXP2kCIZdtuNfMygF6RlGZf.jpg,/w9SSkkKxm3XARjAGLhgLmoCz6gy.jpg,"[{""id"": 28, ""name"": ""Action""}, {""id"": 35, ""name"": ""Comedy""}, {""id"": 80, ""name"": ""Crime""}]","[{""id"": 174, ""logo_path"": ""/zhD3hhtKB5qyv7ZeL4uLpNxgMVU.png"", ""name"": ""Warner Bros. Pictures"", ""origin_country"": ""US""}]","[{""iso_3166_1"": ""US"", ""name"": ""United States of America""}]","[{""english_name"": ""English"", ""iso_639_1"": ""en"", ""name"": ""English""}]","[""US""]","{""id"": 393326, ""name"": ""Torchy Blane Collection"", ""poster_path"": ""/4md25fbiPUwkqxHQ07LYmD4aT73.jpg"", ""backdrop_path"": ""/eYSMTRSNquyAsFaCXl1a5GKb6nk.jpg""}"
171349,Torchy Runs for Mayor,Torchy Runs for Mayor,"Torchy conducts a one woman campaign against a corrupt mayor and crime boss, and when the reform candidate is murdered, she takes up the banner.",Ever see a political ring turned into a wedding ring? No? Then just keep an eye on that right honorable honey...Torchy Blane!,Released,False,False,1939-05-13,60,0,0,1.1859,5.7,6,en,,tt0032045,/2O6XtCsCFCTjJd3wE3pKTjrlTUP.jpg,/mrYcov6OsvxokX1s0GZSgCBb1JF.jpg,"[{""id"": 28, ""name"": ""Action""}, {""id"": 12, ""name"": ""Adventure""}, {""id"": 35, ""name"": ""Comedy""}]","[{""id"": 174, ""logo_path"": ""/zhD3hhtKB5qyv7ZeL4uLpNxgMVU.png"", ""name"": ""Warner Bros. Pictures"", ""origin_country"": ""US""}]","[{""iso_3166_1"": ""US"", ""name"": ""United States of America""}]","[{""english_name"": ""English"", ""iso_639_1"": ""en"", ""name"": ""English""}]","[""US""]","{""id"": 393326, ""name"": ""Torchy Blane Collection"", ""poster_path"": ""/4md25fbiPUwkqxHQ07LYmD4aT73.jpg"", ""backdrop_path"": ""/eYSMTRSNquyAsFaCXl1a5GKb6nk.jpg""}"
171354,Glorious Betsy,Glorious Betsy,"Vitaphone production reels #2471-2478; third Warner Bros. feature film - the first being The Jazz Singer and the second Tenderloin - to include talking sequences, along with the by now usual Vitaphone musical score and sound effects.  A copy of this film survives at the Library of Congress in Washington, D.C., but the sound disks are lost.",THE GLAMOUROUS ROMANCE OF THE BELLE OF BALTIMORE AND NAPOLEON'S BROTHER,Released,False,False,1928-04-25,80,0,0,0.7923,5.8,9,en,,tt0018945,/wW5TAQmCR8onRXHHihEyUCwKq5Y.jpg,/jL4Z5zzECanP9SalqKWxXyqauxN.jpg,"[{""id"": 18, ""name"": ""Drama""}, {""id"": 36, ""name"": ""History""}]","[{""id"": 174, ""logo_path"": ""/zhD3hhtKB5qyv7ZeL4uLpNxgMVU.png"", ""name"": ""Warner Bros. Pictures"", ""origin_country"": ""US""}]","[{""iso_3166_1"": ""US"", ""name"": ""United States of America""}]","[{""english_name"": ""English"", ""iso_639_1"": ""en"", ""name"": ""English""}]","[""US""]",null
171357,"Jonathan Rosenbaum, Present","Jonathan Rosenbaum, Present",A portrait of the influential American film critic.,,Released,False,False,2013-02-27,13,0,0,0.0214,0.0,0,en,,tt2722780,,,"[{""id"": 99, ""name"": ""Documentary""}]","[{""id"": 13346, ""logo_path"": null, ""name"": ""Fandor"", ""origin_country"": """"}]","[{""iso_3166_1"": ""US"", ""name"": ""United States of America""}]","[{""english_name"": ""English"", ""iso_639_1"": ""en"", ""name"": ""English""}]","[""US""]",null
171361,Higher,Higher,Higher traces Jones’ snowboarding journey from hiking Cape Cod’s Jailhouse Hill as a child to accumulating several generations’ worth of wisdom and expertise about thriving and surviving in the winter wilderness.,The final chapter,Released,False,False,2014-09-06,100,0,0,0.6736,8.1,9,en,http://www.tetongravity.com/films/jeremy-jones-higher,tt3968610,/af9aHwDtQbXUJLmF8C32XvMIkh0.jpg,/bIvuugvegbqv1FWhYvaPapOzR1j.jpg,"[{""id"": 99, ""name"": ""Documentary""}]","[{""id"": 11117, ""logo_path"": ""/vkZJsXBKKfHZVLMDxuMktZXNmyA.png"", ""name"": ""Teton Gravity Research"", ""origin_country"": ""US""}]","[{""iso_3166_1"": ""US"", ""name"": ""United States of America""}]","[{""english_name"": ""English"", ""iso_639_1"": ""en"", ""name"": ""English""}]","[""US""]","{""id"": 170474, ""name"": ""Jeremy Jones Trilogy"", ""poster_path"": ""/abVotepIGKVnVhxR84a4LYSJ8vy.jpg"", ""backdrop_path"": ""/eSztaKiTDMjQkmXfzlFuIrkNN6y.jpg""}"
171363,Pimp Bullies,Pimp Bullies,Five suspects holding a piece of the truth behind an unsolved crime.,,Released,False,False,2011-06-30,78,0,0,0.6373,2.3,12,en,,tt1719583,/4vKNagonFjGpnXkTxFTJeBduztN.jpg,/o7yVu0zwvtuibUFyUV0rH0op9kW.jpg,"[{""id"": 28, ""name"": ""Action""}, {""id"": 53, ""name"": ""Thriller""}, {""id"": 80, ""name"": ""Crime""}]","[{""id"": 15098, ""logo_path"": null, ""name"": ""Antena Latina Films"", ""origin_country"": """"}]","[{""iso_3166_1"": ""DO"", ""name"": ""Dominican Republic""}]","[{""english_name"": ""Spanish"", ""iso_639_1"": ""es"", ""name"": ""Espa\u00f1ol""}, {""english_name"": ""English"", ""iso_639_1"": ""en"", ""name"": ""English""}]","[""DO""]",null
171367,The Jar,The Jar,A motorist who comes upon an auto accident finds a bottle at the scene. The bottle contains a demon who proceeds to possess him.,The Jar… it blows the lid off of terror!,Released,False,False,1984-04-16,85,0,0,0.3353,3.9,14,en,,tt0130040,/1mhXTLL1xJGaXl7kPv3LY6a09m3.jpg,/r7Q0iSSXhSl4xy7hBk2H8mbxBvB.jpg,"[{""id"": 9648, ""name"": ""Mystery""}, {""id"": 27, ""name"": ""Horror""}, {""id"": 53, ""name"": ""Thriller""}]","[{""id"": 64484, ""logo_path"": null, ""name"": ""Magnum Entertainment"", ""origin_country"": ""US""}]","[{""iso_3166_1"": ""US"", ""name"": ""United States of America""}]","[{""english_name"": ""English"", ""iso_639_1"": ""en"", ""name"": ""English""}]","[""US""]",null
171372,Frank,Frank,A young wannabe musician discovers he has bitten off more than he can chew when he joins an eccentric pop band led by the mysterious and enigmatic Frank.,"When you think you've gone far enough, go farther.",Released,False,False,2014-05-09,95,1000000,1897363,3.4428,6.857,1715,en,http://www.magpictures.com/frank/,tt1605717,/mGzqs4CHW8LomreoPATnyrTXk7j.jpg,/jBkKw0GSAOTBsnar5RstD7MzkmL.jpg,"[{""id"": 35, ""name"": ""Comedy""}, {""id"": 18, ""name"": ""Drama""}, {""id"": 9648, ""name"": ""Mystery""}]","[{""id"": 26820, ""logo_path"": null, ""name"": ""Runaway Fridge Productions"", ""origin_country"": ""GB""}, {""id"": 3353, ""logo_path"": ""/hUw1iTY3hdjyb2zXT9KxupHbL4M.png"", ""name"": ""Element Pictures"", ""origin_country"": ""IE""}, {""id"": 6705, ""logo_path"": ""/iNB1FCwT4XjO6wkN3PnpPnwr9GX.png"", ""name"": ""Film4 Productions"", ""origin_country"": ""GB""}, {""id"": 20277, ""logo_path"": ""/aomeUwZLIBjGXHfuZq7HTVk7UNb.png"", ""name"": ""Protagonist Pictures"", ""origin_country"": ""GB""}, {""id"": 7281, ""logo_path"": ""/iI7qdR1OFPo0U41BlpKBLD3xesh.png"", ""name"": ""BFI"", ""origin_country"": ""GB""}, {""id"": 1898, ""logo_path"": ""/8ix6SGlJiyuUDxLBtY8E0PY2G7w.png"", ""name"": ""F\u00eds \u00c9ireann/Screen Ireland"", ""origin_country"": ""IE""}]","[{""iso_3166_1"": ""IE"", ""name"": ""Ireland""}, {""iso_3166_1"": ""GB"", ""name"": ""United Kingdom""}]","[{""english_name"": ""English"", ""iso_639_1"": ""en"", ""name"": ""English""}]","[""IE"", ""GB""]",null
171375,Murder on the 13th Floor,Murder on the 13th Floor,A neglectful mother concocts a plan to kill her live-in nanny when she discovers the nanny is having an affair with her husband.,13 empty floors. 2 Vicious Killers. No chance to escape.,Released,False,False,2012-05-18,79,0,0,0.7989,4.6,18,en,,tt2125558,/4e81YfRVqE0CYnVEk1iA2jZkKFk.jpg,/nzqXp65PaTFJXKY6ufjVLPaLMqk.jpg,"[{""id"": 53, ""name"": ""Thriller""}]",[],"[{""iso_3166_1"": ""US"", ""name"": ""United States of America""}]",[],"[""US""]",null
171376,Azorian: The Raising of the K-129,Azorian: The Raising of the K-129,"In 1968 the Soviet ballistic missile submarine K-129 sank in the Central North Pacific. American intelligence located it within weeks of its demise. The CIA crafted a secret program to raise the submarine in 1974. Now after much secrecy, this story can be told, by the men who made it happen and with never-before-seen footage of the actual salvage attempt, and new evidence of the project's successes and failures.",,Released,False,False,2011-02-08,105,0,0,0.2663,7.6,7,en,https://pbsinternational.org/programs/azorian-the-raising-of-the-k-129/,tt2042455,/d3oS4usLhGeeksGI1vMDG9QL1CC.jpg,/4ZyXQuvlz39osKQS0Icsf1OU6dB.jpg,"[{""id"": 99, ""name"": ""Documentary""}]","[{""id"": 73132, ""logo_path"": null, ""name"": ""Michael White Films"", ""origin_country"": """"}]","[{""iso_3166_1"": ""US"", ""name"": ""United States of America""}]","[{""english_name"": ""English"", ""iso_639_1"": ""en"", ""name"": ""English""}]","[""US""]",null
171382,Phase IV,Phase IV,"Journalism student Simon Tate thinks it's strange when four students at the university suddenly die in ""unrelated"" accidents. When his friend, Dr. Benjamin Roanic, becomes the prime suspect and is suddenly murdered, Simon sets out to prove his innocence. He soon discovers the students were Roanic's test subjects in a secret drug test program, and had been cured of AIDS. He is forced to run for his life, when a pharmaceutical company tries to prevent him from revealing the truth behind ""Phase IV"".","Once they joined the program, their days were numbered.",Released,False,False,2002-04-14,0,0,0,1.1254,4.2,4,en,,tt0289758,/h83Apce9F3rQ8qwc2W3XXzW1eJQ.jpg,/8QCWjCKriIZKbC9BzmsO6d4KuMZ.jpg,"[{""id"": 28, ""name"": ""Action""}, {""id"": 53, ""name"": ""Thriller""}]","[{""id"": 26882, ""logo_path"": null, ""name"": ""Equinox Entertainment"", ""origin_country"": """"}, {""id"": 86071, ""logo_path"": null, ""name"": ""American Cinema Independent"", ""origin_country"": """"}]","[{""iso_3166_1"": ""CA"", ""name"": ""Canada""}]",[],"[""CA"", ""US""]",null
171384,Dhenikaina Ready,దేనికైనా రేడీ,"Veera Narasimha Naidu (Prabhu) is a faction leader in Kurnool who raised his sister Saraswati (Seetha) with love and Affection to make her forget the loss of their Mother. During the marriage time, she eloped with Basha (Suman), whom she loved which led the death of Narasimha Naidu's Father. Thus enraged Narasimha Naidu cuts the leg of Basha which created a rift between the two families. On a case to win the property belonging to Saraswati, Basha wins the case on Narasimha Naidu after a long gap of 25 years. Seeing the sorrow of Saraswati, her son Sulaiman (Vishnu Manchu) vows to unite the two families and waits for a situation.",,Released,False,False,2012-10-23,137,0,0,0.4249,4.3,7,te,,tt2393775,/bdrcCzcNUzRiNEE7uRXTzzCoG5s.jpg,,"[{""id"": 35, ""name"": ""Comedy""}, {""id"": 18, ""name"": ""Drama""}, {""id"": 10751, ""name"": ""Family""}]","[{""id"": 14304, ""logo_path"": ""/8ghDPXgUL9G8KK3us1LQJeH9qxI.png"", ""name"": ""24 Frames Factory"", ""origin_country"": ""IN""}]","[{""iso_3166_1"": ""IN"", ""name"": ""India""}]","[{""english_name"": ""Telugu"", ""iso_639_1"": ""te"", ""name"": ""\u0c24\u0c46\u0c32\u0c41\u0c17\u0c41""}]","[""IN""]",null
171387,UFC 158: St-Pierre vs. Diaz,UFC 158: St-Pierre vs. Diaz,"UFC 158: St-Pierre vs. Diaz was a mixed martial arts event held by the Ultimate Fighting Championship on March 16, 2013, at the Bell Centre in Montreal, Quebec, Canada. The main event was the culmination of the rivalry between Georges St-Pierre and Nick Diaz, with the latter having been vocal in wanting to fight the current champion for nearly two years.",,Released,False,True,2013-03-16,177,0,0,0.199,5.2,2,en,http://www.ufc.com,,/qiH4b993pVo6Rag9XrHzfNYkFfl.jpg,/jXrogpe4752ZIJonjrtZ15iro8A.jpg,[],[],[],"[{""english_name"": ""English"", ""iso_639_1"": ""en"", ""name"": ""English""}]","[""US""]",null
171388,Problemzone Mann,Problemzone Mann,"The well-known and successful fitness trainer Vic has the world of women at his feet, but actually none of them are good enough for him. Any blemish will give him a rash! Cleo is completely different: she is fat, a self-confessed hater of sports and loves painting instead. Thanks to Cleo's mother Linda, the bundle of joy is ""allowed"" to undergo an eight-week fitness regimen with Vic - the two initially meet with extreme dislike...",,Released,False,False,2002-06-09,93,0,0,0.2483,0.0,0,de,,tt0304017,,,"[{""id"": 35, ""name"": ""Comedy""}, {""id"": 10770, ""name"": ""TV Movie""}, {""id"": 10749, ""name"": ""Romance""}]",[],"[{""iso_3166_1"": ""DE"", ""name"": ""Germany""}]","[{""english_name"": ""German"", ""iso_639_1"": ""de"", ""name"": ""Deutsch""}]","[""DE""]",null
171389,Kaalgat Tussen Die Daisies,Kaalgat Tussen Die Daisies,"After a dispute with a local dentist, a minister is thrown out of his church, and finds himself an unemployed White Afrikaner Male. Desperate for work, he accepts a job as a manager in a men's club, which allows gambling, stripping and drinking - by the customers. In an attempt to avoid his old congregation recognising him, he dons a costume straight out of the Bible. To make matters worse, the club is run by his cousin, who is also a gangster.",,Released,False,False,1997-01-04,94,0,0,0.1503,0.0,0,en,,tt2158575,,,[],[],"[{""iso_3166_1"": ""ZA"", ""name"": ""South Africa""}]","[{""english_name"": ""Afrikaans"", ""iso_639_1"": ""af"", ""name"": ""Afrikaans""}]","[""US""]",null
171390,Schlaraffenhaus,Schlaraffenhaus,"Maria is happy. Her little sister Kira returns after being gone for a bunch of months, caused by the death of their beloved mother. When Maria and Kira stayed at their family's house for the first night after a long time, strangers enter the house and start a night full of fear, horror and torture. Everyone who enters the family's house has to fight for his life... What do the strangers want? And what is the secret behind the family's past?",,Released,False,False,2011-02-28,85,0,0,0.451,5.4,5,de,,tt1988776,/10CaTYojS3Lu8WOjMp8lTyxiaeZ.jpg,,"[{""id"": 53, ""name"": ""Thriller""}, {""id"": 27, ""name"": ""Horror""}]","[{""id"": 81725, ""logo_path"": null, ""name"": ""Matador Film"", ""origin_country"": """"}]","[{""iso_3166_1"": ""DE"", ""name"": ""Germany""}]","[{""english_name"": ""German"", ""iso_639_1"": ""de"", ""name"": ""Deutsch""}]","[""DE""]",null
171392,Daffy Doodles,Daffy Doodles,Porky Pig is hot on the trail of a vandal painting mustaches on signs everywhere (Daffy Duck).,,Released,False,False,1946-04-06,7,0,0,0.5516,7.2,22,en,,tt0038444,/aGhABZr6KefTQM4YzPnEJVkdtlB.jpg,/wDECv8GjMtubuCZiqB96vvGgdrl.jpg,"[{""id"": 16, ""name"": ""Animation""}, {""id"": 35, ""name"": ""Comedy""}]","[{""id"": 174, ""logo_path"": ""/zhD3hhtKB5qyv7ZeL4uLpNxgMVU.png"", ""name"": ""Warner Bros. Pictures"", ""origin_country"": ""US""}, {""id"": 8298, ""logo_path"": ""/r6cuEYq7DqrHCNVa7vSanTS0cuw.png"", ""name"": ""Warner Bros. Cartoons"", ""origin_country"": ""US""}]","[{""iso_3166_1"": ""US"", ""name"": ""United States of America""}]","[{""english_name"": ""English"", ""iso_639_1"": ""en"", ""name"": ""English""}]","[""US""]",null
171393,Sexstreik,Sexstreik,"Structural change and unemployment in Schönstett are a real problem for Julia Fischer and her husband Martin. Especially since Martin acts as a houseman after his company went bankrupt and Julia brings the money home. A seemingly ingenious deal by the mayor is intended to remedy the situation and provide an upswing. But when women riot, a planned sit-in turns into an unscheduled sex strike...",,Released,False,False,2010-05-01,91,0,0,0.5235,2.0,3,de,,tt1584121,/94gM3pGEL9XpOEwVrEJqOFOMgoX.jpg,,"[{""id"": 35, ""name"": ""Comedy""}]","[{""id"": 1478, ""logo_path"": ""/plHEkpGkULYqiLRpYsUak8uYmhU.png"", ""name"": ""Sat.1"", ""origin_country"": ""DE""}, {""id"": 30277, ""logo_path"": null, ""name"": ""Janus Filmproduktion GmbH"", ""origin_country"": """"}]","[{""iso_3166_1"": ""DE"", ""name"": ""Germany""}]","[{""english_name"": ""German"", ""iso_639_1"": ""de"", ""name"": ""Deutsch""}]","[""DE""]",null
171394,Value for Money,Value for Money,"A wealthy young man from Yorkshire visits a London nightclub and meets a performer. She decides to take him for every penny he is worth, and he decides to let her.",It's D - D - Day,Released,False,False,1955-08-09,90,0,0,0.9936,6.6,7,en,,tt0048772,/cgqZquy0fZPSXiEbRmZIMFNZLrX.jpg,/p8j7K07zil8joFIKWdT2ObhoEiY.jpg,"[{""id"": 35, ""name"": ""Comedy""}]","[{""id"": 10584, ""logo_path"": null, ""name"": ""Group Film Productions"", ""origin_country"": ""GB""}]","[{""iso_3166_1"": ""GB"", ""name"": ""United Kingdom""}]","[{""english_name"": ""English"", ""iso_639_1"": ""en"", ""name"": ""English""}]","[""GB""]",null
171398,The Little Polar Bear: Nanouk's Rescue,Der kleine Eisbär - Nanouks Rettung,"Polar bear Lars undertakes an adventurous quest to find his parents, meeting a homesick husky and falling in love along the way.",Lars helps a new friend and learns about love in this exciting arctic adventure!,Released,False,False,2003-11-20,78,0,0,0.5487,7.8,6,de,,tt0392292,/qsUwMnEJgxGRn8DjuDAXFJdppm0.jpg,,"[{""id"": 16, ""name"": ""Animation""}, {""id"": 10751, ""name"": ""Family""}]","[{""id"": 8177, ""logo_path"": null, ""name"": ""Rothkirch Cartoon Film"", ""origin_country"": ""DE""}, {""id"": 78839, ""logo_path"": null, ""name"": ""MaBo Filmproduktion"", ""origin_country"": """"}, {""id"": 5383, ""logo_path"": null, ""name"": ""Torus"", ""origin_country"": ""DE""}, {""id"": 109759, ""logo_path"": ""/na8NZKqFc8Ep9qAg8KQUcH1DpQl.png"", ""name"": ""Warner Bros. International Television Production Germany"", ""origin_country"": ""DE""}]",[],"[{""english_name"": ""German"", ""iso_639_1"": ""de"", ""name"": ""Deutsch""}]","[""DE""]","{""id"": 9088, ""name"": ""The Little Polar Bear Collection"", ""poster_path"": ""/aVTPhdBtHogsZND5LktMThSSJDF.jpg"", ""backdrop_path"": ""/dyFmx4W8tcWDNEO27tZl86VsfqF.jpg""}"
171400,The Golden Seal,金印仇,"Award-winning actor Ku Feng is Lei Chen-tien, a vicious, cunning, murderous brigand who wants the title treasure. Tsung Hua is Tai Tien-chou, the handsome swordsman who wants to avenge his father's death. Wang Ping is Wu Hsiao-yen, the lovely girl who must disguise herself as a boy to take on this pirate. Tien Feng both directs and co-stars as The Senior Master in this blade and battle-filled adventure of intrigue, treachery, and tragic triumph.",,Released,False,False,1971-06-23,84,0,0,1.6346,5.4,7,zh,,tt0187185,/eKVWtSD7zYWCUP4LAVb35IaAlBx.jpg,/5f67FKe6bncsSSyup6g1tHEfIzm.jpg,"[{""id"": 28, ""name"": ""Action""}, {""id"": 18, ""name"": ""Drama""}]","[{""id"": 5798, ""logo_path"": ""/tmuI9BGXgpWLmokhlxpnG3IGNQB.png"", ""name"": ""Shaw Brothers"", ""origin_country"": ""HK""}]","[{""iso_3166_1"": ""HK"", ""name"": ""Hong Kong""}]","[{""english_name"": ""Mandarin"", ""iso_639_1"": ""zh"", ""name"": ""\u666e\u901a\u8bdd""}]","[""HK""]",null
171401,The Confessions of Robert Crumb,The Confessions of Robert Crumb,"In 1987, Robert Crumb presents himself: raised by a Marine father, educated in Catholic schools, married at 21 in Cleveland where he worked for a greeting card company, dropping acid in 1965, heading to San Francisco and getting in on the formation of Zap Comix, gaining celebrity, loving old time jazz, starting a band, living in a commune, meeting Aline Kominsky who became his second wife and his partner in art, having a daughter, and developing a more realistic drawing style. The confessions include his loneliness, his obsessions with women, his bewilderment by fame, his sense of the disintegration of Sixties' subculture, his nervous breakdown in 1973, and his peace now.",,Released,False,False,1987-02-13,55,0,0,0.204,7.7,7,en,,tt0255902,/wUzSbxpgyWAsTvk3yStnjbXbaxJ.jpg,,[],[],[],[],"[""US""]",null
171404,Between Friends,Between Friends,"A snapshot of the interwoven relationships between a group of young people in contemporary Trinidad and Tobago who are all connected in some way. The storyline, focused on two generations of contemporary middle-class Trinidadians, gradually exposes the hopes, secrets, lies and betrayals in the lives of the various characters.","Love, sex and betrayal are best kept between friends.",Released,False,False,2013-09-09,95,0,0,0.2497,6.0,1,en,,tt2016153,,,"[{""id"": 18, ""name"": ""Drama""}]","[{""id"": 217631, ""logo_path"": null, ""name"": ""Sovereign City Entertainment"", ""origin_country"": """"}]","[{""iso_3166_1"": ""TT"", ""name"": ""Trinidad and Tobago""}]","[{""english_name"": ""English"", ""iso_639_1"": ""en"", ""name"": ""English""}]","[""TT""]",null
171405,Turn It up To 11 Part 2: Wild Days,Turn It up To 11 Part 2: Wild Days,"Wild Days is a follow-up to Baek Seung-hwa's 2009 Documentary Turn It up To 11, which examined Korea's indie music scene.  This spin-off chronicles Seoul's new ""kings of indie rock"" in their boisterous adventure across Texas: traveling in a mobile home, eating authentic American food, meeting fellow artists and newfound fans, and sharing their love and craft of the universal language known as music.",,Released,False,False,,91,0,0,0.0071,0.0,0,en,,,,,[],[],[],[],"[""US""]",null
171408,"Gunan, King of the Barbarians",Gunan il guerriero,"The peaceful countryside village of Solmen is savagely assaulted by wild Ungats  led by bloodthirsty Magen. In the midst of battle, two baby boys are miraculously saved by a tribe of Amazon warriors known as the Kuniats. The warriors  nurture and train the boys for future struggles. The stronger of the two is  named , Gunan The Invincible. It is up to Gunan to avenge the annihilation of  his people. Gunan stages a spectacular one man war of vengeance against his  enemy the Ungats, but they prove to be a formidable enemy, and much bloodshed ensues.",,Released,False,False,1982-09-09,87,0,0,0.7546,5.0,7,it,,tt0085737,/yHgURcFqOAr85UilaxFntaSREdb.jpg,/A2E9s0XvWOAw9G8sYAOJM3PdmGH.jpg,"[{""id"": 28, ""name"": ""Action""}, {""id"": 12, ""name"": ""Adventure""}]","[{""id"": 101285, ""logo_path"": null, ""name"": ""Leader Films"", ""origin_country"": """"}]","[{""iso_3166_1"": ""IT"", ""name"": ""Italy""}]","[{""english_name"": ""Italian"", ""iso_639_1"": ""it"", ""name"": ""Italiano""}]","[""IT""]",null
171409,Against the Grain,Against the Grain,"An inner-city kid has an opportunity to improve his life at an elite university. He struggles between maintaining his grades, staying loyal to his troubled childhood friends, and capturing the heart of his dream girl. But when he arrives at a crossroad he must choose between his past and future.",,Released,False,False,2014-01-14,87,0,0,0.1492,3.5,2,en,http://www.againstthegrainfilm.com/,tt2073516,/chBvh9MacGNF8nJ6n9M0Lud0nZ7.jpg,,[],[],[],"[{""english_name"": ""English"", ""iso_639_1"": ""en"", ""name"": ""English""}]","[""US""]",null
171410,Otis Rush & Friends - Live At Montreux 1986,Otis Rush & Friends - Live At Montreux 1986,"With four incredible performances at the legendary Montreux Music Festival to his name to date, legendary bluesman Otis Rush offers a memorable look at just how it all began in this release of the 1986 performance that started it all. In addition to memorable appearances by Eric Clapton and Luther Allison, Rush and company offer thirteen rousing blues hits including ""Gambler's Blues"", ""Lonely Man"", ""Mean Old World"", and ""Right Place, Wrong Time"".  Tracklist:  Tops [6:22]  I Wonder Why (Will My Man Be Home Tonight) [7:15]  Lonely Man [4:48]  Gambler's Blues [9:40]  Natural Ball [5:33]  Right Place, Wrong Time [6:35]  Mean Old World [5:52]  You Don't Love Me [3:52]  Crosscut Saw [8:25]  Double Trouble [5:32]  All Your Love (I Miss Loving) [7:53]  Every Day I Have the Blues [10:00]  If I Had Any Sense, I'd Go Back Home [6:51]  INFO:  DVD 9  ENG PAL Region 0  4:3 Screen Format  DTS + Dolby Surround 5.1 + PCM Stereo",,Released,False,False,2006-03-21,0,0,0,0.1309,5.2,3,it,,,/sLEO68GJu3Lk0769Yx0N4gknpJH.jpg,/8zVlkNSSTF2GWUgtIiVzFEtxDfi.jpg,"[{""id"": 10402, ""name"": ""Music""}]",[],[],[],"[""IT""]",null
171412,Private Detective,Private Detective,A female private eye joins forces with a police detective to investigate the suspicious murder of a millionaire.,CALL THE RIOT SQUAD! For the Biggest Laugh Riot in All Mystery History!,Released,False,False,1939-12-09,55,0,0,0.6882,6.0,2,en,,tt0031825,/aBqckTIn4LSilDNfHsefRvzYXyK.jpg,/91RnQUb53cH9V6v9duQzgRvyaj6.jpg,"[{""id"": 9648, ""name"": ""Mystery""}]","[{""id"": 174, ""logo_path"": ""/zhD3hhtKB5qyv7ZeL4uLpNxgMVU.png"", ""name"": ""Warner Bros. Pictures"", ""origin_country"": ""US""}]","[{""iso_3166_1"": ""US"", ""name"": ""United States of America""}]","[{""english_name"": ""English"", ""iso_639_1"": ""en"", ""name"": ""English""}]","[""US""]",null
171413,Death of a Loved One,Mördaren ljuger inte ensam,"Puck has been invited by her tutor at the university to celebrate midsummer at his secluded cottage on an island together with a group of friends, among them Einar Bure. Puck and Einar are having a secret relationship, and he is the reason she says yes to the invitation. Having been out on a romantic spree with Einar, Puck finds one of the female guests murdered. Einar contacts his friend Christer Wijk, but upon Christer's arrival, the dead body has disappeared. The contact with the outside world is broken when the island's only boat goes missing. They are trapped on the island - and someone among them is a killer...",,Released,False,False,2013-03-08,90,0,0,0.9556,5.7,25,sv,,tt2504308,/jDlqhK0yCB7h7qd3Ej8H6pjtzdS.jpg,/zhKOH6dd75rIdYw0owlhJm2W5Be.jpg,"[{""id"": 80, ""name"": ""Crime""}]","[{""id"": 8266, ""logo_path"": null, ""name"": ""Pampas Produktion"", ""origin_country"": ""SE""}, {""id"": 2802, ""logo_path"": ""/7L7VUXTBLiHruhUjYJebV46uw3c.png"", ""name"": ""TV4"", ""origin_country"": ""SE""}]","[{""iso_3166_1"": ""SE"", ""name"": ""Sweden""}]","[{""english_name"": ""Swedish"", ""iso_639_1"": ""sv"", ""name"": ""svenska""}]","[""SE""]","{""id"": 245466, ""name"": ""Crimes of Passion: The Maria Lang Collection"", ""poster_path"": ""/79c87H93VPDDbJddjAZ5COQgE12.jpg"", ""backdrop_path"": ""/fnzXJ4Ma7RamUDyr447Ztrj6R0V.jpg""}"
171417,Torso: The Evelyn Dick Story,Torso: The Evelyn Dick Story,"The 1946/1947 murder trial of young and beautiful Evelyn Dick remains the most lurid murder case in Canadian history. After children find only the torso of her missing husband, John, Evelyn is arrested for his murder.",,Released,False,False,2002-03-18,91,0,0,0.8626,5.1,7,en,,tt0274981,/yMcBD3yL4c7PEm8WLjhlHda6DyK.jpg,,"[{""id"": 18, ""name"": ""Drama""}, {""id"": 80, ""name"": ""Crime""}]",[],[],"[{""english_name"": ""English"", ""iso_639_1"": ""en"", ""name"": ""English""}]","[""CA""]",null
171419,The New Frontier,The New Frontier,"Released as an extra on the Depression era DVD of King Vidor's OUR DAILY BREAD, this short documentary shows how new communities were being developed, mirroring the theme of the fiction feature.",,Released,False,False,1934-02-24,0,0,0,0.0,5.0,1,en,,tt0242730,,,[],[],[],[],"[""US""]",null
171421,Pat Metheny & Brad Mehldau Quartet - Live in San Sebastian,Pat Metheny & Brad Mehldau Quartet - Live in San Sebastian,,,Released,False,False,2007-07-28,0,0,0,0.0357,6.0,1,it,,,/p81ReZvZ15rlIhrOPCGnsDOeI2Q.jpg,,"[{""id"": 10402, ""name"": ""Music""}]",[],[],[],"[""IT""]",null
171423,Average White Band: Live at Montreux 1977,Average White Band: Live at Montreux 1977,"Funky R&B group Average White Band performs at the 1977 Montreux Jazz Festival in this concert video. The Scottish group headlines the evening in a standout performance (at the height of their career) that features their hits ""Pick Up the Pieces,"" ""Work to Do,"" ""A Love of Your Own"" and ""Cut the Cake."" One of the band's original producers, Arif Mardin, mixed the original multi-track tapes from the show to achieve PCM Stereo and surround sound.",,Released,False,True,2005-09-30,0,0,0,0.0503,8.0,1,en,,,/70jHkIvN2AQ4NUn8ey9uKOMu4Bx.jpg,,"[{""id"": 10402, ""name"": ""Music""}]","[{""id"": 214, ""logo_path"": ""/qIptM4dZBNflgv2OXzYECv8iQNH.png"", ""name"": ""Eagle Vision"", ""origin_country"": ""GB""}, {""id"": 11701, ""logo_path"": ""/4E9qm7BLUlZCXx8T4uuwNQmlBeX.png"", ""name"": ""Montreux Jazz Festival"", ""origin_country"": ""CH""}]",[],[],"[""US""]",null
171424,The Green Inferno,The Green Inferno,"A group of student activists travel from New York City to the Amazon to save the rainforest.  However, once they arrive in this vast green landscape, they soon discover that they are not alone… and that no good deed goes unpunished.",Fear will eat you alive.,Released,False,False,2013-09-08,100,5000000,12931420,3.3179,5.738,1572,en,,tt2403021,/dTnAYyUwp6lT0cKrt4aNujj5mdF.jpg,/qJcUobr34c77YRQQ7zacTNrBdKj.jpg,"[{""id"": 12, ""name"": ""Adventure""}, {""id"": 27, ""name"": ""Horror""}]","[{""id"": 55497, ""logo_path"": null, ""name"": ""Sobras International Pictures"", ""origin_country"": ""CL""}, {""id"": 9015, ""logo_path"": ""/pRQLCm8AAPXL7H9MzX4xuS8GGg8.png"", ""name"": ""Worldview Entertainment"", ""origin_country"": ""US""}, {""id"": 18142, ""logo_path"": null, ""name"": ""Dragonfly Entertainment"", ""origin_country"": ""US""}, {""id"": 73625, ""logo_path"": ""/7EXbyLJBKifYXWZgOjR5M3qhyei.png"", ""name"": ""BH Tilt"", ""origin_country"": ""US""}]","[{""iso_3166_1"": ""CA"", ""name"": ""Canada""}, {""iso_3166_1"": ""CL"", ""name"": ""Chile""}, {""iso_3166_1"": ""US"", ""name"": ""United States of America""}]","[{""english_name"": ""English"", ""iso_639_1"": ""en"", ""name"": ""English""}]","[""CA"", ""US""]",null
171426,A Starry Night with Simply Red,A Starry Night with Simply Red,"Simply Red wowed audiences during their legendary 1992 world tour, and now fans can relive the magic woven by the soulful Mick Hucknall and the rest of the band. This concert video captures an impressive performance that has the group running through their chart-toppers, including ""Jericho,"" ""It's Only Love,"" ""Holding Back the Years,"" ""Money's Too Tight to Mention,"" ""If You Don't Know Me By Now, "" ""Stars"" and more",,Released,False,True,2005-07-26,102,0,0,0.0071,0.0,0,en,,,/nCxx6YPADAluMe5acayrKpHpmoq.jpg,,"[{""id"": 10402, ""name"": ""Music""}]",[],[],[],"[""US""]",null
171427,Studentfesten,Studentfesten,"1994. Rasmus two best friends Frans and Ian talk him into crashing graduation parties in search of fun, booze and girls to get over Klara who just broke up with him. During the day his feelings for her is tested when he learns the truth about Klara's break-up. But is their love for real? And more importantly, can it survive the night?",,Released,False,False,2013-04-19,99,0,0,0.0241,5.1,15,sv,,tt2642442,/umaPoX3KZZFoFrri6BGan5UlD1f.jpg,/hjn08za1KIk68aombOgpqieq9Cu.jpg,"[{""id"": 35, ""name"": ""Comedy""}]","[{""id"": 76131, ""logo_path"": null, ""name"": ""Four Brothers Pictures"", ""origin_country"": """"}]","[{""iso_3166_1"": ""SE"", ""name"": ""Sweden""}]","[{""english_name"": ""Swedish"", ""iso_639_1"": ""sv"", ""name"": ""svenska""}]","[""SE""]",null
171428,The Incredible Voyage of Bill Pinkney,The Incredible Voyage of Bill Pinkney,"From Boston to Bermuda, the British Virgin Islands, Brazil, South Africa, Tasmania, Uruguay and then back, Bill Pinkney became the first African-American to sail solo around the world -- a journey chronicled in this Bill Cosby-narrated documentary. Communicating with schoolchildren in Boston and Chicago throughout his adventure, Pinkney offers inspiration through his story of commitment, courage, education and perseverance on the high seas.",,Released,False,False,1994-01-11,0,0,0,0.0825,0.0,0,en,,tt12791654,/bbwLO2sRZgboUbp67lhdkp5HAdK.jpg,,"[{""id"": 99, ""name"": ""Documentary""}]",[],[],[],"[""US""]",null
171429,Black Indians: An American Story,Black Indians: An American Story,"James Earl Jones narrates this examination of the historical relationship between American Indians and African-Americans, who often merged their cultures to work and live together while mainstream white society shunned them. Through illuminating anecdotes and interviews, descendants of fused black and Indian families discuss the complications of their mixed heritage and how their culture was largely erased on official documents.","To build the future you must know the past.  But what if that past has been hidden, lost, or denied?",Released,False,False,2004-01-01,60,0,0,0.5023,6.2,4,en,http://www.richheape.com/black-indians-american-story.htm,tt0344936,,,"[{""id"": 99, ""name"": ""Documentary""}]","[{""id"": 15024, ""logo_path"": null, ""name"": ""Rich-Heape Films"", ""origin_country"": """"}]","[{""iso_3166_1"": ""US"", ""name"": ""United States of America""}]","[{""english_name"": ""English"", ""iso_639_1"": ""en"", ""name"": ""English""}]","[""US""]",null
171430,History of a Crime,Histoire d'un crime,A convicted criminal dreams about his past the night before his execution.,,Released,False,False,1901-05-04,5,0,0,0.2776,5.8,49,fr,,tt0000358,/4HfLiInlQAorlch0y3TCs3OGozC.jpg,/rCthuXoEnQNCtlU0TkwTgcq7aSG.jpg,"[{""id"": 18, ""name"": ""Drama""}, {""id"": 80, ""name"": ""Crime""}]","[{""id"": 21594, ""logo_path"": null, ""name"": ""Path\u00e9 Fr\u00e8res"", ""origin_country"": ""FR""}]","[{""iso_3166_1"": ""FR"", ""name"": ""France""}]","[{""english_name"": ""No Language"", ""iso_639_1"": ""xx"", ""name"": ""No Language""}]","[""FR""]",null
171432,The Man from Beyond,The Man from Beyond,"The Arctic, 1922. After being buried under the ice for a hundred years, Howard Hillary is thawed and revived. When he meets Felice Strange, he recognizes in her the same woman he once loved deeply. But is it really her?",,Released,False,False,1922-04-02,78,0,0,0.3596,5.0,14,en,,tt0013367,/2vJuJCR3sylDeYKmQ9VrKpBC6r8.jpg,/aG4NwKgS6dsCCXoQVIM8TQxfE1i.jpg,"[{""id"": 9648, ""name"": ""Mystery""}, {""id"": 18, ""name"": ""Drama""}, {""id"": 12, ""name"": ""Adventure""}, {""id"": 53, ""name"": ""Thriller""}]","[{""id"": 126512, ""logo_path"": null, ""name"": ""Houdini Picture Corporation"", ""origin_country"": """"}]","[{""iso_3166_1"": ""US"", ""name"": ""United States of America""}]","[{""english_name"": ""No Language"", ""iso_639_1"": ""xx"", ""name"": ""No Language""}]","[""US""]",null
171433,A Century of Black Cinema,A Century of Black Cinema,"This film highlights moments in the long and rich African American cinema history in relation to social and political events, and how it affected Black viewers of the time.",,Released,False,False,2003-06-24,120,0,0,0.5226,0.0,0,en,,tt1381270,/hQGvyoipHKS9iPfr9XYQ7RU8z1Z.jpg,,"[{""id"": 36, ""name"": ""History""}, {""id"": 99, ""name"": ""Documentary""}]",[],[],"[{""english_name"": ""English"", ""iso_639_1"": ""en"", ""name"": ""English""}]","[""US""]",null
171435,How to Know God,How to Know God,"Retired physician-turned-spiritualist Deepak Chopra launches a thought-provoking investigation into the ""soul's journey into the mystery of mysteries"" in this visual adaptation of his book by the same name. Explaining his belief that different types of people see the nature of God in different ways, Chopra outlines the seven ascending stages for envisioning a higher power and provides a roadmap for attaining the seventh stage.","Knowing GOD, is Knowing Yourself",Released,False,False,2006-11-07,68,0,0,0.3873,6.0,1,en,,tt1024900,/vrlSDJG8EbqXWTfBfVFUYv2Suab.jpg,/oYlAu4lapMGz86YxDN9XUrYNJAu.jpg,"[{""id"": 99, ""name"": ""Documentary""}]","[{""id"": 25, ""logo_path"": ""/qZCc1lty5FzX30aOCVRBLzaVmcp.png"", ""name"": ""20th Century Fox"", ""origin_country"": ""US""}]",[],"[{""english_name"": ""English"", ""iso_639_1"": ""en"", ""name"": ""English""}]","[""US""]",null
171440,Kenny Loggins - Outside From the Redwoods,Kenny Loggins - Outside From the Redwoods,"This 1994 performance was recorded in the lush redwood amphitheater in Santa Cruz, California and features a mix of Loggins' greatest hits including ""Footloose,"" ""Leap of Faith,"" ""This is It"" and more. Features 5.1 audio.",,Released,False,False,1994-11-07,81,0,0,0.269,4.0,2,en,,,/4wQvrmc53jgmxuHx0RCfTJELrmT.jpg,,"[{""id"": 10402, ""name"": ""Music""}]","[{""id"": 116423, ""logo_path"": null, ""name"": ""Sony Legacy"", ""origin_country"": """"}]","[{""iso_3166_1"": ""US"", ""name"": ""United States of America""}]",[],"[""US""]",null
171446,Weary River,Weary River,"A gangster is put in prison, but finds salvation through music while serving his time. Again on the outside, he finds success elusive and temptations abound.",,Released,False,False,1929-02-10,86,0,0,1.3183,5.7,12,en,,tt0019557,/m10r3v7Im2ZFpdz62Jqp8SO5HLt.jpg,/kLMl1x2AzmYH3jy6xa4AXJcIdlB.jpg,"[{""id"": 18, ""name"": ""Drama""}, {""id"": 10749, ""name"": ""Romance""}]","[{""id"": 3245, ""logo_path"": ""/9dBTQp9XitrHkx20i1r9HhZ3Q6B.png"", ""name"": ""First National Pictures"", ""origin_country"": ""US""}]","[{""iso_3166_1"": ""US"", ""name"": ""United States of America""}]","[{""english_name"": ""English"", ""iso_639_1"": ""en"", ""name"": ""English""}]","[""US""]",null
171460,Me Or Him,يا أنا يا هوه,"A comedy that revolves around a journalist who faces many problems because of his ""Schizophrenia"", as he tries hard to defeat the evil side of him.",Me Or Him,Released,False,False,2011-08-31,89,0,0,0.3884,1.0,1,ar,,,/rGsCfBsNrOZXF0OgoqiVftmIhAJ.jpg,,[],[],"[{""iso_3166_1"": ""EG"", ""name"": ""Egypt""}]","[{""english_name"": ""Arabic"", ""iso_639_1"": ""ar"", ""name"": ""\u0627\u0644\u0639\u0631\u0628\u064a\u0629""}]","[""EG""]",null
171462,Demain?,Demain?,"The short life of the Uruguayan poet Delmira Agustini is colourfully portrayed, not as a conventional biopic, but as a visual poem which evokes the turbulent life and complex personality of the literary heroine as she develops her genius for writing.",,Released,False,False,2011-10-16,100,0,0,0.5568,2.0,2,fr,,tt1857673,/d60cFM5EQOBZyN7RHiC2yUmeEqa.jpg,,"[{""id"": 18, ""name"": ""Drama""}]",[],"[{""iso_3166_1"": ""FR"", ""name"": ""France""}, {""iso_3166_1"": ""PT"", ""name"": ""Portugal""}]","[{""english_name"": ""French"", ""iso_639_1"": ""fr"", ""name"": ""Fran\u00e7ais""}, {""english_name"": ""Portuguese"", ""iso_639_1"": ""pt"", ""name"": ""Portugu\u00eas""}]","[""FR""]",null
171471,Rough,Die Räuberin,"Tania is an actress, 43. Thore is 15, a misfit in a small village at the northern tip of Germany. At the beginning of winter, Tania escapes from her numb life to the village. They meet. She decides to steal him from his parents.",,Released,False,False,2012-06-21,92,0,0,0.3554,3.0,3,de,,tt1740724,/7iSVHJ9sybxIqJgcMOE2QtluruZ.jpg,/esFmfBjaWVVgs5RyFxlm2t5XvrI.jpg,"[{""id"": 18, ""name"": ""Drama""}]","[{""id"": 1528, ""logo_path"": null, ""name"": ""Element e Filmproduktion"", ""origin_country"": """"}, {""id"": 1251, ""logo_path"": ""/fc0O0mvjl8PbHgZXXY2VgPYos1Z.png"", ""name"": ""ARD"", ""origin_country"": ""DE""}]","[{""iso_3166_1"": ""DE"", ""name"": ""Germany""}]","[{""english_name"": ""German"", ""iso_639_1"": ""de"", ""name"": ""Deutsch""}]","[""DE""]",null
171476,Hummer MOAB - Like Nothing Else,Hummer MOAB - Like Nothing Else,"Adventure into the West with a squad od H1 Hummers as they drive deep into the red rock trails of Moab, Utha. Can the Hummers - lead by Dan Micks, Moab's premiere 4x4 trail guide and Bill Damm, the world's foremost Hummer photographer - tackle Poison Spider, Golden Spike and Gold Bar trails without any major breakdowns? Experience the perils of Lion's Back and Hell's Gate as these Hummers go over the edge and back.  From the guerrilla film crew that brought you the racing documentary Vehicular Lunatics, IMV Films presents Moab: Like Nothing Else.",Hummer MOAB - Like Nothing Else,Released,False,False,2006-04-09,70,0,0,0.0,8.0,1,en,http://www.imvfilms.com,,/fyHbYjtQhi8rm5qIE2hkLfT8o6M.jpg,,[],[],"[{""iso_3166_1"": ""US"", ""name"": ""United States of America""}]","[{""english_name"": ""English"", ""iso_639_1"": ""en"", ""name"": ""English""}]","[""US""]",null
171477,The World Cup: A Captain's Tale,The World Cup: A Captain's Tale,"The true story of the First world football competition, won by a team comprised of miners from Durham.",,Released,False,False,1982-06-13,83,0,0,1.0909,7.0,1,en,,tt0084918,/hXV6WEQpW1j8nAgEq6SBEl4KiA2.jpg,,"[{""id"": 28, ""name"": ""Action""}, {""id"": 18, ""name"": ""Drama""}]",[],[],"[{""english_name"": ""English"", ""iso_639_1"": ""en"", ""name"": ""English""}]","[""GB""]",null
171480,Meine Freunde Tigger und Puuh: Freundschaftsgeschichten,Meine Freunde Tigger und Puuh: Freundschaftsgeschichten,,,Released,False,False,2009-07-15,0,0,0,0.0,8.0,1,de,,,/2eXlqqBnNHzr3jmQ9gDEJFmBlp0.jpg,,"[{""id"": 16, ""name"": ""Animation""}]",[],[],[],"[""DE""]",null
171482,The Deadbeat Club,The Deadbeat Club,"The Deadbeat Club tells the uplifting, emotional story of Cynthia Shelly, a tortured high-school misfit, who is faced with overwhelming and extraordinary events that transform her life forever.  Cynthia decided to throw a talent show at her school to raise money for a man whose family was killed in a house fire.  When the town takes no interest in the show, Cynthia and her group of misfit friends refuse to give up and look past the odds to make a difference for one family.  Set in a small West Texas town, this inspirational drama is about friendship, acceptance, courage and what it means to be a member of THE DEADBEAT CLUB.",You can be whoever you want to be!,Released,False,False,2004-06-20,113,0,0,0.0767,0.0,0,en,http://www.lalunaentertainment.com/La_Luna_Entertainment/The_Deadbeat_Club.html,tt0424029,/uPSiTeh4rLqxPRmT8EV0Rt6bdqI.jpg,/xyG17mJ7XrTNYyvjUW7woo8BVvG.jpg,"[{""id"": 18, ""name"": ""Drama""}]",[],"[{""iso_3166_1"": ""US"", ""name"": ""United States of America""}]",[],"[""US""]",null
171485,Caught on Tape,Caught on Tape,"A young boy uses his video camera that he got for his birthday to spy on his mother's boyfriend, who's plotting a crime. Mix in a nosy neighbor, jealous fiancé, shady maintenance man, a UPS driver with a heist gone horribly wrong and you're bound to have some drama.",It’s all “Caught On Tape”,Released,False,False,2013-02-05,66,0,0,0.9562,6.2,6,en,http://www.stickyfingaz.com/caughtontape.htm,tt2633114,/mYFSre7RF2vsiVygmPYGJgAsiFT.jpg,/jLnDGafIBNRftGPy24TZ1OpgEZ.jpg,"[{""id"": 80, ""name"": ""Crime""}, {""id"": 10402, ""name"": ""Music""}]","[{""id"": 4366, ""logo_path"": null, ""name"": ""Major Independents"", ""origin_country"": """"}]","[{""iso_3166_1"": ""US"", ""name"": ""United States of America""}]","[{""english_name"": ""English"", ""iso_639_1"": ""en"", ""name"": ""English""}]","[""US""]",null
171487,Fiction Plane: Paradiso,Fiction Plane: Paradiso,"Recorded on December 7, 2008 at the bands sold-out performance in Amsterdam at the renowned Paradiso, the threesome of Joe Sumner, Seton Daunt, and Pete Wilhoit were captured in top form. Known for their highly animated and energetic live performances, PARADISO is the purest representation of Fiction Plane outside of an actual live show.",,Released,False,False,2009-03-23,86,0,0,0.0071,0.0,0,en,,,,,[],[],[],[],"[""US""]",null
171488,Night Drum,夜の鼓,"Following a yearlong attendance upon his shogun in Edo, samurai Hikokuro makes a long-awaited return to his home and doting wife, Dane. Initially greeted by the effusive welcome of his family, spiteful whispers also reach his ear about an adulterous affair carried on, in his long absence, between his wife and a famous drummer. With Hikokuro’s honor imperiled by rumor, his family insists on a formal investigation into the veracity of the gossip. Through the combined testimony of many witnesses, a tale unwinds around the visits of a traveling musician hired to tutor the family heir, the spurned attentions of the man who started the rumor, and the ultimate truth behind the accusations. The conclusion of events prove as much an indictment of bushidō as it is of the reluctant parties involved. Adapted from a 1706 play by Chikamatsu Monzaemon and based on a true case.",,Released,False,False,1958-04-15,95,0,0,1.6138,5.7,13,ja,,tt0052414,/uSQkL1H0smo48Abavg6t7hW7Qvi.jpg,/ieT6JsyUmar8IyPVZu747IGIAVD.jpg,"[{""id"": 18, ""name"": ""Drama""}, {""id"": 36, ""name"": ""History""}]","[{""id"": 75842, ""logo_path"": null, ""name"": ""Gendai Production"", ""origin_country"": ""JP""}, {""id"": 192, ""logo_path"": ""/93eAKlnQecDdMtucfOprzcjMw9V.png"", ""name"": ""Shochiku"", ""origin_country"": ""JP""}]","[{""iso_3166_1"": ""JP"", ""name"": ""Japan""}]","[{""english_name"": ""Japanese"", ""iso_639_1"": ""ja"", ""name"": ""\u65e5\u672c\u8a9e""}]","[""JP""]",null
171492,Ankur: The Seedling,अंकुर,"In a small Indian village, a destitute woman's barren, alcoholic husband absconds after stealing toddy. Alone to fend for herself, she ends up relying on the affections of her landlord's to-be-married son who recently returned to look after the estate.",,Released,False,False,1974-07-20,122,0,0,1.0295,6.058,26,hi,,tt0071145,/jrchYJ6zRkUZoWbhV4XQrnzLzXA.jpg,/mcNZDTwWdvT60NmFAH4BJ9QL1fA.jpg,"[{""id"": 18, ""name"": ""Drama""}]","[{""id"": 80067, ""logo_path"": null, ""name"": ""Blaze Film Enterprises"", ""origin_country"": ""IN""}]","[{""iso_3166_1"": ""IN"", ""name"": ""India""}]","[{""english_name"": ""Hindi"", ""iso_639_1"": ""hi"", ""name"": ""\u0939\u093f\u0928\u094d\u0926\u0940""}]","[""IN""]",null
171494,Cha Cha Cha,Cha Cha Cha,"After her return from abroad, Lali adjusts to life in India along with her devout Hindu mother, Laxmi; an easy-going father, Dinanath; two sisters, Kalpana and Geeta, and spends most of her time dancing along with her sisters and friends. On her way to the Mandir, she assumes a singer, Puranchan, is teasing her and she slaps him, but ends up apologizing when she is told that he is blind. Guilt-ridden, she makes arrangements for him to be taken to Bombay, has his vision restored, and both fall in love with each other. Dinanath takes a liking to Puranchan and not only gets him a job but also wants him to wed Lali. About to inform his parents, Purchan does not know that Dinanath has actually instructed Lali not to see him anymore as he is a Harijan (Lower-Caste).","A woman first insults a blind singer, then gets him cured, falls in love with him but ends up rejecting him",Released,False,False,1964-11-17,129,0,0,0.4363,6.5,1,hi,,tt0371598,/x39dEfX46IUgVflktBQNYZh39fr.jpg,,"[{""id"": 10402, ""name"": ""Music""}, {""id"": 10749, ""name"": ""Romance""}]",[],"[{""iso_3166_1"": ""IN"", ""name"": ""India""}]","[{""english_name"": ""Hindi"", ""iso_639_1"": ""hi"", ""name"": ""\u0939\u093f\u0928\u094d\u0926\u0940""}]","[""IN""]",null
171495,Tulsidas,Tulsidas,Sage Tulsidas faces challenges when he attempts to translate the Holy Ramayan.,,Released,False,False,1954-07-15,98,0,0,0.3093,0.0,0,en,,tt0157125,/sr3K6287N8ispJ1xy3gJ3VShP4r.jpg,,"[{""id"": 10751, ""name"": ""Family""}, {""id"": 18, ""name"": ""Drama""}]",[],[],"[{""english_name"": ""Hindi"", ""iso_639_1"": ""hi"", ""name"": ""\u0939\u093f\u0928\u094d\u0926\u0940""}, {""english_name"": ""Sanskrit"", ""iso_639_1"": ""sa"", ""name"": """"}]","[""US""]",null
171497,Brawl Busters,사대통의문,"The cruel Tien Hu, with his many powerful alliances, oppresses an entire Chinese province, killing many of the hard working citizens.","Those Turkeys Fight Dirty, Black Jack Gets Mean. He Kicks Not Their Legs, Just In Between.",Released,False,False,1978-09-30,93,0,0,0.6345,3.0,2,ko,,tt3141954,/hfbdx8XybM6G0xphlHmwhJ3DOQE.jpg,/oOIPebkARCwefuMoVoYKv6JtwqR.jpg,"[{""id"": 12, ""name"": ""Adventure""}, {""id"": 28, ""name"": ""Action""}]","[{""id"": 994, ""logo_path"": null, ""name"": ""Extraordinary Films"", ""origin_country"": """"}, {""id"": 255766, ""logo_path"": null, ""name"": ""Chinese Black Belt Society"", ""origin_country"": """"}]","[{""iso_3166_1"": ""KR"", ""name"": ""South Korea""}]","[{""english_name"": ""Korean"", ""iso_639_1"": ""ko"", ""name"": ""\ud55c\uad6d\uc5b4/\uc870\uc120\ub9d0""}]","[""KR""]",null
171499,Crush,Crush,A four-part anthology exploring the multitude of emotions and colors in gay relationships. (1) Don't Ask. (2) Bloodline. (3) Strokes. (4) Breathe.,,Released,False,False,2009-11-12,77,0,0,0.5192,3.6,10,en,http://www.crushmovie.net/,tt1590316,/uyn7vq1LT4FNuSLCDgVvWaqjlgc.jpg,/tUQFgqbaqC54EMaAQn8f3uIuMgk.jpg,"[{""id"": 10749, ""name"": ""Romance""}, {""id"": 18, ""name"": ""Drama""}, {""id"": 27, ""name"": ""Horror""}]","[{""id"": 13348, ""logo_path"": null, ""name"": ""Michael Saul Productions"", ""origin_country"": """"}]","[{""iso_3166_1"": ""US"", ""name"": ""United States of America""}]","[{""english_name"": ""English"", ""iso_639_1"": ""en"", ""name"": ""English""}]","[""US""]",null
171501,Andrew Lloyd Webber: Masterpiece,Andrew Lloyd Webber: Masterpiece,"September of 2001 saw the ground breaking introduction of musical theater to China, with MASTERPIECE - THE MUSIC OF ANDREW LLOYD WEBBER presented at The Great Hall of the People. This spectacular live concert stars Elaine Page and recording sensation Kris Philips (Fei Xiang) together with an international ensemble cast and sixty piece orchestra. MASTERPIECE - THE MUSIC OF ANDREW LLOYD WEBBER includes performances of many hits from his internationally acclaimed productions including CATS, THE FANTOM OF THE OPERA, EVITA and JESUS CHRIST SUPERSTAR. Be a part of this truly historic Masterpiece that is THE MUSIC OF ANDREW LLOYD WEBBER, live in Beijing.","Andrew Lloyd Webber's music Live From The Great Hall Of The People, Beijing.",Released,False,False,2001-09-30,125,0,0,0.3204,0.0,0,en,http://www.dvd.nl/reviews.php?reviewid=601,,/iE0KzYHkGKNMGPv9MhAvfTA4J8I.jpg,,"[{""id"": 10402, ""name"": ""Music""}]","[{""id"": 7922, ""logo_path"": ""/kWdopfnceXhS3RRkU5ktd7J3nXx.png"", ""name"": ""The Really Useful Group"", ""origin_country"": ""GB""}, {""id"": 214, ""logo_path"": ""/qIptM4dZBNflgv2OXzYECv8iQNH.png"", ""name"": ""Eagle Vision"", ""origin_country"": ""GB""}]","[{""iso_3166_1"": ""CN"", ""name"": ""China""}]","[{""english_name"": ""English"", ""iso_639_1"": ""en"", ""name"": ""English""}]","[""US""]",null
171502,Beast Man Snow Man,獣人雪男,Three competing parties all race against time to track down an elusive creature known only as the Snowman.,"Is it a demon or a primitive man? A horrible giant beastman with superhuman strength, it's the Snowman!",Released,False,False,1955-08-14,94,0,0,2.3278,4.6,15,ja,,tt0048240,/lMoz0FNw8X6zdyXeSytyrRDo0dD.jpg,/gbqrzOAbtxGSWgm3awx1em3M5cI.jpg,"[{""id"": 878, ""name"": ""Science Fiction""}, {""id"": 27, ""name"": ""Horror""}, {""id"": 12, ""name"": ""Adventure""}]","[{""id"": 882, ""logo_path"": ""/fRSWWjquvzcHjACbtF53utZFIll.png"", ""name"": ""TOHO"", ""origin_country"": ""JP""}]","[{""iso_3166_1"": ""JP"", ""name"": ""Japan""}]","[{""english_name"": ""Japanese"", ""iso_639_1"": ""ja"", ""name"": ""\u65e5\u672c\u8a9e""}]","[""JP""]",null
171503,Rich Is the Wolf,La richesse du Loup,"Perplexed at the sudden disappearance of her husband, a wife watches hours of videotape that he’s recorded over the previous seven years to piece together some clues.",,Released,False,False,2012-07-07,82,0,0,0.2533,7.5,2,fr,,tt2230656,/dqiVONymWH1BATEw6vcqos9NUbh.jpg,/cDEu4BclJnFQzmaKvPNKKmg3zRA.jpg,"[{""id"": 18, ""name"": ""Drama""}]",[],[],"[{""english_name"": ""French"", ""iso_639_1"": ""fr"", ""name"": ""Fran\u00e7ais""}]","[""FR""]",null
171504,Dos Palmas!!,Dos Palmas!!,"Portrays the figure and work of teacher Arnold Taraborrelli, who has dedicated his life to dance, theater and teaching. A visual tour narrated in first person statements from friends.",,Released,False,False,2013-02-28,79,0,0,0.0478,0.0,0,en,,,,,[],[],"[{""iso_3166_1"": ""ES"", ""name"": ""Spain""}]","[{""english_name"": ""Spanish"", ""iso_639_1"": ""es"", ""name"": ""Espa\u00f1ol""}]","[""US""]",null
171506,Beat Kings,Beat Kings,"The ""Beat Kings"" is the first documentary exploring the original architects of hip hop; ""The Producers"". For over three decades, beat makers have built hip hop's foundation, constructing the beats behind the rhymes. For the first time, 20 influential producers tell the history of creating hip hop's most definitive records.",The history of hip hop.,Released,False,False,2006-06-04,66,0,0,0.5788,0.0,0,en,,tt33477515,/xR6BQmtdcPUEwyN8GGADWNdDxE6.jpg,/1LeVVkAv412U9PgQDlPYAfL0u83.jpg,"[{""id"": 99, ""name"": ""Documentary""}, {""id"": 10402, ""name"": ""Music""}]",[],[],"[{""english_name"": ""English"", ""iso_639_1"": ""en"", ""name"": ""English""}]","[""US""]",null
171507,Strange Weather,Strange Weather,"A quartet of crack addicts in Miami sit around, while outside, the biggest hurricane of the century is about to hit. The Pixelvision camera roams restlessly through the apartment, focusing nervously on the tiniest details, but never staying in any one spot for very long. Meanwhile, the addicts engage in desultory conversation, or make phone calls, or tell stories about their past experiences.",,Released,False,False,1993-01-01,50,0,0,0.0718,0.0,0,en,,tt0196121,/bYvoxKkgJIf9vrvZ6JZC4szVkfI.jpg,/sXezCdUO47pdRgKJFR2lhs6b50c.jpg,"[{""id"": 18, ""name"": ""Drama""}]",[],"[{""iso_3166_1"": ""US"", ""name"": ""United States of America""}]","[{""english_name"": ""English"", ""iso_639_1"": ""en"", ""name"": ""English""}]","[""US""]",null
171513,Stir,Stir,"Filmed in the Clare Valley, Gladstone and the Flinders Ranges in South Australia, this prison movie was inspired by the true life prison riot at Bathurst Jail in 1974 and its subsequent Royal Commission into New South Wales Prisons.",Hated... Desperate... Brutalised... ...They can't stop now!,Released,False,False,1980-05-11,97,420000,0,0.5282,6.4,18,en,,tt0081561,/k15yYqhdIxZFv01duvkh97KHdmV.jpg,/yxoYq5QahBv8p2bJOc748qtuGlD.jpg,"[{""id"": 53, ""name"": ""Thriller""}, {""id"": 28, ""name"": ""Action""}, {""id"": 18, ""name"": ""Drama""}]","[{""id"": 27207, ""logo_path"": null, ""name"": ""Smiley Productions"", ""origin_country"": """"}, {""id"": 14590, ""logo_path"": null, ""name"": ""New South Wales Film Corp."", ""origin_country"": ""AU""}]","[{""iso_3166_1"": ""AU"", ""name"": ""Australia""}]","[{""english_name"": ""English"", ""iso_639_1"": ""en"", ""name"": ""English""}]","[""AU""]",null
171514,10ml LOVE,10ml LOVE,A romantic comedy concerning the tribulations of a love quadrangle during a night of magic &amp; madness.,,Released,False,False,2010-01-01,87,0,0,0.3565,6.5,2,en,,tt1667460,/jcGK3ZFrSAGIh5gzOLwveAJgdNq.jpg,,[],[],[],"[{""english_name"": ""Hindi"", ""iso_639_1"": ""hi"", ""name"": ""\u0939\u093f\u0928\u094d\u0926\u0940""}]","[""US""]",null
171516,Norberto's Deadline,Norberto apenas tarde,"After being fired from his job, Norberto tries his luck as a real estate agent, but he doesn't tell his wife right away. His new boss advises him to take an assertiveness course to overcome his shyness, and Norberto starts taking classes in an acting workshop for beginners. While he works toward the quarterly festival, Norberto fails to get his wife and clients to believe anything he says, but he finds out he is very good at lying to himself.",,Released,False,False,2012-01-05,85,0,0,0.1778,5.9,8,es,,tt1365491,/h4yqbdrQUKOivpnrzFtbcHCZvAX.jpg,,"[{""id"": 18, ""name"": ""Drama""}, {""id"": 35, ""name"": ""Comedy""}]","[{""id"": 72538, ""logo_path"": ""/aSei2kIiR1LXNuyx6uy2KY63KKh.png"", ""name"": ""Cord\u00f3n Films"", ""origin_country"": ""UY""}]","[{""iso_3166_1"": ""UY"", ""name"": ""Uruguay""}, {""iso_3166_1"": ""AR"", ""name"": ""Argentina""}]","[{""english_name"": ""Spanish"", ""iso_639_1"": ""es"", ""name"": ""Espa\u00f1ol""}]","[""ES""]",null
171517,Stillstand,Stillstand,A short film about a man who covered up an accident at work.,,Released,False,False,2009-09-17,9,0,0,0.0717,0.0,0,en,,tt1910624,,,"[{""id"": 18, ""name"": ""Drama""}]","[{""id"": 296, ""logo_path"": ""/oPCnyumoJtIedjQoQin6zSSHkv8.png"", ""name"": ""Filmakademie Baden-W\u00fcrttemberg"", ""origin_country"": ""DE""}]","[{""iso_3166_1"": ""DE"", ""name"": ""Germany""}]","[{""english_name"": ""German"", ""iso_639_1"": ""de"", ""name"": ""Deutsch""}]","[""US""]",null
171520,Ausser Rand und Band am Wolfgangsee,Ausser Rand und Band am Wolfgangsee,A fight between two hotels: Schwarzer Rössl vs. Weißer Rössl.,,Released,False,False,1972-01-13,93,0,0,0.4885,2.0,2,de,,tt0066797,/sKoRHXn93Lwko9EhJP3TQsKGQek.jpg,,"[{""id"": 10402, ""name"": ""Music""}, {""id"": 35, ""name"": ""Comedy""}]","[{""id"": 28946, ""logo_path"": null, ""name"": ""Franz Antel Film"", ""origin_country"": """"}, {""id"": 619, ""logo_path"": null, ""name"": ""Terra-Filmkunst"", ""origin_country"": ""DE""}, {""id"": 1776, ""logo_path"": null, ""name"": ""Neue Delta Filmproduktion"", ""origin_country"": ""AT""}]","[{""iso_3166_1"": ""AT"", ""name"": ""Austria""}, {""iso_3166_1"": ""DE"", ""name"": ""Germany""}]","[{""english_name"": ""German"", ""iso_639_1"": ""de"", ""name"": ""Deutsch""}]","[""DE"", ""AT""]",null
171531,Equilibrio,Equilibrio,"A Metal-rock production from Xystus together with the Utrecht Student orchestra.  Over 4000 people witnessed this spectacular event that took place in 2008 from 3 - 6 july in Vredenburg Leidse Rijn, Utrecht, the Netherlands: Equilibrio live! responses were overwhlemong and thanks to this live DVD (and CD), you get part of the expierence.  130+ people were involved in making this project and we'd like to thank everyone for their incrredible support.",equilibrio xystus,Released,False,False,2009-04-30,120,0,0,0.145,0.0,0,en,http://www.xystus.nl/band/discography/,,,,[],[],[],[],"[""US""]",null
171532,El lunar de la familia,El lunar de la familia,"Fernando Mendez's 1953 Spanish-language melodrama El Lunar de la Familia unfurls against the backdrop of a deceptively innocent-sounding family reunion. Two freewheeling, party-happy young men, Luis and his buddy Antonio, catch the train in to San Miguel, on a visit to Luis's grandmother, Doña Luisa, and his sister Esther. Unfortunately for the visitors, Luisa's goddaughter Rosita, is sitting near them in the same train car. She soon catches wind of the boys' wild tendencies, and makes a point of telling Luisa. Furious, the crotchety old woman decides to teach the bad boys a lesson by beating them senseless with her cane and forcing Luis to seek out a proper mate for Esther. Unfortunately, Esther has already fallen in love with Antonio - who could care less.",,Released,False,False,1953-05-20,103,0,0,0.5098,6.0,4,es,,tt0179953,/9D8Sjrqvh2vD7nnw5JRhqgeEmT1.jpg,,"[{""id"": 35, ""name"": ""Comedy""}, {""id"": 18, ""name"": ""Drama""}]",[],"[{""iso_3166_1"": ""MX"", ""name"": ""Mexico""}]","[{""english_name"": ""Spanish"", ""iso_639_1"": ""es"", ""name"": ""Espa\u00f1ol""}]","[""MX""]",null
171534,Chabelo Y Pepito en La Lampara Maravillosa,Chabelo Y Pepito en La Lampara Maravillosa,"Pepito The child misbehaves because his stepfather is scolding. Buy a sauceboat but when his cat rubs it a genie appears. The child understands that it is the magic lamp and asked all sorts of goodies and the solution of their tasks, but when he needs money stepfather tells of genius. The stepfather asked to topple his partner's plane. Pepito refuses and flees with the lamp and throws it into a river to avoid falling into its power. The stepfather drowns while trying to rescue him.",,Released,False,False,1972-06-22,85,0,0,0.3777,5.1,9,es,,tt0067564,/rI8L3cAH6VpeL4vcR6gEWi5pFTm.jpg,/jT4hqwUzlQJpmZi5k1IU44bwwX1.jpg,"[{""id"": 35, ""name"": ""Comedy""}]","[{""id"": 300, ""logo_path"": ""/8yKP5cXsSRGiIf0p3u9YzbYcGJp.png"", ""name"": ""Alameda Films"", ""origin_country"": ""MX""}]","[{""iso_3166_1"": ""MX"", ""name"": ""Mexico""}]","[{""english_name"": ""Spanish"", ""iso_639_1"": ""es"", ""name"": ""Espa\u00f1ol""}]","[""MX""]",null
171536,Unidentified Flying Mater,Unidentified Flying Mater,"Mater finds a small UFO called Mator and they have a night out. Later, when Mator is captured by military forces, Mater sneaks up and saves him with the help of Lightning McQueen and the UFO's mother.",,Released,False,False,2009-11-20,4,0,0,0.823,6.3,121,en,,tt1511164,/i6To4oegSvLEW9CTsrCANgko1Gj.jpg,/5fpxijSWOYHBej7zS9reUrdEdVH.jpg,"[{""id"": 878, ""name"": ""Science Fiction""}, {""id"": 16, ""name"": ""Animation""}, {""id"": 35, ""name"": ""Comedy""}, {""id"": 10751, ""name"": ""Family""}, {""id"": 12, ""name"": ""Adventure""}]","[{""id"": 3, ""logo_path"": ""/1TjvGVDMYsj6JBxOAkUHpPEwLf7.png"", ""name"": ""Pixar"", ""origin_country"": ""US""}]","[{""iso_3166_1"": ""US"", ""name"": ""United States of America""}]","[{""english_name"": ""English"", ""iso_639_1"": ""en"", ""name"": ""English""}]","[""US""]",null
171537,Letters from the Park,Cartas del parque,"Matanzas, Cuba, 1913. Two young people who are in love communicate through letters written by penman. When the young man leaves town, to become a pilot, the girl discovers she is really in love with the one who wrote the letters.",,Released,False,False,1989-12-01,87,0,0,0.1693,5.0,3,es,,tt0094838,/sR7Cads0T1eiw4bKttGokyAnpix.jpg,,"[{""id"": 18, ""name"": ""Drama""}]",[],"[{""iso_3166_1"": ""CU"", ""name"": ""Cuba""}, {""iso_3166_1"": ""ES"", ""name"": ""Spain""}]","[{""english_name"": ""German"", ""iso_639_1"": ""de"", ""name"": ""Deutsch""}, {""english_name"": ""Spanish"", ""iso_639_1"": ""es"", ""name"": ""Espa\u00f1ol""}]","[""ES""]",null
171538,Dream Theater: Romavarium,Dream Theater: Romavarium,"Digitalised video of live performance in Roma, the Lazio in Italy",,Released,False,True,2006-03-31,83,0,0,0.0214,8.5,2,en,,tt2113650,/6cwEbLvv1ztug0B89mxF5oD0ymM.jpg,/mA394WlN5YcXzxDyAPrXJQnpEmw.jpg,"[{""id"": 10402, ""name"": ""Music""}]",[],[],"[{""english_name"": ""English"", ""iso_639_1"": ""en"", ""name"": ""English""}]","[""US""]",null
171539,Badlands of Montana,Badlands of Montana,"Wanting to follow in his late father's footsteps, eager reformer Steve Brewster runs for mayor of a small Montana town but is forced to flee and join a gang of notorious outlaws after he's provoked into killing two corrupt officials in self-defense. Gang leader Hammer takes Steve in, and Steve falls for his daughter, Susan, but his loyalties are divided when he's appointed marshal of his hometown.",Lash for every crime he did not commit!,Released,False,False,1957-05-01,75,0,0,1.1276,4.0,1,en,,tt0050159,/eHwCoo7Yd1v4oi3JIsN3yJlrWq3.jpg,/zWqhDytDytk4O19Hc9ZipuQpglz.jpg,"[{""id"": 37, ""name"": ""Western""}]","[{""id"": 13973, ""logo_path"": null, ""name"": ""Regal Films"", ""origin_country"": ""US""}]","[{""iso_3166_1"": ""US"", ""name"": ""United States of America""}]","[{""english_name"": ""English"", ""iso_639_1"": ""en"", ""name"": ""English""}]","[""US""]",null
171540,Big Bad Wolves,מי מפחד מהזאב הרע,The twisted paths of three very different men brutally collide due to a chain of unspeakable murders: a grieving father who has been doomed to seek vengeance and a police detective who boldly crosses the narrow boundary between law and crime meet a religion teacher suspected of being the murderer.,Some men are created evil.,Released,False,False,2013-04-21,106,0,33232,2.2976,6.621,416,he,http://www.magnetreleasing.com/bigbadwolves,tt2309224,/7SEdoH6qBIYNhIV7H9cFSRe3wO1.jpg,/o2UQssgsmgsNdyWFE4f45daEobm.jpg,"[{""id"": 35, ""name"": ""Comedy""}, {""id"": 80, ""name"": ""Crime""}, {""id"": 53, ""name"": ""Thriller""}, {""id"": 27, ""name"": ""Horror""}, {""id"": 18, ""name"": ""Drama""}]","[{""id"": 16581, ""logo_path"": null, ""name"": ""United Channel Movies"", ""origin_country"": """"}]","[{""iso_3166_1"": ""IL"", ""name"": ""Israel""}]","[{""english_name"": ""Arabic"", ""iso_639_1"": ""ar"", ""name"": ""\u0627\u0644\u0639\u0631\u0628\u064a\u0629""}, {""english_name"": ""Hebrew"", ""iso_639_1"": ""he"", ""name"": ""\u05e2\u05b4\u05d1\u05b0\u05e8\u05b4\u05d9\u05ea""}, {""english_name"": ""Italian"", ""iso_639_1"": ""it"", ""name"": ""Italiano""}]","[""IL""]",null
171542,HENRi,HENRi,"Powerful short film, which explores human existence at the most fundamental, personal level - what it means to be a conscious individual. Set hundreds of years in the future, a derelict spacecraft, controlled and powered by a human brain, floats aimlessly in the outer reaches of space. Trapped in the cold, mechanical prison of the vessel, the brain, which has no recollection or concept of self, miraculously begins to experience disjointed images of its former life - images it cannot understand. Yearning for freedom and yet unable to move, the brain devises a plan to build itself a mechanical body from parts of the ship. Maybe then it will understand the images it is seeing - maybe then it will feel alive.",,Released,False,False,2013-02-26,21,0,0,0.2072,7.7,11,en,http://www.henrithefilm.com/,tt2069787,/m9Xuwfg5DOF4FeGqQA1QvJwmF0h.jpg,/yFQXjAdy3Jxx4hXW0YNWMw43h4y.jpg,"[{""id"": 18, ""name"": ""Drama""}, {""id"": 878, ""name"": ""Science Fiction""}]",[],"[{""iso_3166_1"": ""US"", ""name"": ""United States of America""}]","[{""english_name"": ""English"", ""iso_639_1"": ""en"", ""name"": ""English""}]","[""US""]",null
171543,"Help Me, Help You","Help Me, Help You","Discovering he has six months to live, a doctor begins meddling in the lives of six friends he thinks he can help before he dies -- and even as his efforts go awry, he keeps pushing his career, romance and personal advice in this wacky comedy.",,Released,False,False,2009-11-06,85,0,0,0.4553,6.5,2,en,,tt1417297,/niAQ4IaXUy8doANrnZ6tocDepEp.jpg,,"[{""id"": 35, ""name"": ""Comedy""}]","[{""id"": 6679, ""logo_path"": ""/r3r7qbHKgo8N0yr7r1TjLmzLXfQ.png"", ""name"": ""MarVista Entertainment"", ""origin_country"": ""US""}]",[],[],"[""US""]",null
171545,Fifth Column Mouse,Fifth Column Mouse,"In an allegory for World War II, one mouse's attempt to appease the cat of the house in exchange for a regular supply of cheese puts all the mice in danger.",,Released,False,False,1943-06-15,7,0,0,0.1125,5.8,20,en,,tt0035872,/80LDP6Vw4NM5ZvRlfmmhmMeERK2.jpg,/zBxbN7rZvxWropbR3lhHCoujDo1.jpg,"[{""id"": 16, ""name"": ""Animation""}, {""id"": 35, ""name"": ""Comedy""}, {""id"": 10752, ""name"": ""War""}]","[{""id"": 8298, ""logo_path"": ""/r6cuEYq7DqrHCNVa7vSanTS0cuw.png"", ""name"": ""Warner Bros. Cartoons"", ""origin_country"": ""US""}]","[{""iso_3166_1"": ""US"", ""name"": ""United States of America""}]",[],"[""US""]",null
171548,Condemned,Condenados,In the fields of La Mancha a woman works the land with the help of a young stranger. Her husband is in prison for a crime he committed in a jealous rage. All goes well until the man regained freedom and the ghosts of the past come back to him.,,Released,False,False,1953-11-16,95,0,0,0.2863,6.3,3,es,,tt0045643,/f7X6guYw0Rzaw8cHEzy5d3gB4Gx.jpg,,"[{""id"": 18, ""name"": ""Drama""}]","[{""id"": 53222, ""logo_path"": null, ""name"": ""Cervantes Films"", ""origin_country"": """"}, {""id"": 36419, ""logo_path"": ""/4GXOhrPPYGiFO1Prwd82pwIrgDc.png"", ""name"": ""Cifesa"", ""origin_country"": ""ES""}]","[{""iso_3166_1"": ""ES"", ""name"": ""Spain""}]","[{""english_name"": ""Spanish"", ""iso_639_1"": ""es"", ""name"": ""Espa\u00f1ol""}]","[""ES""]",null
171549,Leave Me Alone,阿孖有難,"Gay fashion designer Yiu Chun Man (Ekin Cheng) is visited in Hong Kong by his straight twin brother, Yiu Chun Kit (also Ekin Cheng). Kit borrows his brother’s driver’s license, and is then involved in a car crash in which a woman dies (see also Ab-normal Beauty), and Kit falls into a coma.  With no ID card, Man is unable to prove his identity, so he assumes the identity of his brother, and takes up with Kit’s girlfriend, Jane, (Charlene Choi), and goes with her to Thailand. Jane, however, is having some money problems, and is deeply indebted to a loan shark (Dayo Wong), who pursues Man and Jane.  Kit comes out of his coma and finds himself struggling to fend off the amorous advances of Man's boyfriend (Jan Lamb), who is a high-ranking Hong Kong police officer.",,Released,False,False,2004-11-18,93,0,0,1.1507,4.9,7,cn,,tt0440016,/i9dDi4RkmywrEktGmLYG8JbNgVL.jpg,/fsL0D9UEIjkCXypeVkDWJseofq9.jpg,"[{""id"": 35, ""name"": ""Comedy""}, {""id"": 80, ""name"": ""Crime""}]",[],"[{""iso_3166_1"": ""HK"", ""name"": ""Hong Kong""}]","[{""english_name"": ""Cantonese"", ""iso_639_1"": ""cn"", ""name"": ""\u5e7f\u5dde\u8bdd / \u5ee3\u5dde\u8a71""}]","[""HK""]",null
171550,Pawn's Move,Pawn's Move,"Pawn's Move  is a film directed by Caleb Vetter in 2011. A young man inherits his late mentor's pawn shop and $4 million from the sale of a collectible. Escaping the man's money-hungry girlfriend, he moves to a small town under a new name, where a woman captures his heart but their pasts keep them apart.",,Released,False,False,2011-04-30,73,0,0,0.0071,5.5,2,en,,tt1833056,/b4pGlDHLAqTJmSt37NFqdqD1x6h.jpg,,[],[],[],[],"[""US""]",null
171551,Bandit King of Texas,Bandit King of Texas,"The Jewel Land Company of Elko, Texas is selling Government land to settlers. Before any of the settlers can claim their land, they are being killed by McCabe's gang. When Rocky comes to Elko to find his friend Jim, he winds up in Jail on a charge of stealing money from the new Marshal. The only person in town that is on his side is Nugget, but there is little that he can do by himself. When Rocky escapes from the jail with another prisoner and the Marshal is shot, he has to find who is behind his problems and what has happened to Jim and Emily.",THE RANGE ROCKS WITH EXCITING ADVENTURE!,Released,False,False,1949-08-29,60,0,0,0.7876,6.0,1,en,,tt0041152,/xXgTyDeBzwtIE09Btkh3VMABkFd.jpg,/nys7nhxdBTsUiDFrQClv5kL6s3.jpg,"[{""id"": 37, ""name"": ""Western""}]","[{""id"": 1432, ""logo_path"": ""/odyWStT82nGf2LQCyfs7iFudwa0.png"", ""name"": ""Republic Pictures"", ""origin_country"": ""US""}]","[{""iso_3166_1"": ""US"", ""name"": ""United States of America""}]","[{""english_name"": ""English"", ""iso_639_1"": ""en"", ""name"": ""English""}]","[""US""]",null
171553,Pride,Orgullo,"A tale of two families, the Mendozas and Alzagas, faced for generations by the water of a river separating their adjoining properties. Old grudges reappear when the two heirs fall in love.",,Released,False,False,1955-12-09,106,0,0,0.555,6.3,13,es,,tt0048453,/qPipYysWLPzpMq8NZEtpAQYGm6D.jpg,/hmcO2Kw7ApE4NVpYPe8GHc4PWA0.jpg,"[{""id"": 18, ""name"": ""Drama""}, {""id"": 10749, ""name"": ""Romance""}]","[{""id"": 80828, ""logo_path"": null, ""name"": ""Celta Films S.A."", ""origin_country"": """"}, {""id"": 36419, ""logo_path"": ""/4GXOhrPPYGiFO1Prwd82pwIrgDc.png"", ""name"": ""Cifesa"", ""origin_country"": ""ES""}]","[{""iso_3166_1"": ""ES"", ""name"": ""Spain""}]","[{""english_name"": ""Spanish"", ""iso_639_1"": ""es"", ""name"": ""Espa\u00f1ol""}]","[""ES""]",null
171556,The Shadow Battalion,El batallón de las sombras,"Dreams, hopes and passions of the inhabitants of a populous and humble tenement in Madrid. Among them, an inventor who invents always what is already invented, a composer, a hostess, a locksmith, a delivery of a pastry ...",,Released,False,False,1957-04-28,102,0,0,0.3239,5.0,3,es,,tt0050170,/zSjhwzK6jj5iTrSmMt1COh9z2BK.jpg,,"[{""id"": 18, ""name"": ""Drama""}]","[{""id"": 16067, ""logo_path"": ""/fVZTSvmCO4PM8kU2yaeLT6poebF.png"", ""name"": ""Suevia Films"", ""origin_country"": ""ES""}]","[{""iso_3166_1"": ""ES"", ""name"": ""Spain""}]","[{""english_name"": ""Spanish"", ""iso_639_1"": ""es"", ""name"": ""Espa\u00f1ol""}]","[""ES""]",null
171560,Highway Melody,Sur un air d'autoroute,"A man discovers he's no longer as close to his ear as he once was in this absurdist comedy. Jeff is minding his own business when a phonograph record tossed from a passing car accidentally cuts off his ear. The ear falls into traffic, gets stuck on the windshield of another vehicle, and begins a long, strange journey, passing from car to car and hand to hand across the country. Jeff, however, can still hear whatever his separated ear is picking up, and is trying to follow the sounds in hopes of catching up with his former body part. However, a doctor warns him he only has a few hours to find his ear, otherwise reattachment will be impossible; in the meantime, Jeff's former girlfriend wastes several of his precious minutes with a discussion about the notion of giving their relationship another try.",,Released,False,False,2000-06-28,90,0,0,0.7431,0.0,0,fr,,tt0215223,/9XrJntPOlK9ziCfxeUTyKOF4CKg.jpg,,"[{""id"": 35, ""name"": ""Comedy""}]",[],[],"[{""english_name"": ""French"", ""iso_639_1"": ""fr"", ""name"": ""Fran\u00e7ais""}]","[""FR""]",null
171563,Serpent,雄呂血,This is the story of a samurai who falls on hard times due to misunderstandings and follows the plots of his enemies.,,Released,False,False,1925-11-20,74,0,0,0.5295,6.8,23,ja,,tt0016185,/uH1ohJFgdoHikwAmW9WWw4b679J.jpg,/jRLdU7Mrx9s4Nq3MR8pAlSvSjem.jpg,"[{""id"": 18, ""name"": ""Drama""}, {""id"": 28, ""name"": ""Action""}]","[{""id"": 80800, ""logo_path"": null, ""name"": ""Bando Tsumasaburo Production"", ""origin_country"": ""JP""}, {""id"": 146880, ""logo_path"": null, ""name"": ""Bantsuma Production Nara"", ""origin_country"": """"}]","[{""iso_3166_1"": ""JP"", ""name"": ""Japan""}]","[{""english_name"": ""Japanese"", ""iso_639_1"": ""ja"", ""name"": ""\u65e5\u672c\u8a9e""}, {""english_name"": ""No Language"", ""iso_639_1"": ""xx"", ""name"": ""No Language""}]","[""JP""]",null
171565,Celluloid,സെല്ലുലോയ്ഡ്,"Celluloid chronicles the life of J. C. Daniel, the pioneer of Malayalam cinema, whose passion drives him to create Vigathakumaran, the region’s first film. Facing social prejudice, financial ruin, and personal loss, Daniel’s struggle for artistic recognition becomes a moving tribute to the birth of cinema in Kerala.",,Released,False,False,2013-02-14,129,0,680000,0.7747,6.6,22,ml,,tt2717168,/47oFCMPlOg9ZR4dPyS6KYiea8zf.jpg,/2bu30bRLBZS3RDieFd4Zwl4UFQI.jpg,"[{""id"": 18, ""name"": ""Drama""}, {""id"": 36, ""name"": ""History""}]","[{""id"": 16391, ""logo_path"": null, ""name"": ""Murali films"", ""origin_country"": """"}, {""id"": 16402, ""logo_path"": null, ""name"": ""Prime Time Cinema"", ""origin_country"": """"}]","[{""iso_3166_1"": ""IN"", ""name"": ""India""}]","[{""english_name"": ""English"", ""iso_639_1"": ""en"", ""name"": ""English""}, {""english_name"": ""Hindi"", ""iso_639_1"": ""hi"", ""name"": ""\u0939\u093f\u0928\u094d\u0926\u0940""}, {""english_name"": ""Malayalam"", ""iso_639_1"": ""ml"", ""name"": """"}, {""english_name"": ""Tamil"", ""iso_639_1"": ""ta"", ""name"": ""\u0ba4\u0bae\u0bbf\u0bb4\u0bcd""}]","[""IN""]",null
171568,P.O.V. - Point of View,P.O.V.,"Kamilla, a young Danish girl leaves for Las Vegas to get married. During the ceremony she changes her mind and runs away. She is picked up by Rock, a 40 year-old loner on a motorcycle. A meeting with Rock's aunt sends them in pursuit of Rock's father. During the trip, Rock has been carrying a mysterious package, and shortly before arriving in Seattle, Kamilla discovers what the package contains...",,Released,False,False,2002-01-25,107,0,0,0.7582,4.2,4,da,,tt0219876,/ngvTcUwZYr95CmXwYFm3RdTctMb.jpg,,"[{""id"": 18, ""name"": ""Drama""}]",[],"[{""iso_3166_1"": ""DK"", ""name"": ""Denmark""}]","[{""english_name"": ""Danish"", ""iso_639_1"": ""da"", ""name"": ""Dansk""}, {""english_name"": ""English"", ""iso_639_1"": ""en"", ""name"": ""English""}]","[""DK""]",null
171570,The Fall of the House Of Usher,The Fall of the House Of Usher,"Narrated by Sir Christopher Lee as Roderick Usher summons his boyhood friend to help him ease his decaying condition. The death of Madeline Usher, last in the line of the Usher family precipitates Roderick's descent into madness and death.",,Released,False,False,2012-11-09,15,400000,0,0.6156,7.9,5,en,http://www.facebook.com/pages/The-Fall-of-the-House-of-Usher/344780532276519?ref=hl,tt2617788,/b2S70ljIQGYXU0J37gykvpSzwbI.jpg,,"[{""id"": 16, ""name"": ""Animation""}, {""id"": 27, ""name"": ""Horror""}]","[{""id"": 13350, ""logo_path"": null, ""name"": ""Big Farm"", ""origin_country"": """"}, {""id"": 6973, ""logo_path"": ""/6lqJgLZuP3M6kxFJ6RU2HLBbB7L.png"", ""name"": ""Les Armateurs"", ""origin_country"": ""FR""}, {""id"": 13352, ""logo_path"": null, ""name"": ""R&R Communications"", ""origin_country"": """"}, {""id"": 13351, ""logo_path"": ""/3cHYz3iUqBAnQfPh8LQnEaWSh1w.png"", ""name"": ""Melusine Productions"", ""origin_country"": ""LU""}]","[{""iso_3166_1"": ""LU"", ""name"": ""Luxembourg""}, {""iso_3166_1"": ""ES"", ""name"": ""Spain""}, {""iso_3166_1"": ""BE"", ""name"": ""Belgium""}, {""iso_3166_1"": ""FR"", ""name"": ""France""}, {""iso_3166_1"": ""US"", ""name"": ""United States of America""}]","[{""english_name"": ""English"", ""iso_639_1"": ""en"", ""name"": ""English""}]","[""US""]",null
171571,Jane and the Lost City,Jane and the Lost City,Jane and the Colonel must journey to Africa to the lost city to retrieve the diamonds before the Nazis do. Comedy based on the popular wartime comic strip.,She was everyone's favorite target!,Released,False,False,1987-09-03,94,0,0,1.0802,4.2,18,en,,tt0093296,/5NgbvdDDfO1Y4VJFk9CPe8hTfiA.jpg,/ewromC3itbjwtNWEll5Y3CrB1Gu.jpg,"[{""id"": 12, ""name"": ""Adventure""}, {""id"": 35, ""name"": ""Comedy""}, {""id"": 28, ""name"": ""Action""}]","[{""id"": 65585, ""logo_path"": null, ""name"": ""Marcel/Robertson Productions Limited"", ""origin_country"": """"}]","[{""iso_3166_1"": ""GB"", ""name"": ""United Kingdom""}, {""iso_3166_1"": ""US"", ""name"": ""United States of America""}]","[{""english_name"": ""English"", ""iso_639_1"": ""en"", ""name"": ""English""}]","[""US"", ""GB""]",null
171574,Runaway Heart,Runaway Heart,One of life's losers (Michael Tucker) kidnaps a suburban housewife (Jill Eikenberry) while on the run from hoodlums.,,Released,False,False,1990-10-27,89,0,0,0.3492,0.0,0,de,,tt0100566,,,"[{""id"": 35, ""name"": ""Comedy""}, {""id"": 10770, ""name"": ""TV Movie""}, {""id"": 80, ""name"": ""Crime""}]",[],[],"[{""english_name"": ""English"", ""iso_639_1"": ""en"", ""name"": ""English""}]","[""DE""]",null
171575,Karpe - under overfladen,Karpe - under overfladen,,,Released,False,False,,0,0,0,0.0,0.0,0,da,,,,,[],[],[],[],"[""DK""]",null
171576,Broken Song,Broken Song,A documentary telling the story of rappers and singers in a working class estate on the northside of Dublin.,,Released,False,False,2013-06-18,66,0,0,0.0239,0.0,0,en,http://www.clairedix.net/projects/broken-song/,,/k3JeZFMkiRVIupQBKBW6GhKT6OT.jpg,,"[{""id"": 99, ""name"": ""Documentary""}]",[],[],[],"[""US""]",null
171577,Sun Seekers,Sonnensucher,"A socialist story of ""atoms for peace"" and compulsory labor in an East German uranium mine under Soviet control.",,Released,False,False,1972-03-26,111,0,0,0.3709,4.7,8,de,,tt0053295,/p2GU4DaMTZTubHfaKtrU8uvjZGA.jpg,/epRxciU4p63GVUoHn4jwQTSUCKN.jpg,"[{""id"": 18, ""name"": ""Drama""}]","[{""id"": 602, ""logo_path"": ""/pVsXRFbYVDe5BhsATCAh1rt5F0k.png"", ""name"": ""DEFA-Studio f\u00fcr Spielfilme"", ""origin_country"": ""XG""}]","[{""iso_3166_1"": ""XG"", ""name"": ""East Germany""}]","[{""english_name"": ""German"", ""iso_639_1"": ""de"", ""name"": ""Deutsch""}, {""english_name"": ""Russian"", ""iso_639_1"": ""ru"", ""name"": ""P\u0443\u0441\u0441\u043a\u0438\u0439""}]","[""XG""]",null
171578,Thin Lizzy: The Boys Are Back in Town,Thin Lizzy: The Boys Are Back in Town,"Experience the power of Thin Lizzy live! In October of 1978, more than 26,000 screaming fans packed the grounds of the Sydney Opera House in Australia for an unforgettable concert by this monster rock 'n roll band.  With Guitar Greats, Scotty Gorhan and Gary Moore; front man Phil Lynott blasting the bass line and singing his heart out, it's no wonder there was standing room only.  The 70's were a time when four-piece power bands ruled rock music, and Thin Lizzy was one of the best! 2022 re-release features additional footage, remixed audio, cleaned up picture, and truly captures Thin Lizzy at the top of their game.",,Released,False,False,2002-06-25,63,0,0,0.2952,8.0,2,en,,,/o26TnJ7CiUitLjFi7zVjRniP0t6.jpg,,"[{""id"": 10402, ""name"": ""Music""}]","[{""id"": 8273, ""logo_path"": ""/pXZ6qUs6bZUsS5zsRXrojW9aZ1f.png"", ""name"": ""Eagle Rock Entertainment"", ""origin_country"": ""GB""}]","[{""iso_3166_1"": ""GB"", ""name"": ""United Kingdom""}, {""iso_3166_1"": ""NL"", ""name"": ""Netherlands""}]","[{""english_name"": ""English"", ""iso_639_1"": ""en"", ""name"": ""English""}]","[""GB"", ""US""]",null
171579,The Doctor of Stalingrad,Der Arzt von Stalingrad,"Dr. Fritz Böhler is a prisoner of war doctor in the Soviet POW camp 5110/47 near Stalingrad. Despite the harshest conditions, he tries to help his fellow prisoners with the simplest means. But when his assistant Dr. Schultheiss falls in love with the Russian doctor Alexandra Kasalinskaja, Schultheiss not only endangers his own life - because Alexandra is the lover of First Lieutenant Markow.",,Released,False,False,1958-02-20,110,0,0,0.8117,7.0,3,de,,tt0051376,/3agetH84LmRMDh46FaIiS4AgjjE.jpg,/orB7rbFFWEnBCbrcbDHIW87wayg.jpg,"[{""id"": 18, ""name"": ""Drama""}, {""id"": 10752, ""name"": ""War""}, {""id"": 10749, ""name"": ""Romance""}]","[{""id"": 2013, ""logo_path"": null, ""name"": ""Divina-Film"", ""origin_country"": ""DE""}]","[{""iso_3166_1"": ""DE"", ""name"": ""Germany""}]","[{""english_name"": ""German"", ""iso_639_1"": ""de"", ""name"": ""Deutsch""}]","[""DE""]",null
171581,The Marine 3: Homefront,The Marine 3: Homefront,A Marine must do whatever it takes to save his kidnapped sister and stop a terrorist attack masterminded by a radical militia group.,"He's back home from war, but the battle has just begun.",Released,False,False,2013-03-05,86,0,0,2.3373,6.2,217,en,,tt2334841,/9liEU1O0GZIZXYf9SekjH5kb8bb.jpg,/uBb9OfDyhgVDNpa9v5S6dvEU8sy.jpg,"[{""id"": 28, ""name"": ""Action""}]","[{""id"": 10339, ""logo_path"": ""/dU7bjpBabgAd6R8INdVAyCjQ70w.png"", ""name"": ""WWE Studios"", ""origin_country"": ""US""}]","[{""iso_3166_1"": ""US"", ""name"": ""United States of America""}, {""iso_3166_1"": ""CA"", ""name"": ""Canada""}]","[{""english_name"": ""English"", ""iso_639_1"": ""en"", ""name"": ""English""}]","[""CA"", ""US""]","{""id"": 166373, ""name"": ""The Marine Collection"", ""poster_path"": ""/8W0EZh3cSBnHrHXrOepZEzjuNUy.jpg"", ""backdrop_path"": ""/9TT7ln5CDZEouWtHnnuy9zloFaO.jpg""}"
171582,See How They Dance,Voyez comme ils dansent,"A French video artist traverses Canada on a train that takes her from the east to the west through the snow. This journey leads her to encounter the last girlfriend of her ex-husband, an internationally respected showman who is now dead. Each of the two women will try to understand how the ""man of their life"" loved and lived with the other. See how they dance.",,Released,False,False,2011-08-03,99,0,0,0.5184,3.3,3,fr,,tt1646237,/x0FxyzvmaYYgcJ1WVLhleAIEgTc.jpg,,"[{""id"": 35, ""name"": ""Comedy""}]","[{""id"": 8799, ""logo_path"": null, ""name"": ""Alic\u00e9l\u00e9o"", ""origin_country"": ""FR""}, {""id"": 225277, ""logo_path"": null, ""name"": ""Filmarto"", ""origin_country"": ""CA""}, {""id"": 83, ""logo_path"": ""/9OQ0rm55xtlgX7KcAKMUePJSrQc.png"", ""name"": ""France 2 Cin\u00e9ma"", ""origin_country"": ""FR""}, {""id"": 19289, ""logo_path"": null, ""name"": ""Les Productions JMH"", ""origin_country"": """"}]","[{""iso_3166_1"": ""CA"", ""name"": ""Canada""}, {""iso_3166_1"": ""FR"", ""name"": ""France""}, {""iso_3166_1"": ""CH"", ""name"": ""Switzerland""}]","[{""english_name"": ""English"", ""iso_639_1"": ""en"", ""name"": ""English""}, {""english_name"": ""French"", ""iso_639_1"": ""fr"", ""name"": ""Fran\u00e7ais""}]","[""FR""]",null
171585,Le Temps du silence,Le Temps du silence,Manuel passes 18 months at Buchenwald before his return to Paris. He wonders even before his arrival who will have the patience and passion to listen to his narrative. He chooses silence.,,Released,False,False,2011-02-10,101,0,0,0.6574,2.0,3,fr,,tt1664678,/cVVfaBxeP55bmLVl36SegtzfOeT.jpg,/1NjxyHcOIZb3gp02BvDOWB4FnO6.jpg,"[{""id"": 18, ""name"": ""Drama""}, {""id"": 10770, ""name"": ""TV Movie""}]","[{""id"": 20662, ""logo_path"": ""/rxfxm2P7zJdUsXB9d5Zrg9DOXfd.png"", ""name"": ""TV5 Monde"", ""origin_country"": ""FR""}, {""id"": 588, ""logo_path"": ""/6mWg9rdVSj8gwgMiOmZH4iBCcMm.png"", ""name"": ""MDR"", ""origin_country"": ""DE""}, {""id"": 324, ""logo_path"": null, ""name"": ""Flach Film"", ""origin_country"": ""FR""}, {""id"": 1251, ""logo_path"": ""/fc0O0mvjl8PbHgZXXY2VgPYos1Z.png"", ""name"": ""ARD"", ""origin_country"": ""DE""}]","[{""iso_3166_1"": ""FR"", ""name"": ""France""}, {""iso_3166_1"": ""DE"", ""name"": ""Germany""}]","[{""english_name"": ""French"", ""iso_639_1"": ""fr"", ""name"": ""Fran\u00e7ais""}, {""english_name"": ""German"", ""iso_639_1"": ""de"", ""name"": ""Deutsch""}]","[""FR""]",null
171587,Whatcha Wearin'?,나의 PS 파트너,"Yoon-jung accidentally calls a stranger, instead of her boyfriend, and has phone sex with the unknown man. When Yoon-jung's relationship with her boyfriend turns sour, Yoon-jung meets Hyun-seung, the stranger she had phone sex with.",Got a wrong number? met the right person!,Released,False,False,2012-12-06,114,0,0,2.5266,6.8,102,ko,,tt2592336,/acoytVakE7E8lCSB4JM7KyV9Ft9.jpg,/gcitkvOxToHSTBHvrhBFrqMTKBt.jpg,"[{""id"": 10749, ""name"": ""Romance""}, {""id"": 35, ""name"": ""Comedy""}]","[{""id"": 7036, ""logo_path"": ""/javbyY0ZCvlFJtly3tpZqf2NwLX.png"", ""name"": ""CJ Entertainment"", ""origin_country"": ""KR""}]","[{""iso_3166_1"": ""KR"", ""name"": ""South Korea""}]","[{""english_name"": ""Korean"", ""iso_639_1"": ""ko"", ""name"": ""\ud55c\uad6d\uc5b4/\uc870\uc120\ub9d0""}]","[""KR""]",null
171588,Baby Doll,La bambolona,A bachelor attorney with a roving eye for beautiful women stets his sights on a Young student for his next amorous conquest.,,Released,False,False,1968-12-15,104,0,0,0.7683,7.4,8,it,,tt0062703,/kpZtGy7i85notnj0rPajefmfY0T.jpg,/43jk4qRHZylPWzxiVdYHzLkP6vj.jpg,"[{""id"": 35, ""name"": ""Comedy""}]","[{""id"": 1406, ""logo_path"": null, ""name"": ""Mega Film"", ""origin_country"": ""IT""}]","[{""iso_3166_1"": ""IT"", ""name"": ""Italy""}]","[{""english_name"": ""Italian"", ""iso_639_1"": ""it"", ""name"": ""Italiano""}]","[""IT""]",null
171593,Codice privato,Codice privato,"After a sudden breakup, a woman uncovers her ex's unsent letters, revealing his true feelings and a secret. Betrayed, she plans revenge by exposing his hidden thoughts to his troubled son.",,Released,False,False,1988-09-08,90,0,0,0.3253,6.7,6,it,,tt0094892,/z4TBzR2yv487yHI0eryweqqGg05.jpg,/zLbo6CbxuGMk574iubdBH0J0gIK.jpg,"[{""id"": 18, ""name"": ""Drama""}, {""id"": 10749, ""name"": ""Romance""}]","[{""id"": 1216, ""logo_path"": null, ""name"": ""DDL Cinematografica"", ""origin_country"": ""IT""}]","[{""iso_3166_1"": ""IT"", ""name"": ""Italy""}]","[{""english_name"": ""Italian"", ""iso_639_1"": ""it"", ""name"": ""Italiano""}]","[""IT""]",null
171594,Enter Arsène Lupin,Enter Arsène Lupin,"A rich but naive young woman is in possession of some priceless jewels. She herself doesn't know it, but a gang of jewel thieves does.",Mystery fiction's most notorious rogue ...  now on the screen!,Released,False,False,1944-11-24,72,0,0,0.9544,6.0,4,en,,tt0036794,/dQgv1hNSNo7qL6YIHfF8n1rGTv1.jpg,/1aRkSytsSj46YWG0YtzMhkGGtzK.jpg,"[{""id"": 80, ""name"": ""Crime""}, {""id"": 9648, ""name"": ""Mystery""}, {""id"": 10749, ""name"": ""Romance""}]","[{""id"": 33, ""logo_path"": ""/8lvHyhjr8oUKOOy2dKXoALWKdp0.png"", ""name"": ""Universal Pictures"", ""origin_country"": ""US""}]","[{""iso_3166_1"": ""US"", ""name"": ""United States of America""}]","[{""english_name"": ""English"", ""iso_639_1"": ""en"", ""name"": ""English""}]","[""US""]","{""id"": 891932, ""name"": ""Ars\u00e8ne Lupin - Saga"", ""poster_path"": null, ""backdrop_path"": null}"
171595,Legend of The Roller Blade Seven,Legend of The Roller Blade Seven,"In a post-apocalyptic world where rollerblading is the chief means of travel, the evil Pharoah sends his minions outside the Wheel Zone to abduct a psychic. The psychic has been trained in the way of the samurai, but has shunned her training to become a Passive. Once abducted, her brother joins forces with others to try and rescue her, but they face many challenges from the Dark Side.",A New World Needs New Heroes,Released,False,False,1993-06-25,90,1200000,0,0.9405,3.8,4,en,http://www.scottshaw.com/rollerbladeseven.html,tt0104702,/phxMshZcS1Z6OcEuB5cgzty0kuO.jpg,,"[{""id"": 878, ""name"": ""Science Fiction""}, {""id"": 28, ""name"": ""Action""}, {""id"": 12, ""name"": ""Adventure""}]","[{""id"": 12332, ""logo_path"": null, ""name"": ""Scott Shaw Films"", ""origin_country"": """"}, {""id"": 12331, ""logo_path"": null, ""name"": ""The Rebel Corporation"", ""origin_country"": """"}]","[{""iso_3166_1"": ""US"", ""name"": ""United States of America""}]","[{""english_name"": ""English"", ""iso_639_1"": ""en"", ""name"": ""English""}]","[""US""]","{""id"": 895976, ""name"": ""The Roller Blade Seven Collection"", ""poster_path"": null, ""backdrop_path"": null}"
171596,Girl on the Spot,Girl on the Spot,"Eleven Gilbert &amp; Sullivan numbers are melded within the murder-mystery plot of ""Girl on the Spot"", with a result that either G&amp;S and/or the plot are always seemingly on stage-wait or in the wings awaiting a cue. Lois Collier is the girl-on-the-spot of the title because she was on the scene of a murder. The police conclude she didn't do it and they use her to set a trap for the real killer, a G&amp;S addict, by financing a Broadway production starring Collier.",GILBERT and SULLIVAN'S Gayest Songs... go Modern as never before!,Released,False,False,1946-01-11,75,0,0,0.8841,0.0,0,en,,tt0038073,/kMpRd7Ie4wd5QTwmAbbDd678hTJ.jpg,/sLx9R3X22gHVKIBwhEC51PXBIP7.jpg,"[{""id"": 80, ""name"": ""Crime""}, {""id"": 18, ""name"": ""Drama""}]","[{""id"": 33, ""logo_path"": ""/8lvHyhjr8oUKOOy2dKXoALWKdp0.png"", ""name"": ""Universal Pictures"", ""origin_country"": ""US""}]","[{""iso_3166_1"": ""US"", ""name"": ""United States of America""}]","[{""english_name"": ""English"", ""iso_639_1"": ""en"", ""name"": ""English""}]","[""US""]",null
171597,Rânia,Rânia,"Rânia is a teenage girl who lives on Santa Teresinha hill in the city of Fortaleza. Her busy days are also occupied by the dream of being a dancer. Rânia's best friend, Zizi, introduces her to 'Sereia da Noite', a local joint where fun, dance, money and sex rock the night. When Rânia meets the choreographer Estela, she will be torn between the possibility to make money in the nightclub and the will to become a ""real dancer"".",,Released,False,False,2012-01-29,85,0,0,0.317,6.4,5,pt,http://www.raniamovie.com/,tt1941632,/aLTndvx1BPj4iBxWL1leI5OyxAY.jpg,/AqThWCRCYMNnHPaEvcDErjOgQCN.jpg,"[{""id"": 18, ""name"": ""Drama""}]","[{""id"": 170690, ""logo_path"": null, ""name"": ""Latitude Audiovisual"", ""origin_country"": ""BR""}]","[{""iso_3166_1"": ""BR"", ""name"": ""Brazil""}]","[{""english_name"": ""Portuguese"", ""iso_639_1"": ""pt"", ""name"": ""Portugu\u00eas""}]","[""BR""]",null
171600,Der Mauerschütze,Der Mauerschütze,"The GDR casts its shadow right up to the present day: Stefan Kortman, a respected doctor in Hanover, carries a dark secret with him. Nobody in his home country knows that he was a Wall sniper and shot the husband of a young, pregnant woman trying to escape at the German-German border. Despite all his successes in his professional and private life, Stefan still can't find peace 20 years later. He wants to explain himself to the fugitive from back then.",,Released,False,False,2011-08-02,0,0,0,0.4711,6.5,1,de,,tt1757720,/rymIeW4jo9LuXWJVGCkbL2THcW8.jpg,,"[{""id"": 18, ""name"": ""Drama""}]","[{""id"": 6904, ""logo_path"": ""/hYZGaKXbbpf6KS3slxiglZZj9kL.png"", ""name"": ""Filmpool"", ""origin_country"": ""DE""}, {""id"": 587, ""logo_path"": ""/6UIpEURdjnmcJPwgTDRzVRuwADr.png"", ""name"": ""ARTE"", ""origin_country"": ""DE""}, {""id"": 7201, ""logo_path"": ""/ljV8ZT3CIYCEIEDlTyBliXJVCZr.png"", ""name"": ""NDR"", ""origin_country"": ""DE""}]","[{""iso_3166_1"": ""DE"", ""name"": ""Germany""}]","[{""english_name"": ""German"", ""iso_639_1"": ""de"", ""name"": ""Deutsch""}]","[""DE""]",null
171602,Der Uranberg,Der Uranberg,"1947: the Russians have uranium extracted from the newly founded SAG Wismut mine in the Ore Mountains. Among the miners is Kurt, who has become an enthusiastic communist while a prisoner of war in Russia and therefore hates his father, a convinced Nazi. Kurt falls in love with Lydia. The daughter of Soviet Major Burski was actually supposed to spy on him, but soon returns his love. However, this is not under a good star. A mining accident is in the offing.",,Released,False,False,2010-12-17,0,0,0,0.3706,5.0,6,de,,tt1784405,/w9IRpH1UNZRkI4IYSCcMzo54Zo1.jpg,,[],"[{""id"": 1251, ""logo_path"": ""/fc0O0mvjl8PbHgZXXY2VgPYos1Z.png"", ""name"": ""ARD"", ""origin_country"": ""DE""}]","[{""iso_3166_1"": ""DE"", ""name"": ""Germany""}]","[{""english_name"": ""German"", ""iso_639_1"": ""de"", ""name"": ""Deutsch""}]","[""DE""]",null
171603,Samurai Vampire Bikers from Hell,Samurai Vampire Bikers from Hell,"Alexander Hell rides his Harley Davidson motorcycle out from the dark abyss to battle samurai sword carrying Vampires who are unleashing their vengeance on modern day Hollywood, California. Once on earth, Hell joins forces with an ancient Asian vampire.",,Released,False,False,1992-12-06,60,0,0,0.3933,1.0,1,en,http://www.scottshaw.com/samuraivampire.html,tt0105310,/rQTFRXiOwZOArm9mb5jQyKIYzFJ.jpg,,"[{""id"": 35, ""name"": ""Comedy""}, {""id"": 28, ""name"": ""Action""}, {""id"": 14, ""name"": ""Fantasy""}, {""id"": 27, ""name"": ""Horror""}]",[],[],"[{""english_name"": ""English"", ""iso_639_1"": ""en"", ""name"": ""English""}]","[""US""]",null
171604,Schief gewickelt,Schief gewickelt,"Mona is fed up: while she keeps herself and her baby Bobby afloat with mini-jobs, Bobby's father celebrates his new girlfriend at every party in town. When Eddy announces his wedding, Mona sends him a smelly diaper - anonymously. Eddy catches on and sets off in search of the sender.",,Released,False,False,2012-12-26,0,0,0,0.3965,0.0,0,de,,tt2379568,/v4SkqcA7MLkqynWwftjrX47a3Wi.jpg,/yBqP1EDu1EtJwwsCfttYBZwJh5l.jpg,"[{""id"": 35, ""name"": ""Comedy""}]","[{""id"": 4606, ""logo_path"": ""/otZHbf1HmzLRQsZFSqJXkf8EHz7.png"", ""name"": ""ZDF"", ""origin_country"": ""DE""}, {""id"": 1941, ""logo_path"": ""/6yvtjS2R9yJRItWbGYsCEMVZGON.png"", ""name"": ""Network Movie"", ""origin_country"": ""DE""}]","[{""iso_3166_1"": ""DE"", ""name"": ""Germany""}]","[{""english_name"": ""German"", ""iso_639_1"": ""de"", ""name"": ""Deutsch""}]","[""DE""]",null
171608,"Schön, dass es Dich gibt","Schön, dass es Dich gibt","Jackies' quiet life as a housewife and English teacher ends abruptly when her husband informs her that he is leaving her for a younger woman. In a quest for revenge, Jackie makes arrangements with a plastic surgeon for a general overhaul with the goal of landing a younger husband. A newspaper leads her to Peter who is as bored by his insurance job as he is by the young women he has been dating. Written by John W. Wrist",,Released,False,False,2005-10-08,90,0,0,0.5305,5.3,7,de,,tt0459130,/jISk4rH1tTJZm6nAVE0izHjr8Hf.jpg,/uI3b7luxwGA3EzMwD4dkJrVYaMK.jpg,"[{""id"": 10770, ""name"": ""TV Movie""}, {""id"": 35, ""name"": ""Comedy""}, {""id"": 10749, ""name"": ""Romance""}]","[{""id"": 3391, ""logo_path"": ""/t0QBs2fI3mE3HxgoH1n39bYuzNu.png"", ""name"": ""ORF"", ""origin_country"": ""AT""}, {""id"": 1251, ""logo_path"": ""/fc0O0mvjl8PbHgZXXY2VgPYos1Z.png"", ""name"": ""ARD"", ""origin_country"": ""DE""}]","[{""iso_3166_1"": ""AT"", ""name"": ""Austria""}, {""iso_3166_1"": ""DE"", ""name"": ""Germany""}]","[{""english_name"": ""German"", ""iso_639_1"": ""de"", ""name"": ""Deutsch""}]","[""DE"", ""AT""]",null
171613,Mozart: Don Giovanni,Mozart: Don Giovanni,"A striking interpretation of Mozart's opera that became a sensation at the 2008 Salzburg Festival. This is not only a rethinking of the place and time of the opera, but also a deep disclosure of the characters' characters, their ambiguous inner world. A simple, at first glance, plot is turned by the creators of the play into a dynamic psychological thriller.",Don Giovanni at the Salzburg Festival,Released,False,False,2008-07-27,176,0,0,0.4521,0.0,0,it,,tt1492801,/pXZGL7O0OdMKht2yAB7ai7VWWra.jpg,,"[{""id"": 10402, ""name"": ""Music""}]","[{""id"": 2255, ""logo_path"": ""/o8meyz6tKQgWpYevIuMmSlOJp9K.png"", ""name"": ""EuroArts"", ""origin_country"": ""DE""}, {""id"": 29639, ""logo_path"": null, ""name"": ""Salzburger Festspiele"", ""origin_country"": ""AT""}]","[{""iso_3166_1"": ""AT"", ""name"": ""Austria""}]","[{""english_name"": ""Italian"", ""iso_639_1"": ""it"", ""name"": ""Italiano""}]","[""AT"", ""IT""]",null
171615,Black Briefs,Black Briefs,"Six dark-themed gay short films, including:  SPRING:  A young man meets a stranger for S&M sex, an experience that will change his life forever.  REMISSION: As a man awaits the results of a biopsy at his secluded cabin, his dread amplifies when he suspects that he may not be alone.  WINNER TAKES ALL: The unapologetic manipulator Ryker engineers a fight between his two boyfriends ... with Ryker himself as the ultimate prize.  PROMISE: Stu and Chris appear to be the perfect couple, but past indiscretions are revealed on the eve of their wedding, causing unforgivable actions that both will regret.  VIDEO NIGHT: What starts out as a fun night making videos goes terribly wrong when a group of friends discover something unexpected in the raw footage.  COMMUNICATION: The story of an Orthodox Jewish student who unexpectedly inherits the estate of his estranged mentor and discovers a painful truth about their relationship.",Six dark-themed gay short films.,Released,False,False,2012-02-21,90,0,0,0.3865,3.7,9,en,,tt2109094,/y4zQXwwSNszo8larQ7epFnkYwsi.jpg,/xWclOYxQhC3Jmmf06CFJaaooaDW.jpg,"[{""id"": 18, ""name"": ""Drama""}]","[{""id"": 3598, ""logo_path"": null, ""name"": ""Guest House Films"", ""origin_country"": """"}]","[{""iso_3166_1"": ""US"", ""name"": ""United States of America""}]","[{""english_name"": ""English"", ""iso_639_1"": ""en"", ""name"": ""English""}]","[""US""]",null
171622,Play It Cool,Play It Cool,"A struggling singer and his band befriend an heiress who, against the wishes of her father, is searching for the lover who she has been forbidden to see and with whom she is hoping to elope.",Twist Vs. Swing!,Released,False,False,1962-07-22,82,0,0,1.6448,5.9,7,en,,tt0056353,/obqQu4MbSsn3WvDgoBEOYc53Kzm.jpg,/5yT4pAEldh5Ht1aexGhhF5EvWwK.jpg,"[{""id"": 10402, ""name"": ""Music""}, {""id"": 18, ""name"": ""Drama""}]","[{""id"": 14837, ""logo_path"": null, ""name"": ""Lynx Films Ltd."", ""origin_country"": """"}, {""id"": 13719, ""logo_path"": null, ""name"": ""Coronado Productions"", ""origin_country"": """"}, {""id"": 4913, ""logo_path"": null, ""name"": ""Independent Artists"", ""origin_country"": ""GB""}]","[{""iso_3166_1"": ""GB"", ""name"": ""United Kingdom""}]","[{""english_name"": ""English"", ""iso_639_1"": ""en"", ""name"": ""English""}]","[""US"", ""GB""]",null
171624,4 Devils,4 Devils,"Four orphans, raised by an aging clown, becomes a high wire act in a circus. Lost film.",A SWINGING CIRCUS TRAPEZE BECOMES THE PENDULUM OF PASSION!,Released,False,False,1928-10-03,100,0,0,0.4205,7.0,3,en,,tt0018907,/7G71ryJRJbu8bC6oixxzC87BMz0.jpg,/h3ejqIZ46ZZSHzwSCABI7756kLD.jpg,"[{""id"": 18, ""name"": ""Drama""}, {""id"": 28, ""name"": ""Action""}]","[{""id"": 5488, ""logo_path"": ""/3O2mAL8Z32SbKtQK7h9ePZjtzSu.png"", ""name"": ""Fox Film Corporation"", ""origin_country"": ""US""}]","[{""iso_3166_1"": ""US"", ""name"": ""United States of America""}]","[{""english_name"": ""English"", ""iso_639_1"": ""en"", ""name"": ""English""}]","[""US""]",null
171629,The Second Floor Mystery,The Second Floor Mystery,"In this mystery, a man and woman have been corresponding through a ""personal"" column under the names Lord Strawberries and Lady Grapefruit. When the man's neighbor is found dead upstairs, he and the lady are the prime suspects of a police inspector, who has his own very good reason for blaming them.",A NEW KIND OF MYSTERY THRILLER!,Released,False,False,1930-04-26,58,0,0,0.7681,0.0,0,en,,tt0021351,/3cbM8WdNXWXefdchTbJmQtzyhgv.jpg,/5wAmV7csdEHV95ZTsshinaB4ly0.jpg,"[{""id"": 9648, ""name"": ""Mystery""}, {""id"": 35, ""name"": ""Comedy""}]","[{""id"": 174, ""logo_path"": ""/zhD3hhtKB5qyv7ZeL4uLpNxgMVU.png"", ""name"": ""Warner Bros. Pictures"", ""origin_country"": ""US""}]","[{""iso_3166_1"": ""US"", ""name"": ""United States of America""}]","[{""english_name"": ""English"", ""iso_639_1"": ""en"", ""name"": ""English""}]","[""US""]",null
171634,Behind Your Back,A tus espaldas,Jordi a young man working at a bank has an overriding aim in life and that is to hide his humble origins. But he meets Greta a Colombian girl who has come to Ecuador to make a living.....,,Released,False,False,2011-03-31,76,5000,0,0.2307,8.5,2,es,,tt1995242,/xMIHkmv1XkxbKLhftaqLxYCkTIY.jpg,/g4m2LrHDWDI7pldfhLSzaumQ3mq.jpg,"[{""id"": 35, ""name"": ""Comedy""}, {""id"": 18, ""name"": ""Drama""}]","[{""id"": 77181, ""logo_path"": null, ""name"": ""Urbano Films"", ""origin_country"": """"}, {""id"": 77180, ""logo_path"": null, ""name"": ""Abre Comunicaci\u00f3n"", ""origin_country"": """"}, {""id"": 188428, ""logo_path"": null, ""name"": ""The Filmmaker Studio C.A."", ""origin_country"": """"}, {""id"": 65091, ""logo_path"": ""/7D7JB71JEiWigcRwkUawvukMocx.png"", ""name"": ""Programa Ibermedia"", ""origin_country"": ""ES""}, {""id"": 81147, ""logo_path"": null, ""name"": ""Consejo Nacional de Cinematograf\u00eda del Ecuador"", ""origin_country"": """"}, {""id"": 1388, ""logo_path"": ""/85fUh6K8SxjWEeRYnaWXKLt5O80.png"", ""name"": ""Centro Nacional Aut\u00f3nomo de Cinematograf\u00eda"", ""origin_country"": ""VE""}]","[{""iso_3166_1"": ""EC"", ""name"": ""Ecuador""}, {""iso_3166_1"": ""VE"", ""name"": ""Venezuela""}]","[{""english_name"": ""Spanish"", ""iso_639_1"": ""es"", ""name"": ""Espa\u00f1ol""}]","[""EC""]",null
171636,Victoria,Victoria,"A tragic love affair between Victoria and Johannes. She's the daughter of a rich estate owner and he's the son of a poor miller. Despite the deep love between them, her father makes Victoria ditch Johannes for the richer Otto.",,Released,False,False,2013-03-01,105,6100000,0,0.9772,5.1,17,no,,tt2249179,/vP9UY7KqSeZQmkWR7P2Ro2Pg4pF.jpg,/95fZhndVPbQe9Hgx26IKzHiwbSR.jpg,"[{""id"": 18, ""name"": ""Drama""}]","[{""id"": 1003, ""logo_path"": null, ""name"": ""Filmkameratene"", ""origin_country"": ""NO""}]","[{""iso_3166_1"": ""NO"", ""name"": ""Norway""}]","[{""english_name"": ""Norwegian"", ""iso_639_1"": ""no"", ""name"": ""Norsk""}, {""english_name"": ""Swedish"", ""iso_639_1"": ""sv"", ""name"": ""svenska""}]","[""NO""]",null
171638,Hope Ranch,Hope Ranch,"J.T. Hope, a former police officer and marine, owner of a ranch called ""Circle Hope Ranch"" decides to start a program for troubled teens on his ranch to help rehabilitate them and help them get out of the life of crime, drugs and other bad things. Hope starts the program and 3 boys are brought in to the new program. J.T. has 2 good friends who work with him on the ranch, Shorty, and Colt Webb, a former juvenile delinquent who was given a second chance with the help of J.T. Hope.",Even the most troubled teen can get a second chance at a place called Hope Ranch.,Released,False,False,2002-09-02,100,0,0,0.7996,3.9,4,en,,tt0327888,/1HQRPBTI5UsUtWxbvHBlneIUDuL.jpg,/wZ5rfwNR0PSs8ucFegA558mzD7m.jpg,"[{""id"": 18, ""name"": ""Drama""}, {""id"": 10751, ""name"": ""Family""}, {""id"": 37, ""name"": ""Western""}, {""id"": 10770, ""name"": ""TV Movie""}]",[],[],"[{""english_name"": ""English"", ""iso_639_1"": ""en"", ""name"": ""English""}]","[""US""]",null
171639,Knight of the Trail,Knight of the Trail,"Jim and Molly are set to get married when Molly finds out about her fiancé's criminal past. Bill Carey weasels his way into Molly's heart in the interim, eager to relieve her of her savings.",,Released,False,False,1915-08-19,24,0,0,0.7611,4.8,2,en,,tt0005590,/jb8QcmDyKDImZZuisEPQaIYy71J.jpg,/qYZaPKFcLtHRNnemy1hci714xJG.jpg,"[{""id"": 37, ""name"": ""Western""}]","[{""id"": 50574, ""logo_path"": null, ""name"": ""New York Motion Picture"", ""origin_country"": ""US""}, {""id"": 36181, ""logo_path"": null, ""name"": ""Kay-Bee Pictures"", ""origin_country"": ""US""}]","[{""iso_3166_1"": ""US"", ""name"": ""United States of America""}]","[{""english_name"": ""No Language"", ""iso_639_1"": ""xx"", ""name"": ""No Language""}]","[""US""]",null
171641,The Passer-by,The Passer-by,A random passer-by is invited to a bachelor party of rich men where he tells a tale of loss to those present.,,Released,False,False,1912-06-21,17,0,0,0.3422,5.5,2,en,,tt0002421,/hlPD0DAwewf30Xjao4s9LTZqN7A.jpg,,"[{""id"": 18, ""name"": ""Drama""}]","[{""id"": 18758, ""logo_path"": ""/fe3cMUJLhbkTM9PDxdDA8hQpAxp.png"", ""name"": ""Edison Studios"", ""origin_country"": ""US""}]","[{""iso_3166_1"": ""US"", ""name"": ""United States of America""}]","[{""english_name"": ""No Language"", ""iso_639_1"": ""xx"", ""name"": ""No Language""}]","[""US""]",null
171644,Ennio Morricone,Ennio Morricone,"From his quirky compositions for the spaghetti Westerns of Sergio Leone to his sublime musical contributions to director Roland Joffé's acclaimed 1986 drama The Mission, film composer Ennio Morricone has crafted more than 500 scores over the course of his enduring career in film. Now fans can take a look back at the life and career of one of cinema's most prolific composers through interviews with both the composer himself and many of his longtime collaborators. From his Italian efforts to his work in America, this documentary covers every aspect of Morricone's career as few have, offering insight into his childhood, his longtime association with Leone, and his ultimate disenchantment with the American studio system.",A Man and His Music,Released,False,False,1995-01-01,52,0,0,0.4962,6.7,3,en,,tt0379276,/g4B26f3swqb0x20EqoBsB3AmkeJ.jpg,,"[{""id"": 99, ""name"": ""Documentary""}, {""id"": 10402, ""name"": ""Music""}, {""id"": 36, ""name"": ""History""}]","[{""id"": 11237, ""logo_path"": ""/nzPEges9ftjCDQWru0qrIfTX8OR.png"", ""name"": ""ZDF/Arte"", ""origin_country"": ""DE""}, {""id"": 3324, ""logo_path"": ""/dqT3yOTlfJRmtvk52Ccd1O6dZ0A.png"", ""name"": ""BBC"", ""origin_country"": ""GB""}]","[{""iso_3166_1"": ""DE"", ""name"": ""Germany""}, {""iso_3166_1"": ""GB"", ""name"": ""United Kingdom""}]","[{""english_name"": ""English"", ""iso_639_1"": ""en"", ""name"": ""English""}, {""english_name"": ""Italian"", ""iso_639_1"": ""it"", ""name"": ""Italiano""}]","[""US"", ""GB""]",null
171648,It’s Only Make Believe,Eventyrland,"After serving 10 years in prison for murder, Jenny returns to society. She wants to live a quiet life and resume her responsibilities as a mother, but soon shadows from the past start to appear.",,Released,False,False,2013-03-22,91,0,207023,0.4267,6.0,15,no,,tt2664080,/oL2OHJslshP2WrABF9qnSFmD02G.jpg,/xS7Ag5TJFTjYI0Mrl71ZsQ0c7yX.jpg,"[{""id"": 18, ""name"": ""Drama""}]","[{""id"": 35212, ""logo_path"": ""/rU0zrHXZ7OfWgUK3uAphIoPsEcz.png"", ""name"": ""Chezville"", ""origin_country"": ""NO""}]","[{""iso_3166_1"": ""NO"", ""name"": ""Norway""}]","[{""english_name"": ""Norwegian"", ""iso_639_1"": ""no"", ""name"": ""Norsk""}]","[""NO""]",null
171651,Flesh Suitcase,Flesh Suitcase,The life of a drug mule.,,Released,False,False,1995-10-18,90,0,0,0.4302,6.3,3,en,,tt0113078,/uxA5ISY504Ov2pQ5LRiePMfMqJY.jpg,,[],[],"[{""iso_3166_1"": ""US"", ""name"": ""United States of America""}]","[{""english_name"": ""English"", ""iso_639_1"": ""en"", ""name"": ""English""}]","[""US""]",null
171652,Olaf Schubert - Meine Kämpfe live,Olaf Schubert - Meine Kämpfe live,,,Released,False,True,2012-02-10,0,0,0,0.0416,8.0,1,de,,,/aB3Uo2pK3onHNocmBin8ILrX2pf.jpg,,"[{""id"": 35, ""name"": ""Comedy""}]",[],[],[],"[""DE""]",null
171658,Casper and Emma: Best Friends,Karsten og Petra blir bestevenner,"Casper is reluctant to start at a new daycare, but when he arrives he meets Emma who has a stuffed animal that can come to life. From that day Casper and Emma are best friends.",,Released,False,False,2013-02-15,74,0,0,0.7295,6.1,7,no,,tt2581664,/gBSVqJnvvGswPs6VFQOfZz42aI.jpg,/7cnvTCIN95uM3BATEUj6kUSVlte.jpg,"[{""id"": 10751, ""name"": ""Family""}]","[{""id"": 8272, ""logo_path"": ""/yA4lAFuoB7y241U1ikoe2ECFyo9.png"", ""name"": ""Cinenord"", ""origin_country"": ""NO""}]","[{""iso_3166_1"": ""NO"", ""name"": ""Norway""}]","[{""english_name"": ""Norwegian"", ""iso_639_1"": ""no"", ""name"": ""Norsk""}]","[""NO""]","{""id"": 388746, ""name"": ""Casper and Emma Collection"", ""poster_path"": ""/cRAMUkPKf3UMfYdhqh6Nw8UnCX4.jpg"", ""backdrop_path"": ""/woDu8Wa0wbyvndwD8TigZSwpbld.jpg""}"
171660,Split Wide Open,Split Wide Open,"A search for a lost street girl in midst of exposés of modern sexual behaviour in Bombay and a water mafia in the city, this is a real 'split wide open' of the Indian glamour capital.",,Released,False,False,1999-09-01,103,0,0,0.4382,5.0,6,en,,tt0215196,/rdjrUFXxOSEfhWa5TazICZ5ePlW.jpg,/kovH6hMcFTzr6TaqdhxqPZ14Xf5.jpg,"[{""id"": 18, ""name"": ""Drama""}, {""id"": 80, ""name"": ""Crime""}]","[{""id"": 25, ""logo_path"": ""/qZCc1lty5FzX30aOCVRBLzaVmcp.png"", ""name"": ""20th Century Fox"", ""origin_country"": ""US""}]","[{""iso_3166_1"": ""IN"", ""name"": ""India""}]","[{""english_name"": ""English"", ""iso_639_1"": ""en"", ""name"": ""English""}, {""english_name"": ""Hindi"", ""iso_639_1"": ""hi"", ""name"": ""\u0939\u093f\u0928\u094d\u0926\u0940""}]","[""US""]",null
171661,Pat Metheny & Charlie Haden - The Missouri Sky Duets Live,Pat Metheny & Charlie Haden - The Missouri Sky Duets Live,,,Released,False,True,2009-07-15,0,0,0,0.0744,7.0,1,it,,,/iDTXjt1N40Ylj4i6e7MnO8N87Gb.jpg,,[],[],[],[],"[""IT""]",null
171662,Jimmy Scott: If You Only Knew,Jimmy Scott: If You Only Knew,"Overcoming Kallman’s Syndrome, prejudice, self-destruction and powerful enemies in the music industry, rediscovered jazz legend Jimmy Scott recounts his rise and fall and rise again as one of the most distinctive vocalists of his time.",,Released,False,False,2002-03-10,78,0,0,0.0629,6.5,1,en,,tt0293294,/tRo0fxAkzXrc0azl7HzuwvUbtd4.jpg,,"[{""id"": 99, ""name"": ""Documentary""}, {""id"": 10402, ""name"": ""Music""}]","[{""id"": 196928, ""logo_path"": null, ""name"": ""Celebrity Ashtray Productions"", ""origin_country"": ""US""}]","[{""iso_3166_1"": ""US"", ""name"": ""United States of America""}]","[{""english_name"": ""English"", ""iso_639_1"": ""en"", ""name"": ""English""}]","[""US""]",null
171665,The Enemy Lines,Les lignes ennemies,"Six men. The forest. The menace is there somewhere. Armed, ready, looking for action, they wander, day and night, striving for a confrontation.",,Released,False,False,2010-05-08,44,0,0,0.2571,5.2,4,fr,,tt1699190,/vwcvkIvSn6fgQZnluydpLEmbA60.jpg,,"[{""id"": 18, ""name"": ""Drama""}, {""id"": 10752, ""name"": ""War""}]","[{""id"": 13839, ""logo_path"": ""/125UdB9wgDkY2RNpjgCiKyk3Dll.png"", ""name"": ""Metafilms"", ""origin_country"": ""CA""}]","[{""iso_3166_1"": ""CA"", ""name"": ""Canada""}]","[{""english_name"": ""French"", ""iso_639_1"": ""fr"", ""name"": ""Fran\u00e7ais""}]","[""FR"", ""CA""]",null
171666,We Ride: The Story of Snowboarding,We Ride: The Story of Snowboarding,"Grain Media and Burn Energy Drink tell the story of snowboarding through the eyes of the people who made it happen. From its origins in the culturally shifting 1960s, to its boom in the 90s, to its acceptance as a mainstream sport, snowboarding has had a roller coaster history. A fully immersive archive film narrated by Jason Lee and a cast of dozens of snowboarders, We Ride: The Story of Snowboarding is the first feature film to tell the story of how this outsiders' sport became huge.",The story of snowboarding told by the people who made it happen,Released,False,False,2013-01-31,92,0,0,0.3026,7.0,3,en,,tt2635824,/ugP09FlzJNox6nsT9HXA0P5FeRs.jpg,,"[{""id"": 99, ""name"": ""Documentary""}]","[{""id"": 49822, ""logo_path"": ""/3ona9SNUU97BeiP10g1Lv7kP9HM.png"", ""name"": ""Grain Media"", ""origin_country"": ""GB""}]",[],"[{""english_name"": ""English"", ""iso_639_1"": ""en"", ""name"": ""English""}]","[""US""]",null
171671,Stonebridge Park,Stonebridge Park,"A film in two parts.  In the first part, the narrator describes the events that led to his impulsive decision to rob his former employer. The camera meanwhile walks about above the nearby road junction, surveying the distracted environment. In the second part, he recounts the anatomy of his panic following the crime, while the walking camera reconstructs his escape route. A final caption reports what happened after that.",,Released,False,False,1981-01-01,21,0,0,0.0168,7.5,4,en,,tt3975422,/dVS7cFiDFbVcxgL0Zig6HJoOUZX.jpg,,"[{""id"": 53, ""name"": ""Thriller""}]",[],"[{""iso_3166_1"": ""GB"", ""name"": ""United Kingdom""}]","[{""english_name"": ""English"", ""iso_639_1"": ""en"", ""name"": ""English""}]","[""US"", ""GB""]",null
171672,Burning Folk: A Road Movie,Burning Folk: A Road Movie,"Three slackers from Grand Rapids drive across America in an old motorhome searching for a mysterious folk music festival in the desert.  Along the way, they encounter many obstacles including suspicious border patrol guards, alien abductions, bad haircuts, bad dreams, and bad directions.  Finding a music festival in the desert turns out to be more difficult and strange than they expected.",,Released,False,False,2012-08-01,110,30000,0,0.1526,0.0,0,en,http://www.BurningFolk.com,tt2290175,,,[],[],"[{""iso_3166_1"": ""US"", ""name"": ""United States of America""}]","[{""english_name"": ""English"", ""iso_639_1"": ""en"", ""name"": ""English""}]","[""US""]",null
171673,Pat Metheny Group - The Way Up (Live In Montreal),Pat Metheny Group - The Way Up (Live In Montreal),,,Released,False,False,2005-07-10,0,0,0,0.0381,4.0,5,it,,,/hKwuy5Qpy7FQ9nKrnTUU2gZiuFf.jpg,,[],[],[],[],"[""IT""]",null
171676,Moja Angelika,Moja Angelika,"Inspired by real events, the story of a young girl - a former prostitute - running away from her persecutors. She is accompanied by a boy in love with her, who is ready to do anything in the name of love. Even kill...",,Released,False,False,1999-11-18,0,0,0,0.1621,6.0,1,pl,,tt0230536,/uQ46pbphwleRMu6CwW6y9oonLAB.jpg,,"[{""id"": 28, ""name"": ""Action""}, {""id"": 18, ""name"": ""Drama""}]","[{""id"": 6480, ""logo_path"": ""/qJUUNzFYXNUDaisssBTV3Zdki9R.png"", ""name"": ""Telewizja Polska"", ""origin_country"": ""PL""}, {""id"": 37659, ""logo_path"": ""/zfouUSOEq718TbB9YqN9OylPtD7.png"", ""name"": ""HBO Polska"", ""origin_country"": ""PL""}]","[{""iso_3166_1"": ""PL"", ""name"": ""Poland""}]","[{""english_name"": ""Polish"", ""iso_639_1"": ""pl"", ""name"": ""Polski""}]","[""PL""]",null
171677,Burden of Life,人生のお荷物,"A middle-aged father has just married off his third daughter, but still has his nine year old son to raise whom he resents as he was unwanted.",,Released,False,False,1935-12-10,66,0,0,1.3793,6.4,7,ja,,tt0026549,/2jWTID2nYkqYzEqAYrrqSpb40C9.jpg,/xfhDBp1WbUqgYHTJXGSaYRCO5zg.jpg,"[{""id"": 18, ""name"": ""Drama""}]","[{""id"": 192, ""logo_path"": ""/93eAKlnQecDdMtucfOprzcjMw9V.png"", ""name"": ""Shochiku"", ""origin_country"": ""JP""}]","[{""iso_3166_1"": ""JP"", ""name"": ""Japan""}]","[{""english_name"": ""Japanese"", ""iso_639_1"": ""ja"", ""name"": ""\u65e5\u672c\u8a9e""}]","[""JP""]",null
171680,The Runaway Troupe of the Cartesian Theater,The Runaway Troupe of the Cartesian Theater,"A person of undefined gender and ethnicity is sent by a German cultural institution to a city in China, where s/he experiences a cruel conspiracy against her/his loved one.",,Released,False,False,2013-02-10,18,0,0,0.0658,0.0,0,en,http://pictures.spektakulativ.com/?p=424,tt2721584,/e9qJ15BiSiC0TvzCxVQNku1SnTH.jpg,,[],[],"[{""iso_3166_1"": ""DE"", ""name"": ""Germany""}, {""iso_3166_1"": ""CN"", ""name"": ""China""}]","[{""english_name"": ""English"", ""iso_639_1"": ""en"", ""name"": ""English""}]","[""CN"", ""DE""]",null
171682,7 Lives of Chance,7 Lives of Chance,"As Chance's high school reunion approaches, she must come face to face with the one fear that she has yet to accept. In this psychedelic comedy, a lone red balloon, dearly cherished from childhood, multiplies as it leads Chance on a journey of acknowledgement.",fluffy towels,Released,False,False,2013-02-28,106,0,0,0.08,0.0,0,en,,tt2355150,,,"[{""id"": 35, ""name"": ""Comedy""}, {""id"": 18, ""name"": ""Drama""}, {""id"": 10749, ""name"": ""Romance""}]",[],[],"[{""english_name"": ""English"", ""iso_639_1"": ""en"", ""name"": ""English""}]","[""US""]",null
171683,Glenn Gould: Hereafter,Glenn Gould: Au delà du temps,"A retrospective of the life and work of Glenn Gould, Hereafter synthesizes an incredible wealth of archival material from various sources.",,Released,False,False,2006-04-29,106,0,0,0.0943,8.0,2,en,,tt0847879,/gV2pcVLA2I7wpZhsCXECdimnrRC.jpg,/sYdidwnR6e9J76fuv5c58zI7p33.jpg,"[{""id"": 10402, ""name"": ""Music""}, {""id"": 99, ""name"": ""Documentary""}]","[{""id"": 2606, ""logo_path"": ""/2KJaKgKrsJE3JXpp2pf2TQpxomf.png"", ""name"": ""Id\u00e9ale Audience"", ""origin_country"": ""FR""}, {""id"": 164, ""logo_path"": ""/v3zcUepvKC7Vz36yjklk1rw6k8Q.png"", ""name"": ""Rhombus Media"", ""origin_country"": ""CA""}]","[{""iso_3166_1"": ""FR"", ""name"": ""France""}]","[{""english_name"": ""English"", ""iso_639_1"": ""en"", ""name"": ""English""}, {""english_name"": ""Russian"", ""iso_639_1"": ""ru"", ""name"": ""P\u0443\u0441\u0441\u043a\u0438\u0439""}]","[""US""]",null
171684,Gado Bravo,Gado Bravo,"A love triangle set in Lisbon between German singer Nina, bullfighter Garrido and local girl Branca.",,Released,False,False,1934-08-08,113,0,0,0.366,8.0,1,pt,,tt0025158,/hz1aIeTE5su4QmZizbIrAUBZP0l.jpg,,[],[],[],"[{""english_name"": ""German"", ""iso_639_1"": ""de"", ""name"": ""Deutsch""}, {""english_name"": ""Portuguese"", ""iso_639_1"": ""pt"", ""name"": ""Portugu\u00eas""}]","[""PT""]",null
171686,О нём,О нём,"As a Russian gangster and music producer, Dennis had it all, but everything unravels after his wife commits suicide. He funded his wife's music career with borrowed money from the mafia, but when they come to collect after her funeral, he cannot pay. After discovering unsent love letters written by his wife to a monk named Aleksis, Dennis flees to the countryside to escape the gangsters and set things straight. The problem is, Aleksis took a vow of silence at a monastery after his wife and daughter left him and doesn’t know his wife remarried. With the mafia breathing down their necks, Dennis is determined to tell Aleksis everything, and everyone involved faces hard choices and sacrifices for the ones they love.",,Released,False,False,2012-04-07,0,0,0,0.3778,0.0,0,ru,,,,,[],[],"[{""iso_3166_1"": ""RU"", ""name"": ""Russia""}]","[{""english_name"": ""Russian"", ""iso_639_1"": ""ru"", ""name"": ""P\u0443\u0441\u0441\u043a\u0438\u0439""}]","[""RU""]",null
171688,Aftermath,Aftermath,A dark comedy about one man's overreaction! Roma's (Anthony Michael Hall) perfect life unravels when his foreman goes missing and he chooses to fire the wrong guy.,,Released,False,False,2013-03-01,84,0,0,0.6814,4.8,12,en,,tt0490075,/s7WInfX0FzBcTH8EUMMJSnX1EZd.jpg,,"[{""id"": 53, ""name"": ""Thriller""}, {""id"": 80, ""name"": ""Crime""}]",[],"[{""iso_3166_1"": ""US"", ""name"": ""United States of America""}]","[{""english_name"": ""English"", ""iso_639_1"": ""en"", ""name"": ""English""}]","[""US""]",null
171689,Dienstreise - Was für eine Nacht,Dienstreise - Was für eine Nacht,"Tragicomic, the hero entangled in a strange, strange world. In addition, Armin Rohde rumbles in use for fun and hilarious commission through the scenery. Running gags make the film by Stephan Wagner to a as dense as it rapid foray into the night & the history of film.",,Released,False,False,2003-03-17,90,0,0,0.6653,3.0,1,de,,tt0303912,,,"[{""id"": 18, ""name"": ""Drama""}, {""id"": 10770, ""name"": ""TV Movie""}]","[{""id"": 74, ""logo_path"": null, ""name"": ""Moovie"", ""origin_country"": ""DE""}]","[{""iso_3166_1"": ""DE"", ""name"": ""Germany""}]","[{""english_name"": ""German"", ""iso_639_1"": ""de"", ""name"": ""Deutsch""}]","[""DE""]",null
171691,Agnus Dei,Agnus Dei,"Based on a true story, Agnus Dei is a kind of Oedipus of our days. Peter must find his way to redemption. But the past will make itself known and fate sparingly gives mercy. Can he save himself, or even be saved at all?",,Released,False,False,2012-09-28,111,0,0,0.2684,6.6,15,la,,tt2233951,/xt8sPRfw9J5byQ5K6TpAXAW4GEl.jpg,/axE50XBHoG4jUCd8CulXQwlqAMs.jpg,"[{""id"": 18, ""name"": ""Drama""}, {""id"": 10752, ""name"": ""War""}]","[{""id"": 93434, ""logo_path"": null, ""name"": ""AS Film"", ""origin_country"": ""XK""}]","[{""iso_3166_1"": ""XK"", ""name"": ""Kosovo""}]","[{""english_name"": ""Albanian"", ""iso_639_1"": ""sq"", ""name"": ""shqip""}]","[""XK""]",null
171694,Balkan Melody,Balkan Melodie,"What Swiss director Stefan Schweitert did for accordion music and for yodeling (Accordion Tribe, Cinequest, 2005; Echoes of Home, Cinequest 2008) he now does for traditional Balkan music. This wonderful film is also a love story – and a door into a world of musical wonders.",,Released,False,False,2012-08-03,92,0,0,0.0569,8.0,1,de,,tt2311290,/4stLQ6I0IPW71gTvgvCli1lP9tU.jpg,/4QAjOzH39JMtVspnVwGSSRNrsI6.jpg,"[{""id"": 99, ""name"": ""Documentary""}, {""id"": 36, ""name"": ""History""}, {""id"": 10402, ""name"": ""Music""}]","[{""id"": 15608, ""logo_path"": ""/qBRUElUQABd4zOqTKYPi1A2nQdQ.png"", ""name"": ""Agitprop"", ""origin_country"": ""BG""}, {""id"": 99199, ""logo_path"": null, ""name"": ""Bulgaria TV"", ""origin_country"": """"}, {""id"": 162, ""logo_path"": ""/pIK5tsFVxjoXTJGcd0nYhiL1kn1.png"", ""name"": ""BR"", ""origin_country"": ""DE""}, {""id"": 2083, ""logo_path"": null, ""name"": ""Maximage"", ""origin_country"": ""CH""}, {""id"": 16844, ""logo_path"": ""/wy2JQsrqBGhDBg8d57SGIrZtMAh.png"", ""name"": ""Zero One Film"", ""origin_country"": ""DE""}]","[{""iso_3166_1"": ""BG"", ""name"": ""Bulgaria""}, {""iso_3166_1"": ""DE"", ""name"": ""Germany""}, {""iso_3166_1"": ""RO"", ""name"": ""Romania""}, {""iso_3166_1"": ""CH"", ""name"": ""Switzerland""}]","[{""english_name"": ""French"", ""iso_639_1"": ""fr"", ""name"": ""Fran\u00e7ais""}]","[""BE"", ""DE"", ""CH""]",null
171696,Chapman,Chapman,"When a disturbing letter arrives at his nowhere job, Alex leaves his nowhere life and returns to the mountains of Colorado where he comes face to face with the demons that have haunted him for over a decade. Alex's journey takes him back in time to a summer twelve years earlier when the tragic consequences of a love triangle shattered the relationship with his best friend and changed the course of his life forever.",,Released,False,False,2013-03-07,104,0,0,0.7506,0.0,0,en,http://chapmanmovie.com/,tt2014191,/eVMpDSUIqQH7h1urqVoGmB6w8h4.jpg,,"[{""id"": 18, ""name"": ""Drama""}]",[],[],"[{""english_name"": ""English"", ""iso_639_1"": ""en"", ""name"": ""English""}]","[""US""]",null
171698,The Citizen,The Citizen,"Yearning to leave behind his life of misfortune in the Middle East, Ibrahim Jarrah wins the U.S. Green Card Lottery for a chance to become an American citizen. Ibrahim lands in New York City the day before 9/11…and the events of the September terrorist attacks forever shape the struggles he faces on his journey to capture the American dream.",,Released,False,False,2012-09-19,99,0,0,0.9263,6.4,23,en,,tt1942989,/HTAWH6ShCGsbAmzHVddkdched5.jpg,,"[{""id"": 18, ""name"": ""Drama""}]",[],"[{""iso_3166_1"": ""US"", ""name"": ""United States of America""}]","[{""english_name"": ""English"", ""iso_639_1"": ""en"", ""name"": ""English""}, {""english_name"": ""Arabic"", ""iso_639_1"": ""ar"", ""name"": ""\u0627\u0644\u0639\u0631\u0628\u064a\u0629""}]","[""US""]",null
171700,City Baby,City Baby,"Sexy. Style-conscious. Extreme love affairs. Complicated friendships. Life happens all too quickly when Cloey is reluctantly plucked from her comfort zone and complete reliance on others is overturned – a secure relationship with her boyfriend unravels, her childhood best friend is moving away and daddy’s (Daniel Baldwin) checkbook closes. City Baby comments on the ladder-climbing mentality of always reaching for the next bigger, better thing – relationship, city, job – when sometimes what's right in front of us is just fine. Scattered with cameos from Portland musicians like Stephen Malkmus of Pavement, live musical performances by Glass Candy and Starfucker, and a thoughtful soundtrack featuring all Portland bands and musicians, City Baby depicts a playground for semi-adults, revolving through the lives of cool kids.",,Released,False,False,2013-03-02,88,0,0,0.4746,4.9,5,en,,tt1858739,/dPZRcWmUjyX9ZjUinkvZb4mB2rA.jpg,,"[{""id"": 18, ""name"": ""Drama""}, {""id"": 35, ""name"": ""Comedy""}]",[],[],[],"[""US""]",null
171701,Congratulations!,Congratulations!,"When a young boy goes missing inside his own house, Detective Skok of the Missing Persons Unit  immediately recognizes the unusualness of the case and takes the opportunity to have his team move in with the family and become residents of the crime scene. What follows is an investigation that leaves no stone unturned, no family member un-interrogated – and no wall without an entire wallpaper made up of missing posters.",There's no such thing as a missing person – only missing information.,Released,False,False,2013-03-17,87,0,0,0.5609,0.0,0,en,,tt1977754,/dOiW0l63f9ZPboXkolCipYF6U3X.jpg,/5jqP0OK792fkyxGPmrGwgq6eiry.jpg,"[{""id"": 35, ""name"": ""Comedy""}, {""id"": 9648, ""name"": ""Mystery""}]","[{""id"": 116668, ""logo_path"": ""/3NM9JlHFeKbHpzVzP3GIEPlpga1.png"", ""name"": ""Fake Wood Wallpaper"", ""origin_country"": ""US""}, {""id"": 241075, ""logo_path"": ""/fuYVO5nCRfurJvlzbvGJlHqJeOK.png"", ""name"": ""The POPfilms Movie Company"", ""origin_country"": ""US""}]","[{""iso_3166_1"": ""US"", ""name"": ""United States of America""}]","[{""english_name"": ""English"", ""iso_639_1"": ""en"", ""name"": ""English""}]","[""US""]",null
171702,Renaud Garcia-Fons Trio Arcoluz,Renaud Garcia-Fons Trio: Arcoluz,"French bass virtuoso Renaud Garcia-Fons has grown into a living legend, both for his breathtaking technique and his talent as a composer. A dazzling performer on five strings, he uses his instrument's entire range, dominating the music and making the bowed double bass sound more like a cello or a violin.",Renaud Garcia-Fons Trio Arcoluz,Released,False,False,2006-01-27,62,0,0,0.0071,6.5,1,xx,,,/awYqUuQfCV61bgWMgM45daakuF0.jpg,,"[{""id"": 10402, ""name"": ""Music""}]",[],[],[],"[""DE""]",null
171703,Gore Whore,Gore Whore,"When a lab assistant steals an important formula and all its documentation from Dr. Whitman, he hires a bottom-of-the-barrel private eye, Chase Barr, to locate it. When Barr digs deeper into the case he finds the lab assistant is actually a dead sex worker named Dawn and the ""formula"" is a reanimation agent that, with the consumption of human blood, is keeping her alive.","With this girl, there's no such thing as safe sex!",Released,False,False,1994-01-01,72,0,0,0.1235,2.9,7,en,,tt0109924,/5A5iDt1VDF5GZAl9PBvK9HwwHo9.jpg,/zXxQmjmYvrALkeh2tlx8QCgLtR9.jpg,"[{""id"": 27, ""name"": ""Horror""}]","[{""id"": 68039, ""logo_path"": null, ""name"": ""Ill-Tex Productions"", ""origin_country"": """"}]","[{""iso_3166_1"": ""US"", ""name"": ""United States of America""}]",[],"[""US""]",null
171704,Troublesome Night,陰陽路,Tales of the supernatural include encounters with ghosts and a man's communication with his dead wife.,,Released,False,False,1997-05-10,98,0,0,2.7122,5.2,16,cn,,tt0286322,/li2y00YSJY8RhIj4Erby2mj583S.jpg,/8D4lc9Zadb24VDh1kJAReAtRRWC.jpg,"[{""id"": 35, ""name"": ""Comedy""}, {""id"": 27, ""name"": ""Horror""}]","[{""id"": 78470, ""logo_path"": null, ""name"": ""CBE Colour Business Entertainment Ltd."", ""origin_country"": """"}]","[{""iso_3166_1"": ""HK"", ""name"": ""Hong Kong""}]","[{""english_name"": ""Cantonese"", ""iso_639_1"": ""cn"", ""name"": ""\u5e7f\u5dde\u8bdd / \u5ee3\u5dde\u8a71""}]","[""HK""]","{""id"": 403643, ""name"": ""Troublesome Night Collection"", ""poster_path"": ""/bPTx3TP4UJTHQfcLx4qIub9LXmi.jpg"", ""backdrop_path"": ""/n3a7zF5GuxM2X8oPF6pKXqYS6ER.jpg""}"
171706,Detonator,Detonator,"From rocker to family man, this captivating debut reveals the strife we face when it’s time to grow up. The rhythm of Sully’s (Lawrence Levine, Gabi on the Roof In July) life drastically changes when he abandons Philadelphia’s gritty punk rock scene for suburban simplicity. Now, in a dull office job, Sully must support his family, while the lifestyle he had lead is tough to let go. Nostalgia puts him in a paralyzing daze of somber apathy, prompting his exasperated wife to beg him to focus on the present. When his reckless ex-bandmate arrives unexpectedly and drags Sully on a nightlong scheme, pulling him back into his old ways, Sully must decide what to sacrifice. The familiarity livens his soul and awakens his emotions, but when the safety of his family becomes endangered will Sully be able to decide what matters to him most?",,Released,False,False,2013-03-02,95,0,0,0.24,0.0,0,en,http://www.detonatormovie.com/,tt2004205,,,[],[],"[{""iso_3166_1"": ""US"", ""name"": ""United States of America""}]","[{""english_name"": ""English"", ""iso_639_1"": ""en"", ""name"": ""English""}]","[""US""]",null
171709,Dreamer,Dreamer,"Jesse Salmeron’s Dreamer opens a window into the reality of many who, because of one insurmountable obstacle, find it impossible to achieve their dreams. And by transcending racial lines, Joe’s story illuminates the immigration debate for what it is: a tragedy that affects all Americans.",,Released,False,False,2013-03-02,84,0,0,0.4108,3.0,2,en,,tt2379805,/eLBxgBa2KVEocPCE9nUS7APh3Y6.jpg,,"[{""id"": 18, ""name"": ""Drama""}]",[],[],"[{""english_name"": ""English"", ""iso_639_1"": ""en"", ""name"": ""English""}]","[""US""]",null
171711,Louis Theroux: Louis and the Nazis,Louis Theroux: Louis and the Nazis,"Louis Theroux travels to California to meet the man dubbed ""the most dangerous racist in America""; Tom Metzger. Louis meets him, his family and his publicity manager as well as following him to skinhead rallies and on a visit to Mexico.",,Released,False,False,2003-12-21,80,0,0,0.36,7.2,44,en,http://www.bbc.co.uk/programmes/p02q8d5v,tt0395644,/oAVIoWdYmDxYIaD1qH5LbPf3WIw.jpg,/y1wd7YlAmYVnS45x2kK9ryydixM.jpg,"[{""id"": 99, ""name"": ""Documentary""}, {""id"": 10770, ""name"": ""TV Movie""}]","[{""id"": 3324, ""logo_path"": ""/dqT3yOTlfJRmtvk52Ccd1O6dZ0A.png"", ""name"": ""BBC"", ""origin_country"": ""GB""}]","[{""iso_3166_1"": ""GB"", ""name"": ""United Kingdom""}]","[{""english_name"": ""English"", ""iso_639_1"": ""en"", ""name"": ""English""}]","[""GB""]",null
171713,Killing Strangers,Matar extraños,"A series of auditions is taking place in a museum-like living room. Various men improvise or deliver prepared lines, rehearse gestures and slogans, aim guns, and collapse as if mortally wounded. The theme of revolution is repeatedly invoked. In between, there are scenes of a desert landscape. Three men seeking to join the Mexican Revolution at the beginning of the last century have lost their way. Conflicts smolder among them, water is running low, and mutual mistrust is beginning to take hold. Placing the reenactment of a possible historical event alongside the preparations for it serves to underline the theatricality of every cinematic account of history. Moreover, on a kind of playful meta-meta-level, the scenes in which the actors feel their way through set pieces from a Beatles song or standard battle slogans allow the viewer to witness the simultaneous construction and deconstruction of a collective myth of revolution.",,Released,False,False,2013-02-23,63,0,0,0.2446,5.2,5,es,,tt2679578,/oc1D0HqBgS8g0uUe50rTCuW1pVB.jpg,,"[{""id"": 18, ""name"": ""Drama""}]","[{""id"": 11214, ""logo_path"": ""/5sra0GxCyKDxaV8ne84Fe5mlNfK.png"", ""name"": ""Interior13 Cine"", ""origin_country"": ""MX""}]","[{""iso_3166_1"": ""MX"", ""name"": ""Mexico""}, {""iso_3166_1"": ""DK"", ""name"": ""Denmark""}]","[{""english_name"": ""Spanish"", ""iso_639_1"": ""es"", ""name"": ""Espa\u00f1ol""}]","[""DK"", ""MX""]",null
171714,Family Meals,Nije ti život pjesma Havaja,"Do you remember the last time you've talked to your parents? What did you talk about? Have you gone step further from weather forecast and daily politics? Five years after last gathering, a birthday celebration brings together an ordinary four member family. They start questioning what made them turn away from each other... Can having a conversation about buried family secrets help them eat without cramps in the stomach in the future? Can a failed birthday cake help them overcome the past? Through the ritual of family meals, the film tells how important is for us to feel accepted by our loved ones.",,Released,False,False,2011-07-22,50,0,0,0.0,6.0,1,hr,,tt2273227,/obhVH6FQdhzsuWMaQ59h9aBWkUR.jpg,,"[{""id"": 99, ""name"": ""Documentary""}]","[{""id"": 83812, ""logo_path"": ""/dh8H0tuq6nTJVgj6N7OSKRQbo4J.png"", ""name"": ""Hulahop"", ""origin_country"": ""HR""}]","[{""iso_3166_1"": ""HR"", ""name"": ""Croatia""}]","[{""english_name"": ""Croatian"", ""iso_639_1"": ""hr"", ""name"": ""Hrvatski""}]","[""HR""]",null
171716,Feed Me with Your Words,Nahrani me z besedami,"In order to perfect his research, Robert travels to Italy, where he meets an unusual homeless man. Overwhelmed and confused by the unexpected encounter with that mysterious man, Robert begins to follow him and disappears without a trace...",,Released,False,False,2012-09-28,88,0,0,0.1289,4.6,9,sl,http://feedme-movie.com/,tt1570972,/gW59Z4kGU9sLwPDkBwYmPz0ujuu.jpg,/7m3su857Ws4drxkBWkUl3ek2Tah.jpg,"[{""id"": 18, ""name"": ""Drama""}]","[{""id"": 25114, ""logo_path"": null, ""name"": ""Studio Dim"", ""origin_country"": ""HR""}, {""id"": 44451, ""logo_path"": ""/u2UB1terN70KgFofITHCNZs3ZYd.png"", ""name"": ""Bela Film"", ""origin_country"": ""SI""}]","[{""iso_3166_1"": ""HU"", ""name"": ""Hungary""}, {""iso_3166_1"": ""SI"", ""name"": ""Slovenia""}]","[{""english_name"": ""Italian"", ""iso_639_1"": ""it"", ""name"": ""Italiano""}, {""english_name"": ""Slovenian"", ""iso_639_1"": ""sl"", ""name"": ""Sloven\u0161\u010dina""}]","[""SI""]",null
171717,Goldfish Go Home,茜色の約束　サンバｄｏ金魚,"A combination of fantasy and comedy, director Shohei Shiozaki’s debut film is a youthful tale portraying the importance of friendship through the struggles of an immigrant family, while offering a beautiful celebration of Japanese culture.",,Released,False,False,2012-02-25,98,0,0,0.4708,0.0,0,ja,,tt2056508,/l6i6q3LDuoe2zztIwiwW3eFMcoZ.jpg,,"[{""id"": 18, ""name"": ""Drama""}, {""id"": 14, ""name"": ""Fantasy""}]",[],"[{""iso_3166_1"": ""JP"", ""name"": ""Japan""}]","[{""english_name"": ""Japanese"", ""iso_639_1"": ""ja"", ""name"": ""\u65e5\u672c\u8a9e""}]","[""JP""]",null
171719,I Am a Director,I Am a Director,"After spending 5 years in Hollywood, California, Carlos has go back to his home in Puerto Rico to make his first feature film.",,Released,False,False,2013-05-09,86,0,0,0.3818,0.0,0,es,https://iamadirectorthemovie.com,tt2207144,/ljjUX10ARlWw9RJPDX1K7aS0Fl6.jpg,,"[{""id"": 18, ""name"": ""Drama""}, {""id"": 35, ""name"": ""Comedy""}]","[{""id"": 76078, ""logo_path"": ""/3CSJg0dmeDBLpFVQTnWaEpN5DHN.png"", ""name"": ""Spanglish Films"", ""origin_country"": ""PR""}]","[{""iso_3166_1"": ""PR"", ""name"": ""Puerto Rico""}]","[{""english_name"": ""English"", ""iso_639_1"": ""en"", ""name"": ""English""}, {""english_name"": ""Spanish"", ""iso_639_1"": ""es"", ""name"": ""Espa\u00f1ol""}]","[""ES""]",null
171720,Idomeneo,Idomeneo,"This is a recorded live performance (September 24, 2011) of Mozart's opera Idomeneo presented by Opera San Jose and The Packard Humanities Institute in the California Theatre.",,Released,False,False,,180,0,0,0.0,0.0,0,en,,,,,[],[],[],[],"[""US""]",null
171721,La Camioneta: The Journey of One American School Bus,La Camioneta: The Journey of One American School Bus,"Every day dozens of decommissioned school buses leave the United States on a southward migration that carries them to Guatemala, where they are repaired, repainted, and resurrected as the brightly-colored camionetas that bring the vast majority of Guatemalans to work each day. Since 2006, nearly 1,000 camioneta drivers and fare-collectors have been murdered for either refusing or being unable to pay the extortion money demanded by local Guatemalan gangs. LA CAMIONETA follows one such bus on its transformative journey: a journey between North and South, between life and death, and through an unfolding collection of moments, people, and places that serve to quietly remind us of the interconnected worlds in which we live.",,Released,False,False,2013-05-31,72,0,0,0.3016,5.8,4,en,http://www.lacamionetafilm.com,tt2040398,/g7ED1cvLALsIjeWWaCFlKmDXOzE.jpg,,"[{""id"": 99, ""name"": ""Documentary""}]","[{""id"": 236095, ""logo_path"": null, ""name"": ""Follow Your Nose Films"", ""origin_country"": """"}, {""id"": 182211, ""logo_path"": ""/6zVMl6pJen39xyK0qd5PWtlV4Xm.png"", ""name"": ""Ek Balam Producciones"", ""origin_country"": ""GT""}]","[{""iso_3166_1"": ""US"", ""name"": ""United States of America""}, {""iso_3166_1"": ""GT"", ""name"": ""Guatemala""}]","[{""english_name"": ""Spanish"", ""iso_639_1"": ""es"", ""name"": ""Espa\u00f1ol""}, {""english_name"": ""English"", ""iso_639_1"": ""en"", ""name"": ""English""}]","[""US""]",null
171727,Leave of Absence,Leave of Absence,"After an uninspired waiter receives a one-month medical leave of absence, his girlfriend gives him those thirty days to figure out his life.",,Released,False,False,2013-03-01,71,0,0,0.115,0.0,0,en,,tt2371044,/q6K6vQHnTSH28GFB28JVJCpQM1w.jpg,,[],[],[],[],"[""US""]",null
171729,Lonely Boy,Lonely Boy,"While seeking answers to a past he cannot remember, a schizophrenic must find the strength to control his mental illness as he tries to build relationships with those he pushed away. Winner of multiple festival awards.",Don't let the green grass fool you.,Released,False,False,2013-03-02,125,0,0,1.1175,4.6,5,en,,tt2231367,/zyWEMfareAm2DyakEASthmDvUa8.jpg,,"[{""id"": 35, ""name"": ""Comedy""}, {""id"": 18, ""name"": ""Drama""}]","[{""id"": 65417, ""logo_path"": null, ""name"": ""Exit 43 Productions"", ""origin_country"": """"}]","[{""iso_3166_1"": ""US"", ""name"": ""United States of America""}]","[{""english_name"": ""English"", ""iso_639_1"": ""en"", ""name"": ""English""}]","[""US""]",null
171731,Made in China,Made in China,"For his 50th birthday Marcos only receives an invitation to the wedding of the only woman he loved; 30 years ago. With the chinese mafia after his restaurant and the shattered dream of becoming a writer, Marcos decides to go to the wedding. Fernando, the irresponsible delivery guy joins Marcos in this cross-country adventure. Will they make it ti the wedding on time?",,Released,False,False,2012-03-07,91,0,0,0.116,5.3,3,es,,tt2244891,/wqtHkV8PdrTrnNBGQUlPKgT7K89.jpg,,"[{""id"": 12, ""name"": ""Adventure""}, {""id"": 35, ""name"": ""Comedy""}, {""id"": 18, ""name"": ""Drama""}]",[],[],"[{""english_name"": ""Spanish"", ""iso_639_1"": ""es"", ""name"": ""Espa\u00f1ol""}]","[""ES""]",null
171734,The Burning Body,O Corpo Ardente,Márcia discovers that her husband is having an affair and decides to take a trip out into an isolated part of Brazil with little human contact. There she finds a black stallion roaming the fields.,,Released,False,False,1966-07-22,85,0,0,0.373,6.1,6,pt,,tt0140917,/aej28z7HmOSulzJnLr0bvy8dsRF.jpg,/93k14QoQ5RmjCf4LuSwFk1JYrSB.jpg,"[{""id"": 18, ""name"": ""Drama""}]","[{""id"": 1731, ""logo_path"": null, ""name"": ""Companhia Cinematogr\u00e1fica Vera Cruz"", ""origin_country"": ""BR""}]","[{""iso_3166_1"": ""BR"", ""name"": ""Brazil""}]","[{""english_name"": ""Portuguese"", ""iso_639_1"": ""pt"", ""name"": ""Portugu\u00eas""}]","[""BR""]",null
171737,Old Stock,Old Stock,"After two years hiding out in his Grandfather's retirement residence, Stock Burton is forced back into his small town where he must come to terms with the troubled past that led to his early retirement.",,Released,False,False,2013-04-20,85,0,0,0.3407,5.7,5,en,,tt2112219,/bpXaRFBySadKFdfV9X3n9bWVvAh.jpg,/xorwdWTGWywnVrmvwuKxuGSGo85.jpg,"[{""id"": 35, ""name"": ""Comedy""}, {""id"": 18, ""name"": ""Drama""}]","[{""id"": 14185, ""logo_path"": ""/bjwHArtlcoC9WvlT1vM66ad2ij2.png"", ""name"": ""Canadian Film Centre (CFC)"", ""origin_country"": ""CA""}, {""id"": 14186, ""logo_path"": null, ""name"": ""Geordie Sabbagh Productions"", ""origin_country"": ""CA""}, {""id"": 14187, ""logo_path"": null, ""name"": ""Pinewood Toronto Studios"", ""origin_country"": """"}]","[{""iso_3166_1"": ""CA"", ""name"": ""Canada""}]","[{""english_name"": ""English"", ""iso_639_1"": ""en"", ""name"": ""English""}]","[""US"", ""CA""]",null
171738,Only Daughter,Only Daughter,"Raised by a single mother in a rural New Hampshire town, 18-year-old Dawn Cowley sets out to find the father she has never known and discovers the devastating secret that had torn her family apart.",,Released,False,False,2013-03-02,0,0,0,0.0983,0.0,0,en,http://onlydaughterfilm.com/,tt2383616,,,[],[],[],"[{""english_name"": ""English"", ""iso_639_1"": ""en"", ""name"": ""English""}]","[""US""]",null
171741,The Only Real Game,The Only Real Game,"The story about the magic of baseball for people in a troubled place. The tiny state of Manipur, in strife torn northeast India defies civil war, drugs and gun traffic through love of baseball. It is a far away story that brings us to the heart of the Great American Game.",,Released,False,False,2013-05-01,83,0,0,0.0689,5.8,4,en,,tt2547632,,,[],[],[],[],"[""US""]",null
171742,Panihida,Panihida,"In a small village in the Republic of Moldavia, an old woman dies, leaving her son Petru and her granddaughter Anisoara behind. According to their tradition, the whole village mourns and bids farewell. After the death watch during a stormy night they make their way to the cemetary. The old men carry the heavy coffin over stony paths up to the sacred hill. The sun is high and the way seems endless, but against the thirst there is wine and against the grief there is singing. So in this landscape of paradisal beauty, joy mixes with sorrow and in the end, life stands above death",,Released,False,False,2012-11-16,60,0,0,0.0393,7.8,4,ro,,tt2076913,/v4yZ43CnI1L0dgexuRtvWdAIV2o.jpg,/uyvt6Bh5Ytk8640lwC5zgB5wB0U.jpg,"[{""id"": 18, ""name"": ""Drama""}]",[],"[{""iso_3166_1"": ""MD"", ""name"": ""Moldova""}]","[{""english_name"": ""Romanian"", ""iso_639_1"": ""ro"", ""name"": ""Rom\u00e2n\u0103""}]","[""RO""]",null
171743,Animated Hero Classics: Pocahontas,Animated Hero Classics: Pocahontas,"Except for the courage of Pocahontas, the English settlers at Jamestown in the early 17th century would have died from starvation and exposure. Her brave intervention saved the settlers’ lives and brought peace between two very different peoples. History comes alive as you meet an inquisitive girl who grows into a great ambassador for peace.",,Released,False,True,1994-12-18,25,0,0,0.1569,0.0,0,en,https://www.livingscriptures.com/pocahontas/,tt0956219,/6QkfLKVOiSDZSHPIrmLQFb44sgQ.jpg,,[],"[{""id"": 4107, ""logo_path"": ""/nV1eu9bqF38PufXbth8BrVltXWR.png"", ""name"": ""NEST Family Entertainment"", ""origin_country"": ""US""}]","[{""iso_3166_1"": ""US"", ""name"": ""United States of America""}]","[{""english_name"": ""English"", ""iso_639_1"": ""en"", ""name"": ""English""}]","[""US""]",null
171744,Bartholomew Versus the Wheel,Bartholomew Versus the Wheel,"The story of Bartholomew, a dog who hates wheels, as he grows from a puppy to a very large dog.",,Released,False,False,1964-02-29,6,0,0,0.2673,4.9,10,en,,tt0057873,/u2ow38nDdajPIihuXKS6feTn5S6.jpg,/wuz3PNyDR6IQn3xpS6gwl2vYXiv.jpg,"[{""id"": 16, ""name"": ""Animation""}, {""id"": 35, ""name"": ""Comedy""}]","[{""id"": 174, ""logo_path"": ""/zhD3hhtKB5qyv7ZeL4uLpNxgMVU.png"", ""name"": ""Warner Bros. Pictures"", ""origin_country"": ""US""}, {""id"": 8298, ""logo_path"": ""/r6cuEYq7DqrHCNVa7vSanTS0cuw.png"", ""name"": ""Warner Bros. Cartoons"", ""origin_country"": ""US""}]","[{""iso_3166_1"": ""US"", ""name"": ""United States of America""}]","[{""english_name"": ""English"", ""iso_639_1"": ""en"", ""name"": ""English""}]","[""US""]",null
171745,Animated Hero Classics: Abraham Lincoln,Animated Hero Classics: Abraham Lincoln,"Over a century ago, only one man stood in the way of the disintegration of the United States of America—and he was a gangly, storytelling country lawyer from Illinois with no political experience at the national level. And yet by the sheer force of his will and his uncompromising stand on critical issues, Abraham Lincoln not only saved the nation but carved out an immortal place in world history.",,Released,False,True,1993-12-16,28,0,0,0.3687,0.0,0,en,https://www.livingscriptures.com/lincoln/,tt0956087,/lHlCwhVlti43vAoJQgH11FXNO4r.jpg,/qYrj8UCBWdg3cR5vOOMkANPs7Ti.jpg,"[{""id"": 16, ""name"": ""Animation""}]","[{""id"": 4107, ""logo_path"": ""/nV1eu9bqF38PufXbth8BrVltXWR.png"", ""name"": ""NEST Family Entertainment"", ""origin_country"": ""US""}]","[{""iso_3166_1"": ""US"", ""name"": ""United States of America""}]","[{""english_name"": ""English"", ""iso_639_1"": ""en"", ""name"": ""English""}]","[""US""]",null
171746,Animated Hero Classics: Helen Keller,Animated Hero Classics: Helen Keller,"Helen Keller (June 27, 1880-June 1, 1968) was an American author, activist, and lecturer. Born in Alabama to Captain Arthur H. Keller, a former officer of the Confederate Army and Kate Adams Keller, second cousin of Robert E. Lee, Helen came down with an illness that left her deaf and blind at the age of only nineteen months.","Teach generosity, discipline, and triumph with this 30-minute animated educational DVD about Helen Keller and her teacher, Anne Sullivan.",Released,False,True,1996-06-01,30,0,0,0.0555,0.0,0,en,,,/RR1PFYBHx4uK3GBq8pJnjN225p.jpg,/cC5CJ1fpLtKW4gFn0NdIKaSa8KC.jpg,[],"[{""id"": 4107, ""logo_path"": ""/nV1eu9bqF38PufXbth8BrVltXWR.png"", ""name"": ""NEST Family Entertainment"", ""origin_country"": ""US""}]","[{""iso_3166_1"": ""US"", ""name"": ""United States of America""}]",[],"[""US""]",null
171747,The Playback Singer,The Playback Singer,"The story of an aimless, would-be, jungle-gym architect who finds his existence disrupted - and his marriage upended - when his prickly, Indian, B-movie playback singer father-in-law comes to visit and overstays his welcome",,Released,False,False,2013-03-01,90,0,0,0.437,0.0,0,en,http://www.theplaybacksinger.com,tt2040562,,,[],[],"[{""iso_3166_1"": ""US"", ""name"": ""United States of America""}]","[{""english_name"": ""English"", ""iso_639_1"": ""en"", ""name"": ""English""}]","[""US""]",null
171749,Yellow Crow,黄色いからす,"Ichiro Yoshida, the father of the boy Kiyoshi, who has been repatriated from China, returns home after a ten-year separation. The father, who has been estranged from his son for many years, pays no attention to the boy, often punishes him unfairly, and gives all his tenderness to his little daughter, who was born after his return. The boy sees all the injustice of his father and, offended, leaves home. The father realized that he was wrong, that he was guilty before his son. The mother finds the boy and brings him home. The father and the son become friends from that day on.",,Released,False,False,1957-02-27,104,0,0,1.5892,6.2,6,ja,,tt0050591,/eSRj2j5Sj7ASHJuY5UZniqISL9B.jpg,/eWshWyyhgmF6gCyES1xVMpjarIz.jpg,"[{""id"": 18, ""name"": ""Drama""}]","[{""id"": 84779, ""logo_path"": null, ""name"": ""Kabuki-za"", ""origin_country"": ""JP""}, {""id"": 192, ""logo_path"": ""/93eAKlnQecDdMtucfOprzcjMw9V.png"", ""name"": ""Shochiku"", ""origin_country"": ""JP""}]","[{""iso_3166_1"": ""JP"", ""name"": ""Japan""}]","[{""english_name"": ""Japanese"", ""iso_639_1"": ""ja"", ""name"": ""\u65e5\u672c\u8a9e""}]","[""JP""]",null
171750,Animated Hero Classics: Thomas Edison,Animated Hero Classics: Thomas Edison,"Thomas Edison opens up the laboratory of America’s most celebrated inventor and invites you to explore its secrets. Sprinkled with humor and packed with little-known details about the search for a working electric light bulb, this story will help you see for yourself why Edison quipped, “Genius is about one percent inspiration and ninety-nine percent perspiration.”",,Released,False,True,1993-12-16,24,0,0,0.4488,0.0,0,en,https://www.livingscriptures.com/edison/,tt0956251,/eTX34AQFwpRZpd1LCcIjfrc45hy.jpg,/1FIQiTzarmPxUzox54XSLheF9YR.jpg,"[{""id"": 16, ""name"": ""Animation""}, {""id"": 36, ""name"": ""History""}, {""id"": 10751, ""name"": ""Family""}]","[{""id"": 4107, ""logo_path"": ""/nV1eu9bqF38PufXbth8BrVltXWR.png"", ""name"": ""NEST Family Entertainment"", ""origin_country"": ""US""}]","[{""iso_3166_1"": ""US"", ""name"": ""United States of America""}]","[{""english_name"": ""English"", ""iso_639_1"": ""en"", ""name"": ""English""}]","[""US""]",null
171751,The Bashful Buzzard,The Bashful Buzzard,"Beaky Buzzard, the shyest, dopiest young buzzard in his family, is sent out to catch something to eat.",,Released,False,False,1945-09-13,7,0,0,0.3366,6.8,18,en,,tt0037528,/pVBmCeIBqMwkRyzZLllmsW5dUzs.jpg,/aUvmrd4k7iLW46r8r0hBE7cInjm.jpg,"[{""id"": 16, ""name"": ""Animation""}, {""id"": 35, ""name"": ""Comedy""}]","[{""id"": 174, ""logo_path"": ""/zhD3hhtKB5qyv7ZeL4uLpNxgMVU.png"", ""name"": ""Warner Bros. Pictures"", ""origin_country"": ""US""}, {""id"": 8298, ""logo_path"": ""/r6cuEYq7DqrHCNVa7vSanTS0cuw.png"", ""name"": ""Warner Bros. Cartoons"", ""origin_country"": ""US""}]","[{""iso_3166_1"": ""US"", ""name"": ""United States of America""}]","[{""english_name"": ""English"", ""iso_639_1"": ""en"", ""name"": ""English""}, {""english_name"": ""French"", ""iso_639_1"": ""fr"", ""name"": ""Fran\u00e7ais""}]","[""US""]",null
171752,Animated Hero Classics: William Bradford,Animated Hero Classics: William Bradford,"William Bradford (March 19, 1590-May 9, 1657) was born in Yorkshire, England and was a committed member of the ""Separatist"" church. He and his fist wife, Dorothy May, sailed to America with the Pilgrims aboard the Mayflower to escape religious persecution.","Teach leadership, sharing, and gratitude with this 30-minute animated educational DVD about William Bradford, ""The Father of Thanksgiving.""",Released,False,True,2007-12-16,30,0,0,0.0,0.0,0,en,,,/rVESkSjEnWIFyxEHILlq1xY51mR.jpg,,[],"[{""id"": 4107, ""logo_path"": ""/nV1eu9bqF38PufXbth8BrVltXWR.png"", ""name"": ""NEST Family Entertainment"", ""origin_country"": ""US""}]","[{""iso_3166_1"": ""US"", ""name"": ""United States of America""}]",[],"[""US""]",null
171753,The Pretty Time Bomb,The Pretty Time Bomb,"Teru, the world's most useless detective, meets with a mysterious young girl called Kurara, who has an extraordinary talent for getting involved in accidents and incidents. Not to mention, her ex-boyfriend has implanted a bomb in her stomach... When Kurara leaves her bracelet behind, Teru thoughtlessly puts it on. Suddenly, Teru hears a wedding march play, to warn him of an impending explosion. Turns out the bracelet was a pair bomb to go with the bomb in Kurara's stomach. When the song plays, it's 1 minute until the bomb explodes. If Kurara and Teru stay apart from each other for any longer than 30 minutes, both bombs will explod",,Released,False,False,,77,0,0,0.0,0.0,0,en,,tt2435522,,,"[{""id"": 35, ""name"": ""Comedy""}, {""id"": 18, ""name"": ""Drama""}]",[],"[{""iso_3166_1"": ""JP"", ""name"": ""Japan""}]",[],"[""US""]",null
171754,Animated Hero Classics: Benjamin Franklin,Animated Hero Classics: Benjamin Franklin,"As Ben Franklin watched the lightning in Philadelphia’s night sky, he came up with a brilliant discovery—one that would change the world forever. Now, through this remarkable story, you can join this remarkable scientist, inventor and statesman as he rewrites human history because of his experiments with electricity.",,Released,False,True,1993-01-01,30,0,0,0.1435,0.0,0,en,https://www.livingscriptures.com/franklin/,,/nTJj4oTCm58B9NngIfqHh0N9HNg.jpg,,"[{""id"": 10751, ""name"": ""Family""}, {""id"": 36, ""name"": ""History""}, {""id"": 16, ""name"": ""Animation""}]","[{""id"": 4107, ""logo_path"": ""/nV1eu9bqF38PufXbth8BrVltXWR.png"", ""name"": ""NEST Family Entertainment"", ""origin_country"": ""US""}]","[{""iso_3166_1"": ""US"", ""name"": ""United States of America""}]","[{""english_name"": ""English"", ""iso_639_1"": ""en"", ""name"": ""English""}]","[""US""]",null
171755,Genius on Hold,Genius on Hold,"The story of Walter L. Shaw, a telecommunications genius, and his son Walter T. Shaw, a ruthless jewel thief, is a metaphor and a symbol for its time - for the twentieth century and for today.",Can you hear me now?,Released,False,False,2013-03-01,91,0,0,0.2237,7.5,6,en,http://www.geniusonholdmovie.com/,tt1806910,/yOqNFb0ila68mDwbiToZMP7B2Ms.jpg,,"[{""id"": 99, ""name"": ""Documentary""}]",[],"[{""iso_3166_1"": ""US"", ""name"": ""United States of America""}]","[{""english_name"": ""English"", ""iso_639_1"": ""en"", ""name"": ""English""}]","[""US""]",null
171756,The Racket Boys,The Racket Boys,"The Racket Boys is a modern comedy about two men and a woman driving from Los Angeles to San Francisco for individual reasons, but the same goal -- finding happiness and a reason for it all. A simple story of friends on the road, searching for meaning in an indifferent existence",,Released,False,False,2013-01-28,85,5000,0,0.2396,5.2,2,en,,tt2091987,,,"[{""id"": 35, ""name"": ""Comedy""}, {""id"": 18, ""name"": ""Drama""}]",[],"[{""iso_3166_1"": ""US"", ""name"": ""United States of America""}]","[{""english_name"": ""English"", ""iso_639_1"": ""en"", ""name"": ""English""}]","[""US""]",null
171757,Animated Hero Classics: Leonardo da Vinci,Animated Hero Classics: Leonardo da Vinci,"Leonardo di ser Piero da Vinci (April 15, 1452-May 2, 1519) was an Italian scientist, mathematician, engineer, inventor, anatomist, painter, sculptor, musician, and writer. Although revered as one of the greatest painters of all time, da Vinci also excelled in the field of engineering, conceptually inventing a helicopter, a tank, a calculator, the use of concentrated solar power, an elementary theory of plate tectonics, the double hull, and much more!",,Released,False,True,1996-06-01,30,0,0,0.1186,0.0,0,en,,tt0956176,/cTALaqFxZ8qFagepV3BBBkTJoU5.jpg,,[],"[{""id"": 4107, ""logo_path"": ""/nV1eu9bqF38PufXbth8BrVltXWR.png"", ""name"": ""NEST Family Entertainment"", ""origin_country"": ""US""}]","[{""iso_3166_1"": ""US"", ""name"": ""United States of America""}]",[],"[""US""]",null
171758,Animated Hero Classics: Alexander Graham Bell,Animated Hero Classics: Alexander Graham Bell,"Alexander Graham Bell (March 3, 1847-August 2, 1922) was a scientist, inventor, and innovator. Perhaps due to his family's association with the teaching of elocution-the study of formal speaking in pronunciation, grammar, style, and tone-Alexander Graham Bell had an infatuation with acoustics, the study of sound.",,Released,False,True,2007-12-16,30,0,0,0.071,0.0,0,en,,,/j6wtC0naDQUROwfk3Qq0DuB2wQF.jpg,,[],"[{""id"": 4107, ""logo_path"": ""/nV1eu9bqF38PufXbth8BrVltXWR.png"", ""name"": ""NEST Family Entertainment"", ""origin_country"": ""US""}]","[{""iso_3166_1"": ""US"", ""name"": ""United States of America""}]",[],"[""US""]",null
171759,The Lost Medallion: The Adventures of Billy Stone,The Lost Medallion: The Adventures of Billy Stone,A man who stops into a foster home to drop off some donations soon tells the kids a story about two teenage friends who uncover a long-lost medallion that transports them back in time.,Finding it is only the beginning.,Released,False,False,2013-03-01,97,0,0,1.0324,5.5,49,en,http://thelostmedallion.com,tt1390539,/tDPwBwGAERB4B1yQjR0xwTWwbFQ.jpg,/xOKn0Cv3b9bi7N9L8hMX1ayzOVg.jpg,"[{""id"": 12, ""name"": ""Adventure""}, {""id"": 10751, ""name"": ""Family""}]","[{""id"": 72408, ""logo_path"": null, ""name"": ""Kaos Entertainment"", ""origin_country"": """"}]","[{""iso_3166_1"": ""US"", ""name"": ""United States of America""}]","[{""english_name"": ""German"", ""iso_639_1"": ""de"", ""name"": ""Deutsch""}, {""english_name"": ""English"", ""iso_639_1"": ""en"", ""name"": ""English""}]","[""US""]",null
171761,White T,White T,"Rapping twins Herbert (Jerod Mixon) and Henry (Jamal Mixon) get a shot at stardom when they purchase a prize-winning T-shirt that lands them a chance to perform alongside a hip-hop legend, but they find their dreams going up in flames when their nemesis Kevin (Robbie Kaller) steals the shirt as well as the spotlight. ~ Jason Buchanan, Rovi",Big Dreams...Big Seams.,Released,False,False,2013-05-20,92,400000,0,1.0882,4.8,4,en,http://www.whiteteemovie.com/,tt1833835,/wKKyeCAW0pwvCn1HBsMu243xuYN.jpg,/kMaJXN1fsPLqVyMXVMqI142nXnY.jpg,"[{""id"": 35, ""name"": ""Comedy""}]",[],[],[],"[""US""]",null
171763,Route of the Moon,Ruta de la luna,"Being different is no easy task. And when the difference is so visible, like albinism, or so burdensome, like a heart condition, things get harder. Albino introvert Tito must travel from Panama to Costa Rica to pick up his sick father. Not having spoken to his father in years, their reunion is less than desired. César has always lived on his own terms and would rather deal with his weakness alone. And Tito would rather not deal with anyone. So, the ride back to Panama is a bit heated. They might kill each other but not without first confronting their anxieties and the reasons for the distance kept between them for so long",,Released,False,False,2012-08-25,75,300000,0,0.1565,0.0,0,es,http://www.abacafilms.com/esp/peliculas/ruta-de-la-luna/,tt1895517,,,"[{""id"": 18, ""name"": ""Drama""}]","[{""id"": 10497, ""logo_path"": ""/nMCaGXVddB0SaRArHnLJN2IJeir.png"", ""name"": ""Jaguar Films"", ""origin_country"": ""PA""}, {""id"": 77177, ""logo_path"": null, ""name"": ""Abaca Films"", ""origin_country"": """"}]","[{""iso_3166_1"": ""EC"", ""name"": ""Ecuador""}, {""iso_3166_1"": ""PA"", ""name"": ""Panama""}]","[{""english_name"": ""Spanish"", ""iso_639_1"": ""es"", ""name"": ""Espa\u00f1ol""}]","[""ES""]",null
171764,The Condemned,Los condenados,"Determined to restore her dying father's reputation, Ana travels to the remote town of Rosales. Decades ago, he settled there and opened his first free clinic for cancer research. He launched an illustrious medical career - and fell in love. Ana plans to celebrate her father's scientific and humanitarian achievements by transforming the old family mansion into a world-class museum. She will preserve his legacy, and also breathe new life into the forgotten Rosales. But the townspeople-now destitute and helpless-do not greet her warmly. Neither does the house.",Some Houses Never Forget,Released,False,False,2012-04-19,94,0,0,0.2287,5.0,8,es,http://www.condenados.org/,tt1980959,,,"[{""id"": 9648, ""name"": ""Mystery""}, {""id"": 53, ""name"": ""Thriller""}, {""id"": 18, ""name"": ""Drama""}]","[{""id"": 52165, ""logo_path"": null, ""name"": ""Alquimia Films"", ""origin_country"": """"}]","[{""iso_3166_1"": ""PR"", ""name"": ""Puerto Rico""}]","[{""english_name"": ""Spanish"", ""iso_639_1"": ""es"", ""name"": ""Espa\u00f1ol""}]","[""PR""]",null
171767,"I, Me aur Main","I, Me aur Main","As Ishaan, a music producer who takes advantage of the women in his life, feels a connection with Gauri, his new next-door neighbor, he begins to learn the importance of friendship - causing him to work to repair his relationships.",,Released,False,False,2013-03-01,108,0,0,0.4839,4.611,18,hi,https://www.facebook.com/imeaurmainfilm,tt2064816,/c0L7Rke5Rm86CCiSkuR4sSOnCiX.jpg,/f6ovBHZPmT2qi3oMwGOONuJeuqg.jpg,"[{""id"": 18, ""name"": ""Drama""}]",[],"[{""iso_3166_1"": ""IN"", ""name"": ""India""}]","[{""english_name"": ""Hindi"", ""iso_639_1"": ""hi"", ""name"": ""\u0939\u093f\u0928\u094d\u0926\u0940""}, {""english_name"": ""English"", ""iso_639_1"": ""en"", ""name"": ""English""}]","[""IN""]",null
171769,Leonie,Leonie,"The true life story of Leonie Gilmour, whose life crossed continents, wars and cultures, embodied with courage and passion in search of art and freedom. A tender and inspiring story of a remarkable woman who nurtures the amazing artistic talent of her son who has only one way to succeed and one person to guide him, as he grows into the world renown artist, Isamu Noguchi.",A mother's courage and a clash of cultures inspire the artist that transcends both,Released,False,False,2010-11-20,132,0,0,1.0699,5.9,18,en,http://www.leoniemovie.com/,tt1426328,/9qUQ2XwRoBMVcyyBHaQKDcyp1SM.jpg,/jTWuhIaNoqMeRCS7VU91JrSaOf7.jpg,"[{""id"": 18, ""name"": ""Drama""}]","[{""id"": 1172, ""logo_path"": ""/5foKpTGXamv6BP4VwCqeWr5Jsdt.png"", ""name"": ""Hyde Park Entertainment"", ""origin_country"": ""US""}, {""id"": 39046, ""logo_path"": null, ""name"": ""Essen Communications"", ""origin_country"": """"}]","[{""iso_3166_1"": ""AU"", ""name"": ""Australia""}, {""iso_3166_1"": ""BE"", ""name"": ""Belgium""}, {""iso_3166_1"": ""FR"", ""name"": ""France""}, {""iso_3166_1"": ""DE"", ""name"": ""Germany""}, {""iso_3166_1"": ""JP"", ""name"": ""Japan""}, {""iso_3166_1"": ""GB"", ""name"": ""United Kingdom""}, {""iso_3166_1"": ""US"", ""name"": ""United States of America""}]","[{""english_name"": ""English"", ""iso_639_1"": ""en"", ""name"": ""English""}, {""english_name"": ""Japanese"", ""iso_639_1"": ""ja"", ""name"": ""\u65e5\u672c\u8a9e""}]","[""JP""]",null
171771,The Scar,La Cicatrice,The Scar draws an intense psychological suspense through one man’s confrontation with his past.,,Released,False,False,2013-03-03,90,0,0,0.0714,5.5,2,fr,,tt2449612,/1j9LhWwdxlDRFzppMgMGJb1k0aa.jpg,,"[{""id"": 18, ""name"": ""Drama""}]","[{""id"": 20823, ""logo_path"": null, ""name"": ""Cicatrice Film inc"", ""origin_country"": """"}]","[{""iso_3166_1"": ""CA"", ""name"": ""Canada""}]","[{""english_name"": ""French"", ""iso_639_1"": ""fr"", ""name"": ""Fran\u00e7ais""}]","[""CA""]",null
171772,Somewhere Slow,Somewhere Slow,"When Anna Thompson gets mixed-up in a convenience store robbery, she makes a split-decision to walk out of her life and into the unknown. On her travels, she meets Travis, a teenage drifter on his own journey of self-discovery.",,Released,False,False,2013-03-02,93,0,0,0.6914,4.0,3,en,,tt1928338,/rXLNHADFuGS2YzflGXI4vHgxaZ6.jpg,,"[{""id"": 35, ""name"": ""Comedy""}, {""id"": 18, ""name"": ""Drama""}, {""id"": 10749, ""name"": ""Romance""}]","[{""id"": 20001, ""logo_path"": null, ""name"": ""Logolite Entertainment"", ""origin_country"": ""US""}]","[{""iso_3166_1"": ""US"", ""name"": ""United States of America""}]","[{""english_name"": ""English"", ""iso_639_1"": ""en"", ""name"": ""English""}]","[""US""]",null
171773,Massicotte No 5,Massicotte No 5,,,Released,False,False,2011-11-01,0,0,0,0.0071,0.0,0,fr,,,,,[],[],[],[],"[""FR""]",null
171774,The Space Jockey Pursuit,The Space Jockey Pursuit,"Alvin (Barrett Doyle), a strict method actor, lives in a mental institution to do character research. He is offered a huge role, but first he must break out of the place.",Alvin Bernstein isn't crazy; he's method.,Released,False,False,2013-03-02,104,0,0,0.0474,0.0,0,en,,tt2283856,,,[],"[{""id"": 266554, ""logo_path"": null, ""name"": ""Greylock Productions"", ""origin_country"": """"}, {""id"": 266555, ""logo_path"": null, ""name"": ""Rajmati Films"", ""origin_country"": """"}, {""id"": 266556, ""logo_path"": null, ""name"": ""Solution-Wise Productions"", ""origin_country"": """"}]","[{""iso_3166_1"": ""US"", ""name"": ""United States of America""}]","[{""english_name"": ""English"", ""iso_639_1"": ""en"", ""name"": ""English""}]","[""US""]",null
171776,Sparks,Sparks,A masked vigilante who discovers the dark side to heroism. Going after the nation's most notorious super criminal leaves Sparks' life and reputation in ruins.,,Released,False,False,2013-03-01,90,0,0,1.4873,4.814,102,en,,tt2234429,/59X0So2x1HGEGXr91kqe4YaMhW0.jpg,/7BM4QoygM0LT1vFmcIbT4e0o02Q.jpg,"[{""id"": 28, ""name"": ""Action""}, {""id"": 53, ""name"": ""Thriller""}]",[],"[{""iso_3166_1"": ""US"", ""name"": ""United States of America""}]","[{""english_name"": ""English"", ""iso_639_1"": ""en"", ""name"": ""English""}]","[""US""]",null
171778,Martin Petit: Free humor,Martin Petit - Grand petit a parlé: humour libre !,,,Released,False,False,2008-11-08,0,0,0,0.2058,1.0,1,fr,,,/e9VG87SB4JIjNk7v253KxCW8tvV.jpg,/em7IyqYzqAmKSLNmv4C30uFhAws.jpg,[],[],[],"[{""english_name"": ""French"", ""iso_639_1"": ""fr"", ""name"": ""Fran\u00e7ais""}]","[""FR""]",null
171780,Sweet Talk,Sweet Talk,A blocked writer and a troubled young woman who meet over a phone-sex line go on a journey together.,an unexpected love story,Released,False,False,2013-03-02,92,0,0,0.7031,5.4,9,en,http://sweettalkthemovie.com,tt2041487,/neM9fDwVjd3djYf39WouUBN1JRC.jpg,/eHmeWcTG6S0jorIuHNKLpflvC3Y.jpg,"[{""id"": 12, ""name"": ""Adventure""}, {""id"": 18, ""name"": ""Drama""}]",[],[],"[{""english_name"": ""English"", ""iso_639_1"": ""en"", ""name"": ""English""}]","[""US""]",null
171781,Tango Abrazos,Vaje v objemu,"Two couples in present day Ljubljana enroll in a dance school for tango, and in the process learn a great deal more – about life, about love, about themselves.",,Released,False,False,2012-01-01,89,0,0,0.0437,7.0,3,sl,,tt2597726,/8ts7S5McAdsQOOzh2mxRpGp4v73.jpg,,"[{""id"": 18, ""name"": ""Drama""}]","[{""id"": 28367, ""logo_path"": ""/kw6n8hNwQXQSPlGdwVZvmbO0Haq.png"", ""name"": ""RTV Slovenija"", ""origin_country"": ""SI""}, {""id"": 29020, ""logo_path"": null, ""name"": ""Vertigo/Emotionfilm"", ""origin_country"": ""SI""}]","[{""iso_3166_1"": ""SI"", ""name"": ""Slovenia""}]","[{""english_name"": ""Slovenian"", ""iso_639_1"": ""sl"", ""name"": ""Sloven\u0161\u010dina""}]","[""SI""]",null
171782,Twenty Million People,Twenty Million People,"When Brian's new girlfriend, a stand-up comedian, suddenly disappears, he enlists the help of his broken-hearted best friend and imaginary characters from a cliché romantic comedy to find her.",Everybody's looking for somebody,Released,False,False,2016-03-22,75,0,0,0.154,7.0,4,en,http://www.twentymillionpeople.com/,tt2517158,/gotoKcUWf9aAbnrBNBisA1tCtAw.jpg,,"[{""id"": 35, ""name"": ""Comedy""}, {""id"": 10749, ""name"": ""Romance""}]","[{""id"": 107215, ""logo_path"": null, ""name"": ""Living Boy Productions"", ""origin_country"": """"}]","[{""iso_3166_1"": ""US"", ""name"": ""United States of America""}]","[{""english_name"": ""English"", ""iso_639_1"": ""en"", ""name"": ""English""}]","[""US""]",null
171783,Soulever des Corneliu,Soulever des Corneliu,,,Released,False,False,2012-11-01,0,0,0,0.0338,0.0,0,fr,,,,,[],[],[],"[{""english_name"": ""French"", ""iso_639_1"": ""fr"", ""name"": ""Fran\u00e7ais""}]","[""FR""]",null
171784,Wampler's Ascent,Wampler's Ascent,"Steve Wampler, a man with severe form of cerebral palsy ascends the biggest rock face in the world, El Captain in Yosemite National Park. 20,000 pull-ups, 5 nights 6 days on the sheer face of the mountain and, with only the use of one limb, this is a story of terror and triumph. Steve Wampler's story is a American feel-good tale which will leave the viewer inspired and happy.",,Released,False,False,2013-03-01,77,0,0,0.0,0.0,0,en,,tt2415838,/yZUsLtMsKd5Fl0G0aetSY67VKNg.jpg,,"[{""id"": 99, ""name"": ""Documentary""}]",[],"[{""iso_3166_1"": ""US"", ""name"": ""United States of America""}]","[{""english_name"": ""English"", ""iso_639_1"": ""en"", ""name"": ""English""}]","[""US""]",null
171787,We Went to War,We Went to War,"In 1970, British director Michael Grigsby made one of the first films about soldiers returning home from the battlefields of Vietnam. Over forty years later Grigsby returns to Texas with fellow filmmaker Rebekah Tolley, to the stories of veterans David, Dennis &amp; Lamar",,Released,False,False,2013-03-29,90,0,0,0.0685,5.0,1,en,,tt1982713,,,[],[],[],[],"[""US""]",null
171788,We Were Children,We Were Children,"For over 130 years till 1996, more than 100,000 of Canada's First Nations children were legally required to attend government-funded schools run by various Christian faiths. There were 80 of these 'residential schools' across the country. Most children were sent to faraway schools that separated them from their families and traditional land. These children endured brutality, physical hardship, mental degradation, and the complete erasure of their culture. The schools were part of a wider program of assimilation designed to integrate the native population into 'Canadian society.' These schools were established with the express purpose 'To kill the Indian in the child.' Told through their own voices, 'We Were Children' is the shocking true story of two such children: Glen Anaquod and Lyna Hart.",,Released,False,False,2012-03-03,88,0,0,0.569,7.2,10,en,,tt1934472,/6utQvBB9xvWe0GiEgNGRDq14Nkj.jpg,/8tbPDWNGynhUMGuFRrvxdrKDW31.jpg,"[{""id"": 99, ""name"": ""Documentary""}]",[],"[{""iso_3166_1"": ""CA"", ""name"": ""Canada""}]","[{""english_name"": ""Ojibwa"", ""iso_639_1"": ""oj"", ""name"": """"}, {""english_name"": ""English"", ""iso_639_1"": ""en"", ""name"": ""English""}]","[""CA""]",null
171791,White Lie,White Lie,A young writer has his book stolen by his mentor.,,Released,False,False,2013-07-02,0,0,0,0.3106,0.0,0,en,,tt2147591,/jT30mC5SIDTIuhdY1RHNA8ncaUt.jpg,/wHC1m1vz5q0ZUE1mHzweLr9JA92.jpg,"[{""id"": 53, ""name"": ""Thriller""}]",[],"[{""iso_3166_1"": ""FR"", ""name"": ""France""}, {""iso_3166_1"": ""GB"", ""name"": ""United Kingdom""}]","[{""english_name"": ""English"", ""iso_639_1"": ""en"", ""name"": ""English""}]","[""US"", ""GB""]",null
171793,Kinderen voor kinderen 33 - Hallo Wereld,Kinderen voor kinderen 33 - Hallo Wereld,,Live in Concert,Released,False,False,2012-07-30,0,0,0,0.0,0.0,0,nl,,,/bdXQF2nVyx56Ij0gSoNjOylJjv8.jpg,/nh2D6UhoeLuQTVYy4D1DBcfNLUN.jpg,[],[],"[{""iso_3166_1"": ""NL"", ""name"": ""Netherlands""}]","[{""english_name"": ""Dutch"", ""iso_639_1"": ""nl"", ""name"": ""Nederlands""}]","[""NL""]","{""id"": 373083, ""name"": ""Kinderen voor Kinderen"", ""poster_path"": null, ""backdrop_path"": ""/bsXEvN2ve0kODUWZM5b45KepKOm.jpg""}"
171795,Birth of the Living Dead,Birth of the Living Dead,A behind the scenes look into George Romero's groundbreaking horror classic Night of the Living Dead.,,Released,False,False,2013-10-18,76,0,0,0.9787,6.7,61,en,,tt2507128,/9c8MuQI49HRssx4Ok4ywZinhbxi.jpg,/9v7dm5dYmCVrHa5sBuj7IIREznk.jpg,"[{""id"": 99, ""name"": ""Documentary""}]","[{""id"": 1360, ""logo_path"": ""/lqVvISZwlXQpEl27erWszcPdPsR.png"", ""name"": ""Glass Eye Pix"", ""origin_country"": ""US""}, {""id"": 18630, ""logo_path"": null, ""name"": ""Predestinate Productions"", ""origin_country"": """"}]","[{""iso_3166_1"": ""US"", ""name"": ""United States of America""}]","[{""english_name"": ""English"", ""iso_639_1"": ""en"", ""name"": ""English""}]","[""US""]",null
171796,My Universe in Lowercase,Mi universo en minúsculas,"Director Hatuey Viveros' beautiful film unfolds as a fascinating exploration of contemporary life in Mexico, searching to understand today's world, while portraying a younger generation who lack an understanding of their past. And as we journey with Aina on her own discovery, it becomes clear that the process of her search is just as important as the results.",,Released,False,False,2013-11-08,90,0,0,0.2488,6.6,5,es,http://www.elccc.com.mx/sitio/index.php/produccion-filmica-2/2010-2012/2011/760-mi-universo-en-minusculas,tt2047789,/giPDuzWmxEFqdGETjBKIxjdB6Rj.jpg,,[],"[{""id"": 9980, ""logo_path"": ""/tvtK88MhdxjOZN3zSeyrkP8iWd1.png"", ""name"": ""Fondo para la Producci\u00f3n Cinematogr\u00e1fica de Calidad"", ""origin_country"": ""MX""}, {""id"": 14171, ""logo_path"": ""/p9GWxbK3INIi1RJJBUzVNjmsEkC.png"", ""name"": ""Centro de Capacitaci\u00f3n Cinematogr\u00e1fica (CCC)"", ""origin_country"": ""MX""}]","[{""iso_3166_1"": ""MX"", ""name"": ""Mexico""}]","[{""english_name"": ""Spanish"", ""iso_639_1"": ""es"", ""name"": ""Espa\u00f1ol""}]","[""MX""]",null
171798,Stable Life,Stable Life,"Dionicia lives in a small room in the back of a Bay Area racetrack, tending to horses and raising her family in the squalor of her surroundings. As an undocumented worker, Dionicia takes pride in the fact that her kids can dream of a better life due to the risks and sacrifices she is willing to bear.  Director Sara MacPherson takes us behind the scenes of the world of undocumented workers in such an emotionally sensitive manner that we feel a part of Dionicia’s gamble. And when her clandestine existence starts to close in on her, there can be no doubt that Dionicia’s bet on herself is far more crucial than all the wagering done at the track.",,Released,False,False,2013-03-20,56,0,0,0.0,7.0,1,en,https://www.amdoc.org/watch/stable-life/,,/dPIxYhuCX93T9cglj9WOTEdkNMk.jpg,,"[{""id"": 99, ""name"": ""Documentary""}]",[],"[{""iso_3166_1"": ""US"", ""name"": ""United States of America""}]","[{""english_name"": ""English"", ""iso_639_1"": ""en"", ""name"": ""English""}, {""english_name"": ""Spanish"", ""iso_639_1"": ""es"", ""name"": ""Espa\u00f1ol""}]","[""US""]",null
171799,The Crimes of Petiot,Los crímenes de Petiot,"Some deeds done by a Nazi in France during World War II lead to more killings in the present. Are they revenge, or is there another motive? Both civilians and police tries to solve the mystery.",,Released,False,False,1973-07-09,85,0,0,0.5686,5.2,4,es,,tt0068430,/1GQrSt1kEc3soE3IDFt6fxS5ZaC.jpg,,"[{""id"": 80, ""name"": ""Crime""}, {""id"": 27, ""name"": ""Horror""}]","[{""id"": 24282, ""logo_path"": null, ""name"": ""CineFilms"", ""origin_country"": """"}]","[{""iso_3166_1"": ""ES"", ""name"": ""Spain""}, {""iso_3166_1"": ""XG"", ""name"": ""East Germany""}]","[{""english_name"": ""Spanish"", ""iso_639_1"": ""es"", ""name"": ""Espa\u00f1ol""}]","[""XG"", ""ES""]",null
171807,Status Quo ‎– The One And Only,Status Quo ‎– The One And Only,"The One &amp; Only Status Quo: Recorded in 2000.  Doing Their Thing: See how the band evolved from their 60s beginnings in this footage from 1970.  Rockpop In Concert: Filmed by German TV in 1982, this is the band in full flight playing the hits and more.  TOTP2 Status Quo Special: Join the guys on Top Of The Pops 2 in 2000, reminiscing and performing.",,Released,False,True,2006-09-04,0,0,0,0.0961,0.0,0,en,,,/d1JMZJWX0Kaos2lbgwgCMmmRAjg.jpg,,[],[],[],[],"[""US""]",null
171808,AC/DC: Live '77 At The Hippodrome Golders Green London,AC/DC: Live '77 At The Hippodrome Golders Green London,"AC/DC live at the Golders Green Hippodrome In London, England. With Bon Scott, this is AC/DC at one of their best times!  Filmed by the BBC on October 27th 1977 for ""Sight & Sound In Concert"" and broadcast on 29 October 1977.  Originally shot on video, the audio used on this DVD was taken from the original video master which was in mono, so the 2.0 mix is not a 'real' stereo mix. Although issued commercially and only in Japan, this DVD can be considered a semi-official DVD, not authorized by the band or Sony, and the US release planned for February 2003 was canceled for this reason. Counterfeit copies have been released.",,Released,False,True,1977-10-29,42,0,0,0.1743,6.7,7,en,https://www.acdc.com,,/54XGtezkEJWOh3Xr4FyVDRQQYiq.jpg,/2HjgpuHbU5TBrJ0AbvaZ51z0KvB.jpg,"[{""id"": 10402, ""name"": ""Music""}]","[{""id"": 127048, ""logo_path"": null, ""name"": ""VAP Video"", ""origin_country"": """"}, {""id"": 3324, ""logo_path"": ""/dqT3yOTlfJRmtvk52Ccd1O6dZ0A.png"", ""name"": ""BBC"", ""origin_country"": ""GB""}]","[{""iso_3166_1"": ""GB"", ""name"": ""United Kingdom""}]","[{""english_name"": ""English"", ""iso_639_1"": ""en"", ""name"": ""English""}]","[""GB"", ""US""]",null
171809,Jean-Michel Jarre - The Twelve Dreams Of The Sun,Jean-Michel Jarre - The Twelve Dreams Of The Sun,"Countdown 2000 Pyramids of Giza (Egypt).  The Twelve Dreams Of The Sun was a concert held by musician Jean Michel Jarre on the Pyramids of Giza, Egypt starting on December 31, 1999 and carrying overnight to January 1, 2000. It was attended by 120,000 people. The concert consisted of two parts, the Main Concert and a Sunrise Concer.",,Released,False,False,1999-12-31,60,0,0,0.0673,8.0,4,en,,tt0927613,/ozYTuqE0WOyka2wK6AqVTVXcQI0.jpg,/lFDwiSFovucWPNupwWfT4oIQv69.jpg,[],[],[],[],"[""EG"", ""FR""]",null
171811,The Secret Society Of Fine Arts,The Secret Society Of Fine Arts,"The tusk from a mammoth and a whale skeleton are found in a grotesque mix of bricks and destruction - a zoological museum has been blown up. Images of the bisected building with all the scattered remains of stuffed animals are broadcast worldwide along with the statement sent out by the underground group of artists who claim responsibility: ""This is not entertainment. It is not a political statement. It is not even news... This is art!""",,Released,False,False,2012-08-27,76,0,0,0.279,6.7,3,en,http://www.thessofa.com/,tt2333552,,,"[{""id"": 18, ""name"": ""Drama""}]",[],"[{""iso_3166_1"": ""DK"", ""name"": ""Denmark""}]","[{""english_name"": ""English"", ""iso_639_1"": ""en"", ""name"": ""English""}]","[""DK""]",null
171815,3 Musketeers - The Musical,3 Musketiers - De Musical,Dutch registration of the musical '3 Musketeers' at Nieuwe Luxor Theater in Rotterdam.,,Released,False,True,2003-11-02,0,0,0,0.0799,0.0,0,nl,,tt0419406,/j34w8fpyJOdqTaiX2Ato7PVdGTw.jpg,/jD5ZXdgvF3gYnP2i3x7jtaLsrzw.jpg,"[{""id"": 10749, ""name"": ""Romance""}, {""id"": 18, ""name"": ""Drama""}]","[{""id"": 69257, ""logo_path"": null, ""name"": ""I-Frame"", ""origin_country"": """"}]","[{""iso_3166_1"": ""NL"", ""name"": ""Netherlands""}]","[{""english_name"": ""Dutch"", ""iso_639_1"": ""nl"", ""name"": ""Nederlands""}]","[""NL""]",null
171816,Love in a Fallen City,傾城之戀,"Taking place in 1941, Love in a Fallen City centers on Pai, a young woman who has been ostracized by her family for divorcing her rich husband. A local match-maker, Mrs. Hsu, takes pity on Pai and decides to bring her to Hong Kong, under the guise of employing her as the Hsu's nanny, but in reality to introduce her to Fan. Pai and Fan seem to hit it off, but Fan's refusal to marry Pai soon sours things. However, as the Japanese begin to invade Hong Kong, the two begin to realize their true feelings for each other.",,Released,False,False,1984-08-02,93,0,0,2.0965,6.0,10,cn,,tt0087959,/cIu9GuF37L6LYEd3VPcjbFg96kx.jpg,/fjinYwNPU9A9RREbGuHh4Vw3Kei.jpg,"[{""id"": 10749, ""name"": ""Romance""}, {""id"": 18, ""name"": ""Drama""}, {""id"": 10752, ""name"": ""War""}]","[{""id"": 5798, ""logo_path"": ""/tmuI9BGXgpWLmokhlxpnG3IGNQB.png"", ""name"": ""Shaw Brothers"", ""origin_country"": ""HK""}]","[{""iso_3166_1"": ""HK"", ""name"": ""Hong Kong""}]","[{""english_name"": ""Mandarin"", ""iso_639_1"": ""zh"", ""name"": ""\u666e\u901a\u8bdd""}, {""english_name"": ""Cantonese"", ""iso_639_1"": ""cn"", ""name"": ""\u5e7f\u5dde\u8bdd / \u5ee3\u5dde\u8a71""}]","[""HK""]",null
171817,Where Is My Treasure?,Als ich tot war,"Because Ernst feels oppressed by his wife and her mother, he fakes his suicide and hires in his own household disguised as a servant.",,Released,False,False,1916-02-25,38,0,0,0.4803,6.1,21,de,,tt0006349,/wUNQGNMMLDUceMD7P0cS5hV2Mt9.jpg,/hyQQHWNLkFV8IjxIqGKM6zV06aR.jpg,"[{""id"": 35, ""name"": ""Comedy""}]","[{""id"": 12950, ""logo_path"": null, ""name"": ""Projektions-AG Union"", ""origin_country"": ""DE""}]","[{""iso_3166_1"": ""DE"", ""name"": ""Germany""}]","[{""english_name"": ""No Language"", ""iso_639_1"": ""xx"", ""name"": ""No Language""}]","[""DE""]",null
171819,Valo4Life,Valo4Life,"In 2003, rollerblading legend Jon Julio started the Valo Brand. Since then, Valo has become a leading skate manufacturer and celebrated brand among a devoted, tight-knit community of skaters across the globe.  Following two years of filming and travel across some of the most beautiful cities in the world, Valo proudly releases its fourth full-length video,  Valo4Life.  4Life—the fourth video from the Valo skate brand—features sections from pro skaters Alex Broskow, Erik Bailey, Brandon Smith, Victor Arias, Soichiro Kanashima, Cosimo Tassone, and Jon Julio.  Filmed in San Francisco, Los Angeles, New York, Australia, Montreal, Amsterdam, Barcelona, and more.  Along with the main feature, 4Life includes footage from the World Rolling Series and Amateur Inline League contests all over the world, bonus edits, director’s commentary, submissions for 4Life, and other extras to pile up over two hours of viewing time.",,Released,False,False,2010-10-29,69,0,0,0.0143,0.0,0,en,http://www.valo4life.com/,,,,[],[],[],"[{""english_name"": ""English"", ""iso_639_1"": ""en"", ""name"": ""English""}]","[""US""]",null
171820,Snow White Must Die,Schneewittchen muss sterben,"""Snow White Must Die"". Part 1 of 4 Nele Nauhaus Mysteries. A young man returns to his village after serving time for a murder he may or may not have committed. Will old truths be dangerous even now? Pia and Oliver investigate.",,Released,False,False,2013-02-25,0,0,0,0.6267,5.4,6,de,,tt2678356,/bUfxj48Pr2n8Sq1mmtdYA6IEwaS.jpg,/6QdVDnYhWyuJ0mgk7ZyaIcehboQ.jpg,"[{""id"": 80, ""name"": ""Crime""}, {""id"": 10770, ""name"": ""TV Movie""}]","[{""id"": 14790, ""logo_path"": ""/6uA4eCZuWAq0KTGiIDCERUppaoo.png"", ""name"": ""all in production"", ""origin_country"": ""DE""}]","[{""iso_3166_1"": ""DE"", ""name"": ""Germany""}]","[{""english_name"": ""German"", ""iso_639_1"": ""de"", ""name"": ""Deutsch""}]","[""DE""]","{""id"": 1449498, ""name"": ""Taunuskrimi"", ""poster_path"": ""/6I7iBcEUdag4NtXHcDsJ8jVzjhz.jpg"", ""backdrop_path"": null}"
171823,Blood-C: The Last Dark,Blood-C The Last Dark,"Tokyo, Winter. Despite the use of the Youth Ordinance Bill to enforce curfews for minors and regulate the use of the Internet, young people continue to fight for their own freedom through underground methods. One such group calls themselves Surat. They have decided to take on Fumito Nanahara, a man who has great influence on the political world, and basically controls Tokyo with an iron fist. While using the Internet as a weapon to discover more information about Fumito, they learn about ""Tower"", the secret organization behind Fumito which engages in human experimentation.",,Released,False,False,2012-06-02,106,0,0,2.2549,7.1,152,ja,,tt1941466,/sUlxd7SRFr6ou8d5MfL0sj7XpSv.jpg,/9CxwriuI30YxGhKqLnr5A8FgP9r.jpg,"[{""id"": 16, ""name"": ""Animation""}, {""id"": 28, ""name"": ""Action""}, {""id"": 27, ""name"": ""Horror""}]","[{""id"": 529, ""logo_path"": ""/rwB6w2aPENQbx756pBWSw44Ouk.png"", ""name"": ""Production I.G"", ""origin_country"": ""JP""}]","[{""iso_3166_1"": ""JP"", ""name"": ""Japan""}]","[{""english_name"": ""German"", ""iso_639_1"": ""de"", ""name"": ""Deutsch""}, {""english_name"": ""Japanese"", ""iso_639_1"": ""ja"", ""name"": ""\u65e5\u672c\u8a9e""}]","[""JP""]",null
171826,All Against All,Tutti contro tutti,,,Released,False,False,2013-02-28,0,0,0,0.366,5.9,58,it,,tt2636178,/pLCh6iaUjqpWw6oEWmkDoXzqClv.jpg,/hlfiR3W1WmrZArJmspe8SQwh39a.jpg,"[{""id"": 35, ""name"": ""Comedy""}]","[{""id"": 67873, ""logo_path"": null, ""name"": ""Direzione Generale Cinema"", ""origin_country"": ""IT""}, {""id"": 2441, ""logo_path"": ""/7Vutdea75apwXkRyfQ4Ne6j0KcN.png"", ""name"": ""Fandango"", ""origin_country"": ""IT""}, {""id"": 67874, ""logo_path"": null, ""name"": ""Fondo Regionale per il Cinema"", ""origin_country"": """"}, {""id"": 14016, ""logo_path"": ""/snclwsIZQbgvqYCBJP8fqNlCA5y.png"", ""name"": ""MiC"", ""origin_country"": ""IT""}]","[{""iso_3166_1"": ""IT"", ""name"": ""Italy""}]","[{""english_name"": ""Italian"", ""iso_639_1"": ""it"", ""name"": ""Italiano""}]","[""IT""]",null
171827,Der tote Taucher im Wald,Der tote Taucher im Wald,"Shortly before his retirement, provincial detective Hartwich has more mysteries to solve than in his last 20 years of service put together: First, the charred body of a man in a diving suit is discovered after a forest fire, but the nearest lake is miles away. Then a dismembered female corpse turns up, wrapped in the bag of a drinks store that has sent out 1000 of them. And to make matters worse, Hartwich's successor, the eager Tobias Kutschke, starts work just as the investigation begins...",,Released,False,False,2000-04-06,94,0,0,0.5368,4.0,8,de,,tt0235826,/wW9c2vEctxlD4SnS8vv01b5RJ3B.jpg,/rZCBcVsuSelIkqFdzeVrCfTCAwz.jpg,"[{""id"": 35, ""name"": ""Comedy""}, {""id"": 80, ""name"": ""Crime""}]","[{""id"": 28947, ""logo_path"": null, ""name"": ""Studio Babelsberg Independents"", ""origin_country"": """"}, {""id"": 2216, ""logo_path"": null, ""name"": ""Helkon Media"", ""origin_country"": ""DE""}, {""id"": 28948, ""logo_path"": null, ""name"": ""Me, Myself & Eye Film- und Fernsehproduktionsges. mbH (MME)"", ""origin_country"": """"}]","[{""iso_3166_1"": ""DE"", ""name"": ""Germany""}]","[{""english_name"": ""German"", ""iso_639_1"": ""de"", ""name"": ""Deutsch""}]","[""DE""]",null
171830,The most beautiful in the world,La più bella del mondo,"Using a lectern on which the Constitution is placed, Benigni begins to read each article praising and exalting its beauty, declaring to the Italians that he has decided to write these principles to constitute a rebirth from the disastrous end of the Second World War.",,Released,False,False,2012-12-17,122,0,0,0.2723,9.0,2,it,,tt2580194,/s1Twl3vMTGgmmnGI2MyAkbs1RlW.jpg,/lPxAzNqC5wTwV0n5E5PPAZO7wJd.jpg,"[{""id"": 99, ""name"": ""Documentary""}]","[{""id"": 1583, ""logo_path"": ""/gKP4egMJOi5rksdnplfPV1wa0sd.png"", ""name"": ""RAI"", ""origin_country"": ""IT""}]","[{""iso_3166_1"": ""IT"", ""name"": ""Italy""}]","[{""english_name"": ""Italian"", ""iso_639_1"": ""it"", ""name"": ""Italiano""}]","[""IT""]",null
171831,Les Cousins Dangereux,Les Cousins Dangereux,"To escape the scorn of their dissaproving families, two cousins flee to a sleepy, provincial town in France but are forced to hide their incestuous affair from the prying eyes of local villagers in this awkward tale of forbidden romance.",,Released,False,False,,0,0,0,0.0923,0.0,0,en,,,,,[],[],[],[],"[""US""]",null
171834,Streets of Rage,Streets of Rage,"Melody Sails is an investigative reporter on Hollywood's juvenile delenquincy, and runs across Lunar, the crimelord. With the help of a 12-year old street-kid, she will get to him, but will she down him in the climactic fight to the death, or die trying?",She's A Perfect Lady... And A Perfect Weapon,Released,False,False,1994-04-06,83,0,0,0.5799,3.7,6,en,,tt0111302,/kwXSHnvr9UO7b0ZBuXqOgwR9Cj.jpg,,"[{""id"": 28, ""name"": ""Action""}]","[{""id"": 283972, ""logo_path"": null, ""name"": ""Stepping Out Productions"", ""origin_country"": ""US""}]","[{""iso_3166_1"": ""US"", ""name"": ""United States of America""}]","[{""english_name"": ""English"", ""iso_639_1"": ""en"", ""name"": ""English""}]","[""US""]",null
171835,Ancient Code: Are You Ready for the Real 2012?,Ancient Code: Are You Ready for the Real 2012?,"Directed by Philip Gardiner. Espousing a shared philosophy that emphasizes the connectedness of all living things and the divinity of nature, a group of thinkers posits that the answers to today's problems can be found in an ancient code that lies within us all.",,Released,False,False,2009-07-28,80,0,0,0.0951,0.0,0,en,,tt2194503,/nQJ3baFMCij6kteJyCkxLRIdQ6r.jpg,,"[{""id"": 99, ""name"": ""Documentary""}]",[],"[{""iso_3166_1"": ""US"", ""name"": ""United States of America""}]","[{""english_name"": ""English"", ""iso_639_1"": ""en"", ""name"": ""English""}]","[""US""]",null
171836,Spirit of Bangkok,Spirit of Bangkok,"Documentary that spotlights the city's multitude of food stalls, venture into the colorful and chaotic heart of Bangkok, the capital of Thailand,  Buddhist monasteries and shrines, Thai-boxing schools and water markets.",,Released,False,False,,67,0,0,0.0071,0.0,0,en,,tt2106652,,,[],[],[],[],"[""US""]",null
171837,Alligator Kingdom 3D,Alligator Kingdom 3D,"Alligator Kingdom 3D is the first-ever 3D HD documentary shot in the protected areas of the Okefenokee National Wildlife Refuge.  A magic carpet ride into one of the last great black water swamps on earth-- the great Okefenokee. Examines the ancient wetlands' intricate ecosystem and reveals the habits and traits of its most famous predator, the fearsome American alligator.",,Released,False,False,2011-03-17,30,0,0,0.0905,4.0,2,en,http://www.3digitalvision.com/3DigitalVision/Home.html,tt1876242,/lph5V33hOIEHFTNXVEw6KeADWLa.jpg,,"[{""id"": 99, ""name"": ""Documentary""}]",[],[],[],"[""US""]",null
171839,The Shape of the Future,The Shape of the Future,"Documentary portrays what an eventual Palestinian-Israeli peace settlement could look like, filmmaker Lynn Allen Scheid addresses the resolution of contentious issues, from settlements to the right of return and everything in between. The core idea is to examine, in an even-handed way, the aspirations of both Israelis and Palestinians and to show that agreements are possible that do not threaten the national existence of either party.",,Released,False,False,2005-12-31,100,0,0,0.0071,5.3,3,en,,tt0800197,,,[],[],[],[],"[""US""]",null
171840,Kimberly,Kimberly,"Four young men fall in love with the same woman. When they all find themselves attracted by Kimberly, hey vow not to fight for her affections during the season -- but then she gets pregnant and doesn't know which teammate is the father.",Boy meets girl...it's not the same old story!,Released,False,False,1999-10-28,106,0,0,1.1898,4.3,12,en,,tt0173957,/47yCsMGRa3WMxufj8NHbNDiztiK.jpg,/4RoysiMxlPavRNeTgMtESEt8gML.jpg,"[{""id"": 10749, ""name"": ""Romance""}, {""id"": 35, ""name"": ""Comedy""}]","[{""id"": 995, ""logo_path"": null, ""name"": ""Cinerenta"", ""origin_country"": ""DE""}]","[{""iso_3166_1"": ""US"", ""name"": ""United States of America""}]","[{""english_name"": ""French"", ""iso_639_1"": ""fr"", ""name"": ""Fran\u00e7ais""}, {""english_name"": ""English"", ""iso_639_1"": ""en"", ""name"": ""English""}, {""english_name"": ""Spanish"", ""iso_639_1"": ""es"", ""name"": ""Espa\u00f1ol""}]","[""US""]",null
171841,A sproposito di noi,A sproposito di noi,,,Released,False,False,2008-02-04,0,0,0,0.1575,7.5,4,it,,,,,[],"[{""id"": 1131, ""logo_path"": null, ""name"": ""Rizzoli Film"", ""origin_country"": ""IT""}]","[{""iso_3166_1"": ""IT"", ""name"": ""Italy""}]","[{""english_name"": ""Italian"", ""iso_639_1"": ""it"", ""name"": ""Italiano""}]","[""IT""]",null
171842,Before Valentine,ก่อนรัก...หมุนรอบตัวเรา,"Joke is a plain-looking teenager with a self-confidence issue. But Joke is tormented by the secret crush he has on his friend, Jib, the star of their high school. Confessing his love to his best friend just before Valentine's Day is the most difficult mission in Joke's young life. What if Jib prefers to keep Joke simply as a friend?",1 day and 1 word that changes the whole life.,Released,False,False,2009-02-05,91,0,0,0.4045,0.0,0,th,,tt3227346,/6rsvCpYZ0NsDffhPizAQCykSEyO.jpg,/aMrCjVs9LtbUncGTBqzNFAVKNrg.jpg,"[{""id"": 10749, ""name"": ""Romance""}, {""id"": 35, ""name"": ""Comedy""}]","[{""id"": 1241, ""logo_path"": ""/m0pcwdXt4FgzaBtoSMfXoNucgoz.png"", ""name"": ""Five Star Production"", ""origin_country"": ""TH""}]","[{""iso_3166_1"": ""TH"", ""name"": ""Thailand""}]","[{""english_name"": ""Thai"", ""iso_639_1"": ""th"", ""name"": ""\u0e20\u0e32\u0e29\u0e32\u0e44\u0e17\u0e22""}]","[""TH""]",null
171843,Cheerleader Queens,ว๊ายบึ้ม! เชียร์กระหึ่มโลก,Four young cheerleaders leave their village to attend a catholic school in Bangkok. When the boys want to join the cheerleaders rather than any of the competitive teams they are rebuffed and end up joining the rugby team. Together the quartet make the most of their situation while never forgetting their ultimate dreams.,Start with an itch! Push the limits! Dream on!,Released,False,False,2003-02-21,119,0,0,0.6534,5.5,2,th,,tt0398851,/cUD4BFf8z6TAwjsy7Fw0LpzTjKK.jpg,/xYXfJqakzlRliBy1BfZBNB5QlwI.jpg,"[{""id"": 35, ""name"": ""Comedy""}]","[{""id"": 1241, ""logo_path"": ""/m0pcwdXt4FgzaBtoSMfXoNucgoz.png"", ""name"": ""Five Star Production"", ""origin_country"": ""TH""}]","[{""iso_3166_1"": ""TH"", ""name"": ""Thailand""}]","[{""english_name"": ""Thai"", ""iso_639_1"": ""th"", ""name"": ""\u0e20\u0e32\u0e29\u0e32\u0e44\u0e17\u0e22""}]","[""TH""]",null
171844,Outlaws of Santa Fe,Outlaws of Santa Fe,"After bank robber Bob Hackett (Don ""Red"" Barry) learns that his real father was a marshal, he reforms and travels with his pal Buckshot (Wally Vernon) to Santa Fe, where his father was killed. When he stands up to rustlers working for Henry Jackson (Herbert Heyes), Hackett is made the new marshal.",DYNAMITE...when a range-riding red-head tackles a crew of cattle thieves...in the most exciting action thriller of the year!,Released,False,False,1944-04-04,56,0,0,0.8783,0.0,0,en,,tt0037162,/ywT0JWNka9y1erOapJRY4M4zL52.jpg,/gAcGAoVMborV1KN6CzpPAx6JqBm.jpg,"[{""id"": 37, ""name"": ""Western""}]","[{""id"": 1432, ""logo_path"": ""/odyWStT82nGf2LQCyfs7iFudwa0.png"", ""name"": ""Republic Pictures"", ""origin_country"": ""US""}]","[{""iso_3166_1"": ""US"", ""name"": ""United States of America""}]","[{""english_name"": ""English"", ""iso_639_1"": ""en"", ""name"": ""English""}]","[""US""]",null
171846,Killers,キラーズ,"A psychotic executive triggers a journalist's dark side, and they begin to form a strange bond through the internet.",Inside Us Lives A Killer.,Released,False,False,2014-02-01,137,0,0,2.0037,6.4,124,ja,http://www.killersthemovie.com,tt2409300,/vkTi1Y5js8exwZ8V6mbXNEQy2Om.jpg,/txY4kzq8o97pm8sb4I0EtmPVXmf.jpg,"[{""id"": 80, ""name"": ""Crime""}, {""id"": 53, ""name"": ""Thriller""}, {""id"": 28, ""name"": ""Action""}]","[{""id"": 12142, ""logo_path"": ""/rPnEeMwxjI6rYMGqkWqIWwIJXxi.png"", ""name"": ""XYZ Films"", ""origin_country"": ""US""}, {""id"": 955, ""logo_path"": ""/5xnXD3PJI1HqOJceSAKZ3fDqO1V.png"", ""name"": ""Nikkatsu Corporation"", ""origin_country"": ""JP""}, {""id"": 26218, ""logo_path"": null, ""name"": ""Guerilla Merah Films"", ""origin_country"": """"}, {""id"": 12141, ""logo_path"": null, ""name"": ""PT. Merantau Films"", ""origin_country"": ""ID""}]","[{""iso_3166_1"": ""ID"", ""name"": ""Indonesia""}, {""iso_3166_1"": ""JP"", ""name"": ""Japan""}]","[{""english_name"": ""Indonesian"", ""iso_639_1"": ""id"", ""name"": ""Bahasa indonesia""}, {""english_name"": ""Japanese"", ""iso_639_1"": ""ja"", ""name"": ""\u65e5\u672c\u8a9e""}, {""english_name"": ""English"", ""iso_639_1"": ""en"", ""name"": ""English""}]","[""JP""]",null
171847,From the Ground Up,From the Ground Up,"On September 11, 2001, 343 New York City firefighters died in the terrorist attack on the World Trade Center. The bravest of the brave; they were fathers, sons, brothers, and husbands. From the Ground Up: 10 Years after 9/11 five widows of New York firefighters pay tribute to their husbands by accomplishing extraordinary feats in their communitiesis the story of their widows. This film captures the resilience, courage, and indomitable human spirit embodied by these regular people who have survived extraordinary loss. Empowered by the tragedy, the women give new meaning to their lives by building a library and other charitable acts.",,Released,False,False,,32,0,0,0.0,0.0,0,en,,tt1931434,,,[],[],[],[],"[""US""]",null
171850,Egypt by Three,Egypt by Three,"Three tales of life on the Nile River reveal love and vengeance, religion and deception.  Each atmospheric vignette offers an eye-opening take on the culture, attitudes and religion of the Middle East. First, a knife thrower's affair threatens his mistress. Then, the plague tests a band of pilgrims journeying to Mecca. Finally, two con men learn a lesson at a Coptic church.",,Released,False,False,1953-03-31,76,0,0,0.5311,6.0,1,en,,tt0208931,,,"[{""id"": 18, ""name"": ""Drama""}]","[{""id"": 99367, ""logo_path"": null, ""name"": ""The Filmmakers Company (FM)"", ""origin_country"": """"}]","[{""iso_3166_1"": ""US"", ""name"": ""United States of America""}, {""iso_3166_1"": ""EG"", ""name"": ""Egypt""}]","[{""english_name"": ""English"", ""iso_639_1"": ""en"", ""name"": ""English""}]","[""US""]",null
171853,The Devil's Eight,The Devil's Eight,The Devil's 8 is a 1969 film from American International Pictures. It is about a Federal agent (Christopher George) who recruits six convicts to bust a moonshine ring.,All they had was a skill for violence and nothing to lose but their lives,Released,False,False,1969-05-14,97,0,0,1.4005,5.1,11,en,,tt0064231,/1Hn2jO7C4o9o9u4jiu75S3HERvQ.jpg,/rof5fGVLqoPRaX65F6jb8BJ6DFb.jpg,"[{""id"": 53, ""name"": ""Thriller""}, {""id"": 80, ""name"": ""Crime""}, {""id"": 18, ""name"": ""Drama""}]","[{""id"": 9266, ""logo_path"": ""/lRinQ7scVye5N8qkUIoCB4QXbRh.png"", ""name"": ""American International Pictures"", ""origin_country"": ""US""}]","[{""iso_3166_1"": ""US"", ""name"": ""United States of America""}]","[{""english_name"": ""English"", ""iso_639_1"": ""en"", ""name"": ""English""}]","[""US""]",null
171854,Father's Son,Father's Son,"A young boy seeks love and understanding from his cold, demanding father.",Here's heart-to-heart Drama,Released,False,False,1941-02-12,57,0,0,1.0358,4.5,2,en,,tt0033593,/iaOMFxIYfjIDidufzcC0QlMmBwz.jpg,/yAFlGLFOgxYIwMeI0IDBHj0lXlB.jpg,"[{""id"": 18, ""name"": ""Drama""}]","[{""id"": 174, ""logo_path"": ""/zhD3hhtKB5qyv7ZeL4uLpNxgMVU.png"", ""name"": ""Warner Bros. Pictures"", ""origin_country"": ""US""}]","[{""iso_3166_1"": ""US"", ""name"": ""United States of America""}]","[{""english_name"": ""English"", ""iso_639_1"": ""en"", ""name"": ""English""}]","[""US""]",null
171855,The Leather Saint,The Leather Saint,"Episcopalian minister Gil Allen keeps up his college days interest in boxing by working out at a gym run by his friend, Tom Kelley but declines offers to fight in an actual staged bout, until he realizes he could use the prize money to purchase equipment for local polio victims. Keeping his real identity secret and hoping to step away after one big payday, Gil signs a contract to fight for greedy promoter Gus MacAuliffe.",The Story Of A Fighting Priest Who Leads A Double Life!,Released,False,False,1956-06-06,86,0,0,0.5001,0.0,0,en,,tt0049436,/348IjvAUshViWSspam8kDbsYKO7.jpg,/xVL2dcAcupf6Sqdw1NwlcOcnSNc.jpg,"[{""id"": 18, ""name"": ""Drama""}]","[{""id"": 4, ""logo_path"": ""/jay6WcMgagAklUt7i9Euwj1pzTF.png"", ""name"": ""Paramount Pictures"", ""origin_country"": ""US""}]","[{""iso_3166_1"": ""US"", ""name"": ""United States of America""}]","[{""english_name"": ""English"", ""iso_639_1"": ""en"", ""name"": ""English""}]","[""US""]",null
171857,Federal Hill,Federal Hill,"In Providence's Italian neighborhood, Federal Hill, five young are immersed in drugs, crime and violence. Everything changes when one of the guys in the band know love.",,Released,False,False,1995-02-24,97,0,0,0.7012,4.4,10,en,,tt0109785,/qChLfULhgAhWHG9LbcBIv80r32i.jpg,,"[{""id"": 80, ""name"": ""Crime""}, {""id"": 18, ""name"": ""Drama""}]","[{""id"": 8014, ""logo_path"": null, ""name"": ""Eagle Beach Productions"", ""origin_country"": ""US""}, {""id"": 4063, ""logo_path"": ""/psOuT9ReSYhcBEB5ptnw7D2FdsE.png"", ""name"": ""Trimark Pictures"", ""origin_country"": ""US""}]","[{""iso_3166_1"": ""US"", ""name"": ""United States of America""}]","[{""english_name"": ""English"", ""iso_639_1"": ""en"", ""name"": ""English""}]","[""US""]",null
171858,The Outcasts of Poker Flat,The Outcasts of Poker Flat,"The 1937 film version of Bret Harte's story, starring Preston Foster.",Oakhurst the Gambler Lives Again in This Drama of a Two Gun Man and a One Man Woman!,Released,False,False,1937-04-16,67,0,0,0.8712,6.0,2,en,,tt0029361,/cp5o9f1kz17mZouZWXNVXsY5W0S.jpg,/r3HQUYmi4ZqjpbJ1ReiKcM7uONy.jpg,"[{""id"": 37, ""name"": ""Western""}, {""id"": 10749, ""name"": ""Romance""}]","[{""id"": 6, ""logo_path"": ""/n53F7K9scQWFXYbrCablqLKqJdp.png"", ""name"": ""RKO Radio Pictures"", ""origin_country"": ""US""}]","[{""iso_3166_1"": ""US"", ""name"": ""United States of America""}]","[{""english_name"": ""English"", ""iso_639_1"": ""en"", ""name"": ""English""}]","[""US""]",null
171859,Black White + Gray: A Portrait of Sam Wagstaff and Robert Mapplethorpe,Black White + Gray: A Portrait of Sam Wagstaff and Robert Mapplethorpe,"Crump directed the feature-length documentary film Black White + Gray: A Portrait of Sam Wagstaff + Robert Mapplethorpe, which premiered in North America at the 2007 Tribeca Film Festival and in Europe at Art Basel. It explores the influence curator Sam Wagstaff, photographer Robert Mapplethorpe and musician/poet Patti Smith had on the 1970s art scene in New York City.",,Released,False,False,2007-05-01,77,0,0,0.3373,4.8,10,en,,tt1003113,/hsRQ0RD4SDfYT42L6bLbnZZRArd.jpg,/8MsEZ3I0pULuEL2SFU0vFyNj6uT.jpg,"[{""id"": 99, ""name"": ""Documentary""}]","[{""id"": 105061, ""logo_path"": null, ""name"": ""Arthouse Films"", ""origin_country"": """"}, {""id"": 4748, ""logo_path"": ""/bTMeosrSiKaTPmZiTYnSDZlin5d.png"", ""name"": ""Oscilloscope"", ""origin_country"": ""US""}]","[{""iso_3166_1"": ""DE"", ""name"": ""Germany""}, {""iso_3166_1"": ""US"", ""name"": ""United States of America""}]",[],"[""US""]",null
171861,The Flight That Disappeared,The Flight That Disappeared,"A cross-country airliner, whose passengers include a nuclear physicist, a rocket expert, and a mathematical genius, is drawn beyond radar range by an unknown, unbreakable force.",Jetliner Hijacked!,Released,False,False,1961-09-01,72,0,0,0.9861,5.368,19,en,,tt0054881,/9K7TGSErMS8RCTlxCR5G9kFEarI.jpg,/x9zG6M1jmJ3p4HLmocCFH0WuWuA.jpg,"[{""id"": 878, ""name"": ""Science Fiction""}, {""id"": 53, ""name"": ""Thriller""}]","[{""id"": 98543, ""logo_path"": null, ""name"": ""Harvard Film Corp."", ""origin_country"": """"}]","[{""iso_3166_1"": ""US"", ""name"": ""United States of America""}]","[{""english_name"": ""English"", ""iso_639_1"": ""en"", ""name"": ""English""}]","[""US""]",null
171862,The Leathernecks Have Landed,The Leathernecks Have Landed,"Dishonorably discharged from the U.S. Marines after starting a barroom brawl that gets his leatherneck buddy ""Tubby"" Waters killed, hothead ""Woody"" Davis infiltrates a gang of Shanghai gunrunners to bring the culprit to justice.",THRILLS...WHEN THE DEVILDOGS SWING INTO ACTION!,Released,False,False,1936-02-17,67,0,0,1.6422,5.0,1,en,,tt0027877,/dkFiLRGTgLIuNmOUl18ltJJHgsS.jpg,/z8fOP2Ncrv61VnPQtsHecbLFvDG.jpg,"[{""id"": 12, ""name"": ""Adventure""}]","[{""id"": 1432, ""logo_path"": ""/odyWStT82nGf2LQCyfs7iFudwa0.png"", ""name"": ""Republic Pictures"", ""origin_country"": ""US""}]","[{""iso_3166_1"": ""US"", ""name"": ""United States of America""}]","[{""english_name"": ""English"", ""iso_639_1"": ""en"", ""name"": ""English""}]","[""US""]",null
171863,A Very Barry Christmas,A Very Barry Christmas,"When Barry Buckley's surefire business venture fails to ignite, a bizarre chain of events causes a catastrophic chance meeting with Santa, and the two unwittingly trade lives in a Christmas mix-up of epic proportions.",,Released,False,False,2005-12-25,45,0,0,0.5485,5.0,2,en,,tt0920894,/bqXFTDvKNSCxn7YF0IIBVH8nIgi.jpg,/lFPLUdZgIyPcRSmdQE1yFYKMKDH.jpg,"[{""id"": 16, ""name"": ""Animation""}, {""id"": 10751, ""name"": ""Family""}]","[{""id"": 59990, ""logo_path"": ""/phETJ8V9lMPnCQbWGVGEdoVJAGq.png"", ""name"": ""Cuppa Coffee Studios"", ""origin_country"": ""CA""}]","[{""iso_3166_1"": ""CA"", ""name"": ""Canada""}]",[],"[""US""]",null
171864,Shadow Island Mysteries: Wedding for One,Shadow Island Mysteries: Wedding for One,"TV Movie directed by Gary Yates. Claire is hosting her best friend's wedding. Guests arrive, old family conflicts resurface and the night before the wedding, the Groom goes missing. Only Claire knows of Danny's disappearance and she is determined to find him and bring him back before her best friend finds out.",,Released,False,False,2010-08-12,120,0,0,0.8945,4.3,8,en,,tt1655629,/uwuG3nTrBbV2UTJljcLDamQzq1u.jpg,/e2oATUWYp8t3xcK14hAUcWLR02c.jpg,"[{""id"": 9648, ""name"": ""Mystery""}, {""id"": 10749, ""name"": ""Romance""}, {""id"": 10770, ""name"": ""TV Movie""}]","[{""id"": 11517, ""logo_path"": ""/7tT0PqNjEalEwE1GkjxU32SlOW6.png"", ""name"": ""Buffalo Gal Pictures"", ""origin_country"": ""CA""}, {""id"": 5743, ""logo_path"": ""/y8JaCRhsEz4ipl7MWE0ErxWVPYN.png"", ""name"": ""Breakthrough Entertainment"", ""origin_country"": ""CA""}]","[{""iso_3166_1"": ""CA"", ""name"": ""Canada""}]","[{""english_name"": ""English"", ""iso_639_1"": ""en"", ""name"": ""English""}]","[""CA"", ""US""]",null
171870,Alabama Love Story,Roper and Goodie,"A broken down ex-rodeo cowboy, Roper, is down on his luck. He has three weeks to pay three months rent when he reads about the couple of the year in the newspaper, and decides to kidnap the wife, Goodwina for ransom. Goodie is the sweetest country girl ever, and she married a country boy, only to have him change into a city politician who is sleeping with his assistant. He mocks her for her country ways. After Roper kidnaps Goodie, They initially hate each other (understandably so), but when Roper calls in for a ransom, her husband tells him that he doesn't want her back.",,Released,False,False,2003-01-01,97,0,0,0.2673,0.0,0,en,,tt0347898,/tTY1vuRXIbi0hdXkKM1wUwZVJTM.jpg,,[],[],"[{""iso_3166_1"": ""US"", ""name"": ""United States of America""}]","[{""english_name"": ""English"", ""iso_639_1"": ""en"", ""name"": ""English""}]","[""US""]",null
171871,The Bells of Silesia,Das Unheil,"Pollution, disaffection, moral decay and social unrest surround a church and its pastor's family heading toward a celebration over the return of its bells.",,Released,False,False,1972-03-23,106,0,0,0.337,4.5,8,de,,tt0067904,/leF5pTHBqoazrKSh9diq1Sz0kib.jpg,/cyYC93oWlOhpsANCYvm22XAzSgc.jpg,"[{""id"": 53, ""name"": ""Thriller""}, {""id"": 18, ""name"": ""Drama""}]",[],"[{""iso_3166_1"": ""DE"", ""name"": ""Germany""}]","[{""english_name"": ""German"", ""iso_639_1"": ""de"", ""name"": ""Deutsch""}]","[""DE""]",null
