id,title,original_title,overview,tagline,status,adult,video,release_date,runtime,budget,revenue,popularity,vote_average,vote_count,original_language,homepage,imdb_id,poster_path,backdrop_path,genres,production_companies,production_countries,spoken_languages,origin_country,belongs_to_collection
28606,Moving Target,Bersaglio sull'autostrada,Hot girlfriend witnesses mobsters killing her boyfriend. She goes on the run with mob and cops on her tail.,,Released,False,False,1988-01-01,83,0,0,0.3688,2.4,5,it,,tt0102472,/jyA73BTOjiy2URRsqx4QaMI6YUR.jpg,/rZHPu51hT9yHvwzUSjKBx2yGgQF.jpg,"[{""id"": 53, ""name"": ""Thriller""}]","[{""id"": 177067, ""logo_path"": ""/sI0mso9TQw1zsaJUJLtmVoezTie.png"", ""name"": ""Astrablu Media"", ""origin_country"": ""US""}, {""id"": 87587, ""logo_path"": null, ""name"": ""International Cinema Company (ICC)"", ""origin_country"": ""IT""}, {""id"": 38918, ""logo_path"": null, ""name"": ""Laguna Productions"", ""origin_country"": """"}]","[{""iso_3166_1"": ""IT"", ""name"": ""Italy""}]","[{""english_name"": ""English"", ""iso_639_1"": ""en"", ""name"": ""English""}]","[""IT""]",null
28608,Traveling Companions,L'amour chez les poids lourds,The Story of Oddyseus and the Sirens placed in the countryside of France. Oddyseus is a trucker and his Penelope runs a café.,,Released,False,False,1978-02-14,90,0,0,0.6767,6.3,3,fr,,tt0178537,/1CaWbp0zGZC4BVZVyyNsP0UCXLU.jpg,,"[{""id"": 12, ""name"": ""Adventure""}, {""id"": 10749, ""name"": ""Romance""}, {""id"": 35, ""name"": ""Comedy""}]","[{""id"": 4849, ""logo_path"": null, ""name"": ""Consul International Films"", ""origin_country"": """"}, {""id"": 4850, ""logo_path"": null, ""name"": ""Les Films JMP"", ""origin_country"": ""FR""}]","[{""iso_3166_1"": ""FR"", ""name"": ""France""}, {""iso_3166_1"": ""IT"", ""name"": ""Italy""}]","[{""english_name"": ""French"", ""iso_639_1"": ""fr"", ""name"": ""Fran\u00e7ais""}]","[""FR""]",null
28609,Dragon Ball Z: Dead Zone,ドラゴンボールＺ オラの悟飯をかえせッ!!,"In order to wish for immortality and avenge his father, Garlic Jr. collects the dragon balls, kidnapping Goku's son Gohan in the process. Goku, Kami, Piccolo, and Krillin unite to rescue Gohan and save the world from being sucked into a dead zone.",Pray for those who took him.,Released,False,False,1989-07-15,41,0,9060335,4.4474,6.857,607,ja,,tt0142235,/ywtyEDTM2YO7qod7USNNwhrAfvA.jpg,/6SFrBoiuioqljN42pbTmyRKccTp.jpg,"[{""id"": 16, ""name"": ""Animation""}, {""id"": 28, ""name"": ""Action""}, {""id"": 14, ""name"": ""Fantasy""}]","[{""id"": 5542, ""logo_path"": ""/ayE4LIqoAWotavo7xdvYngwqGML.png"", ""name"": ""Toei Animation"", ""origin_country"": ""JP""}, {""id"": 5822, ""logo_path"": ""/qyTbRgCyU9NLKvKaiQVbadtr7RY.png"", ""name"": ""Toei Company"", ""origin_country"": ""JP""}]","[{""iso_3166_1"": ""JP"", ""name"": ""Japan""}]","[{""english_name"": ""Japanese"", ""iso_639_1"": ""ja"", ""name"": ""\u65e5\u672c\u8a9e""}]","[""JP""]","{""id"": 425164, ""name"": ""Dragon Ball Z Collection"", ""poster_path"": ""/2VMZ1zRFPnUQtQp5K4WRXvDYBjh.jpg"", ""backdrop_path"": ""/7PcbijxTfwi9vjWEfXdS0ReAw8q.jpg""}"
28610,Princess Lillifee,Prinzessin Lillifee,"In an enchanted kingdom, Princess Fairy Lillifee rules creating beauty and spreading goodness wherever she goes. Together with her best friend, Pupsi pork, she flies all over her kingdom, leaving behind a magical trail:  clouds of pink butterflies and twinkling stars. She soon discovers that not everyone is happy. Many complain about the antics of some fairies. If things don't change, the farm goblins, fishermen elves and mermaids will leave the enchanted kingdom.",,Released,False,False,2009-03-26,70,0,0,0.2805,4.6,9,en,,tt1401245,/zQXfaf9piAUYkcGYdlRInyFX2jv.jpg,/j9510qn9DwRbGT4DADwhXBKdZKc.jpg,"[{""id"": 10751, ""name"": ""Family""}, {""id"": 16, ""name"": ""Animation""}]",[],"[{""iso_3166_1"": ""DE"", ""name"": ""Germany""}]","[{""english_name"": ""Danish"", ""iso_639_1"": ""da"", ""name"": ""Dansk""}, {""english_name"": ""German"", ""iso_639_1"": ""de"", ""name"": ""Deutsch""}]","[""US""]","{""id"": 122512, ""name"": ""Prinzessin Lillifee Collection"", ""poster_path"": ""/pEv0L6oBu5yj4jPnOF4Z9RszfBj.jpg"", ""backdrop_path"": ""/vXaPOLIn3x9OMBBLMXzaHjIKaHk.jpg""}"
28614,The First Deadly Sin,The First Deadly Sin,"A serial killer is stalking New York. Inspector Edward X. Delaney is an NYPD detective, nearing retirement, who is trying to put together the pieces of the case. Are the victims somehow linked? What does the brutal method of death signify?",He's searching for a killer. She's searching for a miracle .... And time is running out.,Released,False,False,1980-10-03,112,0,0,1.4771,5.7,38,en,,tt0080738,/uAP2EaHPLTaSuLtyYuDJ8DE4sr6.jpg,/6MzGiJSXSrxggAE2qNoXnYVefJI.jpg,"[{""id"": 80, ""name"": ""Crime""}, {""id"": 18, ""name"": ""Drama""}, {""id"": 9648, ""name"": ""Mystery""}, {""id"": 53, ""name"": ""Thriller""}]","[{""id"": 69253, ""logo_path"": null, ""name"": ""Artanis Productions Inc."", ""origin_country"": """"}, {""id"": 1138, ""logo_path"": ""/nFDryQEdl7eVjJuXoaT4Vw88xgz.png"", ""name"": ""Filmways Pictures"", ""origin_country"": ""US""}]","[{""iso_3166_1"": ""US"", ""name"": ""United States of America""}]","[{""english_name"": ""English"", ""iso_639_1"": ""en"", ""name"": ""English""}]","[""US""]",null
28616,Dead Country,Dead Country,"When a space ship containing hazardous material explodes over a small rural town, a deadly virus is unleashed upon the population, turning them into zombies. Only the alien being responsible for the terrible accident and a small group of survivors can stop the epidemic from spreading, but first they have to survive the experience.",The dead will rise... are you ready for it?,Released,False,False,2008-10-07,75,0,0,0.9945,2.7,7,en,,tt1002974,/v0wO7pKFTp3GK27KUFihATGZFu5.jpg,,"[{""id"": 27, ""name"": ""Horror""}, {""id"": 878, ""name"": ""Science Fiction""}]",[],"[{""iso_3166_1"": ""AU"", ""name"": ""Australia""}]","[{""english_name"": ""English"", ""iso_639_1"": ""en"", ""name"": ""English""}]","[""AU"", ""US""]","{""id"": 733500, ""name"": ""Dead Country Collection"", ""poster_path"": null, ""backdrop_path"": null}"
28623,MacDaddy Star Series: Sara St. James,MacDaddy Star Series: Sara St. James,,,Released,False,False,1995-12-31,57,0,0,0.2443,0.0,0,en,,tt0142820,/l8iz4ovAgICWh0eWs0mgGN0BQ8U.jpg,,[],"[{""id"": 4851, ""logo_path"": null, ""name"": ""MacDaddy Entertainment"", ""origin_country"": """"}]","[{""iso_3166_1"": ""US"", ""name"": ""United States of America""}]","[{""english_name"": ""English"", ""iso_639_1"": ""en"", ""name"": ""English""}]","[""US""]",null
28624,Embrace the Darkness,Embrace the Darkness,"Vampires Galen and Miranda have just moved to a renovated warehouse in Los Angeles. Galen is tired of the vampiric life and becomes attracted to Jennifer, a dancer living in the building opposite who is trying to perfect a piece of erotic performance art.",Eternity is a very long time.,Released,False,False,1999-10-05,93,0,0,0.9086,3.7,10,en,,tt0162945,/g2TmCzmEgW5bfsMyAeN5Itfu23h.jpg,/kqgFG6TrE3uAASGtGGrRmPTgPDv.jpg,"[{""id"": 27, ""name"": ""Horror""}, {""id"": 53, ""name"": ""Thriller""}]","[{""id"": 4852, ""logo_path"": null, ""name"": ""Mystique Films"", ""origin_country"": ""US""}]","[{""iso_3166_1"": ""US"", ""name"": ""United States of America""}]","[{""english_name"": ""English"", ""iso_639_1"": ""en"", ""name"": ""English""}]","[""US""]","{""id"": 896435, ""name"": ""Embrace the Darkness Collection"", ""poster_path"": ""/42nSt4DIHF1NeavTWIF3r7kr1Z2.jpg"", ""backdrop_path"": ""/9jz5tT9gpYOhAYrnyLhxSmruGxt.jpg""}"
28625,Embrace the Darkness II,Embrace the Darkness II,A sultry vampire acts as mentor to a reluctant recruit.,"They've chosen their destiny. Now they have an eternity to discover its dark, seductive pleasures.",Released,False,False,2002-01-22,89,0,0,0.9728,4.9,10,en,,tt0297102,/vfuJE7xriaIpwwE5Qoh19kIjNrs.jpg,/3q3MF1IUfIZlMk6pTDZEKorXajw.jpg,"[{""id"": 27, ""name"": ""Horror""}, {""id"": 10749, ""name"": ""Romance""}]","[{""id"": 6894, ""logo_path"": null, ""name"": ""Indigo Entertainment"", ""origin_country"": ""US""}]","[{""iso_3166_1"": ""US"", ""name"": ""United States of America""}]","[{""english_name"": ""English"", ""iso_639_1"": ""en"", ""name"": ""English""}]","[""US""]","{""id"": 896435, ""name"": ""Embrace the Darkness Collection"", ""poster_path"": ""/42nSt4DIHF1NeavTWIF3r7kr1Z2.jpg"", ""backdrop_path"": ""/9jz5tT9gpYOhAYrnyLhxSmruGxt.jpg""}"
28626,Embrace the Darkness III,Embrace the Darkness III,"Jennifer is a young female vampire who is led to believe that Victor, a 200-year-old vampire, can make all her desires come true. But is he just setting her up for betrayal?",Sink Your Teeth In.,Released,False,False,2002-09-17,102,0,0,0.5921,3.8,13,en,,tt0346934,/mFlzrmMzJ2NcH4CFR8eGqzBHiys.jpg,/htf9I1QCRUJz2sjNpPXE7kFHFPd.jpg,"[{""id"": 18, ""name"": ""Drama""}, {""id"": 27, ""name"": ""Horror""}, {""id"": 14, ""name"": ""Fantasy""}]","[{""id"": 6894, ""logo_path"": null, ""name"": ""Indigo Entertainment"", ""origin_country"": ""US""}]","[{""iso_3166_1"": ""US"", ""name"": ""United States of America""}]","[{""english_name"": ""English"", ""iso_639_1"": ""en"", ""name"": ""English""}]","[""US""]","{""id"": 896435, ""name"": ""Embrace the Darkness Collection"", ""poster_path"": ""/42nSt4DIHF1NeavTWIF3r7kr1Z2.jpg"", ""backdrop_path"": ""/9jz5tT9gpYOhAYrnyLhxSmruGxt.jpg""}"
28627,The Student of Prague,Der Student von Prag,"Prague, Bohemia, 1820. Balduin, a penniless student, falls in love with Countess Margit, a wealthy noblewoman whom he has saved from drowning.",,Released,False,False,1913-08-11,85,0,0,0.5782,6.1,72,de,,tt0003419,/tO2zgNEY0MqtvEyPioTTfHgmN2Q.jpg,/pSrl9LPOKVGLh9DAvEaAwlpZAYz.jpg,"[{""id"": 18, ""name"": ""Drama""}, {""id"": 14, ""name"": ""Fantasy""}]","[{""id"": 51972, ""logo_path"": null, ""name"": ""Deutsche Bioscope"", ""origin_country"": ""DE""}]","[{""iso_3166_1"": ""DE"", ""name"": ""Germany""}]","[{""english_name"": ""No Language"", ""iso_639_1"": ""xx"", ""name"": ""No Language""}]","[""DE""]",null
28628,Stonewall,Stonewall,A group of gay friends try to live with dignity and self-respect while events build to the opening battle in the major gay rights movement.,The fight for the right to love,Released,False,False,1995-12-26,99,0,0,1.4423,5.7,27,en,https://www.bbc.co.uk/programmes/p033cncb,tt0114550,/pCkn7r7V9UFmtuREaKmaoI5OeeT.jpg,/8513UQR6ZYUUT3fKJgaoFQu4EEU.jpg,"[{""id"": 10749, ""name"": ""Romance""}, {""id"": 18, ""name"": ""Drama""}, {""id"": 35, ""name"": ""Comedy""}, {""id"": 36, ""name"": ""History""}]","[{""id"": 3324, ""logo_path"": ""/dqT3yOTlfJRmtvk52Ccd1O6dZ0A.png"", ""name"": ""BBC"", ""origin_country"": ""GB""}, {""id"": 1422, ""logo_path"": ""/rIB6DuimR1qgLE14cBwpMABC2xx.png"", ""name"": ""Killer Films"", ""origin_country"": ""US""}, {""id"": 17179, ""logo_path"": null, ""name"": ""BBC Arena"", ""origin_country"": ""GB""}]","[{""iso_3166_1"": ""GB"", ""name"": ""United Kingdom""}, {""iso_3166_1"": ""US"", ""name"": ""United States of America""}]","[{""english_name"": ""English"", ""iso_639_1"": ""en"", ""name"": ""English""}]","[""US"", ""GB""]",null
28629,Eerie Tales,Unheimliche Geschichten,"A demon, a reaper, and the ghost of a prostitute read gothic short stories and act them out.",,Released,False,False,1919-11-05,101,0,0,0.5323,5.5,24,de,,tt0010821,/53971ZEqRIk600jY8juaCBMaAT7.jpg,/aHW2z7LgUltMRgI2mfqpai4HNQL.jpg,"[{""id"": 14, ""name"": ""Fantasy""}, {""id"": 27, ""name"": ""Horror""}, {""id"": 9648, ""name"": ""Mystery""}]","[{""id"": 4853, ""logo_path"": null, ""name"": ""Richard Oswald Produktion"", ""origin_country"": ""DE""}]","[{""iso_3166_1"": ""DE"", ""name"": ""Germany""}]","[{""english_name"": ""No Language"", ""iso_639_1"": ""xx"", ""name"": ""No Language""}]","[""DE""]",null
28630,"George Lopez: Tall, Dark & Chicano","George Lopez: Tall, Dark & Chicano","One of the premier comedic talents in the entertainment industry, George Lopez stars in his second HBO solo special. George Lopez: Tall, Dark & Chicano is a live stand-up special performed in front of a packed arena crowd at the AT&T Center in San Antonio, TX.",,Released,False,True,2009-08-09,90,0,0,0.5489,5.1,8,en,,tt1508274,/be6gNC20qqPjtAt88H75dnU0CZQ.jpg,/ygGYPw81ynPeZpIqEegDG3Qpa0I.jpg,"[{""id"": 35, ""name"": ""Comedy""}]",[],"[{""iso_3166_1"": ""US"", ""name"": ""United States of America""}]","[{""english_name"": ""English"", ""iso_639_1"": ""en"", ""name"": ""English""}]","[""US""]",null
28632,Zen,禅,"In the early 1200s, Dogen brought Chinese Zen philosophy to Japan, and established the Japanese Zen school of Buddhism. He taught that a person was capable of realizing Buddhahood within himself, by way of Zazen. Zazen is extended hours of sitting and meditating to achieve a state of “Mu” (nothingness, or empty existence).",,Released,False,False,2009-01-10,127,0,2877113,2.3021,7.1,31,ja,,tt1156470,/jv9dXTSZSEIUwFV5Wrsov41XKZ4.jpg,/v4nKDuW6h89rDmeUSyZlL8skYGg.jpg,"[{""id"": 18, ""name"": ""Drama""}, {""id"": 36, ""name"": ""History""}]","[{""id"": 2073, ""logo_path"": ""/tWxRSaKmRJNTcmtlXsmn5R4KOSU.png"", ""name"": ""KADOKAWA"", ""origin_country"": ""JP""}]","[{""iso_3166_1"": ""JP"", ""name"": ""Japan""}]","[{""english_name"": ""Japanese"", ""iso_639_1"": ""ja"", ""name"": ""\u65e5\u672c\u8a9e""}, {""english_name"": ""Mandarin"", ""iso_639_1"": ""zh"", ""name"": ""\u666e\u901a\u8bdd""}]","[""JP""]",null
28633,The Third Society,The Third Society,A female cop's sister is kidnapped by the Asian mafia and she has 24 hours to save her.,,Released,False,False,2002-10-05,84,0,0,0.1862,0.0,0,en,,tt0221637,/d9CRq7GyqXr63EbsjI1UOpEGEns.jpg,/gYT5Ptsx5bjUnQw2MHYVEJL0blj.jpg,"[{""id"": 28, ""name"": ""Action""}]","[{""id"": 5058, ""logo_path"": null, ""name"": ""Warrior Entertainment"", ""origin_country"": """"}]","[{""iso_3166_1"": ""US"", ""name"": ""United States of America""}]","[{""english_name"": ""English"", ""iso_639_1"": ""en"", ""name"": ""English""}]","[""US""]",null
28635,Wishmaster 3: Beyond the Gates of Hell,Wishmaster 3: Beyond the Gates of Hell,"The evil Djinn is back at it again, this time wreaking havoc on the students of Illinois' Baxter University. His victim is a beautiful, innocent and studious teenage girl named Diana Collins who accidentally opened up the Djinn's tomb and released him.","Three wishes, one nightmare.",Released,False,False,2001-10-23,89,1500000,0,1.9242,4.331,204,en,,tt0254871,/aQaOymRoRpNBFOaFRnoxXj6dwJv.jpg,/bQhC7BgN35hWOR7fA7k1yZH3jkL.jpg,"[{""id"": 53, ""name"": ""Thriller""}, {""id"": 27, ""name"": ""Horror""}, {""id"": 14, ""name"": ""Fantasy""}]","[{""id"": 24076, ""logo_path"": null, ""name"": ""Paquin Entertainment Group"", ""origin_country"": """"}, {""id"": 24077, ""logo_path"": null, ""name"": ""Pendle View (WM) Limited"", ""origin_country"": """"}, {""id"": 888, ""logo_path"": null, ""name"": ""Overseas FilmGroup"", ""origin_country"": ""US""}, {""id"": 2188, ""logo_path"": ""/f1zrx8bIsS81AHoPQq4riJx68Lt.png"", ""name"": ""Artisan Entertainment"", ""origin_country"": ""US""}, {""id"": 2623, ""logo_path"": ""/7Bkm1yUF0y8x6jw8dHRfzS3B6dq.png"", ""name"": ""Blue Rider Pictures"", ""origin_country"": ""US""}, {""id"": 1069, ""logo_path"": null, ""name"": ""GFT Entertainment"", ""origin_country"": """"}]","[{""iso_3166_1"": ""CA"", ""name"": ""Canada""}, {""iso_3166_1"": ""US"", ""name"": ""United States of America""}]","[{""english_name"": ""English"", ""iso_639_1"": ""en"", ""name"": ""English""}]","[""US"", ""CA""]","{""id"": 135489, ""name"": ""Wishmaster Collection"", ""poster_path"": ""/1FDfl0PEnapO6c1BSgMrFgkM9f3.jpg"", ""backdrop_path"": ""/yCTkIUEOwc7HAGAoZGK85MK8dAd.jpg""}"
28636,Within the Law,Within the Law,"Shopgirl Mary Turner, sentenced to prison for someone else's theft, is released and takes revenge upon those who wronged her in powerful but lawful ways.","GIRLS WITHOUT SHAME! LADIES OF THE BIG HOUSE!...what happens to them when they get out?...See the bold, dramatic answer in...""WITHIN THE LAW""",Released,False,False,1939-03-17,65,0,0,1.4558,6.0,5,en,,tt0032135,/oTK8cGeNHVw3Lce03pM8c28jljo.jpg,/j0Fq8U1CNVTIr6F6RxCNwl6krlM.jpg,"[{""id"": 80, ""name"": ""Crime""}, {""id"": 18, ""name"": ""Drama""}, {""id"": 10749, ""name"": ""Romance""}]","[{""id"": 1460, ""logo_path"": null, ""name"": ""Loew's Incorporated"", ""origin_country"": ""US""}, {""id"": 21, ""logo_path"": ""/usUnaYV6hQnlVAXP6r4HwrlLFPG.png"", ""name"": ""Metro-Goldwyn-Mayer"", ""origin_country"": ""US""}]","[{""iso_3166_1"": ""US"", ""name"": ""United States of America""}]","[{""english_name"": ""English"", ""iso_639_1"": ""en"", ""name"": ""English""}]","[""US""]",null
28637,The Living Dead,Unheimliche Geschichten,"A crazed scientist murders his wife, walls her up, then flees. A reporter sets out to track him down. Remake of Unheimliche Geschichten (Richard Oswald, 1919).",,Released,False,False,1932-09-06,89,0,0,0.5399,5.8,4,de,,tt0023640,/hYBAjzKZBFlHmiDi2pN9hu95pwi.jpg,,"[{""id"": 27, ""name"": ""Horror""}]","[{""id"": 53867, ""logo_path"": null, ""name"": ""G.P. Film GmbH"", ""origin_country"": """"}, {""id"": 29751, ""logo_path"": null, ""name"": ""Roto Film"", ""origin_country"": """"}]","[{""iso_3166_1"": ""DE"", ""name"": ""Germany""}]","[{""english_name"": ""German"", ""iso_639_1"": ""de"", ""name"": ""Deutsch""}]","[""DE""]",null
28638,The Bird People in China,中国の鳥人,"Wada, a salary man, is enlisted to venture off to China to investigate a potential Jade mine. After his arrival, Wada encounters a violent, yet sentimental, yakuza, who takes the liberty of joining his adventure through China. Led on their long and disastrous journey to the mine by Shen, the three men come across something even more magical and enticing.",The children of the sky.,Released,False,False,1998-06-10,118,0,0,2.3274,7.2,88,ja,,tt0142181,/civu1OxSYyxywfEOeMyCZoAOt7H.jpg,/scfBpNaw7LZIV6NtDlC01HCjEpT.jpg,"[{""id"": 12, ""name"": ""Adventure""}, {""id"": 18, ""name"": ""Drama""}]","[{""id"": 9222, ""logo_path"": null, ""name"": ""Excellent Film"", ""origin_country"": """"}, {""id"": 4649, ""logo_path"": null, ""name"": ""Sedic"", ""origin_country"": ""JP""}]","[{""iso_3166_1"": ""JP"", ""name"": ""Japan""}]","[{""english_name"": ""Japanese"", ""iso_639_1"": ""ja"", ""name"": ""\u65e5\u672c\u8a9e""}, {""english_name"": ""Mandarin"", ""iso_639_1"": ""zh"", ""name"": ""\u666e\u901a\u8bdd""}, {""english_name"": ""English"", ""iso_639_1"": ""en"", ""name"": ""English""}]","[""JP""]",null
28640,Devil's Den,Devil's Den,"Quinn Taylor and his friend Nick are on their way back from Mexico with a load of Spanish Fly to sell in the States. They stop at a gentlemen's club called The Devil's Den and decide to test out their product on the unsuspecting women there. Only, these women aren't really human, and the two men find themselves in a very fatal position. Also tossed in are a female-assassin on the hunt for Quinn, a monster hunter!",Killing from Dusk till Dawn.,Released,False,False,2006-10-22,84,1500000,0,0.9441,4.4,37,en,,tt0493409,/z3bGF7BWlA6POS7okgB5V6J1Bz0.jpg,/uxHl9Zmfg1L4oLTr4uNfK6S337a.jpg,"[{""id"": 28, ""name"": ""Action""}, {""id"": 27, ""name"": ""Horror""}, {""id"": 53, ""name"": ""Thriller""}]",[],"[{""iso_3166_1"": ""US"", ""name"": ""United States of America""}]","[{""english_name"": ""German"", ""iso_639_1"": ""de"", ""name"": ""Deutsch""}, {""english_name"": ""English"", ""iso_639_1"": ""en"", ""name"": ""English""}]","[""US""]",null
28641,Heaven & Hell: Live From Radio City Music Hall,Heaven & Hell: Live From Radio City Music Hall,"This live concert recording captures the sold-out Radio City Music Hall performance of former Black Sabbath rockers Ronnie James Dio, Vinny Appice, Tony Iommi and Geezer Butler, who reunited under the name ""Heaven & Hell"" in 2006.",,Released,False,True,2007-08-28,122,0,0,0.1763,7.2,8,en,,tt1144891,/yBe5NKNXQL065nXNx3vmxkjd1yR.jpg,/162apYTxbXnZtpCk7nNgfFBuYem.jpg,"[{""id"": 10402, ""name"": ""Music""}]",[],"[{""iso_3166_1"": ""US"", ""name"": ""United States of America""}]","[{""english_name"": ""English"", ""iso_639_1"": ""en"", ""name"": ""English""}]","[""US""]",null
28642,It's Gradiva Who Is Calling You,Gradiva (C'est Gradiva qui vous appelle),An English historian travels to Morocco to work on a study of the painter Delacroix. He hears of a rare series of engravings and embarks on a search for them that takes him through the mysterious streets of the ancient medina. He becomes obsessed with the figure of a beautiful blond woman dressed in white that he sees there. but it appears that she may have died years before.,,Released,False,False,2007-05-09,115,0,0,0.4727,5.9,29,ru,http://www.mondomacabrodvd.com/mod144.html,tt0485798,/2KEirsUQmMq7MoBGhMMCYahfBJk.jpg,/vlK6BPHB3vGKJNozHrUYFtpvyJr.jpg,"[{""id"": 9648, ""name"": ""Mystery""}, {""id"": 18, ""name"": ""Drama""}, {""id"": 53, ""name"": ""Thriller""}]","[{""id"": 1249, ""logo_path"": null, ""name"": ""Les Films du Lendemain"", ""origin_country"": ""FR""}, {""id"": 18519, ""logo_path"": null, ""name"": ""Acajou Films"", ""origin_country"": ""FR""}, {""id"": 104, ""logo_path"": ""/9aotxauvc9685tq9pTcRJszuT06.png"", ""name"": ""Canal+"", ""origin_country"": ""FR""}]","[{""iso_3166_1"": ""BE"", ""name"": ""Belgium""}, {""iso_3166_1"": ""FR"", ""name"": ""France""}]","[{""english_name"": ""French"", ""iso_639_1"": ""fr"", ""name"": ""Fran\u00e7ais""}]","[""RU""]",null
28643,Halloween... The Happy Haunting of America!,Halloween... The Happy Haunting of America!,This documentary on Halloween visits haunted houses around the U.S. and presents interviews with horror celebrities.,,Released,False,False,1997-01-01,50,100000,0,1.0701,9.0,2,en,,tt0298900,/4OpYG6cQ5R9Kfd9QO4mZn29DwVI.jpg,,"[{""id"": 27, ""name"": ""Horror""}, {""id"": 35, ""name"": ""Comedy""}, {""id"": 99, ""name"": ""Documentary""}]","[{""id"": 39041, ""logo_path"": null, ""name"": ""Chuck Williams Productions"", ""origin_country"": """"}, {""id"": 110620, ""logo_path"": null, ""name"": ""Whiz Bang Entertainment"", ""origin_country"": """"}]","[{""iso_3166_1"": ""US"", ""name"": ""United States of America""}]","[{""english_name"": ""English"", ""iso_639_1"": ""en"", ""name"": ""English""}]","[""US""]",null
28644,The Milk of Sorrow,La teta asustada,"Fausta is suffering from a rare disease called the Milk of Sorrow, which is transmitted through the breast milk of pregnant women who were abused or raped during or soon after pregnancy. While living in constant fear and confusion due to this disease, she must face the sudden death of her mother. She chooses to take drastic measures to not follow in her mother's footsteps.",,Released,False,False,2009-02-13,94,0,0,0.5098,6.3,103,es,,tt1206488,/bdg1wZ76HSVEtEKh7FUXYGqW9nW.jpg,/u1N34argMlLDuS7zUIekPVk9Imz.jpg,"[{""id"": 18, ""name"": ""Drama""}]","[{""id"": 7046, ""logo_path"": null, ""name"": ""Paris Film Production"", ""origin_country"": ""FR""}]","[{""iso_3166_1"": ""ES"", ""name"": ""Spain""}, {""iso_3166_1"": ""PE"", ""name"": ""Peru""}]","[{""english_name"": ""Quechua"", ""iso_639_1"": ""qu"", ""name"": """"}, {""english_name"": ""Spanish"", ""iso_639_1"": ""es"", ""name"": ""Espa\u00f1ol""}]","[""PE"", ""ES""]",null
28645,Monster Mania,Monster Mania,"Monster Mania traces the evolution of horror films, featuring footage from classic and contemporary favorites.",,Released,False,False,1997-01-01,62,0,0,0.4418,10.0,2,en,,tt0297292,/aFjafI3sMAbTqJJGTZShS7i6zg8.jpg,/njtJeKxJCZ1vhAxPsLE6QGWdLGQ.jpg,"[{""id"": 99, ""name"": ""Documentary""}]","[{""id"": 23242, ""logo_path"": ""/ucE6dN6pUPfZHH5JlXkq44TDUMS.png"", ""name"": ""AMC Studios"", ""origin_country"": ""US""}]","[{""iso_3166_1"": ""US"", ""name"": ""United States of America""}]","[{""english_name"": ""English"", ""iso_639_1"": ""en"", ""name"": ""English""}]","[""US""]",null
28646,Spoiler,Spoiler,"Roger Mason is a prisoner locked away in a futuristic fortress of a jail. Desperate to escape and see his daughter, he keeps making attempt after attempt to break free, but each one is foiled just as he's about to gain his freedom. As his punishments include being frozen in suspended animation for years at a time, he stays the same age while his daughter grows older. As more time keeps being added to his sentence, he despairs of ever getting out.",No prison could hold him... no system could control him,Released,False,False,1998-09-15,99,0,0,1.047,4.9,8,en,,tt0120187,/hVXfaL4gBHPVkXSPWTC0fnPvsQF.jpg,/g67ePG4NhUMg0coOLWT5EF74ynD.jpg,"[{""id"": 878, ""name"": ""Science Fiction""}, {""id"": 53, ""name"": ""Thriller""}, {""id"": 27, ""name"": ""Horror""}, {""id"": 28, ""name"": ""Action""}]","[{""id"": 91522, ""logo_path"": null, ""name"": ""Ed Ancoats Inc."", ""origin_country"": """"}]","[{""iso_3166_1"": ""US"", ""name"": ""United States of America""}]","[{""english_name"": ""English"", ""iso_639_1"": ""en"", ""name"": ""English""}]","[""US""]",null
28647,The Spectre of Edgar Allan Poe,The Spectre of Edgar Allan Poe,"Poe's fiance, Lenore, falls into a coma and is taken for dead. She is rescued at the last possible moment from being buried alive, but the experience has driven her insane. On the advice of his friend, Dr. Forrest, Poe commits Lenore to the asylum run by Dr. Grimaldi. On a visit to the asylum, Poe and Forrest sense that something strange is going on, and decide to sneak back in after dark and investigate.",,Released,False,False,1974-07-29,89,0,0,0.4577,3.0,5,en,,tt0072197,/3ld5JsyhGelTeSKaYMmz3gBxdlD.jpg,/eGjkHAnee50sqzMFu6FvBuLRTqC.jpg,"[{""id"": 27, ""name"": ""Horror""}, {""id"": 18, ""name"": ""Drama""}]",[],"[{""iso_3166_1"": ""US"", ""name"": ""United States of America""}]","[{""english_name"": ""English"", ""iso_639_1"": ""en"", ""name"": ""English""}]","[""US""]",null
28648,"Mind, Body & Soul","Mind, Body & Soul","All Brenda wants is a normal life with a normal boyfriend, but she soon finds that her boyfriend is anything but normal -- he's part of a Satanic cult that makes human sacrifices! A police-interrupted ritual at the cult's demonic temple lands Brenda in jail. Upon release, she has to pick up the pieces of her shattered life with the help of a protective lawyer, a hardened detective, and her old cellmate. But the cult hasn't forgotten Brenda, and they will stop at nothing to silence her... forever!",Total Possession… The Ultimate Sacrifice,Released,False,False,1992-09-16,93,0,0,0.8611,2.8,14,en,,tt0104875,/940v5AQHUkZJH4kzwTkVwEvlAGF.jpg,/bQAKeNfFzz3cHpPAMyQ0dOEPwW0.jpg,"[{""id"": 53, ""name"": ""Thriller""}, {""id"": 27, ""name"": ""Horror""}]","[{""id"": 4818, ""logo_path"": null, ""name"": ""Rick Sloane Productions"", ""origin_country"": """"}]","[{""iso_3166_1"": ""US"", ""name"": ""United States of America""}]","[{""english_name"": ""English"", ""iso_639_1"": ""en"", ""name"": ""English""}]","[""US""]",null
28650,The Thing with Two Heads,The Thing with Two Heads,"A rich but racist man is dying and hatches an elaborate scheme for transplanting his head onto another man's body. His health deteriorates rapidly, and doctors are forced to transplant his head onto the only available candidate: a black man from death row.",The doctor blew it--the most fantastic medical experiment of the age.,Released,False,False,1972-07-19,91,0,0,1.1309,4.8,44,en,,tt0069372,/xYj9DpCeqM6bbvMvxlGqujU9boQ.jpg,/oCyMlE4YFjHZDCer5D7H4hGf62C.jpg,"[{""id"": 35, ""name"": ""Comedy""}, {""id"": 878, ""name"": ""Science Fiction""}]","[{""id"": 14148, ""logo_path"": null, ""name"": ""Saber Productions"", ""origin_country"": """"}, {""id"": 9266, ""logo_path"": ""/lRinQ7scVye5N8qkUIoCB4QXbRh.png"", ""name"": ""American International Pictures"", ""origin_country"": ""US""}]","[{""iso_3166_1"": ""US"", ""name"": ""United States of America""}]","[{""english_name"": ""English"", ""iso_639_1"": ""en"", ""name"": ""English""}]","[""US""]",null
28652,Love Camp 7,Love Camp 7,Two female Army agents go undercover at a Nazi prison camp to get information from a scientist being held there.,A Place of Total Despair. All the youthful beauty of Europe enslaved for the pleasure of the 3rd Reich.,Released,False,False,1969-10-04,96,0,0,1.3773,3.9,35,en,,tt0063242,/sjeHWyTAAWXkpBJvb91FlZs99xq.jpg,/gC8QwpOivBvwmZ5fFdKKQkjo80k.jpg,"[{""id"": 27, ""name"": ""Horror""}, {""id"": 53, ""name"": ""Thriller""}, {""id"": 10752, ""name"": ""War""}]","[{""id"": 75699, ""logo_path"": null, ""name"": ""Olympic International Films"", ""origin_country"": ""US""}]","[{""iso_3166_1"": ""US"", ""name"": ""United States of America""}]","[{""english_name"": ""English"", ""iso_639_1"": ""en"", ""name"": ""English""}]","[""US""]",null
28653,Zero in and Scream,Zero in and Scream,"A lonely man, tired of being rejected by women, gets ahold of a rifle and prowls the Hollywood hills, picking off rich couples.",,Released,False,False,1971-12-03,63,0,0,0.5589,2.5,2,en,,tt0154029,/tjnt0cRHoAjuD3RGOBPpeWAZYfh.jpg,,"[{""id"": 28, ""name"": ""Action""}, {""id"": 80, ""name"": ""Crime""}, {""id"": 53, ""name"": ""Thriller""}, {""id"": 27, ""name"": ""Horror""}]","[{""id"": 53269, ""logo_path"": null, ""name"": ""Carl Adams Enterprises"", ""origin_country"": """"}]","[{""iso_3166_1"": ""US"", ""name"": ""United States of America""}]","[{""english_name"": ""English"", ""iso_639_1"": ""en"", ""name"": ""English""}]","[""US""]",null
28655,Poor Cecily,Poor Cecily,"Cecily is a lovely young woman, so lovely in fact people can't help but be drawn to her beauty. This becomes a problem for the naive girl once her Uncle passes away and she is sold off to pay for his debts. Once living simple life of pleasure, Cecily becomes the object of pleasure once the people she encounters decide to make her their sexual goal.","At age 17, she traveled from London in innocense and arrived in France in slavery!",Released,False,False,1974-02-13,86,0,0,0.6197,4.0,4,en,,tt0124074,/2FtBB2KGvgMzzG3P6bM6m8j7Rhs.jpg,/wD1GQSBro81pNhC9CJApW9RZJO7.jpg,"[{""id"": 18, ""name"": ""Drama""}]",[],"[{""iso_3166_1"": ""US"", ""name"": ""United States of America""}]","[{""english_name"": ""English"", ""iso_639_1"": ""en"", ""name"": ""English""}]","[""US""]",null
28656,"Greta, the Mad Butcher",Greta - Haus ohne Männer,"A young woman feigns illness in order to infiltrate a mental hospital, where she investigates the disappearance of her sister, a former patient. Meanwhile, the hospital warden and her attendants abuse and torture their charges, forcing them to star in cheap skinflicks.","Once commited to her care, You'll be too terrified to die!.. You'll choke with fear!.. Recoil in horror from her unleashed fury!..",Released,False,False,1977-01-21,85,0,0,1.2627,4.6,81,de,,tt0076112,/mNQlgzkaMDBlgYyAJns6dA5gDNt.jpg,/a9RkNuksLC8v60uNwRAJgk9m2NP.jpg,"[{""id"": 27, ""name"": ""Horror""}, {""id"": 18, ""name"": ""Drama""}]","[{""id"": 6270, ""logo_path"": null, ""name"": ""Cin\u00e9pix Film Properties (CFP)"", ""origin_country"": ""CA""}, {""id"": 4856, ""logo_path"": null, ""name"": ""Elite Film"", ""origin_country"": ""CH""}]","[{""iso_3166_1"": ""CA"", ""name"": ""Canada""}, {""iso_3166_1"": ""DE"", ""name"": ""Germany""}, {""iso_3166_1"": ""CH"", ""name"": ""Switzerland""}]","[{""english_name"": ""German"", ""iso_639_1"": ""de"", ""name"": ""Deutsch""}, {""english_name"": ""English"", ""iso_639_1"": ""en"", ""name"": ""English""}]","[""DE"", ""US"", ""CH""]",null
28657,Baby Einstein: Baby's Favorite Places - First Words - Around Town,Baby Einstein: Baby's Favorite Places - First Words - Around Town,"This unique video introduces babies and toddlers to musical experiences that will stimulate and delight them through charming puppetry, timeless art, live-action footage, classical music and child-friendly poetry. Featuring child-friendly arrangements.",,Released,False,True,2006-07-25,35,0,0,0.0286,6.0,1,en,http://www.babyeinstein.com/home/,tt1784348,/aQpf3XnrYKX5w5iG4rWAAbsD2HL.jpg,,"[{""id"": 10751, ""name"": ""Family""}]","[{""id"": 72308, ""logo_path"": ""/uWSAY8ShgVsIdKtWUyav8QfI2nG.png"", ""name"": ""The Baby Einstein Company"", ""origin_country"": ""US""}]","[{""iso_3166_1"": ""US"", ""name"": ""United States of America""}]","[{""english_name"": ""English"", ""iso_639_1"": ""en"", ""name"": ""English""}, {""english_name"": ""Spanish"", ""iso_639_1"": ""es"", ""name"": ""Espa\u00f1ol""}, {""english_name"": ""French"", ""iso_639_1"": ""fr"", ""name"": ""Fran\u00e7ais""}]","[""US""]",null
28658,You'll Never Get Rich,You'll Never Get Rich,A Broadway choreographer gets drafted and coincidentally ends up in the same army base as the boyfriend of his object of affection.,Exciting loveliness and rhythm in a star-spangled army musical!,Released,False,False,1941-09-25,88,0,0,0.7825,6.4,59,en,,tt0034409,/6sdGOX0R1OVVT93kcZHz8xmOLOg.jpg,/2tKDhaCaMi7ssFgu15p4c0jLZEW.jpg,"[{""id"": 35, ""name"": ""Comedy""}, {""id"": 10402, ""name"": ""Music""}, {""id"": 10749, ""name"": ""Romance""}]","[{""id"": 5, ""logo_path"": ""/71BqEFAF4V3qjjMPCpLuyJFB9A.png"", ""name"": ""Columbia Pictures"", ""origin_country"": ""US""}]","[{""iso_3166_1"": ""US"", ""name"": ""United States of America""}]","[{""english_name"": ""English"", ""iso_639_1"": ""en"", ""name"": ""English""}]","[""US""]",null
28659,Cat Girl,Cat Girl,A psychiatrist treats a woman who is convinced that she turns into a killer leopard because of a family curse.,Cursed with the blood lust of generations!,Released,False,False,1957-09-01,76,0,0,1.7823,4.6,21,en,,tt0050235,/qiEmwDmWvDSJxmXyPuGc2KsT8o8.jpg,/roNExfLQN2Ww5zCjlGo0W9WUDE4.jpg,"[{""id"": 27, ""name"": ""Horror""}]","[{""id"": 4857, ""logo_path"": ""/k75xouPjU7y9IyDjVezK0kWO1y6.png"", ""name"": ""Insignia Films"", ""origin_country"": ""US""}]","[{""iso_3166_1"": ""GB"", ""name"": ""United Kingdom""}]","[{""english_name"": ""English"", ""iso_639_1"": ""en"", ""name"": ""English""}]","[""US"", ""GB""]",null
28660,The Mangler Reborn,The Mangler Reborn,"A decade after the original mangler massacre, an obsessed repairman resurrects the cursed machine and unleashes another bloody, murderous reign of terror.",The ultimate killing machine is back.,Released,False,False,2005-11-29,84,200000,0,0.7388,4.1,32,en,,tt0449066,/3PGZbMTXafsnG1xIykCkyYWAPPm.jpg,/rCKcyt3AqRKd6ywjo1M9TxAX6op.jpg,"[{""id"": 27, ""name"": ""Horror""}, {""id"": 878, ""name"": ""Science Fiction""}]",[],"[{""iso_3166_1"": ""US"", ""name"": ""United States of America""}]","[{""english_name"": ""English"", ""iso_639_1"": ""en"", ""name"": ""English""}]","[""US""]","{""id"": 374418, ""name"": ""The Mangler Collection"", ""poster_path"": ""/41S27a4IF4S0rj2Qh1JGnIHCahb.jpg"", ""backdrop_path"": null}"
28661,World for Ransom,World for Ransom,"In Singapore, a private detective and the British authorities are on the trail of a crime syndicate that kidnaps a nuclear physicist with the aim of selling him to the highest bidder.",He was lured kiss-by-kiss into an incredible plot to destroy the world!,Released,False,False,1954-01-31,82,0,0,0.6384,5.1,21,en,,tt0047681,/2Jm1MA2qtWznOzeQ2Y9nFyOwaaF.jpg,/2dPsI1ctANNaTbdO6J1sJ5qOivn.jpg,"[{""id"": 18, ""name"": ""Drama""}, {""id"": 28, ""name"": ""Action""}, {""id"": 53, ""name"": ""Thriller""}]","[{""id"": 42031, ""logo_path"": null, ""name"": ""Plaza Productions"", ""origin_country"": """"}, {""id"": 4928, ""logo_path"": null, ""name"": ""Allied Artists Pictures"", ""origin_country"": ""US""}]","[{""iso_3166_1"": ""US"", ""name"": ""United States of America""}]","[{""english_name"": ""English"", ""iso_639_1"": ""en"", ""name"": ""English""}]","[""US""]",null
28662,A Woman's Devotion,A Woman's Devotion,"An artist suffering from mental problems from his experiences during the war goes to Acapulco on his honeymoon. Soon young women are turning up dead in the area, and the ex-GI comes to believe he might be responsible, as he has long stretches where he can't remember anything.",The lovers of PICNIC together again,Released,False,False,1956-11-16,88,0,0,0.7739,4.2,13,en,,tt0049961,/y5CFf43GAmbtNT6KQoBYbTPfow3.jpg,/pMWtraOLcuYmIVj2Gl0qRZWwM7Z.jpg,"[{""id"": 12, ""name"": ""Adventure""}, {""id"": 80, ""name"": ""Crime""}, {""id"": 18, ""name"": ""Drama""}, {""id"": 9648, ""name"": ""Mystery""}, {""id"": 10749, ""name"": ""Romance""}, {""id"": 53, ""name"": ""Thriller""}]","[{""id"": 1432, ""logo_path"": ""/odyWStT82nGf2LQCyfs7iFudwa0.png"", ""name"": ""Republic Pictures"", ""origin_country"": ""US""}]","[{""iso_3166_1"": ""US"", ""name"": ""United States of America""}]","[{""english_name"": ""English"", ""iso_639_1"": ""en"", ""name"": ""English""}]","[""US""]",null
28663,Woman on the Run,Woman on the Run,"Frank Johnson, a sole witness to a gangland murder, goes into hiding and is trailed by Police Inspector Ferris, on the theory that Frank is trying to escape from possible retaliation. Frank's wife, Eleanor, suspects he is actually running away from their unsuccessful marriage. Aided by a newspaperman, Danny Leggett, Eleanor sets out to locate her husband. The killer is also looking for him, and keeps close tabs on Eleanor.",As Startling as Your OWN Scream in the Night!,Released,False,False,1950-11-10,77,0,0,1.7662,6.773,110,en,,tt0043142,/6wp0FpyQvYVphtUSvANiCarawop.jpg,/4vRFZeIcstzgRKLdhwxpbjD2ZHC.jpg,"[{""id"": 53, ""name"": ""Thriller""}, {""id"": 80, ""name"": ""Crime""}, {""id"": 9648, ""name"": ""Mystery""}]","[{""id"": 4934, ""logo_path"": null, ""name"": ""Fidelity Pictures Corporation"", ""origin_country"": ""US""}]","[{""iso_3166_1"": ""US"", ""name"": ""United States of America""}]","[{""english_name"": ""English"", ""iso_639_1"": ""en"", ""name"": ""English""}]","[""US""]",null
28664,The Video Game Revolution,The Video Game Revolution,"A light-hearted look at the worldwide phenomenon of video games, and how they have revolutionized technology and forever changed popular culture.",,Released,False,False,2004-09-08,120,0,0,0.0404,7.1,6,en,,tt0425619,/uvs6rNNGZCt7PZYBNzh22KsToMR.jpg,/hykVoAvU3BBsOby5ffwf0VOoE8x.jpg,"[{""id"": 99, ""name"": ""Documentary""}]","[{""id"": 3030, ""logo_path"": ""/9qE1ID398SaX9zYiRiPHdZfPTbt.png"", ""name"": ""KCTS Television"", ""origin_country"": ""US""}]","[{""iso_3166_1"": ""US"", ""name"": ""United States of America""}]","[{""english_name"": ""English"", ""iso_639_1"": ""en"", ""name"": ""English""}]","[""US""]",null
28665,Fame,Fame,"At New York's High School of Performing Arts, students from all walks of life get the chance to hone their skills as singers, actors, dancers, and more. Over four years, these young men and women will see if they truly have the dedication and talent to achieve success, while still juggling regular schoolwork, feelings of self-doubt, and budding romances.",,Released,False,False,2009-09-23,107,18000000,77211836,2.5845,5.7,377,en,,tt1016075,/hm7f9a0BdjV9OLOJ5wFWQq55Jfd.jpg,/kEU7Bbd9ANvziXlyD0dbN6l31Ht.jpg,"[{""id"": 10402, ""name"": ""Music""}, {""id"": 35, ""name"": ""Comedy""}, {""id"": 18, ""name"": ""Drama""}, {""id"": 10749, ""name"": ""Romance""}]","[{""id"": 126, ""logo_path"": ""/kADPanRDkKTxncPXXVahvHPUvCj.png"", ""name"": ""Lakeshore Entertainment"", ""origin_country"": ""US""}, {""id"": 21, ""logo_path"": ""/usUnaYV6hQnlVAXP6r4HwrlLFPG.png"", ""name"": ""Metro-Goldwyn-Mayer"", ""origin_country"": ""US""}, {""id"": 242584, ""logo_path"": ""/bZhxamy86E15KxyFnYD7F2Jxw9A.png"", ""name"": ""United Artists"", ""origin_country"": ""US""}]","[{""iso_3166_1"": ""US"", ""name"": ""United States of America""}]","[{""english_name"": ""English"", ""iso_639_1"": ""en"", ""name"": ""English""}]","[""US""]",null
28666,The Woman Chaser,The Woman Chaser,"An unscrupulous used car salesman and aspiring filmmaker in 1950s Los Angeles struggles to get his first film made, at all costs.",He got reality mixed up with a dream. A bad dream!,Released,False,False,1999-10-08,90,0,0,0.7805,5.1,13,en,,tt0217894,/n7YRKEz7wsT11DX9UhLuoyN8NYw.jpg,/aum5OMDC44OqdzOLgKHxphIhCMW.jpg,"[{""id"": 18, ""name"": ""Drama""}]",[],"[{""iso_3166_1"": ""US"", ""name"": ""United States of America""}]","[{""english_name"": ""English"", ""iso_639_1"": ""en"", ""name"": ""English""}]","[""US""]",null
28667,The Gorgon,The Gorgon,"In the early 20th century a village experienced a series of inexplicable murders. All the victims were young men who had been turned to stone. The perpetrator of these deaths was a being so repulsive that she transformed the onlooker using the power of her deadly stare. Much of the time the creature took the form of a beautiful and seductive woman, but during periods of the full moon she becomes a living horror, vicious and deadly. A professor has come to investigate the deaths, bringing with him his beautiful assistant whose knowledge of the Gorgon is more intimate than anyone would ever realise.","A venture into the deepest, starkest realms of the supernatural...",Released,False,False,1964-10-18,83,0,0,2.1653,6.3,165,en,,tt0058155,/yk0hJB3hy3o6cAzv5tjcPoKQd9p.jpg,/9wHU06KHxsbfZXFYP0CfZJlLyDr.jpg,"[{""id"": 27, ""name"": ""Horror""}, {""id"": 14, ""name"": ""Fantasy""}]","[{""id"": 1314, ""logo_path"": ""/gQBluDqe6dc2ZdzfJbabEHoSGoG.png"", ""name"": ""Hammer Film Productions"", ""origin_country"": ""GB""}]","[{""iso_3166_1"": ""GB"", ""name"": ""United Kingdom""}]","[{""english_name"": ""English"", ""iso_639_1"": ""en"", ""name"": ""English""}]","[""GB""]",null
28668,The Whistler,The Whistler,"A guilt-ridden man blames himself for his wife's death and secretly pays an assassin to kill him. But then he finds out that his wife isn't dead at all. And now the assassin is on his trail, with no way to call off the hit.",Radio's Master of Mystery... Now on the Screen!,Released,False,False,1944-03-30,60,0,0,1.4236,6.0,29,en,,tt0037461,/zNc6cUawDIaBmg63wbsUcPh67YK.jpg,/fazly5Gm760bGY92vFDXaR59bQ9.jpg,"[{""id"": 53, ""name"": ""Thriller""}, {""id"": 9648, ""name"": ""Mystery""}]","[{""id"": 4977, ""logo_path"": null, ""name"": ""Larry Darmour Productions"", ""origin_country"": """"}, {""id"": 5, ""logo_path"": ""/71BqEFAF4V3qjjMPCpLuyJFB9A.png"", ""name"": ""Columbia Pictures"", ""origin_country"": ""US""}]","[{""iso_3166_1"": ""US"", ""name"": ""United States of America""}]","[{""english_name"": ""English"", ""iso_639_1"": ""en"", ""name"": ""English""}]","[""US""]","{""id"": 33381, ""name"": ""The Whistler Collection"", ""poster_path"": ""/gfSNboKBypXyFuMZhsFdC6CapPO.jpg"", ""backdrop_path"": ""/ssUa5U6igMCOF39nGShD5zGYkU6.jpg""}"
28669,Rasputin: The Mad Monk,Rasputin: The Mad Monk,"Rasputin, a crazed and debauched monk wreaks havoc at the local inn one night, chopping off the hand of one of the drinkers. As the bitter locals plan their revenge, the evil Rasputin works his power over the beautiful women who serve at the Tsar's palace. Even the Tsarina herself is seduced by his evil ways and, as his influence begins to dominate government policy, there is only one course of action left... to destroy him before he destroys them all.",Ladies' Man - And Lady Killer!,Released,False,False,1966-03-06,91,0,0,1.3267,5.8,87,en,,tt0059635,/kACUmeHoIUPWiavUyKE1Tzkzldk.jpg,/3sfgDIiZnHSB3kGrLz9U2L1MKqm.jpg,"[{""id"": 27, ""name"": ""Horror""}]","[{""id"": 1314, ""logo_path"": ""/gQBluDqe6dc2ZdzfJbabEHoSGoG.png"", ""name"": ""Hammer Film Productions"", ""origin_country"": ""GB""}, {""id"": 516, ""logo_path"": ""/ibZFDcpmcpY0emmO8mo1HCenlGk.png"", ""name"": ""Seven Arts Productions"", ""origin_country"": ""US""}]","[{""iso_3166_1"": ""GB"", ""name"": ""United Kingdom""}]","[{""english_name"": ""English"", ""iso_639_1"": ""en"", ""name"": ""English""}]","[""GB""]",null
28670,The Secret of Blood Island,The Secret of Blood Island,"Based on the true story of a British secret agent, shot down over Malaya near to a Allied POW forced labour camp. There she is hidden, disguised as a youthful prisoner, until her escape can be effected. The costs of keeping her identity secret fall on all the POW's as the Japanese embark on a policy of ruthless terror to extract her and the focus shifts to the conflicts of the group' s collective concerns against the necessities of personal survival.",Every day a man flogged to death till the secret is told!,Released,False,False,1964-12-01,84,0,0,0.9062,0.0,0,en,,tt0059693,/76lrUyGAmqG88x3TuG5RcSI5Mo7.jpg,/eChC1WI3Wnq0fNTm5bw5MiIqlcU.jpg,"[{""id"": 18, ""name"": ""Drama""}, {""id"": 10752, ""name"": ""War""}, {""id"": 28, ""name"": ""Action""}]","[{""id"": 1314, ""logo_path"": ""/gQBluDqe6dc2ZdzfJbabEHoSGoG.png"", ""name"": ""Hammer Film Productions"", ""origin_country"": ""GB""}]","[{""iso_3166_1"": ""GB"", ""name"": ""United Kingdom""}, {""iso_3166_1"": ""US"", ""name"": ""United States of America""}]","[{""english_name"": ""English"", ""iso_639_1"": ""en"", ""name"": ""English""}, {""english_name"": ""Japanese"", ""iso_639_1"": ""ja"", ""name"": ""\u65e5\u672c\u8a9e""}]","[""GB""]",null
28671,Habit,Habit,"It's autumn in New York. Sam has broken up with his girlfriend and his father has recently died. World-weary and sloppy drunk, he finds temporary solace in the arms of Anna, a mysterious vampire who draws him away from his friends and into a web of addiction and madness.",It can catch up to you,Released,False,False,1997-11-14,113,200000,0,0.9948,5.461,51,en,http://www.glasseyepix.com/html/habit.html,tt0113241,/9jUDhHiDtzhQviodUvWBv1MuytA.jpg,/ddfw57zy58BIJBJkx5lnINwC7Er.jpg,"[{""id"": 27, ""name"": ""Horror""}, {""id"": 18, ""name"": ""Drama""}, {""id"": 10749, ""name"": ""Romance""}]","[{""id"": 1360, ""logo_path"": ""/lqVvISZwlXQpEl27erWszcPdPsR.png"", ""name"": ""Glass Eye Pix"", ""origin_country"": ""US""}]","[{""iso_3166_1"": ""US"", ""name"": ""United States of America""}]","[{""english_name"": ""English"", ""iso_639_1"": ""en"", ""name"": ""English""}, {""english_name"": ""Italian"", ""iso_639_1"": ""it"", ""name"": ""Italiano""}]","[""US""]",null
28672,Punk and Disorderly - The DVD,Punk and Disorderly - The DVD,Combines the best of the two 'Punk and Disorderly' videos with some added extra tracks. This really is a cross section of the early 80's punk movement. From Buzzcocks to The Exploited to The Business plus many unique interview snippets and remains an important document of the punk movement..,,Released,False,False,1993-01-01,61,0,0,0.0404,8.0,1,en,,,/lf4mBaZ2w3YisjLZRBsJJxWXqxw.jpg,,"[{""id"": 10402, ""name"": ""Music""}, {""id"": 99, ""name"": ""Documentary""}]",[],"[{""iso_3166_1"": ""DE"", ""name"": ""Germany""}, {""iso_3166_1"": ""GB"", ""name"": ""United Kingdom""}, {""iso_3166_1"": ""JP"", ""name"": ""Japan""}, {""iso_3166_1"": ""NO"", ""name"": ""Norway""}, {""iso_3166_1"": ""US"", ""name"": ""United States of America""}]","[{""english_name"": ""English"", ""iso_639_1"": ""en"", ""name"": ""English""}]","[""US"", ""GB""]",null
28673,Nightmare Castle,Amanti d'oltretomba,"A sadistic count tortures and murders his unfaithful wife and her lover, then removes their hearts from their bodies. Years later, the count remarries and the new wife experiences nightmares and hauntings.",WARNING! See it with someone who's shockproof!,Released,False,False,1965-08-20,105,0,0,1.1249,5.292,77,it,,tt0060097,/rP53nQzUYJ04ur6Mb7XSaahW1vN.jpg,/l6aGueqXfrXfiatoriaWIYjhuey.jpg,"[{""id"": 27, ""name"": ""Horror""}]","[{""id"": 4858, ""logo_path"": null, ""name"": ""Cinematografica Emmeci"", ""origin_country"": """"}]","[{""iso_3166_1"": ""IT"", ""name"": ""Italy""}]","[{""english_name"": ""Italian"", ""iso_639_1"": ""it"", ""name"": ""Italiano""}]","[""IT""]",null
28676,Amazonia: The Catherine Miles Story,Schiave bianche: violenza in Amazzonia,A young woman seeks vengeance and finds love when her parents are killed in the Amazon and she is taken prisoner by an indigenous tribe of headhunters.,Only one thing kept her alive.,Released,False,False,1985-08-09,90,0,0,1.3529,6.0,232,it,,tt0091902,/bvRjoKZkHgZxP7I9QY45Gw8M5hE.jpg,/a2XQTedAmRl88lIpEsdhYLJtgq.jpg,"[{""id"": 12, ""name"": ""Adventure""}, {""id"": 18, ""name"": ""Drama""}, {""id"": 27, ""name"": ""Horror""}]","[{""id"": 132764, ""logo_path"": null, ""name"": ""Cinevega"", ""origin_country"": """"}, {""id"": 132765, ""logo_path"": null, ""name"": ""G.P.I. Grandi Produzioni Italiane"", ""origin_country"": """"}]","[{""iso_3166_1"": ""IT"", ""name"": ""Italy""}]","[{""english_name"": ""Italian"", ""iso_639_1"": ""it"", ""name"": ""Italiano""}, {""english_name"": ""English"", ""iso_639_1"": ""en"", ""name"": ""English""}]","[""IT""]",null
28677,Without a Paddle: Nature's Calling,Without a Paddle: Nature's Calling,"Venturing into the woods causes nothing but trouble and hilarity for three misguided males in this straight to video spin-off of 2004's ""Without A Paddle"".",Three guys. One chance. No plan.,Released,False,False,2009-01-13,96,6300000,0,0.9419,4.4,77,en,,tt1276107,/mXgC6OcN2UElZTB0CAQpJQ34zfD.jpg,/sBfyZocy8sDmRNgQ9BoRwdexAWT.jpg,"[{""id"": 28, ""name"": ""Action""}, {""id"": 12, ""name"": ""Adventure""}, {""id"": 35, ""name"": ""Comedy""}]","[{""id"": 52010, ""logo_path"": null, ""name"": ""Paramount Famous Productions"", ""origin_country"": """"}]","[{""iso_3166_1"": ""US"", ""name"": ""United States of America""}]","[{""english_name"": ""English"", ""iso_639_1"": ""en"", ""name"": ""English""}]","[""US""]","{""id"": 146534, ""name"": ""Without a Paddle Collection"", ""poster_path"": ""/xvBJFToMXXZ8b6Y3iMVMymvMwPf.jpg"", ""backdrop_path"": ""/atR4dzV6GYogbtOTuSCiq3cWN97.jpg""}"
28678,Ironmaster,La guerra del ferro - Ironmaster,"A tale that takes place at the dawn of history. The movie tells the story of a tribe that discovers how to fashion weapons out of iron and use them for their own survival. However, the creation of iron also causes the tribe to battle for possession of the new weapons.",,Released,False,False,1983-03-10,98,0,0,1.6047,4.9,35,it,,tt0084036,/gLXCZW14Oj6y1jh9qtG39YQumuK.jpg,/cq6nBfvJzw4PhHakyio1m6ibpUm.jpg,"[{""id"": 12, ""name"": ""Adventure""}, {""id"": 28, ""name"": ""Action""}]","[{""id"": 1639, ""logo_path"": null, ""name"": ""Les Films Jacques Leitienne"", ""origin_country"": ""FR""}, {""id"": 4269, ""logo_path"": null, ""name"": ""Nuova Dania Cinematografica"", ""origin_country"": ""IT""}, {""id"": 15868, ""logo_path"": null, ""name"": ""Medusa Distribuzione"", ""origin_country"": ""IT""}, {""id"": 32208, ""logo_path"": null, ""name"": ""Imp.Ex.Ci."", ""origin_country"": ""FR""}]","[{""iso_3166_1"": ""FR"", ""name"": ""France""}, {""iso_3166_1"": ""IT"", ""name"": ""Italy""}]","[{""english_name"": ""Italian"", ""iso_639_1"": ""it"", ""name"": ""Italiano""}]","[""IT""]",null
28679,House on the Edge of the Park,La casa sperduta nel parco,"A posh couple experience car trouble on their way to a villa party and stop into a local mechanic's shop for assistance, unaware of his shady background. After he and his mentally challenged assistant fix the car, the couple invite them to the party to return the favor, leading to an evening of mayhem.",Anything Could Happen… Everything Did!,Released,False,False,1980-11-06,91,0,0,0.8154,5.8,144,it,,tt0080503,/xrIT8dkdKdgHcEwXNsSRxzNn1fN.jpg,/wJH14cztFkPsYmReNhvvaWr12On.jpg,"[{""id"": 53, ""name"": ""Thriller""}, {""id"": 80, ""name"": ""Crime""}, {""id"": 27, ""name"": ""Horror""}]","[{""id"": 17893, ""logo_path"": null, ""name"": ""F.D. Cinematografica"", ""origin_country"": ""IT""}]","[{""iso_3166_1"": ""IT"", ""name"": ""Italy""}]","[{""english_name"": ""English"", ""iso_639_1"": ""en"", ""name"": ""English""}, {""english_name"": ""Italian"", ""iso_639_1"": ""it"", ""name"": ""Italiano""}]","[""IT""]",null
28680,Annie,La fine dell'innocenza,"Annie, the mistress of a middle-aged financier, accompanies him on a trip to Hong Kong. When his business interests collapse Annie ends up destitute. She is befriended by a group of socialites and begins her rite of passage in their world.",,Released,False,False,1976-02-19,86,0,0,0.6744,4.6,14,it,,tt0072987,/cdoMKkMQvpvXbNrDoxWqCanN2vM.jpg,/idt1ERMrlrzIZIZEZqTo4UJDD10.jpg,"[{""id"": 18, ""name"": ""Drama""}]","[{""id"": 1796, ""logo_path"": null, ""name"": ""Coralta Cinematografica"", ""origin_country"": ""IT""}, {""id"": 4860, ""logo_path"": null, ""name"": ""Barongreen"", ""origin_country"": """"}, {""id"": 1429, ""logo_path"": ""/n1GvY0KLgk3gcEPO07L7nXncB3i.png"", ""name"": ""Italian International Film"", ""origin_country"": ""IT""}]","[{""iso_3166_1"": ""IT"", ""name"": ""Italy""}, {""iso_3166_1"": ""GB"", ""name"": ""United Kingdom""}]","[{""english_name"": ""Italian"", ""iso_639_1"": ""it"", ""name"": ""Italiano""}]","[""IT"", ""GB""]",null
28681,Equinox,Equinox,"Due to their possession of an ancient mystic book, four friends are attacked by a demon while on a picnic and find themselves pitched into a world of evil that overlaps their own.  The film was originally made in 1967 by Dennis Muren as The Equinox: Journey into the Supernatural. Jack Woods was hired to shoot additional footage and expand on Muren's work.",Occult Barrier Between Good and Evil,Released,False,False,1970-10-01,82,8000,850000,0.719,5.1,72,en,,tt0067055,/4TbevVaTQ8Vyyez8eEXnoEyDvvq.jpg,/U6RQN0c78oveHFnnDW2CIFsWEf.jpg,"[{""id"": 12, ""name"": ""Adventure""}, {""id"": 27, ""name"": ""Horror""}]","[{""id"": 47593, ""logo_path"": null, ""name"": ""Tonylyn Productions Inc."", ""origin_country"": """"}]","[{""iso_3166_1"": ""US"", ""name"": ""United States of America""}]","[{""english_name"": ""English"", ""iso_639_1"": ""en"", ""name"": ""English""}]","[""US""]",null
28682,Emanuelle in America,Emanuelle in America,"The untameable photo reporter Emanuelle travels the world documenting the sexual practices of the rich and powerful, getting dangerously close to their most disturbing and hidden schemes.",The bare black Emanuelle in the decadent West!,Released,False,False,1977-01-05,100,0,0,1.3595,5.1,77,it,,tt0074473,/nkrect0e1EjTohYmnziiMuLmS3z.jpg,/1u0DES9ZCEyuhCWqK4hnf55axgc.jpg,"[{""id"": 18, ""name"": ""Drama""}, {""id"": 9648, ""name"": ""Mystery""}, {""id"": 27, ""name"": ""Horror""}]","[{""id"": 41789, ""logo_path"": null, ""name"": ""New Film Production"", ""origin_country"": ""IT""}]","[{""iso_3166_1"": ""IT"", ""name"": ""Italy""}]","[{""english_name"": ""English"", ""iso_639_1"": ""en"", ""name"": ""English""}, {""english_name"": ""Italian"", ""iso_639_1"": ""it"", ""name"": ""Italiano""}]","[""IT""]","{""id"": 227140, ""name"": ""Black Emanuelle Collection"", ""poster_path"": ""/2HCft58yiGHvTxONMoZ5HybcEqy.jpg"", ""backdrop_path"": ""/ceX5Y46RTjC628xk08b6mnEetMn.jpg""}"
28683,Neverender: Children of the Fence,Neverender: Children of the Fence,"From October 22nd to 25th, 2008, Coheed and Cambria play four nights at Terminal 5, New York City. On each of these four dates, the band performed one of their concept albums telling the story of The Amory Wars. The first four discs of this DVD set capture these performances, set in front of sellout crowds, in their entirety. In addition, a fifth disc features a documentary of the concert series.",,Released,False,True,2009-03-24,316,0,0,0.0143,0.0,0,en,,tt1576436,,,"[{""id"": 10402, ""name"": ""Music""}]",[],[],"[{""english_name"": ""English"", ""iso_639_1"": ""en"", ""name"": ""English""}]","[""US""]",null
28684,Ring of Darkness,Ring of Darkness,"When the singer of a popular rock band disappears under mysterious circumstances, a contest to find a replacement soon turns from dream-come-true to waking nightmare for the young singer who hopes to take the job.","Once You're In, The Terror Begins.",Released,False,False,2004-02-28,85,750000,0,0.656,3.9,15,en,,tt0372803,/ahltkgyVLFMD8Gsb6BEPcXCVgdn.jpg,/jD6d9hveNUIY7S5p9pfKvgVdRnw.jpg,"[{""id"": 27, ""name"": ""Horror""}]","[{""id"": 3283, ""logo_path"": null, ""name"": ""ACH"", ""origin_country"": """"}, {""id"": 1341, ""logo_path"": null, ""name"": ""Regent Entertainment"", ""origin_country"": ""US""}, {""id"": 3285, ""logo_path"": null, ""name"": ""Christopher Filmcapital"", ""origin_country"": """"}]","[{""iso_3166_1"": ""US"", ""name"": ""United States of America""}]","[{""english_name"": ""Spanish"", ""iso_639_1"": ""es"", ""name"": ""Espa\u00f1ol""}, {""english_name"": ""English"", ""iso_639_1"": ""en"", ""name"": ""English""}]","[""US""]",null
28685,Malcolm,Malcolm,"Malcolm is a chronically shy mechanical genius, who has just been fired for building his own tram. He gets Frank, who has just been released from jail, to move in to help pay the bills. With Frank's help, Malcolm turns to a life of crime.",A comedy of hopes and schemes.,Released,False,False,1986-07-20,86,640000,2459000,0.9984,6.5,44,en,https://www.cascadefilms.com.au/films/malcolm,tt0091464,/pLGCwLKEBJC5cWCmOnsQpOOBGfl.jpg,/ldNq6kIMo1LbhshMVZJsXtEwzZF.jpg,"[{""id"": 28, ""name"": ""Action""}, {""id"": 35, ""name"": ""Comedy""}, {""id"": 80, ""name"": ""Crime""}]","[{""id"": 11840, ""logo_path"": ""/8oyCRYf6ezxB5h8HJIPVG8JjzgL.png"", ""name"": ""Film Victoria"", ""origin_country"": ""AU""}, {""id"": 51081, ""logo_path"": null, ""name"": ""Cascade Films"", ""origin_country"": """"}]","[{""iso_3166_1"": ""AU"", ""name"": ""Australia""}]","[{""english_name"": ""English"", ""iso_639_1"": ""en"", ""name"": ""English""}]","[""AU""]",null
28686,War Wolves,War Wolves,"Jack Ford leads a special forces unit back to the United States to hunt down Jake Gabriel, a soldier who has been infected with the werewolf virus that turns man into wolf. Little does Jack know that three of the female soldiers serving in his unit have also been infected and have already transformed into she-wolves. The she-wolves' forces of evil and Ford's special op forces of good, are pitted against each other in the race to save mankind from turning into wolves.",,Released,False,False,2009-03-08,104,500000,0,1.1658,3.2,16,en,,tt1278153,/ocY3D2AQUhvHq5aB0Z5luwo1NGo.jpg,/p3J0GTs8ZCcMCkw5Kwmvp11w9mr.jpg,"[{""id"": 27, ""name"": ""Horror""}]","[{""id"": 5993, ""logo_path"": null, ""name"": ""Curb Entertainment"", ""origin_country"": """"}]","[{""iso_3166_1"": ""US"", ""name"": ""United States of America""}]","[{""english_name"": ""English"", ""iso_639_1"": ""en"", ""name"": ""English""}]","[""US""]",null
28687,Unholy,Unholy,"Martha, a widow living in rural Pennsylvania, comes home to find her daughter about to blow her own head off with a shotgun in the basement of their house. Martha doesn't succeed in stopping her child's horrific demise, but the girl's death gradually leads the grieving mother to investigate a conspiracy that involves a legendary local witch, Nazi dabbling with the occult, and secret government experiments, with the story even referencing the fabled Philadelphia Experiment",Beware of the experiment...,Released,False,False,2007-09-04,90,250000,0,0.737,3.1,11,en,,tt0443678,/h8tqQwS0gEGFfv4vUDRBhUuWBHM.jpg,,"[{""id"": 27, ""name"": ""Horror""}, {""id"": 878, ""name"": ""Science Fiction""}, {""id"": 53, ""name"": ""Thriller""}]","[{""id"": 17716, ""logo_path"": null, ""name"": ""Catfish Studios"", ""origin_country"": """"}, {""id"": 98617, ""logo_path"": null, ""name"": ""Sky Whisper Productions LLC"", ""origin_country"": """"}]","[{""iso_3166_1"": ""US"", ""name"": ""United States of America""}]","[{""english_name"": ""English"", ""iso_639_1"": ""en"", ""name"": ""English""}]","[""US""]",null
28688,Alice Jacobs Is Dead,Alice Jacobs Is Dead,A scientist races to find the cure to a horrific virus before it turns his wife into something monstrous.,,Released,False,False,2009-07-23,21,80000,0,0.2984,6.5,6,en,,tt1458896,/yaZVL0LtYWoPtbMDYH78otErzXZ.jpg,,[],[],[],[],"[""US""]",null
28690,Fangs of the Living Dead,Malenka,"A beautiful virgin inherits a castle, but when she arrives at it, she finds that the inhabitants include a strange nobleman and a bevy of beautiful women she suspects may be vampires.",,Released,False,False,1969-07-08,94,0,0,0.6223,4.2,28,es,,tt0062957,/cLG4t7sQY16t4LBZb9hzuSYFxMO.jpg,/fv3Blpc6N7rdG1RP00Fsen31Y8d.jpg,"[{""id"": 27, ""name"": ""Horror""}]","[{""id"": 126010, ""logo_path"": null, ""name"": ""Victory Films"", ""origin_country"": ""ES""}, {""id"": 104424, ""logo_path"": null, ""name"": ""Cobra Films"", ""origin_country"": ""ES""}, {""id"": 12873, ""logo_path"": null, ""name"": ""Felix Cinematografica"", ""origin_country"": ""IT""}, {""id"": 4871, ""logo_path"": null, ""name"": ""Trit\u00f3n P.C."", ""origin_country"": ""ES""}]","[{""iso_3166_1"": ""ES"", ""name"": ""Spain""}, {""iso_3166_1"": ""IT"", ""name"": ""Italy""}]","[{""english_name"": ""Spanish"", ""iso_639_1"": ""es"", ""name"": ""Espa\u00f1ol""}]","[""ES""]",null
28691,Barbed Wire Dolls,Frauengefängnis,"Maria, an unfortunate young woman, kills her rapist father in self-defense, and is later tried, sentenced, and shipped off to a woman's penitentiary where she and her fellow inmates are subjected to psychological and sexual abuse at the hands of a psychotic lesbian warden.","Welcome to prison, Ladies!",Released,False,False,1976-04-22,81,0,0,1.2509,4.55,60,fr,,tt0073017,/3FBtK6Cn80qLESrWqIhbSh0uXLE.jpg,/pGvv5tQAxwUh3tBOGKLpeo7YihS.jpg,"[{""id"": 80, ""name"": ""Crime""}, {""id"": 18, ""name"": ""Drama""}, {""id"": 27, ""name"": ""Horror""}]","[{""id"": 4856, ""logo_path"": null, ""name"": ""Elite Film"", ""origin_country"": ""CH""}]","[{""iso_3166_1"": ""CH"", ""name"": ""Switzerland""}]","[{""english_name"": ""French"", ""iso_639_1"": ""fr"", ""name"": ""Fran\u00e7ais""}]","[""CH"", ""FR""]",null
28692,Up the Creek,Up the Creek,"Bob McGraw is in his 12th year of college, goofing his way through life. Bob, Irwing, Gonzer and Max are the four losers forced and bribed to represent their university in an intercollegiate raft race. Forced and bribed into this role, they make some friends, the lovely Heather Merriweather, but mostly enemies, among others a whole team of marines, and preppy IVY-leaguers determined to win.",Who says a bunch of boobs can't win a race?,Released,False,False,1984-04-06,96,0,11708269,2.866,5.7,91,en,,tt0088333,/cNk9qVfIkLu7r1QCSONnhIMMHhR.jpg,/8XOYSbs0e4nji8Dixnsb5vkbAC4.jpg,"[{""id"": 35, ""name"": ""Comedy""}]","[{""id"": 41, ""logo_path"": ""/em0rOXVRu3qprWZCx58uDDV2fze.png"", ""name"": ""Orion Pictures"", ""origin_country"": ""US""}]","[{""iso_3166_1"": ""US"", ""name"": ""United States of America""}]","[{""english_name"": ""English"", ""iso_639_1"": ""en"", ""name"": ""English""}]","[""US""]",null
28694,Bob the Builder: A Christmas to Remember - The Movie,Bob the Builder: A Christmas to Remember,"Near Christmas, Robert ""Bob The Builder"" McGraw Jr. and his machine team gang of talking construction vehicles are preparing for the Winter Christmas Holiday celebration season. Bob's twin brother Thomas ""Tom The Zoologist"" McGraw (who lives in the Arctic Circle near the North Pole) is coming for Christmas, Spud The Scarecrow is trying to be good to get presents and a big Christmas concert is coming up with the rock band Lenny Lazenby and the Lasers (including Elton John). but unfortunately, a huge ULTIMATE DISASTER has happened with the Christmas tree and the town hall has nearly smashed to SMITHEREENS!!. will the concert work out? will Tom get there for Christmas? will Spud be on the nice list? will the tree and the town hall be alright??? find out these answers, in ""A CHRISTMAS TO REMEMBER"".",,Released,False,False,2001-10-22,63,0,0,0.7766,7.8,19,en,,tt0305312,/bVzrnmVf6Xs7QjHfoAgOkTi6Oxx.jpg,/3ZFUw5KDjcupwD6FKRSGMFGwF8t.jpg,"[{""id"": 16, ""name"": ""Animation""}, {""id"": 10751, ""name"": ""Family""}]","[{""id"": 28159, ""logo_path"": ""/vi4Y2pr4P7Yk38EjEuEm59ebaaU.png"", ""name"": ""HiT Entertainment"", ""origin_country"": ""GB""}, {""id"": 8180, ""logo_path"": null, ""name"": ""Cosgrove Hall Films"", ""origin_country"": ""GB""}, {""id"": 11102, ""logo_path"": ""/mEtB2kZ049BSMSpoiLKhvSPXuE.png"", ""name"": ""Chapman Entertainment"", ""origin_country"": ""GB""}]","[{""iso_3166_1"": ""GB"", ""name"": ""United Kingdom""}]","[{""english_name"": ""English"", ""iso_639_1"": ""en"", ""name"": ""English""}]","[""GB""]",null
28695,kung Fu Masters Live,kung Fu Masters Live,"The Shaolin Monks brilliant new show 'Kung Fu Masters Live' was filmed at London's Peacock Theatre. 20 monks and five young trainees amaze us with their hypnotic and pain defying feats. Monks are lifted aloft sharpened spears, sandwiched betwen beds of nails, break marble slabs with their heads, swallow swords, perform handstands on two finger tips and do endless back flips using heads not hands.",,Released,False,False,2005-01-01,115,0,0,0.0143,10.0,1,en,,,,,"[{""id"": 99, ""name"": ""Documentary""}]",[],[],[],"[""US""]",null
28696,The Wild One,The Wild One,"The Black Rebels Motorcycle Club ride into the small California town of Wrightsville, eager to raise hell. Brooding gang leader Johnny Strabler takes a liking to Kathie, the daughter of the local lawman, as another club rolls into town.",Hot feelings hit terrifying heights in a story that really boils over!,Released,False,False,1953-12-30,79,0,0,2.6548,6.563,324,en,,tt0047677,/ne8nuvqjczy4xPMMpYwNLuSp0ka.jpg,/1lUcNQpp0uZZdANEYnDhG9Bz3KI.jpg,"[{""id"": 18, ""name"": ""Drama""}, {""id"": 80, ""name"": ""Crime""}, {""id"": 10749, ""name"": ""Romance""}]","[{""id"": 893, ""logo_path"": null, ""name"": ""Stanley Kramer Productions"", ""origin_country"": ""US""}]","[{""iso_3166_1"": ""US"", ""name"": ""United States of America""}]","[{""english_name"": ""English"", ""iso_639_1"": ""en"", ""name"": ""English""}]","[""US""]",null
28697,Fatal Fury: The Motion Picture,餓狼伝説 THE MOTION PICTURE,"The Armor of Mars -- a suit of armor consisting of six pieces. If anyone from the bloodline of the ancient warrior Godimus were to find all six pieces for himself, he would receive power equal to the level of a god. The Curse of Godimus, however, also dictates that this same person would lose all sense of himself and become an insane killing machine.",Based on the Bestselling Video Game!,Released,False,False,1994-07-16,95,0,0,2.1578,7.3,117,ja,,tt0109872,/9s3eqjjRyAK8E9jyPTm14BiZfae.jpg,/jeV1ODhvOsSyh9jVq72ofkzkMau.jpg,"[{""id"": 28, ""name"": ""Action""}, {""id"": 16, ""name"": ""Animation""}, {""id"": 14, ""name"": ""Fantasy""}]","[{""id"": 12078, ""logo_path"": null, ""name"": ""Studio Wombat"", ""origin_country"": """"}, {""id"": 3341, ""logo_path"": ""/dTG5dXE1kU2mpmL9BNnraffckLU.png"", ""name"": ""Fuji Television Network"", ""origin_country"": ""JP""}, {""id"": 9148, ""logo_path"": ""/rtW3NadfF4kR5mTW00ahiFxw6k7.png"", ""name"": ""Pony Canyon"", ""origin_country"": ""JP""}, {""id"": 53504, ""logo_path"": null, ""name"": ""NAS"", ""origin_country"": ""JP""}, {""id"": 138427, ""logo_path"": ""/9zRDchHHy4xZyL8W8MIjf4Nqj3w.png"", ""name"": ""SNK"", ""origin_country"": ""JP""}]","[{""iso_3166_1"": ""JP"", ""name"": ""Japan""}]","[{""english_name"": ""Japanese"", ""iso_639_1"": ""ja"", ""name"": ""\u65e5\u672c\u8a9e""}]","[""JP""]","{""id"": 207415, ""name"": ""Fatal Fury Collection"", ""poster_path"": ""/3ctuhssBYsrkiMUGiTKksoE3Il7.jpg"", ""backdrop_path"": ""/rdi4YUjry38NabwwFmvSnkrMPrK.jpg""}"
28698,Everything,Everything,A man visits a prostitute but just wants to talk. She goes along with it until he starts asking questions. Is he just a loner or is there a different reason for him to come here?,,Released,False,False,2004-10-08,91,0,0,0.5418,4.9,15,en,,tt0430065,/bciVISJs8HteeekySGRYaWCRBaL.jpg,,"[{""id"": 18, ""name"": ""Drama""}, {""id"": 9648, ""name"": ""Mystery""}]",[],"[{""iso_3166_1"": ""GB"", ""name"": ""United Kingdom""}]","[{""english_name"": ""English"", ""iso_639_1"": ""en"", ""name"": ""English""}]","[""GB"", ""US""]",null
28699,Underworld U.S.A.,Underworld U.S.A.,A bitter young man sets out to get back at the gangsters who murdered his father.,A Sensational Film That Puts the Finger On Today's Biggest Business... Crime!,Released,False,False,1961-02-22,99,0,0,1.2187,6.973,91,en,,tt0055571,/xPlQikmoHV1Rt1n0lwVYXkbWR0I.jpg,/jN3dzT70hC1OeexxW5vhYzWdndB.jpg,"[{""id"": 80, ""name"": ""Crime""}, {""id"": 53, ""name"": ""Thriller""}]","[{""id"": 15299, ""logo_path"": null, ""name"": ""Globe Enterprises"", ""origin_country"": ""US""}, {""id"": 5, ""logo_path"": ""/71BqEFAF4V3qjjMPCpLuyJFB9A.png"", ""name"": ""Columbia Pictures"", ""origin_country"": ""US""}]","[{""iso_3166_1"": ""US"", ""name"": ""United States of America""}]","[{""english_name"": ""English"", ""iso_639_1"": ""en"", ""name"": ""English""}]","[""US""]",null
28701,Dire Straits: On The Night,Dire Straits: On The Night,"Music from Dire Straits, recorded live in concert in 1991. Tracks include: ""Calling Elvis"", ""Walk Of Life"", ""Heavy Fuel"", ""Romeo And Juliet"", ""Private Investigations"", ""Your Latest Trick"", ""On Every Street"", ""You And Your Friend"", ""Money For Nothing"", ""The Bug"", ""Solid Rock"", ""Local Hero"", ""Wild Theme"" and ""Brothers In Arms"".",,Released,False,True,1993-05-11,94,1000000,10000000,0.3394,7.231,13,en,,tt0299760,/lII52tr4nvuvmwQBROOHssrT5rm.jpg,/r1AjAJAtJFNru3TFz5MZhGs93tA.jpg,"[{""id"": 10402, ""name"": ""Music""}]","[{""id"": 70001, ""logo_path"": ""/7AQxiEeD8u7kOXpJnRuvENXdWTR.png"", ""name"": ""Warner Records"", ""origin_country"": ""US""}]","[{""iso_3166_1"": ""US"", ""name"": ""United States of America""}]","[{""english_name"": ""English"", ""iso_639_1"": ""en"", ""name"": ""English""}]","[""GB""]",null
28702,Red Hot Chili Peppers: Live in Japan,Red Hot Chili Peppers: Live in Japan,"„Live in Japan“ is a Red Hot Chili Peppers concert video released as unofficial DVD in 2007. The concert was recorded on their show in the International Stadium in Yokohama on July 25, 2004. It features 12 of the 18 songs played in the concert.",,Released,False,True,2004-01-01,60,0,0,0.2704,9.0,1,en,,,,,"[{""id"": 10402, ""name"": ""Music""}]",[],[],[],"[""US""]",null
28704,Diminished Capacity,Diminished Capacity,"A Chicago journalist suffering from memory loss takes leaves from his job and returns to his rural hometown, where he bonds with his Alzheimer's impaired uncle Rollie and his old flame.",,Released,False,False,2008-07-04,92,0,0,0.7453,5.6,19,en,,tt1007950,/lFNRRj48UYHI1fdYDbAXghVgrDm.jpg,/7OydFd0QlUiVA1xK4SvxFMWaTq9.jpg,"[{""id"": 35, ""name"": ""Comedy""}, {""id"": 18, ""name"": ""Drama""}]","[{""id"": 203484, ""logo_path"": null, ""name"": ""Plum Pictures"", ""origin_country"": ""US""}, {""id"": 4090, ""logo_path"": null, ""name"": ""Hanson Allen Films"", ""origin_country"": """"}, {""id"": 39483, ""logo_path"": null, ""name"": ""Hart-Lunsford Pictures"", ""origin_country"": ""US""}, {""id"": 7988, ""logo_path"": null, ""name"": ""Steppenwolf Films"", ""origin_country"": """"}, {""id"": 2644, ""logo_path"": null, ""name"": ""Benedek Films"", ""origin_country"": """"}]","[{""iso_3166_1"": ""US"", ""name"": ""United States of America""}]","[{""english_name"": ""English"", ""iso_639_1"": ""en"", ""name"": ""English""}]","[""US""]",null
28705,Close to Home,קרוב לבית,"Smadar (Smadar Sayar) and Mirit (Naama Schendar), both 18 years old, are assigned to patrol the streets of Jerusalem together as part of their military service. Worlds apart in their personality their initial frosty relationship changes to friendship as they deal with their own emotional issues, the crushes and break-ups in their love lives, as well as the political realities.",,Released,False,False,2005-07-15,98,0,0,0.603,5.8,16,he,,tt0478999,/3gPmJz1KOTKwhHEATHFeST2gnqd.jpg,/y9ZgvSWqXNsgOMOJdKvg2SYISVt.jpg,"[{""id"": 18, ""name"": ""Drama""}]","[{""id"": 26629, ""logo_path"": null, ""name"": ""Transfax Film Productions"", ""origin_country"": ""IL""}]","[{""iso_3166_1"": ""IL"", ""name"": ""Israel""}]","[{""english_name"": ""Hebrew"", ""iso_639_1"": ""he"", ""name"": ""\u05e2\u05b4\u05d1\u05b0\u05e8\u05b4\u05d9\u05ea""}]","[""IL""]",null
28706,Staying Together,Staying Together,"After their father abruptly sells the beloved family-owned restaurant that has employed them for years, the charismatic McDermott boys - hot-tempered Brian (Quill), lovelorn Kit (Mulroney) and jokester Duncan (Astin) - find themselves at odds with their parents and each other.",,Released,False,False,1989-11-10,91,0,0,0.996,5.0,12,en,,tt0098383,/4aWYb3fc2knW1WCH6fMX9AvVkiE.jpg,/qYtSbT2WNpXIOrw2NaDFLe4z3ZX.jpg,"[{""id"": 35, ""name"": ""Comedy""}, {""id"": 18, ""name"": ""Drama""}]",[],[],"[{""english_name"": ""English"", ""iso_639_1"": ""en"", ""name"": ""English""}]","[""US""]",null
28709,Nevesta Lyuboy Tsenoy,Невеста любой ценой,Businessman Staskin need to provide to himself an alibi which should be a bride - and at any cost.,,Released,False,False,2009-09-17,100,0,0,0.7935,3.7,13,ru,http://www.nevesta-kino.ru,tt1495884,/mduRUPdvDhlvbZIJ8AEKxq81L8P.jpg,,"[{""id"": 35, ""name"": ""Comedy""}, {""id"": 10749, ""name"": ""Romance""}]","[{""id"": 8608, ""logo_path"": null, ""name"": ""Magnum Film"", ""origin_country"": ""RU""}, {""id"": 3419, ""logo_path"": ""/byrxE2pJD9JLyBCIzyK0pYVanyG.png"", ""name"": ""Central Partnership"", ""origin_country"": ""RU""}]","[{""iso_3166_1"": ""RU"", ""name"": ""Russia""}]","[{""english_name"": ""Russian"", ""iso_639_1"": ""ru"", ""name"": ""P\u0443\u0441\u0441\u043a\u0438\u0439""}]","[""RU""]",null
28710,Kamchatka,Kamchatka,"In 1976, Argentina fell into the hands of a de facto government. Thousands of citizens are persecuted and kidnapped. This is the case of the parents of two children, who, knowing they are wanted, decide to hide.",Growing up is nothing more than discovering a couple of secrets.,Released,False,False,2002-10-17,106,0,8000000,0.8059,6.6,77,es,,tt0320042,/raielLvbmZw1SUTOWHVNciXcDHU.jpg,/asUFlz7i668CzNhILo8YWFYKGmf.jpg,"[{""id"": 18, ""name"": ""Drama""}]","[{""id"": 52165, ""logo_path"": null, ""name"": ""Alquimia Films"", ""origin_country"": """"}, {""id"": 2562, ""logo_path"": ""/hQcSVwfXKkjXzD4oO9BmHKoyfkh.png"", ""name"": ""Patagonik"", ""origin_country"": ""AR""}, {""id"": 37352, ""logo_path"": null, ""name"": ""Oscar Kramer"", ""origin_country"": ""AR""}, {""id"": 981, ""logo_path"": ""/pkrdO9ykplO4Zc8edikoSX5APUN.png"", ""name"": ""TVE"", ""origin_country"": ""ES""}, {""id"": 357, ""logo_path"": null, ""name"": ""V\u00eda Digital"", ""origin_country"": ""ES""}, {""id"": 6458, ""logo_path"": ""/eT4oMUK7ODM0vvZue8yq3Ojwqf8.png"", ""name"": ""INCAA"", ""origin_country"": ""AR""}, {""id"": 201633, ""logo_path"": ""/6Ox2aOmqNP6vEmlh02fqygwOkeE.png"", ""name"": ""Instituto de la Cinematograf\u00eda y de las Artes Audiovisuales"", ""origin_country"": ""ES""}]","[{""iso_3166_1"": ""AR"", ""name"": ""Argentina""}, {""iso_3166_1"": ""ES"", ""name"": ""Spain""}, {""iso_3166_1"": ""IT"", ""name"": ""Italy""}]","[{""english_name"": ""Spanish"", ""iso_639_1"": ""es"", ""name"": ""Espa\u00f1ol""}]","[""IT"", ""ES"", ""AR""]",null
28712,The Last Gangster,The Last Gangster,"A crime boss goes searching for his ex-wife and son after a ten-year prison stint. His old gang has other plans though, and use the child to try and make him disclose the location of the loot he hid before going to the slammer.",The First Gangster and The Last Gangster.,Released,False,False,1937-11-12,81,0,0,1.7712,6.4,27,en,,tt0029118,/mCNrlUTdwr7cNgy4mFuFF31uDNK.jpg,/rEBOzGvlofSHA9DX8HzZC89CXYq.jpg,"[{""id"": 80, ""name"": ""Crime""}, {""id"": 18, ""name"": ""Drama""}, {""id"": 53, ""name"": ""Thriller""}]","[{""id"": 21, ""logo_path"": ""/usUnaYV6hQnlVAXP6r4HwrlLFPG.png"", ""name"": ""Metro-Goldwyn-Mayer"", ""origin_country"": ""US""}]","[{""iso_3166_1"": ""US"", ""name"": ""United States of America""}]","[{""english_name"": ""English"", ""iso_639_1"": ""en"", ""name"": ""English""}]","[""US""]",null
28713,Access Denied,Access Denied,"A beautiful computer programmer is framed by her fraudulent lover and sent to prison. When she gets out she agrees to cooperate with a scheme of a fellow-inmate to defraud a bank, in order to have enough money to escape from her (by then) ex-lover.",PROGRAMMED FOR REVENGE... SEX WAS HER WEAPON...,Released,False,False,1996-04-01,95,0,0,0.813,1.0,1,en,,tt0115458,/uVJ7cdUr3BtN0cbHl2s1xJJP0Xo.jpg,,"[{""id"": 9648, ""name"": ""Mystery""}, {""id"": 53, ""name"": ""Thriller""}]","[{""id"": 4852, ""logo_path"": null, ""name"": ""Mystique Films"", ""origin_country"": ""US""}]","[{""iso_3166_1"": ""US"", ""name"": ""United States of America""}]","[{""english_name"": ""English"", ""iso_639_1"": ""en"", ""name"": ""English""}]","[""US""]",null
28715,Madhouse,Madhouse,"A horror movie star returns to his famous role after spending years in a mental institution, but the character seems to be committing murders independent of his will.",If stark terror were ecstasy...living here would be sheer bliss!,Released,False,False,1974-03-28,92,0,0,1.3679,6.2,120,en,,tt0071790,/uGvbgGotNIr24wyMrrfgYcSuH1r.jpg,/a3rzGlFc6UmdWShekSzGbOLWUWk.jpg,"[{""id"": 27, ""name"": ""Horror""}, {""id"": 9648, ""name"": ""Mystery""}]","[{""id"": 4630, ""logo_path"": null, ""name"": ""Amicus Productions"", ""origin_country"": ""GB""}, {""id"": 9266, ""logo_path"": ""/lRinQ7scVye5N8qkUIoCB4QXbRh.png"", ""name"": ""American International Pictures"", ""origin_country"": ""US""}]","[{""iso_3166_1"": ""GB"", ""name"": ""United Kingdom""}, {""iso_3166_1"": ""US"", ""name"": ""United States of America""}]","[{""english_name"": ""English"", ""iso_639_1"": ""en"", ""name"": ""English""}]","[""GB"", ""US""]",null
28717,Bruce Springsteen with the Sessions Band: Live in Dublin,Bruce Springsteen with the Sessions Band: Live in Dublin,"Bruce Springsteen with The Sessions Band: Live in Dublin is a 2007 video and audio offering that captures in-concert performances from the Bruce Springsteen with The Seeger Sessions Band Tour recorded in November 2006 at The Point Theatre in Dublin, Ireland. The release consists of a concert DVD, a Blu-ray Disc, and separate two-CD audio set. A ""special edition"" of the CD set includes the concert DVD as well. The DVD does not capture any one show in full, but rather congeals from three different shows at The Point. Selections include fan favorites from the tour, radical ""folk big band"" reinterpretations of the Springsteen canon, and rare songs appearing for the first time on any Springsteen release. Contrarily, a few set list regulars from the tour and shows are omitted.",,Released,False,True,2007-06-04,130,0,0,0.2475,7.3,9,en,,tt1168629,/dbvBW610Zgvx5qxGiETLXmZMsc6.jpg,/dxcX7Q47vMklQ8NjM1rqJOL9exi.jpg,"[{""id"": 10402, ""name"": ""Music""}]",[],[],"[{""english_name"": ""English"", ""iso_639_1"": ""en"", ""name"": ""English""}]","[""US""]",null
28718,Scorpion,Scorpion,,,Released,False,False,1986-01-01,58,0,0,0.4744,1.2,2,en,,tt0407187,/jwDnWxvVAtGXq4HPL2c9C1NHCnn.jpg,,"[{""id"": 28, ""name"": ""Action""}]","[{""id"": 5090, ""logo_path"": null, ""name"": ""California Star Productions"", ""origin_country"": """"}]","[{""iso_3166_1"": ""US"", ""name"": ""United States of America""}]",[],"[""US""]",null
28719,Daimajin,大魔神,A giant stone statue comes to life to protect the residents of a small town against the depradations of an evil warlord.,,Released,False,False,1966-04-17,84,0,0,2.1483,6.4,67,ja,,tt0062851,/1SFtiK4m6qkLaVKbAHX5QuDDbkn.jpg,/6Ed8jhhzHEuJGEG9vuKwR2ycgfJ.jpg,"[{""id"": 27, ""name"": ""Horror""}, {""id"": 14, ""name"": ""Fantasy""}, {""id"": 18, ""name"": ""Drama""}]","[{""id"": 880, ""logo_path"": ""/vwhPRAZ4lhUtSuaifk4Au2MIm92.png"", ""name"": ""Daiei Film"", ""origin_country"": ""JP""}]","[{""iso_3166_1"": ""JP"", ""name"": ""Japan""}]","[{""english_name"": ""Japanese"", ""iso_639_1"": ""ja"", ""name"": ""\u65e5\u672c\u8a9e""}]","[""JP""]","{""id"": 245334, ""name"": ""Daimajin Trilogy"", ""poster_path"": ""/y1kv3uCwnBa1lvai1HI3cZ7HX4x.jpg"", ""backdrop_path"": null}"
28720,The Shadow of the Cat,The Shadow of the Cat,"Tabitha, once the placid, gentle and devoted pet, adopts all the characteristics of a ferocious, wild animal following the murder of her mistress. The three guilty people are all trapped by the cat's power and each will come to untimely deaths of horrific proportions without anyone being able to solve the mystery that surrounds their brutal death.",Was it supernatural force or psychotic compulsion . . . that drove five maddened murderers to destroy themselves ?,Released,False,False,1961-05-01,79,0,0,0.8169,6.8,34,en,,tt0055438,/94KSOe2KWLvMSXyB4vOvNc29mSy.jpg,/mGltZBHM7oUlwXTCIMFdaqo8RaZ.jpg,"[{""id"": 27, ""name"": ""Horror""}, {""id"": 53, ""name"": ""Thriller""}]","[{""id"": 1314, ""logo_path"": ""/gQBluDqe6dc2ZdzfJbabEHoSGoG.png"", ""name"": ""Hammer Film Productions"", ""origin_country"": ""GB""}, {""id"": 76479, ""logo_path"": null, ""name"": ""BHP"", ""origin_country"": """"}]","[{""iso_3166_1"": ""GB"", ""name"": ""United Kingdom""}]","[{""english_name"": ""English"", ""iso_639_1"": ""en"", ""name"": ""English""}]","[""GB""]",null
28721,Zodiac Killer,Zodiac Killer,A young man who works at a nursing home uses the legendary Zodiac killer's M.O. to kill people who neglect their elderly relatives.,,Released,False,False,2005-03-30,83,0,0,0.5181,2.6,35,en,,tt0469999,/aQwJHHdrBfcCtBXmNHakBvXpt55.jpg,/nSIkP7Phy1V2fqABnk2dCcHDwSm.jpg,"[{""id"": 28, ""name"": ""Action""}, {""id"": 27, ""name"": ""Horror""}, {""id"": 53, ""name"": ""Thriller""}]","[{""id"": 6598, ""logo_path"": null, ""name"": ""Lommel Entertainment"", ""origin_country"": """"}]","[{""iso_3166_1"": ""US"", ""name"": ""United States of America""}]","[{""english_name"": ""English"", ""iso_639_1"": ""en"", ""name"": ""English""}]","[""US""]",null
28722,Tesla - Comin' Atcha Live! 2008,Tesla - Comin' Atcha Live! 2008,"The first DVD period from Tesla in 17 years, a full two hours of Live 2008 concert plus backstage footage. Featuring the new song 'Dear Pvt. Ledbetter' from the studio album. Features all of the Tesla hits!",,Released,False,False,2008-07-15,0,0,0,0.0736,8.0,1,en,,tt1336614,/mOmgnKs7OpGBRJfGoVftGxzhp7g.jpg,/vIpC5pJjcv400Sz9XJRPXdjGCoT.jpg,"[{""id"": 10402, ""name"": ""Music""}]",[],[],"[{""english_name"": ""English"", ""iso_639_1"": ""en"", ""name"": ""English""}]","[""US""]",null
28723,Diary of a Cannibal,Diary of a Cannibal,"They met on the Internet. They fell in love. They drove to the desert and stopped at an abandoned warehouse. They wandered inside. Inside they found unspeakable horror. Only one of them survived the ordeal of CANNIBAL. From a hospital bed, an injured Noelle tells shocked police detectives a tale of cannibal terror. In recounting her ordeal, the detectives learn of an even more awful truth behind the actions of this tragic couple. Horror master Ulli Lommel's depraved tale of a modern-day CANNIBAL is based on the real-life case of a man who murdered and consumed his lover -- liver and all! -- in a strange act of consensual love. In Lommel's film of the events, two star-crossed lovers enter a world where madness rules and even a loved one can transform into a flesh-eating cannibal.",Love what you eat,Released,False,False,2007-04-24,81,0,0,0.3122,1.6,9,en,,tt0826817,/j9HfZpJ7XzQFHBsGcgdLl0ivHZM.jpg,/9Qp7AVXD04xheYV1kbhVxEy3g6b.jpg,"[{""id"": 27, ""name"": ""Horror""}, {""id"": 80, ""name"": ""Crime""}, {""id"": 10749, ""name"": ""Romance""}]","[{""id"": 10838, ""logo_path"": null, ""name"": ""The Shadow Factory"", ""origin_country"": ""US""}, {""id"": 4863, ""logo_path"": null, ""name"": ""Hollywood House of Horror"", ""origin_country"": ""US""}]","[{""iso_3166_1"": ""US"", ""name"": ""United States of America""}]","[{""english_name"": ""German"", ""iso_639_1"": ""de"", ""name"": ""Deutsch""}, {""english_name"": ""English"", ""iso_639_1"": ""en"", ""name"": ""English""}]","[""US""]",null
28725,B.T.K. Killer,B.T.K. Killer,"Veteran Boogey Man and Zodiac Killer director Ulli Lommel continues his long tradition of delivering tense thrills with this relentless look at the life of the elusive, Kansas-based serial killer known to authorities only as ""B.T.K."" before his arrest...",,Released,False,False,2005-06-11,82,0,0,0.4124,3.7,14,en,,tt0472047,/bkSCnS7HJvWpktkgvytvi50EfUL.jpg,/8Wwtamo1WU1eKGP0Z0KYW1ITyJY.jpg,"[{""id"": 18, ""name"": ""Drama""}, {""id"": 27, ""name"": ""Horror""}, {""id"": 80, ""name"": ""Crime""}]","[{""id"": 10838, ""logo_path"": null, ""name"": ""The Shadow Factory"", ""origin_country"": ""US""}, {""id"": 42647, ""logo_path"": null, ""name"": ""Heidenheim Films"", ""origin_country"": """"}]","[{""iso_3166_1"": ""US"", ""name"": ""United States of America""}]","[{""english_name"": ""English"", ""iso_639_1"": ""en"", ""name"": ""English""}]","[""US""]",null
28726,Baseline Killer,Baseline Killer,"Sadistic predators abduct, torture and murder a group of women in a Phoenix warehouse.",,Released,False,False,2008-10-01,78,0,0,0.2917,3.8,5,en,,tt1280491,/lJ32qDZsGoHmepNkXqgA1MFVYrO.jpg,/eTWh7ULhqKiGQHjUE7eQbxOtciJ.jpg,"[{""id"": 18, ""name"": ""Drama""}, {""id"": 27, ""name"": ""Horror""}]",[],"[{""iso_3166_1"": ""US"", ""name"": ""United States of America""}]","[{""english_name"": ""English"", ""iso_639_1"": ""en"", ""name"": ""English""}]","[""US""]",null
28727,Dungeon Girl,Dungeon Girl,A shocking story of captivity and survival inspired by actual events.,Victim or Vixen ?,Released,False,False,2008-07-08,81,0,0,0.3158,2.7,15,en,,tt1173486,/2RGrCarCi7HeDvmGD1RAtfyxS1I.jpg,/oB1k9xYJRuMqG1RlH9AtVwX6y91.jpg,"[{""id"": 80, ""name"": ""Crime""}, {""id"": 18, ""name"": ""Drama""}, {""id"": 27, ""name"": ""Horror""}, {""id"": 53, ""name"": ""Thriller""}]",[],"[{""iso_3166_1"": ""US"", ""name"": ""United States of America""}]","[{""english_name"": ""English"", ""iso_639_1"": ""en"", ""name"": ""English""}]","[""US""]",null
28728,Sandy Hook Lingerie Party Massacre,Sandy Hook Lingerie Party Massacre,"Seven strippers, a deadly hurricane, a haunted lighthouse, hanky panky, and of course blood, gore, and MURDER.",,Released,False,False,2000-06-01,88,0,0,0.1885,1.5,4,en,,tt0217780,/meLmqH6Uf7LPjN8JWMefqXGXTV5.jpg,,"[{""id"": 35, ""name"": ""Comedy""}, {""id"": 27, ""name"": ""Horror""}]",[],"[{""iso_3166_1"": ""US"", ""name"": ""United States of America""}]","[{""english_name"": ""English"", ""iso_639_1"": ""en"", ""name"": ""English""}]","[""US""]",null
28729,Skyrunners,Skyrunners,"Tyler and his brother find an alien ship which makes Tyler appear older and gives him other abilities. This turns his high school life upside down, and may enable him to help his older brother's love life. After he is abducted by beings who intend to takeover Earth, he must depend on his inept and lovelorn brother to rescue him.",,Released,False,False,2009-11-27,92,0,0,1.0047,5.1,55,en,,tt1479534,/zhVHidKepWQQhtC2MIrbvfApdi6.jpg,/bYhIdW7cwqoJHyKHwNfM33qdMiO.jpg,"[{""id"": 878, ""name"": ""Science Fiction""}, {""id"": 10770, ""name"": ""TV Movie""}, {""id"": 10751, ""name"": ""Family""}]","[{""id"": 140541, ""logo_path"": null, ""name"": ""Shaftesbury Productions"", ""origin_country"": """"}]","[{""iso_3166_1"": ""US"", ""name"": ""United States of America""}]","[{""english_name"": ""English"", ""iso_639_1"": ""en"", ""name"": ""English""}]","[""US""]",null
28730,Live from Baghdad,Live from Baghdad,A group of CNN reporters venture to the Iraqi capital to cover the Gulf War.,No story is worth dying for. But this was the story of a lifetime.,Released,False,False,2002-12-07,108,0,0,1.2492,6.7,53,en,,tt0319758,/dN5KeWVYJBqNJtscttaqHvLWmtZ.jpg,/gbVjmYtMZLIiq22SWtW7heRBPE4.jpg,"[{""id"": 18, ""name"": ""Drama""}, {""id"": 10752, ""name"": ""War""}, {""id"": 10770, ""name"": ""TV Movie""}]","[{""id"": 7429, ""logo_path"": ""/6in9uMqxXEHx5XgYgkeRBpZ4rPw.png"", ""name"": ""HBO Films"", ""origin_country"": ""US""}, {""id"": 376, ""logo_path"": ""/4TYjUVu74lX3r4ht1ppZxEpj1a4.png"", ""name"": ""Industry Entertainment Partners"", ""origin_country"": ""US""}]","[{""iso_3166_1"": ""US"", ""name"": ""United States of America""}]","[{""english_name"": ""English"", ""iso_639_1"": ""en"", ""name"": ""English""}, {""english_name"": ""Arabic"", ""iso_639_1"": ""ar"", ""name"": ""\u0627\u0644\u0639\u0631\u0628\u064a\u0629""}, {""english_name"": ""Italian"", ""iso_639_1"": ""it"", ""name"": ""Italiano""}]","[""US""]",null
28731,Killer Leopard,Killer Leopard,Movie actress Linda Winters has gone into the jungle to find her lost husband Fred. Bomba the Jungle Boy helps in the rescue effort. A major obstacle facing them is a killer leopard which specializes in tearing people limb from limb.,Lurking DANGERS and Hidden TERRORS Imperil Greed-Crazed Safari in Search of Forbidden Treasure!,Released,False,False,1954-08-22,70,0,0,0.5046,5.0,5,en,,tt0047148,/cjUrXxISZvEAQW2A2waubAkmo1X.jpg,/gHArjxW0dTKqWNBdQDTytKzpLef.jpg,"[{""id"": 12, ""name"": ""Adventure""}]","[{""id"": 517, ""logo_path"": null, ""name"": ""Allied Artists"", ""origin_country"": ""US""}]","[{""iso_3166_1"": ""US"", ""name"": ""United States of America""}]","[{""english_name"": ""English"", ""iso_639_1"": ""en"", ""name"": ""English""}]","[""US""]","{""id"": 744814, ""name"": ""Bomba, the Jungle Boy Collection"", ""poster_path"": ""/tN9oFiBidnG3b5I3T0yrgLXzqgG.jpg"", ""backdrop_path"": ""/ued5mz539Vk6CGZpwagdSGt3E0W.jpg""}"
28732,Fall Time,Fall Time,"Three young men decide to plan a mock kidnapping, but everything goes wrong because a real bank robbery was already planned by two other guys.","Wrong People, Wrong Place, Wrong Time.",Released,False,False,1995-05-13,88,4000000,0,1.6969,4.7,29,en,,tt0113014,/rYFexSIWUXNhuIdTIVcvZSEGe5G.jpg,/9D2SaKXE5tnYMASY8XhS4Y3z6Vl.jpg,"[{""id"": 28, ""name"": ""Action""}, {""id"": 12, ""name"": ""Adventure""}, {""id"": 80, ""name"": ""Crime""}, {""id"": 18, ""name"": ""Drama""}, {""id"": 53, ""name"": ""Thriller""}]","[{""id"": 16835, ""logo_path"": null, ""name"": ""Bates Entertainmant"", ""origin_country"": """"}, {""id"": 826, ""logo_path"": ""/aqiR1prl8N00FfkC4FCJWsOpZIy.png"", ""name"": ""Capitol Films"", ""origin_country"": ""GB""}, {""id"": 285, ""logo_path"": ""/ebAB20KtEg4J0eFMFBGhFJsSoYc.png"", ""name"": ""Live Entertainment"", ""origin_country"": ""US""}]","[{""iso_3166_1"": ""US"", ""name"": ""United States of America""}]","[{""english_name"": ""English"", ""iso_639_1"": ""en"", ""name"": ""English""}]","[""US""]",null
28733,"Count Yorga, Vampire","Count Yorga, Vampire","Posing as a hip medium, a bloodthirsty old-world undead gent attracts young lovelies to his mansion by holding séances in modern-day Los Angeles.","Dashing, Dark and Deadly.",Released,False,False,1970-06-10,93,100000,1300000,0.8091,5.6,57,en,,tt0066952,/zRAemNKmsErSDUWxBuSm8URDxQM.jpg,/ijiCejJZJlMmRx1HboBeTgRU4Fj.jpg,"[{""id"": 27, ""name"": ""Horror""}]","[{""id"": 14960, ""logo_path"": null, ""name"": ""Erica Productions Inc."", ""origin_country"": """"}]","[{""iso_3166_1"": ""US"", ""name"": ""United States of America""}]","[{""english_name"": ""English"", ""iso_639_1"": ""en"", ""name"": ""English""}]","[""US""]","{""id"": 327871, ""name"": ""Count Yorga Collection"", ""poster_path"": ""/vGUhU08ptGPdDWZ9l0AzdzBcbAQ.jpg"", ""backdrop_path"": ""/nvhMYpjQrviRsb13hmsFaweoEHJ.jpg""}"
28734,Hellhole,Hellhole,"An unlucky woman’s mother is murdered by a scarf-wielding killer named Silk, leaving the woman injured, traumatised and suffering from amnesia. She’s committed to a mental institution, where Silk follows her, looking for the papers he was trying to get from her mother. And Silk’s only the beginning of her problems, since the asylum is run by a mad doctor, performing experiments in chemical lobotomies!","CAPTIVES... Stripped Naked, Forced To Submit To The Ultimate Experiment!",Released,False,False,1985-03-15,96,0,0,1.3706,4.8,33,en,,tt0089269,/g6wm2BVwIjgFoi2ylT2EmksM1Ry.jpg,/vZEl9im8IQ1ezBhrfAQ8tqT960h.jpg,"[{""id"": 27, ""name"": ""Horror""}, {""id"": 28, ""name"": ""Action""}, {""id"": 18, ""name"": ""Drama""}, {""id"": 53, ""name"": ""Thriller""}]","[{""id"": 24271, ""logo_path"": null, ""name"": ""Hellhole Productions"", ""origin_country"": """"}, {""id"": 4705, ""logo_path"": null, ""name"": ""Arkoff International"", ""origin_country"": """"}]","[{""iso_3166_1"": ""US"", ""name"": ""United States of America""}]","[{""english_name"": ""English"", ""iso_639_1"": ""en"", ""name"": ""English""}]","[""US""]",null
28735,Deathsport,Deathsport,"1000 years into the future, after the Great Neutron Wars, the world is divided into desert wastelands and isolated city-states. Notorious ""Desert Ranger"" Kaz is forced to fight in the DeathSport, dueling on futuristic motorcycle ""Death Machines"". With the help of renegade vixen Deneer, Kaz must face his past and fight to save himself and his people.","DeathSport isn't just a game. In the year 3000, it's the only way to survive!",Released,False,False,1978-04-01,82,0,0,1.314,3.9,58,en,,tt0077414,/9UzEUTGfVftDWMqOnpepujv3VRn.jpg,/uYx0Hu1SOiOUKMkQlj9tdAa5mnU.jpg,"[{""id"": 28, ""name"": ""Action""}, {""id"": 53, ""name"": ""Thriller""}, {""id"": 878, ""name"": ""Science Fiction""}]","[{""id"": 1950, ""logo_path"": ""/eIoDtHIJKZaZ4hGbKgqC0PzlqJc.png"", ""name"": ""New World Pictures"", ""origin_country"": ""US""}]","[{""iso_3166_1"": ""US"", ""name"": ""United States of America""}]","[{""english_name"": ""English"", ""iso_639_1"": ""en"", ""name"": ""English""}]","[""US""]",null
28736,Hot Lead & Cold Feet,Hot Lead & Cold Feet,"Twin brothers -- one rough and tough, the other a city-bred milquetoast -- compete for their father's fortune.",,Released,False,False,1978-07-05,90,0,0,1.7227,5.8,33,en,,tt0077698,/zr6pX2rUfaub8QcGaIjYInuJBqQ.jpg,/if5PHyaafqhOH4aUfgKoOkZ14LA.jpg,"[{""id"": 28, ""name"": ""Action""}, {""id"": 35, ""name"": ""Comedy""}, {""id"": 10751, ""name"": ""Family""}, {""id"": 37, ""name"": ""Western""}]","[{""id"": 3166, ""logo_path"": ""/jmPS1qPfKnISciDF7RnUbh48jvK.png"", ""name"": ""Walt Disney Productions"", ""origin_country"": ""US""}]","[{""iso_3166_1"": ""US"", ""name"": ""United States of America""}]","[{""english_name"": ""English"", ""iso_639_1"": ""en"", ""name"": ""English""}]","[""US""]",null
28737,Iron Eagle on the Attack,Iron Eagle IV,"While Chappy Sinclair is saddled with a bunch of misfits and delinquents for his flight school, he turns to his protégé Doug Masters to assist him in rounding them into shape for an important competition. During their training, they stumble upon a group of subversive air force officers who are dealing in toxic waste as a sideline.",,Released,False,False,1995-12-01,96,0,0,2.2762,3.8,47,en,,tt0113438,/11a0w12nHY7rVjYSbnAeABOsKF.jpg,/p4hjsOK2OfOB3ILJqUPouMjWhN7.jpg,"[{""id"": 28, ""name"": ""Action""}, {""id"": 12, ""name"": ""Adventure""}]","[{""id"": 4063, ""logo_path"": ""/psOuT9ReSYhcBEB5ptnw7D2FdsE.png"", ""name"": ""Trimark Pictures"", ""origin_country"": ""US""}, {""id"": 16953, ""logo_path"": null, ""name"": ""Norstar Entertainment"", ""origin_country"": ""CA""}]","[{""iso_3166_1"": ""CA"", ""name"": ""Canada""}]","[{""english_name"": ""English"", ""iso_639_1"": ""en"", ""name"": ""English""}]","[""CA"", ""US""]","{""id"": 123251, ""name"": ""Iron Eagle Collection"", ""poster_path"": ""/wr2LChB1p1U8qX0rF2LdQgMgtAJ.jpg"", ""backdrop_path"": ""/mz4ozla1GGt2jgYNdqiS6lcNeTu.jpg""}"
28738,Frog-g-g!,Frog-g-g!,"Chemical waste seeps into a small town's water supply, causing the birth of a mutant FROGGG which is instinctively driven to mate with its genetic match - human women. Sexy EPA super-agent Dr Barbara Michaels tracks the Froggg's every move, fighting off corrupt good-ol'-boy politicians and drunken rednecks at every turn. No one in town believes her, or the evidence, until the shocking climax when the Froggg is finally brought to justice... or IS it...?",,Released,False,False,2004-03-06,80,0,0,0.7388,5.3,27,en,,tt0308281,/9pc2mr7YPp1tW7pui9Tq3TW4Mpd.jpg,,"[{""id"": 35, ""name"": ""Comedy""}, {""id"": 27, ""name"": ""Horror""}, {""id"": 878, ""name"": ""Science Fiction""}]","[{""id"": 89944, ""logo_path"": null, ""name"": ""End Of All Cinema"", ""origin_country"": """"}]","[{""iso_3166_1"": ""US"", ""name"": ""United States of America""}]","[{""english_name"": ""English"", ""iso_639_1"": ""en"", ""name"": ""English""}]","[""US""]",null
28739,Cabin Fever 2: Spring Fever,Cabin Fever 2: Spring Fever,A high school prom faces a deadly threat: a flesh-eating virus that spreads via a popular brand of bottled water.,This time it's spreading.,Released,False,False,2009-08-11,87,5000000,0,1.9295,4.5,417,en,,tt0961722,/RmQpuArPv71IuDLn8CP710fNgk.jpg,/rimhdm7tiOdZqTz0QKckoJ7mGac.jpg,"[{""id"": 27, ""name"": ""Horror""}]","[{""id"": 21840, ""logo_path"": null, ""name"": ""Morningstar Films"", ""origin_country"": ""US""}, {""id"": 25947, ""logo_path"": null, ""name"": ""Carr Miller Entertainment"", ""origin_country"": """"}, {""id"": 2763, ""logo_path"": null, ""name"": ""Tonic Films"", ""origin_country"": ""US""}, {""id"": 3019, ""logo_path"": null, ""name"": ""Wingman Productions"", ""origin_country"": ""US""}, {""id"": 4560, ""logo_path"": ""/96D35bqBIK3UErSTEiD3nrwNkMw.png"", ""name"": ""Tunnel Post"", ""origin_country"": ""US""}, {""id"": 5321, ""logo_path"": null, ""name"": ""Proud Mary Entertainment"", ""origin_country"": """"}, {""id"": 5322, ""logo_path"": ""/6Vk4WZnKJuC6z6HKBGFirbWwWwV.png"", ""name"": ""Aloe Entertainment"", ""origin_country"": ""US""}]","[{""iso_3166_1"": ""US"", ""name"": ""United States of America""}]","[{""english_name"": ""English"", ""iso_639_1"": ""en"", ""name"": ""English""}]","[""US""]","{""id"": 201576, ""name"": ""Cabin Fever Collection"", ""poster_path"": ""/vtWpkuminuCsxpCMaldU8CqxSB6.jpg"", ""backdrop_path"": ""/j82lEJUxFlXC35Pi75P3sAbkTUq.jpg""}"
28740,Black Friday,Black Friday,"Bombs tear through Bombay in 1993, wreaking havoc and polarising the citizens. With perpetrators at large, the state launches a massive man-hunt to unmask the perpetrators behind these events.",The shocking truth behind the '93 Bombay blasts,Released,False,False,2004-08-13,162,700000,1100000,1.4577,7.552,97,hi,,tt0400234,/a5s6liMFTQd7EHvCSSjavu4piPr.jpg,/kBi1q1jXgOPjbtBIw56nAl15zjw.jpg,"[{""id"": 80, ""name"": ""Crime""}, {""id"": 18, ""name"": ""Drama""}]","[{""id"": 98138, ""logo_path"": null, ""name"": ""Mid Day Multimedia"", ""origin_country"": """"}, {""id"": 98139, ""logo_path"": null, ""name"": ""Big Bang Pictures"", ""origin_country"": """"}, {""id"": 5226, ""logo_path"": null, ""name"": ""Mirror Films"", ""origin_country"": """"}]","[{""iso_3166_1"": ""IN"", ""name"": ""India""}]","[{""english_name"": ""English"", ""iso_639_1"": ""en"", ""name"": ""English""}, {""english_name"": ""Hindi"", ""iso_639_1"": ""hi"", ""name"": ""\u0939\u093f\u0928\u094d\u0926\u0940""}, {""english_name"": ""Urdu"", ""iso_639_1"": ""ur"", ""name"": ""\u0627\u0631\u062f\u0648""}]","[""IN""]",null
28741,I Can See You,I Can See You,"Three young ad-men enter the woods for a photo shoot, but a girlfriend's mysterious disappearance sparks a harrowing descent into unreality.",,Released,False,False,2008-01-06,97,0,0,0.6065,4.5,15,en,,tt0871865,/wdFWLR57df9jmsD0pDItgQpdRHz.jpg,/90xAsYJnf7bjD3PYvr0x4FkBNc0.jpg,"[{""id"": 27, ""name"": ""Horror""}, {""id"": 53, ""name"": ""Thriller""}]","[{""id"": 1360, ""logo_path"": ""/lqVvISZwlXQpEl27erWszcPdPsR.png"", ""name"": ""Glass Eye Pix"", ""origin_country"": ""US""}]","[{""iso_3166_1"": ""US"", ""name"": ""United States of America""}]","[{""english_name"": ""English"", ""iso_639_1"": ""en"", ""name"": ""English""}]","[""US""]",null
28742,1991: The Year Punk Broke,1991: The Year Punk Broke,"David Markey's documentary of life on the road with Sonic Youth and Nirvana during their tour of Europe in late 1991. Also featuring live performances by Dinosaur Jr, Babes in Toyland, The Ramones and Gumball.",,Released,False,False,1992-11-19,98,0,0,0.8326,6.8,36,en,,tt0103595,/nDWYYzzfBUeWQhWowEAExqwGbyv.jpg,/d6MIFNVaf3Z0rQHJfrlta6pb9fT.jpg,"[{""id"": 99, ""name"": ""Documentary""}, {""id"": 10402, ""name"": ""Music""}]","[{""id"": 137608, ""logo_path"": null, ""name"": ""Sonic Life"", ""origin_country"": """"}, {""id"": 83670, ""logo_path"": null, ""name"": ""We Got Power"", ""origin_country"": """"}, {""id"": 26821, ""logo_path"": null, ""name"": ""We Got Power Films"", ""origin_country"": """"}, {""id"": 4485, ""logo_path"": ""/nDWAVXc8LyfAj8Sb9yeH4ivoWxp.png"", ""name"": ""Geffen Records"", ""origin_country"": ""US""}]","[{""iso_3166_1"": ""US"", ""name"": ""United States of America""}]","[{""english_name"": ""English"", ""iso_639_1"": ""en"", ""name"": ""English""}]","[""US""]",null
28743,The Off Season,The Off Season,"A couple stay in a dingy motel in Maine to try and escape their hectic lives, but are haunted by spirits of previously murdered guests.",,Released,False,False,2004-10-28,90,0,0,0.2787,4.1,10,en,,tt0387460,/tRUj345jXbHJr5rlKwdPqY2Gvrv.jpg,/paQEs1KYbmDWQPfDSTw0BFqSsD3.jpg,"[{""id"": 27, ""name"": ""Horror""}]","[{""id"": 1360, ""logo_path"": ""/lqVvISZwlXQpEl27erWszcPdPsR.png"", ""name"": ""Glass Eye Pix"", ""origin_country"": ""US""}]","[{""iso_3166_1"": ""US"", ""name"": ""United States of America""}]",[],"[""US""]",null
28744,Satanic,Satanic,"Michelle wakes from an accident with no memory, then she has nightmares and people around her die.",Hell's halfway house,Released,False,False,2006-12-17,88,0,0,0.5638,2.9,19,en,,tt0478135,/dSs2l3CzaUUA7M1PjkCbYL4kEDA.jpg,/kdRLIO0b7Cu6K1vY4Vtx4oHSc8z.jpg,"[{""id"": 27, ""name"": ""Horror""}]","[{""id"": 1680, ""logo_path"": null, ""name"": ""MEB Entertainment"", ""origin_country"": """"}, {""id"": 17194, ""logo_path"": null, ""name"": ""Psycho Studios"", ""origin_country"": """"}]","[{""iso_3166_1"": ""US"", ""name"": ""United States of America""}]","[{""english_name"": ""English"", ""iso_639_1"": ""en"", ""name"": ""English""}]","[""US""]",null
28745,The Dancer,The Dancer,"A mute female dancer who wows audiences in club competitions but can't get Broadway jobs because of her handicap, develops a ""voice"" when a young scientist invents a device that allows her to make music via her dance movements.",,Released,False,False,2000-06-07,89,0,0,0.9812,5.7,30,en,,tt0190346,/oJis6aQ1JApDpCFxBwrqaDMPaQr.jpg,/xL8Amj9fcICJygqrDsdfMrKLilt.jpg,"[{""id"": 18, ""name"": ""Drama""}]",[],"[{""iso_3166_1"": ""FR"", ""name"": ""France""}]","[{""english_name"": ""English"", ""iso_639_1"": ""en"", ""name"": ""English""}]","[""FR""]",null
28746,"Ilsa, the Tigress of Siberia","Ilsa, the Tigress of Siberia","Siberia 1953: Ilsa is now working in a Gulag prison camp. Her mission is to ""retrain the minds"" of those who don't agree with the communists.",When she bares her claws ... You'll cringe with fear!,Released,False,False,1977-09-29,88,237000,0,3.7171,4.6,62,en,,tt0078398,/r8zD8k2TKzEeLBtmgnEZk0XGxPs.jpg,/47y1ZZGpQOSF9ITg7YTlTMecce3.jpg,"[{""id"": 27, ""name"": ""Horror""}, {""id"": 53, ""name"": ""Thriller""}, {""id"": 10752, ""name"": ""War""}]","[{""id"": 13032, ""logo_path"": null, ""name"": ""Mount Everest Enterprises Ltd"", ""origin_country"": """"}, {""id"": 38374, ""logo_path"": ""/xOpTPzrGorDGJuB5TgYKmSYzCAS.png"", ""name"": ""Cin\u00e9pix Film Properties"", ""origin_country"": ""CA""}]","[{""iso_3166_1"": ""CA"", ""name"": ""Canada""}]","[{""english_name"": ""English"", ""iso_639_1"": ""en"", ""name"": ""English""}]","[""CA"", ""US""]","{""id"": 123249, ""name"": ""Ilsa, She Wolf of the SS Collection"", ""poster_path"": ""/83r8YbGHBwBk5XYULgcuznouaiU.jpg"", ""backdrop_path"": ""/o03hf2Kgfx72sgYRCgGlzFiocR1.jpg""}"
28750,The Terror of the Tongs,The Terror of the Tongs,"In 1910, Hong Kong, under the rule of the British Empire, is a prosperous and bustling city, but, hidden in the shadows of its many narrow streets, the hideous members of the Red Dragon gang, a branch of the evil Chinese secret society of the Tongs, lurk and murder those who oppose to their tyranny, which thrives on vice, crime and the fear of the weakest.",Terror stalks the street of opium dreams!,Released,False,False,1961-03-15,76,0,0,0.8763,5.7,33,en,,tt0055516,/2KdowgrSZCaUjkxVcUw3CPRg4rI.jpg,/6frIX2Har0vmA37ELIRhm0Ma1aw.jpg,"[{""id"": 80, ""name"": ""Crime""}, {""id"": 9648, ""name"": ""Mystery""}]","[{""id"": 1314, ""logo_path"": ""/gQBluDqe6dc2ZdzfJbabEHoSGoG.png"", ""name"": ""Hammer Film Productions"", ""origin_country"": ""GB""}]","[{""iso_3166_1"": ""GB"", ""name"": ""United Kingdom""}]","[{""english_name"": ""English"", ""iso_639_1"": ""en"", ""name"": ""English""}]","[""GB""]",null
28751,976-Evil II,976-Evil II,"After being bestowed with demonic powers following a phone call to Hell, a psychotic teacher begins a rampage of death and destruction in a small town, forcing a teen and her boyfriend to fight him off so that they can get away.",This time Satan returns the call…,Released,False,False,1992-01-29,93,0,0,1.3901,4.5,58,en,,tt0101256,/9NUTvPGPXmtH0BXsBAqWZTOhLrL.jpg,/NC1g6WrrSPMnZ5Ip627skD2FEG.jpg,"[{""id"": 27, ""name"": ""Horror""}]","[{""id"": 10399, ""logo_path"": null, ""name"": ""CineTel Films"", ""origin_country"": ""US""}, {""id"": 10937, ""logo_path"": null, ""name"": ""Grey Matter Entertainment"", ""origin_country"": ""US""}]","[{""iso_3166_1"": ""US"", ""name"": ""United States of America""}]","[{""english_name"": ""English"", ""iso_639_1"": ""en"", ""name"": ""English""}]","[""US""]","{""id"": 135501, ""name"": ""976-EVIL Collection"", ""poster_path"": ""/aqhe8mwUIw5uGDsXXYIUFXU1RQP.jpg"", ""backdrop_path"": ""/hG5KJne0kkesNLo3qdmWQW6iKsn.jpg""}"
28752,The Curse of the Werewolf,The Curse of the Werewolf,A child conceived by a mute servant girl transforms from an innocent youth to a killer beast at night with uncontrollable urges.,HALF-MAN...HALF-WOLF...COMPELLED BY THE HIDEOUS CURSE OF HIS EVIL BIRTH TO DESTROY EVEN THOSE WHO LOVED HIM!,Released,False,False,1961-05-01,93,0,0,1.7747,6.5,175,en,,tt0054777,/eKQ6kovQVp2I7g1hJegOo8vRBhu.jpg,/9hKwjxCbHdDXtRdR2mRkrmfbBjh.jpg,"[{""id"": 27, ""name"": ""Horror""}]","[{""id"": 1314, ""logo_path"": ""/gQBluDqe6dc2ZdzfJbabEHoSGoG.png"", ""name"": ""Hammer Film Productions"", ""origin_country"": ""GB""}]","[{""iso_3166_1"": ""GB"", ""name"": ""United Kingdom""}]","[{""english_name"": ""English"", ""iso_639_1"": ""en"", ""name"": ""English""}]","[""GB""]",null
28753,You Can't Cheat an Honest Man,You Can't Cheat an Honest Man,"Fields plays ""Larsen E. Whipsnade"", the owner of a shady carnival that is constantly on the run from the law. Whipsnade is struggling to keep a step ahead of foreclosure, and clearly not paying his performers, including Bergen and McCarthy, who try to coax money out of him, or in McCarthy's case, steal some outright.",AT LAST YOU CAN SEE THESE FAMOUS FEUDSTERS CLASH ON THE SCREEN!,Released,False,False,1939-02-17,76,0,0,1.7844,6.8,20,en,,tt0032152,/rY45oLvvzzRNh8cArch9hyb7e5G.jpg,/wSRdkr01H1eUWIIUKZVgkldSXc1.jpg,"[{""id"": 35, ""name"": ""Comedy""}]","[{""id"": 33, ""logo_path"": ""/8lvHyhjr8oUKOOy2dKXoALWKdp0.png"", ""name"": ""Universal Pictures"", ""origin_country"": ""US""}]","[{""iso_3166_1"": ""US"", ""name"": ""United States of America""}]","[{""english_name"": ""English"", ""iso_639_1"": ""en"", ""name"": ""English""}]","[""US""]",null
28755,Framed,Framed,"Rose Manning swears revenge for the unjust slaying of her father by Inspector McArthur. Five years later, as a nightclub hostess, she is sought by Chuck Gaines, secretly a bootlegger, but she centers her attentions on young Jimmy Carter, who, she learns, is the son of McArthur.","Spiking the death-flashing Gats of Gangland in its Reign of Terror....Dramatic Triumph of the Law, Over the Lawless!",Released,False,False,1930-03-16,65,0,0,0.8626,5.0,13,en,,tt0020900,/a3tv4X2HBXNYZ5KVmxaVmIxLmy1.jpg,/dxU57Yo5mJPsX5jWGxNyreoaEFv.jpg,"[{""id"": 12, ""name"": ""Adventure""}, {""id"": 80, ""name"": ""Crime""}]","[{""id"": 6, ""logo_path"": ""/n53F7K9scQWFXYbrCablqLKqJdp.png"", ""name"": ""RKO Radio Pictures"", ""origin_country"": ""US""}]","[{""iso_3166_1"": ""US"", ""name"": ""United States of America""}]","[{""english_name"": ""English"", ""iso_639_1"": ""en"", ""name"": ""English""}]","[""US""]",null
28756,Hackers Are People Too,Hackers Are People Too,A portrait of the hacking community. In an effort to challenge preconceived notions and media-driven stereotypes Hackers Are People Too lets hackers speak for themselves and introduce their community to the public.,"Yeah, they're all that. But...",Released,False,False,2008-08-08,43,6000,0,0.1149,6.1,11,en,http://www.hackersarepeopletoo.com/,tt1279942,/fcF5w45DeeecuPH6UWPt7gxkFDg.jpg,/y2fO8mNouYjeNqHPgQrfwGiN99a.jpg,"[{""id"": 99, ""name"": ""Documentary""}]","[{""id"": 5638, ""logo_path"": null, ""name"": ""Flat Nine Studios"", ""origin_country"": """"}]","[{""iso_3166_1"": ""US"", ""name"": ""United States of America""}]","[{""english_name"": ""English"", ""iso_639_1"": ""en"", ""name"": ""English""}]","[""US""]",null
28757,The Swinging Barmaids,The Swinging Barmaids,A cop goes after a psycho who is killing cocktail waitresses.,They Can't Wait For Their Next Hot Date,Released,False,False,1975-07-15,88,0,0,0.729,4.2,15,en,,tt0073773,/3GH8yysbmoGX4RtdLC74vnuBI3F.jpg,/tB3yy1VzS0ZVi7laf82iFAr8vn6.jpg,"[{""id"": 18, ""name"": ""Drama""}, {""id"": 80, ""name"": ""Crime""}, {""id"": 27, ""name"": ""Horror""}]","[{""id"": 56615, ""logo_path"": null, ""name"": ""Carlin Company Productions"", ""origin_country"": """"}]","[{""iso_3166_1"": ""US"", ""name"": ""United States of America""}]","[{""english_name"": ""English"", ""iso_639_1"": ""en"", ""name"": ""English""}]","[""US""]",null
28758,Atlantis: The Lost Continent,Atlantis: The Lost Continent,"A Greek Fisherman brings an Atlantean Princess back to her homeland which is the mythical city of Atlantis. He is enslaved for his trouble. The King is being manipulated by an evil sorcerer who is bent on using a natural resource of Atlantis to take over the world. The Atlanteans, or rather the slaves of Atlantis, are forced to mine a crystalline material which absorbs the suns rays. These crystals can then be used for warmth. The misuse of science has created weapons out of the crystals that can fire a heat ray to destroy whatever it touches.",SIGHTS NEVER BEFORE SEEN - Adventure never before experienced!,Released,False,False,1961-05-03,90,0,0,1.652,5.1,47,en,,tt0054642,/ygC5yVRyrXqwMSmcpvf2khjThAR.jpg,/2D9KjNLPs7LbngAieI1s7Xd82rk.jpg,"[{""id"": 12, ""name"": ""Adventure""}, {""id"": 14, ""name"": ""Fantasy""}]","[{""id"": 4864, ""logo_path"": null, ""name"": ""George Pal Productions"", ""origin_country"": """"}, {""id"": 38619, ""logo_path"": null, ""name"": ""Galaxy Productions"", ""origin_country"": """"}]","[{""iso_3166_1"": ""US"", ""name"": ""United States of America""}]","[{""english_name"": ""English"", ""iso_639_1"": ""en"", ""name"": ""English""}]","[""US""]",null
28760,Crowhaven Farm,Crowhaven Farm,"A couple, Maggie and Ben Porter, inherit an old farmhouse and move in, hoping to reinvigorate their marriage. When they learn the home was occupied long ago by a woman who was executed for practicing witchcraft, Maggie begins to have nightmares about her.",,Released,False,False,1970-11-24,74,0,0,1.6087,6.0,24,en,,tt0065594,/h3JF9ntnWhpqba1caOLNEh6bEri.jpg,/4epcwHvZw10Q9zskYfznfDlje4u.jpg,"[{""id"": 27, ""name"": ""Horror""}, {""id"": 10770, ""name"": ""TV Movie""}]","[{""id"": 1812, ""logo_path"": null, ""name"": ""Aaron Spelling Productions"", ""origin_country"": ""US""}]","[{""iso_3166_1"": ""US"", ""name"": ""United States of America""}]","[{""english_name"": ""English"", ""iso_639_1"": ""en"", ""name"": ""English""}]","[""US""]",null
28761,"White Hunter, Black Heart","White Hunter, Black Heart","Renowned filmmaker John Wilson travels to Africa to direct a new movie, but constantly leaves to hunt elephants and other game, to the dismay of his cast and crew. He eventually becomes obsessed with hunting down and killing one specific elephant.",An adventure in obsession...,Released,False,False,1990-05-16,112,24000000,2300000,2.0258,6.392,304,en,,tt0100928,/tbLYzI4rB7qQy0gete68v2gHVZV.jpg,/iNTmC3zbOkekbD9z6FoubQByhdf.jpg,"[{""id"": 12, ""name"": ""Adventure""}, {""id"": 18, ""name"": ""Drama""}]","[{""id"": 174, ""logo_path"": ""/zhD3hhtKB5qyv7ZeL4uLpNxgMVU.png"", ""name"": ""Warner Bros. Pictures"", ""origin_country"": ""US""}, {""id"": 171, ""logo_path"": ""/bqLWwuNCHcY3IjB5e4o29h7l80D.png"", ""name"": ""Malpaso Productions"", ""origin_country"": ""US""}, {""id"": 1177, ""logo_path"": ""/gxvrQWG6byKMVEHMjTJjGhRlARQ.png"", ""name"": ""Rastar Productions"", ""origin_country"": ""US""}]","[{""iso_3166_1"": ""US"", ""name"": ""United States of America""}]","[{""english_name"": ""English"", ""iso_639_1"": ""en"", ""name"": ""English""}]","[""US""]",null
28762,Waxwork II: Lost in Time,Waxwork II: Lost in Time,The survivors of the first Waxwork must use a portal through time to defeat the evil that has followed them and turned their lives upside down.,"A killer is waiting... in the past, present and future.",Released,False,False,1992-05-11,104,3500000,0,1.6536,5.0,136,en,,tt0105792,/dT2V9pZNVGOpzH17LJKg62wl3Pc.jpg,/3K5f069NukXn209osdL9RdRnTL.jpg,"[{""id"": 27, ""name"": ""Horror""}, {""id"": 35, ""name"": ""Comedy""}, {""id"": 14, ""name"": ""Fantasy""}]","[{""id"": 90143, ""logo_path"": null, ""name"": ""Contemporary Films"", ""origin_country"": """"}]","[{""iso_3166_1"": ""US"", ""name"": ""United States of America""}]","[{""english_name"": ""English"", ""iso_639_1"": ""en"", ""name"": ""English""}]","[""US""]","{""id"": 126220, ""name"": ""Waxwork Collection"", ""poster_path"": ""/kYRcertVAB3sFgY4XW1008ExBYP.jpg"", ""backdrop_path"": ""/oXnFpVltxp2goOCdiCe3wQ5Tw1s.jpg""}"
28763,Island of Terror,Island of Terror,"A small island community is overrun with creeping, blobbish, tentacled monsters which liquefy and digest the bones from living creatures. The community struggles to fight back.",How could they stop the devouring death...that lived by sucking on living human bones!,Released,False,False,1966-06-20,89,0,0,1.8822,5.9,112,en,,tt0060548,/xbKgZjvMw5FiSfsmPYephSNChST.jpg,/6zHwjdSm0duhVzbYH9sODUQOv7t.jpg,"[{""id"": 27, ""name"": ""Horror""}, {""id"": 878, ""name"": ""Science Fiction""}]","[{""id"": 13718, ""logo_path"": null, ""name"": ""Planet Film Productions"", ""origin_country"": """"}, {""id"": 17484, ""logo_path"": null, ""name"": ""Protelco"", ""origin_country"": """"}]","[{""iso_3166_1"": ""GB"", ""name"": ""United Kingdom""}]","[{""english_name"": ""English"", ""iso_639_1"": ""en"", ""name"": ""English""}, {""english_name"": ""Italian"", ""iso_639_1"": ""it"", ""name"": ""Italiano""}]","[""GB""]",null
28764,Detective Conan: The Raven Chaser,名探偵コナン 漆黒の追跡者（チェイサー）,A new member from the Black Organization that shrunk Shinichi's body manages to find out about Shinichi's transformation into Conan. This discovery starts to put those around him in danger as Gin and the other Black Organization members start to take action.,,Released,False,False,2009-04-18,111,0,39664359,7.2557,7.275,151,ja,https://www.tms-e.co.jp/global/alltitles/conan/087313.html,tt1343046,/1rqrypnOq4cuwzobGW9gQgarkSr.jpg,/6LYJE4q6mujBzdtcrioCMFlKjSg.jpg,"[{""id"": 16, ""name"": ""Animation""}, {""id"": 80, ""name"": ""Crime""}, {""id"": 9648, ""name"": ""Mystery""}, {""id"": 53, ""name"": ""Thriller""}]","[{""id"": 882, ""logo_path"": ""/fRSWWjquvzcHjACbtF53utZFIll.png"", ""name"": ""TOHO"", ""origin_country"": ""JP""}, {""id"": 7164, ""logo_path"": ""/vHsaqTkQ2ZTbdqrCA272YahoVlg.png"", ""name"": ""TMS Entertainment"", ""origin_country"": ""JP""}]","[{""iso_3166_1"": ""JP"", ""name"": ""Japan""}]","[{""english_name"": ""Japanese"", ""iso_639_1"": ""ja"", ""name"": ""\u65e5\u672c\u8a9e""}]","[""JP""]","{""id"": 39199, ""name"": ""Detective Conan Collection"", ""poster_path"": ""/kz8Bu9uBxx4P3LpGM9R2XR06iEo.jpg"", ""backdrop_path"": ""/tCn2416CQcLHvDkAL7II20v5YO3.jpg""}"
28765,Kannibal,Kannibal,"A squad of police cars responding to an emergency call races through the streets of Atlanta. Upon arrival at the crime scene, they see complete desolation. Dead bodies are everywhere. And they apparently just missed the killer, though one of his victims, the head of New York's Russian mafia, survived. The family's crime operation then comes to London, but unknown to them, the assassin has also moved there and is working for the police as a pathologist. And while the family is still hunting the assassin, he is on his own mission of revenge.",Meet a man with an appetite for killing,Released,False,False,2001-01-01,77,0,0,0.4076,1.0,4,en,,tt0330509,/26exc4rtqA2Fpe6CFGGeQ2pUAwY.jpg,/2RHBNoGtfU9XGJLiiL8J3znH5As.jpg,"[{""id"": 27, ""name"": ""Horror""}]","[{""id"": 12262, ""logo_path"": null, ""name"": ""Dragon Studios"", ""origin_country"": ""CN""}]","[{""iso_3166_1"": ""GB"", ""name"": ""United Kingdom""}]","[{""english_name"": ""English"", ""iso_639_1"": ""en"", ""name"": ""English""}]","[""GB""]",null
28766,Razor Blade Smile,Razor Blade Smile,"A 19th century woman, who has become one of the undead, acts as a hired killer in modern times. When she starts knocking off part of the elite businessmen, ""The Illuminati"", who secretly are taking over business and the government, she becomes the target of a hired Scotland Yard detective. Of course, the head of ""The Illuminati"" is the vampire who first gave her immortality",Part Seductress. Part Assassin. All Vampire.,Released,False,False,1998-10-16,102,0,0,0.9185,4.0,25,en,,tt0159693,/sMVuGc7VU9Sp4SLz544QhjtWtjK.jpg,/hhVpNrUGfM7pYOMWTu5NmS2SdFC.jpg,"[{""id"": 27, ""name"": ""Horror""}, {""id"": 53, ""name"": ""Thriller""}]","[{""id"": 3706, ""logo_path"": ""/jQAPMaK0luVFn69MvL83d3l6iCo.png"", ""name"": ""Manga Entertainment"", ""origin_country"": ""GB""}, {""id"": 287309, ""logo_path"": ""/eXnWLlDzLfJQImsmZ74up36hJ5S.png"", ""name"": ""Manga Entertainment"", ""origin_country"": ""US""}]","[{""iso_3166_1"": ""GB"", ""name"": ""United Kingdom""}, {""iso_3166_1"": ""US"", ""name"": ""United States of America""}]","[{""english_name"": ""English"", ""iso_639_1"": ""en"", ""name"": ""English""}]","[""US"", ""GB""]",null
28767,Darkness Surrounds Roberta,Darkness Surrounds Roberta,"Deceit, perversion, and an unseen murderer follow a wealthy socialite through Italy as her mind breaks down into madness.",Roberta is a woman to die for. Whether she likes it... or not.,Released,False,False,2008-02-21,105,0,0,0.2058,3.2,4,en,,tt0985050,/dwiQVIc5w7ZHc8trnX2pNI722l8.jpg,/7FQgYDgpoeToZRgNF6RJXSoLkyv.jpg,"[{""id"": 9648, ""name"": ""Mystery""}, {""id"": 53, ""name"": ""Thriller""}, {""id"": 80, ""name"": ""Crime""}, {""id"": 27, ""name"": ""Horror""}]","[{""id"": 74870, ""logo_path"": null, ""name"": ""Cinema Image Productions"", ""origin_country"": """"}, {""id"": 105517, ""logo_path"": null, ""name"": ""Gothic Produzioni"", ""origin_country"": """"}, {""id"": 26957, ""logo_path"": null, ""name"": ""Rosecalypse"", ""origin_country"": ""DE""}]","[{""iso_3166_1"": ""IT"", ""name"": ""Italy""}]","[{""english_name"": ""English"", ""iso_639_1"": ""en"", ""name"": ""English""}]","[""IT""]",null
28768,Faceless,Faceless,A detective investigating a missing model in Paris uncovers a plastic surgeon’s horrifying secret.,Come Face to Face with Evil,Released,False,False,1988-01-31,98,0,0,1.113,5.7,62,en,,tt0095125,/hsYqZzbO3R493ysHv1Ki961Bu1o.jpg,/A3UxFGdmiMjwmO2R2YeF8gjatRZ.jpg,"[{""id"": 27, ""name"": ""Horror""}]","[{""id"": 6022, ""logo_path"": null, ""name"": ""ATC 3000"", ""origin_country"": """"}, {""id"": 4049, ""logo_path"": null, ""name"": ""Rochelle Films"", ""origin_country"": """"}, {""id"": 4880, ""logo_path"": null, ""name"": ""Chateau Productions"", ""origin_country"": """"}]","[{""iso_3166_1"": ""ES"", ""name"": ""Spain""}, {""iso_3166_1"": ""FR"", ""name"": ""France""}]","[{""english_name"": ""English"", ""iso_639_1"": ""en"", ""name"": ""English""}]","[""FR"", ""ES""]","{""id"": 820742, ""name"": ""Dr. Orloff Collection"", ""poster_path"": ""/mTn8LH4HNC1gvcOJjObF9hj07Q2.jpg"", ""backdrop_path"": ""/kyTIXHWy79tuFHHjfQ68h1jGff9.jpg""}"
28769,A Christmas Carol,A Christmas Carol,"Miser Ebenezer Scrooge is awakened on Christmas Eve by spirits who reveal to him his own miserable existence, what opportunities he wasted in his youth, his current cruelties, and the dire fate that awaits him if he does not change his ways. Scrooge is faced with his own story of growing bitterness and meanness, and must decide what his own future will hold: death or redemption.",The holiday heart-warmer as you've never seen - or heard - before!,Released,False,False,2004-11-28,87,17000000,0,1.8702,6.4,53,en,,tt0406649,/2KMxnbPZilgwF5N1rs6zmpwyVyG.jpg,/ltrTheaVE9VD0qF9EbsRHIpeaCs.jpg,"[{""id"": 18, ""name"": ""Drama""}, {""id"": 14, ""name"": ""Fantasy""}, {""id"": 10770, ""name"": ""TV Movie""}]","[{""id"": 4056, ""logo_path"": ""/dnz7zZ2e11usyjPG3mTYvJfyciD.png"", ""name"": ""Hallmark Entertainment"", ""origin_country"": ""US""}]","[{""iso_3166_1"": ""US"", ""name"": ""United States of America""}]","[{""english_name"": ""English"", ""iso_639_1"": ""en"", ""name"": ""English""}]","[""US""]",null
28770,The Man Who Could Cheat Death,The Man Who Could Cheat Death,"Dr. Bonner plans to live forever through periodic gland transplants from younger, healthier human victims. Bonner looks about 40; he's really 104 years old. But people are starting to get suspicious, and he may not make 200.",HIS HIDEOUS OBSESSION LED HIM TO COMMIT GHASTLY CRIMES OF PASSION AND VIOLENCE.,Released,False,False,1959-06-15,83,0,0,1.5465,5.8,76,en,,tt0053041,/xL8b3Q88zCzW8JFr2NK8cqqR1kL.jpg,/v6xNNGuv3eyS7bngzxVnhcUImqV.jpg,"[{""id"": 27, ""name"": ""Horror""}, {""id"": 878, ""name"": ""Science Fiction""}]","[{""id"": 1314, ""logo_path"": ""/gQBluDqe6dc2ZdzfJbabEHoSGoG.png"", ""name"": ""Hammer Film Productions"", ""origin_country"": ""GB""}]","[{""iso_3166_1"": ""GB"", ""name"": ""United Kingdom""}]","[{""english_name"": ""English"", ""iso_639_1"": ""en"", ""name"": ""English""}]","[""US"", ""GB""]",null
28771,The Masks of Death,The Masks of Death,"Sherlock Holmes has retired. But when MacDonald asks him to take on another case, he says yes. There have been some mysterious murders, and there are no visible causes for the deaths. At the same time Holmes gets this case, Graf Udo Von Felseck gives him another case: find a young and missing prince to prevent war between Germany and England. But Von Felseck is not as honest as he seems...",The last adventure of Sherlock Holmes.,Released,False,False,1984-12-23,78,0,0,1.3712,5.2,13,en,,tt0088108,/xz2hdlJzgD2pLFLkUqEyZMLKeDv.jpg,/A44Aw6mFIMu4FQCGPJbnOKBx7Wl.jpg,"[{""id"": 10770, ""name"": ""TV Movie""}, {""id"": 9648, ""name"": ""Mystery""}, {""id"": 80, ""name"": ""Crime""}, {""id"": 53, ""name"": ""Thriller""}]","[{""id"": 4865, ""logo_path"": null, ""name"": ""Tyburn Film Productions Limited"", ""origin_country"": """"}]","[{""iso_3166_1"": ""GB"", ""name"": ""United Kingdom""}]","[{""english_name"": ""English"", ""iso_639_1"": ""en"", ""name"": ""English""}]","[""GB""]",null
28772,One Nite in Mongkok,旺角黑夜,"A gangster's son is accidentally killed during a drunken dispute with a rival gang, and Officer Milo's task force is assigned to the case. He soon learns that a hitman has been hired to take out the rival gang leader. While Milo and his crew desperately try to find and stop the hired gun, fearing all-out war in the streets, Lai Fu, a smart but inexperienced killer from a small town in the mainland, arrives in Hong Kong to do his job.",Fate can bring us together; so can sin!,Released,False,False,2004-05-10,110,0,0,3.5936,6.8,64,cn,,tt0430772,/1LFv4ZmWZeM56f5swPgcWABTZ8w.jpg,/dGsBaxjskigP9aiHvs5EWZDDsdv.jpg,"[{""id"": 18, ""name"": ""Drama""}, {""id"": 80, ""name"": ""Crime""}, {""id"": 53, ""name"": ""Thriller""}]","[{""id"": 28013, ""logo_path"": null, ""name"": ""Film Unlimited"", ""origin_country"": ""HK""}, {""id"": 5686, ""logo_path"": ""/o4aETXAP9HxOSRbGDWgBfkSzSJw.png"", ""name"": ""Sil-Metropole Organisation"", ""origin_country"": ""HK""}, {""id"": 97563, ""logo_path"": null, ""name"": ""Universe Films Distribution Company Limited"", ""origin_country"": """"}]","[{""iso_3166_1"": ""HK"", ""name"": ""Hong Kong""}]","[{""english_name"": ""Cantonese"", ""iso_639_1"": ""cn"", ""name"": ""\u5e7f\u5dde\u8bdd / \u5ee3\u5dde\u8a71""}, {""english_name"": ""Mandarin"", ""iso_639_1"": ""zh"", ""name"": ""\u666e\u901a\u8bdd""}]","[""HK""]","{""id"": 716896, ""name"": ""King of Guns Collection"", ""poster_path"": ""/yuQBhFLmOjzJPXsHwzpNk22hzcC.jpg"", ""backdrop_path"": null}"
28774,Communion,Communion,A novelist's wife and son see him changed by an apparent encounter with aliens in the mountains.,The true story of one man's terrifying journey into the unknown.,Released,False,False,1989-11-10,103,5000000,1919653,1.5893,5.314,185,en,,tt0097100,/unDk9honWK30AMUTwSknhplFI5G.jpg,/vb7hke97pbAsZcCG1C7vhDtAiMk.jpg,"[{""id"": 18, ""name"": ""Drama""}, {""id"": 27, ""name"": ""Horror""}, {""id"": 878, ""name"": ""Science Fiction""}, {""id"": 53, ""name"": ""Thriller""}]","[{""id"": 57986, ""logo_path"": null, ""name"": ""The Picture Property Company"", ""origin_country"": """"}, {""id"": 5570, ""logo_path"": null, ""name"": ""Allied Vision"", ""origin_country"": """"}, {""id"": 57987, ""logo_path"": null, ""name"": ""Pheasantry Films"", ""origin_country"": """"}]","[{""iso_3166_1"": ""GB"", ""name"": ""United Kingdom""}, {""iso_3166_1"": ""US"", ""name"": ""United States of America""}]","[{""english_name"": ""English"", ""iso_639_1"": ""en"", ""name"": ""English""}]","[""US"", ""GB""]",null
28775,The Neanderthal Man,The Neanderthal Man,"A scientist develops a formula which will cause animals to regress to the form of their primitive ancestors, and tries it on himself with disastrous results.",HALF MAN...HALF BEAST...He held them all in the grip of deadly terror...nothing could keep him from this woman he claimed as his own!,Released,False,False,1953-06-19,78,0,0,1.0063,4.2,20,en,,tt0046121,/si8D92lmc2BcA9UiIaTYLQ17SdJ.jpg,/cF4TEhfzayO6UVXTXAe0wpjZzmg.jpg,"[{""id"": 27, ""name"": ""Horror""}, {""id"": 878, ""name"": ""Science Fiction""}]","[{""id"": 4866, ""logo_path"": null, ""name"": ""Global Productions"", ""origin_country"": """"}]","[{""iso_3166_1"": ""US"", ""name"": ""United States of America""}]","[{""english_name"": ""English"", ""iso_639_1"": ""en"", ""name"": ""English""}]","[""US""]",null
28776,Atle Antonsens Bestenoteringer,Atle Antonsens Bestenoteringer,Atle Antonsen is one of Norway's most awarded comedians. This 5 hour double-DVD contains highlights from his carriere.,5 hours with the best from TV and the stage,Released,False,True,2009-11-25,305,0,0,0.0732,4.8,2,no,,,/iIkiz0duHkOx18oMYcwEvn49cjt.jpg,/fIzh225KPrbOSU5iN8NlwxvxPO9.jpg,"[{""id"": 35, ""name"": ""Comedy""}]","[{""id"": 109843, ""logo_path"": ""/iwkwIEXWIPApzedElW5sY8LFZSx.png"", ""name"": ""NRK"", ""origin_country"": ""NO""}]","[{""iso_3166_1"": ""NO"", ""name"": ""Norway""}]","[{""english_name"": ""Norwegian"", ""iso_639_1"": ""no"", ""name"": ""Norsk""}]","[""NO""]",null
28777,Rocket's Red Glare,Rocket's Red Glare,"A troubled 17-year-old Todd Baker restores a Mercury Redstone rocket as a science project with the help of his ex-astronaut grandfather. When a NASA emergency leaves a space shuttle and its crew in danger, Todd's rocket is the only one ready for immediate launch.",,Released,False,False,2000-08-27,105,0,0,1.006,3.0,2,en,,tt0219279,/49yrIVumsuWVk7RFHlvHLlOHKjj.jpg,,"[{""id"": 878, ""name"": ""Science Fiction""}, {""id"": 18, ""name"": ""Drama""}, {""id"": 10751, ""name"": ""Family""}, {""id"": 10770, ""name"": ""TV Movie""}]","[{""id"": 2365, ""logo_path"": null, ""name"": ""Capital Arts Entertainment"", ""origin_country"": ""US""}, {""id"": 2106, ""logo_path"": ""/3ymjxYcUFEwCdMf2SoVyGd1aHef.png"", ""name"": ""Saban Entertainment"", ""origin_country"": ""US""}]","[{""iso_3166_1"": ""US"", ""name"": ""United States of America""}]","[{""english_name"": ""English"", ""iso_639_1"": ""en"", ""name"": ""English""}]","[""US""]",null
28778,The Devil-Ship Pirates,The Devil-Ship Pirates,"A pirate ship, fighting in 1588 on the side of the Spanish Armada, suffers damage and must put into a village on the British coast for repairs. The village is small and isolated and the Spanish convince the villagers that the English fleet has been defeated and that they, the Spanish, are now their masters. This results in the villagers' sullen cooperation, but rumors and unrest begin to spread and soon the Spanish pirates find themselves facing a revolt.",A Hot-Blooded Crew of Cut-Throats!,Released,False,False,1964-08-01,86,0,0,1.3099,5.6,25,en,,tt0058011,/nn4Bm2Dha1bZTBPPOcYN0UqoFte.jpg,/aQjOovwvSD79cLlCAFJeQ6RUnjM.jpg,"[{""id"": 28, ""name"": ""Action""}, {""id"": 12, ""name"": ""Adventure""}, {""id"": 53, ""name"": ""Thriller""}]","[{""id"": 14549, ""logo_path"": null, ""name"": ""Warner-Path\u00e9 Distributors"", ""origin_country"": """"}, {""id"": 1441, ""logo_path"": ""/28DJnfE2ZaR5oNJVlZ38uvnLaCH.png"", ""name"": ""Associated British Picture Corporation"", ""origin_country"": ""GB""}, {""id"": 1314, ""logo_path"": ""/gQBluDqe6dc2ZdzfJbabEHoSGoG.png"", ""name"": ""Hammer Film Productions"", ""origin_country"": ""GB""}]","[{""iso_3166_1"": ""GB"", ""name"": ""United Kingdom""}]","[{""english_name"": ""English"", ""iso_639_1"": ""en"", ""name"": ""English""}]","[""GB""]",null
28779,Pinocchio,Pinocchio,"A bawdy burlesque version of the famous fairy tale, Geppeta is a frustrated and nubile young virgin. She carves Pinocchio as a gorgeous young hunk. Geppeta's fairy godmother magically transforms the young stud into a living man, who is quickly brought to work in the local whorehouse as a prize stud and exhibitionist.",It's not his nose that grows!,Released,False,False,1971-01-01,79,0,0,0.8064,4.6,15,en,,tt0067061,/fJt55LEOLmHT11JiLn9VpyJVLej.jpg,,"[{""id"": 35, ""name"": ""Comedy""}, {""id"": 14, ""name"": ""Fantasy""}]","[{""id"": 146053, ""logo_path"": null, ""name"": ""Pinno Film Company"", ""origin_country"": """"}, {""id"": 20982, ""logo_path"": null, ""name"": ""Lima Productions"", ""origin_country"": ""US""}]","[{""iso_3166_1"": ""US"", ""name"": ""United States of America""}]","[{""english_name"": ""English"", ""iso_639_1"": ""en"", ""name"": ""English""}]","[""US""]",null
28780,Deathmaster,Deathmaster,"A mysterious, charismatic stranger attracts a cult-like following of aimless young hippies, only to reveal himself to be a vampire.",Eyes Like Hot Coals...Fangs Like Razors! Khorda the Deathmaster Has Left His Tomb!,Released,False,False,1972-08-15,88,0,0,0.6159,4.7,7,en,,tt0068459,/h809Bz0ftjmDl07PdD6URYdAWH2.jpg,/oQZGx2mjSrQc1pzwIWdwD0NV0pF.jpg,"[{""id"": 27, ""name"": ""Horror""}]","[{""id"": 14863, ""logo_path"": null, ""name"": ""R.F. Brown Productions"", ""origin_country"": """"}]","[{""iso_3166_1"": ""US"", ""name"": ""United States of America""}]","[{""english_name"": ""English"", ""iso_639_1"": ""en"", ""name"": ""English""}]","[""US""]",null
28783,Chain Gang Women,Chain Gang Women,A shackled murderer and marijuana offender escape from a Georgia chain gang.,Chained like animals... treated like trash.,Released,False,False,1971-09-22,85,0,0,0.2704,1.8,5,en,http://www.crownintlpictures.com/actitles.html,tt0066905,/bb0Wd1vQAruu7zndo5zcdzmoUUx.jpg,/wXEe7Lzv8nRdko6Nz8XCrfyhx9T.jpg,"[{""id"": 28, ""name"": ""Action""}, {""id"": 18, ""name"": ""Drama""}]","[{""id"": 164846, ""logo_path"": null, ""name"": ""Flamingo Productions"", ""origin_country"": """"}, {""id"": 1009, ""logo_path"": null, ""name"": ""Crown International Pictures"", ""origin_country"": ""US""}]","[{""iso_3166_1"": ""US"", ""name"": ""United States of America""}]","[{""english_name"": ""English"", ""iso_639_1"": ""en"", ""name"": ""English""}]","[""US""]",null
28784,Hell Is a City,Hell Is a City,"Set in Manchester, heartland of England's industrial north, Don Starling escapes from jail becoming England's most wanted man. Ruthless villain Starling together with his cronies engineered a robbery that resulted in the violent death of a young girl. Detective Inspector Martineau has been assigned to hunt him down and bring him in. From seedy barrooms, through gambling dens the trail leads to an explosive climax high on the rooftops of the city.",Murder money stained his hands....,Released,False,False,1960-04-10,98,0,0,1.063,6.5,33,en,,tt0053900,/iG0rItDagvFyU3bVyaAwiXOTk2x.jpg,/iODifHiFqwy5MffquR08TCrXwuV.jpg,"[{""id"": 53, ""name"": ""Thriller""}, {""id"": 80, ""name"": ""Crime""}]","[{""id"": 1314, ""logo_path"": ""/gQBluDqe6dc2ZdzfJbabEHoSGoG.png"", ""name"": ""Hammer Film Productions"", ""origin_country"": ""GB""}]","[{""iso_3166_1"": ""GB"", ""name"": ""United Kingdom""}]","[{""english_name"": ""English"", ""iso_639_1"": ""en"", ""name"": ""English""}]","[""GB""]",null
28788,Fatal Frames,Fatal Frames - Fotogrammi mortali,"Alex Ritt, a music video director comes to Italy to direct a video for pop sensation Stefania Stella. He soon encounters a mysterious killer who videotapes his victims for the police. As the horrible murders continue, Ritt is unknowingly pushed into the killer's games and he soon becomes a target of the police. The video-killer is on the loose and Ritt must find out the truth before it's too late.",,Released,False,False,1996-02-15,125,0,0,0.5228,3.7,10,it,,tt0116284,/nCCtBCgcRf6gfjV77Z1g35B1hFS.jpg,/j42gzigJxDMAgBsVymX9a4UOOVC.jpg,"[{""id"": 27, ""name"": ""Horror""}, {""id"": 9648, ""name"": ""Mystery""}]",[],"[{""iso_3166_1"": ""IT"", ""name"": ""Italy""}]","[{""english_name"": ""English"", ""iso_639_1"": ""en"", ""name"": ""English""}]","[""US""]",null
28789,Never Give a Sucker an Even Break,Never Give a Sucker an Even Break,"Never Give a Sucker an Even Break is a 1941 film about a man who wants to sell a film story to Esoteric Studios. On the way he gets insulted by little boys, beaten up for ogling a woman, and abused by a waitress. W. C. Fields' last starring role in a feature-length film.",It's a Fields-day of fun!,Released,False,False,1941-10-10,71,0,0,0.5747,6.9,37,en,,tt0033945,/dHCpKHEBfSGygsZ54RnDOh5s8Ky.jpg,/mflUcwbpLQ6IBUj6Ar0Imd4gb3t.jpg,"[{""id"": 35, ""name"": ""Comedy""}]","[{""id"": 33, ""logo_path"": ""/8lvHyhjr8oUKOOy2dKXoALWKdp0.png"", ""name"": ""Universal Pictures"", ""origin_country"": ""US""}]","[{""iso_3166_1"": ""US"", ""name"": ""United States of America""}]","[{""english_name"": ""English"", ""iso_639_1"": ""en"", ""name"": ""English""}]","[""US""]",null
28790,Arcade,Arcade,"Alex Manning and her friends decide to visit the local video arcade known as ""Dante's Inferno"" where a new virtual reality arcade game called ""Arcade"" is being test marketed by a computer company CEO. However, it soon becomes clear that the teenagers who lose are being imprisoned inside the virtual reality world by the central villain ""Arcade"" and takes over their minds.",The Game Wants to Play With You.,Released,False,False,1993-07-20,85,0,0,2.2522,4.7,46,en,,tt0106302,/4ZC9OZMyrZ4uAIfEOlGIh9e8xkh.jpg,/8rKJ1apU6VEzEoqRqMmDnpU1mnb.jpg,"[{""id"": 14, ""name"": ""Fantasy""}, {""id"": 27, ""name"": ""Horror""}, {""id"": 53, ""name"": ""Thriller""}, {""id"": 878, ""name"": ""Science Fiction""}]","[{""id"": 4867, ""logo_path"": ""/ifNDQE2NMX3QAJgX0517FZMkLq5.png"", ""name"": ""Full Moon Entertainment"", ""origin_country"": ""US""}]","[{""iso_3166_1"": ""US"", ""name"": ""United States of America""}]","[{""english_name"": ""English"", ""iso_639_1"": ""en"", ""name"": ""English""}]","[""US""]",null
28791,Brutal,Brutal,"In a small town, a serial killer mutilates the bodies of his victims and leaves a flower on the corpses. The sheriff and his wife/deputy investigate the murders while trying to keep from alarming the citizens. They team up with an autistic hound dog trainer to try to track the killer.",,Released,False,False,2007-07-10,91,0,0,1.1816,3.7,23,en,,tt1018877,/3HwEeKAuw5a5ehwiyBelpKgUjAQ.jpg,,"[{""id"": 80, ""name"": ""Crime""}, {""id"": 27, ""name"": ""Horror""}, {""id"": 9648, ""name"": ""Mystery""}]",[],"[{""iso_3166_1"": ""US"", ""name"": ""United States of America""}]",[],"[""US""]",null
28792,Man Eaters,Mangeuses d'hommes,Two shipwrecked castaways discover the island they have landed upon is shared by three beautiful women living alone… who are rather hungry!,,Released,False,False,1988-05-15,0,0,0,0.3664,5.0,4,fr,,tt0095576,/7Wlysl3yLgIIcT8ImSscx6dZexE.jpg,,"[{""id"": 35, ""name"": ""Comedy""}, {""id"": 27, ""name"": ""Horror""}]","[{""id"": 80912, ""logo_path"": null, ""name"": ""Slav 1"", ""origin_country"": """"}]","[{""iso_3166_1"": ""FR"", ""name"": ""France""}, {""iso_3166_1"": ""US"", ""name"": ""United States of America""}]","[{""english_name"": ""English"", ""iso_639_1"": ""en"", ""name"": ""English""}, {""english_name"": ""French"", ""iso_639_1"": ""fr"", ""name"": ""Fran\u00e7ais""}]","[""US""]",null
28793,Coffin Rock,Coffin Rock,"A woman unable to conceive a child with her husband, despite years of trying, makes the drunken mistake of sleeping with a young stranger. The stranger then goes to terrifying lengths to prove his paternity.",Be careful what you wish for.,Released,False,False,2009-09-04,92,0,0,0.5922,5.5,30,en,,tt1104814,/3kx7UdrEsMTnxrgsKZPQ9ToggZ1.jpg,/fXtEPEQwhSvniR8LsSMwJqOMa8x.jpg,"[{""id"": 53, ""name"": ""Thriller""}]","[{""id"": 5361, ""logo_path"": null, ""name"": ""UltraFilms"", ""origin_country"": ""AU""}]","[{""iso_3166_1"": ""AU"", ""name"": ""Australia""}, {""iso_3166_1"": ""GB"", ""name"": ""United Kingdom""}]","[{""english_name"": ""English"", ""iso_639_1"": ""en"", ""name"": ""English""}]","[""AU"", ""US"", ""GB""]",null
28794,The House by the Cemetery,Quella villa accanto al cimitero,"After a doctor kills his mistress and himself while researching the mysterious previous owner of his Boston home, his colleague, Dr. Norman Boyle, takes over his studies and moves his family into the Boston mansion. Soon after, Boyle's young son Bob becomes plagued by visions of a young girl, who warns him of the danger within the house.",You may have just mortgaged your life.,Released,False,False,1981-08-14,87,785000,1845819,1.5304,6.314,430,it,,tt0082966,/yNUXcoopDqshs5xd2lOwUl1g4Df.jpg,/vdokrAQX8D2SfNY12GB8f3YdCaT.jpg,"[{""id"": 27, ""name"": ""Horror""}, {""id"": 9648, ""name"": ""Mystery""}]","[{""id"": 13682, ""logo_path"": null, ""name"": ""Fulvia Film"", ""origin_country"": ""IT""}]","[{""iso_3166_1"": ""IT"", ""name"": ""Italy""}]","[{""english_name"": ""Italian"", ""iso_639_1"": ""it"", ""name"": ""Italiano""}]","[""IT""]",null
28795,Forbidden Siren,サイレン,"A writer moves to a remote island with his daughter and young son. After settling into their new home, a neighbor arrives to welcome them and give them a breakdown of the local rules; most important: do not go outside when the island's siren starts wailing.",It all began with a mysterious warning...,Released,False,False,2006-02-11,87,0,5835036,1.9795,4.87,50,ja,,tt0494815,/hzk76afyL80UvGf48ChlbIt4Wev.jpg,/7exC9YvRQKiOYRlW2l6qoRPHLRj.jpg,"[{""id"": 27, ""name"": ""Horror""}, {""id"": 53, ""name"": ""Thriller""}]","[{""id"": 4868, ""logo_path"": ""/3ExeT4zGXBFU7ei1crOvuzKnc1z.png"", ""name"": ""Asahi Broadcasting Corporation"", ""origin_country"": ""JP""}, {""id"": 882, ""logo_path"": ""/fRSWWjquvzcHjACbtF53utZFIll.png"", ""name"": ""TOHO"", ""origin_country"": ""JP""}, {""id"": 14625, ""logo_path"": ""/kgDY8gC5UQ33IHDRTrheMfNsvXg.png"", ""name"": ""Office Crescendo"", ""origin_country"": ""JP""}, {""id"": 11846, ""logo_path"": ""/es3LvDA6wLWVDvZnAYYuAT6x8lJ.png"", ""name"": ""Hakuhodo DY Media Partners"", ""origin_country"": ""JP""}, {""id"": 9149, ""logo_path"": ""/isLUpud9N56ifftJZ4XvzwBBpoG.png"", ""name"": ""Shogakukan"", ""origin_country"": ""JP""}, {""id"": 569, ""logo_path"": ""/hOurQBeeFI4OTTdAEtvGflbJgXU.png"", ""name"": ""Tokyo FM"", ""origin_country"": ""JP""}, {""id"": 3032, ""logo_path"": ""/gaf3ez34cuvG9snphWGreB1WerA.png"", ""name"": ""Nippan Group Holdings"", ""origin_country"": ""JP""}, {""id"": 104184, ""logo_path"": ""/reEBh8dBl2y1DbXe2EdgxtMtaim.png"", ""name"": ""Lawson Entertainment"", ""origin_country"": ""JP""}, {""id"": 81418, ""logo_path"": ""/kW9bMQqnMFtPHvdoyCDpRqh7Gxt.png"", ""name"": ""Nagoya Broadcasting Network"", ""origin_country"": ""JP""}, {""id"": 9300, ""logo_path"": ""/9sSD1XufVCJWAadNiC9Mwu994VD.png"", ""name"": ""TV Asahi"", ""origin_country"": ""JP""}]","[{""iso_3166_1"": ""JP"", ""name"": ""Japan""}]","[{""english_name"": ""Japanese"", ""iso_639_1"": ""ja"", ""name"": ""\u65e5\u672c\u8a9e""}]","[""JP""]",null
28796,Yakuza: Like a Dragon,龍が如く 劇場版,"Former yakuza underling Kazuma Kiryū has recently been released from prison after a lengthy incarceration and is trying to piece his life together and distance himself from his yakuza past. Unfortunately, Kiryū's problems slowly escalate as he is pursued by a former associate, the baseball-bat-wielding psycho Gorō Majima, who has a grudge to settle with Kiryū.",,Released,False,False,2007-03-03,110,0,5215613,2.1844,6.5,70,ja,,tt0991243,/n6h0siX2U2bpmWETslk2dANAYWY.jpg,/a32g4bKukYVkfzZtddNeeLMyM50.jpg,"[{""id"": 28, ""name"": ""Action""}, {""id"": 80, ""name"": ""Crime""}, {""id"": 18, ""name"": ""Drama""}, {""id"": 35, ""name"": ""Comedy""}]","[{""id"": 113750, ""logo_path"": ""/A3QVZ9Ah0yI2d2GiXUFpdlbTgyr.png"", ""name"": ""SEGA"", ""origin_country"": ""JP""}, {""id"": 7036, ""logo_path"": ""/javbyY0ZCvlFJtly3tpZqf2NwLX.png"", ""name"": ""CJ Entertainment"", ""origin_country"": ""KR""}, {""id"": 5822, ""logo_path"": ""/qyTbRgCyU9NLKvKaiQVbadtr7RY.png"", ""name"": ""Toei Company"", ""origin_country"": ""JP""}, {""id"": 15509, ""logo_path"": null, ""name"": ""Art Port"", ""origin_country"": ""JP""}]","[{""iso_3166_1"": ""JP"", ""name"": ""Japan""}, {""iso_3166_1"": ""KR"", ""name"": ""South Korea""}]","[{""english_name"": ""Japanese"", ""iso_639_1"": ""ja"", ""name"": ""\u65e5\u672c\u8a9e""}]","[""JP""]","{""id"": 789032, ""name"": ""Like a Dragon Collection"", ""poster_path"": ""/maEJoD8ezV8C0UjVm2MpbDJAgBJ.jpg"", ""backdrop_path"": null}"
28797,"Black Mama, White Mama","Black Mama, White Mama","When two troublemaking female prisoners (one a revolutionary, the other a former harem-girl) can't seem to get along, they are chained together and extradited for safekeeping. The women, still chained together, stumble, stab, and cat-fight their way across the wilderness, igniting a bloody shootout between gangsters and a group of revolutionaries.",Chicks in Chains - where they come from this is... Fun!,Released,False,False,1973-01-19,87,200000,1000000,1.0442,5.367,98,en,,tt0068282,/pwTnHe9WBBWvaivTNeuuy1tUzLh.jpg,/fJHlbR9UwhgURxs80zqFRnuXsgH.jpg,"[{""id"": 28, ""name"": ""Action""}, {""id"": 80, ""name"": ""Crime""}, {""id"": 53, ""name"": ""Thriller""}, {""id"": 18, ""name"": ""Drama""}]","[{""id"": 12944, ""logo_path"": null, ""name"": ""Four Associates Ltd"", ""origin_country"": """"}, {""id"": 9266, ""logo_path"": ""/lRinQ7scVye5N8qkUIoCB4QXbRh.png"", ""name"": ""American International Pictures"", ""origin_country"": ""US""}]","[{""iso_3166_1"": ""PH"", ""name"": ""Philippines""}, {""iso_3166_1"": ""US"", ""name"": ""United States of America""}]","[{""english_name"": ""English"", ""iso_639_1"": ""en"", ""name"": ""English""}]","[""US"", ""PH""]",null
28798,Door Into Silence,Le porte del silenzio,Successful businessman Melvin Dovereux is caught in a traffic jam caused by a funeral procession. Soon he is haunted by visions of a hearse chasing him and a woman in a sports car. Could the funeral procession actually be for him?,,Released,False,False,1991-12-01,87,0,0,0.8833,5.7,26,it,,tt0101760,/eD2fMlTXq5jPQ4NOMOuupMeWG34.jpg,/sUgURafKGmVFP07qPas4kRqrAgb.jpg,"[{""id"": 27, ""name"": ""Horror""}, {""id"": 53, ""name"": ""Thriller""}]","[{""id"": 6082, ""logo_path"": null, ""name"": ""Filmirage"", ""origin_country"": ""IT""}]","[{""iso_3166_1"": ""IT"", ""name"": ""Italy""}]","[{""english_name"": ""Italian"", ""iso_639_1"": ""it"", ""name"": ""Italiano""}]","[""IT""]",null
28799,Escape from Death,Luna di sangue,"Anne is convinced she has found her husband's corpse, but Dr. Mark can only find out that the man has gone home. When he comes back, his wife does not trust Mark, who believes she suffers from schizophrenia.",,Released,False,False,1989-01-01,95,0,0,0.9231,4.2,5,it,,tt0097400,/lwmnUf8PP3Z53zWPt0RmVhHeFqh.jpg,/SgufbFwfswLUTjUOibR2VLi8nL.jpg,"[{""id"": 53, ""name"": ""Thriller""}, {""id"": 27, ""name"": ""Horror""}, {""id"": 9648, ""name"": ""Mystery""}]","[{""id"": 4830, ""logo_path"": null, ""name"": ""Alpha Cinematografica"", ""origin_country"": """"}]","[{""iso_3166_1"": ""IT"", ""name"": ""Italy""}]","[{""english_name"": ""Italian"", ""iso_639_1"": ""it"", ""name"": ""Italiano""}]","[""IT""]",null
28800,Transformations,Transformations,"Wolfgang is traveling in outer space when a monster, which he sees as a beautiful woman, appears in his spaceship and makes love with him. Then the ship is forced to land on a planet which is a penal colony. Here he meets Miranda who falls in love with him. A group of prisoners uses him and his spaceship to fly away from the planet. But the monster which is by now inside Wolfgang arouses and only Miranda's love can save him.",Lust in space.,Released,False,False,1988-09-02,84,0,0,1.2799,3.8,21,en,,tt0094632,/mikYbyRLbyr2hI9hpk4xTC51aWp.jpg,/5eBr3gMPRPRzEteYtGAggnkcO3E.jpg,"[{""id"": 878, ""name"": ""Science Fiction""}, {""id"": 27, ""name"": ""Horror""}]","[{""id"": 1212, ""logo_path"": null, ""name"": ""Empire Pictures"", ""origin_country"": ""US""}, {""id"": 1950, ""logo_path"": ""/eIoDtHIJKZaZ4hGbKgqC0PzlqJc.png"", ""name"": ""New World Pictures"", ""origin_country"": ""US""}]","[{""iso_3166_1"": ""IT"", ""name"": ""Italy""}, {""iso_3166_1"": ""US"", ""name"": ""United States of America""}]","[{""english_name"": ""English"", ""iso_639_1"": ""en"", ""name"": ""English""}]","[""US""]",null
28801,Twins of Evil,Twins of Evil,"While dabbling in Satanism, Count Karstein resurrects Mircalla Karnstein who initiates him into vampirism. As a rash of deaths afflicts the village, Gustav the head of Puritan group leads his men to seek out and destroy the pestilence. One of his twin nieces has become inflicted with the witchcraft but Gustav's zeal and venom has trapped the innocent Maria, threatening her with a tortuous execution, whilst Frieda remains free to continue her orgy of evil.",Which is the Virgin? Which is the Vampire?,Released,False,False,1971-10-17,87,0,0,1.5644,6.7,154,en,,tt0069427,/muBFwxCOV3duOMAMIYREOgsyABq.jpg,/rYzNJv3Ee2kM0HUCdEvgdADdDy5.jpg,"[{""id"": 27, ""name"": ""Horror""}]","[{""id"": 364, ""logo_path"": null, ""name"": ""The Rank Organisation"", ""origin_country"": ""GB""}, {""id"": 1314, ""logo_path"": ""/gQBluDqe6dc2ZdzfJbabEHoSGoG.png"", ""name"": ""Hammer Film Productions"", ""origin_country"": ""GB""}]","[{""iso_3166_1"": ""GB"", ""name"": ""United Kingdom""}]","[{""english_name"": ""English"", ""iso_639_1"": ""en"", ""name"": ""English""}]","[""GB""]","{""id"": 960149, ""name"": ""Karnstein (Hammer) Collection"", ""poster_path"": ""/tUu3qhFHNhgwI0GTsmVrREX4EYb.jpg"", ""backdrop_path"": ""/lhCUCJJbfawERDxLY8yBbI5ZgUj.jpg""}"
28802,Female Vampire,La Comtesse noire,A mute noblewoman's vampiric heritage compels her to drain the life force from all of her lovers.,World famous shock!,Released,False,False,1975-01-24,105,0,0,1.5112,4.4,66,fr,,tt0069745,/q1wjoDIkpZdF7RlpEhZOIdkNODH.jpg,/ggVZ6xsu5o1SR5PtVifz1ak1xUk.jpg,"[{""id"": 27, ""name"": ""Horror""}, {""id"": 28, ""name"": ""Action""}]","[{""id"": 42156, ""logo_path"": null, ""name"": ""G\u00e9n\u00e9ral Films"", ""origin_country"": ""BE""}, {""id"": 4799, ""logo_path"": null, ""name"": ""Eurocin\u00e9"", ""origin_country"": ""FR""}]","[{""iso_3166_1"": ""BE"", ""name"": ""Belgium""}, {""iso_3166_1"": ""FR"", ""name"": ""France""}]","[{""english_name"": ""French"", ""iso_639_1"": ""fr"", ""name"": ""Fran\u00e7ais""}, {""english_name"": ""English"", ""iso_639_1"": ""en"", ""name"": ""English""}, {""english_name"": ""Italian"", ""iso_639_1"": ""it"", ""name"": ""Italiano""}]","[""FR""]",null
28804,Alone Against Terror,Sola ante el terror,"Melissa is a paralysed woman who is being taken care of by her two sisters. Their father was mysteriously killed when she was still a child. Somehow Melissa got it in her head, that her father is still able to speak to her, and wants her to punish those responsible for his death.",,Released,False,False,1986-07-28,90,0,0,0.4309,3.0,2,es,,tt0086334,/txbOQ8aC3bpathbNWeAwX0NzphK.jpg,/sekXcljGa38hJoO4uDy3fb23r8K.jpg,"[{""id"": 27, ""name"": ""Horror""}]","[{""id"": 71614, ""logo_path"": null, ""name"": ""Santiago Moncada Mercadal"", ""origin_country"": """"}, {""id"": 49465, ""logo_path"": null, ""name"": ""Herminio Garcia Calvo"", ""origin_country"": ""ES""}]","[{""iso_3166_1"": ""ES"", ""name"": ""Spain""}]","[{""english_name"": ""Spanish"", ""iso_639_1"": ""es"", ""name"": ""Espa\u00f1ol""}]","[""ES""]",null
28805,Apaharan,Apaharan,"Story of a tumultuous and complex relationship between a father (Mohan Agashe) and son (Ajay Devgan), set against the backdrop of a thriving kidnapping industry in the Hindi heartland of Bihar.",,Released,False,False,2005-12-02,173,0,0,1.1046,6.156,32,hi,,tt0451631,/gZbY2w5NKuJZ8XBmIPZnG2P7X5L.jpg,/jMSJLvhyotHX6BYx0KVYIBxIVON.jpg,"[{""id"": 28, ""name"": ""Action""}, {""id"": 80, ""name"": ""Crime""}, {""id"": 18, ""name"": ""Drama""}]",[],"[{""iso_3166_1"": ""IN"", ""name"": ""India""}]","[{""english_name"": ""Hindi"", ""iso_639_1"": ""hi"", ""name"": ""\u0939\u093f\u0928\u094d\u0926\u0940""}]","[""IN""]",null
28806,Mansion of the Living Dead,La mansión de los muertos vivientes,"Four strippers take a vacation and wind up at a Spanish resort complex that, despite the hotel receptionist's claims of it being fully booked, appears to be completely empty. After one of the girls mysteriously vanishes and another ends up dead in the pool, both accompanied by the tolling bell from a nearby monastery, Candy and Caty must try to solve the mystery that seems to involve the Spanish Inquisition.",A Crazy Jess Franco Experiment!,Released,False,False,1982-11-18,97,0,0,0.741,4.3,31,es,,tt0089547,/62Q8uURku3sCNEPK8bJVT6iCtoU.jpg,/5h5LjfoMghEuxDS1JCyQbHFuRde.jpg,"[{""id"": 27, ""name"": ""Horror""}]","[{""id"": 48279, ""logo_path"": null, ""name"": ""Golden Films Internacional S.A."", ""origin_country"": """"}]","[{""iso_3166_1"": ""ES"", ""name"": ""Spain""}]","[{""english_name"": ""Spanish"", ""iso_639_1"": ""es"", ""name"": ""Espa\u00f1ol""}]","[""ES""]",null
28807,White Jungle Slave,La esclava blanca,A young couple go an a safari for their honeymoon but they are captured by the guide and sold to a tribe of savages.,The White Slave,Released,False,False,1985-01-01,87,0,0,0.6057,2.9,6,es,,tt0089105,/7Z7BIor5BoqR7CEnJ68kbYOZPJd.jpg,,"[{""id"": 27, ""name"": ""Horror""}, {""id"": 53, ""name"": ""Thriller""}]",[],"[{""iso_3166_1"": ""ES"", ""name"": ""Spain""}]","[{""english_name"": ""Spanish"", ""iso_639_1"": ""es"", ""name"": ""Espa\u00f1ol""}]","[""ES""]",null
28808,Detective Conan: The Last Wizard of the Century,名探偵コナン 世紀末の魔術師,"Kaitou Kid dares to challenge the police once more, setting his sights on the Russian Imperial Easter Egg. With the date, time, and place, the Osaka police force scrambles to stop him. But this time, Kid may have bitten off more than he can chew—Conan Edogawa, Heiji Hattori, and numerous others are also trying to get their hands on the jeweled egg.",,Released,False,False,1999-04-17,100,0,22951145,6.0289,7.304,194,ja,https://www.tms-e.co.jp/global/alltitles/conan/087303.html,tt1067920,/q2v6JmGMVQR0UhUirXuuzXUcAnN.jpg,/uAzdAGerv6i1XVl4ACfpuoWtq21.jpg,"[{""id"": 12, ""name"": ""Adventure""}, {""id"": 16, ""name"": ""Animation""}, {""id"": 80, ""name"": ""Crime""}, {""id"": 18, ""name"": ""Drama""}, {""id"": 9648, ""name"": ""Mystery""}]","[{""id"": 882, ""logo_path"": ""/fRSWWjquvzcHjACbtF53utZFIll.png"", ""name"": ""TOHO"", ""origin_country"": ""JP""}, {""id"": 160520, ""logo_path"": null, ""name"": ""Kyokuichi-Tokyo Movie"", ""origin_country"": ""JP""}]","[{""iso_3166_1"": ""JP"", ""name"": ""Japan""}]","[{""english_name"": ""Japanese"", ""iso_639_1"": ""ja"", ""name"": ""\u65e5\u672c\u8a9e""}]","[""JP""]","{""id"": 39199, ""name"": ""Detective Conan Collection"", ""poster_path"": ""/kz8Bu9uBxx4P3LpGM9R2XR06iEo.jpg"", ""backdrop_path"": ""/tCn2416CQcLHvDkAL7II20v5YO3.jpg""}"
28809,The House of the Lost Dolls,La maison des filles perdues,"A luxurious house stands in a deserted region, contrasting with its surroundings. It is a house of prostitution and its inmates are brought there against their will. One of them, Yvette, is helped to escape by Mr Gaston, a regular customer and she tells the story of her ordeal to the police.",,Released,False,False,1974-08-21,86,0,0,0.8596,2.8,9,fr,,tt0219161,/2sdSfaaj3acnMwdZEpYcs0Wa70O.jpg,/6EXGF8zfgIB7MhOgx9B9zPy0PfK.jpg,"[{""id"": 53, ""name"": ""Thriller""}]","[{""id"": 4799, ""logo_path"": null, ""name"": ""Eurocin\u00e9"", ""origin_country"": ""FR""}, {""id"": 81770, ""logo_path"": null, ""name"": ""C.R.C. Productions"", ""origin_country"": """"}]","[{""iso_3166_1"": ""FR"", ""name"": ""France""}, {""iso_3166_1"": ""IT"", ""name"": ""Italy""}]","[{""english_name"": ""French"", ""iso_639_1"": ""fr"", ""name"": ""Fran\u00e7ais""}]","[""FR""]",null
28810,Poppy,Poppy,Carny con artist and snake-oil salesman Eustace McGargle tries to stay one step ahead of the sheriff but is completely devoted to his beloved daughter Poppy.,"""Ladies and gentlemen...my daughter, Mademoiselle Poppy, will warble for you whilst I astonish you with feats of legerdemain!""",Released,False,False,1936-06-17,75,0,0,0.68,6.8,5,en,,tt0028120,/qoHNPwokDzR15TZbqWIffEmVh3I.jpg,/sVhAA1lLuWVQm3ouCsoOEIBjyef.jpg,"[{""id"": 35, ""name"": ""Comedy""}]","[{""id"": 4, ""logo_path"": ""/jay6WcMgagAklUt7i9Euwj1pzTF.png"", ""name"": ""Paramount Pictures"", ""origin_country"": ""US""}]","[{""iso_3166_1"": ""US"", ""name"": ""United States of America""}]","[{""english_name"": ""English"", ""iso_639_1"": ""en"", ""name"": ""English""}]","[""US""]",null
28811,Devil's Kiss,La perversa caricia de Satán,"Former Countess Clair and Professor Gruber conduct occult research in castle basement of Count Victor, re-animating people to kill for them.",,Released,False,False,1976-10-01,89,0,0,0.3165,3.4,17,es,,tt0070526,/nvH0LzdgCvWrPB5XyHEV8Dyk9Rp.jpg,/nAV6ddHWm6PTftHX5Q2mvtehdOe.jpg,"[{""id"": 27, ""name"": ""Horror""}, {""id"": 878, ""name"": ""Science Fiction""}]","[{""id"": 55620, ""logo_path"": null, ""name"": ""Jaime Juanes Roig"", ""origin_country"": """"}, {""id"": 55621, ""logo_path"": null, ""name"": ""Andros Films Espa\u00f1ola"", ""origin_country"": """"}]","[{""iso_3166_1"": ""AD"", ""name"": ""Andorra""}, {""iso_3166_1"": ""FR"", ""name"": ""France""}, {""iso_3166_1"": ""ES"", ""name"": ""Spain""}]","[{""english_name"": ""Spanish"", ""iso_639_1"": ""es"", ""name"": ""Espa\u00f1ol""}]","[""AD"", ""ES""]",null
28812,The Killer Wore Gloves,La muerte llama a las 10,"At Heathrow Airport, a man is razored to death in a toilet cubicle.  A young woman, Peggy Foster, is concerned about the disappearance of Michael, her photographer boyfriend, who has been in Vietnam for months.  In order to pay the rent, she reluctantly sub-lets her garret flat to a man called John Kirk Lawford.  The new tenant wears sunglasses indoors and acts suspiciously.  Peggy is lured to an abandoned airfield by a call from Michael but is shot at by a sniper.  Back at her apartment block she is shocked to find that a man has apparently committed suicide by jumping from her balcony.  While the police question Peggy, a stranger turns up and announces himself as John Kirk Lawford!  Shirley, secretary to Peggy's lascivious publisher, is killed by a black-gloved intruder and the mystery deepens...","It's diabolical! It's daring! It stalks, it cuts, it rips!",Released,False,False,1974-08-05,90,0,0,0.4983,4.6,8,es,,tt0070417,/cdvY5Qx91dstx4HobotEyNE23VJ.jpg,/zkypAWzen8hMl2QiHLJuYmvImwG.jpg,"[{""id"": 53, ""name"": ""Thriller""}, {""id"": 80, ""name"": ""Crime""}, {""id"": 9648, ""name"": ""Mystery""}, {""id"": 27, ""name"": ""Horror""}]","[{""id"": 7508, ""logo_path"": null, ""name"": ""PEA"", ""origin_country"": ""IT""}, {""id"": 11618, ""logo_path"": null, ""name"": ""Producciones Cinematogr\u00e1ficas Cine XX"", ""origin_country"": ""ES""}]","[{""iso_3166_1"": ""IT"", ""name"": ""Italy""}, {""iso_3166_1"": ""ES"", ""name"": ""Spain""}]","[{""english_name"": ""Spanish"", ""iso_639_1"": ""es"", ""name"": ""Espa\u00f1ol""}]","[""ES""]",null
28813,Play Dead,Play Dead,"While a gay high school student babysits a sassy, precocious kid from a broken home, he learns that the teen wrestler he pines for has died in a car accident and his lesbian friend is to blame. Now, the trio must dispose of the body.",True love never dies…,Released,False,False,2001-01-01,79,0,0,0.558,4.8,10,en,,tt0172995,,,"[{""id"": 35, ""name"": ""Comedy""}]","[{""id"": 4869, ""logo_path"": null, ""name"": ""Headstrong Entertainment"", ""origin_country"": """"}]","[{""iso_3166_1"": ""US"", ""name"": ""United States of America""}]","[{""english_name"": ""English"", ""iso_639_1"": ""en"", ""name"": ""English""}]","[""US""]",null
28814,Barcelona Kill,La redada,,,Released,False,False,1973-02-22,86,0,0,0.5115,3.0,2,es,,tt0067661,/8gGOKJuCF5m7pdYp6uao82VDRZp.jpg,,"[{""id"": 80, ""name"": ""Crime""}, {""id"": 18, ""name"": ""Drama""}]","[{""id"": 2101, ""logo_path"": null, ""name"": ""C. B. Films"", ""origin_country"": ""ES""}, {""id"": 36421, ""logo_path"": null, ""name"": ""Films Zod\u00edaco"", ""origin_country"": """"}]","[{""iso_3166_1"": ""ES"", ""name"": ""Spain""}, {""iso_3166_1"": ""GB"", ""name"": ""United Kingdom""}]","[{""english_name"": ""Spanish"", ""iso_639_1"": ""es"", ""name"": ""Espa\u00f1ol""}]","[""ES"", ""GB""]",null
28815,Golden Temple Amazons,Les amazones du temple d'or,"A woman, raised by an Amazon tribe after they killed her parents, seeks revenge on the tribe for their deaths by joining an expedition looking for the tribe's secret golden temple.","If you find the mysterious fortress, will you live to tell the tale?",Released,False,False,1986-10-01,86,0,0,1.7518,4.1,27,fr,,tt0165621,/qhbOXljuVRIdXYlVneHOHkiVTFg.jpg,/wrw8NlYk4CwRe29HFTI5RHDuVze.jpg,"[{""id"": 12, ""name"": ""Adventure""}]","[{""id"": 4799, ""logo_path"": null, ""name"": ""Eurocin\u00e9"", ""origin_country"": ""FR""}]","[{""iso_3166_1"": ""FR"", ""name"": ""France""}]","[{""english_name"": ""French"", ""iso_639_1"": ""fr"", ""name"": ""Fran\u00e7ais""}]","[""FR""]",null
28816,Chicago 10,Chicago 10,"Archival footage, animation and music are used to look back at the eight anti-war protesters who were put on trial following the 1968 Democratic National Convention.",The convention was drama. The trial was comedy.,Released,False,False,2008-02-29,110,0,177490,2.0292,5.8,17,en,,tt0905979,/5Do5BUtU3VNMJ5eKi3RXgortMLO.jpg,/h0WQobrkYMkUxtHamuOk5un3Ygy.jpg,"[{""id"": 99, ""name"": ""Documentary""}, {""id"": 16, ""name"": ""Animation""}, {""id"": 36, ""name"": ""History""}, {""id"": 10752, ""name"": ""War""}]","[{""id"": 4870, ""logo_path"": null, ""name"": ""Consolidated Documentaries"", ""origin_country"": """"}, {""id"": 6735, ""logo_path"": ""/pAQW38WU8ychBvYU2aGPTEbynEN.png"", ""name"": ""Participant"", ""origin_country"": ""US""}, {""id"": 1246, ""logo_path"": ""/s0doRYEVWp3a4Y4Cg7R4fE9cwov.png"", ""name"": ""River Road Entertainment"", ""origin_country"": ""US""}, {""id"": 52759, ""logo_path"": null, ""name"": ""Public Road Productions"", ""origin_country"": ""US""}, {""id"": 911, ""logo_path"": ""/bWlWGUKejrUflSFV2aRG4o98p1D.png"", ""name"": ""Roadside Attractions"", ""origin_country"": ""US""}]","[{""iso_3166_1"": ""US"", ""name"": ""United States of America""}]","[{""english_name"": ""English"", ""iso_639_1"": ""en"", ""name"": ""English""}]","[""US""]",null
28820,Devil Fish,Shark - Rosso nell'oceano,"A marine biologist, a dolphin trainer, a research scientist, and a local sheriff try to hunt down a large sea monster, a shark/octopus hybrid, that is devouring swimmers and fishermen off a south Florida coast.",Sink your teeth into pure terror!,Released,False,False,1984-09-07,90,0,0,0.7564,3.2,74,it,,tt0088100,/7PyU4giw8m1Sl6vdugkNf4j1lbH.jpg,/rdjZiisnR0yLIKFP5PFkssvOxtV.jpg,"[{""id"": 28, ""name"": ""Action""}, {""id"": 27, ""name"": ""Horror""}, {""id"": 53, ""name"": ""Thriller""}]","[{""id"": 4268, ""logo_path"": null, ""name"": ""Les Films du Griffon"", ""origin_country"": ""FR""}, {""id"": 2185, ""logo_path"": null, ""name"": ""National Cinematografica"", ""origin_country"": ""IT""}, {""id"": 4269, ""logo_path"": null, ""name"": ""Nuova Dania Cinematografica"", ""origin_country"": ""IT""}, {""id"": 14799, ""logo_path"": null, ""name"": ""Filmes International"", ""origin_country"": ""IT""}]","[{""iso_3166_1"": ""FR"", ""name"": ""France""}, {""iso_3166_1"": ""IT"", ""name"": ""Italy""}]","[{""english_name"": ""Italian"", ""iso_639_1"": ""it"", ""name"": ""Italiano""}]","[""IT""]",null
28827,Peter Bell,Pietje Bell,"Peter is a cheerful -- but not very obedient -- boy from a very ordinary family in pre-war Rotterdam. His many pranks amuse some and cause a lot of trouble to others, even making the front pages of the big city newspapers. His growing popularity brings him many new friends, but also some very powerful enemies.",,Released,False,False,2002-11-17,110,0,0,0.41,5.6,27,nl,,tt0261175,/sW3OSCbUbGtMGmbxSWW2x6VtpMN.jpg,/4ZE2jekebM6Tg7DZpJjhIpPsKCG.jpg,"[{""id"": 10751, ""name"": ""Family""}, {""id"": 35, ""name"": ""Comedy""}]","[{""id"": 1259, ""logo_path"": ""/6a5XUQ1c8h8dJragfFs1fpd7SqW.png"", ""name"": ""Shooting Star Filmcompany"", ""origin_country"": ""NL""}, {""id"": 6904, ""logo_path"": ""/hYZGaKXbbpf6KS3slxiglZZj9kL.png"", ""name"": ""Filmpool"", ""origin_country"": ""DE""}]","[{""iso_3166_1"": ""DE"", ""name"": ""Germany""}, {""iso_3166_1"": ""NL"", ""name"": ""Netherlands""}]","[{""english_name"": ""Dutch"", ""iso_639_1"": ""nl"", ""name"": ""Nederlands""}]","[""NL""]","{""id"": 177695, ""name"": ""Peter Bell Collection"", ""poster_path"": ""/8Zau9p4Ms8Dpf2Kn3H6QfrTUjXt.jpg"", ""backdrop_path"": ""/g296K2ibpJcmZD7EP6Qdd0VPJT8.jpg""}"
28828,Diamonds of Kilimandjaro,El tesoro de la diosa blanca,A group of adventurers head to a primitive tribe in Africa to find a treasure of diamonds and a beautiful white girl who was lost years ago and was made the tribe's goddess.,,Released,False,False,1983-06-03,95,0,0,0.7348,3.5,28,es,,tt0086428,/sVK2UnzDDRvMWoa54I5g3MLgE4V.jpg,/wIQnh3xX6PhXMUOfGjFOSKohRut.jpg,"[{""id"": 28, ""name"": ""Action""}, {""id"": 12, ""name"": ""Adventure""}, {""id"": 27, ""name"": ""Horror""}]","[{""id"": 4799, ""logo_path"": null, ""name"": ""Eurocin\u00e9"", ""origin_country"": ""FR""}, {""id"": 4856, ""logo_path"": null, ""name"": ""Elite Film"", ""origin_country"": ""CH""}]","[{""iso_3166_1"": ""FR"", ""name"": ""France""}, {""iso_3166_1"": ""ES"", ""name"": ""Spain""}]","[{""english_name"": ""Spanish"", ""iso_639_1"": ""es"", ""name"": ""Espa\u00f1ol""}]","[""ES""]",null
28829,El lago de las vírgenes,El lago de las vírgenes,"A man discovers an island covered in treasure. But when he attempts to fully explore island and collect the treasure, he ends up discovering some mysterious nymphs who seduce him.",,Released,False,False,1982-02-08,88,0,0,0.7451,4.0,4,es,,tt0093381,/ll2ST2xEnFVmUcvR1dbEEkPfeIQ.jpg,,"[{""id"": 12, ""name"": ""Adventure""}]","[{""id"": 4871, ""logo_path"": null, ""name"": ""Trit\u00f3n P.C."", ""origin_country"": ""ES""}]","[{""iso_3166_1"": ""ES"", ""name"": ""Spain""}]","[{""english_name"": ""Spanish"", ""iso_639_1"": ""es"", ""name"": ""Espa\u00f1ol""}]","[""ES""]",null
28830,Oppai Volleyball,おっぱいバレー,"Terajima Mikako became a boys volleyball team coach at a junior high school she has been assigned to. As an incentive for the team members who do not show the slightest enthusiasm, she promises to show them her boobs if they win a game.",,Released,False,False,2009-04-18,102,0,5231897,2.3549,6.2,21,ja,,tt1399210,/p6V8AZar0SAEm3VyTM24kfvB4rP.jpg,/7O05g0lSFz4duwD3uYhT6zSThNS.jpg,"[{""id"": 35, ""name"": ""Comedy""}]","[{""id"": 2788, ""logo_path"": ""/16p9VkS5ddLMqb4JNMJ4f9omTKx.png"", ""name"": ""Avex Entertainment"", ""origin_country"": ""JP""}, {""id"": 4330, ""logo_path"": ""/n8v5Ii8FCPHAg0KaIXviDRFSqhG.png"", ""name"": ""Horipro"", ""origin_country"": ""JP""}, {""id"": 6755, ""logo_path"": ""/bWiM2iY82B32NGmPCOFatgfekIR.png"", ""name"": ""Nippon Television Network Corporation"", ""origin_country"": ""JP""}]","[{""iso_3166_1"": ""JP"", ""name"": ""Japan""}]","[{""english_name"": ""Japanese"", ""iso_639_1"": ""ja"", ""name"": ""\u65e5\u672c\u8a9e""}]","[""JP""]",null
28831,The Sinister Doctor Orloff,El siniestro doctor Orloff,The son of the infamous Dr. Orloff clashes with his father when he begins to stalk and dismember prostitutes to get parts to reanimate his dead mother.,,Released,False,False,1984-06-18,87,0,0,0.5616,4.2,10,en,,tt0088122,/uyWZLPgCsYb0oBTk6ngTpXf0VxI.jpg,/s147UMGu6m5Xed0TwW3OoKeoa6.jpg,"[{""id"": 27, ""name"": ""Horror""}]","[{""id"": 48279, ""logo_path"": null, ""name"": ""Golden Films Internacional S.A."", ""origin_country"": """"}]","[{""iso_3166_1"": ""FR"", ""name"": ""France""}, {""iso_3166_1"": ""ES"", ""name"": ""Spain""}]","[{""english_name"": ""Spanish"", ""iso_639_1"": ""es"", ""name"": ""Espa\u00f1ol""}]","[""US""]","{""id"": 820742, ""name"": ""Dr. Orloff Collection"", ""poster_path"": ""/mTn8LH4HNC1gvcOJjObF9hj07Q2.jpg"", ""backdrop_path"": ""/kyTIXHWy79tuFHHjfQ68h1jGff9.jpg""}"
28832,Brass Knuckle Boys,少年メリケンサック,A record company office worker named Kanna discovers a punk rock band called Shonen Meriken Sakku 'Brass Knuckle Boys' through the internet and subsequently decides to represent them on behalf of her company. What Kanna did not know was that the Brass Knuckle Boys consists of all middle aged men.,,Released,False,False,2009-02-14,125,0,0,2.2784,6.4,24,ja,,tt1313146,/f2y7qPShS71gl5AKLZQlc892Tq0.jpg,/vjm3ELBSv05EgChQledQdbbMPCd.jpg,"[{""id"": 35, ""name"": ""Comedy""}, {""id"": 10402, ""name"": ""Music""}]","[{""id"": 4872, ""logo_path"": null, ""name"": ""Kinoshita Management"", ""origin_country"": ""JP""}, {""id"": 5822, ""logo_path"": ""/qyTbRgCyU9NLKvKaiQVbadtr7RY.png"", ""name"": ""Toei Company"", ""origin_country"": ""JP""}]","[{""iso_3166_1"": ""JP"", ""name"": ""Japan""}]","[{""english_name"": ""Japanese"", ""iso_639_1"": ""ja"", ""name"": ""\u65e5\u672c\u8a9e""}]","[""JP""]",null
28833,"The Tale of Fedot, the Shooter","Про Федота-стрельца, удалого молодца",The king decided to bring a soldier to a nervous breakdown because he fell in love with soldier's wife.,,Released,False,False,2008-12-18,70,0,0,0.8459,6.6,24,ru,,tt1371638,/wGCqThMFls3VIxZMvCEfKblr4Rq.jpg,/pVI32yzhgFDUq2yC8TzY97mHw2U.jpg,"[{""id"": 10751, ""name"": ""Family""}, {""id"": 16, ""name"": ""Animation""}, {""id"": 12, ""name"": ""Adventure""}, {""id"": 35, ""name"": ""Comedy""}]","[{""id"": 1039, ""logo_path"": ""/vTDwphEW5Ikiqu6UxrRCzhfFcVo.png"", ""name"": ""Channel One"", ""origin_country"": ""RU""}, {""id"": 318, ""logo_path"": ""/q0UG4oZERwIywJdDPF4lRlvdYGW.png"", ""name"": ""CTB Film Company"", ""origin_country"": ""RU""}, {""id"": 5306, ""logo_path"": ""/pKJoVsFJklsUEOSUDPnmAJsxEXg.png"", ""name"": ""Melnitsa Animation Studio"", ""origin_country"": ""RU""}]","[{""iso_3166_1"": ""RU"", ""name"": ""Russia""}]","[{""english_name"": ""Russian"", ""iso_639_1"": ""ru"", ""name"": ""P\u0443\u0441\u0441\u043a\u0438\u0439""}]","[""RU""]",null
28834,Cries of Pleasure,Gemidos de placer,"A man invites a woman to his house to live with him, just before the arrival of his wife who is coming back from the insane asylum.",,Released,False,False,1983-09-23,86,0,0,0.4627,3.9,16,es,,tt0085582,/uuEiZ3JVBJjxzaIyGDmzpQg7o0U.jpg,/e1cZZ1ZqUWlHKvRH61QTpoHuOlT.jpg,"[{""id"": 53, ""name"": ""Thriller""}]","[{""id"": 48279, ""logo_path"": null, ""name"": ""Golden Films Internacional S.A."", ""origin_country"": """"}]","[{""iso_3166_1"": ""ES"", ""name"": ""Spain""}]","[{""english_name"": ""Spanish"", ""iso_639_1"": ""es"", ""name"": ""Espa\u00f1ol""}]","[""ES""]",null
28835,The Vengeance of Dr. Mabuse,Dr. M schlägt zu,Dr. Mabuse and his accomplices steal all kinds of attributes from a National Research Institute (including female staff members) in order to complete his own evil mind-control ray.  Dr. Mabuse has this impressive and horribly scarred man-monster that kills for him while the entire police force desperately tries to catch him.,,Released,False,False,1972-12-26,80,0,0,0.8873,6.0,4,de,,tt0071439,/7NYQJnShmEdZMlV3vouLD2KJRKi.jpg,/qf0kq5xk5FI2CId0zW6cSu1LLBs.jpg,"[{""id"": 27, ""name"": ""Horror""}, {""id"": 80, ""name"": ""Crime""}]","[{""id"": 1500, ""logo_path"": null, ""name"": ""Copercines"", ""origin_country"": ""ES""}, {""id"": 4785, ""logo_path"": null, ""name"": ""Tele-Cine Film- und Fernsehproduktion"", ""origin_country"": ""DE""}, {""id"": 22786, ""logo_path"": null, ""name"": ""C. F\u00e9nix Films"", ""origin_country"": ""ES""}]","[{""iso_3166_1"": ""DE"", ""name"": ""Germany""}, {""iso_3166_1"": ""ES"", ""name"": ""Spain""}]","[{""english_name"": ""German"", ""iso_639_1"": ""de"", ""name"": ""Deutsch""}]","[""DE""]",null
28841,Madison,Madison,,,Released,False,False,2008-08-03,0,0,0,0.0143,0.0,0,en,,tt0939634,,,"[{""id"": 28, ""name"": ""Action""}, {""id"": 12, ""name"": ""Adventure""}, {""id"": 18, ""name"": ""Drama""}]",[],[],[],"[""US""]",null
28842,Blazing Flowers,Milano... difendersi o morire,"Pino Scalise discharged from the prison he was in for robbery, take refuge in Milan at the home of his uncle. Pino falls in love with one of the uncle's two daughters, who has become a prostitute because of Don Ciccio, head of a gang that traffics in drugs. Pino, now an informer to Police Commissioner Morani, makes plans to take the boss down.",,Released,False,False,1978-02-05,83,0,0,0.4139,4.3,6,it,,tt0077930,/4YJek0lAYJWFoXrdjY1FRpxyiAI.jpg,,"[{""id"": 28, ""name"": ""Action""}, {""id"": 80, ""name"": ""Crime""}, {""id"": 18, ""name"": ""Drama""}]","[{""id"": 4873, ""logo_path"": null, ""name"": ""Ariete Cinematografica"", ""origin_country"": """"}]","[{""iso_3166_1"": ""IT"", ""name"": ""Italy""}]","[{""english_name"": ""Italian"", ""iso_639_1"": ""it"", ""name"": ""Italiano""}]","[""IT""]",null
28843,Gumball 3000: 6 Days in May,Gumball 3000: 6 Days in May,"Some of the most amazing cars ever built race across Spain and head south into Africa in the 6th Annual Gumball 3000 Rally. This film captures the 2004 race, which featured Ferrari Enzos, Hummers, Caterhams, Aston Martins and other rare autos driven by an eccentric mix of skateboard pros, supermodels, Saudi royals and billionaires. The thrills abound as racers evade the law to be the first to cross the finish line at the Cannes Film Festival.",,Released,False,False,2005-05-09,69,0,0,0.663,6.8,4,en,,tt0768699,/6sh0Y3261MsbbC5IEup4EkfWB1A.jpg,,"[{""id"": 99, ""name"": ""Documentary""}]","[{""id"": 1784, ""logo_path"": ""/6qlAB0QJ3Sk2qnPSe9CCPGLzzop.png"", ""name"": ""Partizan"", ""origin_country"": ""FR""}]","[{""iso_3166_1"": ""GB"", ""name"": ""United Kingdom""}]","[{""english_name"": ""English"", ""iso_639_1"": ""en"", ""name"": ""English""}]","[""US"", ""GB""]","{""id"": 163798, ""name"": ""Gumball 3000 Collection"", ""poster_path"": ""/zF2aJMszftTsKMj7yxD8z6IdeDg.jpg"", ""backdrop_path"": null}"
28844,Black Velvet,Velluto nero,"Crystal, a wealthy, scorned woman living in a massive Egyptian palace with her daughter Magda, finds commiseration in a dried-up Hollywood expat who surrounds himself with singing children.","THE STEAMY SIDE OF PARADISE will excite you, delight you and ignite you!",Released,False,False,1976-08-06,96,0,0,0.9554,4.2,31,it,,tt0075766,/nRIkmhFx3xJmFKi6ExsiHapDJKP.jpg,/vIIOXIHUM01rzCm8lNkxhqrqSDV.jpg,"[{""id"": 18, ""name"": ""Drama""}, {""id"": 10749, ""name"": ""Romance""}, {""id"": 27, ""name"": ""Horror""}]","[{""id"": 73663, ""logo_path"": null, ""name"": ""Rekord Films"", ""origin_country"": """"}]","[{""iso_3166_1"": ""IT"", ""name"": ""Italy""}]","[{""english_name"": ""English"", ""iso_639_1"": ""en"", ""name"": ""English""}, {""english_name"": ""Italian"", ""iso_639_1"": ""it"", ""name"": ""Italiano""}]","[""IT""]",null
28847,Demonia,Demonia,"Professor Malcolm Evans leads his archaeological expedition into the Valley of Temples in southeast Sicily.  His companion and former student, Liza Harris, is looking forward to her very first dig.  But Liza feels a strange sympathy with the valley and her recurring nightmares seem strongly tied to the nearby ruins.  She is drawn to the remains of a 16th Century convent and its grisly legend of crucifixion.  The local villagers rise to protect the entombed secrets of their ancestors, as Liza's obsession with uncovering the truth takes her deeper into the forbidden ruins and further from sanity!",No Evil Deed Goes Undone!,Released,False,False,1990-10-01,85,0,0,0.6288,5.0,68,it,,tt0094997,/oD86JcKm8PgfWzlAjDqTqJSf2S4.jpg,/nhhLwN7c76AwbGDbupAAtiVkH1B.jpg,"[{""id"": 27, ""name"": ""Horror""}]","[{""id"": 54762, ""logo_path"": null, ""name"": ""Lanterna Editrice"", ""origin_country"": ""IT""}, {""id"": 52995, ""logo_path"": null, ""name"": ""A.M. Trading International S.r.l."", ""origin_country"": ""IT""}]","[{""iso_3166_1"": ""IT"", ""name"": ""Italy""}]","[{""english_name"": ""Italian"", ""iso_639_1"": ""it"", ""name"": ""Italiano""}]","[""IT""]",null
28848,Touch of Death,Quando Alice ruppe lo specchio,"The financially strained and increasingly desperate, Lester Parsons concocts a brilliant get-rich-quick scheme; cruise the lonely hearts ads for rich women to fleece. Too bad then, that Lester’s also a psychotic cannibal who enjoys mutilating these lovelorn souls, via his trusty chainsaw, and using their flesh for his dinner. When a copycat killer threatens to bring him down, Lester must do all he can to prevent this new killer’s sloppy work from ruining them both.",,Released,False,False,1988-06-22,86,0,0,0.4424,5.3,84,it,,tt0095941,/9up6E73szBetrXjTMIDW73pbaSG.jpg,/x9mZzzbFhBoOEz58tAUqVqG2aoX.jpg,"[{""id"": 27, ""name"": ""Horror""}, {""id"": 35, ""name"": ""Comedy""}]","[{""id"": 4830, ""logo_path"": null, ""name"": ""Alpha Cinematografica"", ""origin_country"": """"}]","[{""iso_3166_1"": ""IT"", ""name"": ""Italy""}]","[{""english_name"": ""Italian"", ""iso_639_1"": ""it"", ""name"": ""Italiano""}]","[""IT""]",null
28850,Endgame,Endgame - Bronx lotta finale,A telepathic mutant recruits a post World War III TV game show warrior to lead her band of mutants to safety.,A future world where violence explodes in duels to the death...,Released,False,False,1983-11-05,98,0,0,0.7418,4.8,51,it,,tt0089091,/1vr1ru5obpajhCnSTyiYXEQp2ec.jpg,/2dAkR9s5ES4ErhyxzuqBCdweTQc.jpg,"[{""id"": 878, ""name"": ""Science Fiction""}, {""id"": 28, ""name"": ""Action""}, {""id"": 53, ""name"": ""Thriller""}]",[],"[{""iso_3166_1"": ""IT"", ""name"": ""Italy""}]","[{""english_name"": ""Italian"", ""iso_639_1"": ""it"", ""name"": ""Italiano""}]","[""IT""]",null
28851,Video Violence,Video Violence,"A couple open a video store in a new town, and come to find out that the locals only rent horror films and the ""occasional triple X'er"", and make their own snuff videos.",Could this happen at your video store?,Released,False,False,1987-12-02,98,0,0,0.4021,5.8,19,en,,tt0094262,/8328suB1HFXTnkapArF38vlwCQt.jpg,/c9KU0eVfrTsUak1EiyeWopHLeCJ.jpg,"[{""id"": 27, ""name"": ""Horror""}, {""id"": 14, ""name"": ""Fantasy""}]","[{""id"": 234126, ""logo_path"": null, ""name"": ""Terror Vision Pictures"", ""origin_country"": ""US""}, {""id"": 162450, ""logo_path"": null, ""name"": ""Camp Motion Pictures"", ""origin_country"": ""US""}, {""id"": 283714, ""logo_path"": null, ""name"": ""Little Zach Productions"", ""origin_country"": ""US""}]","[{""iso_3166_1"": ""US"", ""name"": ""United States of America""}]","[{""english_name"": ""English"", ""iso_639_1"": ""en"", ""name"": ""English""}]","[""US""]","{""id"": 779505, ""name"": ""Video Violence Collection"", ""poster_path"": ""/sm8V1poMvjxeNRatJRHOcGAQbrG.jpg"", ""backdrop_path"": null}"
28852,Don't Wake the Dead,Don't Wake the Dead,"A group of women, hired to assist with an impromptu concert, spend the evening at an ancient German castle. Unbeknownst to them, they've chosen the worst night on Earth to visit, as every sixty-six years, the long-dead bodies of Templar Knights buried there have the chance to wake and feast upon the living...",,Released,False,False,2008-05-02,78,0,0,0.1338,3.6,9,de,,tt0472073,/rDfuD6nLhtugXWE5kUxzVBl8R9s.jpg,,"[{""id"": 27, ""name"": ""Horror""}]","[{""id"": 10669, ""logo_path"": null, ""name"": ""Schnaas Film GmbH"", ""origin_country"": """"}]","[{""iso_3166_1"": ""DE"", ""name"": ""Germany""}]","[{""english_name"": ""German"", ""iso_639_1"": ""de"", ""name"": ""Deutsch""}]","[""DE""]",null
28853,Fog² - Revenge of the Executed,Fog² - Revenge of the Executed,"A group of Germans is on vacation at the beach in Denmark. Very close to their vacation homes are bunkers of the Wehrmacht from the Second World War. At night, the fog comes and with it gruesome figures from beyond the grave that reach for the living. The survivors investigate and come across the story of a group of insubordinates executed on site. Especially piquant: one of the judges at the time was an ancestor of one of the tourists.",,Released,False,False,2007-05-01,61,0,0,0.1003,4.5,2,de,,tt0285565,/fjHYdaDeQqt4MrsnIF5U6cOTTL4.jpg,,"[{""id"": 27, ""name"": ""Horror""}, {""id"": 35, ""name"": ""Comedy""}, {""id"": 28, ""name"": ""Action""}]","[{""id"": 31633, ""logo_path"": null, ""name"": ""DigiDreams Studios"", ""origin_country"": """"}, {""id"": 74161, ""logo_path"": null, ""name"": ""Astro Records & Filmworks"", ""origin_country"": ""DE""}, {""id"": 74167, ""logo_path"": null, ""name"": ""Laser Paradise"", ""origin_country"": """"}]","[{""iso_3166_1"": ""DE"", ""name"": ""Germany""}]","[{""english_name"": ""German"", ""iso_639_1"": ""de"", ""name"": ""Deutsch""}]","[""DE""]",null
28855,The Return of Count Yorga,The Return of Count Yorga,"Count Yorga continues to prey on the local community while living by a nearby orphanage. He also intends to take a new wife, while feeding his bevy of female vampires.",The DEATHMASTER is Back from Beyond the Grave!,Released,False,False,1971-08-18,97,0,0,1.2339,5.3,45,en,,tt0067671,/6GFQ3MbdJlIRxlmjAeqhUsrOTtv.jpg,/xomlSuimOwQccK2l38rRCCONn2L.jpg,"[{""id"": 27, ""name"": ""Horror""}]","[{""id"": 13750, ""logo_path"": null, ""name"": ""Peppertree Productions Inc."", ""origin_country"": """"}, {""id"": 9266, ""logo_path"": ""/lRinQ7scVye5N8qkUIoCB4QXbRh.png"", ""name"": ""American International Pictures"", ""origin_country"": ""US""}]","[{""iso_3166_1"": ""US"", ""name"": ""United States of America""}]","[{""english_name"": ""English"", ""iso_639_1"": ""en"", ""name"": ""English""}]","[""US""]","{""id"": 327871, ""name"": ""Count Yorga Collection"", ""poster_path"": ""/vGUhU08ptGPdDWZ9l0AzdzBcbAQ.jpg"", ""backdrop_path"": ""/nvhMYpjQrviRsb13hmsFaweoEHJ.jpg""}"
28856,Wrath of Daimajin,大魔神逆襲,"In a mountainous region of Japan, Lord Arakawa kidnaps the men of nearby villages to use as slave labor, producing gunpowder from his sulfur pits. A band of young boys decide to rescue their enslaved fathers on their own.",,Released,False,False,1966-12-10,87,0,0,1.9409,6.3,35,ja,,tt0062852,/6GR0G6B1YozsdhzJ2GCDnHyjrhr.jpg,/aDd1tr2nFmljBN6mirZiHqC8y4S.jpg,"[{""id"": 14, ""name"": ""Fantasy""}, {""id"": 27, ""name"": ""Horror""}, {""id"": 12, ""name"": ""Adventure""}]","[{""id"": 880, ""logo_path"": ""/vwhPRAZ4lhUtSuaifk4Au2MIm92.png"", ""name"": ""Daiei Film"", ""origin_country"": ""JP""}]","[{""iso_3166_1"": ""JP"", ""name"": ""Japan""}]","[{""english_name"": ""Japanese"", ""iso_639_1"": ""ja"", ""name"": ""\u65e5\u672c\u8a9e""}]","[""JP""]","{""id"": 245334, ""name"": ""Daimajin Trilogy"", ""poster_path"": ""/y1kv3uCwnBa1lvai1HI3cZ7HX4x.jpg"", ""backdrop_path"": null}"
28857,Return of Giant Majin,大魔神怒る,"The tyrannical Lord Danjo Mikoshiba covets the rich, fertile lands surrounding Lake Yakumo. During a memorial ceremony for the late Chigusa lord, Mikoshiba launches an attack, overthrowing the honorable Lord Juro. Just when all seems lost, Daimajin rises from Lake Yakumo to settle a score of his own.",,Released,False,False,1966-08-13,79,0,0,1.6644,6.1,61,ja,,tt0062853,/x2roQy33sv5Bv203RxJnoVEcN1e.jpg,/3SiLQYAG9V5Dw90pbcIuKTq4FgK.jpg,"[{""id"": 18, ""name"": ""Drama""}, {""id"": 14, ""name"": ""Fantasy""}, {""id"": 27, ""name"": ""Horror""}]","[{""id"": 880, ""logo_path"": ""/vwhPRAZ4lhUtSuaifk4Au2MIm92.png"", ""name"": ""Daiei Film"", ""origin_country"": ""JP""}]","[{""iso_3166_1"": ""JP"", ""name"": ""Japan""}]","[{""english_name"": ""Japanese"", ""iso_639_1"": ""ja"", ""name"": ""\u65e5\u672c\u8a9e""}]","[""JP""]","{""id"": 245334, ""name"": ""Daimajin Trilogy"", ""poster_path"": ""/y1kv3uCwnBa1lvai1HI3cZ7HX4x.jpg"", ""backdrop_path"": null}"
28858,Brothers at War,Brothers at War,"BROTHERS AT WAR is an intimate portrait of an American family during a turbulent time.  Jake Rademacher sets out to understand the experience, sacrifice, and motivation of his two brothers serving in Iraq. The film follows Jake’s exploits as he risks everything—including his life—to tell his brothers’ story.",,Released,False,False,2009-03-13,110,0,0,0.4719,5.0,3,en,http://www.brothersatwarmovie.com,tt1239427,/qQ1YfK8NpIGFqKko6uy81QOZ3EM.jpg,,"[{""id"": 99, ""name"": ""Documentary""}, {""id"": 36, ""name"": ""History""}]","[{""id"": 9118, ""logo_path"": ""/hvOVrc0yizeMKmWrMWrPceetMEu.png"", ""name"": ""Samuel Goldwyn Films"", ""origin_country"": ""US""}, {""id"": 491, ""logo_path"": ""/5LvDUt3KmvRnXQ4NrdWJYHeuA8J.png"", ""name"": ""Summit Entertainment"", ""origin_country"": ""US""}]","[{""iso_3166_1"": ""US"", ""name"": ""United States of America""}]","[{""english_name"": ""English"", ""iso_639_1"": ""en"", ""name"": ""English""}]","[""US""]",null
28859,Dolly Dearest,Dolly Dearest,"An American family moves to Mexico to fabricate dolls, but their toy factory happens to be next to a Sanzian grave and the toys come into possession of an old, malicious spirit.",It's time to play...,Released,False,False,1991-09-01,93,0,0,1.3307,5.5,131,en,,tt0104119,/fp5o7DIp31R3T7SNzPGVKgyyTpu.jpg,/clYDUgc2sh3W83iIa1yF9tFFgGW.jpg,"[{""id"": 27, ""name"": ""Horror""}]","[{""id"": 126357, ""logo_path"": null, ""name"": ""Channeler Enterprises"", ""origin_country"": """"}, {""id"": 126358, ""logo_path"": null, ""name"": ""Dolly Dearest Productions"", ""origin_country"": """"}]","[{""iso_3166_1"": ""US"", ""name"": ""United States of America""}]","[{""english_name"": ""English"", ""iso_639_1"": ""en"", ""name"": ""English""}]","[""US""]",null
28860,Team GeoTrax - All Aboard,Team GeoTrax - All Aboard,Join Team GeoTrax on four exciting adventures in GeoTown as the meet new members of the team and learn the importance of working together.,,Released,False,False,2007-05-23,48,0,0,0.0071,4.8,3,en,,,,,"[{""id"": 16, ""name"": ""Animation""}, {""id"": 10751, ""name"": ""Family""}]","[{""id"": 5764, ""logo_path"": ""/pev8Zywj0816ykNPO7142YhHPKe.png"", ""name"": ""Fisher-Price"", ""origin_country"": ""US""}, {""id"": 6220, ""logo_path"": ""/cAj69EL1zSXmZH6STbMGZrunyMD.png"", ""name"": ""Mattel"", ""origin_country"": ""US""}]","[{""iso_3166_1"": ""US"", ""name"": ""United States of America""}]","[{""english_name"": ""English"", ""iso_639_1"": ""en"", ""name"": ""English""}]","[""US""]",null
28861,Dark Mission: Flowers of Evil,Dark Mission: Flowers of Evil,An undercover CIA agent posing as a reporter travels to South America on a mission to destroy a drug cartel.,,Released,False,False,1988-08-18,85,0,0,1.0379,3.2,13,en,,tt0094950,/qe3fUXtFaXq2Mm0rnmz07hnZZGN.jpg,/dUz7GqqtCGHYaawkslHBCsO5vfQ.jpg,"[{""id"": 28, ""name"": ""Action""}]",[],"[{""iso_3166_1"": ""ES"", ""name"": ""Spain""}, {""iso_3166_1"": ""FR"", ""name"": ""France""}]","[{""english_name"": ""English"", ""iso_639_1"": ""en"", ""name"": ""English""}]","[""US""]",null
28864,Angel Eyes,Angel Eyes,"Angel is a disturbed teen who becomes obsessed with her nice stepfather Steven. After her mother dies under unusual circumstances, Angel is sent to an institution. Years later, she is let out and tracks down her dear step-dad who now lives with his new girlfriend Michelle. He is technically her only kin so he takes her in, but his girlfriend doesn't like Angel one bit. Angel's obsession with her ""dad"" is as strong as ever and she fantasizes about seducing him. After spying on him and his girlfriend having passionate sex, she begins playing a deadly game and even tries to seduce his hostile girlfriend. However, Steven has a more immediate and obvious problem - a drug dealer called Johnny Ventura.",She makes love like an angel... Then moves in for the kill.,Released,False,False,1993-03-17,84,0,0,1.1794,4.1,13,en,,tt0106278,/8LQ1ypGmloOMw63YRW9KCsvCA7l.jpg,/4WtWFZKMax2AUGBdGIPINXDJIoo.jpg,"[{""id"": 53, ""name"": ""Thriller""}, {""id"": 28, ""name"": ""Action""}, {""id"": 80, ""name"": ""Crime""}]","[{""id"": 4701, ""logo_path"": null, ""name"": ""American Independent Productions"", ""origin_country"": ""US""}]","[{""iso_3166_1"": ""US"", ""name"": ""United States of America""}]","[{""english_name"": ""English"", ""iso_639_1"": ""en"", ""name"": ""English""}]","[""US""]",null
28865,Marilyn Alive and Behind Bars,Marilyn Alive and Behind Bars,"A suicidal drunk-driver is forced to serve as bait to lure young girls into a private sanitarium that sells them to harems. One day, he runs into a woman who claims to be Marilyn Monroe.",The legend lives on,Released,False,False,1992-01-01,90,0,0,0.449,3.0,1,en,,tt0104817,/sAcDi4FPjHuA2VWL7gQql5Cklev.jpg,,"[{""id"": 27, ""name"": ""Horror""}, {""id"": 53, ""name"": ""Thriller""}]","[{""id"": 245722, ""logo_path"": null, ""name"": ""Movie Media"", ""origin_country"": """"}, {""id"": 137649, ""logo_path"": null, ""name"": ""Trinity Home Entertainment"", ""origin_country"": """"}, {""id"": 27212, ""logo_path"": ""/a4Kg3zFsN9cSzwxQvf64QOSfEUk.png"", ""name"": ""Simitar Entertainment Inc"", ""origin_country"": ""US""}, {""id"": 8189, ""logo_path"": null, ""name"": ""California Pictures"", ""origin_country"": """"}]","[{""iso_3166_1"": ""US"", ""name"": ""United States of America""}]","[{""english_name"": ""English"", ""iso_639_1"": ""en"", ""name"": ""English""}]","[""US""]",null
28866,The Brother of Jared,The Brother of Jared,"Mahonri, the brother of Jared, is a righteous man in wicked Babel. After the tower of Babel is destroyed and the language of the people is confused, the Lord shows Mahonri how to build barges to carry the righteous across the sea to the Promised Land. When the brother of Jared asks the Lord to touch stones to light the barges, his faith is so strong that he receives a great revelation.",,Released,False,False,1990-01-01,30,0,0,0.8319,0.0,0,en,,tt1454158,/6dS5ROpXFZSiFg6PyTdeJqCowWh.jpg,/wcPI2amrkIslhsKdlM7gSUXEzOr.jpg,"[{""id"": 10751, ""name"": ""Family""}, {""id"": 16, ""name"": ""Animation""}]","[{""id"": 5105, ""logo_path"": null, ""name"": ""The Living Scriptures"", ""origin_country"": """"}]",[],"[{""english_name"": ""English"", ""iso_639_1"": ""en"", ""name"": ""English""}]","[""US""]","{""id"": 86069, ""name"": ""The Animated Stories from the Book of Mormon"", ""poster_path"": ""/jRTrjMxu4cB1epS2lK8pId2P668.jpg"", ""backdrop_path"": null}"
28867,What Waits Below,What Waits Below,"The US military is running a test for a special type of radio transmitter, to be used to communicate with submarines, in a deep system of underground caves in Central America. When the signal from one of the transmitters suddenly disappears, a team of soldiers led by Major Elbert Stevens and cave specialists led by Rupert 'Wolf' Wolfsen including scientist Leslie Peterson are sent in to find out what happened.  Exploring deep underground, they stumble upon a tribe of albino cave-dwellers who have apparently been isolated from the rest of the world for thousands of years. The cave-dwellers are hurt by radio frequencies and are able to see in infra-red frequencies, tracking the explorers by their body heat.","Underground, no-one can hear you die!",Released,False,False,1984-11-19,88,0,0,0.8288,3.9,19,en,,tt0088392,/fQ19sWvrfKWjsmkvfDfU8FrUzEr.jpg,/lVUzBzr1qUBq8KuP24KoHn5xPx6.jpg,"[{""id"": 27, ""name"": ""Horror""}, {""id"": 12, ""name"": ""Adventure""}, {""id"": 878, ""name"": ""Science Fiction""}]","[{""id"": 18068, ""logo_path"": null, ""name"": ""Adams Apple Film Company"", ""origin_country"": """"}]","[{""iso_3166_1"": ""GB"", ""name"": ""United Kingdom""}, {""iso_3166_1"": ""US"", ""name"": ""United States of America""}]","[{""english_name"": ""English"", ""iso_639_1"": ""en"", ""name"": ""English""}]","[""GB"", ""US""]",null
28868,Being Cyrus,Being Cyrus,"The Sethnas are a Parsi family that reside in the hills of Panchgani. When the bizarre Cyrus comes into their lives, it is soon revealed that things aren't quite right with the Sethna family.",,Released,False,False,2005-12-08,90,0,0,0.9562,6.023,22,en,,tt0412308,/7aFwJjyumVeFkClcLdDSfsIe6L9.jpg,/9tSx66TNkhDKdNBlCTX8HIUVDRj.jpg,"[{""id"": 35, ""name"": ""Comedy""}, {""id"": 18, ""name"": ""Drama""}, {""id"": 53, ""name"": ""Thriller""}]",[],"[{""iso_3166_1"": ""IN"", ""name"": ""India""}]","[{""english_name"": ""English"", ""iso_639_1"": ""en"", ""name"": ""English""}, {""english_name"": ""Hindi"", ""iso_639_1"": ""hi"", ""name"": ""\u0939\u093f\u0928\u094d\u0926\u0940""}]","[""US""]",null
28870,Bloodrage,Bloodrage,A sexually frustrated young man kills hookers.,Never pick up a stranger,Released,False,False,1980-05-20,78,0,0,0.5552,4.0,11,en,,tt0078880,/z7b4emWz93Wz9M9Upn2SEo51F7L.jpg,/6mYvyHx4Vo39TubNkP3Tf7gy4UP.jpg,"[{""id"": 80, ""name"": ""Crime""}, {""id"": 53, ""name"": ""Thriller""}, {""id"": 27, ""name"": ""Horror""}]","[{""id"": 98805, ""logo_path"": null, ""name"": ""Picture Company of America"", ""origin_country"": """"}]","[{""iso_3166_1"": ""US"", ""name"": ""United States of America""}]","[{""english_name"": ""English"", ""iso_639_1"": ""en"", ""name"": ""English""}]","[""US""]",null
28871,How About You...,How About You...,"A young woman, struggling with the direction of her life, spends Christmas watching over a retirement home filled with demanding residents.",,Released,False,False,2007-11-16,100,9000000,706000,0.8724,6.2,34,en,,tt0887745,/dXqjA5CxL2RksY9J8clZhUjxQ2A.jpg,/wMmBKmLSwwBk5UFTZ317M8R9YtR.jpg,"[{""id"": 35, ""name"": ""Comedy""}, {""id"": 18, ""name"": ""Drama""}]","[{""id"": 1468, ""logo_path"": null, ""name"": ""Ferndale Films"", ""origin_country"": ""IE""}, {""id"": 25692, ""logo_path"": null, ""name"": ""Sarah Radclyffe Productions"", ""origin_country"": ""GB""}, {""id"": 9987, ""logo_path"": ""/o5OTKAw7Acl5fTZYPyl8M8D9570.png"", ""name"": ""Lipsync Productions"", ""origin_country"": ""GB""}, {""id"": 61922, ""logo_path"": ""/aGPysvtFfH8d8UjekpZD3GT9m7k.png"", ""name"": ""Bankside Films"", ""origin_country"": ""GB""}, {""id"": 5056, ""logo_path"": ""/ok7CQyn0RPEuI0upznPoo93YE6H.png"", ""name"": ""Head Gear Films"", ""origin_country"": ""GB""}, {""id"": 1923, ""logo_path"": ""/ilgktofJY7OsURHfccJrug4GKdQ.png"", ""name"": ""RT\u00c9"", ""origin_country"": ""IE""}, {""id"": 11667, ""logo_path"": ""/dhBJdstAolGmqRfbQfElhsU1cTo.png"", ""name"": ""Northern Ireland Screen"", ""origin_country"": ""GB""}, {""id"": 1898, ""logo_path"": ""/8ix6SGlJiyuUDxLBtY8E0PY2G7w.png"", ""name"": ""F\u00eds \u00c9ireann/Screen Ireland"", ""origin_country"": ""IE""}, {""id"": 209634, ""logo_path"": null, ""name"": ""Prescience Film Partners 2.1"", ""origin_country"": ""GB""}]","[{""iso_3166_1"": ""IE"", ""name"": ""Ireland""}, {""iso_3166_1"": ""GB"", ""name"": ""United Kingdom""}]","[{""english_name"": ""English"", ""iso_639_1"": ""en"", ""name"": ""English""}]","[""IE""]",null
28872,Liar,라이어,"Man-chul leads two lives, he is married to Myeong-sun and he is also living with Jeong-ae, a wealthy and sexy woman. One day he accidentilly catches an escaped convict, which then attracts un-needed attention to his life. In order to keep his secret from his two lovers, he and his best friend must lie to reporters, cops and neighbors and the situation just gets crazier and crazier with every lie.",,Released,False,False,2004-04-23,115,0,0,0.6174,5.5,4,ko,,tt0405101,/l2m2pqVFoH97qu1OrY6uKwuMzeg.jpg,,"[{""id"": 35, ""name"": ""Comedy""}]","[{""id"": 7036, ""logo_path"": ""/javbyY0ZCvlFJtly3tpZqf2NwLX.png"", ""name"": ""CJ Entertainment"", ""origin_country"": ""KR""}, {""id"": 129246, ""logo_path"": null, ""name"": ""C&Film"", ""origin_country"": ""KR""}]","[{""iso_3166_1"": ""KR"", ""name"": ""South Korea""}]","[{""english_name"": ""Korean"", ""iso_639_1"": ""ko"", ""name"": ""\ud55c\uad6d\uc5b4/\uc870\uc120\ub9d0""}]","[""KR""]",null
28874,Summer Wars,サマーウォーズ,"Teenage math whiz Kenji Koiso agrees to take a summer job at the Nagano hometown of his crush, Natsuki. When he arrives, he finds that her family have reunited to celebrate the 90th birthday of their matriarch. His job: pretend to be Natsuki's fiancé. Meanwhile, his attempt to solve a mathematical equation causes a parallel world's collision with Earth.",Always protect your network.,Released,False,False,2009-08-01,114,0,18434328,5.2027,7.5,1012,ja,https://gkids.com/films/summer-wars,tt1474276,/yHy8TrRLnuBZ4t2C0l0pSpRXVHO.jpg,/wSFAoevZuVBo4L9f8NgYSD1o9cQ.jpg,"[{""id"": 16, ""name"": ""Animation""}, {""id"": 878, ""name"": ""Science Fiction""}]","[{""id"": 3464, ""logo_path"": ""/9k0nr75nwnNeT2MHerf1OXJN0hj.png"", ""name"": ""Madhouse"", ""origin_country"": ""JP""}, {""id"": 6755, ""logo_path"": ""/bWiM2iY82B32NGmPCOFatgfekIR.png"", ""name"": ""Nippon Television Network Corporation"", ""origin_country"": ""JP""}, {""id"": 1194, ""logo_path"": ""/dwkHaFLgtA7CUNbgKK0wB6bospu.png"", ""name"": ""KADOKAWA Shoten"", ""origin_country"": ""JP""}, {""id"": 14789, ""logo_path"": ""/dThbJAnUAeQCANrj3kV7RGnLM7R.png"", ""name"": ""D.N. Dream Partners"", ""origin_country"": ""JP""}, {""id"": 3627, ""logo_path"": ""/pBfPYpzg5o3EoBPfrFKzTRi8MGr.png"", ""name"": ""Warner Bros. Japan"", ""origin_country"": ""JP""}, {""id"": 11727, ""logo_path"": ""/cIMyE9cw1W4kMFGxmC17HKTnVz9.png"", ""name"": ""Yomiuri Telecasting Corporation"", ""origin_country"": ""JP""}, {""id"": 11725, ""logo_path"": ""/3OZxd70DZ1LbVelmZK8mR5FIXxO.png"", ""name"": ""VAP"", ""origin_country"": ""JP""}, {""id"": 15662, ""logo_path"": ""/onTO8FymA6J6puYznAjZDsXvHYf.png"", ""name"": ""Studio Chizu"", ""origin_country"": ""JP""}]","[{""iso_3166_1"": ""JP"", ""name"": ""Japan""}]","[{""english_name"": ""Japanese"", ""iso_639_1"": ""ja"", ""name"": ""\u65e5\u672c\u8a9e""}]","[""JP""]",null
28876,Najib Amhali: Zorg dat je erbij komt,Najib Amhali: Zorg dat je erbij komt,"The tour for ""Zorg dat je erbij komt"" was completely sold out. For three shows at the Meervaart, more than 150,000 people wanted tickets in just one weekend!",,Released,False,False,2008-12-06,100,0,0,0.0609,6.8,4,nl,http://www.najibamhali.nl,tt1789854,/o8vExRtMDkz63aArWKlikC6dsPq.jpg,/kNfX1dLT15dMKIfMF5DLxOUlSKc.jpg,"[{""id"": 35, ""name"": ""Comedy""}]",[],"[{""iso_3166_1"": ""NL"", ""name"": ""Netherlands""}]","[{""english_name"": ""Dutch"", ""iso_639_1"": ""nl"", ""name"": ""Nederlands""}]","[""NL""]",null
28878,Humor dulce hogar,Humor dulce hogar,"Formed in 1967 by Gerardo Masana, during the height of a period of very intense Choral Music activity in Argentina's state universities, Les Luthiers premiered this show on May the 30th, 1985 at the El Círculo Theater in Rosario, Argentina. PROGRAM: 1. Vea esta Noche; 2. Serenata Tímida; 3 . El Zar y un Puñado de Aristócratas Rusos...; 4. Una Canción Regia; 5. Truthful Lulu Pulls thru Zulus; 6. El Valor de la Unidad; 7. Les Nuits de París; 8. Pasión Bucólica; 9. Las Majas del Bergantín; 10. Bolero de los Celos;  11. Marcha de la Conquista and; 12. Cuarteto Opus 44.  The 'Mandocleta' instrument was presented for the first time during this show. Recorded live at the Colón Theater in Bogotá, Colombia, on April 12, 1986. Numbers 11 and 12 were recorded earlier at that same theater on November 8, 1981. This is the last recorded appearance by Ernesto Acher with Les Luthiers.",Les Luthiers,Released,False,True,1986-01-02,109,0,0,0.0783,7.8,7,es,http://www.lesluthiers.com/detalle-espectaculo.php?vid=42,tt34657015,/9NLNYODnNOJw6rzuWZ77vhMayjF.jpg,/8ZSLYu0UsWrbuPBbBncQvO3ZPMT.jpg,"[{""id"": 35, ""name"": ""Comedy""}]",[],"[{""iso_3166_1"": ""AR"", ""name"": ""Argentina""}]","[{""english_name"": ""Spanish"", ""iso_639_1"": ""es"", ""name"": ""Espa\u00f1ol""}]","[""ES""]",null
28879,Nostradamus and the Destroyer of Monsters,Nostradamus y el destructor de monstruos,A professor and a vampire hunter join forces to destroy the murderous vampire Nostradamus and his minions.,,Released,False,False,1962-04-13,74,0,0,0.4149,4.7,9,es,,tt0054801,/nLHshx5Wa5rMQTvOu8Pw1fJ3NlI.jpg,/lmJUfPuVPsVDw1A0n3J3a0FYJCG.jpg,"[{""id"": 27, ""name"": ""Horror""}]","[{""id"": 4875, ""logo_path"": null, ""name"": ""Estudios Am\u00e9rica"", ""origin_country"": ""MX""}]","[{""iso_3166_1"": ""MX"", ""name"": ""Mexico""}]","[{""english_name"": ""Spanish"", ""iso_639_1"": ""es"", ""name"": ""Espa\u00f1ol""}]","[""MX""]",null
28881,Wind,Wind,"In 1983, yacht sailor Will Parker leads an American crew financed by millionaire Morgan Weld to defeat during the America's Cup race against an Australian crew. Determined to get the prize back, Will convinces Morgan to finance an experimental boat designed by his ex-girlfriend Kate's new beau, Joe Heisler. When the boat is completed, the Americans head to Australia to reclaim the cup.",The only thing better than winning the America's Cup is losing it... and winning it back.,Released,False,False,1992-09-11,126,29000000,5519569,1.7483,6.1,41,en,,tt0105824,/qj7RAiqrLVp3TCzDnhQlONm9In4.jpg,/cSbcBpduXYQ6XfdoSQaTo23jF1u.jpg,"[{""id"": 28, ""name"": ""Action""}, {""id"": 18, ""name"": ""Drama""}]","[{""id"": 70, ""logo_path"": ""/ueaENQkPcy8rlr5fGZVBXKOhlBh.png"", ""name"": ""American Zoetrope"", ""origin_country"": ""US""}, {""id"": 50339, ""logo_path"": null, ""name"": ""Filmlink International"", ""origin_country"": ""JP""}]","[{""iso_3166_1"": ""JP"", ""name"": ""Japan""}, {""iso_3166_1"": ""US"", ""name"": ""United States of America""}]","[{""english_name"": ""English"", ""iso_639_1"": ""en"", ""name"": ""English""}]","[""US""]",null
28883,Nostradamus: The Genie of Darkness,"Nostradamus, el Genio de las Tinieblas","In order to stop a vampire from terrorizing the countryside, some locals decide to break into his coffin at night and steal his ashes. Complications ensue.",,Released,False,False,1962-12-14,77,0,0,0.4699,5.4,8,es,,tt0054917,/wPmbQePUgK56jdDCKenGlAJx7Ci.jpg,,"[{""id"": 27, ""name"": ""Horror""}, {""id"": 9648, ""name"": ""Mystery""}]","[{""id"": 4875, ""logo_path"": null, ""name"": ""Estudios Am\u00e9rica"", ""origin_country"": ""MX""}]","[{""iso_3166_1"": ""MX"", ""name"": ""Mexico""}]","[{""english_name"": ""Spanish"", ""iso_639_1"": ""es"", ""name"": ""Espa\u00f1ol""}]","[""MX""]",null
28884,Viejos fracasos,Viejos fracasos,"Les Luthiers is a comedy-musical group from Argentina, very popular also in several other Spanish-speaking countries such as Paraguay, Peru, Chile, Ecuador, Spain, Colombia, Mexico, Uruguay and Venezuela. They were formed in 1967 by Gerardo Masana, during the height of a period of very intense Choral Music activity in Argentina's state universities.",,Released,False,True,1977-01-02,83,0,0,0.108,4.2,2,es,,tt34672332,/5rVA9YcBm9aPQjqexd26mGRVQBe.jpg,,"[{""id"": 35, ""name"": ""Comedy""}]",[],"[{""iso_3166_1"": ""AR"", ""name"": ""Argentina""}]","[{""english_name"": ""Spanish"", ""iso_639_1"": ""es"", ""name"": ""Espa\u00f1ol""}]","[""ES""]",null
28886,The Blood of Nostradamus,La sangre de Nostradamus,Vampire hunters track down a vampire and attempt to steal the ashes from his coffin in order to stop him from reviving nightly.,,Released,False,False,1962-01-01,98,0,0,0.2743,5.0,6,es,,tt0055405,/cxOG15AJfYO6E75YYurfUSE1v2H.jpg,/ce0mlLkj9zOlua2QbE8jlBrGRf3.jpg,"[{""id"": 27, ""name"": ""Horror""}]",[],"[{""iso_3166_1"": ""MX"", ""name"": ""Mexico""}]","[{""english_name"": ""Spanish"", ""iso_639_1"": ""es"", ""name"": ""Espa\u00f1ol""}]","[""MX""]",null
28887,Evaraina Eppudaina,Evaraina Eppudaina,,,Released,False,False,2009-06-26,0,0,0,0.0071,0.0,0,en,,,,,[],[],[],[],"[""US""]",null
28888,Heather Nova Live At The Union Chapel,Heather Nova Live At The Union Chapel,"Heather Nova performs live in London's intimate, atmospheric Union Chapel in September 2003. Includes songs from her studio album ""Storm.""",,Released,False,False,2004-06-29,45,0,0,0.0721,0.0,0,en,,,,,"[{""id"": 10402, ""name"": ""Music""}]",[],[],"[{""english_name"": ""English"", ""iso_639_1"": ""en"", ""name"": ""English""}]","[""US""]",null
28889,Neutron and the Black Mask,Neutrón el enmascarado negro,"Neutron, a masked wrestler/superhero, battles a gang of crooks who are plotting to steal a secret formula.",,Released,False,False,1962-04-06,72,0,0,0.4889,5.0,8,es,,tt0055226,/xyvyWIY9CHwY6RE3HNl5pCOA81l.jpg,/hgFygQ7v2FZJdR4Y7h4TMwQjDO7.jpg,"[{""id"": 28, ""name"": ""Action""}, {""id"": 18, ""name"": ""Drama""}, {""id"": 9648, ""name"": ""Mystery""}, {""id"": 878, ""name"": ""Science Fiction""}, {""id"": 53, ""name"": ""Thriller""}]","[{""id"": 4876, ""logo_path"": null, ""name"": ""Producciones Corsa S.A."", ""origin_country"": """"}, {""id"": 4875, ""logo_path"": null, ""name"": ""Estudios Am\u00e9rica"", ""origin_country"": ""MX""}]","[{""iso_3166_1"": ""MX"", ""name"": ""Mexico""}]","[{""english_name"": ""Spanish"", ""iso_639_1"": ""es"", ""name"": ""Espa\u00f1ol""}]","[""MX""]","{""id"": 1157158, ""name"": ""Neutron Collection"", ""poster_path"": null, ""backdrop_path"": null}"
28891,Elsewhere,Elsewhere,"A teen girl disappears after trying to meet men online in order to escape her small town. Apparently, only her best friend worries enough to investigate the mystery.",Every town has its secrets.,Released,False,False,2009-01-15,106,500000,0,1.2207,5.8,92,en,,tt0874271,/oWDtcTBtOnNRQOlD8MgTuZigWAO.jpg,/iOTw9c8MHGMVNWuhtQrhgwRJNbj.jpg,"[{""id"": 80, ""name"": ""Crime""}, {""id"": 18, ""name"": ""Drama""}, {""id"": 53, ""name"": ""Thriller""}]","[{""id"": 3493, ""logo_path"": null, ""name"": ""Lost Toys"", ""origin_country"": """"}]","[{""iso_3166_1"": ""US"", ""name"": ""United States of America""}]","[{""english_name"": ""English"", ""iso_639_1"": ""en"", ""name"": ""English""}]","[""US""]",null
28892,Etoile,Étoile,An American ballerina arrives in Hungary to enroll in a ballet school and it soon becomes apparent that things are not what they seem.,,Released,False,False,1989-03-17,101,0,0,1.229,5.7,32,it,,tt0096522,/AgezMjwwGt9bgSagC64W6C4o4xs.jpg,/5bEeQS3eHJC9FPs3GtWc5DMpBIy.jpg,"[{""id"": 14, ""name"": ""Fantasy""}, {""id"": 9648, ""name"": ""Mystery""}, {""id"": 10749, ""name"": ""Romance""}, {""id"": 53, ""name"": ""Thriller""}, {""id"": 27, ""name"": ""Horror""}]","[{""id"": 1242, ""logo_path"": ""/qOvcm1WCLlAdNoQ1kCkk2J7bhWk.png"", ""name"": ""Reteitalia"", ""origin_country"": ""IT""}, {""id"": 6126, ""logo_path"": null, ""name"": ""Gruppo Bema"", ""origin_country"": ""IT""}]","[{""iso_3166_1"": ""IT"", ""name"": ""Italy""}]","[{""english_name"": ""English"", ""iso_639_1"": ""en"", ""name"": ""English""}, {""english_name"": ""Italian"", ""iso_639_1"": ""it"", ""name"": ""Italiano""}]","[""IT""]",null
28893,Galaxy of Terror,Galaxy of Terror,"As a lone spaceship proceeds on its long voyage across space, the crew are surprised to encounter a strange pyramid form. Surprise turns to horror as one by one, they discover that their darkest nightmares are all starting to become real. The pyramid has to be behind it all somehow, but how can they save themselves from its influence?",ALIEN was the beginning… Hell Has Just Been Relocated!,Released,False,False,1981-10-01,81,700000,0,2.7915,5.228,246,en,,tt0082431,/429ot4ktpg6q7JR2ThaX9kthfLb.jpg,/ejcK06TXgfZFafpv6g5q70sQ6D6.jpg,"[{""id"": 28, ""name"": ""Action""}, {""id"": 12, ""name"": ""Adventure""}, {""id"": 27, ""name"": ""Horror""}, {""id"": 878, ""name"": ""Science Fiction""}]","[{""id"": 1950, ""logo_path"": ""/eIoDtHIJKZaZ4hGbKgqC0PzlqJc.png"", ""name"": ""New World Pictures"", ""origin_country"": ""US""}]","[{""iso_3166_1"": ""US"", ""name"": ""United States of America""}]","[{""english_name"": ""English"", ""iso_639_1"": ""en"", ""name"": ""English""}]","[""US""]",null
28894,Rancho Notorious,Rancho Notorious,"A man in search of revenge infiltrates a ranch, hidden in an inhospitable region, where its owner, Altar Keane, gives shelter to outlaws fleeing from the law in exchange for a price.",Where anything goes… for a price!,Released,False,False,1952-04-10,86,0,0,1.7294,6.5,121,en,,tt0045070,/nQnO8hMViqSriSGLnYWm14iMykb.jpg,/8SDMnOJuJHXkbEQuejqMXqyblbE.jpg,"[{""id"": 18, ""name"": ""Drama""}, {""id"": 37, ""name"": ""Western""}]","[{""id"": 4934, ""logo_path"": null, ""name"": ""Fidelity Pictures Corporation"", ""origin_country"": ""US""}]","[{""iso_3166_1"": ""US"", ""name"": ""United States of America""}]","[{""english_name"": ""English"", ""iso_639_1"": ""en"", ""name"": ""English""}]","[""US""]",null
28900,Halloween: 25 Years of Terror,Halloween: 25 Years of Terror,"Follow the evolution of the 'Halloween' movies over the past twenty-five years.  It examines why the films are so popular and revisits many of the original locations used in the films - seeing the effects on the local community.  For the first time, cast, crew, critics and fans join together in the ultimate 'Halloween' retrospective.",,Released,False,False,2006-07-26,83,150000,0,1.6601,6.875,48,en,,tt0469093,/vmayq2Waak7cqmDLNYnB1lzxEiu.jpg,/qwEauPPkHklnaaLE0WnlwG2qrPJ.jpg,"[{""id"": 99, ""name"": ""Documentary""}]","[{""id"": 3515, ""logo_path"": null, ""name"": ""Masimedia"", ""origin_country"": ""US""}]","[{""iso_3166_1"": ""GB"", ""name"": ""United Kingdom""}, {""iso_3166_1"": ""US"", ""name"": ""United States of America""}]","[{""english_name"": ""English"", ""iso_639_1"": ""en"", ""name"": ""English""}]","[""GB"", ""US""]",null
28902,In Dreams,In Dreams,"A suburban housewife learns that she has psychic connections to a serial killer, and can predict this person's motives through her dreams.",You don't have to sleep to dream,Released,False,False,1999-01-15,100,30000000,12017369,1.8104,5.5,196,en,,tt0120710,/q3Q00fCgeZGjAYaiwbfTMuIrUb0.jpg,/opESjJxA10pGES8hod8YK2Gi4ug.jpg,"[{""id"": 9648, ""name"": ""Mystery""}, {""id"": 53, ""name"": ""Thriller""}, {""id"": 27, ""name"": ""Horror""}]","[{""id"": 7, ""logo_path"": ""/vru2SssLX3FPhnKZGtYw00pVIS9.png"", ""name"": ""DreamWorks Pictures"", ""origin_country"": ""US""}, {""id"": 56, ""logo_path"": ""/cEaxANEisCqeEoRvODv2dO1I0iI.png"", ""name"": ""Amblin Entertainment"", ""origin_country"": ""US""}, {""id"": 53044, ""logo_path"": null, ""name"": ""Company of Wolves"", ""origin_country"": """"}]","[{""iso_3166_1"": ""IE"", ""name"": ""Ireland""}, {""iso_3166_1"": ""GB"", ""name"": ""United Kingdom""}, {""iso_3166_1"": ""US"", ""name"": ""United States of America""}]","[{""english_name"": ""English"", ""iso_639_1"": ""en"", ""name"": ""English""}]","[""US""]",null
28904,The Dog Who Saved Christmas,The Dog Who Saved Christmas,"Zeus, a Labrador Retriever and a former police dog, has lost his bark after his barking ended up blowing off a five-year investigation and his partner can't shoot straight again and ends up at the pound. He is adopted by a father as both an early Christmas present and as a guard dog for the house, but the mom remains hesitant.",,Released,False,False,2009-11-09,89,0,0,0.8422,4.9,40,en,,tt1356395,/mZpckvQrk3NFSfgaltuzRnw6hVy.jpg,/270vYNkK01IzE3r4dHtfdLGxqLy.jpg,"[{""id"": 10751, ""name"": ""Family""}, {""id"": 35, ""name"": ""Comedy""}, {""id"": 10770, ""name"": ""TV Movie""}]","[{""id"": 11860, ""logo_path"": null, ""name"": ""Barnholtz Entertainment"", ""origin_country"": ""US""}, {""id"": 13912, ""logo_path"": null, ""name"": ""ARO Entertainment"", ""origin_country"": """"}, {""id"": 10377, ""logo_path"": null, ""name"": ""Feifer Worldwide"", ""origin_country"": ""US""}, {""id"": 7119, ""logo_path"": ""/2aFVtrHVcqGOq1qwYlPZ7VQ67Oi.png"", ""name"": ""Hybrid"", ""origin_country"": ""US""}, {""id"": 59325, ""logo_path"": null, ""name"": ""ABC Family Worldwide"", ""origin_country"": """"}]","[{""iso_3166_1"": ""US"", ""name"": ""United States of America""}]","[{""english_name"": ""English"", ""iso_639_1"": ""en"", ""name"": ""English""}]","[""US""]","{""id"": 147765, ""name"": ""The Dog Who Saved Christmas Collection"", ""poster_path"": ""/xpwDgLgkNGp9cpzeEHXYSxoj7X3.jpg"", ""backdrop_path"": null}"
28907,The Harvey Girls,The Harvey Girls,"On a train trip out west to become a mail-order bride, Susan Bradley meets a cheery crew of young women traveling out to open a ""Harvey House"" restaurant at a remote whistle-stop.","It's Blazing, Blistering Romance... in the wide open spaces!",Released,False,False,1946-01-18,104,0,0,3.2365,6.5,52,en,,tt0038589,/qGta8SzLwRTFsmsWtlS8d7pFKt6.jpg,/kC4AOQAvk9g6oybMpniplAiKkbw.jpg,"[{""id"": 10402, ""name"": ""Music""}, {""id"": 37, ""name"": ""Western""}, {""id"": 10749, ""name"": ""Romance""}, {""id"": 35, ""name"": ""Comedy""}]","[{""id"": 21, ""logo_path"": ""/usUnaYV6hQnlVAXP6r4HwrlLFPG.png"", ""name"": ""Metro-Goldwyn-Mayer"", ""origin_country"": ""US""}, {""id"": 1460, ""logo_path"": null, ""name"": ""Loew's Incorporated"", ""origin_country"": ""US""}]","[{""iso_3166_1"": ""US"", ""name"": ""United States of America""}]","[{""english_name"": ""English"", ""iso_639_1"": ""en"", ""name"": ""English""}]","[""US""]",null
28909,Above Us the Waves,Above Us the Waves,"In World War II, the greatest threat to the British navy is the German battleship Tirpitz. While anchored in a Norwegian fjord, it is impossible to attack by conventional means, so a plan is hatched for a special commando unit to attack it, using midget submarines to plant underwater explosives.",Their Orders...Sink the Tirpitz!,Released,False,False,1955-03-29,99,0,0,1.5387,6.1,32,en,,tt0047797,/tAcfM7fh48TLdX9tNHSheiqEbUb.jpg,/3fZi5vsXis8FsaDI07NK9DkmfOp.jpg,"[{""id"": 10752, ""name"": ""War""}]","[{""id"": 15871, ""logo_path"": null, ""name"": ""London Independent Producers"", ""origin_country"": """"}]","[{""iso_3166_1"": ""GB"", ""name"": ""United Kingdom""}]","[{""english_name"": ""English"", ""iso_639_1"": ""en"", ""name"": ""English""}, {""english_name"": ""German"", ""iso_639_1"": ""de"", ""name"": ""Deutsch""}, {""english_name"": ""Swedish"", ""iso_639_1"": ""sv"", ""name"": ""svenska""}]","[""US"", ""GB""]",null
28910,Mark of the Vampire,Mark of the Vampire,"Sir Borotyn, a prominent Prague resident, is discovered murdered in his home, with all indications pointing to a vampire assault. The victim's friend, Baron Otto, and the physician who analyzes the body, are certain that the vampire is the mysterious Count Mora or his daughter. Receiving little help from the law,  Professor Zelen, an expert in the occult, is called in to assist with their investigation.",Undead…Yet living on the kisses of youth!,Released,False,False,1935-04-26,60,305177,0,1.7396,6.1,140,en,,tt0026685,/A6JN2kIEYwXEHHmqEa86aMKDJj8.jpg,/m6JQYoijoaLnEjdC6LcdQOxnOsg.jpg,"[{""id"": 9648, ""name"": ""Mystery""}, {""id"": 27, ""name"": ""Horror""}]","[{""id"": 21, ""logo_path"": ""/usUnaYV6hQnlVAXP6r4HwrlLFPG.png"", ""name"": ""Metro-Goldwyn-Mayer"", ""origin_country"": ""US""}]","[{""iso_3166_1"": ""US"", ""name"": ""United States of America""}]","[{""english_name"": ""Czech"", ""iso_639_1"": ""cs"", ""name"": ""\u010cesk\u00fd""}, {""english_name"": ""English"", ""iso_639_1"": ""en"", ""name"": ""English""}]","[""US""]",null
28912,"The Wild, Wild Planet",I criminali della galassia,"A rogue cop must stop a scientist from taking over the world with his deadly female robots, who are shrinking the world leaders.",WILD is the Word For This World!,Released,False,False,1966-07-15,93,0,0,0.6496,4.2,25,it,,tt0059914,/eV5aRcljsF6Tmnz6UgmY7zrnxuK.jpg,/aJkWnVcyLjnHLTYi5Zx2w8EXqwc.jpg,"[{""id"": 878, ""name"": ""Science Fiction""}]","[{""id"": 6176, ""logo_path"": null, ""name"": ""Southern Cross Feature Film Company"", ""origin_country"": ""AU""}, {""id"": 20562, ""logo_path"": null, ""name"": ""Mercury Film International"", ""origin_country"": """"}]","[{""iso_3166_1"": ""IT"", ""name"": ""Italy""}]","[{""english_name"": ""Italian"", ""iso_639_1"": ""it"", ""name"": ""Italiano""}]","[""IT""]","{""id"": 413946, ""name"": ""Gamma One Collection"", ""poster_path"": ""/agsymV8XjYmRJmoKYg2Vbf2mZfv.jpg"", ""backdrop_path"": ""/hUlp1yzXEgcdTmvnn4EP2AYfJzY.jpg""}"
28914,Repeat Performance,Repeat Performance,"On New Year's Eve 1946, Sheila Page kills her husband Barney. She wishes that she could relive 1946 and avoid the mistakes that she made throughout the year. Her wish comes true but cheating fate proves more difficult than she anticipated.",Time stopped in its tracks... when she pulled the trigger!,Released,False,False,1947-05-22,91,0,0,1.1829,6.0,39,en,,tt0039761,/lr337XUyoOfjvExZGiG2Ke0mTmy.jpg,/8s1MUlhOyd6R09v5kHyBsWzapED.jpg,"[{""id"": 18, ""name"": ""Drama""}, {""id"": 14, ""name"": ""Fantasy""}, {""id"": 80, ""name"": ""Crime""}]","[{""id"": 5229, ""logo_path"": null, ""name"": ""Bryan Foy Productions"", ""origin_country"": ""US""}, {""id"": 247873, ""logo_path"": null, ""name"": ""Eagle-Lion Films (US)"", ""origin_country"": """"}]","[{""iso_3166_1"": ""US"", ""name"": ""United States of America""}]","[{""english_name"": ""English"", ""iso_639_1"": ""en"", ""name"": ""English""}]","[""US""]",null
28916,The Way Ahead,The Way Ahead,A mismatched collection of conscripted civilians find training tough under Lieutenant Jim Perry  and Sergeant Ned Fletcher when they are called up to replace an infantry battalion that had suffered casualties at Dunkirk.,From Workers — To Warriors,Released,False,False,1944-06-09,115,0,0,1.8624,6.5,39,en,,tt0037449,/rJP2JsLnlyv4pkT7crrJYz0V4pE.jpg,/n6Rrv6codL89wBFw2PxDePv2Wfr.jpg,"[{""id"": 18, ""name"": ""Drama""}, {""id"": 10752, ""name"": ""War""}]","[{""id"": 4006, ""logo_path"": null, ""name"": ""Two Cities Films"", ""origin_country"": ""GB""}]","[{""iso_3166_1"": ""GB"", ""name"": ""United Kingdom""}]","[{""english_name"": ""German"", ""iso_639_1"": ""de"", ""name"": ""Deutsch""}, {""english_name"": ""French"", ""iso_639_1"": ""fr"", ""name"": ""Fran\u00e7ais""}, {""english_name"": ""English"", ""iso_639_1"": ""en"", ""name"": ""English""}]","[""GB""]",null
28917,Familiar Strangers,Familiar Strangers,"""Familiar Strangers"" asks the question. ""Is it really possible to relate to ones parents and siblings after being replaced by the family dog? . . . Perhaps as friends - weird friends?"" An off beat - funny - heartfelt story of family negotiating the changing relationships between parents and children, especially as those children grow into adulthood.",,Released,False,False,2008-11-14,86,0,0,0.5043,6.2,25,en,http://www.familiarstrangersmovie.com/,tt0914845,/w8Zr9An8Qc6rX2lzLTJEVFhz2Dy.jpg,,"[{""id"": 35, ""name"": ""Comedy""}, {""id"": 18, ""name"": ""Drama""}]","[{""id"": 2699, ""logo_path"": ""/c0vZ3qicUq3z8WD5EF1oleLtNMf.png"", ""name"": ""Caviar"", ""origin_country"": ""BE""}]","[{""iso_3166_1"": ""US"", ""name"": ""United States of America""}]","[{""english_name"": ""English"", ""iso_639_1"": ""en"", ""name"": ""English""}]","[""US""]",null
28920,Dream a Little Dream 2,Dream a Little Dream 2,"Dinger and Bobby's adventure start when a pair of magical sunglasses arrive at the door. Their mundane lives in L.A. get a crazy twist-but soon enough, they've got thugs on their trail who want the valuable pair for themselves. Under hot pursuit, it's one crazy antic after another as the troublesome twosome scramble to keep their hot commodity out of the wrong hands.",Be careful what you dream...it might just come true.,Released,False,False,1995-07-01,91,0,0,1.3886,4.8,19,en,,tt0109666,/cnBaoy7T94d4qxJkk1jkgIWZ8nG.jpg,/7CeUT3yOgN61mASbomc27kiBQLI.jpg,"[{""id"": 35, ""name"": ""Comedy""}, {""id"": 10749, ""name"": ""Romance""}, {""id"": 28, ""name"": ""Action""}]","[{""id"": 10399, ""logo_path"": null, ""name"": ""CineTel Films"", ""origin_country"": ""US""}]","[{""iso_3166_1"": ""US"", ""name"": ""United States of America""}]","[{""english_name"": ""English"", ""iso_639_1"": ""en"", ""name"": ""English""}, {""english_name"": ""Spanish"", ""iso_639_1"": ""es"", ""name"": ""Espa\u00f1ol""}]","[""US""]","{""id"": 351230, ""name"": ""Dream a Little Dream Collection"", ""poster_path"": ""/bB1uG1uoLcQxPmS7LZvZexFIOXc.jpg"", ""backdrop_path"": null}"
28925,Zone of the Dead,Zona mrtvih,"A police-escorted prisoner transport supervised by Interpol sets off to Belgrade. The route leads the transport through Pančevo, where they encounter an ecological disaster and infected people who are trying to kill them. Interpol agents Mortimer Reyes and Mina Milius soon realize that their only chance for escape from the zombie hordes lies in allying with the dangerous, mysterious prisoner.",This City is a Living Hell,Released,False,False,2011-01-20,101,1000000,0,0.839,4.333,60,en,,tt1191971,/foKgf8xnIzvw7THHzjqmdzC8rWF.jpg,/cb18RpO7cPwK4zSQko026nkzDkN.jpg,"[{""id"": 27, ""name"": ""Horror""}, {""id"": 28, ""name"": ""Action""}]","[{""id"": 5325, ""logo_path"": null, ""name"": ""PFI Studios"", ""origin_country"": ""RS""}, {""id"": 22199, ""logo_path"": null, ""name"": ""Trees Pictures"", ""origin_country"": ""IT""}, {""id"": 22972, ""logo_path"": null, ""name"": ""Passworld"", ""origin_country"": ""IT""}, {""id"": 44455, ""logo_path"": ""/8kf5dTbkdspGcJuQgdpH0CS5p9L.png"", ""name"": ""Viktorija Film"", ""origin_country"": ""RS""}, {""id"": 46089, ""logo_path"": ""/7rkQpZSBqbjpS4EvnOpNtyCsSlL.png"", ""name"": ""Talking Wolf Productions"", ""origin_country"": ""RS""}, {""id"": 75319, ""logo_path"": null, ""name"": ""Sole Goldstern Media"", ""origin_country"": ""ES""}, {""id"": 7661, ""logo_path"": null, ""name"": ""Produzione Straordinaria"", ""origin_country"": ""IT""}, {""id"": 239770, ""logo_path"": null, ""name"": ""Global Media"", ""origin_country"": ""IT""}]","[{""iso_3166_1"": ""RS"", ""name"": ""Serbia""}, {""iso_3166_1"": ""IT"", ""name"": ""Italy""}, {""iso_3166_1"": ""ES"", ""name"": ""Spain""}]","[{""english_name"": ""English"", ""iso_639_1"": ""en"", ""name"": ""English""}, {""english_name"": ""Serbian"", ""iso_639_1"": ""sr"", ""name"": ""Srpski""}]","[""RS""]",null
28927,The Brotherhood III: Young Demons,The Brotherhood III: Young Demons,A group of devil-may-care teenagers discover they've mistakenly called upon the Prince of Darkness in this flashy horror story.,"This time, evil rules the knight.",Released,False,False,2003-04-23,82,0,0,0.4825,2.8,18,en,,tt0310805,/jmqpiiClEnTAhiUHYuBX3UJFTSZ.jpg,/2Ay8OTp0tJsCCNBcdKLXuPu3ycK.jpg,"[{""id"": 27, ""name"": ""Horror""}]","[{""id"": 4881, ""logo_path"": null, ""name"": ""Rapid Heart Pictures"", ""origin_country"": """"}]","[{""iso_3166_1"": ""CA"", ""name"": ""Canada""}, {""iso_3166_1"": ""US"", ""name"": ""United States of America""}]","[{""english_name"": ""English"", ""iso_639_1"": ""en"", ""name"": ""English""}]","[""CA"", ""US""]","{""id"": 262086, ""name"": ""The Brotherhood Collection"", ""poster_path"": ""/Air0iciOgSizYgUmUvM4Jkekb2g.jpg"", ""backdrop_path"": ""/dvPioKcZphbwOJZWIsgYyKcMPAM.jpg""}"
28930,Samurai Priest Vampire Hunter,Samurai Priest Vampire Hunter,"The comic book has come to life.  Tim Thomerson is “Samurai Priest Vampire Hunter” and he is on an epic chase to track down a clique of vampires.  Clean blood is in short supply due to drugs, liquor, prescription pills, and common diseases causing mutations, starvation, and infighting.  The vampires seek out Macks “The Blood Pusher” (Ken Foree) to understand who this mysterious priest is and why this hunt is personal!",Death was finally coming for the undead.,Released,False,False,2009-11-01,94,0,0,0.824,2.5,10,en,http://www.samuraipriest.com,tt0791321,/fZCS2BHwPhzeTDQKnflUzHPIcHv.jpg,,"[{""id"": 27, ""name"": ""Horror""}, {""id"": 28, ""name"": ""Action""}]","[{""id"": 204978, ""logo_path"": null, ""name"": ""MT Entertainment"", ""origin_country"": """"}]","[{""iso_3166_1"": ""US"", ""name"": ""United States of America""}]","[{""english_name"": ""English"", ""iso_639_1"": ""en"", ""name"": ""English""}]","[""US""]",null
28931,Soulmates,Soulmates,A man who is immortal can bring his wife back from the dead temporarily by killing young women. But his latest would-be victim may be a problem.,,Released,False,False,1992-01-01,90,0,0,0.8048,3.0,5,en,,tt0105446,/rMRBNtWOPksr9EKrEGZpzn1281U.jpg,,"[{""id"": 27, ""name"": ""Horror""}]","[{""id"": 14280, ""logo_path"": null, ""name"": ""A-Pix Entertainment"", ""origin_country"": ""US""}]","[{""iso_3166_1"": ""US"", ""name"": ""United States of America""}]","[{""english_name"": ""English"", ""iso_639_1"": ""en"", ""name"": ""English""}]","[""US""]",null
28932,F.I.S.T.,F.I.S.T.,Johnny Kovak joins the Teamsters trade-union in a local chapter in the 1930s and works his way up in the organization. As he climbs higher and higher his methods become more ruthless and finally senator Madison starts a campaign to find the truth about the alleged connections with the Mob.,"A story about a man, the woman he loved, and the men he fought for.",Released,False,False,1978-04-26,145,11000000,20388920,2.3197,6.5,221,en,,tt0077531,/yiqQHB0vZg9O6z7VvAefV3fSPqX.jpg,/soryIIVwUFTtD13eS41vfFBxjj9.jpg,"[{""id"": 18, ""name"": ""Drama""}, {""id"": 28, ""name"": ""Action""}, {""id"": 80, ""name"": ""Crime""}, {""id"": 53, ""name"": ""Thriller""}]","[{""id"": 60, ""logo_path"": ""/4YldLvCWQL9VIAHQ2Fu3Ffkh9Si.png"", ""name"": ""United Artists"", ""origin_country"": ""US""}, {""id"": 4880, ""logo_path"": null, ""name"": ""Chateau Productions"", ""origin_country"": """"}, {""id"": 15750, ""logo_path"": null, ""name"": ""Huron Productions Inc."", ""origin_country"": """"}]","[{""iso_3166_1"": ""US"", ""name"": ""United States of America""}]","[{""english_name"": ""Hungarian"", ""iso_639_1"": ""hu"", ""name"": ""Magyar""}, {""english_name"": ""Italian"", ""iso_639_1"": ""it"", ""name"": ""Italiano""}, {""english_name"": ""Latin"", ""iso_639_1"": ""la"", ""name"": ""Latin""}, {""english_name"": ""Lithuanian"", ""iso_639_1"": ""lt"", ""name"": ""Lietuvi\u0173""}, {""english_name"": ""English"", ""iso_639_1"": ""en"", ""name"": ""English""}]","[""US""]",null
28933,The Brotherhood,The Brotherhood,A college freshman goes to a frat party and wakes up with a strange thirst for blood. He soon discovers the fraternity is actually secret society of vampires and that he is their newest recruit.,Vampires are the legend... This is reality.,Released,False,False,2001-03-15,86,0,0,0.9788,4.244,41,en,,tt0265105,/7C1Iq2SSmlxYW0z0EnOQ298DZuP.jpg,/xfeIImahdeccUUo9y4Pgs7fsN7C.jpg,"[{""id"": 27, ""name"": ""Horror""}]","[{""id"": 4881, ""logo_path"": null, ""name"": ""Rapid Heart Pictures"", ""origin_country"": """"}]","[{""iso_3166_1"": ""US"", ""name"": ""United States of America""}]","[{""english_name"": ""English"", ""iso_639_1"": ""en"", ""name"": ""English""}]","[""US""]","{""id"": 262086, ""name"": ""The Brotherhood Collection"", ""poster_path"": ""/Air0iciOgSizYgUmUvM4Jkekb2g.jpg"", ""backdrop_path"": ""/dvPioKcZphbwOJZWIsgYyKcMPAM.jpg""}"
28934,Nutcracker: An American Nightmare,Nutcracker: An American Nightmare,"It's another crazy Christmas and psychotherapist Dr. Carlton Fairfax, Jr. is losing control of his patients and his sanity - then he meets one particularly mysterious patient who sees to it that he definitely continues down that road.",,Released,False,False,2001-08-01,81,0,0,0.1176,2.0,2,en,,tt0301677,,,"[{""id"": 18, ""name"": ""Drama""}, {""id"": 27, ""name"": ""Horror""}, {""id"": 9648, ""name"": ""Mystery""}, {""id"": 53, ""name"": ""Thriller""}]","[{""id"": 4708, ""logo_path"": ""/k1zjOZ0GIZ1dxGerINlXC3lGAqh.png"", ""name"": ""Brain Damage Films"", ""origin_country"": ""US""}]","[{""iso_3166_1"": ""US"", ""name"": ""United States of America""}]","[{""english_name"": ""English"", ""iso_639_1"": ""en"", ""name"": ""English""}]","[""US""]",null
28935,An Erotic Werewolf in London,An Erotic Werewolf in London,"Misty and Ruby are a couple who run a lesbian bar in New Jersey when their lives change one night with the arrival of a seductive woman (Anoushka) who bites Misty, thus starting her slow transformation into a werewolf. Anoushka the werewolf returns to her home in London, England where she gives an interview to a young reporter about her life as a werewolf, while back in America, Misty undergoes a slow transformation into a werewolf herself which may lead to danger for Ruby, and any other woman involved.",,Released,False,False,2006-03-06,69,0,0,0.3174,3.4,15,en,,tt0876109,/mPXvyTyGKq9czfFsEjVxtmNwabi.jpg,/64Fd6WJKWrFR3nEjfAtumL3O0cy.jpg,"[{""id"": 27, ""name"": ""Horror""}]","[{""id"": 4686, ""logo_path"": null, ""name"": ""E.I. Independent Cinema"", ""origin_country"": ""US""}, {""id"": 1331, ""logo_path"": null, ""name"": ""Seduction Cinema"", ""origin_country"": ""US""}]","[{""iso_3166_1"": ""GB"", ""name"": ""United Kingdom""}, {""iso_3166_1"": ""US"", ""name"": ""United States of America""}]",[],"[""GB"", ""US""]",null
28936,Bundy: A Legacy of Evil,Bundy: An American Icon,"Bundy, starring Corin Nemec in the title role and co-starring Kane Hodder, details the dark psyche and previously unexplored motivations of the man who became known as one of the most notorious serial killers to leave behind a legacy of evil.",,Released,False,False,2008-01-01,95,0,0,0.7028,4.0,20,en,,tt1235059,/wgHesbNGEf6ZoAo1nTtjQ36F5z2.jpg,,"[{""id"": 80, ""name"": ""Crime""}, {""id"": 18, ""name"": ""Drama""}, {""id"": 27, ""name"": ""Horror""}, {""id"": 53, ""name"": ""Thriller""}]",[],"[{""iso_3166_1"": ""US"", ""name"": ""United States of America""}]","[{""english_name"": ""English"", ""iso_639_1"": ""en"", ""name"": ""English""}]","[""US""]",null
28937,Boston Strangler The Untold Story,Boston Strangler The Untold Story,"Boston Strangler: The Untold Story is an intense true-crime thriller about Albert De Salvo, a wise cracking, small time criminal with an unrelenting sex drive, who ultimately falsely confesses to being the strangler that wreaked havoc in Boston during the early sixties. Guided by his manipulative cell mate, who knows more about the murders than he reveals, they devise a plan to gain all of the notoriety from the killings and the money from the reward. Meanwhile, Detective John Marsden, searches out the truth certain that they were not committed by one man. Fighting the bureaucracy of the day, Marsden lets his emotions get the best of him as he follows the trail of the murders.",,Released,False,False,2008-07-22,90,0,0,0.9451,3.5,26,en,,tt1198054,/axYQYEIN4nnWAHPhZpaAcnyOxOy.jpg,/elgkOuZU3UHZj3ZLHXgb2M8Gs70.jpg,"[{""id"": 80, ""name"": ""Crime""}, {""id"": 18, ""name"": ""Drama""}, {""id"": 9648, ""name"": ""Mystery""}, {""id"": 53, ""name"": ""Thriller""}]","[{""id"": 5373, ""logo_path"": null, ""name"": ""KSM Film"", ""origin_country"": ""HU""}]","[{""iso_3166_1"": ""US"", ""name"": ""United States of America""}]","[{""english_name"": ""English"", ""iso_639_1"": ""en"", ""name"": ""English""}]","[""US""]",null
28938,Men in the City,Männerherzen,"Follows six very different men and their struggles with women, family and work. Yet, they are somehow connected to each other.",,Released,False,False,2009-09-09,107,0,22420615,2.5085,6.2,147,de,http://wwws.warnerbros.de/maennerherzen/,tt1255955,/bK2X2QSB3CLCUEuJzgkNRub88Wq.jpg,/2Nr70tjW1l7E0gHNGnkcxCu0Pr3.jpg,"[{""id"": 35, ""name"": ""Comedy""}]","[{""id"": 336, ""logo_path"": ""/zImchRS54kHHsu1g1TkeRYv6xi3.png"", ""name"": ""Wiedemann & Berg Film"", ""origin_country"": ""DE""}]","[{""iso_3166_1"": ""DE"", ""name"": ""Germany""}]","[{""english_name"": ""German"", ""iso_639_1"": ""de"", ""name"": ""Deutsch""}]","[""DE""]","{""id"": 220872, ""name"": ""Men in the City Collection"", ""poster_path"": ""/t25VCWo7MJK9mETzp93UbKIMSWr.jpg"", ""backdrop_path"": ""/oD7NhguQ2GCNdAWzjZTUHoiIo6B.jpg""}"
28939,Army of the Dead,Army of the Dead,"In 1590, Coronado dispatched a division of one thousand men to find El Dorado, the legendary city of gold. Those men were never seen again. While searching some Baja peninsula caves as part of an archeological expedition, a university professor and his students unwittingly unleash a long dormant curse. They soon find themselves in a life or death battle with an army of skeletal warriors, the undead remnants of Coronado's conquistadors.",A Lost Treasure. An Epic Adventure. Unspeakable Terror.,Released,False,False,2008-01-15,90,1500000,0,0.3359,3.2,18,en,,tt0478855,/e4ykqmfCpWBPojxTHsSrz2V178i.jpg,/4TnDBMQpJ5FGzIqA8abdNqGij6E.jpg,"[{""id"": 28, ""name"": ""Action""}, {""id"": 12, ""name"": ""Adventure""}, {""id"": 27, ""name"": ""Horror""}, {""id"": 878, ""name"": ""Science Fiction""}]",[],"[{""iso_3166_1"": ""US"", ""name"": ""United States of America""}]","[{""english_name"": ""English"", ""iso_639_1"": ""en"", ""name"": ""English""}]","[""US""]",null
28940,Eating Raoul,Eating Raoul,"A prudish married couple feel put upon by the swingers living in their apartment building. One night, by accident, they discover a way to both rid themselves of the “perverts” down the hall and simultaneously realize their dream of opening a restaurant.",A tasty comedy of bad manners.,Released,False,False,1982-03-24,87,350000,0,1.5824,6.5,148,en,,tt0083869,/bwbp2QoDH0MWxcoJCbErsfQpJmr.jpg,/fVE95lHDCtWJxT2h71bvD5XD25r.jpg,"[{""id"": 35, ""name"": ""Comedy""}, {""id"": 80, ""name"": ""Crime""}]","[{""id"": 25, ""logo_path"": ""/qZCc1lty5FzX30aOCVRBLzaVmcp.png"", ""name"": ""20th Century Fox"", ""origin_country"": ""US""}, {""id"": 143995, ""logo_path"": null, ""name"": ""Films Incorporated"", ""origin_country"": """"}, {""id"": 15605, ""logo_path"": null, ""name"": ""Quartet"", ""origin_country"": """"}, {""id"": 143994, ""logo_path"": null, ""name"": ""Bartel"", ""origin_country"": """"}]","[{""iso_3166_1"": ""US"", ""name"": ""United States of America""}]","[{""english_name"": ""English"", ""iso_639_1"": ""en"", ""name"": ""English""}, {""english_name"": ""Spanish"", ""iso_639_1"": ""es"", ""name"": ""Espa\u00f1ol""}]","[""US""]",null
28941,Chopping Mall,Chopping Mall,"High-tech robots equipped with state-of-the-art security devices have been recruited as the new mechanical ""night watchmen"" for the Park Plaza Mall. When a jolting bolt of lightning short-circuits the main computer control, the robots turn into ""killbots"" on the loose after unsuspecting shoppers!",Where shopping costs you an arm and a leg!,Released,False,False,1986-11-14,76,800000,0,2.4781,5.8,401,en,,tt0090837,/ggHbJPYJsjiJnEwHi4xUyJxWpmS.jpg,/1ctiV8HodFkFOwIjQp3T2znHE19.jpg,"[{""id"": 27, ""name"": ""Horror""}, {""id"": 878, ""name"": ""Science Fiction""}]","[{""id"": 11136, ""logo_path"": null, ""name"": ""Trinity Pictures"", ""origin_country"": """"}, {""id"": 4527, ""logo_path"": null, ""name"": ""Concorde Pictures"", ""origin_country"": ""US""}]","[{""iso_3166_1"": ""US"", ""name"": ""United States of America""}]","[{""english_name"": ""Italian"", ""iso_639_1"": ""it"", ""name"": ""Italiano""}, {""english_name"": ""English"", ""iso_639_1"": ""en"", ""name"": ""English""}]","[""US""]",null
28942,The Brood,The Brood,"A man tries to uncover an unconventional psychologist's therapy techniques on his institutionalized wife, while a series of brutal attacks committed by a brood of mutant children coincides with the husband's investigation.",The Ultimate Experience in Inner Terror.,Released,False,False,1979-05-25,92,1355000,5000000,2.37,6.719,795,en,,tt0078908,/zSEt4QXRI4Gypd9xvzvucOmPNl5.jpg,/mDr6XaqC9IKA2j35c24cGdc5a0W.jpg,"[{""id"": 27, ""name"": ""Horror""}, {""id"": 878, ""name"": ""Science Fiction""}]","[{""id"": 10319, ""logo_path"": null, ""name"": ""Elgin International Films"", ""origin_country"": ""CA""}, {""id"": 215823, ""logo_path"": null, ""name"": ""Mutual Productions"", ""origin_country"": ""CA""}, {""id"": 4952, ""logo_path"": null, ""name"": ""Canadian Film Development Corporation"", ""origin_country"": ""CA""}]","[{""iso_3166_1"": ""CA"", ""name"": ""Canada""}]","[{""english_name"": ""English"", ""iso_639_1"": ""en"", ""name"": ""English""}]","[""CA""]",null
28943,Shiner,Shiner,The past catches up with a ruthlessly ambitious boxing promoter.,,Released,False,False,2000-09-22,99,0,0,1.5112,5.2,24,en,,tt0232632,/8Ccd7MeyNM7Lp580GCkQ1gVoCA0.jpg,/qQRY1Ctil9QTMWhKjnN2MzlKSQJ.jpg,"[{""id"": 18, ""name"": ""Drama""}, {""id"": 28, ""name"": ""Action""}, {""id"": 80, ""name"": ""Crime""}]","[{""id"": 83008, ""logo_path"": null, ""name"": ""Geoff Reeve Films & Television Ltd."", ""origin_country"": """"}, {""id"": 11602, ""logo_path"": null, ""name"": ""Vision View Entertainment"", ""origin_country"": """"}]","[{""iso_3166_1"": ""GB"", ""name"": ""United Kingdom""}]","[{""english_name"": ""English"", ""iso_639_1"": ""en"", ""name"": ""English""}]","[""GB""]",null
28944,Days of El Sadat,أيام السادات,"A biopic depicting the life of the late Egyptian president Anwar Sadat, following his early life, his political and military achievements, and his assassination during the Cairo annual victory parade.",,Released,False,False,2001-06-26,166,0,0,0.7814,7.9,14,ar,,tt0289080,/i9fLdlYNxiFhCZOgwuhmlIPvbfE.jpg,/pEzTV5VoEjgCtQypIejfxCajiS3.jpg,"[{""id"": 36, ""name"": ""History""}, {""id"": 18, ""name"": ""Drama""}]","[{""id"": 213620, ""logo_path"": null, ""name"": ""Ahmed Zaki"", ""origin_country"": ""EG""}]","[{""iso_3166_1"": ""EG"", ""name"": ""Egypt""}]","[{""english_name"": ""Arabic"", ""iso_639_1"": ""ar"", ""name"": ""\u0627\u0644\u0639\u0631\u0628\u064a\u0629""}]","[""EG""]",null
28945,Frank,Frank,"A young urban family spends summers on an idyllic island. When an abandoned, mangy mutt wanders onto the property, the dad alerts Animal Control - but the children beg to keep the dog. A compromise is reached: the kids can nurse FRANK back to health, but must put him up for adoption when summer is over. As he regains his strength, Frank risks his life to bring the family together...",A Familys Best Friend,Released,False,False,2007-11-02,90,0,0,0.6251,4.4,14,en,http://www.frankthefilm.com,tt0795383,/w74g3S6xLN6pt8x1aITkENH2llp.jpg,/bKsSMGsYBT4qaYrCdwSQR9suYWP.jpg,"[{""id"": 10751, ""name"": ""Family""}, {""id"": 18, ""name"": ""Drama""}]","[{""id"": 1804, ""logo_path"": null, ""name"": ""North by Northwest Entertainment"", ""origin_country"": """"}, {""id"": 4882, ""logo_path"": null, ""name"": ""Bright Line Films"", ""origin_country"": """"}]","[{""iso_3166_1"": ""US"", ""name"": ""United States of America""}]","[{""english_name"": ""German"", ""iso_639_1"": ""de"", ""name"": ""Deutsch""}, {""english_name"": ""English"", ""iso_639_1"": ""en"", ""name"": ""English""}]","[""US""]",null
28947,Brinke's Tales of Horror,Brinke's Tales of Horror,,,Released,False,False,2007-01-01,0,0,0,0.3434,0.0,0,en,,tt14409796,,,"[{""id"": 27, ""name"": ""Horror""}]",[],[],"[{""english_name"": ""English"", ""iso_639_1"": ""en"", ""name"": ""English""}]","[""US""]",null
28949,Xeline,Xeline,,,Released,False,False,2004-01-01,0,0,0,0.102,0.0,0,en,,,,,[],[],[],[],"[""US""]",null
28951,Tele-Zombie,Tele-Zombie,,,Released,False,False,2004-09-26,81,30000,0,0.2986,0.0,0,en,,tt0425528,/bat3tUtw8v9YTXhgeUumzWFBCGE.jpg,,"[{""id"": 35, ""name"": ""Comedy""}, {""id"": 27, ""name"": ""Horror""}]",[],"[{""iso_3166_1"": ""US"", ""name"": ""United States of America""}]","[{""english_name"": ""English"", ""iso_639_1"": ""en"", ""name"": ""English""}]","[""US""]",null
28952,Demon Divas and the Lanes of Damnation,Demon Divas and the Lanes of Damnation,A sorority mixer at a local bowling alley goes terribly wrong when the five women who own the building turn out to not be what they seem.,,Released,False,False,2009-04-03,66,0,0,0.334,0.0,0,en,,tt1274290,/lcCkmdoiGSDMwvGgmSjFtML4plm.jpg,,"[{""id"": 35, ""name"": ""Comedy""}, {""id"": 27, ""name"": ""Horror""}]","[{""id"": 66272, ""logo_path"": null, ""name"": ""DiggerFilms"", ""origin_country"": """"}, {""id"": 66273, ""logo_path"": null, ""name"": ""Happy Cloud Pictures"", ""origin_country"": ""US""}]","[{""iso_3166_1"": ""US"", ""name"": ""United States of America""}]","[{""english_name"": ""English"", ""iso_639_1"": ""en"", ""name"": ""English""}]","[""US""]",null
28953,Silent Vengeance,Silent Vengeance,"Death returns, after the events that occurred in the film Chameleon Killer, more mysterious murders begin again in Acid Falls. Sheriff Garris is beginning to doubt his own sanity, as the murders begin to mirror that of the murders done by the Chameleon Killer. Is this a copycat? Or is the Chameleon truly back for vengeance? As this mystery is revealed, the truth is much more frightening than anything imaginable.",,Released,False,False,2007-05-01,90,0,0,0.159,0.0,0,en,,tt0902456,/rwq8Ry4OTb9MUxi80vf4zhX19jM.jpg,/jHdlPI00ni1GDBgMllw5crQFLqR.jpg,"[{""id"": 27, ""name"": ""Horror""}]",[],"[{""iso_3166_1"": ""US"", ""name"": ""United States of America""}]","[{""english_name"": ""English"", ""iso_639_1"": ""en"", ""name"": ""English""}]","[""US""]",null
28955,First Man into Space,First Man into Space,"The first pilot to leave Earth's atmosphere lands, then vanishes; but something with a craving for blood prowls the countryside...",The picture that leaps ahead of the headlines!,Released,False,False,1959-02-01,77,0,0,1.2545,5.0,56,en,,tt0052805,/lKBIGRetSbZ6cBRWqaNzwHvkgy9.jpg,/mUMttVYif1VVyeYhigkBHLb8K2b.jpg,"[{""id"": 878, ""name"": ""Science Fiction""}, {""id"": 27, ""name"": ""Horror""}, {""id"": 18, ""name"": ""Drama""}]","[{""id"": 5077, ""logo_path"": null, ""name"": ""Amalgamated Productions"", ""origin_country"": """"}]","[{""iso_3166_1"": ""GB"", ""name"": ""United Kingdom""}]","[{""english_name"": ""English"", ""iso_639_1"": ""en"", ""name"": ""English""}]","[""GB""]",null
28956,Evil Deeds,Evil Deeds,This horror anthology features 5 tales of terror.,,Released,False,False,2004-10-31,0,3900,0,0.0878,0.0,0,en,,tt0308163,,,[],[],"[{""iso_3166_1"": ""US"", ""name"": ""United States of America""}]","[{""english_name"": ""English"", ""iso_639_1"": ""en"", ""name"": ""English""}]","[""US""]",null
28957,Evil on Queen Street,Evil on Queen Street,A thief is released from prison and reluctantly joins forces with a pair of detectives to try an stop a supernatural demon's killing spree.,"This town is tormented by terror, this street is splattered with the blood of the innocent, this house is haunted by evil!",Released,False,False,2002-01-01,110,2700,0,0.0338,0.0,0,en,,tt0379280,/6nQkiV9dw0YuslulMC98rVtJs1s.jpg,,"[{""id"": 27, ""name"": ""Horror""}]",[],"[{""iso_3166_1"": ""US"", ""name"": ""United States of America""}]","[{""english_name"": ""English"", ""iso_639_1"": ""en"", ""name"": ""English""}]","[""US""]",null
28958,Head Case,Head Case,"A pseudo-documentary edited from the home movies of serial killers Wayne & Andrea Montgomery, presenting a look into their quiet, suburban lives...as well as the graphic & disturbing details of their horrific crimes.",Pain is what I want...,Released,False,False,2007-09-08,104,5000,0,0.4578,3.3,11,en,,tt0914805,/l7SCo2H0ZwmjmcF2yhOvsKQ9Y4.jpg,/k0a1ptlkO4qR7WCIw6cTGrKhTDi.jpg,"[{""id"": 18, ""name"": ""Drama""}, {""id"": 27, ""name"": ""Horror""}]","[{""id"": 27804, ""logo_path"": null, ""name"": ""B.P.A. Productions"", ""origin_country"": ""US""}, {""id"": 27805, ""logo_path"": null, ""name"": ""Fleet Street Films"", ""origin_country"": ""US""}]","[{""iso_3166_1"": ""US"", ""name"": ""United States of America""}]","[{""english_name"": ""English"", ""iso_639_1"": ""en"", ""name"": ""English""}]","[""US""]","{""id"": 580327, ""name"": ""Serial Killers in the Delaware Valley"", ""poster_path"": null, ""backdrop_path"": null}"
28959,To Dance With Death,To Dance With Death,A young woman returns home after attempting suicide to find that she is being haunted by a mysterious woman in black.,,Released,False,False,2000-12-31,0,0,0,0.294,1.0,2,en,,tt0275733,/owT4AXYQ3hqB1CoksTBuEN38d2H.jpg,,"[{""id"": 27, ""name"": ""Horror""}]",[],[],[],"[""US""]",null
28960,Shadow of the Demon,Shadow of the Demon,A tortured painted (played by director Lind) slowly loses his grip on sanity after his model girlfriend (Debbie Rochon) is lured to the dark side by a seductive female demon (Syn Devil).,,Released,False,False,2002-01-03,0,0,0,0.3026,0.0,0,en,,tt0298548,/6qHILAGrT0tSmV8FMKqpA0r4r4P.jpg,,"[{""id"": 27, ""name"": ""Horror""}]","[{""id"": 4778, ""logo_path"": null, ""name"": ""One Shot Productions"", ""origin_country"": """"}]","[{""iso_3166_1"": ""US"", ""name"": ""United States of America""}]","[{""english_name"": ""English"", ""iso_639_1"": ""en"", ""name"": ""English""}]","[""US""]",null
28961,Take-Away Spirit,Take-Away Spirit,,,Released,False,False,2009-01-01,0,0,0,0.1701,0.0,0,en,,tt1247432,,,[],[],"[{""iso_3166_1"": ""US"", ""name"": ""United States of America""}]","[{""english_name"": ""English"", ""iso_639_1"": ""en"", ""name"": ""English""}]","[""US""]",null
28963,The Thief of Bagdad,The Thief of Bagdad,A recalcitrant thief vies with a duplicitous Mongol ruler for the hand of a beautiful princess.,"""Happiness Must Be Earned""",Released,False,False,1924-03-18,149,1135654,1490419,1.8301,7.3,176,en,,tt0015400,/8t4CJ591N2FATf2yUiQNQk9p0tB.jpg,/cuMvdjZVYKeCLBtWFc2FDiNAsUR.jpg,"[{""id"": 10749, ""name"": ""Romance""}, {""id"": 12, ""name"": ""Adventure""}, {""id"": 14, ""name"": ""Fantasy""}]","[{""id"": 13399, ""logo_path"": null, ""name"": ""Douglas Fairbanks Pictures"", ""origin_country"": """"}]","[{""iso_3166_1"": ""US"", ""name"": ""United States of America""}]","[{""english_name"": ""No Language"", ""iso_639_1"": ""xx"", ""name"": ""No Language""}]","[""US""]",null
28964,Dark Side of the Light,Dark Side of the Light,"A haunted lighthouse inspires mysterious fascinations, visions, and nightmares.",,Released,False,False,2005-09-26,90,15000,0,0.3042,2.0,2,en,,tt0476982,,,"[{""id"": 27, ""name"": ""Horror""}]",[],"[{""iso_3166_1"": ""US"", ""name"": ""United States of America""}]","[{""english_name"": ""English"", ""iso_639_1"": ""en"", ""name"": ""English""}]","[""US""]",null
28966,Wings,Wings,"Two young men, one rich, one middle class, both in love with the same woman, become US Air Corps fighter pilots and, eventually, heroic flying aces during World War I. Devoted best friends, their mutual love of the girl eventually threatens their bond. Meanwhile, a hometown girl who's the lovestruck lifelong next door neighbor of one of them pines away.","Youth, hitting the clouds! Laughing at danger! Fighting, loving, dodging death! That's ""WINGS""",Released,False,False,1927-08-12,144,2000000,3600000,1.7386,7.2,317,en,,tt0018578,/kEl6KCBgdmT1Nex3ka0EIWAOmtm.jpg,/u90ajspDd9911ISbx74rtofQZfO.jpg,"[{""id"": 18, ""name"": ""Drama""}, {""id"": 28, ""name"": ""Action""}, {""id"": 10752, ""name"": ""War""}, {""id"": 10749, ""name"": ""Romance""}]","[{""id"": 33333, ""logo_path"": null, ""name"": ""Paramount Famous Lasky Corporation"", ""origin_country"": ""US""}]","[{""iso_3166_1"": ""US"", ""name"": ""United States of America""}]","[{""english_name"": ""No Language"", ""iso_639_1"": ""xx"", ""name"": ""No Language""}]","[""US""]",null
28967,The Little Fox,Vuk,A tale about a little fox Vuk from the novel of the famous Hungarian writer István Fekete.,,Released,False,False,1981-12-10,74,0,0,2.4067,7.6,71,hu,,tt0131636,/sgZFOXE0Chi4NcfsmxZ3E6fjAOF.jpg,/mbs85hyOdv58hVnqjV491UAbOFl.jpg,"[{""id"": 16, ""name"": ""Animation""}, {""id"": 10751, ""name"": ""Family""}]","[{""id"": 48669, ""logo_path"": null, ""name"": ""Pann\u00f3nia Filmst\u00fadi\u00f3"", ""origin_country"": ""HU""}]","[{""iso_3166_1"": ""HU"", ""name"": ""Hungary""}]","[{""english_name"": ""German"", ""iso_639_1"": ""de"", ""name"": ""Deutsch""}, {""english_name"": ""French"", ""iso_639_1"": ""fr"", ""name"": ""Fran\u00e7ais""}, {""english_name"": ""Hungarian"", ""iso_639_1"": ""hu"", ""name"": ""Magyar""}]","[""HU""]","{""id"": 1501323, ""name"": ""Vuk Collection"", ""poster_path"": null, ""backdrop_path"": null}"
28968,Poison for the Fairies,Veneno para las hadas,"In 1965 Mexico City, Flavia, a wealthy yet lonely schoolgirl, befriends Veronica, a young orphan girl who has a fascination with witchcraft. Veronica convinces Flavia that she is a real witch and forces her to be her assistant. The children's games gradually become more serious and Veronica demands more from Flavia.",,Released,False,False,1986-10-02,90,0,0,1.1957,7.7,132,es,,tt0135033,/5kYZzOWDpnWtR6Z3h3MY5kf268o.jpg,/pgrRRmjuX6cMqqwgqSpGl93jD4s.jpg,"[{""id"": 14, ""name"": ""Fantasy""}, {""id"": 27, ""name"": ""Horror""}]","[{""id"": 299, ""logo_path"": ""/elssmtHcogGtF8Gxokh9phZvLKi.png"", ""name"": ""Instituto Mexicano de Cinematograf\u00eda"", ""origin_country"": ""MX""}, {""id"": 49830, ""logo_path"": null, ""name"": ""Sindicato de Trabajadores de la Producci\u00f3n Cinematogr\u00e1fica (STPC)"", ""origin_country"": ""MX""}]","[{""iso_3166_1"": ""MX"", ""name"": ""Mexico""}]","[{""english_name"": ""Spanish"", ""iso_639_1"": ""es"", ""name"": ""Espa\u00f1ol""}]","[""MX""]",null
28969,The Velveteen Rabbit,The Velveteen Rabbit,A lonely boy wins over his distant father and strict grandmother with help from a brave velveteen rabbit whose one wish is to become a real rabbit someday.,All You Need to Do is Believe.,Released,False,False,2009-02-27,88,5500000,0,1.1166,6.6,32,en,https://velveteenrabbitmovie.com/,tt0974662,/zhZUYlLE9HWaMNk8YVxE7U0QPCh.jpg,/mhhN3iXncNtpA9xZDfLl5EWoZCR.jpg,"[{""id"": 16, ""name"": ""Animation""}, {""id"": 18, ""name"": ""Drama""}, {""id"": 10751, ""name"": ""Family""}, {""id"": 14, ""name"": ""Fantasy""}]","[{""id"": 17669, ""logo_path"": ""/rEkkdhNo0lS6jWW88iAEEGFvJGw.png"", ""name"": ""Believe Pictures"", ""origin_country"": ""US""}, {""id"": 233293, ""logo_path"": null, ""name"": ""Family1 Films"", ""origin_country"": """"}, {""id"": 43819, ""logo_path"": ""/c2rXy0Ob6F2F6DKVI3GZXKwgU2C.png"", ""name"": ""CINAR"", ""origin_country"": ""CA""}, {""id"": 12164, ""logo_path"": ""/7MieiLl5TiCDr6cY96OZdStaaEK.png"", ""name"": ""Feature Films for Families"", ""origin_country"": """"}, {""id"": 39008, ""logo_path"": null, ""name"": ""New Movie"", ""origin_country"": """"}]","[{""iso_3166_1"": ""CA"", ""name"": ""Canada""}, {""iso_3166_1"": ""US"", ""name"": ""United States of America""}]","[{""english_name"": ""English"", ""iso_639_1"": ""en"", ""name"": ""English""}]","[""CA"", ""US""]",null
28971,Limelight,Limelight,A fading music hall comedian tries to help a despondent ballet dancer learn to walk and to again feel confident about life.,The masterpiece of laughter and tears from the master of comedy!,Released,False,False,1952-10-16,137,900000,1000000,2.2339,7.9,585,en,,tt0044837,/wNWQS4cPTVtyOPzMZ9HSjmOLZ97.jpg,/43VCpwhBChDUMl2CERU61sQ3z5W.jpg,"[{""id"": 10749, ""name"": ""Romance""}, {""id"": 18, ""name"": ""Drama""}, {""id"": 10402, ""name"": ""Music""}]","[{""id"": 11945, ""logo_path"": null, ""name"": ""Celebrated Productions"", ""origin_country"": """"}, {""id"": 60, ""logo_path"": ""/4YldLvCWQL9VIAHQ2Fu3Ffkh9Si.png"", ""name"": ""United Artists"", ""origin_country"": ""US""}]","[{""iso_3166_1"": ""US"", ""name"": ""United States of America""}]","[{""english_name"": ""English"", ""iso_639_1"": ""en"", ""name"": ""English""}]","[""US""]",null
28973,A King in New York,A King in New York,"A recently-deposed ""Estrovian"" monarch seeks shelter in New York City, where he becomes an accidental television celebrity. Later, he's wrongly accused of being a Communist and gets caught up in subsequent HUAC hearings.",The King of Comedians!,Released,False,False,1957-09-12,104,0,0,1.6493,6.7,229,en,,tt0050598,/e6KtBoiXa5D3LLZtiMCkiqIDnZv.jpg,/wO62WckgbBMpu3efEIY9oQsSLb0.jpg,"[{""id"": 35, ""name"": ""Comedy""}]","[{""id"": 1315, ""logo_path"": null, ""name"": ""Charles Chaplin Productions"", ""origin_country"": ""US""}, {""id"": 282814, ""logo_path"": null, ""name"": ""Attica Film Company"", ""origin_country"": """"}]","[{""iso_3166_1"": ""GB"", ""name"": ""United Kingdom""}, {""iso_3166_1"": ""US"", ""name"": ""United States of America""}]","[{""english_name"": ""English"", ""iso_639_1"": ""en"", ""name"": ""English""}]","[""GB""]",null
28974,A Woman of Paris: A Drama of Fate,A Woman of Paris: A Drama of Fate,"When Marie St. Clair believes she has been jilted by her artist fiance Jean, she decides to leave for Paris on her own. After spending a year in the city as a mistress of the wealthy Pierre Revel, she is reunited with Jean by chance. This leaves her with the choice between a glamorous life in Paris, and the true love she left behind.",Humanity is composed not of heroes and villains.,Released,False,False,1923-10-01,82,0,634000,1.8556,6.77,196,en,,tt0014624,/shmnpKWwfgNzntaDLPO0WYli5PX.jpg,/oxhJn3vjqzzWrfwZpA2YgGkRpwi.jpg,"[{""id"": 18, ""name"": ""Drama""}, {""id"": 10749, ""name"": ""Romance""}]","[{""id"": 1315, ""logo_path"": null, ""name"": ""Charles Chaplin Productions"", ""origin_country"": ""US""}]","[{""iso_3166_1"": ""US"", ""name"": ""United States of America""}]","[{""english_name"": ""No Language"", ""iso_639_1"": ""xx"", ""name"": ""No Language""}]","[""US""]",null
28975,Taffin,Taffin,"When a small Irish town is terrorized by a corrupt business syndicate, a lone hero wages an all out war.",He didn’t get mad… He got even.,Released,False,False,1988-02-26,96,0,0,1.6021,5.6,50,en,,tt0096211,/niIHSyg2Wgj3v4POepjtlMaWUtw.jpg,/bgzHRy8QPLammnR4psTDzh4gfmR.jpg,"[{""id"": 28, ""name"": ""Action""}, {""id"": 53, ""name"": ""Thriller""}]","[{""id"": 21, ""logo_path"": ""/usUnaYV6hQnlVAXP6r4HwrlLFPG.png"", ""name"": ""Metro-Goldwyn-Mayer"", ""origin_country"": ""US""}, {""id"": 26373, ""logo_path"": null, ""name"": ""United British Artists (UBA)"", ""origin_country"": """"}, {""id"": 108982, ""logo_path"": null, ""name"": ""Rafford Films"", ""origin_country"": """"}]","[{""iso_3166_1"": ""IE"", ""name"": ""Ireland""}, {""iso_3166_1"": ""GB"", ""name"": ""United Kingdom""}, {""iso_3166_1"": ""US"", ""name"": ""United States of America""}]","[{""english_name"": ""English"", ""iso_639_1"": ""en"", ""name"": ""English""}]","[""IE"", ""US"", ""GB""]",null
28976,Uncle Adolf,Uncle Adolf,"A young girl becomes the great love of the Nazi leader's life. It spans the years between 1929 and 1945, and focuses on Hitler's obsessive relationship with his niece Geli Raubal, which eventually led to the girl's suicide, then goes on to tell the story of how Eva Braun became his wife.",,Released,False,False,2005-01-03,92,0,0,0.7962,6.0,4,en,,tt0418271,/sA3L10M6m1XN8l4Y6ZGYkJJxufM.jpg,,"[{""id"": 10770, ""name"": ""TV Movie""}, {""id"": 18, ""name"": ""Drama""}]","[{""id"": 11842, ""logo_path"": ""/eNw316EUzXBLVOzlZPVwOcPKoDw.png"", ""name"": ""Company Pictures"", ""origin_country"": ""GB""}, {""id"": 3448, ""logo_path"": ""/dcA8JDfnnQPMaq8lv2CCiYrNe0S.png"", ""name"": ""ITV"", ""origin_country"": ""GB""}]","[{""iso_3166_1"": ""GB"", ""name"": ""United Kingdom""}]","[{""english_name"": ""English"", ""iso_639_1"": ""en"", ""name"": ""English""}]","[""US"", ""GB""]",null
28978,The Circus,The Circus,"Charlie, a wandering tramp, becomes a circus handyman - soon the star of the show - and falls in love with the circus owner's stepdaughter.",The Circus is Here!,Released,False,False,1928-01-06,72,9000000,0,1.619,7.9,878,en,,tt0018773,/3FywbVq2qGqbYHPCy2NJcOf0gmp.jpg,/bgoeWIDk4Grlyyt7pdty56Uz8TJ.jpg,"[{""id"": 35, ""name"": ""Comedy""}, {""id"": 10749, ""name"": ""Romance""}, {""id"": 18, ""name"": ""Drama""}]","[{""id"": 1315, ""logo_path"": null, ""name"": ""Charles Chaplin Productions"", ""origin_country"": ""US""}]","[{""iso_3166_1"": ""US"", ""name"": ""United States of America""}]","[{""english_name"": ""No Language"", ""iso_639_1"": ""xx"", ""name"": ""No Language""}]","[""US""]",null
28979,Life is an Art,Life is an Art,"You need to suffer, to understand....",,Released,False,False,2010-05-17,110,0,0,0.1432,7.0,1,en,http://www.lifeisanartmovie.com,tt1537850,/vct3qnyL2MkcZ0YGx94SJf6kL3k.jpg,,"[{""id"": 53, ""name"": ""Thriller""}]",[],"[{""iso_3166_1"": ""NL"", ""name"": ""Netherlands""}]","[{""english_name"": ""English"", ""iso_639_1"": ""en"", ""name"": ""English""}]","[""US""]",null
28981,Escape to Athena,Escape to Athena,"During the World War II, the prisoners of a German camp in a Greek island are trying to escape. They not only want their freedom, but also seek an ineffable treasure hidden in a monastery at the summit of the island's mountain.","The patriot, the professor, the comic and the stripper... were fighting for what they believed in... Getting rich!",Released,False,False,1979-05-21,125,0,0,1.9415,5.7,124,en,,tt0079117,/c4SeQMQnc2eIpQgDTnLRNg0d6iR.jpg,/pkcpXZjQhT65uHKlrPHMFba7LhQ.jpg,"[{""id"": 12, ""name"": ""Adventure""}, {""id"": 35, ""name"": ""Comedy""}, {""id"": 10752, ""name"": ""War""}]","[{""id"": 1155, ""logo_path"": ""/rKTzFu5woCo8k0u9ML7mWeLY541.png"", ""name"": ""ITC Entertainment"", ""origin_country"": ""GB""}]","[{""iso_3166_1"": ""GB"", ""name"": ""United Kingdom""}]","[{""english_name"": ""English"", ""iso_639_1"": ""en"", ""name"": ""English""}]","[""US"", ""GB""]",null
28982,199 lives: The Travis Pastrana Story,199 lives: The Travis Pastrana Story,"The story of Freestyle Motocross legend Travis Pastrana is told through action-packed race footage, rare personal film, interviews with Pastrana and his family, and much more.",,Released,False,False,2008-01-01,120,0,0,0.1389,5.3,11,en,http://www.199lives.com/,tt1332471,/4mrLYBirPQ4PfP6Gr7FWQrLvUzL.jpg,/p24wErgTXLmPLzp0TNf0poQrD3O.jpg,"[{""id"": 99, ""name"": ""Documentary""}]","[{""id"": 10558, ""logo_path"": ""/d5hpkDfsu0tf6aIG506WilBNJ6V.png"", ""name"": ""Godfrey Entertainment"", ""origin_country"": """"}]","[{""iso_3166_1"": ""US"", ""name"": ""United States of America""}]","[{""english_name"": ""English"", ""iso_639_1"": ""en"", ""name"": ""English""}]","[""US""]",null
28983,Fire on the Amazon,Fire on the Amazon,"When a well-known environmental researcher is murdered in the Amazon jungle, an arrogant photojournalist joins forces with a beautiful young activist to find out who is responsible. Along they way, they fall in love as they discover the men responsible for the killing would be more than willing to murder again if it will keep them quiet.",Fight fire with fire.,Released,False,False,1993-10-01,78,2000000,0,1.2671,3.4,75,en,,tt0106913,/9OUU14KPIhRTEjAFcUi4MN52nHV.jpg,/p19YGO5l7W4kVNpd0RXvS5MOaH7.jpg,"[{""id"": 18, ""name"": ""Drama""}, {""id"": 12, ""name"": ""Adventure""}, {""id"": 28, ""name"": ""Action""}]","[{""id"": 4688, ""logo_path"": null, ""name"": ""Concorde-New Horizons"", ""origin_country"": ""US""}]","[{""iso_3166_1"": ""US"", ""name"": ""United States of America""}, {""iso_3166_1"": ""PE"", ""name"": ""Peru""}]","[{""english_name"": ""Spanish"", ""iso_639_1"": ""es"", ""name"": ""Espa\u00f1ol""}, {""english_name"": ""English"", ""iso_639_1"": ""en"", ""name"": ""English""}]","[""US""]",null
28985,Firmaskovturen,Firmaskovturen,"The employees at Simonsens Bijouterifabrik are not only experts in Christmas parties. They also know a thing or two about company outings. The picnic baskets are overflowing, and the alcoholic beverages have certainly not been forgotten as the staff sets off for Bakken in a rented bus. Beer and spirits are consumed in abundance. As the booze flows, inhibitions are cast aside. In the increasingly boisterous atmosphere, one employee after another passes out. And the bus? Well, it can be hard to find in the booze haze! The fun never ends, and neither does the laughter.",,Released,False,False,1978-02-10,79,0,0,0.2941,5.4,5,da,,tt0077554,/alnK4NRJ1g0oo35saPl0sBwUv3L.jpg,/iABNY1Cyt3YXLo8U2TSgj3p4phQ.jpg,"[{""id"": 35, ""name"": ""Comedy""}]","[{""id"": 3676, ""logo_path"": ""/mel4PnFPw1LuxgzUJzoh7VxpIRq.png"", ""name"": ""ASA Film Production"", ""origin_country"": ""DK""}]","[{""iso_3166_1"": ""DK"", ""name"": ""Denmark""}]","[{""english_name"": ""Danish"", ""iso_639_1"": ""da"", ""name"": ""Dansk""}]","[""DK""]","{""id"": 1395968, ""name"": ""Julefrokosten / Firmaskovturen (samling)"", ""poster_path"": null, ""backdrop_path"": null}"
28987,The Kid,The Kid,"Based on the real life story of Kevin Lewis, the film follows his childhood of abuse, his descent into a life of crime and the way he put his life together again afterwards.","When you have nothing to lose, you have everything to fight for.",Released,False,False,2010-04-22,107,0,0,1.2597,6.4,25,en,,tt1371160,/nKuquL5Xs0yCvBuPQnAw6zC89Wy.jpg,/2emtDkbxtAgtzEZOPVYVH9MBbUS.jpg,"[{""id"": 18, ""name"": ""Drama""}]","[{""id"": 4885, ""logo_path"": null, ""name"": ""Tin House Films"", ""origin_country"": """"}]","[{""iso_3166_1"": ""GB"", ""name"": ""United Kingdom""}]","[{""english_name"": ""English"", ""iso_639_1"": ""en"", ""name"": ""English""}]","[""GB""]",null
28988,Blackboards,تخته سياه,"Itinerant Kurdish teachers, carrying blackboards on their backs, look for students in the hills and villages of Iran, near the Iraqi border during the Iran-Iraq war. Said falls in with a group of old men looking for their bombed-out village; he offers to guide them, and takes as his wife Halaleh, the clan's lone woman, a widow with a young son. Reeboir attaches himself to a dozen pre-teen boys weighed down by contraband they carry across the border; they're mules, always on the move. Said and Reeboir try to teach as their potential students keep walking. Danger is close; armed soldiers patrol the skies, the roads, and the border. Is there a role for a teacher? Is there hope?",,Released,False,False,2000-09-01,85,0,0,3.1165,6.6,40,fa,,tt0246266,/ApLKw8jjGTp7M4FbivX3mHXJ6da.jpg,/4jauQUVs9zwpOJgTSlAgmfbVeRf.jpg,"[{""id"": 18, ""name"": ""Drama""}, {""id"": 36, ""name"": ""History""}, {""id"": 10752, ""name"": ""War""}]","[{""id"": 54378, ""logo_path"": null, ""name"": ""Fabrica"", ""origin_country"": ""IT""}, {""id"": 13518, ""logo_path"": ""/4k4pfsETuAGPlmJ3yLkiTmOi9v1.png"", ""name"": ""Makhmalbaf Film House Productions"", ""origin_country"": ""GB""}, {""id"": 155990, ""logo_path"": ""/py9VaywwK6KVi94YwrxSKVg1gkh.png"", ""name"": ""RAI Cinema"", ""origin_country"": ""IT""}, {""id"": 54376, ""logo_path"": null, ""name"": ""T-Mark"", ""origin_country"": ""JP""}]","[{""iso_3166_1"": ""IR"", ""name"": ""Iran""}, {""iso_3166_1"": ""IT"", ""name"": ""Italy""}, {""iso_3166_1"": ""JP"", ""name"": ""Japan""}]","[{""english_name"": ""Kurdish"", ""iso_639_1"": ""ku"", ""name"": """"}, {""english_name"": ""Persian"", ""iso_639_1"": ""fa"", ""name"": ""\u0641\u0627\u0631\u0633\u06cc""}]","[""IR""]",null
28989,Across the Great Divide,Across the Great Divide,Two orphans set out to claim their inheritance - a 400 acre plot of land in Salem Oregon. To Do so they must cross the rugged snow covered Rocky Mountains in the year 1876.,In 1876 they crossed the Rockies. With hope and courage...they clung to their dream.,Released,False,False,1976-12-20,105,0,0,0.9046,6.1,17,en,,tt0075629,/meGHVaLLtGRy1WFrlu0XpufwI9u.jpg,/9et1hV1AEZtNAuK3U7I9zXj2fFu.jpg,"[{""id"": 28, ""name"": ""Action""}, {""id"": 18, ""name"": ""Drama""}, {""id"": 10751, ""name"": ""Family""}]",[],[],"[{""english_name"": ""English"", ""iso_639_1"": ""en"", ""name"": ""English""}]","[""US""]",null
28990,Kopf oder Zahl,Kopf oder Zahl,"Two young crooks steal fabric, which is of course sorely missed. In addition to the former owners, an investigative journalist and a bad cop who smells a windfall are also on their trail. Meanwhile, a newly released con is forced by his ex's pimp to go back to the deepest depths. There he meets a former doctor who smuggles drugs for the mafia in order to send money to his daughter, whom he thinks is at home in Grozny, but who is actually working for the mafia just a few houses away.",,Released,False,False,2009-04-23,100,0,0,0.8615,3.1,7,de,,tt0870157,/krAWmcQT0FhD7q5sYak8JLCXWH3.jpg,/juN3BSXaPjmg1RwfIGuOUCptblh.jpg,"[{""id"": 18, ""name"": ""Drama""}]","[{""id"": 10435, ""logo_path"": null, ""name"": ""Los Banditos Films"", ""origin_country"": """"}]","[{""iso_3166_1"": ""DE"", ""name"": ""Germany""}]","[{""english_name"": ""German"", ""iso_639_1"": ""de"", ""name"": ""Deutsch""}]","[""DE""]",null
28991,Reiki,Reiki,He couldn't save her then. Will he able to 400 years later?.,,Released,False,False,2009-04-11,87,0,0,0.249,5.0,3,en,http://www.reikithemovie.com,tt1201649,,,"[{""id"": 28, ""name"": ""Action""}, {""id"": 14, ""name"": ""Fantasy""}]",[],"[{""iso_3166_1"": ""BE"", ""name"": ""Belgium""}]","[{""english_name"": ""English"", ""iso_639_1"": ""en"", ""name"": ""English""}]","[""US""]",null
28993,Frøken Nitouche,Frøken Nitouche,"At a convent school for young girls, no one must know that the organist Celestin is the same person as the operetta composer Floridor. But in the long run, it cannot be hidden. His bright student Charlotte has been chosen as the bride of a man she has never met – but during a trip to Copenhagen, where Celestin is supposed to protect Charlotte from the temptations of the city, he takes her to the theatre where his operetta is to premiere. And that is where Celestin's problems really begin.",,Released,False,False,1963-08-16,104,0,0,0.2201,5.9,9,da,,tt0057080,/rYUwIDm9Rj8eQPeqpFErZ8a85Wz.jpg,/wSNwLWN4xD6psDqisutWX1v9Tdn.jpg,"[{""id"": 10751, ""name"": ""Family""}, {""id"": 35, ""name"": ""Comedy""}, {""id"": 10402, ""name"": ""Music""}]","[{""id"": 12530, ""logo_path"": null, ""name"": ""Saga Studio"", ""origin_country"": ""DK""}]","[{""iso_3166_1"": ""DK"", ""name"": ""Denmark""}]","[{""english_name"": ""Danish"", ""iso_639_1"": ""da"", ""name"": ""Dansk""}]","[""DK""]",null
28994,The Adventures of the Wilderness Family,The Adventures of the Wilderness Family,The story of a modern family bored with the hassles of the city life in Los Angeles. They head for the wilderness never to return.,,Released,False,False,1975-12-19,105,0,0,0.7988,5.9,35,en,,tt0072610,/1t5JbM4gxjWyAaq884rbNEqKcRr.jpg,/bvNlOYVlSu0DvqIhjIKSejBqrsM.jpg,"[{""id"": 18, ""name"": ""Drama""}, {""id"": 10751, ""name"": ""Family""}, {""id"": 12, ""name"": ""Adventure""}]","[{""id"": 60544, ""logo_path"": null, ""name"": ""Pacific International Pictures"", ""origin_country"": """"}, {""id"": 15603, ""logo_path"": null, ""name"": ""Wilderness Family Inc"", ""origin_country"": """"}]","[{""iso_3166_1"": ""US"", ""name"": ""United States of America""}]","[{""english_name"": ""German"", ""iso_639_1"": ""de"", ""name"": ""Deutsch""}, {""english_name"": ""French"", ""iso_639_1"": ""fr"", ""name"": ""Fran\u00e7ais""}, {""english_name"": ""English"", ""iso_639_1"": ""en"", ""name"": ""English""}]","[""US""]","{""id"": 211860, ""name"": ""Mountain Family Robinson Collection"", ""poster_path"": ""/qKNmWtEQE87cSOS5gKlcEJlnb8q.jpg"", ""backdrop_path"": ""/kmILGbpOGm3vrdxa7DbhKDL77Af.jpg""}"
28995,Wild Chicks in Love,Die Wilden Hühner und die Liebe,"Five teenage girls navigate the twists and turns of their complicated emotional lives, and learn the secrets of the heart through their friendship.",,Released,False,False,2007-04-05,108,0,7856086,0.6759,6.459,61,de,,tt0844463,/3GMz6UC5ukse6QLJVe2yhm1oRnD.jpg,/s5VOMvW4krkndWsjd2RGohwSZx6.jpg,"[{""id"": 10749, ""name"": ""Romance""}, {""id"": 10751, ""name"": ""Family""}, {""id"": 35, ""name"": ""Comedy""}]","[{""id"": 1704, ""logo_path"": ""/sb3PuMTgJgpPUY7x634etBAhodu.png"", ""name"": ""Bavaria Film"", ""origin_country"": ""DE""}, {""id"": 510, ""logo_path"": null, ""name"": ""Lunaris Film"", ""origin_country"": ""DE""}, {""id"": 47, ""logo_path"": ""/i7Z9ot2o3N5Sa3HrF09kniFs2y8.png"", ""name"": ""Constantin Film"", ""origin_country"": ""DE""}, {""id"": 4606, ""logo_path"": ""/otZHbf1HmzLRQsZFSqJXkf8EHz7.png"", ""name"": ""ZDF"", ""origin_country"": ""DE""}, {""id"": 8987, ""logo_path"": null, ""name"": ""Bayerischer Banken-Fonds"", ""origin_country"": """"}]","[{""iso_3166_1"": ""DE"", ""name"": ""Germany""}]","[{""english_name"": ""German"", ""iso_639_1"": ""de"", ""name"": ""Deutsch""}]","[""DE""]","{""id"": 122404, ""name"": ""Wild Chicks Collection"", ""poster_path"": ""/dDIDnmejvXGHIkJEM8fvgvw97WA.jpg"", ""backdrop_path"": ""/hBLYbdmPe9XM7r14KPGPvfwT5Vr.jpg""}"
28997,Jean Charles,Jean Charles,"The tragic true story of Jean Charles de Menezes, the innocent Brazilian shot dead by British police in 2005 at the height of the London terrorist alerts.",,Released,False,False,2009-06-26,92,0,0,0.6679,6.369,61,pt,,tt0989007,/wnsEdHNryFWohMgDFfI3bp8cdPK.jpg,/8kHf8FX9FeLtKjHrxnr6C4r7VdE.jpg,"[{""id"": 18, ""name"": ""Drama""}]","[{""id"": 93361, ""logo_path"": null, ""name"": ""J\u00e1 Filmes"", ""origin_country"": ""BR""}, {""id"": 114633, ""logo_path"": null, ""name"": ""Mango Films"", ""origin_country"": """"}]","[{""iso_3166_1"": ""BR"", ""name"": ""Brazil""}, {""iso_3166_1"": ""GB"", ""name"": ""United Kingdom""}]","[{""english_name"": ""English"", ""iso_639_1"": ""en"", ""name"": ""English""}, {""english_name"": ""Portuguese"", ""iso_639_1"": ""pt"", ""name"": ""Portugu\u00eas""}]","[""BR"", ""GB""]",null
29000,Count Axel,Grev Axel,"Count Axel is a comedy that takes place somewhere in the Nordic countries in 1783. It's a classic comedy about mixed identities, with strong elements of contemporary humour and satire.",,Released,False,False,2001-04-06,86,0,0,1.0279,6.2,20,da,,tt0237289,/pf5qbjJ2kElWM3ibWGCtSreLsNQ.jpg,/qRyB2HBjKfRKtw18OCHP83gxTTi.jpg,"[{""id"": 35, ""name"": ""Comedy""}]","[{""id"": 6843, ""logo_path"": null, ""name"": ""Cosmo Productions"", ""origin_country"": ""IT""}]","[{""iso_3166_1"": ""DK"", ""name"": ""Denmark""}]","[{""english_name"": ""Danish"", ""iso_639_1"": ""da"", ""name"": ""Dansk""}]","[""DK""]",null
29004,The District,Nyócker!,"In an effort to end family feuding, a young gypsy travels back in time to kill mammoths to ensure Hungary becomes rich by killing mammoths in order to create a massive oil reservoir. Things don't go entirely according to plan...",,Released,False,False,2004-12-09,87,0,199780,1.7674,4.8,22,hu,,tt0398237,/jUJ86PzGZFMkJWcw8u9o33eAtc8.jpg,/byrOFofc8Bs3PxmXBkeTYzr0QE9.jpg,"[{""id"": 16, ""name"": ""Animation""}, {""id"": 878, ""name"": ""Science Fiction""}, {""id"": 35, ""name"": ""Comedy""}]","[{""id"": 4886, ""logo_path"": null, ""name"": ""Lichthof Productions Ltd."", ""origin_country"": """"}]","[{""iso_3166_1"": ""HU"", ""name"": ""Hungary""}]","[{""english_name"": ""German"", ""iso_639_1"": ""de"", ""name"": ""Deutsch""}, {""english_name"": ""Hungarian"", ""iso_639_1"": ""hu"", ""name"": ""Magyar""}, {""english_name"": ""English"", ""iso_639_1"": ""en"", ""name"": ""English""}]","[""HU""]",null
29005,McCabe & Mrs. Miller,McCabe & Mrs. Miller,A gambler and a prostitute become thriving business partners in a remote Old West mining town until a large corporation arrives on the scene.,The story of a gambling man and a hustling lady and the empire they fashioned from the wilderness.,Released,False,False,1971-06-24,120,0,0,2.1885,7.165,443,en,,tt0067411,/oR839yRsFAiQHwJ78hdKZYjEBg8.jpg,/5Le4bfUJXFtQALJqwqzzPtyiwrX.jpg,"[{""id"": 37, ""name"": ""Western""}, {""id"": 18, ""name"": ""Drama""}]","[{""id"": 174, ""logo_path"": ""/zhD3hhtKB5qyv7ZeL4uLpNxgMVU.png"", ""name"": ""Warner Bros. Pictures"", ""origin_country"": ""US""}, {""id"": 258632, ""logo_path"": null, ""name"": ""Robert Altman-David Foster Productions"", ""origin_country"": ""US""}]","[{""iso_3166_1"": ""US"", ""name"": ""United States of America""}]","[{""english_name"": ""English"", ""iso_639_1"": ""en"", ""name"": ""English""}, {""english_name"": ""Cantonese"", ""iso_639_1"": ""cn"", ""name"": ""\u5e7f\u5dde\u8bdd / \u5ee3\u5dde\u8a71""}]","[""US""]",null
29006,Two Tough Guys,Dos tipos duros,"Two botcher killers, Paco and Alex carry out a crime caper. Later on, they are joined by Tatiana - ​a young whore, who shows great love for Alex. In pursuing its objective the losers will face a group of murderers, a butcher with dark business, a nasty gangster and a lot more...",,Released,False,False,2003-09-05,99,0,958867,0.734,4.964,14,es,,tt0380323,/bBl8C2meBBN0mnh3WpIztsxrn12.jpg,/dZQikrDES2opxvKiNtzpaHazDeR.jpg,"[{""id"": 80, ""name"": ""Crime""}, {""id"": 35, ""name"": ""Comedy""}, {""id"": 28, ""name"": ""Action""}]","[{""id"": 1183, ""logo_path"": ""/hvk8LhoLFWu7212jsYi8KtJGRb2.png"", ""name"": ""Impala"", ""origin_country"": ""ES""}]","[{""iso_3166_1"": ""ES"", ""name"": ""Spain""}]","[{""english_name"": ""Spanish"", ""iso_639_1"": ""es"", ""name"": ""Espa\u00f1ol""}]","[""ES""]",null
29007,The House of Branching Love,Haarautuvan rakkauden talo,"A sort of ""Divorce Finnish Style,"" Mika Kaurismäki's rambunctious comedy, The House of Branching Love , recounts the breakup of a thirty-something professional couple - Juhani, a family therapist, and his wife, Tuula, a successful business trainer.",,Released,False,False,2009-08-21,107,0,0,0.3433,5.5,30,fi,,tt1188992,/y8au9fWMhLYPjXbXZwnqCFgvobu.jpg,/r9cM1DqMs734SmSbLpIpBAcqVnk.jpg,"[{""id"": 35, ""name"": ""Comedy""}, {""id"": 18, ""name"": ""Drama""}]","[{""id"": 42263, ""logo_path"": null, ""name"": ""Marianna Films"", ""origin_country"": ""FI""}]","[{""iso_3166_1"": ""FI"", ""name"": ""Finland""}]","[{""english_name"": ""Finnish"", ""iso_639_1"": ""fi"", ""name"": ""suomi""}]","[""FI""]",null
29008,The 7th Day,El 7º día,"Isabel Jimenez is a teenager witnessing a horrible feud between her own family and the Fuentes family, a feud involving broken hearts, property disputes and a mysterious fire that destroyed the Fuentes house. Isabel's uncle is murdered by Jeronimo Fuentes, who later tries to stab her father. After Jeronimo dies in jail, Isabel must look outside of her family for the truth, learning from the village idiot that her father may have set fire to the Fuentes home.",Thirty years of hatred. One bloody Sunday,Released,False,False,2004-04-23,103,0,0,1.4237,6.571,48,es,,tt0380736,/2iXtMgvD9TXipIO1z30ysaMXW1t.jpg,/ymekglI5uasXJsAGkhJzyZjYUod.jpg,"[{""id"": 18, ""name"": ""Drama""}]","[{""id"": 25899, ""logo_path"": null, ""name"": ""Art\u00e9dis"", ""origin_country"": ""FR""}, {""id"": 1025, ""logo_path"": ""/9kuQMWUQxiWbPkOrNi9xYIypwNa.png"", ""name"": ""Lolafilms"", ""origin_country"": ""ES""}]","[{""iso_3166_1"": ""FR"", ""name"": ""France""}, {""iso_3166_1"": ""ES"", ""name"": ""Spain""}]","[{""english_name"": ""Spanish"", ""iso_639_1"": ""es"", ""name"": ""Espa\u00f1ol""}]","[""ES""]",null
29009,O Coronel e o Lobisomem,O Coronel e o Lobisomem,"Colonel Furtado struggles to keep his lands, the Sobradinho Farm, and win the heart of his cousin Esmeraldina. In the process, he fights big beasts, experiences the taste of a bohemian life in town, fends usurers and thieves off, and uses all his cunning to get rid of haunting entities. His rival is the man he was brought up with, Pernambuco Nogueira, a werewolf.",,Released,False,False,2005-10-01,106,0,0,0.4195,5.4,45,pt,,tt0456117,/lxQJNMT3Oc3axg2LtVcMIaDmyVP.jpg,/cSvEgA04FdLtKBAEpF0sP2eao12.jpg,"[{""id"": 35, ""name"": ""Comedy""}]","[{""id"": 89438, ""logo_path"": ""/qZCc1lty5FzX30aOCVRBLzaVmcp.png"", ""name"": ""20th Century Fox Brazil"", ""origin_country"": ""BR""}]","[{""iso_3166_1"": ""BR"", ""name"": ""Brazil""}]","[{""english_name"": ""Portuguese"", ""iso_639_1"": ""pt"", ""name"": ""Portugu\u00eas""}]","[""BR""]",null
29014,Pedicab Driver,群龍戲鳳,"Lo Tung and his friend Malted Candy, pedicab drivers working the streets of Macao, have both fallen in love. The problem is that both their objects of affection - one a baker, the other a prostitute - are working under cruel and lecherous bosses. Somehow, the pair must find a way to win the ladies' hearts and free them from their unpleasant jobs.",,Released,False,False,1989-02-11,95,0,0,3.4031,6.9,42,cn,,tt0098155,/mSZYsyvikyM7VJj9x7H9vl82uVZ.jpg,/1zVQPclg4xQu0qdHOXYSlT5GQmU.jpg,"[{""id"": 28, ""name"": ""Action""}, {""id"": 35, ""name"": ""Comedy""}, {""id"": 18, ""name"": ""Drama""}, {""id"": 10749, ""name"": ""Romance""}]","[{""id"": 37065, ""logo_path"": null, ""name"": ""Bojon Films Company Ltd."", ""origin_country"": ""HK""}]","[{""iso_3166_1"": ""HK"", ""name"": ""Hong Kong""}]","[{""english_name"": ""Cantonese"", ""iso_639_1"": ""cn"", ""name"": ""\u5e7f\u5dde\u8bdd / \u5ee3\u5dde\u8a71""}]","[""HK""]",null
29015,The Specials,The Specials,"America's seventh best superhero team, the Specials, are a group of geeks and oddballs. Lifelong fan Nightbird joins the group just in time for the group to get a new line of action figures. But the members' extreme personalities and personal issues threaten to rip the group apart.","They're not incredible, they're just special.",Released,False,False,2000-09-22,82,1000000,13276,2.2159,5.1,42,en,,tt0181836,/kCoifvSC6tUa7Ia4YClf4npqjQp.jpg,/ifXKFWQWKO7B3Mz3L0Qn3kEVcF2.jpg,"[{""id"": 35, ""name"": ""Comedy""}, {""id"": 14, ""name"": ""Fantasy""}, {""id"": 878, ""name"": ""Science Fiction""}, {""id"": 28, ""name"": ""Action""}]","[{""id"": 8068, ""logo_path"": null, ""name"": ""Mindfire Entertainment"", ""origin_country"": ""US""}, {""id"": 1606, ""logo_path"": null, ""name"": ""Brillstein-Grey Entertainment"", ""origin_country"": """"}]","[{""iso_3166_1"": ""US"", ""name"": ""United States of America""}]","[{""english_name"": ""English"", ""iso_639_1"": ""en"", ""name"": ""English""}]","[""US""]",null
29016,The Richest Cat in the World,The Richest Cat in the World,"Leo Kohlmeyer is a talking cat who inherits $5 million from his late owner and is looked after by the owner's in-laws whose two children, Bart and Veronica, learn Leo's secret that he can talk, while a bumbling, but devious, couple called the Rigsbys plot to kidnap Leo in order for them to gain the inheritance money for themselves.",,Released,False,False,1986-03-09,120,0,0,1.1069,6.2,4,en,,tt0091852,/9jpf1mvqHChBW7cocySy0BRkMOO.jpg,/59VvEPVYwNyolX9kjKJg8pFbCqQ.jpg,"[{""id"": 37, ""name"": ""Western""}, {""id"": 12, ""name"": ""Adventure""}, {""id"": 18, ""name"": ""Drama""}, {""id"": 10751, ""name"": ""Family""}]","[{""id"": 4889, ""logo_path"": null, ""name"": ""Les Alexander Productions"", ""origin_country"": """"}]","[{""iso_3166_1"": ""US"", ""name"": ""United States of America""}]","[{""english_name"": ""English"", ""iso_639_1"": ""en"", ""name"": ""English""}]",[],null
29018,Songbird,Songbird,"songbird is a Gothic tale about ISABELLA, who finds herself trapped in an oppressive marriage with her drunken oaf of a husband, WALTER. One night at the dinner table her songbird won't stop chirping, which sends WALTER into a rage. Only when he threatens to take away the one thing she loves does ISABELLA find the strength to fight back with gruesome tenacity. Written by John Thompson",,Released,False,False,2007-01-19,6,0,0,0.1347,10.0,1,en,,tt0922615,,,"[{""id"": 99, ""name"": ""Documentary""}]",[],[],[],"[""US""]",null
29019,Songbird,Songbird,,,Released,False,False,2010-01-01,12,0,0,0.0352,0.0,0,en,,tt1656762,,,"[{""id"": 18, ""name"": ""Drama""}]",[],[],[],"[""US""]",null
29020,Horton Hatches the Egg,Horton Hatches the Egg,"Horton the elephant agrees to watch over lazy Maisie bird's egg while she vacations. Much later, after...",,Released,False,False,1942-04-11,10,0,0,0.6061,6.3,29,en,,tt0034870,/gQjd7dBDZLg24cmSZ9KduwEwxAY.jpg,/gfZfyZqPfMhoj0ebfvlMJrMbMRP.jpg,"[{""id"": 16, ""name"": ""Animation""}, {""id"": 35, ""name"": ""Comedy""}]","[{""id"": 174, ""logo_path"": ""/zhD3hhtKB5qyv7ZeL4uLpNxgMVU.png"", ""name"": ""Warner Bros. Pictures"", ""origin_country"": ""US""}, {""id"": 134798, ""logo_path"": null, ""name"": ""Leon Schlesinger Productions"", ""origin_country"": ""US""}, {""id"": 8298, ""logo_path"": ""/r6cuEYq7DqrHCNVa7vSanTS0cuw.png"", ""name"": ""Warner Bros. Cartoons"", ""origin_country"": ""US""}]","[{""iso_3166_1"": ""US"", ""name"": ""United States of America""}]","[{""english_name"": ""English"", ""iso_639_1"": ""en"", ""name"": ""English""}]","[""US""]",null
29021,Road to Utopia,Road to Utopia,"While on a ship to Skagway, Alaska, Duke and Chester find a map to a secret gold mine, which had been 'stolen' by thugs. In Alaska to recover her father's map, Sal Van Hoyden falls in with Ace Larson, who secretly wants to steal the gold mine for himself. Duke, Chester, the thugs, Ace and his henchman chase each other all over the countryside—for the map.","Paramount's most riotous ""Road"" show!",Released,False,False,1946-02-27,90,0,0,1.2229,6.7,46,en,,tt0038032,/3N5YNjkwSJxppBCilUZZjMdCyI5.jpg,/rpnilQ69Pua9q8gAKKlrgHE5qfx.jpg,"[{""id"": 12, ""name"": ""Adventure""}, {""id"": 35, ""name"": ""Comedy""}, {""id"": 10402, ""name"": ""Music""}, {""id"": 10751, ""name"": ""Family""}]","[{""id"": 4, ""logo_path"": ""/jay6WcMgagAklUt7i9Euwj1pzTF.png"", ""name"": ""Paramount Pictures"", ""origin_country"": ""US""}]","[{""iso_3166_1"": ""US"", ""name"": ""United States of America""}]","[{""english_name"": ""English"", ""iso_639_1"": ""en"", ""name"": ""English""}]","[""US""]","{""id"": 135441, ""name"": ""Road to... Collection"", ""poster_path"": ""/jRRsXfxKpbV6Po4jTfXQTZZX7Yd.jpg"", ""backdrop_path"": ""/mtC7UKAlECH3NlABg8mzmDqZi0F.jpg""}"
29023,Experiment Alcatraz,Experiment Alcatraz,A doctor testing drugs on convicts gets mixed up in a murder investigation.,Radioactive-drug test an alibi for murder!,Released,False,False,1950-11-21,57,0,0,1.3186,6.5,3,en,,tt0042442,/8Q0SXpSLjAAdHWHBnHhJDs1wIcC.jpg,/kKatoqqftC8TtQMx78bhMqXQhBL.jpg,"[{""id"": 80, ""name"": ""Crime""}]","[{""id"": 4891, ""logo_path"": null, ""name"": ""Crystal Productions"", ""origin_country"": """"}, {""id"": 6, ""logo_path"": ""/n53F7K9scQWFXYbrCablqLKqJdp.png"", ""name"": ""RKO Radio Pictures"", ""origin_country"": ""US""}]","[{""iso_3166_1"": ""US"", ""name"": ""United States of America""}]","[{""english_name"": ""English"", ""iso_639_1"": ""en"", ""name"": ""English""}]","[""US""]",null
29025,The Twlilight Thirst,The Twlilight Thirst,,,Released,False,False,2007-05-15,0,0,0,0.0,2.0,1,en,,,,,[],[],[],[],"[""US""]",null
29028,Jóhannes,Jóhannes,"Laddi leikur Jóhannes, myndlistarkennara sem upplifir dag sem ætlar engan endi að taka. Þessi ólukkudagur hefst á því að Jóhannes, af sannri riddaramennsku, stoppar fyrir ungri stúlku (Unnur Birna) í rigningu á Reykjanesbrautinni. Á vegi Jóhannesar verða ýmsir skrautlegir karakterar, bandbrjálaður öfundsjúkur kærasti, metnaðarfullur skólastjóri, óalandi unglingur og kostulegt lögregluþjónatvíeyki.",,Released,False,False,2009-10-15,78,0,0,0.3237,5.3,3,is,,tt1499240,/mLRD9J5sY4mKqxY2fGAWipbOP5N.jpg,,"[{""id"": 35, ""name"": ""Comedy""}]","[{""id"": 4892, ""logo_path"": null, ""name"": ""100Lj\u00f3n"", ""origin_country"": """"}]","[{""iso_3166_1"": ""IS"", ""name"": ""Iceland""}]","[{""english_name"": ""Icelandic"", ""iso_639_1"": ""is"", ""name"": ""\u00cdslenska""}]","[""IS""]",null
29029,Made for Each Other,Made for Each Other,"After three months in a sexless marriage, a man cheats on his wife and tries to justify his actions by tricking her into infidelity.",Who would you choose to have sex with your wife?,Released,False,False,2009-04-25,96,0,0,1.5048,3.8,24,en,,tt1051241,/aeQsbpuwISDhiWB4uwoqryGrPSY.jpg,/bDWvrytd2XQHB9lsMRRMi8hIl51.jpg,"[{""id"": 35, ""name"": ""Comedy""}, {""id"": 10749, ""name"": ""Romance""}]","[{""id"": 5574, ""logo_path"": null, ""name"": ""Moderncin\u00e9"", ""origin_country"": """"}]","[{""iso_3166_1"": ""US"", ""name"": ""United States of America""}]","[{""english_name"": ""English"", ""iso_639_1"": ""en"", ""name"": ""English""}]","[""US""]",null
29030,The Tomb of Ligeia,The Tomb of Ligeia,"Verden Fell is shattered after the death of his lovely wife. But, after an unexpected encounter with Lady Rowena Trevanion, Fell soon finds himself married again. Nevertheless, his late wife's spirit seems to hang over the dilapidated abbey that Fell shares with his new bride. Lady Rowena senses that something is amiss and, when she investigates, makes a horrifying discovery -- learning that Fell's dead wife is closer than she ever imagined possible.","Even on her wedding night she must share the man she loved with the ""female thing"" that lived in the Tomb of the Cat!",Released,False,False,1964-11-01,81,0,0,1.2398,6.3,178,en,,tt0059821,/j8gc33Q97xorBvnMUQLXs9Yla0H.jpg,/tK41nyg0bbAf9GEWfdMODXKo98l.jpg,"[{""id"": 27, ""name"": ""Horror""}]","[{""id"": 13862, ""logo_path"": null, ""name"": ""Alta Vista Film Production"", ""origin_country"": """"}]","[{""iso_3166_1"": ""GB"", ""name"": ""United Kingdom""}, {""iso_3166_1"": ""US"", ""name"": ""United States of America""}]","[{""english_name"": ""English"", ""iso_639_1"": ""en"", ""name"": ""English""}]","[""US"", ""GB""]",null
29032,The Secret Invasion,The Secret Invasion,"During World War II, convicts are recruited by the Allies for an extremely hazardous mission.",The Daring Plan; The Staggering Odds!,Released,False,False,1964-09-16,97,600000,0,0.8634,5.7,51,en,,tt0058561,/3AhywIKyyom2ec8RgDxy2wTEGyg.jpg,/5L6NyLp1TowYfvM1TbTNvOTYPXL.jpg,"[{""id"": 10752, ""name"": ""War""}]","[{""id"": 60, ""logo_path"": ""/4YldLvCWQL9VIAHQ2Fu3Ffkh9Si.png"", ""name"": ""United Artists"", ""origin_country"": ""US""}, {""id"": 30200, ""logo_path"": null, ""name"": ""The Corman Company"", ""origin_country"": """"}, {""id"": 48426, ""logo_path"": null, ""name"": ""San Carlos Productions"", ""origin_country"": """"}]","[{""iso_3166_1"": ""US"", ""name"": ""United States of America""}]","[{""english_name"": ""German"", ""iso_639_1"": ""de"", ""name"": ""Deutsch""}, {""english_name"": ""Italian"", ""iso_639_1"": ""it"", ""name"": ""Italiano""}, {""english_name"": ""English"", ""iso_639_1"": ""en"", ""name"": ""English""}]","[""US""]",null
29038,The Hit,The Hit,"The Hit is the sequel to cult favorite Straight Out of Compton, in which Blair Underwood stars as Hen, an up-and-coming record executive whose goal is to bring all rival rap record labels together and form one black-owned label that gives back to the community. While building this label he crosses paths with the Mob. Suddenly he's not just fighting for his business - he's fighting for his life",,Released,False,False,2007-09-26,97,0,0,0.9587,4.0,2,en,,tt0419168,,,"[{""id"": 18, ""name"": ""Drama""}, {""id"": 53, ""name"": ""Thriller""}]",[],[],"[{""english_name"": ""English"", ""iso_639_1"": ""en"", ""name"": ""English""}]","[""US""]",null
29039,The Arena,The Arena,"Female gladiators fight to the death. Inspired by the story of Spartacus, follow the adventures of a bevy of slave girls who, upon finding themselves thrust into the gladiator ring, mount a vicious rebellion to fight their way to freedom.",See wild women fight to the death!,Released,False,False,1974-03-13,82,0,0,2.0463,5.3,47,en,,tt0069729,/rqQlMxVJWPwYM74IhEqDane2FSX.jpg,/jTbbgsAt0Vr8HHOQ2uE7VhFyBpZ.jpg,"[{""id"": 28, ""name"": ""Action""}, {""id"": 12, ""name"": ""Adventure""}]","[{""id"": 34197, ""logo_path"": null, ""name"": ""Rover Film"", ""origin_country"": """"}, {""id"": 1950, ""logo_path"": ""/eIoDtHIJKZaZ4hGbKgqC0PzlqJc.png"", ""name"": ""New World Pictures"", ""origin_country"": ""US""}, {""id"": 17103, ""logo_path"": null, ""name"": ""San Jacinto Productions"", ""origin_country"": """"}, {""id"": 1906, ""logo_path"": null, ""name"": ""Dany Film"", ""origin_country"": ""IT""}]","[{""iso_3166_1"": ""IT"", ""name"": ""Italy""}, {""iso_3166_1"": ""US"", ""name"": ""United States of America""}]","[{""english_name"": ""English"", ""iso_639_1"": ""en"", ""name"": ""English""}]","[""US""]",null
29040,Matti: Hell Is for Heroes,Matti,"Four Olympic gold medals, seven World Championship titles, four World Cup tour championships, and forty six World Cup circuit victories. Once his career as a professional athlete ended however, the other side of his personality emerged into public view in all of its vulgarity. An alcohol dependency, several marriages accompanied by numerous marital problems, petty crime, uncontrolled acts of violence, and greedy hangers-on.",,Released,False,False,2006-01-13,141,0,0,1.1476,5.5,44,fi,,tt0390245,/1UAfy9NDIlenfIjDyBHmsnDiSJP.jpg,/3TKdFiMnTMXg7lQXF2mcaJO0Mx8.jpg,"[{""id"": 18, ""name"": ""Drama""}, {""id"": 35, ""name"": ""Comedy""}]","[{""id"": 6339, ""logo_path"": ""/ufP8NkiJ9ScGLIKz7J25xKtmVvX.png"", ""name"": ""Solar Films"", ""origin_country"": ""FI""}]","[{""iso_3166_1"": ""FI"", ""name"": ""Finland""}]","[{""english_name"": ""Finnish"", ""iso_639_1"": ""fi"", ""name"": ""suomi""}]","[""FI""]",null
29041,The Devastator,The Devastator,This war's in your own backyard. Violent warfare erupts in Northern California when Vietnam vet Deacon Porter reassembles his Combat Strike Force to avenge the death of a commanding officer.,,Released,False,False,1986-12-01,79,0,0,0.6619,4.4,8,en,,tt0089023,/9T2l80ismzQvqK7xEveOkX46Sb8.jpg,/3kqUHGjb0NIu68zx2KLY1al6RK4.jpg,"[{""id"": 28, ""name"": ""Action""}]","[{""id"": 4527, ""logo_path"": null, ""name"": ""Concorde Pictures"", ""origin_country"": ""US""}]","[{""iso_3166_1"": ""PH"", ""name"": ""Philippines""}, {""iso_3166_1"": ""US"", ""name"": ""United States of America""}]","[{""english_name"": ""English"", ""iso_639_1"": ""en"", ""name"": ""English""}]","[""US""]",null
29043,The White Hell of Pitz Palu,Die weiße Hölle vom Piz Palü,"Dr. Johannes Krafft climbs a 12,000-foot mountain over and over again to search for his wife, who was lost on their honeymoon. Another couple makes the dangerous climb with him.",,Released,False,False,1929-10-10,150,0,0,0.3874,6.9,26,de,,tt0020570,/b70oc25pi85XI0R4mSPuG78BNoQ.jpg,/3MmOT50aI8QVR9s3tS8GrgDPQ04.jpg,"[{""id"": 18, ""name"": ""Drama""}, {""id"": 12, ""name"": ""Adventure""}]","[{""id"": 2078, ""logo_path"": null, ""name"": ""Sokal-Film GmbH"", ""origin_country"": """"}, {""id"": 46149, ""logo_path"": null, ""name"": ""H.T.-Film"", ""origin_country"": """"}]","[{""iso_3166_1"": ""DE"", ""name"": ""Germany""}]","[{""english_name"": ""No Language"", ""iso_639_1"": ""xx"", ""name"": ""No Language""}]","[""DE""]",null
29044,Street Fight,Street Fight,"This documentary follows the 2002 mayoral campaign in Newark, New Jersey, in which a City Councilman, Cory Booker, attempted to unseat longtime mayor Sharpe James.",Sometimes elections are won and lost in the streets...,Released,False,False,2005-04-23,83,0,0,0.5424,6.8,28,en,,tt0457496,/1abhRslbpFUSCLD5S4cA3nvu4Kx.jpg,/9jQ1HfaioDfPqlGD52cpTEDi3Sq.jpg,"[{""id"": 99, ""name"": ""Documentary""}]","[{""id"": 96238, ""logo_path"": null, ""name"": ""Marshall Curry Productions"", ""origin_country"": """"}]","[{""iso_3166_1"": ""US"", ""name"": ""United States of America""}]","[{""english_name"": ""English"", ""iso_639_1"": ""en"", ""name"": ""English""}]","[""US""]",null
29046,Scorpius Gigantus,Scorpius Gigantus,"Geneticist seeks to make a name for herself by saving the planet from disease by using eons-old antibodies, harvested from enlarged six legged creatures. The creatures don't like being big and escape. Send for help.",,Released,False,False,2006-07-25,91,210000,0,0.5581,2.3,12,en,,tt0443629,/lnlOyMknh7gFIrZ9hrsVQUNWVB1.jpg,,"[{""id"": 27, ""name"": ""Horror""}, {""id"": 878, ""name"": ""Science Fiction""}]","[{""id"": 19616, ""logo_path"": null, ""name"": ""L&P Productions"", ""origin_country"": """"}, {""id"": 4893, ""logo_path"": null, ""name"": ""New Concorde"", ""origin_country"": """"}]","[{""iso_3166_1"": ""US"", ""name"": ""United States of America""}]","[{""english_name"": ""English"", ""iso_639_1"": ""en"", ""name"": ""English""}]","[""US""]",null
29047,The Kid Stays in the Picture,The Kid Stays in the Picture,"Documentary about legendary Paramount producer Robert Evans, based on his famous 1994 autobiography.","Success, scandal, sex, tragedy, infamy. And that's just the first reel...",Released,False,False,2002-08-16,93,40000,1434436,0.5636,6.562,97,en,http://www.kidstaysinthepicture.com/,tt0303353,/wQd4tf308KGwbUZeoDLPxgYqhiv.jpg,/y3bebCmOJ32gzLKpghjKcRoKFRi.jpg,"[{""id"": 99, ""name"": ""Documentary""}]","[{""id"": 73331, ""logo_path"": null, ""name"": ""Ministry of Propaganda Films"", ""origin_country"": """"}, {""id"": 73332, ""logo_path"": null, ""name"": ""Woodland Pictures LLC"", ""origin_country"": """"}, {""id"": 73333, ""logo_path"": null, ""name"": ""Highway Films"", ""origin_country"": """"}, {""id"": 94856, ""logo_path"": null, ""name"": ""Robert Evans Productions"", ""origin_country"": ""US""}]","[{""iso_3166_1"": ""US"", ""name"": ""United States of America""}]","[{""english_name"": ""English"", ""iso_639_1"": ""en"", ""name"": ""English""}]","[""US""]",null
29048,How I Won the War,How I Won the War,An inept British WWII commander leads his troops to a series of misadventures in North Africa and Europe.,"""There's been some marvelous advances in surgery, thanks to war!""",Released,False,False,1967-10-18,109,0,0,2.2541,5.5,36,en,,tt0061789,/m3m6WC9JEKpCNht26OcFEDVU3V1.jpg,/kWI4YmipuIfVhjt3Pe9I9xaqoXx.jpg,"[{""id"": 35, ""name"": ""Comedy""}, {""id"": 10752, ""name"": ""War""}]","[{""id"": 33934, ""logo_path"": null, ""name"": ""Petersham Pictures"", ""origin_country"": """"}]","[{""iso_3166_1"": ""GB"", ""name"": ""United Kingdom""}]","[{""english_name"": ""English"", ""iso_639_1"": ""en"", ""name"": ""English""}]","[""US"", ""GB""]",null
29049,The Plague of the Zombies,The Plague of the Zombies,"Sir James Forbes arrives in a remote Cornish village to identify a mysterious plague afflicting the population. He discovers that one of the squires is a disciple of Haitian witchcraft and using dark magic to resurrect the dead. As the plan to create undead servants unravels, the squire unleashes his zombie army on the unsuspecting village.",Only The Lord Of The Dead Could Unleash Them!,Released,False,False,1966-01-12,91,0,0,1.184,6.4,149,en,,tt0060841,/yFme66bZIpOzBlTNZvCxlQzuML.jpg,/nSQrwzDH3FX0nbpFSaphjKx3ipL.jpg,"[{""id"": 27, ""name"": ""Horror""}]","[{""id"": 1314, ""logo_path"": ""/gQBluDqe6dc2ZdzfJbabEHoSGoG.png"", ""name"": ""Hammer Film Productions"", ""origin_country"": ""GB""}, {""id"": 516, ""logo_path"": ""/ibZFDcpmcpY0emmO8mo1HCenlGk.png"", ""name"": ""Seven Arts Productions"", ""origin_country"": ""US""}]","[{""iso_3166_1"": ""GB"", ""name"": ""United Kingdom""}]","[{""english_name"": ""English"", ""iso_639_1"": ""en"", ""name"": ""English""}]","[""GB""]",null
29050,Slaughter Studios,Slaughter Studios,"Slaughter Studios has a legendary reputation as the place where a slew of classic low-budget horror movies were made. Long since abandoned and now in ruins, a group of aspiring filmmakers led by director Steve decide to break into Slaughter Studios so they can shoot one last B-grade creature feature on the premises before it meets the wrecking ball. However, things go awry when Slaughter Studios proves to be the stalking grounds of a vicious psycho.",The Place Where Nightmares Come True,Released,False,False,2002-12-31,85,40000,0,0.7578,3.8,9,en,,tt0299966,/k0GHMOS1Yw5GdonXxcUQNZripuP.jpg,,"[{""id"": 27, ""name"": ""Horror""}, {""id"": 35, ""name"": ""Comedy""}]","[{""id"": 4688, ""logo_path"": null, ""name"": ""Concorde-New Horizons"", ""origin_country"": ""US""}]","[{""iso_3166_1"": ""US"", ""name"": ""United States of America""}]","[{""english_name"": ""English"", ""iso_639_1"": ""en"", ""name"": ""English""}]","[""US""]",null
29052,The Reptile,The Reptile,"Harry and Valerie Spalding arrive in the remote Cornish village to an unwelcoming and suspicious population. Harry's brother dies suddenly, bitten by a lethal reptilian bite. They befriend a young woman Anna whose tyrannical father controls her life and, as they discover that others in the village have suffered a similar fate, their investigations lead to Anna. What they uncover is a victim of the most terrifying legacy... a destiny of mutilation and murder.",Half woman - half snake!,Released,False,False,1966-03-06,90,0,0,1.7978,6.1,102,en,,tt0060893,/pyDCGewLquVYjXSL0SifoCtlyeZ.jpg,/4Ah1aUVniy6fw3s3z4ijmHnhrKn.jpg,"[{""id"": 27, ""name"": ""Horror""}]","[{""id"": 1314, ""logo_path"": ""/gQBluDqe6dc2ZdzfJbabEHoSGoG.png"", ""name"": ""Hammer Film Productions"", ""origin_country"": ""GB""}]","[{""iso_3166_1"": ""GB"", ""name"": ""United Kingdom""}]","[{""english_name"": ""English"", ""iso_639_1"": ""en"", ""name"": ""English""}]","[""US"", ""GB""]",null
29053,Wolfhound,Wolfhound,Colum Kennedy went with his family to an Irish village to visit the places of origin of their ancestors. Once he arrived in the village realizes that the community is populated by beastly shape-shifting beings able to transform into animals. Colum begins to feel an intense passion for a woman who can transform into a wolf and must make a choice: return to his family and bring her home or to give in to temptation.,Beware the Beast Within,Released,False,False,2002-08-26,80,0,0,0.5906,3.2,10,en,,tt0328655,/eQEsnDk3z06OSeXgz8dhjbyXwPb.jpg,/bQXVakVJgn2lnoAOJguvSrwwNZZ.jpg,"[{""id"": 27, ""name"": ""Horror""}, {""id"": 53, ""name"": ""Thriller""}]","[{""id"": 27539, ""logo_path"": null, ""name"": ""Transpacific Corp."", ""origin_country"": """"}, {""id"": 35977, ""logo_path"": null, ""name"": ""Califilm"", ""origin_country"": ""US""}]","[{""iso_3166_1"": ""IE"", ""name"": ""Ireland""}, {""iso_3166_1"": ""US"", ""name"": ""United States of America""}]","[{""english_name"": ""English"", ""iso_639_1"": ""en"", ""name"": ""English""}]","[""US""]",null
29054,Black Scorpion II: Aftershock,Black Scorpion II: Aftershock,"Darcy is back on the force, but still fights on as the Black Scorpion because ""it's in her nature."" This time, she fights Gangster Prankster; and a new villian emerges when the Mayor tries to protect his federal earthquake relief money: Aftershock. When the two villians team up and kidnap Argyle's girlfriend, Black Scorpion is faced with the theft of the Scorpionmobile and the imminent destruction of Angel City.",Seductive and Beautiful. But Lethal.,Released,False,False,1997-05-13,85,0,0,1.0765,4.7,19,en,,tt0115696,/lVBtdEDMUVh5h8KMzF6CHdnLzdJ.jpg,/ldGOKk4VFnLQEUdrjV4QkXGrGW1.jpg,"[{""id"": 28, ""name"": ""Action""}, {""id"": 12, ""name"": ""Adventure""}, {""id"": 878, ""name"": ""Science Fiction""}]","[{""id"": 4688, ""logo_path"": null, ""name"": ""Concorde-New Horizons"", ""origin_country"": ""US""}]","[{""iso_3166_1"": ""US"", ""name"": ""United States of America""}]","[{""english_name"": ""English"", ""iso_639_1"": ""en"", ""name"": ""English""}]","[""US""]","{""id"": 319644, ""name"": ""Black Scorpion Collection"", ""poster_path"": ""/2VElVkdu97DSQUog6aId4dYsaqF.jpg"", ""backdrop_path"": null}"
29055,Sting of the Black Scorpion,Sting of the Black Scorpion,"Cop by day, masked crusader by night, the fearless and sultry Black Scorpion must protect the City of Angels from a deadly trio of villains... the prosthetic machine gun Firearm, the time-controlling Clockwise, and vision-stealing Flashpoint.",FEEL HER STING,Released,False,False,2002-11-06,84,0,0,0.9942,5.2,9,en,,tt0341595,/ilqVN4fYuRLeLOL3rVicugp2TFX.jpg,,"[{""id"": 28, ""name"": ""Action""}, {""id"": 878, ""name"": ""Science Fiction""}]","[{""id"": 4893, ""logo_path"": null, ""name"": ""New Concorde"", ""origin_country"": """"}, {""id"": 4688, ""logo_path"": null, ""name"": ""Concorde-New Horizons"", ""origin_country"": ""US""}]","[{""iso_3166_1"": ""US"", ""name"": ""United States of America""}]","[{""english_name"": ""English"", ""iso_639_1"": ""en"", ""name"": ""English""}]","[""US""]","{""id"": 319644, ""name"": ""Black Scorpion Collection"", ""poster_path"": ""/2VElVkdu97DSQUog6aId4dYsaqF.jpg"", ""backdrop_path"": null}"
29056,The Raven,The Raven,A magician who has been turned into a raven turns to a former sorcerer for help.,The Macabre Masterpiece of Terror!,Released,False,False,1963-01-23,86,350000,1499275,2.4548,6.3,275,en,,tt0057449,/tt7m22ki1raa0NrvesawJgsQ4Jn.jpg,/y4DdIOaqH2PD9zpvx2IqzSvGiBw.jpg,"[{""id"": 35, ""name"": ""Comedy""}, {""id"": 27, ""name"": ""Horror""}, {""id"": 14, ""name"": ""Fantasy""}, {""id"": 18, ""name"": ""Drama""}]","[{""id"": 4820, ""logo_path"": null, ""name"": ""Alta Vista Productions"", ""origin_country"": """"}, {""id"": 9266, ""logo_path"": ""/lRinQ7scVye5N8qkUIoCB4QXbRh.png"", ""name"": ""American International Pictures"", ""origin_country"": ""US""}]","[{""iso_3166_1"": ""US"", ""name"": ""United States of America""}]","[{""english_name"": ""English"", ""iso_639_1"": ""en"", ""name"": ""English""}]","[""US""]",null
29057,Monster from the Ocean Floor,Monster from the Ocean Floor,"Julie, an American on vacation in Mexico, spots a giant, one-eyed amoeba rising from the ocean, but when she tries to tell the authorities, no one believes her. She finally teams up with a marine biologist in an attempt to destroy it.",Terror Strikes!...From Beneath the Sea,Released,False,False,1954-05-21,64,12000,117000,0.5025,3.6,17,en,,tt0047244,/aoVlZnCxzVaXcW8UBtaoQM6ETNn.jpg,/sKrmkqlbKbYhGDlrxL6P9Vw3Ner.jpg,"[{""id"": 878, ""name"": ""Science Fiction""}, {""id"": 27, ""name"": ""Horror""}]","[{""id"": 3733, ""logo_path"": null, ""name"": ""Palo Alto Productions"", ""origin_country"": """"}]","[{""iso_3166_1"": ""US"", ""name"": ""United States of America""}]","[{""english_name"": ""English"", ""iso_639_1"": ""en"", ""name"": ""English""}]","[""US""]",null
29058,The Beast with a Million Eyes,The Beast with a Million Eyes,"At a decrepit farm outside a remote American desert community, something takes over the minds of some of the local humans and animals and is able to see through their eyes and control their actions.",An unspeakable horror... Destroying... Terrifying!,Released,False,False,1955-06-15,78,23000,0,1.1181,3.7,39,en,,tt0048991,/nOtqEDKPBdGysXfJl4xfqghgS3Z.jpg,/zavNGZK2p9H7N9CdnHg0flV1maZ.jpg,"[{""id"": 878, ""name"": ""Science Fiction""}, {""id"": 27, ""name"": ""Horror""}]","[{""id"": 76329, ""logo_path"": null, ""name"": ""American Releasing Corporation (ARC)"", ""origin_country"": """"}, {""id"": 8599, ""logo_path"": null, ""name"": ""San Mateo Productions"", ""origin_country"": """"}, {""id"": 9266, ""logo_path"": ""/lRinQ7scVye5N8qkUIoCB4QXbRh.png"", ""name"": ""American International Pictures"", ""origin_country"": ""US""}]","[{""iso_3166_1"": ""US"", ""name"": ""United States of America""}]","[{""english_name"": ""English"", ""iso_639_1"": ""en"", ""name"": ""English""}]","[""US""]",null
29059,Naked Paradise,Naked Paradise,"Gangster Zac Cotton and his two henchmen, Mitch and Sonny, try to get a boat to get off a tropical island after a botched robbery heist.",Temptation and terror... in a savage land of wild desire!,Released,False,False,1957-01-01,68,90000,0,0.6312,3.8,4,en,,tt0050748,/2HQXBRJf6PerVs1RyWIMgM8rjtp.jpg,/fzGTe9WgH81gO5izLmZTPoRlPuX.jpg,"[{""id"": 18, ""name"": ""Drama""}]","[{""id"": 120550, ""logo_path"": null, ""name"": ""Sunset Productions"", ""origin_country"": """"}, {""id"": 9266, ""logo_path"": ""/lRinQ7scVye5N8qkUIoCB4QXbRh.png"", ""name"": ""American International Pictures"", ""origin_country"": ""US""}]","[{""iso_3166_1"": ""US"", ""name"": ""United States of America""}]","[{""english_name"": ""English"", ""iso_639_1"": ""en"", ""name"": ""English""}]","[""US""]",null
29060,Diary of a Madman,Diary of a Madman,"Simon Cordier, a French magistrate and amateur sculptor comes into contact with a malevolent entity. The invisible - yet corporeal - being, called a ""horla"" is capable of limited psychokinesis and complete mind control.",The most terrifying motion picture ever!,Released,False,False,1963-03-06,96,0,0,1.1349,6.0,64,en,,tt0056993,/mvsJcPEghB6YhG06FMYjtkoMCfr.jpg,/swWKnAUfjnYDthXDPCbnGk2nKt3.jpg,"[{""id"": 27, ""name"": ""Horror""}]","[{""id"": 60, ""logo_path"": ""/4YldLvCWQL9VIAHQ2Fu3Ffkh9Si.png"", ""name"": ""United Artists"", ""origin_country"": ""US""}, {""id"": 11735, ""logo_path"": null, ""name"": ""Robert E. Kent Productions"", ""origin_country"": """"}]","[{""iso_3166_1"": ""US"", ""name"": ""United States of America""}]","[{""english_name"": ""English"", ""iso_639_1"": ""en"", ""name"": ""English""}]","[""US""]",null
29062,Day the World Ended,Day the World Ended,"After a nuclear attack, an unlikely group of survivors, including a geologist, a crook and his moll, and a prospector,  find temporary shelter in the remote-valley home of a survivalist and his beautiful daughter, but soon have to deal with the spread of radioactivity - and its effects on animal life, including humans.",ATTACKED... by a creature from hell!,Released,False,False,1955-12-01,79,0,0,1.412,4.9,70,en,,tt0049128,/whivmoD8QfIfJnO87l2juWY8uoW.jpg,/yhSSPNQm9ngaousW5xY8zYK3VkE.jpg,"[{""id"": 27, ""name"": ""Horror""}, {""id"": 878, ""name"": ""Science Fiction""}]","[{""id"": 53363, ""logo_path"": null, ""name"": ""Selma Enterprises"", ""origin_country"": """"}, {""id"": 14572, ""logo_path"": null, ""name"": ""Golden State Productions"", ""origin_country"": """"}, {""id"": 76329, ""logo_path"": null, ""name"": ""American Releasing Corporation (ARC)"", ""origin_country"": """"}, {""id"": 9266, ""logo_path"": ""/lRinQ7scVye5N8qkUIoCB4QXbRh.png"", ""name"": ""American International Pictures"", ""origin_country"": ""US""}]","[{""iso_3166_1"": ""US"", ""name"": ""United States of America""}]","[{""english_name"": ""French"", ""iso_639_1"": ""fr"", ""name"": ""Fran\u00e7ais""}, {""english_name"": ""English"", ""iso_639_1"": ""en"", ""name"": ""English""}]","[""US""]",null
29063,The Biggest Fan,The Biggest Fan,"Dreams come true for  young girl (Kayla Amariah) when her idol, heartthrob Chris Trousdale from the boy band Dream Street, must hide out and live in her house.",,Released,False,False,2002-01-01,93,0,0,1.0927,6.6,8,en,,tt0300996,/cDR1nc6fBirhr5fn2NHekyCDBej.jpg,/7zbdytcMyNEf3MStITRJdF6hDDp.jpg,"[{""id"": 35, ""name"": ""Comedy""}, {""id"": 10749, ""name"": ""Romance""}]","[{""id"": 37009, ""logo_path"": null, ""name"": ""Tritan Northstar Entertainment"", ""origin_country"": """"}, {""id"": 37006, ""logo_path"": null, ""name"": ""One Chance Productions Inc."", ""origin_country"": """"}, {""id"": 37007, ""logo_path"": null, ""name"": ""Pervasys Inc."", ""origin_country"": """"}, {""id"": 37010, ""logo_path"": null, ""name"": ""Triton Film Group"", ""origin_country"": """"}]","[{""iso_3166_1"": ""US"", ""name"": ""United States of America""}]","[{""english_name"": ""English"", ""iso_639_1"": ""en"", ""name"": ""English""}]","[""US""]",null
29064,The Omega Code,The Omega Code,An ancient prophecy is about to be fulfilled as a secret code brings the world to the edge of apocalypse.,,Released,False,False,1999-10-15,100,7200000,12614346,1.5115,4.5,56,en,,tt0203408,/vU73cxp7kxi5142nYZVzRibF5QP.jpg,/wxA5jOKYwJWWFCXkOF5JNfXy3u1.jpg,"[{""id"": 53, ""name"": ""Thriller""}, {""id"": 14, ""name"": ""Fantasy""}, {""id"": 18, ""name"": ""Drama""}]","[{""id"": 4897, ""logo_path"": null, ""name"": ""Code Productions"", ""origin_country"": """"}, {""id"": 3957, ""logo_path"": null, ""name"": ""Gener8Xion Entertainment"", ""origin_country"": """"}, {""id"": 72874, ""logo_path"": null, ""name"": ""Providence Entertainment"", ""origin_country"": ""US""}]","[{""iso_3166_1"": ""US"", ""name"": ""United States of America""}]","[{""english_name"": ""Italian"", ""iso_639_1"": ""it"", ""name"": ""Italiano""}, {""english_name"": ""English"", ""iso_639_1"": ""en"", ""name"": ""English""}]","[""US""]","{""id"": 122947, ""name"": ""The Omega Code Collection"", ""poster_path"": ""/xyrmNL2XbSQpnY6HsMee673LrRq.jpg"", ""backdrop_path"": null}"
29065,War of the Satellites,War of the Satellites,"An ""unknown force"" declares war against planet Earth when the United Nations disobeys warnings to cease and desist in its attempts at assembling the first satellite in the atmosphere.","Life magazine says - ""The ultimate in scientific monsters""",Released,False,False,1958-05-18,66,0,0,1.0332,5.1,37,en,,tt0052379,/sMVAUWyl3JDtzYmwmlTPOOiJa2g.jpg,/xn34kB6xSwAd8AlHLc6gZ2EmNfC.jpg,"[{""id"": 878, ""name"": ""Science Fiction""}, {""id"": 27, ""name"": ""Horror""}]","[{""id"": 4928, ""logo_path"": null, ""name"": ""Allied Artists Pictures"", ""origin_country"": ""US""}, {""id"": 15302, ""logo_path"": null, ""name"": ""Santa Cruz Productions Inc."", ""origin_country"": """"}]","[{""iso_3166_1"": ""US"", ""name"": ""United States of America""}]","[{""english_name"": ""English"", ""iso_639_1"": ""en"", ""name"": ""English""}]","[""US""]",null
29066,Atlas,Atlas,"Evil king Praximedes convinces superhero Atlas to fight for him, but Atlas eventually sees the king's true nature and turns against him.","Feared by Every Man, Desired by Every Woman!",Released,False,False,1961-05-01,79,70000,0,0.5535,3.1,11,en,,tt0053610,/4Ydqzv9bxgxhFGS7syokvI7yX2X.jpg,/ocBC0WYzxvt2Ww6NbnMH2Bmn9W.jpg,"[{""id"": 12, ""name"": ""Adventure""}, {""id"": 28, ""name"": ""Action""}, {""id"": 14, ""name"": ""Fantasy""}]","[{""id"": 12119, ""logo_path"": null, ""name"": ""Beacon Films Inc."", ""origin_country"": """"}, {""id"": 13733, ""logo_path"": null, ""name"": ""The Filmgroup"", ""origin_country"": ""US""}, {""id"": 14047, ""logo_path"": null, ""name"": ""Roger Corman Productions"", ""origin_country"": ""US""}]","[{""iso_3166_1"": ""US"", ""name"": ""United States of America""}]","[{""english_name"": ""English"", ""iso_639_1"": ""en"", ""name"": ""English""}]","[""US""]",null
29067,"Die, Monster, Die!","Die, Monster, Die!","A young man visits his fiancé's estate to discover that her wheelchair-bound scientist father has discovered a meteorite that emits mutating radiation rays that have turned the plants in his greenhouse to giants. When his own wife falls victim to this mysterious power, the old man takes it upon himself to destroy the glowing object with disastrous results.",No one can stop this killing machine....It's Already Dead!!!,Released,False,False,1965-10-26,80,0,0,1.5988,5.591,66,en,,tt0059465,/zv7z3cfHGg9TwDfInxsSRAzWc6z.jpg,/D3UNx7Kt8bjlHDDbqyIsgbDFkk.jpg,"[{""id"": 878, ""name"": ""Science Fiction""}, {""id"": 27, ""name"": ""Horror""}]","[{""id"": 4820, ""logo_path"": null, ""name"": ""Alta Vista Productions"", ""origin_country"": """"}, {""id"": 9266, ""logo_path"": ""/lRinQ7scVye5N8qkUIoCB4QXbRh.png"", ""name"": ""American International Pictures"", ""origin_country"": ""US""}]","[{""iso_3166_1"": ""GB"", ""name"": ""United Kingdom""}, {""iso_3166_1"": ""US"", ""name"": ""United States of America""}]","[{""english_name"": ""English"", ""iso_639_1"": ""en"", ""name"": ""English""}]","[""GB""]",null
29068,Angels Hard as They Come,Angels Hard as They Come,"A group of crazy bikers meet up with a group of drug-addicted hippies in a small town, but the two roving factions are soon at odds with one another and chaos ensues.",An eye for an eye... a piece for a piece.,Released,False,False,1971-09-01,85,0,0,1.2234,4.4,12,en,,tt0066771,/jBY9tOiXhNejjlThosOtojnI1gn.jpg,/jAnAskUphsccIc1B9ZkOklkTokv.jpg,"[{""id"": 28, ""name"": ""Action""}, {""id"": 18, ""name"": ""Drama""}, {""id"": 53, ""name"": ""Thriller""}]","[{""id"": 1950, ""logo_path"": ""/eIoDtHIJKZaZ4hGbKgqC0PzlqJc.png"", ""name"": ""New World Pictures"", ""origin_country"": ""US""}]","[{""iso_3166_1"": ""US"", ""name"": ""United States of America""}]","[{""english_name"": ""English"", ""iso_639_1"": ""en"", ""name"": ""English""}]","[""US""]",null
29069,The Velvet Vampire,The Velvet Vampire,"A married couple accept the invitation of mysterious vixen Diane LeFanu to visit her in her secluded desert estate. Tensions arise when the couple, unaware at first that Diane is a centuries-old vampire, realize that they are both objects of the pale temptress' seductions.",She's waiting to love you... to death!,Released,False,False,1971-10-13,80,0,0,0.7951,4.4,36,en,,tt0067929,/ezoPhwnnb25QWETr7EpOph7gumz.jpg,/dpWZxkPozRADR62L7j0hg3LEjbB.jpg,"[{""id"": 27, ""name"": ""Horror""}]","[{""id"": 1950, ""logo_path"": ""/eIoDtHIJKZaZ4hGbKgqC0PzlqJc.png"", ""name"": ""New World Pictures"", ""origin_country"": ""US""}]","[{""iso_3166_1"": ""US"", ""name"": ""United States of America""}]","[{""english_name"": ""English"", ""iso_639_1"": ""en"", ""name"": ""English""}]","[""US""]",null
29070,Blood Bath,Blood Bath,"A painter of morbid art, who becomes a murderous vampire by night and kills young women, attempts a daytime relationship with a woman who resembles a former love and is also the sister of one of his victims.",The shrieking of mutilated victims caged in a black pit of horror!,Released,False,False,1966-03-02,62,0,0,1.0697,5.5,30,en,,tt0060174,/cTDOq2bYILUE2nxhKdvnxINpZ7Q.jpg,/w2nW90hk8t4gjcVW1VWAF3rC8PD.jpg,"[{""id"": 27, ""name"": ""Horror""}]","[{""id"": 5940, ""logo_path"": ""/pJR6Hhx3FsRPzoh4LyJyHEa6cD3.png"", ""name"": ""Avala Film"", ""origin_country"": ""YU""}, {""id"": 13984, ""logo_path"": null, ""name"": ""Jack Hill Productions"", ""origin_country"": ""US""}, {""id"": 9266, ""logo_path"": ""/lRinQ7scVye5N8qkUIoCB4QXbRh.png"", ""name"": ""American International Pictures"", ""origin_country"": ""US""}]","[{""iso_3166_1"": ""US"", ""name"": ""United States of America""}, {""iso_3166_1"": ""YU"", ""name"": ""Yugoslavia""}]","[{""english_name"": ""English"", ""iso_639_1"": ""en"", ""name"": ""English""}]","[""US""]",null
29071,The Undead,The Undead,"Two psychics place a prostitute under hypnosis in order to learn about her past-life experiences. When they unwittingly send her back in time, she finds herself in the Middle Ages, suspected of being a witch and on the verge of being executed.",Terror... that screams from the grave!,Released,False,False,1957-03-01,71,70000,0,1.4312,4.4,44,en,,tt0051128,/osMONnDvj0QLSOR0pQR3HwVCVSG.jpg,/x8MKgch9AcoJ7eibjdl65ATTbVI.jpg,"[{""id"": 27, ""name"": ""Horror""}, {""id"": 14, ""name"": ""Fantasy""}]","[{""id"": 14047, ""logo_path"": null, ""name"": ""Roger Corman Productions"", ""origin_country"": ""US""}]","[{""iso_3166_1"": ""US"", ""name"": ""United States of America""}]","[{""english_name"": ""English"", ""iso_639_1"": ""en"", ""name"": ""English""}, {""english_name"": ""French"", ""iso_639_1"": ""fr"", ""name"": ""Fran\u00e7ais""}]","[""US""]",null
29072,Night of the Zombies,Night of the Zombies,"Investigators search for soldiers' missing bodies, and hear unbelievable rumors about zombies. Dismissing those rumors they set out to investigate. After two men are found dead, CIA special-agent Nick Monroe is sent to flush out what are suspected to be deserters from the old U.S. Army Chemical Corps unit. Not to be confused with the 1980 Italian film of the same name (in USA).",No one can survive this outpost from Hell...,Released,False,False,1981-06-01,78,0,0,0.832,3.8,4,en,,tt0082815,/gVGCsYvv1WhnUKiaPNbhKpVq8vL.jpg,/bs0yLBwIWy6h8wHpTpSHkA1gpnO.jpg,"[{""id"": 27, ""name"": ""Horror""}]",[],"[{""iso_3166_1"": ""US"", ""name"": ""United States of America""}]","[{""english_name"": ""English"", ""iso_639_1"": ""en"", ""name"": ""English""}]","[""US""]",null
29073,Hitch Hike to Hell,Hitch Hike to Hell,"Howard is mild-mannered and slightly simple-minded, with a habit of picking up teenage hitchhikers while driving his delivery routes. Sometimes the girls admit to being runaways, and if they claim to hate their mothers it drives Howard into a violent frenzy; his sister ran away from home years ago and was never heard from again, causing his desperate, addled mother to tighten her hold on him. Howard never remembers raping his victims or strangling them with wire coat hangers, though his boss does notice missed deliveries and late arrivals.",There is no such thing as a free ride!!,Released,False,False,1977-01-01,88,0,0,0.4312,5.0,16,en,,tt0140174,/79FQkYyA1EKGYyRWjGvtitF9kZY.jpg,/8x2No6tOsJG7XqWzeNEMrsfsPPf.jpg,"[{""id"": 80, ""name"": ""Crime""}, {""id"": 9648, ""name"": ""Mystery""}]","[{""id"": 50423, ""logo_path"": null, ""name"": ""A.B.A. Film Corporation"", ""origin_country"": """"}, {""id"": 15346, ""logo_path"": null, ""name"": ""Boxoffice International Pictures (BIP)"", ""origin_country"": ""US""}]","[{""iso_3166_1"": ""US"", ""name"": ""United States of America""}]","[{""english_name"": ""English"", ""iso_639_1"": ""en"", ""name"": ""English""}]","[""US""]",null
29074,Tales of Terror,Tales of Terror,"Three stories adapted from the work of Edgar Allen Poe:  1) A man and his daughter are reunited, but the blame for the death of his wife hangs over them, unresolved.  2) A derelict challenges the local wine-tasting champion to a competition, but finds the man's attention to his wife worthy of more dramatic action.  3) A man dying and in great pain agrees to be hypnotized at the moment of death, with unexpected consequences.",A Trilogy of Shock and Horror!,Released,False,False,1962-07-04,89,0,0,1.6128,6.7,201,en,,tt0056552,/itHjXJLzxeUsPsruQV3r79egxaO.jpg,/mgAI18Wmr11XWTVEc0KG49NsrRG.jpg,"[{""id"": 27, ""name"": ""Horror""}, {""id"": 35, ""name"": ""Comedy""}, {""id"": 9648, ""name"": ""Mystery""}, {""id"": 53, ""name"": ""Thriller""}]","[{""id"": 4820, ""logo_path"": null, ""name"": ""Alta Vista Productions"", ""origin_country"": """"}, {""id"": 9266, ""logo_path"": ""/lRinQ7scVye5N8qkUIoCB4QXbRh.png"", ""name"": ""American International Pictures"", ""origin_country"": ""US""}]","[{""iso_3166_1"": ""US"", ""name"": ""United States of America""}]","[{""english_name"": ""English"", ""iso_639_1"": ""en"", ""name"": ""English""}]","[""US""]",null
29075,"The Horror at 37,000 Feet","The Horror at 37,000 Feet",A commercial-jet captain (Chuck Connors) has ghosts on board from stones of an English abbey being shipped overseas.,,Released,False,False,1973-02-13,74,0,0,0.942,4.8,30,en,,tt0068715,/9lwJMbMKBvG7mxDP8BLzLAOaT7S.jpg,/fj1yqG58fxccSVrhsgvwPQxttbd.jpg,"[{""id"": 10770, ""name"": ""TV Movie""}, {""id"": 27, ""name"": ""Horror""}, {""id"": 18, ""name"": ""Drama""}]","[{""id"": 4898, ""logo_path"": ""/nm8d7P7MJNiBLdgIzUK0gkuEA4r.png"", ""name"": ""CBS"", ""origin_country"": ""US""}]","[{""iso_3166_1"": ""US"", ""name"": ""United States of America""}]","[{""english_name"": ""English"", ""iso_639_1"": ""en"", ""name"": ""English""}]","[""US""]",null
29076,Gun Shy,Gun Shy,"Legendary undercover DEA agent Charlie Mayough has suddenly lost his nerves of steel. On the verge of a career-induced mental breakdown, and in complete fear of trigger-happy Mafia leader Fulvio Nesstra, Charlie seeks psychiatric help and finds himself relying on the support of an unstable therapy group and nurse Judy just to get through his work.",The Agency's best has a bad case of nerves.,Released,False,False,2000-02-04,101,10000000,1600000,2.5079,5.2,148,en,,tt0171356,/iMCuGjQu5LsS6hyr5KmRDNqcomy.jpg,/4bAq4bkYgLrg2b36uDucxbFf8cl.jpg,"[{""id"": 28, ""name"": ""Action""}, {""id"": 35, ""name"": ""Comedy""}, {""id"": 10749, ""name"": ""Romance""}, {""id"": 53, ""name"": ""Thriller""}]","[{""id"": 4258, ""logo_path"": ""/2AAcFwLxc1yble95qTSi6QfxKRa.png"", ""name"": ""Fortis Films"", ""origin_country"": ""US""}, {""id"": 915, ""logo_path"": ""/4neXXpjSJDZPBGBnfWtqysB5htV.png"", ""name"": ""Hollywood Pictures"", ""origin_country"": ""US""}]","[{""iso_3166_1"": ""US"", ""name"": ""United States of America""}]","[{""english_name"": ""English"", ""iso_639_1"": ""en"", ""name"": ""English""}]","[""US""]",null
29077,The Bride,The Bride,"Doctor Frankenstein creates a mate for his monster, a woman called Eva, who promptly rejects the male creature. In turn, the doctor becomes obsessed with Eva, and tries to make her a perfect Victorian woman.",A woman born of electricity. A man driven by obsession.,Released,False,False,1985-08-16,114,13000000,3558669,2.2998,5.3,85,en,,tt0088851,/a5cCwJEnVSPtTqHgIE9UxHIoWFl.jpg,/x87Oiv4cNJsJA5l1DayKjIcyK5e.jpg,"[{""id"": 18, ""name"": ""Drama""}, {""id"": 27, ""name"": ""Horror""}, {""id"": 10749, ""name"": ""Romance""}, {""id"": 878, ""name"": ""Science Fiction""}]","[{""id"": 5, ""logo_path"": ""/71BqEFAF4V3qjjMPCpLuyJFB9A.png"", ""name"": ""Columbia Pictures"", ""origin_country"": ""US""}, {""id"": 35061, ""logo_path"": null, ""name"": ""Colgems Productions Ltd."", ""origin_country"": ""GB""}, {""id"": 110813, ""logo_path"": null, ""name"": ""Lee International Studios"", ""origin_country"": ""GB""}, {""id"": 3088, ""logo_path"": null, ""name"": ""Tri-Star-Delphi III Productions"", ""origin_country"": ""US""}]","[{""iso_3166_1"": ""GB"", ""name"": ""United Kingdom""}, {""iso_3166_1"": ""US"", ""name"": ""United States of America""}]","[{""english_name"": ""English"", ""iso_639_1"": ""en"", ""name"": ""English""}]","[""GB"", ""US""]",null
29078,The Game of Their Lives,The Game of Their Lives,"During the 1950 World Cup, the hastily assembled U.S. soccer team enters as heavy underdogs when matched up against the highest-ranked team in competition — England.",America's finest moment in the world's greatest game.,Released,False,False,2005-04-22,101,0,0,1.8629,5.8,66,en,,tt0354595,/iZkVLxvWfx9PzuixNnlVz1Y9fa6.jpg,/m9kux73Co4j0BCn42B3FdgZl3sB.jpg,"[{""id"": 18, ""name"": ""Drama""}]","[{""id"": 2233, ""logo_path"": null, ""name"": ""Bristol Bay Productions"", ""origin_country"": ""US""}, {""id"": 2234, ""logo_path"": null, ""name"": ""Baldwin Entertainment Group"", ""origin_country"": ""US""}, {""id"": 2978, ""logo_path"": null, ""name"": ""Crusader Entertainment"", ""origin_country"": """"}, {""id"": 23359, ""logo_path"": null, ""name"": ""Peter Newman/Interal"", ""origin_country"": """"}, {""id"": 307, ""logo_path"": ""/gUi3pAUznQJpR296lw4mSVbB7zx.png"", ""name"": ""IFC FIlms"", ""origin_country"": ""US""}]","[{""iso_3166_1"": ""US"", ""name"": ""United States of America""}]","[{""english_name"": ""English"", ""iso_639_1"": ""en"", ""name"": ""English""}]","[""US""]",null
29079,Happy End,Happy End,"Val is 23 years old and full of dreams. She travels to New York to become an actress. She is lonely in a strange country, in a strange city, with little money and no friends. In her path, she meets weird people who they, also, seek their dreams but everyday life gets in the way. Tired and hungry she sits on the corner of a building. Across the street a writer whose fantasy has dry out. In an instant she becomes his muse... At the Oscar's night she will be the one with the Golden Globe in her hands.",,Released,False,False,2003-12-24,98,0,0,0.992,4.9,27,en,,tt0332281,/jbLxetPVJH03a8CZPpa0bw4E2tI.jpg,/sQLAF4RGTgOBwscrHEKHD4Qnrfv.jpg,"[{""id"": 35, ""name"": ""Comedy""}, {""id"": 18, ""name"": ""Drama""}]","[{""id"": 694, ""logo_path"": ""/5LEHONGkZBIoWvp1ygHOF8iyi1M.png"", ""name"": ""StudioCanal"", ""origin_country"": ""FR""}, {""id"": 635, ""logo_path"": ""/ikp5Hokscs88jMWSkM9dB98U3Ak.png"", ""name"": ""Les Films Alain Sarde"", ""origin_country"": ""FR""}, {""id"": 92756, ""logo_path"": null, ""name"": ""FRP - Fr\u00e9d\u00e9ric Robbes Productions"", ""origin_country"": ""FR""}, {""id"": 140, ""logo_path"": ""/ooz5b0ov3PLfBoOJyMmdoffVuHs.png"", ""name"": ""Pandora Film"", ""origin_country"": ""DE""}, {""id"": 2813, ""logo_path"": null, ""name"": ""Forensic Films"", ""origin_country"": ""US""}]","[{""iso_3166_1"": ""US"", ""name"": ""United States of America""}, {""iso_3166_1"": ""FR"", ""name"": ""France""}, {""iso_3166_1"": ""DE"", ""name"": ""Germany""}]","[{""english_name"": ""English"", ""iso_639_1"": ""en"", ""name"": ""English""}]","[""FR"", ""US""]",null
29080,Heights,Heights,"Spanning twenty-four hours, HEIGHTS follows five New Yorkers challenged to choose their destiny before the sun comes up the next day.",,Released,False,False,2005-07-15,98,0,1306281,2.773,6.3,43,en,,tt0382073,/pMXCgZjJiHnXtBCdKM9WbKqYmbK.jpg,/QeXVsXbhrhHRQAV7TRkuryS4YH.jpg,"[{""id"": 18, ""name"": ""Drama""}, {""id"": 10749, ""name"": ""Romance""}]","[{""id"": 2370, ""logo_path"": null, ""name"": ""Merchant Ivory Productions"", ""origin_country"": ""US""}]","[{""iso_3166_1"": ""US"", ""name"": ""United States of America""}]","[{""english_name"": ""Hebrew"", ""iso_639_1"": ""he"", ""name"": ""\u05e2\u05b4\u05d1\u05b0\u05e8\u05b4\u05d9\u05ea""}, {""english_name"": ""English"", ""iso_639_1"": ""en"", ""name"": ""English""}, {""english_name"": ""Spanish"", ""iso_639_1"": ""es"", ""name"": ""Espa\u00f1ol""}]","[""US""]",null
29082,"The Vampires or, The Arch Criminals of Paris",Les Vampires,"Paris is prey to an invisible terror against which the police can do nothing: a sinister organization that sows chaos and death. The intrepid journalist Philippe Guérande and his partner embark on a long crusade to put an end to the crimes of the Great Vampire and Irma Vep, his dangerous accomplice. (A ten episode movie serial.)",Every second exciting — every second thrilling — every episode sensational,Released,False,False,1915-11-13,422,0,0,1.1662,7.0,122,fr,,tt0006206,/8jO0Zmd468zS9WRLHpwsKUowZAX.jpg,/2m95WiiqOQNfJQ2MWa5wlsOApGz.jpg,"[{""id"": 18, ""name"": ""Drama""}, {""id"": 53, ""name"": ""Thriller""}]","[{""id"": 9, ""logo_path"": ""/nda3dTUYdDrJ6rZqBpYvY865aDv.png"", ""name"": ""Gaumont"", ""origin_country"": ""FR""}]","[{""iso_3166_1"": ""FR"", ""name"": ""France""}]","[{""english_name"": ""No Language"", ""iso_639_1"": ""xx"", ""name"": ""No Language""}]","[""FR""]",null
29083,Snowboard Academy,Snowboard Academy,A wacky free-for-all comedy about the riotous rivalry between snobby skiers and knuckle-dragging snowboarders.,,Released,False,False,1997-07-16,89,0,0,0.8746,3.4,18,en,,tt0117676,/oTQxsQWKHlxRtd8rJPaqz0x9rj0.jpg,/8Kd1pTtcljnWJWJ9Xl1f5xImZ5A.jpg,"[{""id"": 35, ""name"": ""Comedy""}]","[{""id"": 4899, ""logo_path"": null, ""name"": ""Allegro Films"", ""origin_country"": ""CA""}, {""id"": 133560, ""logo_path"": null, ""name"": ""Millennium Multimedia"", ""origin_country"": """"}, {""id"": 4345, ""logo_path"": null, ""name"": ""Taurus 7 Film Corporation"", ""origin_country"": """"}, {""id"": 3603, ""logo_path"": ""/eobbNnKZHAh6orRLKEduWRmZtBu.png"", ""name"": ""Vision International"", ""origin_country"": """"}]","[{""iso_3166_1"": ""US"", ""name"": ""United States of America""}]","[{""english_name"": ""English"", ""iso_639_1"": ""en"", ""name"": ""English""}, {""english_name"": ""Spanish"", ""iso_639_1"": ""es"", ""name"": ""Espa\u00f1ol""}]","[""US""]",null
29084,Le Corbeau,Le Corbeau,"Remy Germain is a doctor in a French town who becomes the focus of a vicious smear campaign, as letters accusing him of having an affair and performing unlawful abortions are mailed to village leaders. The mysterious writer, who signs each letter as ""Le Corbeau"" (The Raven) soon targets the whole town, exposing everyone's dark secrets.",One of the Most Discussed Films in the History of French Cinema!,Released,False,False,1943-09-28,92,0,0,1.4159,7.5,309,fr,,tt0035753,/6Oh4hCD2nni5JJpGGIhD3CutfNI.jpg,/sUvL8Qhl349pRBr4WESwN9LkAYw.jpg,"[{""id"": 9648, ""name"": ""Mystery""}, {""id"": 18, ""name"": ""Drama""}, {""id"": 53, ""name"": ""Thriller""}]","[{""id"": 13705, ""logo_path"": ""/lABmtquhSclb69PbWiXpJIIsKSX.png"", ""name"": ""Continental Films"", ""origin_country"": ""FR""}]","[{""iso_3166_1"": ""FR"", ""name"": ""France""}]","[{""english_name"": ""French"", ""iso_639_1"": ""fr"", ""name"": ""Fran\u00e7ais""}]","[""FR""]",null
29085,El día que me amen,El día que me amen,"Mental illness and the power of friendship. Mara and Joaquín were childhood friends, next-door neighbors. They are now in their early 30s. She's returned to Acassuno after eight years abroad, ostensibly to audition for a part in a musical. Joaquín has been a recluse in his parents' house, perhaps because Mara left without a word years before. Mara seeks to renew the friendship, which may be good f",,Released,False,False,2003-06-12,110,0,0,0.2477,5.6,10,es,,tt0362582,/5FzYKAvL4GcSzLUN9PfoN65wPDe.jpg,/soW1eBEtaermsfdxqxJBMlvAzWd.jpg,"[{""id"": 18, ""name"": ""Drama""}, {""id"": 10749, ""name"": ""Romance""}]","[{""id"": 27281, ""logo_path"": ""/n4OjEuaiEaiUn0WwJHHKXPkmHAD.png"", ""name"": ""Pol-Ka Producciones"", ""origin_country"": ""AR""}]","[{""iso_3166_1"": ""AR"", ""name"": ""Argentina""}]","[{""english_name"": ""Spanish"", ""iso_639_1"": ""es"", ""name"": ""Espa\u00f1ol""}]","[""ES""]",null
29087,Lair of Sinful Thoughts,Lair of Sinful Thoughts,,,Released,False,False,2000-01-01,100,0,0,0.6467,0.0,0,en,,tt6035378,/lchi0UuliCUejhFqGYEjj0R8m0n.jpg,,[],"[{""id"": 4900, ""logo_path"": null, ""name"": ""Lou Vockell Creative Productions, Inc."", ""origin_country"": """"}]","[{""iso_3166_1"": ""US"", ""name"": ""United States of America""}]","[{""english_name"": ""English"", ""iso_639_1"": ""en"", ""name"": ""English""}]","[""US""]",null
29088,Virtual Desire,Virtual Desire,"Brad's wife Susan is mysteriously murdered. Brad begins recounting all the affairs he had with women he met on an internet fantasy line. One of those women was the murderer. Who, and why?","So Real, You Can Almost Feel It.",Released,False,False,1995-10-24,92,0,0,0.7544,3.6,8,en,,tt0114855,/wU9nWGLLWMGVDUnzOQYNc1uja8O.jpg,/qcnuREKTPm1wsAdWqxbYbPFYMdi.jpg,"[{""id"": 53, ""name"": ""Thriller""}]","[{""id"": 8678, ""logo_path"": null, ""name"": ""Midnight Kiss Productions"", ""origin_country"": """"}, {""id"": 11130, ""logo_path"": null, ""name"": ""Royal Oaks Entertainment Inc."", ""origin_country"": """"}]","[{""iso_3166_1"": ""US"", ""name"": ""United States of America""}]","[{""english_name"": ""English"", ""iso_639_1"": ""en"", ""name"": ""English""}]","[""US""]",null
29092,Planet of the Erotic Ape,Planet of the Erotic Ape,"A mad scientist creates a device that transports him to a world where women rule. They keep all the men locked away, and have their sexual needs fulfilled by the local ape population. Soon the women force the newest male in their midst to help them find the biggest, most powerful ape available...",Sexy! Sultry! Shocking!,Released,False,False,2002-01-01,68,0,0,0.8829,3.9,8,en,,tt0376078,/48lqOOTj2hde79tzfcX7gdSlgdW.jpg,,"[{""id"": 35, ""name"": ""Comedy""}]","[{""id"": 165234, ""logo_path"": null, ""name"": ""Creative Productions"", ""origin_country"": ""US""}]","[{""iso_3166_1"": ""US"", ""name"": ""United States of America""}]","[{""english_name"": ""English"", ""iso_639_1"": ""en"", ""name"": ""English""}]","[""US""]",null
29093,Armageddon Boulevard,Armageddon Boulevard,"ARMAGEDDON BLVD. A ZEN FILM When the streets go bad, Jack B. Quick gets mad. STARRING: ◇ International Action Star and Martial Arts Master, Scott Shaw ◇ Penthouse Pet and B-Movie Queen, Julie Strain ◇ Co-Creator of the Teenage Mutant Ninja Turtles, Kevin Eastman ◇ Ultimate Hollywood Bad Guy, Robert Z' ...",When the Streets Go Bad - Jack B. Quick Gets Mad!,Released,False,False,1998-01-01,90,0,0,0.7196,2.0,2,en,,tt0118853,/h8SnbhB6KdgL0QMcShtH5tOnCMy.jpg,,"[{""id"": 28, ""name"": ""Action""}]","[{""id"": 23353, ""logo_path"": null, ""name"": ""Hollywood International Multimedia Group Inc."", ""origin_country"": """"}, {""id"": 23354, ""logo_path"": null, ""name"": ""Light Source Films"", ""origin_country"": ""US""}]","[{""iso_3166_1"": ""US"", ""name"": ""United States of America""}]","[{""english_name"": ""English"", ""iso_639_1"": ""en"", ""name"": ""English""}]","[""US""]",null
29094,The Lodger,The Lodger,"In Victorian era London, the inhabitants of a family home with rented rooms upstairs fear the new lodger is Jack the Ripper.",PROBING EYES that marked the woman he loved for death!,Released,False,False,1944-01-19,84,800000,0,2.4611,6.5,96,en,,tt0037024,/qKuVeCVHRN9hfNWEk06JBVKuWww.jpg,/tmDRpisxZSocdISKpZ7TXh6xsPz.jpg,"[{""id"": 53, ""name"": ""Thriller""}, {""id"": 9648, ""name"": ""Mystery""}, {""id"": 27, ""name"": ""Horror""}]","[{""id"": 25, ""logo_path"": ""/qZCc1lty5FzX30aOCVRBLzaVmcp.png"", ""name"": ""20th Century Fox"", ""origin_country"": ""US""}]","[{""iso_3166_1"": ""US"", ""name"": ""United States of America""}]","[{""english_name"": ""English"", ""iso_639_1"": ""en"", ""name"": ""English""}]","[""US""]",null
29095,Waxwork,Waxwork,"Wealthy slacker college student Mark, his new girlfriend Sarah, and their friends are invited to a special showing at a mysterious wax museum which displays 18 of the most evil men of all time. After his ex-girlfriend and another friend disappear, Mark becomes suspicious.",Stop on by and give afterlife a try.,Released,False,False,1988-06-17,97,3000000,808114,2.015,6.2,328,en,,tt0096426,/48RXt1Zu8iNL0mgCojydmqBsjsC.jpg,/x0sEJCg6UsLoGs8r9b4l8rp1oxe.jpg,"[{""id"": 27, ""name"": ""Horror""}, {""id"": 35, ""name"": ""Comedy""}]","[{""id"": 90145, ""logo_path"": null, ""name"": ""Palla"", ""origin_country"": """"}, {""id"": 12360, ""logo_path"": ""/EugVVMfcbv9zxCr0C60VhD0vGY.png"", ""name"": ""Vestron Pictures"", ""origin_country"": ""US""}, {""id"": 90143, ""logo_path"": null, ""name"": ""Contemporary Films"", ""origin_country"": """"}, {""id"": 90146, ""logo_path"": null, ""name"": ""HB Filmrullen"", ""origin_country"": """"}]","[{""iso_3166_1"": ""DE"", ""name"": ""Germany""}, {""iso_3166_1"": ""GB"", ""name"": ""United Kingdom""}, {""iso_3166_1"": ""US"", ""name"": ""United States of America""}]","[{""english_name"": ""English"", ""iso_639_1"": ""en"", ""name"": ""English""}]",[],"{""id"": 126220, ""name"": ""Waxwork Collection"", ""poster_path"": ""/kYRcertVAB3sFgY4XW1008ExBYP.jpg"", ""backdrop_path"": ""/oXnFpVltxp2goOCdiCe3wQ5Tw1s.jpg""}"
29096,Love Is Like That,Love Is Like That,"A loving couple struggle to fend for themselves in modern day Los Angeles, One a loner and down and out, the other a lonely but hardworking secretary. Eventually, as cracks form in their passionate relationship, they resort to robbing an aging actress for money.",,Released,False,False,1992-06-01,93,0,0,1.1619,4.6,5,en,,tt0104766,/wkCXFmK749T0TDEQhJXSnshf9Go.jpg,/5V82gYLC8VFt9LYoIROXc5RGlI.jpg,"[{""id"": 80, ""name"": ""Crime""}]",[],"[{""iso_3166_1"": ""US"", ""name"": ""United States of America""}]","[{""english_name"": ""English"", ""iso_639_1"": ""en"", ""name"": ""English""}]","[""US""]",null
29097,The Snooks,Snøvsen,"The Snooks (singular!) derives his name from the Danish expression ""leaving the Snooks behind"" much used by 7-year-old Eigil's parents to indicate somebody's going nuts. This being a live action-cum-puppet animation film, Eigil's own imagination turns the Snooks into an amiable gnome-like little fellow and best friend during a summer holiday. When they are being joined by a cat, the fun really begins.",,Released,False,False,1992-10-02,89,0,0,0.59,5.6,9,da,,tt0108173,/6wgFMhjlaGdNpNbsvntmePybHw2.jpg,,"[{""id"": 10751, ""name"": ""Family""}]","[{""id"": 235, ""logo_path"": ""/obOynoztBEhDNfHsDXBqOuQLAZk.png"", ""name"": ""Nordisk Film Denmark"", ""origin_country"": ""DK""}]","[{""iso_3166_1"": ""DK"", ""name"": ""Denmark""}]","[{""english_name"": ""Danish"", ""iso_639_1"": ""da"", ""name"": ""Dansk""}, {""english_name"": ""German"", ""iso_639_1"": ""de"", ""name"": ""Deutsch""}]","[""DK""]","{""id"": 336957, ""name"": ""Snoevsen"", ""poster_path"": ""/vdYIq0uNq5lEkLSbRpqKqxfri0J.jpg"", ""backdrop_path"": null}"
29098,The Unnamable II: The Statement of Randolph Carter,The Unnamable II: The Statement of Randolph Carter,"A creature of demonic nature, too hideous to have a name, once again terrorizes the college kids that summoned it.",,Released,False,False,1992-10-21,104,1000000,0,1.3179,4.6,46,en,,tt0108447,/4hqRGLDf5HJwbDTxfsipgWtqRis.jpg,/6BDMIVtoLblsnV686WTDVbDEojn.jpg,"[{""id"": 27, ""name"": ""Horror""}]","[{""id"": 148507, ""logo_path"": null, ""name"": ""Yankee Classic Pictures"", ""origin_country"": """"}]","[{""iso_3166_1"": ""US"", ""name"": ""United States of America""}]","[{""english_name"": ""English"", ""iso_639_1"": ""en"", ""name"": ""English""}]","[""US""]","{""id"": 685489, ""name"": ""The Unnamable Collection"", ""poster_path"": ""/1wtuo3g167EvAhdphONa1JjiOmC.jpg"", ""backdrop_path"": ""/2w9snkydnQFkMPpxQRdKisS8gBs.jpg""}"
29099,"Dad, Make Me Marry",Baba Bizi Eversene,"A hopelessly yearning hippie is left alone with a newborn baby when his just married parents go for a vacation, but wittily he finds a solution to get back his expatriate girlfriend, utilizing the baby who has no idea what is going on.",,Released,False,False,1975-12-30,97,0,0,0.1852,6.4,32,tr,,tt0276793,/ucByHuULeMvTFWPBLs5ObRyGH9c.jpg,/cAudNZRXllPucirnOIgLeQBzHtz.jpg,"[{""id"": 35, ""name"": ""Comedy""}]","[{""id"": 4902, ""logo_path"": ""/h1Ss11xFUU1c0IDXeJTxA0SHEq0.png"", ""name"": ""Erman Film"", ""origin_country"": ""TR""}]","[{""iso_3166_1"": ""TR"", ""name"": ""Turkey""}]","[{""english_name"": ""Turkish"", ""iso_639_1"": ""tr"", ""name"": ""T\u00fcrk\u00e7e""}]","[""TR""]",null
29100,The Chase,The Chase,Chuck Scott gets a job as chauffeur to tough guy Eddie Roman; but Chuck's involvement with Eddie's fearful wife becomes a nightmare.,,Released,False,False,1946-11-16,86,0,0,1.8453,6.2,68,en,,tt0038409,/qTlMQv1xnnuJha3vMa3LPH8QSxZ.jpg,/qXJ7QTbmzafBdCrlJExYK3mtYDM.jpg,"[{""id"": 53, ""name"": ""Thriller""}, {""id"": 80, ""name"": ""Crime""}]","[{""id"": 4903, ""logo_path"": null, ""name"": ""Nero Films"", ""origin_country"": """"}]","[{""iso_3166_1"": ""US"", ""name"": ""United States of America""}]","[{""english_name"": ""English"", ""iso_639_1"": ""en"", ""name"": ""English""}]","[""US""]",null
29101,Too Fat Too Furious,Vet Hard,"Bennie, a clumsy criminal who's touchy about his weight, teams up with his adoptive father's biological (serial killer) son, his employees who in his absence turned his snack-bar into a quiche bakery, a suicidal manic-depressive woman and a Yugoslavian who keeps blowing things up unintended. They need to get 300000 Euro to get Bennies father a new liver.",,Released,False,False,2005-02-03,100,4200000,0,1.1237,5.8,44,nl,http://www.vethard.nl,tt0382365,/cdll0WQH5fyWXaKRKSjm2AUZzVY.jpg,/2caylxaVkTLihX7zqTQlicQHdeA.jpg,"[{""id"": 18, ""name"": ""Drama""}, {""id"": 35, ""name"": ""Comedy""}, {""id"": 80, ""name"": ""Crime""}]","[{""id"": 12046, ""logo_path"": ""/wauD5HrRmaR5TdQr0ylGTLyifpQ.png"", ""name"": ""Fu Works"", ""origin_country"": ""NL""}, {""id"": 865, ""logo_path"": null, ""name"": ""Motel Films"", ""origin_country"": ""NL""}, {""id"": 3134, ""logo_path"": ""/1w7LQKO5fNzovefxGReUpZlM8e9.png"", ""name"": ""A Private View"", ""origin_country"": ""BE""}, {""id"": 25488, ""logo_path"": null, ""name"": ""Clockwork Pictures"", ""origin_country"": ""NL""}, {""id"": 2105, ""logo_path"": ""/48jOgfdOkjNXwHPhbtpHj1H8kRt.png"", ""name"": ""Thura Film"", ""origin_country"": ""DK""}, {""id"": 96905, ""logo_path"": ""/tEmGTKWCPz87Gl7ZExY4k7Ks9GQ.png"", ""name"": ""BNN"", ""origin_country"": ""NL""}]","[{""iso_3166_1"": ""NL"", ""name"": ""Netherlands""}]","[{""english_name"": ""French"", ""iso_639_1"": ""fr"", ""name"": ""Fran\u00e7ais""}, {""english_name"": ""Dutch"", ""iso_639_1"": ""nl"", ""name"": ""Nederlands""}, {""english_name"": ""Arabic"", ""iso_639_1"": ""ar"", ""name"": ""\u0627\u0644\u0639\u0631\u0628\u064a\u0629""}]","[""NL""]",null
29103,The Sadist,The Sadist,Three people driving into Los Angeles for a Dodgers game have car trouble and pull off into an old wrecking yard where they are held at bay by a bloodthirsty psycho and his crazy girlfriend.,A human volcano of unpredictable terror!,Released,False,False,1963-04-01,92,0,0,0.9429,6.3,53,en,,tt0057465,/3m1pUOGi568pXGNO3pQYi9ko8JR.jpg,/2nqiZdWmVZ7jnDBtICF78mjMMJJ.jpg,"[{""id"": 27, ""name"": ""Horror""}, {""id"": 53, ""name"": ""Thriller""}]","[{""id"": 12354, ""logo_path"": null, ""name"": ""Fairway International Pictures"", ""origin_country"": """"}]","[{""iso_3166_1"": ""US"", ""name"": ""United States of America""}]","[{""english_name"": ""English"", ""iso_639_1"": ""en"", ""name"": ""English""}]","[""US""]",null
29104,Seriöst Roligt,Seriöst Roligt,"I denna live-DVD från showen ""Seriöst roligt"" blandar Thomas Järvheden bländande standup med sina både roliga och allvarliga låtar - allt framfört med samma ärliga och härliga uppsyn.",,Released,False,False,2009-01-21,0,0,0,0.0338,10.0,1,en,,,,,"[{""id"": 35, ""name"": ""Comedy""}]",[],[],[],"[""US""]",null
29105,The Savage Bees,The Savage Bees,In this horror-drama the festive fun of the annual Mardi Gras celebration is brought to a halt when a swarm of African killer bees escape from a foreign freighter.,"They're coming this way...not to make honey, but to kill.",Released,False,False,1976-11-22,90,0,0,1.6742,5.1,20,en,,tt0075166,/bOav0HwhUnrooOpWtaOzwz583uy.jpg,/g6LPNcJj9buCyYZDhMqi7QS5pZ4.jpg,"[{""id"": 27, ""name"": ""Horror""}, {""id"": 53, ""name"": ""Thriller""}, {""id"": 10770, ""name"": ""TV Movie""}]","[{""id"": 4904, ""logo_path"": null, ""name"": ""Alan Landsburg Productions"", ""origin_country"": """"}, {""id"": 48561, ""logo_path"": null, ""name"": ""Don Kirshner Productions"", ""origin_country"": """"}]","[{""iso_3166_1"": ""US"", ""name"": ""United States of America""}]","[{""english_name"": ""English"", ""iso_639_1"": ""en"", ""name"": ""English""}]","[""US""]","{""id"": 930028, ""name"": ""The Savage Bees Collection"", ""poster_path"": null, ""backdrop_path"": null}"
29106,Whirlpool,Whirlpool,"The wife of a psychoanalyst falls prey to a devious quack hypnotist when he discovers she is an habitual shoplifter. Then one of his previous patients now being treated by the real doctor is found murdered, with her still at the scene, and suspicion points only one way.",Tomorrow she will know what she did tonight!!,Released,False,False,1950-01-13,98,0,0,1.755,6.5,91,en,,tt0042039,/swwFPsZxjYMyQPkcqDrQs6yQ7Aq.jpg,/ucBEXGJDqQAGc8d6hmMsbrJbzlM.jpg,"[{""id"": 53, ""name"": ""Thriller""}, {""id"": 80, ""name"": ""Crime""}, {""id"": 18, ""name"": ""Drama""}]","[{""id"": 25, ""logo_path"": ""/qZCc1lty5FzX30aOCVRBLzaVmcp.png"", ""name"": ""20th Century Fox"", ""origin_country"": ""US""}]","[{""iso_3166_1"": ""US"", ""name"": ""United States of America""}]","[{""english_name"": ""English"", ""iso_639_1"": ""en"", ""name"": ""English""}]","[""US""]",null
29107,The Grapes of Death,Les Raisins de la mort,A young woman discovers that the pesticide being sprayed on vineyards is turning people into murderous lunatics.,"When the wine flows, the terror begins…",Released,False,False,1978-07-05,91,0,0,0.7614,5.8,101,fr,,tt0078077,/hYkAuNKiHtiFZrakxLtNbqgDO9Q.jpg,/b2pEiDVVzpMRQ28bLjD4LpCsjvB.jpg,"[{""id"": 27, ""name"": ""Horror""}]","[{""id"": 7996, ""logo_path"": null, ""name"": ""Films A.B.C."", ""origin_country"": """"}, {""id"": 9127, ""logo_path"": null, ""name"": ""Off Production"", ""origin_country"": """"}, {""id"": 17908, ""logo_path"": null, ""name"": ""Rush Production"", ""origin_country"": ""FR""}]","[{""iso_3166_1"": ""FR"", ""name"": ""France""}]","[{""english_name"": ""French"", ""iso_639_1"": ""fr"", ""name"": ""Fran\u00e7ais""}]","[""FR""]",null
29108,Gregory's Two Girls,Gregory's Two Girls,"Twenty years after his teenage crush on a football-mad schoolgirl, Gregory is back at his old school, teaching English. When two of his pupils uncover evil practices at a local factory they want their teacher to help them expose the wrong-doer, who happens to be Greg's old schoolfriend.",He's back - and he's got some serious explaining to do.,Released,False,False,1999-10-15,116,0,0,0.9501,4.6,18,en,,tt0150786,/zSqnXWnqveR2bi9JHShdDyjGVL0.jpg,/cw7lH3PkqevTECt6zUVmNjhwnfp.jpg,"[{""id"": 35, ""name"": ""Comedy""}]","[{""id"": 52539, ""logo_path"": null, ""name"": ""Young Lake"", ""origin_country"": ""US""}, {""id"": 27014, ""logo_path"": null, ""name"": ""Scottish Arts Council Lottery Fund"", ""origin_country"": """"}, {""id"": 2051, ""logo_path"": ""/3RKFvKecXHIi3ngHhK7a6pIBX9R.png"", ""name"": ""Kinowelt"", ""origin_country"": ""DE""}, {""id"": 6705, ""logo_path"": ""/iNB1FCwT4XjO6wkN3PnpPnwr9GX.png"", ""name"": ""Film4 Productions"", ""origin_country"": ""GB""}]","[{""iso_3166_1"": ""DE"", ""name"": ""Germany""}, {""iso_3166_1"": ""GB"", ""name"": ""United Kingdom""}]","[{""english_name"": ""English"", ""iso_639_1"": ""en"", ""name"": ""English""}]","[""GB""]","{""id"": 648242, ""name"": ""Gregory's Girl Collection"", ""poster_path"": ""/wScFXU9LsLlBaRbCFK7uUivWyOF.jpg"", ""backdrop_path"": null}"
29109,Blue Seduction,Blue Seduction,"A middle aged music composer finds himself trapped in the seductive web of a young, sexy vocalist who is looking for her own fifteen seconds of fame...",,Released,False,False,2009-04-06,91,1600000,0,0.6855,4.2,13,en,,tt1337040,/fgiQoXPFUb848XSDAmk7lCGPvvI.jpg,/98scg9SLNjV0mvSUgnNWmOtTR3Q.jpg,"[{""id"": 53, ""name"": ""Thriller""}, {""id"": 10749, ""name"": ""Romance""}]","[{""id"": 7556, ""logo_path"": null, ""name"": ""Global Universal Pictures"", ""origin_country"": """"}]","[{""iso_3166_1"": ""CA"", ""name"": ""Canada""}]","[{""english_name"": ""English"", ""iso_639_1"": ""en"", ""name"": ""English""}]","[""CA"", ""US""]",null
29110,Garbage Warrior,Garbage Warrior,"Garbage Warrior is a feature-length documentary film telling the epic story of maverick US architect Michael Reynolds and his fight to introduce radically sustainable housing. An extraordinary tale of triumph over bureaucracy, Garbage Warrior is above all an intimate portrait of an extraordinary individual and his dream of changing the world.  Written by The Works International",,Released,False,False,2007-04-19,86,0,0,0.1103,7.8,16,en,http://www.garbagewarrior.com/,tt1104694,/4D8ldSudDuv13sHofZ4DIsLr3Mz.jpg,,"[{""id"": 99, ""name"": ""Documentary""}]",[],"[{""iso_3166_1"": ""GB"", ""name"": ""United Kingdom""}]","[{""english_name"": ""English"", ""iso_639_1"": ""en"", ""name"": ""English""}]","[""US"", ""GB""]",null
29111,Requiem for a Vampire,Requiem pour un vampire,"Two girls on the run get lost in the French countryside, and wind up in a haunted chateau occupied by an ailing vampire and his servants.",Two young girls... trapped... with no escape! Forced to submit to the Horrors of the Pit!,Released,False,False,1972-04-05,87,0,0,0.9126,5.266,79,fr,,tt0067950,/zzVCXhUDqWld6LxkRwzdWaBX9Hv.jpg,/slFo0cA5cngqWDuRW3KzxJBi3Tn.jpg,"[{""id"": 27, ""name"": ""Horror""}]","[{""id"": 9384, ""logo_path"": null, ""name"": ""Les Films ABC"", ""origin_country"": """"}]","[{""iso_3166_1"": ""FR"", ""name"": ""France""}]","[{""english_name"": ""French"", ""iso_639_1"": ""fr"", ""name"": ""Fran\u00e7ais""}]","[""FR""]",null
29112,The Well,The Well,"In a racially mixed American town, a five-year-old black girl falls unnoticed into a hidden, forgotten well on her way to school. Having nothing better to go on, the police follow up a report that the child was seen with a white stranger, and rumors run wild. Before hapless, innocent Claude Packard is even found, popular hysteria has him tried and convicted. But is he guilty?",I have a wife and two kids ... a thing like this can ruin me !,Released,False,False,1951-09-24,86,0,0,1.1084,7.2,16,en,,tt0044202,/spCIIPdOgW5NIMA4evLFBmw1prB.jpg,/fFoKUdSCINv0gfekSLnPJKDXRcO.jpg,"[{""id"": 18, ""name"": ""Drama""}]","[{""id"": 97369, ""logo_path"": null, ""name"": ""Harry Popkin Productions"", ""origin_country"": """"}, {""id"": 14276, ""logo_path"": null, ""name"": ""Cardinal Pictures"", ""origin_country"": ""US""}]","[{""iso_3166_1"": ""US"", ""name"": ""United States of America""}]","[{""english_name"": ""English"", ""iso_639_1"": ""en"", ""name"": ""English""}]","[""US""]",null
29113,The Web,The Web,"A brash young lawyer takes a short-term, high-paying job as bodyguard for a slick business exec being threatened by a former partner, and quickly realizes he may be in over his head.",,Released,False,False,1947-06-04,87,0,0,2.4294,7.1,47,en,,tt0039973,/zYlaxnJYYwTYfh9JIqGD90Qf70h.jpg,/oprtsBXkDJULlZGbswnjdA4aS1j.jpg,"[{""id"": 80, ""name"": ""Crime""}, {""id"": 18, ""name"": ""Drama""}, {""id"": 53, ""name"": ""Thriller""}]","[{""id"": 10330, ""logo_path"": ""/vevakirICdmHxRPeZUdbjFqcFLM.png"", ""name"": ""Universal International Pictures"", ""origin_country"": ""US""}]","[{""iso_3166_1"": ""US"", ""name"": ""United States of America""}]","[{""english_name"": ""English"", ""iso_639_1"": ""en"", ""name"": ""English""}]","[""US""]",null
29114,Satan's Cheerleaders,Satan's Cheerleaders,"The janitor at a local high school is actually the scout for a coven of Satanists on the lookout for a virgin to sacrifice. One day he kidnaps the cheerleading squad to use for their rituals. However, unbeknownst to the devil-worshipers, one of the cheerleaders is actually a witch, and has plans of her own for the Satanists.",When these girls raise hell... there's the devil to pay!,Released,False,False,1977-03-18,92,0,0,0.6821,4.4,35,en,,tt0076665,/fJ1pXNo6bjGZdO5vWY7gIxg8A7C.jpg,/kZdW5RCKHVTyfYhcfpkWFhQimXU.jpg,"[{""id"": 27, ""name"": ""Horror""}, {""id"": 35, ""name"": ""Comedy""}]","[{""id"": 42843, ""logo_path"": null, ""name"": ""World Amusement Company"", ""origin_country"": """"}]","[{""iso_3166_1"": ""US"", ""name"": ""United States of America""}]","[{""english_name"": ""English"", ""iso_639_1"": ""en"", ""name"": ""English""}]","[""US""]",null
29115,UFC 108: Evans vs. Silva,UFC 108: Evans vs. Silva,"UFC 108: Evans vs. Silva was a mixed martial arts event being held by the Ultimate Fighting Championship (UFC) on January 2, 2010 in Las Vegas, Nevada at the MGM Grand Garden Arena.",,Released,False,True,2010-01-02,168,0,0,0.3218,6.0,4,en,http://108.ufc.com,tt1634900,/ez19W4SRjLWglPHYA9950BJssXs.jpg,,"[{""id"": 28, ""name"": ""Action""}]",[],[],"[{""english_name"": ""English"", ""iso_639_1"": ""en"", ""name"": ""English""}]","[""US""]",null
29116,The Velvet Touch,The Velvet Touch,"After accidentally killing her lecherous producer, a famous actress tries to hide her guilt.",Rosalind has her eye on three men... three men have their eye on Rosalind... one of them is up to no good!,Released,False,False,1948-07-13,100,0,0,0.8618,6.2,31,en,,tt0040934,/pIExpZkAaHnZ4106e8n82sfUKQv.jpg,/EAsNUAhKmacreQtkjdsFjKTLwS.jpg,"[{""id"": 18, ""name"": ""Drama""}, {""id"": 53, ""name"": ""Thriller""}]","[{""id"": 4913, ""logo_path"": null, ""name"": ""Independent Artists"", ""origin_country"": ""GB""}, {""id"": 6, ""logo_path"": ""/n53F7K9scQWFXYbrCablqLKqJdp.png"", ""name"": ""RKO Radio Pictures"", ""origin_country"": ""US""}]","[{""iso_3166_1"": ""US"", ""name"": ""United States of America""}]","[{""english_name"": ""English"", ""iso_639_1"": ""en"", ""name"": ""English""}]","[""US""]",null
29117,The Unsuspected,The Unsuspected,The secretary of an affably suave radio mystery host mysteriously commits suicide after his wealthy young niece disappears.,You can't foresee it! You can't forget it!,Released,False,False,1947-10-11,103,0,0,1.7062,6.6,56,en,,tt0039941,/cUhDjZUHtWuB1tAnpHbIXeQMsGb.jpg,/vpx6zQ1Lz37qqb3TqFaqte08lcj.jpg,"[{""id"": 18, ""name"": ""Drama""}, {""id"": 9648, ""name"": ""Mystery""}, {""id"": 53, ""name"": ""Thriller""}]","[{""id"": 174, ""logo_path"": ""/zhD3hhtKB5qyv7ZeL4uLpNxgMVU.png"", ""name"": ""Warner Bros. Pictures"", ""origin_country"": ""US""}, {""id"": 5440, ""logo_path"": null, ""name"": ""Michael Curtiz Productions"", ""origin_country"": """"}]","[{""iso_3166_1"": ""US"", ""name"": ""United States of America""}]","[{""english_name"": ""English"", ""iso_639_1"": ""en"", ""name"": ""English""}]","[""US""]",null
29118,Psycho a Go-Go,Psycho a Go-Go,"Jewel thieves quickly dispose of the loot when the alarm is raised, then track down the family upon whose truck they threw them, meanly interrogating them in the hope of getting them back.",Shattering Impact! Frenzied Flesh and MURDER,Released,False,False,1965-11-19,85,0,0,0.4309,4.2,16,en,,tt0134915,/iTA1nAo9zk1iug3jFZa7pLHs8QH.jpg,/z0D6cDPSPoL9tPfYrt1VaB8HebM.jpg,"[{""id"": 80, ""name"": ""Crime""}, {""id"": 878, ""name"": ""Science Fiction""}, {""id"": 27, ""name"": ""Horror""}]","[{""id"": 13981, ""logo_path"": null, ""name"": ""Tal Productions"", ""origin_country"": """"}]","[{""iso_3166_1"": ""US"", ""name"": ""United States of America""}]","[{""english_name"": ""English"", ""iso_639_1"": ""en"", ""name"": ""English""}]","[""US""]",null
29119,The Female Bunch,The Female Bunch,An all-female gang living on a ranch gets involved with a pair of bikers.,Women who live by their own rules...,Released,False,False,1971-09-01,86,0,0,1.0313,4.8,23,en,,tt0064321,/ktT6VguKjZajpLrJ8VW35MNpSXk.jpg,/ozm0BuN87f7sUfE4QH18oqpUuI2.jpg,"[{""id"": 28, ""name"": ""Action""}, {""id"": 37, ""name"": ""Western""}, {""id"": 80, ""name"": ""Crime""}, {""id"": 18, ""name"": ""Drama""}]","[{""id"": 56877, ""logo_path"": null, ""name"": ""Mardi Rustam Films"", ""origin_country"": """"}, {""id"": 43464, ""logo_path"": null, ""name"": ""Dalia Productions"", ""origin_country"": """"}]","[{""iso_3166_1"": ""US"", ""name"": ""United States of America""}]","[{""english_name"": ""English"", ""iso_639_1"": ""en"", ""name"": ""English""}]","[""US""]",null
29120,Suckers,Suckers,A fiercely dishonest car salesman hires a new employee who owes a serious debt to loan sharks.,"If you think car salesman are lying, low-life scum... You should see them in their off hours.",Released,False,False,1999-12-12,87,0,0,1.3352,5.7,22,en,,tt0199054,/zJf4KTQWnOAs7t78T0xfTpiKHpE.jpg,/olHG1FoAatrJhqt75CGpbJwZajM.jpg,"[{""id"": 35, ""name"": ""Comedy""}, {""id"": 80, ""name"": ""Crime""}]","[{""id"": 86906, ""logo_path"": null, ""name"": ""NEO Motion Pictures"", ""origin_country"": ""US""}, {""id"": 3018, ""logo_path"": null, ""name"": ""Brink Productions"", ""origin_country"": """"}]","[{""iso_3166_1"": ""US"", ""name"": ""United States of America""}]","[{""english_name"": ""English"", ""iso_639_1"": ""en"", ""name"": ""English""}, {""english_name"": ""Spanish"", ""iso_639_1"": ""es"", ""name"": ""Espa\u00f1ol""}]","[""US""]",null
29121,Blood of Dracula's Castle,Blood of Dracula's Castle,"Count Dracula and his wife capture beautiful young women and chain them in their dungeon, to be used when they need to satisfy their thirst for blood.",Once The Gate Closes You'll Never Get Out!,Released,False,False,1969-10-05,84,0,0,1.0994,4.2,33,en,http://www.crownintlpictures.com/actitles.html,tt0061412,/mRmmdKl4IfweC4cS2ti9Taim1We.jpg,/t3h2iCZnWKCn7jASVrhDV2wlDth.jpg,"[{""id"": 27, ""name"": ""Horror""}]","[{""id"": 4905, ""logo_path"": null, ""name"": ""Paragon International Pictures"", ""origin_country"": """"}, {""id"": 1009, ""logo_path"": null, ""name"": ""Crown International Pictures"", ""origin_country"": ""US""}]","[{""iso_3166_1"": ""US"", ""name"": ""United States of America""}]","[{""english_name"": ""English"", ""iso_639_1"": ""en"", ""name"": ""English""}]","[""US""]",null
29122,An Everlasting Piece,An Everlasting Piece,"Colin is a Catholic and George is a poetry-loving Protestant. In Belfast in the 1980s, they could have been enemies, but instead they became business partners. After persuading a mad wig salesman, known as the Scalper, to sell them his leads, the two embark on a series of house calls",Piece on Earth.,Released,False,False,2000-12-22,103,0,0,1.0114,5.9,8,en,,tt0218182,/ozeKjgyCLOUufeqE0FqiuPO61Qv.jpg,/A1ogoYrA3erbkO6AIBiynQQwyaC.jpg,"[{""id"": 35, ""name"": ""Comedy""}, {""id"": 80, ""name"": ""Crime""}]","[{""id"": 7, ""logo_path"": ""/vru2SssLX3FPhnKZGtYw00pVIS9.png"", ""name"": ""DreamWorks Pictures"", ""origin_country"": ""US""}, {""id"": 5, ""logo_path"": ""/71BqEFAF4V3qjjMPCpLuyJFB9A.png"", ""name"": ""Columbia Pictures"", ""origin_country"": ""US""}, {""id"": 16062, ""logo_path"": null, ""name"": ""Bayahibe Films"", ""origin_country"": """"}, {""id"": 11407, ""logo_path"": ""/qPYLq3Q7BijSn1l11zz0Ax7o3E2.png"", ""name"": ""Baltimore Pictures"", ""origin_country"": ""US""}, {""id"": 705, ""logo_path"": null, ""name"": ""Spring Creek Pictures"", ""origin_country"": ""US""}]","[{""iso_3166_1"": ""US"", ""name"": ""United States of America""}]","[{""english_name"": ""English"", ""iso_639_1"": ""en"", ""name"": ""English""}]","[""US""]",null
29123,Gift,Gift,What would you do if you came home and found your wife dead? Do you call the cops? Her parents? That's where the true nightmare begins. A story of love and addiction. An experimental docudrama made by Perry Farrell,,Released,False,False,1993-11-01,80,0,0,0.5448,5.6,6,en,,tt0107011,/phGHfi0Y38ahRKPBEyZ4Q5yBy3r.jpg,,"[{""id"": 18, ""name"": ""Drama""}, {""id"": 10402, ""name"": ""Music""}, {""id"": 9648, ""name"": ""Mystery""}, {""id"": 53, ""name"": ""Thriller""}]",[],[],[],"[""US""]",null
29124,Get Thrashed,Get Thrashed,"Get Thrashed traces the rise, fall and impact of thrash metal; from its early years, through its influence on grunge, nu metal and today's heavy metal scene. It is the story of the heaviest, hardest music of the 80s and early 90s as told by the bands who lived it, the fans and bands that grew up on it and by the artists that carry the ""thrash metal"" flag today.",,Released,False,False,2006-10-03,100,0,0,0.4387,7.0,23,en,http://www.getthrashed.com/,tt0780524,/hl3c0l9jeEe6hZSZOG4mBaXPk8T.jpg,/5OCyFTkimdTef3Y3S6MbuTJyNMo.jpg,"[{""id"": 99, ""name"": ""Documentary""}, {""id"": 10402, ""name"": ""Music""}]","[{""id"": 4907, ""logo_path"": null, ""name"": ""Saigon1515 Productions"", ""origin_country"": """"}]","[{""iso_3166_1"": ""US"", ""name"": ""United States of America""}]","[{""english_name"": ""English"", ""iso_639_1"": ""en"", ""name"": ""English""}]","[""US""]",null
29126,Black Moon,Black Moon,A woman returning to her island birthplace finds herself drawn to a voodoo cult.,Love battling against the sorcery of the jungle!,Released,False,False,1934-06-15,68,0,0,0.9354,5.4,30,en,,tt0024895,/s9tWqX7G3w3PCCaN8JkDkNo9sXj.jpg,/xSLCcmJHNtCI9lqSfLak06fps4j.jpg,"[{""id"": 27, ""name"": ""Horror""}, {""id"": 18, ""name"": ""Drama""}]","[{""id"": 5, ""logo_path"": ""/71BqEFAF4V3qjjMPCpLuyJFB9A.png"", ""name"": ""Columbia Pictures"", ""origin_country"": ""US""}]","[{""iso_3166_1"": ""US"", ""name"": ""United States of America""}]","[{""english_name"": ""English"", ""iso_639_1"": ""en"", ""name"": ""English""}]","[""US""]",null
29127,Eddie Izzard: Live from Wembley,Eddie Izzard: Live from Wembley,"Eddie Izzard brings her wry wit and absurd observations to a sold-out crowd of 44,000 over 4 nights at the Wembley Arena in London. Eddie deals with important issues ranging from Medusa's hair care, fighting sharks, dentistry, and the universal hatred of houseflies.",,Released,False,False,2009-11-03,90,0,0,0.5466,7.0,16,en,,tt1470576,/kQg3DjMudreEvyHg4snGOjo1Pzt.jpg,/mpjs4z7VoXnOUVLRMo6LRsNsigM.jpg,"[{""id"": 35, ""name"": ""Comedy""}]",[],"[{""iso_3166_1"": ""GB"", ""name"": ""United Kingdom""}, {""iso_3166_1"": ""US"", ""name"": ""United States of America""}]","[{""english_name"": ""English"", ""iso_639_1"": ""en"", ""name"": ""English""}]","[""GB"", ""US""]",null
29128,Lips of Blood,Lèvres de sang,"Frédéric sees a photograph of a ruined seaside castle, which triggers a strange childhood memory. He then goes on a strange quest, aided by four female vampires, to find the castle and the beautiful woman who lives there.",,Released,False,False,1975-05-17,88,0,0,0.826,5.8,70,fr,,tt0073324,/KpdGQiCQfBUpGqMRZ9RvOtCYw.jpg,/yf5DcibduoVkY5WDp4zd3RhII9Y.jpg,"[{""id"": 27, ""name"": ""Horror""}, {""id"": 9648, ""name"": ""Mystery""}]","[{""id"": 9126, ""logo_path"": null, ""name"": ""Nordia Films"", ""origin_country"": """"}, {""id"": 9127, ""logo_path"": null, ""name"": ""Off Production"", ""origin_country"": """"}, {""id"": 7780, ""logo_path"": null, ""name"": ""Black Scorpion Video"", ""origin_country"": """"}]","[{""iso_3166_1"": ""FR"", ""name"": ""France""}]","[{""english_name"": ""French"", ""iso_639_1"": ""fr"", ""name"": ""Fran\u00e7ais""}]","[""FR""]",null
29129,The Shiver of the Vampires,Le Frisson des vampires,"A newlywed couple travels to a small town to visit the bride's cousins—her last two surviving relatives—at the castle where they live, only to discover that the cousins have just died and the castle is now inhabited by vampires.",We were surprised to hear of your deaths. Your reappearance is even more surprising.,Released,False,False,1971-04-21,95,0,0,1.0478,5.1,80,fr,,tt0065744,/wAkhx6MFJBS8W2VxRwWhkqXOmf7.jpg,/dXME4QHw2MXlAV1EyGRb87SxhyL.jpg,"[{""id"": 27, ""name"": ""Horror""}]","[{""id"": 1574, ""logo_path"": null, ""name"": ""Les Films Modernes"", ""origin_country"": ""FR""}, {""id"": 9384, ""logo_path"": null, ""name"": ""Les Films ABC"", ""origin_country"": """"}]","[{""iso_3166_1"": ""FR"", ""name"": ""France""}]","[{""english_name"": ""French"", ""iso_639_1"": ""fr"", ""name"": ""Fran\u00e7ais""}, {""english_name"": ""Italian"", ""iso_639_1"": ""it"", ""name"": ""Italiano""}]","[""FR""]",null
29130,The Demoniacs,Les Démoniaques,"A gang of pirates rape the two sole survivors of a ship wreck. The violated girls are rescued by the strange inhabitants of a supposedly haunted island, where they are granted supernatural powers to strike revenge against the pirates.",,Released,False,False,1974-12-05,100,0,0,1.3605,5.8,90,fr,,tt0070013,/bGyBRAxXeWmNMnPGmzA12SJhS9w.jpg,/9gH2SoZCI6uKs0GY15L3bmu9s9w.jpg,"[{""id"": 27, ""name"": ""Horror""}]","[{""id"": 9126, ""logo_path"": null, ""name"": ""Nordia Films"", ""origin_country"": """"}, {""id"": 42156, ""logo_path"": null, ""name"": ""G\u00e9n\u00e9ral Films"", ""origin_country"": ""BE""}, {""id"": 9384, ""logo_path"": null, ""name"": ""Les Films ABC"", ""origin_country"": """"}]","[{""iso_3166_1"": ""BE"", ""name"": ""Belgium""}, {""iso_3166_1"": ""FR"", ""name"": ""France""}]","[{""english_name"": ""French"", ""iso_639_1"": ""fr"", ""name"": ""Fran\u00e7ais""}]","[""FR""]",null
29131,Here Comes Garfield,Here Comes Garfield,"The first TV special starring the rotund comic strip staple Garfield the Cat. Here, he and his dull-witted canine cohort Odie end up at the pound.",,Released,False,False,1982-10-25,24,0,0,0.582,6.9,24,en,,tt0166218,/sSs7GPSdD1309Cu2ebjiKWG5q2y.jpg,/tE6ohIkqVJAqvfuu9s3adxCDH7t.jpg,"[{""id"": 16, ""name"": ""Animation""}, {""id"": 35, ""name"": ""Comedy""}, {""id"": 12, ""name"": ""Adventure""}, {""id"": 14, ""name"": ""Fantasy""}, {""id"": 10751, ""name"": ""Family""}, {""id"": 10402, ""name"": ""Music""}, {""id"": 10770, ""name"": ""TV Movie""}]","[{""id"": 16345, ""logo_path"": null, ""name"": ""United Media Productions"", ""origin_country"": ""US""}, {""id"": 16340, ""logo_path"": null, ""name"": ""Lee Mendelson Film Productions"", ""origin_country"": ""US""}, {""id"": 16341, ""logo_path"": null, ""name"": ""Bill Melendez Productions"", ""origin_country"": ""US""}]","[{""iso_3166_1"": ""US"", ""name"": ""United States of America""}]",[],"[""US""]","{""id"": 1346407, ""name"": ""Garfield TV Specials Collection"", ""poster_path"": ""/bsmCuZGiKNJmAjuEHXtEGRLLW6Z.jpg"", ""backdrop_path"": null}"
29132,Deep End,Στη θανάσιμη δίνη του πάθους,"Maria cannot stand her husbands jealousy any more. He treats her in a violent way, a proof of their relation is going through a crisis. A trip they were planning to take together aiming at the amelioration of their relationship, confronts them with sex, violence and a deadly secret. Giannis appears in Marias life and they soon become lovers. The boundaries between freedom and jealousy are hardly",,Released,False,False,2008-01-24,88,0,0,0.6066,3.6,7,el,http://deependthemovie.blogspot.com/,tt1095218,/2h9CgEudq5zjE7DewHp17SThZs6.jpg,/7oXL5m5wOnSDX7HP88yf6Oi2cLR.jpg,"[{""id"": 53, ""name"": ""Thriller""}]",[],"[{""iso_3166_1"": ""GR"", ""name"": ""Greece""}]","[{""english_name"": ""Greek"", ""iso_639_1"": ""el"", ""name"": ""\u03b5\u03bb\u03bb\u03b7\u03bd\u03b9\u03ba\u03ac""}]","[""GR""]",null
29134,Amreeka,Amreeka,"Eager to provide a better future for her son, Fadi, divorcée Muna Farah leaves her Palestinian homeland and takes up residence in rural Illinois -- just in time to encounter the domestic repercussions of America's disastrous war in Iraq. Now, the duo must reinvent their lives with some help from Muna's sister, Raghda, and brother-in-law, Nabeel.",Life's best adventures are journeys of the heart.,Released,False,False,2009-06-17,96,0,2176304,1.1211,6.7,57,en,http://www.amreeka.com,tt1190858,/tMQEHscCqKLz7JXFfU87kdZU8uE.jpg,/wlqLbsMK7vpWT4cAoLq2DVHQx1W.jpg,"[{""id"": 18, ""name"": ""Drama""}]","[{""id"": 4908, ""logo_path"": ""/7YkjYXsxCWGqSbm3NJH82KVTBSC.png"", ""name"": ""First Generation Films"", ""origin_country"": ""CA""}, {""id"": 4909, ""logo_path"": ""/rYa6HLrx3XYECoRLlwrMdiueynj.png"", ""name"": ""Alcina Pictures"", ""origin_country"": ""CA""}, {""id"": 11517, ""logo_path"": ""/7tT0PqNjEalEwE1GkjxU32SlOW6.png"", ""name"": ""Buffalo Gal Pictures"", ""origin_country"": ""CA""}, {""id"": 11518, ""logo_path"": null, ""name"": ""Levantine Entertainment"", ""origin_country"": """"}, {""id"": 11519, ""logo_path"": ""/kUGzLtcbq1ADjwYVcFoDcD9HjSX.png"", ""name"": ""Eagle Vision Media Group"", ""origin_country"": ""KW""}, {""id"": 6736, ""logo_path"": ""/cdCAYeb3K3Ajhn1tfXHPSfT1KzB.png"", ""name"": ""Image Nation Abu Dhabi"", ""origin_country"": ""AE""}, {""id"": 11520, ""logo_path"": ""/q8oAysfDiYiSJQSp4UB5VNlWctW.png"", ""name"": ""MFM"", ""origin_country"": ""CA""}, {""id"": 11521, ""logo_path"": null, ""name"": ""Maximum Film International"", ""origin_country"": """"}, {""id"": 11523, ""logo_path"": null, ""name"": ""R.A. Abdoo & Co."", ""origin_country"": """"}, {""id"": 11524, ""logo_path"": ""/zlVF3eMw9LiZRaEsoFaPrQKoNVz.png"", ""name"": ""Rotana Studios"", ""origin_country"": ""SA""}, {""id"": 11525, ""logo_path"": null, ""name"": ""Showtime Arabia"", ""origin_country"": """"}, {""id"": 11526, ""logo_path"": null, ""name"": ""Violet Jabara Foundation"", ""origin_country"": """"}, {""id"": 7521, ""logo_path"": ""/fRqMjLjyAqThtEg9P9WKCXLmCpJ.png"", ""name"": ""National Geographic"", ""origin_country"": ""US""}]","[{""iso_3166_1"": ""CA"", ""name"": ""Canada""}, {""iso_3166_1"": ""JO"", ""name"": ""Jordan""}, {""iso_3166_1"": ""KW"", ""name"": ""Kuwait""}, {""iso_3166_1"": ""AE"", ""name"": ""United Arab Emirates""}, {""iso_3166_1"": ""US"", ""name"": ""United States of America""}]","[{""english_name"": ""Arabic"", ""iso_639_1"": ""ar"", ""name"": ""\u0627\u0644\u0639\u0631\u0628\u064a\u0629""}, {""english_name"": ""English"", ""iso_639_1"": ""en"", ""name"": ""English""}, {""english_name"": ""French"", ""iso_639_1"": ""fr"", ""name"": ""Fran\u00e7ais""}]","[""CA"", ""AE"", ""US""]",null
29135,No Such Thing,No Such Thing,A young journalist journeys to Iceland to find her missing fiancé only to encounter a mythical creature who longs to die.,A modern day fable.,Released,False,False,2002-03-29,102,5000000,62703,1.0282,6.0,66,en,,tt0248190,/2RYZU5QTXISHqRKuTKMVTdpg9f5.jpg,/3NKNb8uDQ192oiTLN2Aq5rmmJzg.jpg,"[{""id"": 14, ""name"": ""Fantasy""}, {""id"": 18, ""name"": ""Drama""}, {""id"": 27, ""name"": ""Horror""}]","[{""id"": 70, ""logo_path"": ""/ueaENQkPcy8rlr5fGZVBXKOhlBh.png"", ""name"": ""American Zoetrope"", ""origin_country"": ""US""}, {""id"": 37909, ""logo_path"": null, ""name"": ""True Fiction Pictures"", ""origin_country"": ""US""}, {""id"": 193079, ""logo_path"": null, ""name"": ""The Icelandic Film Company"", ""origin_country"": ""IS""}]","[{""iso_3166_1"": ""US"", ""name"": ""United States of America""}, {""iso_3166_1"": ""IS"", ""name"": ""Iceland""}]","[{""english_name"": ""Icelandic"", ""iso_639_1"": ""is"", ""name"": ""\u00cdslenska""}, {""english_name"": ""English"", ""iso_639_1"": ""en"", ""name"": ""English""}]","[""US""]",null
29136,Flowers for Algernon,Flowers for Algernon,"Charlie Gordon is mentally handicapped and all he wants in life is to be a genius. When he gets picked for experimental surgery it looks like his dream may finally come true. But the surgery has side effects that could could kill Charlie. Can Charlie survive being just plain old ""Charlie Gordon"" and will his newfound romance survive this test of character?","Last month, Charlie Gordon couldn't read. Now he's quoting Shakespeare. Can the medical miracle that changed his life help him understand the meaning of love?",Released,False,False,2000-02-20,91,0,0,1.576,5.6,27,en,,tt0210044,/20dVWa6Ujpsx6nQxaSp0cEhX3Tu.jpg,/brTqP0WG8G6x7QDgxdzCJ8jUaCV.jpg,"[{""id"": 18, ""name"": ""Drama""}]","[{""id"": 3559, ""logo_path"": null, ""name"": ""Citadel Entertainment"", ""origin_country"": ""US""}, {""id"": 803, ""logo_path"": ""/jEMVaCuEjQ3lzkhakWDKNVjwd9Q.png"", ""name"": ""Alliance Atlantis"", ""origin_country"": ""CA""}, {""id"": 8797, ""logo_path"": ""/4mrkWRV6JWYQbP6qV8pyP7ji6tO.png"", ""name"": ""Storyline Entertainment"", ""origin_country"": ""US""}]","[{""iso_3166_1"": ""US"", ""name"": ""United States of America""}, {""iso_3166_1"": ""CA"", ""name"": ""Canada""}]","[{""english_name"": ""English"", ""iso_639_1"": ""en"", ""name"": ""English""}]","[""CA"", ""US""]",null
29138,Crossing the Bridge: The Sound of Istanbul,Crossing the Bridge: The Sound of Istanbul,"German musician Alexander Hacke explores Istanbul's rich music culture and attempts to create a portrait of Turkey through music genres. On this journey, he encounters a mosaic that covers countless genres from rock to arabesque, electronic to hip-hop.",,Released,False,False,2005-05-27,90,0,0,0.4822,7.378,78,de,,tt0459242,/dPT26kzmlzOoBPzXEXqRvfWgVsM.jpg,/pqBX9K1D7C0iyGpUXucs1DNTGMA.jpg,"[{""id"": 99, ""name"": ""Documentary""}, {""id"": 10402, ""name"": ""Music""}]","[{""id"": 200, ""logo_path"": null, ""name"": ""Coraz\u00f3n International"", ""origin_country"": ""DE""}, {""id"": 7201, ""logo_path"": ""/ljV8ZT3CIYCEIEDlTyBliXJVCZr.png"", ""name"": ""NDR"", ""origin_country"": ""DE""}, {""id"": 178258, ""logo_path"": null, ""name"": ""Intervista Digital Media"", ""origin_country"": """"}, {""id"": 153853, ""logo_path"": null, ""name"": ""Pictorion Pictures GmbH"", ""origin_country"": """"}]","[{""iso_3166_1"": ""DE"", ""name"": ""Germany""}, {""iso_3166_1"": ""TR"", ""name"": ""Turkey""}]","[{""english_name"": ""German"", ""iso_639_1"": ""de"", ""name"": ""Deutsch""}, {""english_name"": ""English"", ""iso_639_1"": ""en"", ""name"": ""English""}, {""english_name"": ""Kurdish"", ""iso_639_1"": ""ku"", ""name"": """"}, {""english_name"": ""Turkish"", ""iso_639_1"": ""tr"", ""name"": ""T\u00fcrk\u00e7e""}]","[""DE"", ""TR""]",null
29140,The 4th Man,De vierde man,"Morbid Catholic writer Gerard Reve–bisexual, alcoholic, and experiencing frequent visions of death–is invited to give a lecture at the Vlissingen literature club. While in the Amsterdam railway station, he's attracted to a handsome man who embarks on another train. Gerard meets club treasurer and beautician Christine Halsslag, and engage in a one-night-stand. The next morning, Gerard sees a picture of Christine's boyfriend Herman and recognises him as the man at the train station. He urges her to bring Herman to her house to spend a couple of days together, but with ulterior intentions of seduction. During a night on his own, Gerard finds and watches film reels, discovering that Christine had married each; all of whom died in tragic accidents. Believing Christine is a Black Widow, Gerard begins to question whether Herman or he will be her doomed fourth man.","Christine is young, beautiful and rich. Her three husbands all died tragically. It's time for Christine to find her fourth man.",Released,False,False,1983-03-23,98,0,0,1.1027,6.7,186,nl,,tt0086543,/iO7pYvGHcxekOqmQKsY4qeSygAi.jpg,/pDbusBxuQdGw8nmtTYBuxe8yGND.jpg,"[{""id"": 53, ""name"": ""Thriller""}, {""id"": 9648, ""name"": ""Mystery""}]","[{""id"": 23968, ""logo_path"": null, ""name"": ""Verenigde Nederlandsche Filmcompagnie (VNF)"", ""origin_country"": """"}, {""id"": 9331, ""logo_path"": ""/nEJjKl3E0RIUtOlMHe2uBgM0pxl.png"", ""name"": ""Rob Houwer Film Holland"", ""origin_country"": ""NL""}]","[{""iso_3166_1"": ""NL"", ""name"": ""Netherlands""}]","[{""english_name"": ""Dutch"", ""iso_639_1"": ""nl"", ""name"": ""Nederlands""}]","[""NL""]",null
29141,Nickelback - Live at Sturgis 2006,Nickelback - Live at Sturgis 2006,"The group's first ever Blu-ray release captures an explosive show from one of the world's greatest recording and touring artists. Filmed with 15 HD cameras, this definitive concert performance presents the band pounding out 12 hard rockin' fan favorites from their multi-million selling albums Silver Side Up, The Long Road, and All the Right Reasons. This title carries a parental advisory. Nickelback go from strength to strength with this live recording taken from their 2006 tour in support of the ALL THE RIGHT REASONS album. LIVE FROM STURGIS isn't just a standard concert film, it's a glorious celebration of the band's music as they wow 35,000 fans at South Dakota's Sturgis Bike Week Festival. Among the highlights are renditions of their huge hit singles ""How You Remind Me,"" ""Someday,"" and ""Far Away.""",,Released,False,False,2009-10-13,65,0,0,0.2083,6.5,5,en,,tt1103166,/oJUHH4akfVuYjwCV1k1MJq4OgVC.jpg,/d3HmakTBsLPXInHniyciOMRQvCA.jpg,"[{""id"": 10402, ""name"": ""Music""}]","[{""id"": 48264, ""logo_path"": null, ""name"": ""Roadrunner Records"", ""origin_country"": """"}, {""id"": 3888, ""logo_path"": null, ""name"": ""Coming Home Studios"", ""origin_country"": """"}, {""id"": 2623, ""logo_path"": ""/7Bkm1yUF0y8x6jw8dHRfzS3B6dq.png"", ""name"": ""Blue Rider Pictures"", ""origin_country"": ""US""}]","[{""iso_3166_1"": ""US"", ""name"": ""United States of America""}]","[{""english_name"": ""English"", ""iso_639_1"": ""en"", ""name"": ""English""}]","[""US""]",null
29142,Executive Action,Executive Action,"Rogue intelligence agents, right-wing politicians, greedy capitalists, and free-lance assassins plot and carry out the JFK assassination in this speculative agitprop.",Assassination conspiracy? The possibility is frightening.,Released,False,False,1973-11-07,91,0,0,1.0659,6.383,47,en,,tt0070046,/mdULVfaVkGVJZ0XRjqgqtoPVWgW.jpg,/ymLLxJEm3HSM63A8lZ3oZAxiHR1.jpg,"[{""id"": 53, ""name"": ""Thriller""}]","[{""id"": 4911, ""logo_path"": null, ""name"": ""Wakeford / Orloff"", ""origin_country"": """"}]","[{""iso_3166_1"": ""US"", ""name"": ""United States of America""}]","[{""english_name"": ""English"", ""iso_639_1"": ""en"", ""name"": ""English""}]","[""US""]",null
29143,Eyes of Laura Mars,Eyes of Laura Mars,A famous fashion photographer develops a disturbing ability to see through the eyes of a serial killer.,She saw life through the camera’s eye. Then suddenly she saw death.,Released,False,False,1978-08-02,104,7000000,20000000,1.8937,5.8,224,en,,tt0077530,/b6njtFr9IkmJGzwCkZWpDIYI1oC.jpg,/r9iKfHI18XDlJiG7HBRq8sR4ffC.jpg,"[{""id"": 9648, ""name"": ""Mystery""}, {""id"": 53, ""name"": ""Thriller""}, {""id"": 27, ""name"": ""Horror""}]","[{""id"": 5, ""logo_path"": ""/71BqEFAF4V3qjjMPCpLuyJFB9A.png"", ""name"": ""Columbia Pictures"", ""origin_country"": ""US""}]","[{""iso_3166_1"": ""US"", ""name"": ""United States of America""}]","[{""english_name"": ""English"", ""iso_639_1"": ""en"", ""name"": ""English""}]","[""US""]",null
29144,John Oliver: Terrifying Times,John Oliver: Terrifying Times,"American viewers may know him best as the British correspondent on ""The Daily Show,"" but John Oliver is also an accomplished stand-up comic. In his first Comedy Central special Oliver tackles the topics that perplex him about the United States. He takes well-aimed shots at the American political process and the invasion of Iraq (including how the Brits would have done it differently), and argues for reparations from the Revolutionary War.",,Released,False,False,2008-04-20,56,0,0,0.565,7.0,21,en,,tt1218030,/hI2CdIEoLVHikFVAbfzZ3GbjAg.jpg,,"[{""id"": 35, ""name"": ""Comedy""}]","[{""id"": 86642, ""logo_path"": null, ""name"": ""Sixteen String Jack Productions"", ""origin_country"": ""US""}, {""id"": 3849, ""logo_path"": ""/3WxMsoZ8XiyxzjJsbvlX139yk1o.png"", ""name"": ""Dakota Pictures"", ""origin_country"": ""US""}]","[{""iso_3166_1"": ""US"", ""name"": ""United States of America""}]","[{""english_name"": ""English"", ""iso_639_1"": ""en"", ""name"": ""English""}]","[""US""]",null
29145,What We Did That Night,What We Did That Night,An ex-con Henry (Rick Schroder) returns to town after being released from prison and contacts his old college frat members about  a murder that they committed years earlier. They have to return to move the body to a new location before it is uncovered by recent digging in the area. Now a lot older and bitter about going to prison Henry has planned revenge on his old friends.,They were warned that someday their pranks would go too far...,Released,False,False,1999-01-18,90,0,0,0.6248,5.8,7,en,,tt0170801,/101guYWPQrYXfEzDofgR79w5xTj.jpg,,"[{""id"": 53, ""name"": ""Thriller""}, {""id"": 18, ""name"": ""Drama""}, {""id"": 10770, ""name"": ""TV Movie""}]","[{""id"": 11661, ""logo_path"": ""/xMrUWnDUgL1CZGousc4iyR7utbR.png"", ""name"": ""Rysher Entertainment"", ""origin_country"": ""US""}, {""id"": 51928, ""logo_path"": null, ""name"": ""The Polone-Winer Company"", ""origin_country"": """"}]","[{""iso_3166_1"": ""US"", ""name"": ""United States of America""}]","[{""english_name"": ""English"", ""iso_639_1"": ""en"", ""name"": ""English""}]","[""US""]",null
29146,Charly,Charly,An experiment on a simpleton turns him into a genius. When he discovers what has been done to him he struggles with whether or not what was done to him was right.,A love story that begins with an incredible experiment!,Released,False,False,1968-09-23,103,950000,814666,1.5079,6.4,116,en,,tt0062794,/uxGt80D4hxEEwGwdOJ5tdVvjXEC.jpg,/sURKVV4auOpRWaS6lRIdcTPtlee.jpg,"[{""id"": 18, ""name"": ""Drama""}, {""id"": 10749, ""name"": ""Romance""}, {""id"": 878, ""name"": ""Science Fiction""}]","[{""id"": 634, ""logo_path"": null, ""name"": ""ABC Pictures"", ""origin_country"": ""US""}, {""id"": 88161, ""logo_path"": null, ""name"": ""Cinerama Releasing Corporation"", ""origin_country"": """"}]","[{""iso_3166_1"": ""US"", ""name"": ""United States of America""}]","[{""english_name"": ""English"", ""iso_639_1"": ""en"", ""name"": ""English""}]","[""US""]",null
29147,Linkin Park: Road to Revolution - Live at Milton Keynes,Linkin Park: Road to Revolution - Live at Milton Keynes,"'Road to Revolution - Live at Milton Keynes' was recorded during the Linkin Park's annual Projekt Revolution festival tour at the Milton Keynes National Bowl on June 29, 2008. The concert featured material from all three of the band's albums, as well as songs from their EP, 'Collision Course' with Jay-Z, and elements from 'Reanimation' and Fort Minor's 'The Rising Tied'.",,Released,False,False,2008-06-29,85,0,0,0.5178,8.2,21,en,,tt1305710,/7F81dVoGQGlOOowB96RqU2u0MAS.jpg,/A2WFCYlaQtof8eGgTPUfMOf1jE2.jpg,"[{""id"": 10402, ""name"": ""Music""}]","[{""id"": 174, ""logo_path"": ""/zhD3hhtKB5qyv7ZeL4uLpNxgMVU.png"", ""name"": ""Warner Bros. Pictures"", ""origin_country"": ""US""}, {""id"": 77976, ""logo_path"": null, ""name"": ""Splinter Films"", ""origin_country"": """"}]","[{""iso_3166_1"": ""US"", ""name"": ""United States of America""}]","[{""english_name"": ""English"", ""iso_639_1"": ""en"", ""name"": ""English""}]","[""US""]",null
29148,In Love with the Dead,塚愛,"In Hong Kong, the successful designer Ming lives with his beloved girlfriend Wai Luk and her younger sister who loves ghost story comic books. When Wai is diagnosed with pancreatic cancer, Ming's life is turned upside-down, and he sacrifices his career to spend more time with Wai. He finds a new job in a lower position and out of the blue he finds that his new boss, Chu Fong, was his old friend in elementary school. When Wai gives up chemotherapy she decides to treat herself in accordance with the traditional Chinese medicine guided by her aunt. She has a weird behavior at home, and her frightened sister insists that she is a ghost. Meanwhile, Ming gets closer to Fong, who is a successful entrepreneur but a woman needy of love. During a trip to Peking, they have one night stand. Over the next days, Ming and Fong have a love affair and Ming believes that Wai is a spirit resolving her issues to move to the next level.",,Released,False,False,2007-11-29,97,0,0,2.2575,5.8,10,cn,,tt1151318,/7ocEqSvzqrKSNyLvC10L5NCec8n.jpg,,"[{""id"": 18, ""name"": ""Drama""}, {""id"": 27, ""name"": ""Horror""}]","[{""id"": 78213, ""logo_path"": null, ""name"": ""Universe Entertainment Limited"", ""origin_country"": """"}]","[{""iso_3166_1"": ""HK"", ""name"": ""Hong Kong""}]","[{""english_name"": ""Cantonese"", ""iso_639_1"": ""cn"", ""name"": ""\u5e7f\u5dde\u8bdd / \u5ee3\u5dde\u8a71""}]","[""HK""]",null
29150,Big Fan,Big Fan,"Paul Aufiero, a 35-year-old parking-garage attendant from Staten Island, is the self-described ""world's biggest New York Giants fan"". One night, Paul and his best friend Sal spot Giants star linebacker Quantrell Bishop at a gas station and decide to follow him. At a strip club Paul cautiously decides to approach him but the chance encounter brings Paul's world crashing down around him.",,Released,False,False,2009-02-07,91,250000,232732,1.8718,6.078,142,en,http://www.bigfanmovie.com,tt1228953,/qWQRXpxtSnwp8YS6N5DM3Q9KSsb.jpg,/3xYPYmVVOaZ78V5DfaJjPOEcjS1.jpg,"[{""id"": 35, ""name"": ""Comedy""}, {""id"": 18, ""name"": ""Drama""}]","[{""id"": 4912, ""logo_path"": null, ""name"": ""Big Fan"", ""origin_country"": ""US""}, {""id"": 3521, ""logo_path"": null, ""name"": ""First Independent Pictures"", ""origin_country"": """"}, {""id"": 217104, ""logo_path"": null, ""name"": ""Economy Pictures"", ""origin_country"": """"}]","[{""iso_3166_1"": ""US"", ""name"": ""United States of America""}]","[{""english_name"": ""English"", ""iso_639_1"": ""en"", ""name"": ""English""}]","[""US""]",null
29151,Brief Interviews with Hideous Men,Brief Interviews with Hideous Men,"After her boyfriend mysteriously leaves her with little explanation, a doctoral candidate in anthropology at a prestigious East Coast university is left looking for answers as to what went wrong.",,Released,False,False,2009-09-25,80,0,33745,1.7513,5.1,75,en,,tt0790627,/zCPz6WJLs4WAHcLnwbHfkiO578O.jpg,/d9Dwuoqc0ZjCnRcCtbaw48PNhZV.jpg,"[{""id"": 35, ""name"": ""Comedy""}, {""id"": 18, ""name"": ""Drama""}]","[{""id"": 66334, ""logo_path"": null, ""name"": ""Woodshed Entertainment"", ""origin_country"": """"}, {""id"": 57094, ""logo_path"": ""/m3oDIxJnkPDmli4y4ee9rj1k6xJ.png"", ""name"": ""Salty Features"", ""origin_country"": ""US""}, {""id"": 29312, ""logo_path"": ""/6yOnS9H3msf0cz0E5REbfX4Ehdz.png"", ""name"": ""Sunday Night Productions"", ""origin_country"": ""US""}]","[{""iso_3166_1"": ""US"", ""name"": ""United States of America""}]","[{""english_name"": ""English"", ""iso_639_1"": ""en"", ""name"": ""English""}]","[""US""]",null
29154,Stand and Deliver,Stand and Deliver,"Jaime Escalante is a mathematics teacher in a school in a hispanic neighbourhood. Convinced that his students have potential, he adopts unconventional teaching methods to try and turn gang members and no-hopers into some of the country's top algebra and calculus students.","At a tough school, someone had to take a stand...and someone did. Together, one teacher and one class proved to America they could...",Released,False,False,1988-03-11,103,0,13994920,3.323,7.644,431,en,,tt0094027,/A9pfzwk02iNl6i9wyk8lNcBkvc.jpg,/fSmCPURM80YLuXNvSmU6zoJ52ZN.jpg,"[{""id"": 18, ""name"": ""Drama""}]","[{""id"": 3906, ""logo_path"": ""/iSK5VQnKq7ZZKI3ge9K1DySvJYm.png"", ""name"": ""American Playhouse"", ""origin_country"": ""US""}, {""id"": 8847, ""logo_path"": null, ""name"": ""Olmos Productions"", ""origin_country"": ""US""}]","[{""iso_3166_1"": ""US"", ""name"": ""United States of America""}]","[{""english_name"": ""English"", ""iso_639_1"": ""en"", ""name"": ""English""}, {""english_name"": ""Spanish"", ""iso_639_1"": ""es"", ""name"": ""Espa\u00f1ol""}]","[""US""]",null
29157,Only Dogs Run Free,רק כלבים רצים חופשי,"A successful lawyer, who has traumatic memories from his army service, is testifying against his best friend from his unit. His wife, a social-worker, is trying to save a poor family named Siton. The couple's life collapses when the wife get raped by a gang.",,Released,False,False,2007-10-10,97,0,0,0.7458,7.0,1,he,,tt0791140,/bx6bUiXGv9IFqIQB8HjRwjssomh.jpg,/3kUTNkseed35YHDeHQ5ikgjVdC.jpg,"[{""id"": 18, ""name"": ""Drama""}]","[{""id"": 16, ""logo_path"": ""/7690NQfOfnbvrY3vFgyMO2Pc8WS.png"", ""name"": ""United King Films"", ""origin_country"": ""IL""}]","[{""iso_3166_1"": ""IL"", ""name"": ""Israel""}]","[{""english_name"": ""Hebrew"", ""iso_639_1"": ""he"", ""name"": ""\u05e2\u05b4\u05d1\u05b0\u05e8\u05b4\u05d9\u05ea""}]","[""IL""]",null
29159,Giallo,Giallo,"In Italy, a woman fears her sister has been kidnapped; Inspector Enzo Avolfi fears it's worse. They team up to rescue her from a sadistic killer known only as Yellow.","To Catch a Killer, You Must Think Like a Killer!",Released,False,False,2010-03-13,92,14000000,50113,1.0642,4.2,176,it,http://giallothemovie.com/,tt1107816,/4T1DfeTROHXDaygI3PdyZqDbMtj.jpg,/v7xMk5xf8q05Pq3j5AEwI3XHfuT.jpg,"[{""id"": 80, ""name"": ""Crime""}, {""id"": 27, ""name"": ""Horror""}, {""id"": 9648, ""name"": ""Mystery""}, {""id"": 53, ""name"": ""Thriller""}]","[{""id"": 87243, ""logo_path"": null, ""name"": ""Giallo Production"", ""origin_country"": """"}, {""id"": 8692, ""logo_path"": ""/pHqckAyfDN3WTYdMb6wcSb91EMV.png"", ""name"": ""Hannibal Pictures"", ""origin_country"": ""US""}, {""id"": 10123, ""logo_path"": null, ""name"": ""Media Films"", ""origin_country"": """"}, {""id"": 51382, ""logo_path"": null, ""name"": ""Footprint Investment"", ""origin_country"": ""GB""}]","[{""iso_3166_1"": ""IT"", ""name"": ""Italy""}, {""iso_3166_1"": ""ES"", ""name"": ""Spain""}, {""iso_3166_1"": ""GB"", ""name"": ""United Kingdom""}, {""iso_3166_1"": ""US"", ""name"": ""United States of America""}]","[{""english_name"": ""English"", ""iso_639_1"": ""en"", ""name"": ""English""}, {""english_name"": ""Italian"", ""iso_639_1"": ""it"", ""name"": ""Italiano""}, {""english_name"": ""Japanese"", ""iso_639_1"": ""ja"", ""name"": ""\u65e5\u672c\u8a9e""}]","[""GB"", ""IT""]",null
29161,Phenomena,Phenomena,"A young girl, with an amazing ability to communicate with insects, is transferred to an exclusive Swiss boarding school, where her unusual capability might help solve a string of murders.",Jennifer has a few million close friends. She's going to need them all!,Released,False,False,1985-01-25,110,3800000,0,2.5657,6.788,902,en,,tt0087909,/8u14C2FLMSCLIT5znmye6RovonO.jpg,/hcLJi6WEZWskxsY3EVh4V0hXKjE.jpg,"[{""id"": 27, ""name"": ""Horror""}, {""id"": 53, ""name"": ""Thriller""}]","[{""id"": 4746, ""logo_path"": null, ""name"": ""DACFILM Rome"", ""origin_country"": ""IT""}]","[{""iso_3166_1"": ""IT"", ""name"": ""Italy""}]","[{""english_name"": ""Danish"", ""iso_639_1"": ""da"", ""name"": ""Dansk""}, {""english_name"": ""German"", ""iso_639_1"": ""de"", ""name"": ""Deutsch""}, {""english_name"": ""Italian"", ""iso_639_1"": ""it"", ""name"": ""Italiano""}, {""english_name"": ""English"", ""iso_639_1"": ""en"", ""name"": ""English""}]","[""IT""]",null
29162,Ever Since the World Ended,Ever Since the World Ended,"Twelve years ago, a plague swept through, wiping out most of the population; in San Francisco, only 186 people remain. Two of them use jury-rigged batteries to power a camera and make a documentary. We see a variety of approaches to survival, from the artist and engineer who trade for their needs, to the surfers and woodsmen who fish and hunt, to the scavengers, and a communal farm. We also see how the community deals with those who threaten it, and how the youth are growing up with different values from those who knew our world.",,Released,False,False,2001-04-21,78,0,0,0.2879,4.4,17,en,,tt0283337,/pJvyF49D68iakVlYDusmdz7gGXw.jpg,/xCX4L0sm3J513UYGLV8krg8uNZV.jpg,"[{""id"": 18, ""name"": ""Drama""}, {""id"": 878, ""name"": ""Science Fiction""}, {""id"": 9648, ""name"": ""Mystery""}]","[{""id"": 20072, ""logo_path"": null, ""name"": ""Epidemic Films"", ""origin_country"": """"}]","[{""iso_3166_1"": ""US"", ""name"": ""United States of America""}]","[{""english_name"": ""English"", ""iso_639_1"": ""en"", ""name"": ""English""}]","[""US""]",null
29163,The Naked Monster,The Naked Monster,"Using soundtracks and extensive footage from many old movies, this spoof/homage of 1950's science-fiction films brings back many favorite actors from these classic movies, some reprising their former roles, to help destroy a giant stop-motion monster that is threatening to destroy Los Angeles.",,Released,False,False,2005-04-22,100,350000,0,1.4124,4.1,10,en,,tt0088751,/aYbeNeNID1wLBp9l214w8CU00xd.jpg,,"[{""id"": 35, ""name"": ""Comedy""}, {""id"": 27, ""name"": ""Horror""}]",[],"[{""iso_3166_1"": ""US"", ""name"": ""United States of America""}]","[{""english_name"": ""English"", ""iso_639_1"": ""en"", ""name"": ""English""}]","[""US""]",null
29165,The Crimes of the Black Cat,Sette scialli di seta gialla,"In Copenhagen, a blind pianist hunts the culprit in string of murders, each linked by the presence of a yellow shawl and a black cat.",,Released,False,False,1972-08-12,98,0,0,0.5285,5.4,36,it,,tt0069253,/r2RBt72s9iJxLf0S44PSBkzGNYS.jpg,/k7fZ3nOlMtiCmTmFOZytbZvOukL.jpg,"[{""id"": 53, ""name"": ""Thriller""}, {""id"": 9648, ""name"": ""Mystery""}, {""id"": 27, ""name"": ""Horror""}]","[{""id"": 1415, ""logo_path"": null, ""name"": ""Capitolina Produzioni Cinematografiche"", ""origin_country"": ""IT""}]","[{""iso_3166_1"": ""IT"", ""name"": ""Italy""}]","[{""english_name"": ""Italian"", ""iso_639_1"": ""it"", ""name"": ""Italiano""}]","[""IT""]",null
29166,Deadly Inheritance,Omicidio per vocazione,"There are a number of inheritors to a fortune who are getting killed by a mysterious somebody whom we do not see. Each death is novel, but not terribly graphic. Who did it?",,Released,False,False,1968-01-01,79,0,0,0.4989,5.0,11,it,,tt0062682,/nNi5hVuJcRplaxlOpUC8UkBGGSD.jpg,/bdjETDCooJe8vNgBW6Z30CKoNtL.jpg,"[{""id"": 27, ""name"": ""Horror""}, {""id"": 9648, ""name"": ""Mystery""}, {""id"": 53, ""name"": ""Thriller""}]","[{""id"": 12760, ""logo_path"": null, ""name"": ""Semafilm"", ""origin_country"": """"}]","[{""iso_3166_1"": ""IT"", ""name"": ""Italy""}]","[{""english_name"": ""Italian"", ""iso_639_1"": ""it"", ""name"": ""Italiano""}]","[""IT""]",null
29167,The Case of the Bloody Iris,Perché quelle strane gocce di sangue sul corpo di Jennifer?,"A high-rise apartment populated by models, nightclub dancers and call girls becomes the focus of a mysterious serial killer. When a young model named Jennifer and her friend Marilyn move into one of the victims' former apartments, Jennifer becomes the next target and the pair try to identify the killer.",The killer slices without mercy!,Released,False,False,1972-08-04,94,0,0,1.9302,6.3,95,it,,tt0069073,/afpZ3Eckzo0NyU2SyKbIouoQ3jm.jpg,/pChnfJNVzkedhvpCqlLjgG2soib.jpg,"[{""id"": 53, ""name"": ""Thriller""}, {""id"": 9648, ""name"": ""Mystery""}, {""id"": 27, ""name"": ""Horror""}]","[{""id"": 4914, ""logo_path"": null, ""name"": ""Galassia Cinematografica"", ""origin_country"": ""IT""}, {""id"": 4915, ""logo_path"": null, ""name"": ""Lea Film"", ""origin_country"": ""IT""}]","[{""iso_3166_1"": ""IT"", ""name"": ""Italy""}]","[{""english_name"": ""Italian"", ""iso_639_1"": ""it"", ""name"": ""Italiano""}]","[""IT""]",null
29168,Dr. Moreau's House of Pain,Dr. Moreau's House of Pain,"In a big mansion, a scientist has been experimenting with humans and animals, mixing their DNA together.",Some legends are reborn... And some never die!,Released,False,False,2004-01-13,72,0,0,0.7053,4.0,17,en,,tt0400383,/hRWVE5QnbdmcufIyz42pOpEIPfB.jpg,/wgJSehedQxs33b4Jdl7AIMgRzhL.jpg,"[{""id"": 27, ""name"": ""Horror""}, {""id"": 878, ""name"": ""Science Fiction""}]","[{""id"": 15352, ""logo_path"": ""/sk4KMGNHLCPe03XiQaDmBPnczjy.png"", ""name"": ""Full Moon Features"", ""origin_country"": ""US""}, {""id"": 4867, ""logo_path"": ""/ifNDQE2NMX3QAJgX0517FZMkLq5.png"", ""name"": ""Full Moon Entertainment"", ""origin_country"": ""US""}]","[{""iso_3166_1"": ""US"", ""name"": ""United States of America""}]","[{""english_name"": ""English"", ""iso_639_1"": ""en"", ""name"": ""English""}]","[""US""]",null
29169,Phantom of Death,Un delitto poco comune,Police Comissioner Datti is investigating the murder of a female doctor whose murderer seems to be a thirty-fivish year old man. Soon another murder follows: Pianist Robert Dominici's girlfriend is found killed. The killer also challenges Datti on the phone and says he can't be caught since he has a secret which makes him invulnerable. In the meantime the clues seems to point in strange directions...,,Released,False,False,1988-03-11,92,0,0,0.8192,5.6,36,it,,tt0092865,/x7ccBCVMzHPjy9APVRhIePew46t.jpg,/1eddqJqBUUxG93oRGtZbIrqL5x8.jpg,"[{""id"": 27, ""name"": ""Horror""}, {""id"": 53, ""name"": ""Thriller""}]","[{""id"": 12740, ""logo_path"": null, ""name"": ""DMV Distribuzione"", ""origin_country"": ""IT""}, {""id"": 2817, ""logo_path"": null, ""name"": ""Globe Films"", ""origin_country"": ""IT""}, {""id"": 272816, ""logo_path"": null, ""name"": ""Tandem Cinematografica"", ""origin_country"": ""IT""}, {""id"": 1242, ""logo_path"": ""/qOvcm1WCLlAdNoQ1kCkk2J7bhWk.png"", ""name"": ""Reteitalia"", ""origin_country"": ""IT""}]","[{""iso_3166_1"": ""IT"", ""name"": ""Italy""}]","[{""english_name"": ""Italian"", ""iso_639_1"": ""it"", ""name"": ""Italiano""}]","[""IT""]",null
29170,House of Pain,House of Pain,"A hybrid of DeSade and Dali, House of Pain is a nightmare that takes place between sleep and death, where the performers appear as mute hallucinations. The film features a hallucinogenic blend of the domestic and perverse.",,Released,False,False,1995-01-01,80,0,0,0.0616,1.0,2,en,,tt0113344,/tZ9LuWOzRod1RQRdxJyZrcWrNWm.jpg,,[],[],"[{""iso_3166_1"": ""CA"", ""name"": ""Canada""}]",[],"[""US"", ""CA""]",null
29173,Raiders of Atlantis,I predatori di Atlantide,"A team of scientists working to raise a sunken Russian nuclear submarine on an ocean platform off the coast of Miami, Florida, unearth an ancient Atlantean relic from the sea floor and bring in an expert to make some sense of it. But while attempting to raise the sub, radioactive leakage from its missles triggers the re-emergence of Atlantis, and the resulting tidal wave destroys the platform and leaves only a small group of survivors. Rescued by two Vietnamvets-turned-heavies who are out relaxing after their latest job, their boat eventually runs aground on a Carribean island nearby where, upon going ashore, it is discovered that everything has been destroyed and everybody killed. The culprits, a vicious group of well-armed raiders, and their leader, Crystal Skull, are descendants of Atlantis' original race who set about reclaiming the world and adding the survivors to the list of victims as they struggle to stay alive and defeat the raiders and send Atlantis back to the ocean floor.",Adventure Beyond the Edge of Time,Released,False,False,1983-11-25,92,0,0,1.2341,4.869,61,it,,tt0086135,/qNeaKk9Wy345IvoU1h67J2IdldS.jpg,/5FROgu8ovhUAJmxlssfs4c6GvCo.jpg,"[{""id"": 878, ""name"": ""Science Fiction""}, {""id"": 28, ""name"": ""Action""}]","[{""id"": 42121, ""logo_path"": null, ""name"": ""Regency Productions"", ""origin_country"": """"}]","[{""iso_3166_1"": ""IT"", ""name"": ""Italy""}, {""iso_3166_1"": ""PH"", ""name"": ""Philippines""}]","[{""english_name"": ""Italian"", ""iso_639_1"": ""it"", ""name"": ""Italiano""}, {""english_name"": ""English"", ""iso_639_1"": ""en"", ""name"": ""English""}]","[""IT""]",null
29174,The Lone Runner,Lone Runner,"The Summerking's daughter has been kidnapped, and the legendary hero of the desert comes to her rescue as he did when she was young. The Lone Runner proves to be an unstoppable hero with limitless fighting abilities. He battles those who would harm innocents, and does what ever else he can for them.",A legendary desert avenger battles a savage outlaw empire!,Released,False,False,1986-11-01,89,0,0,0.7825,4.6,11,en,,tt0091425,/jnl2psm3MxQNhCyvSVjEBdqNGkq.jpg,/jiJv6E7kbvQMmdQN0RM06pX15eg.jpg,"[{""id"": 28, ""name"": ""Action""}, {""id"": 12, ""name"": ""Adventure""}]","[{""id"": 154419, ""logo_path"": null, ""name"": ""Ovidio Assonitis Productions"", ""origin_country"": """"}]","[{""iso_3166_1"": ""IT"", ""name"": ""Italy""}, {""iso_3166_1"": ""MA"", ""name"": ""Morocco""}]","[{""english_name"": ""English"", ""iso_639_1"": ""en"", ""name"": ""English""}, {""english_name"": ""Italian"", ""iso_639_1"": ""it"", ""name"": ""Italiano""}]","[""IT""]",null
29175,Waves of Lust,Una ondata di piacere,"A young couple become embroiled with the personal problems of another couple on a yacht moored off Sicily during a turbulent weekend of fun, games, sex games, betrayal, spouse abuse, and murder.",Lured...into a voyage of Desire...and danger!,Released,False,False,1975-08-04,88,0,0,1.0026,4.7,26,it,,tt0073485,/e4tUrnUT3FW2lcw2Na5AdoEWsLN.jpg,/dWDNgUTvA1BFaul1YaGpZ3Ar3cv.jpg,"[{""id"": 53, ""name"": ""Thriller""}, {""id"": 18, ""name"": ""Drama""}]","[{""id"": 25834, ""logo_path"": null, ""name"": ""T.D.L. Cinematografica"", ""origin_country"": ""IT""}]","[{""iso_3166_1"": ""IT"", ""name"": ""Italy""}]","[{""english_name"": ""Italian"", ""iso_639_1"": ""it"", ""name"": ""Italiano""}]","[""IT""]",null
29176,The Mines of Kilimanjaro,Le miniere del Kilimangiaro,A World War II-era college student must journey to Africa both to find his missing archaeology professor and search for the treasured mines of Kilimanjaro. He is followed by natives as well as scheming Chinese and Nazis,,Released,False,False,1986-07-31,95,0,0,0.6489,2.0,1,it,,tt0093541,/4zzOHqiAeO5vWMDPvadD7OTk4BV.jpg,/k1Pwfk8wOie1k6Kb4HbSvQJNFsp.jpg,"[{""id"": 28, ""name"": ""Action""}, {""id"": 12, ""name"": ""Adventure""}]",[],"[{""iso_3166_1"": ""IT"", ""name"": ""Italy""}]","[{""english_name"": ""Italian"", ""iso_639_1"": ""it"", ""name"": ""Italiano""}]","[""IT""]",null
29177,Dr. M,Dr. M,"In the not-too-distant future Berlin is shocked by a series of spectacular suicides; a policeman's investigations lead him to a beautiful, enigmatic woman and the revelation of a sinister plot to manipulate the population through mass hypnosis.",Where death is the ultimate vacation.,Released,False,False,1990-05-24,112,0,0,1.4274,4.4,10,en,,tt0099445,/qCAb3dlil451O1325sU1zMqOwv4.jpg,/avRUAyH3MUyPKAf2EFEVTDfjxnG.jpg,"[{""id"": 80, ""name"": ""Crime""}, {""id"": 9648, ""name"": ""Mystery""}, {""id"": 878, ""name"": ""Science Fiction""}]","[{""id"": 27899, ""logo_path"": null, ""name"": ""Telefilm Saar"", ""origin_country"": ""DE""}, {""id"": 11253, ""logo_path"": null, ""name"": ""N.E.F. Filmproduktion und Vertriebs (I)"", ""origin_country"": """"}, {""id"": 750, ""logo_path"": null, ""name"": ""Ellepi Films"", ""origin_country"": ""IT""}, {""id"": 29651, ""logo_path"": null, ""name"": ""Cl\u00e9a Productions"", ""origin_country"": ""FR""}, {""id"": 4606, ""logo_path"": ""/otZHbf1HmzLRQsZFSqJXkf8EHz7.png"", ""name"": ""ZDF"", ""origin_country"": ""DE""}, {""id"": 16366, ""logo_path"": ""/llLC13cdNDmJbq0E0PG8fraWsLp.png"", ""name"": ""La Sept Cin\u00e9ma"", ""origin_country"": ""FR""}]","[{""iso_3166_1"": ""FR"", ""name"": ""France""}, {""iso_3166_1"": ""DE"", ""name"": ""Germany""}, {""iso_3166_1"": ""IT"", ""name"": ""Italy""}]","[{""english_name"": ""English"", ""iso_639_1"": ""en"", ""name"": ""English""}]","[""US""]",null
29178,Zemanovaload,Zemanovaload,"John Davies suffers from multiple obsessive compulsive disorders. When his current model girlfriend leaves him, he decides to replace her with the number 1 babe on planet Earth - Czech model Veronika Zemanova. The film follows his attempts to curb his old obsessions in order to meet his latest obsession - Veronika.",,Released,False,False,2005-08-22,90,0,0,0.5875,5.2,7,en,,tt0397753,/4pITu7TlY1E5f3CMP1mGyW8Kf0B.jpg,,"[{""id"": 35, ""name"": ""Comedy""}]",[],[],[],"[""US""]",null
29180,The Feather Fairy,Perinbaba,"A fairy-tale about an old lady who takes care of snow and Jakub who does not fear death. It reflects the idea of people's longing for happiness, love and understanding, their effort to overcome troubles and win over death. It criticizes greed and evil desires.",,Released,False,False,1985-10-01,89,0,0,0.9208,7.1,39,sk,,tt0089800,/cCQl5SCsBCeAqtOua9CnFVRPIGo.jpg,/yX6ATW3BfsHx9DgbJH9y6onnbfk.jpg,"[{""id"": 14, ""name"": ""Fantasy""}, {""id"": 10751, ""name"": ""Family""}]","[{""id"": 2279, ""logo_path"": null, ""name"": ""MR Filmproduktion"", ""origin_country"": ""AT""}, {""id"": 18371, ""logo_path"": null, ""name"": ""Omnia Film M\u00fcnchen"", ""origin_country"": ""DE""}, {""id"": 4606, ""logo_path"": ""/otZHbf1HmzLRQsZFSqJXkf8EHz7.png"", ""name"": ""ZDF"", ""origin_country"": ""DE""}, {""id"": 3391, ""logo_path"": ""/t0QBs2fI3mE3HxgoH1n39bYuzNu.png"", ""name"": ""ORF"", ""origin_country"": ""AT""}, {""id"": 1583, ""logo_path"": ""/gKP4egMJOi5rksdnplfPV1wa0sd.png"", ""name"": ""RAI"", ""origin_country"": ""IT""}, {""id"": 12514, ""logo_path"": null, ""name"": ""Slovensk\u00e1 filmov\u00e1 tvorba"", ""origin_country"": ""XC""}]","[{""iso_3166_1"": ""AT"", ""name"": ""Austria""}, {""iso_3166_1"": ""XC"", ""name"": ""Czechoslovakia""}, {""iso_3166_1"": ""DE"", ""name"": ""Germany""}, {""iso_3166_1"": ""IT"", ""name"": ""Italy""}]","[{""english_name"": ""Slovak"", ""iso_639_1"": ""sk"", ""name"": ""Sloven\u010dina""}]","[""XC""]","{""id"": 647556, ""name"": ""Perinbaba (kolekce)"", ""poster_path"": ""/3rcLkI0OvnnSkhhohEZFmTSJPoP.jpg"", ""backdrop_path"": null}"
29181,The Root of Evil,La radice del male,"Left disfigured and without memory due to a car accident, the painter Andrea Spiegelman decides to retire with her husband to an isolated villa, the legacy of an eccentric uncle dedicated to the cultivation of psychoactive plants. With the help of a diary in which his uncle wrote down his experiences, Andrea begins to experiment with drugs extracted from plants. Thanks to drugs, the painter recovers the lost inspiration and returns to painting, but without realizing it, she is dragged into a whirlwind of hallucinations that lead her to no longer distinguish reality from fantasy...",,Released,False,False,2006-11-08,84,0,0,0.2738,6.5,2,it,,tt0874999,/cN0VTTQaI15cjtpah48SWbvkKgq.jpg,/uODJ0FHk2YReKtv4hXzHNv9qfgw.jpg,"[{""id"": 27, ""name"": ""Horror""}, {""id"": 53, ""name"": ""Thriller""}, {""id"": 9648, ""name"": ""Mystery""}, {""id"": 80, ""name"": ""Crime""}]","[{""id"": 196951, ""logo_path"": null, ""name"": ""The Shadow Within"", ""origin_country"": """"}]","[{""iso_3166_1"": ""IT"", ""name"": ""Italy""}]","[{""english_name"": ""Italian"", ""iso_639_1"": ""it"", ""name"": ""Italiano""}]","[""IT""]",null
29182,44 Inch Chest,44 Inch Chest,"Colin is in agony, shattered by his wife’s infidelity, so his friends kidnap the wife's lover so he can have his revenge.",The Measure Of Revenge,Released,False,False,2009-10-08,95,0,0,1.4746,5.459,111,en,http://www.44inchchestfilm.com,tt0914837,/vKuW2TzCyNstKcAGnWLXsFJxmjM.jpg,/bFugFL3mVUmOMHfOX0880WemjOH.jpg,"[{""id"": 18, ""name"": ""Drama""}, {""id"": 80, ""name"": ""Crime""}]","[{""id"": 24421, ""logo_path"": null, ""name"": ""Omni Films"", ""origin_country"": """"}, {""id"": 24422, ""logo_path"": null, ""name"": ""Prescience Media"", ""origin_country"": """"}, {""id"": 24420, ""logo_path"": null, ""name"": ""Twilight Production & Entertainment"", ""origin_country"": """"}, {""id"": 24419, ""logo_path"": null, ""name"": ""Passenger"", ""origin_country"": ""US""}, {""id"": 10039, ""logo_path"": ""/b8w4LldQolMKiLZw4FQJBcXSDGI.png"", ""name"": ""Anonymous Content"", ""origin_country"": ""US""}, {""id"": 7437, ""logo_path"": ""/e5CcgFrdlxMUwlsS72si8q1yHBr.png"", ""name"": ""IM Global"", ""origin_country"": ""US""}]","[{""iso_3166_1"": ""GB"", ""name"": ""United Kingdom""}]","[{""english_name"": ""English"", ""iso_639_1"": ""en"", ""name"": ""English""}]","[""US"", ""GB""]",null
29184,Hansel and Gretel,Hansel e Gretel,A farming community make their money through kidnapping children and selling their vital organs on the black market.,,Released,False,False,1990-01-01,87,0,0,0.4538,3.4,15,it,,tt0273255,/5YpUgnsLigdVWLvOsXgIwenPhVB.jpg,/zepqzgg2p6o9yKBXKDOgsnOV7Va.jpg,"[{""id"": 27, ""name"": ""Horror""}, {""id"": 10770, ""name"": ""TV Movie""}]","[{""id"": 79168, ""logo_path"": null, ""name"": ""Cine Duck"", ""origin_country"": ""IT""}]","[{""iso_3166_1"": ""IT"", ""name"": ""Italy""}]","[{""english_name"": ""German"", ""iso_639_1"": ""de"", ""name"": ""Deutsch""}, {""english_name"": ""Italian"", ""iso_639_1"": ""it"", ""name"": ""Italiano""}]","[""IT""]",null
29185,An Innocent Man,An Innocent Man,"Jimmie Rainwood was minding his own business when two corrupt police officers (getting an address wrong) burst into his house, expecting to find a major drug dealer. Rainwood is shot, and the officers frame him as a drug dealer. Rainwood is convicted of drug dealing, based on the perjured evidence of a police informant. Thrown into a seedy jail, fighting to prove his innocence is diffucult when he has to deal with the realities of prison life, where everyone claims they were framed.",Falsely accused. Unjustly convicted. Determined to survive on the inside. Demanding justice once he's on the outside.,Released,False,False,1989-10-06,113,0,20047604,2.3697,6.119,147,en,,tt0097579,/fDgR7vq3fqtlo2w2wPN3pNXyDm5.jpg,/8LlGOPNGmsBaYEksBWaSXqpKFhm.jpg,"[{""id"": 80, ""name"": ""Crime""}, {""id"": 18, ""name"": ""Drama""}, {""id"": 53, ""name"": ""Thriller""}]","[{""id"": 9195, ""logo_path"": ""/geK5QOBsXIPGHutKwXtYjMUyYSG.png"", ""name"": ""Touchstone Pictures"", ""origin_country"": ""US""}, {""id"": 10201, ""logo_path"": ""/cgmwywVZ9NvAidd6Pn7p0CBYQkW.png"", ""name"": ""Interscope Communications"", ""origin_country"": ""US""}, {""id"": 10282, ""logo_path"": null, ""name"": ""Silver Screen Partners IV"", ""origin_country"": ""US""}]","[{""iso_3166_1"": ""US"", ""name"": ""United States of America""}]","[{""english_name"": ""English"", ""iso_639_1"": ""en"", ""name"": ""English""}]","[""US""]",null
29186,The Murder Secret,Non aver paura della zia Marta,A family of 4 makes a long drive to Aunt Martha's house to visit her for the first time in years. Only she isn't there. Just the caretaker and his message that she will appear the next day...if they survive the night.,,Released,False,False,1988-01-03,88,0,0,0.3298,5.2,20,it,,tt0097929,/6Hz6AEZUfxnMUDgRVgvrryKsziC.jpg,/weAT85CAn6Scblqh7VKQKjAxifd.jpg,"[{""id"": 27, ""name"": ""Horror""}]","[{""id"": 4830, ""logo_path"": null, ""name"": ""Alpha Cinematografica"", ""origin_country"": """"}]","[{""iso_3166_1"": ""IT"", ""name"": ""Italy""}]","[{""english_name"": ""Italian"", ""iso_639_1"": ""it"", ""name"": ""Italiano""}]","[""IT""]",null
29187,Convent of Sinners,La monaca nel peccato,"Convent of Sinners is the story of Susanna, a young girl who is raped by her own father and sent to a convent for her sins, where she falls in love with a priest. The other nuns, however, are jealous and angry, they want Susanna for themselves, and accuse her of being possessed by the Devil.",,Released,False,False,1986-08-09,88,0,0,2.4445,5.1,28,it,,tt0091539,/1L0BEF5ymuJeAW05fSGMB849Fnq.jpg,/dsPiNuzzP3EiWTXkXxkclujzSxZ.jpg,"[{""id"": 18, ""name"": ""Drama""}, {""id"": 27, ""name"": ""Horror""}]","[{""id"": 6082, ""logo_path"": null, ""name"": ""Filmirage"", ""origin_country"": ""IT""}]","[{""iso_3166_1"": ""IT"", ""name"": ""Italy""}]","[{""english_name"": ""Italian"", ""iso_639_1"": ""it"", ""name"": ""Italiano""}]","[""IT""]",null
29188,Familie Bär feiert Weihnachten,Familie Bär feiert Weihnachten,,,Released,False,False,2006-12-01,0,0,0,0.0071,0.0,0,en,,,,,[],[],[],[],"[""US""]",null
29189,Obsession: A Taste for Fear,Pathos: Segreta Inquietudine,"A photographer's model is found murdered, sparking a police investigation that targets her ex-boyfriend. As more models die and murder videos surface, the true identity of the killer becomes uncertain.",A cop is assigned to catch a serial killer who is murdering his way through Rome's sexual underground.,Released,False,False,1988-12-09,89,0,0,0.4126,4.2,12,it,,tt0095834,/hO5sHD7uGaFt49zgwAtSroGGqs5.jpg,/esOcsQ83tPxQ9N21iffnCD2anNn.jpg,"[{""id"": 27, ""name"": ""Horror""}, {""id"": 53, ""name"": ""Thriller""}, {""id"": 878, ""name"": ""Science Fiction""}]","[{""id"": 641, ""logo_path"": ""/w8flpSJntsxVCMkIU1qeg1kJcJh.png"", ""name"": ""Titanus"", ""origin_country"": ""IT""}, {""id"": 1242, ""logo_path"": ""/qOvcm1WCLlAdNoQ1kCkk2J7bhWk.png"", ""name"": ""Reteitalia"", ""origin_country"": ""IT""}]","[{""iso_3166_1"": ""IT"", ""name"": ""Italy""}]","[{""english_name"": ""Italian"", ""iso_639_1"": ""it"", ""name"": ""Italiano""}]","[""IT""]",null
29190,Yessongs,Yessongs,"Filmed live at London's Rainbow Theatre in December 1972, the innovative group Yes performs its progressive rock symphonies -- epic compositions that influenced new trends in contemporary music. ""Yessongs"" provides a visual record of the concert tour that became a groundbreaking tour de force in rock music.  This unique concert video of Yes was filmed during their record-breaking tour and features the talents of the five original band members. The massively popular band defined the prog rock movement with their mystical epics which infused both a Medieval and Classical sound into rock music. Titles performed include ""Close to the Edge,"" ""All Good People,"" and ""Roundabout.""",,Released,False,False,1975-03-12,72,0,0,0.5589,8.4,7,en,,tt0070940,/pqrVCIh5SldMB8qDTBdubS0v6q9.jpg,/khzI5NBcaJKuZOcISr8BsxImTPK.jpg,"[{""id"": 10402, ""name"": ""Music""}]",[],"[{""iso_3166_1"": ""GB"", ""name"": ""United Kingdom""}]","[{""english_name"": ""English"", ""iso_639_1"": ""en"", ""name"": ""English""}]","[""US""]",null
29191,You'll Die at Midnight,Morirai a mezzanotte,"A cop suspects his wife's infidelity, only to become the prime suspect when she's murdered. A criminal psychologist believes the real killer is a presumed-dead serial killer, as more murders unfold.",,Released,False,False,1986-05-03,88,0,0,0.5484,5.2,27,it,,tt0091553,/rtWXkGzeq07XdUgF15p0gbqIHPE.jpg,/dAnMQT5rQzObrCwpgwyuihF46nJ.jpg,"[{""id"": 27, ""name"": ""Horror""}, {""id"": 53, ""name"": ""Thriller""}, {""id"": 9648, ""name"": ""Mystery""}]","[{""id"": 1242, ""logo_path"": ""/qOvcm1WCLlAdNoQ1kCkk2J7bhWk.png"", ""name"": ""Reteitalia"", ""origin_country"": ""IT""}, {""id"": 1701, ""logo_path"": null, ""name"": ""Dania Film"", ""origin_country"": ""IT""}]","[{""iso_3166_1"": ""IT"", ""name"": ""Italy""}]","[{""english_name"": ""Italian"", ""iso_639_1"": ""it"", ""name"": ""Italiano""}]","[""IT""]",null
29192,The Missing Lynx,El lince perdido,"An eccentric millionaire becomes obsessed with the idea of constructing a new Noah's Ark. He hires a hunter to kidnap untoward numbers of animals to make this happen. The group of animals amid their valiant attempt to escape from the hunter's clutches, foil his nefarious plans, and free their captured friends.",Extinction Is The Least of Their Problems,Released,False,False,2008-12-25,97,6500000,1400000,0.9148,6.3,36,es,,tt0951333,/rV0mIugkrdLNMS8m3O1OM5TLf63.jpg,/rYIhVXP2z0QBfUXvtCsxk0tDilL.jpg,"[{""id"": 16, ""name"": ""Animation""}, {""id"": 10751, ""name"": ""Family""}, {""id"": 12, ""name"": ""Adventure""}, {""id"": 35, ""name"": ""Comedy""}]","[{""id"": 15242, ""logo_path"": null, ""name"": ""Kandor Productions"", ""origin_country"": """"}, {""id"": 10133, ""logo_path"": null, ""name"": ""Perro Verde Films"", ""origin_country"": """"}, {""id"": 6878, ""logo_path"": ""/fIfZV1HuiG27Ijk6apChuyoUMTf.png"", ""name"": ""Canal Sur"", ""origin_country"": ""ES""}, {""id"": 10050, ""logo_path"": ""/SowPJ8W5Gy6OgyAFyWnv4KjcPo.png"", ""name"": ""TVG"", ""origin_country"": ""ES""}, {""id"": 10037, ""logo_path"": ""/AsUQHDnR4WTyvaSjXzpz8tLezui.png"", ""name"": ""Televisi\u00f3n P\u00fablica de Canarias"", ""origin_country"": ""ES""}, {""id"": 120171, ""logo_path"": null, ""name"": ""7 Regi\u00f3n de Murcia"", ""origin_country"": """"}, {""id"": 65661, ""logo_path"": null, ""name"": ""Consejer\u00eda de Cultura de la Junta de Andaluc\u00eda"", ""origin_country"": """"}, {""id"": 120172, ""logo_path"": null, ""name"": ""YaYa! Films"", ""origin_country"": """"}, {""id"": 31123, ""logo_path"": ""/Q9F9wXH9XRsSwvR9eA0Yn8P1wT.png"", ""name"": ""EiTB"", ""origin_country"": ""ES""}]","[{""iso_3166_1"": ""ES"", ""name"": ""Spain""}]","[{""english_name"": ""Spanish"", ""iso_639_1"": ""es"", ""name"": ""Espa\u00f1ol""}, {""english_name"": ""Portuguese"", ""iso_639_1"": ""pt"", ""name"": ""Portugu\u00eas""}]","[""ES""]",null
29193,The Spanish Prisoner,The Spanish Prisoner,An inventor of a secret process suddenly finds himself alone as both his friends and the corporation he works for turn against him.,It's the oldest con in the book.,Released,False,False,1997-12-03,110,10000000,13835130,1.5592,6.782,310,en,,tt0120176,/cwkWlWfFrvH6WW6ovX5gfGHo7ks.jpg,/cFTzUosDnHsG0QUDP2OuiAxFoTL.jpg,"[{""id"": 18, ""name"": ""Drama""}, {""id"": 9648, ""name"": ""Mystery""}, {""id"": 53, ""name"": ""Thriller""}]","[{""id"": 21716, ""logo_path"": null, ""name"": ""Sweetland Films"", ""origin_country"": """"}, {""id"": 16280, ""logo_path"": ""/nuZoi9osmFiDYcbFiK94o6DKZEj.png"", ""name"": ""Jean Doumanian Productions"", ""origin_country"": ""US""}, {""id"": 65514, ""logo_path"": null, ""name"": ""Magnolia Films"", ""origin_country"": ""US""}, {""id"": 65515, ""logo_path"": null, ""name"": ""Jasmine Productions Inc."", ""origin_country"": """"}, {""id"": 58, ""logo_path"": ""/voYCwlBHJQANtjvm5MNIkCF1dDH.png"", ""name"": ""Sony Pictures Classics"", ""origin_country"": ""US""}]","[{""iso_3166_1"": ""US"", ""name"": ""United States of America""}]","[{""english_name"": ""English"", ""iso_639_1"": ""en"", ""name"": ""English""}]","[""US""]",null
29194,Fleshpot on 42nd Street,Fleshpot on 42nd Street,"Dusty, a street smart but desperately unhappy Times Square sex worker uses her body to survive; seducing, conning, and ripping off her johns.","Meet them all! Hustlers and pimps, pushers and S&M freaks, straight guys & girls looking for thrills and one-night stands!",Released,False,False,1973-01-10,84,0,0,0.8356,5.8,16,en,,tt0062980,/haVthw1Y9BADm4xse2rLzqgUEkx.jpg,/wbIZJJxo3CZTzwSJly8l6dGAVmm.jpg,"[{""id"": 18, ""name"": ""Drama""}, {""id"": 10749, ""name"": ""Romance""}]",[],"[{""iso_3166_1"": ""US"", ""name"": ""United States of America""}]","[{""english_name"": ""English"", ""iso_639_1"": ""en"", ""name"": ""English""}]","[""US""]",null
29196,"The Young, Erotic Fanny Hill","The Young, Erotic Fanny Hill","Fanny Hill enlightens friends, acquaintances, and folks off the street to the joys of sexual freedom and battery operated love devices! Lenore leaves her pal Fanny and moves to the big city where she and her two room-mates, hard pressed for money, become nude models. When Fanny comes for a visit, she shows the girls her gratitude for their hospitality...",,Released,False,False,1970-09-24,80,0,0,0.4108,4.2,5,en,,tt0066596,/z2CItxvd7r3B6TPpudlJzUu1w9Y.jpg,,"[{""id"": 18, ""name"": ""Drama""}]",[],"[{""iso_3166_1"": ""US"", ""name"": ""United States of America""}]","[{""english_name"": ""English"", ""iso_639_1"": ""en"", ""name"": ""English""}]","[""US""]",null
29197,Teenage Hitchhikers,Teenage Hitchhikers,Three girls go on the road and run into trouble with the people who give them rides.,Everything you're looking for... More than you bargained for!,Released,False,False,1974-08-30,74,0,0,0.6118,5.4,14,en,,tt0259617,/zLK2NIh2TXzaSHuU7eLiLH2MkF4.jpg,/kCvotMT7oLCcboQi1rTCVdJtTJ4.jpg,"[{""id"": 35, ""name"": ""Comedy""}]",[],"[{""iso_3166_1"": ""US"", ""name"": ""United States of America""}]","[{""english_name"": ""English"", ""iso_639_1"": ""en"", ""name"": ""English""}]","[""US""]",null
29199,Filthiest Show in Town,Filthiest Show in Town,"The heads of the National Genital Television Network go on trial to defend their network over one of their highest-rated shows: the very adult and very popular ""Mating Game.""",,Released,False,False,1973-03-01,74,0,0,0.2456,3.8,4,en,,tt0136922,/1LLbp6aJ3UTRPx0HCchYCOJnJtA.jpg,,"[{""id"": 35, ""name"": ""Comedy""}]",[],"[{""iso_3166_1"": ""US"", ""name"": ""United States of America""}]",[],"[""US""]",null
29203,Sweet Savior,Sweet Savior,"Sandra Barlow is a 70's girl looking for kicks in the form of sex and drugs. One day, she decides to have an orgy drug party and invite some ""freaks"" led by Moon to entertain her and her rich friends. Moon has other things in mind as his friends are looking for an orgy of sex and gore.",Six states wanted them jailed. Eight torture victims wanted them dead. All the blood freaks wanted was one more night… of the most brutal orgy in history!,Released,False,False,1971-09-01,92,0,0,0.4019,3.2,5,en,,tt0138121,/dxGBvxctRmJ3jIrNOcc7jnlstZX.jpg,/76Wwc4VPsf9Ry3icbOwQEvQHSrE.jpg,"[{""id"": 18, ""name"": ""Drama""}, {""id"": 53, ""name"": ""Thriller""}, {""id"": 27, ""name"": ""Horror""}]","[{""id"": 116552, ""logo_path"": null, ""name"": ""Trans World Attractions"", ""origin_country"": ""US""}]","[{""iso_3166_1"": ""US"", ""name"": ""United States of America""}]","[{""english_name"": ""English"", ""iso_639_1"": ""en"", ""name"": ""English""}]","[""US""]",null
29204,American Pop,American Pop,"The history of American popular music runs parallel with the history of a Russian Jewish immigrant family, with each male descendant possessing different musical abilities.","All those years, all those dreams, all those sons... one of them is going to be a star.",Released,False,False,1981-02-13,96,1500000,6000000,1.8466,6.9,117,en,,tt0082009,/svrATPrggBUauEhCyhiF7K175T9.jpg,/n82OZ74V3KBDQKrSVqgVzE8nnjs.jpg,"[{""id"": 16, ""name"": ""Animation""}, {""id"": 10402, ""name"": ""Music""}, {""id"": 18, ""name"": ""Drama""}, {""id"": 36, ""name"": ""History""}]","[{""id"": 4921, ""logo_path"": null, ""name"": ""Bakshi Productions"", ""origin_country"": ""US""}, {""id"": 4922, ""logo_path"": null, ""name"": ""Aspen Productions"", ""origin_country"": ""US""}, {""id"": 5, ""logo_path"": ""/71BqEFAF4V3qjjMPCpLuyJFB9A.png"", ""name"": ""Columbia Pictures"", ""origin_country"": ""US""}]","[{""iso_3166_1"": ""US"", ""name"": ""United States of America""}, {""iso_3166_1"": ""NL"", ""name"": ""Netherlands""}, {""iso_3166_1"": ""KR"", ""name"": ""South Korea""}, {""iso_3166_1"": ""GB"", ""name"": ""United Kingdom""}]","[{""english_name"": ""English"", ""iso_639_1"": ""en"", ""name"": ""English""}, {""english_name"": ""Hebrew"", ""iso_639_1"": ""he"", ""name"": ""\u05e2\u05b4\u05d1\u05b0\u05e8\u05b4\u05d9\u05ea""}, {""english_name"": ""Russian"", ""iso_639_1"": ""ru"", ""name"": ""P\u0443\u0441\u0441\u043a\u0438\u0439""}, {""english_name"": ""Yiddish"", ""iso_639_1"": ""yi"", ""name"": """"}]","[""US""]",null
29210,Savage Intruder,Savage Intruder,"An enigmatic young man manipulates his way into working at the decaying mansion of a once prolific, but now reclusive and alcoholic, movie star named Katharine Packard. While the rest of the house staff become suspicious of Vic's intentions, the aging movie queen is smitten. But as Vic begins behaving in more and more erratic ways, it becomes clear that he's far more sinister than his demeanor implies.",She loved and trusted him until he cut off her head.,Released,False,False,1970-01-01,91,0,0,0.7233,5.3,17,en,,tt0063552,/sD0aARtje1HbZbfD8MUH9ycBg67.jpg,/aUiQ4plu04Qkv4G4wzy5FFraSAi.jpg,"[{""id"": 53, ""name"": ""Thriller""}, {""id"": 27, ""name"": ""Horror""}]","[{""id"": 81046, ""logo_path"": null, ""name"": ""Congdon Productions"", ""origin_country"": """"}]","[{""iso_3166_1"": ""US"", ""name"": ""United States of America""}]","[{""english_name"": ""English"", ""iso_639_1"": ""en"", ""name"": ""English""}]","[""US""]",null
29211,"Muhammad Ali, the Greatest","Muhammad Ali, the Greatest","Universally accepted as a true icon of the 20th century, Muhammad Ali’s phenomenal achievements spanned sport, politics and religion. One man – photographer William Klein had comprehensive access to the events that shaped Ali’s legend.  In 1964, the young gregarious Cassius Clay successfully defeated the seemingly invincible Heavyweight Champion of the World Sonny Liston – the manner of Clay’s victory and his amazing persona made him an instant superstar. Through this incredible period, and Clay’s subsequent rematches with Liston, William Klein enjoyed unrivalled access top Clay’s camp – witnessing at first hand Cassius Clay becoming Muhammad Ali and angering the American people with his allegiance to Islam. Forward to Zaire 1974, and the return of Muhammad Ali to the world stage to face another invincible champion George Foreman. As Ali reclaimed the crown for a second time, Klein was ever present, capturing the full story at close quarter.",,Released,False,False,1974-04-09,123,0,0,0.6118,5.9,17,fr,https://www.filmlinc.org/nyff2020/films/muhammad-ali-the-greatest/,tt0219935,/14I1cwt6Mbnr5oDUhwdfWyKUHmx.jpg,/8Juy39aie8Jyu1dSWw115Q31OXs.jpg,"[{""id"": 99, ""name"": ""Documentary""}]","[{""id"": 10635, ""logo_path"": null, ""name"": ""Films Paris-New York"", ""origin_country"": ""FR""}, {""id"": 160331, ""logo_path"": null, ""name"": ""Delpire Productions"", ""origin_country"": ""FR""}]","[{""iso_3166_1"": ""FR"", ""name"": ""France""}]","[{""english_name"": ""English"", ""iso_639_1"": ""en"", ""name"": ""English""}, {""english_name"": ""French"", ""iso_639_1"": ""fr"", ""name"": ""Fran\u00e7ais""}]","[""FR""]",null
29212,The Weapon,The Weapon,A boy accidentally shoots a friend with a gun he found in the rubble of a destroyed building. The gun turns out to be a clue in a ten-year-old murder case.,This Gun Talked...,Released,False,False,1956-09-01,78,0,0,0.9425,5.917,18,en,,tt0051184,/1oQyb7HL6I5ZBLLKt61bw86cXhJ.jpg,/11qAbf5WSzJnVdBcrnyJ9cY6gD9.jpg,"[{""id"": 53, ""name"": ""Thriller""}, {""id"": 80, ""name"": ""Crime""}]","[{""id"": 4918, ""logo_path"": null, ""name"": ""Periclean Productions"", ""origin_country"": """"}]","[{""iso_3166_1"": ""GB"", ""name"": ""United Kingdom""}]","[{""english_name"": ""English"", ""iso_639_1"": ""en"", ""name"": ""English""}]","[""GB""]",null
29214,Echoes,Echoes,"An artist is plagued by nightmares of a love triangle and murder. A psychic says the dream figure is his brother, a ""troubled soul"" from an ancient past life. Nearly born as his twin but miscarried, this past life rival now breaks through in nightmares in attempt to repeat history.",It all began with a nightmare too terrifying to ignore ~ impossible to forget.,Released,False,False,1982-01-01,89,0,0,0.8486,3.5,4,en,,tt0085471,/kTAqXw80XokVrYHehoW01zt2HP3.jpg,/83aqQ9exURrRH4aheIfSDhgGBJD.jpg,"[{""id"": 18, ""name"": ""Drama""}, {""id"": 27, ""name"": ""Horror""}]",[],"[{""iso_3166_1"": ""US"", ""name"": ""United States of America""}]","[{""english_name"": ""English"", ""iso_639_1"": ""en"", ""name"": ""English""}]","[""US""]",null
29215,Overseas,Overseas,"“Overseas”… the latest creation from Pirate Movie Production… our winter, introducing passionate moments on snow captured on 16mm to enjoy from wherever one may be.",,Released,False,False,2008-10-13,0,0,0,0.2593,0.0,0,en,http://www.pirate-movie-production.com/movies/overseas,,,,"[{""id"": 99, ""name"": ""Documentary""}]","[{""id"": 4920, ""logo_path"": null, ""name"": ""Pirate Movie Production"", ""origin_country"": ""AT""}]",[],[],"[""US""]",null
29216,Voices from the Graves,Voices from the Graves,A police detective is investigated when he claims to see ghosts.,,Released,False,False,2006-01-01,0,0,0,0.8168,0.0,0,en,,tt0800257,,,"[{""id"": 53, ""name"": ""Thriller""}]",[],"[{""iso_3166_1"": ""US"", ""name"": ""United States of America""}]","[{""english_name"": ""English"", ""iso_639_1"": ""en"", ""name"": ""English""}]","[""US""]",null
29217,Sigma Die!,Sigma Die!,"Death is no stranger to Zeta house, where events surrounding a panty raid gone awry have become the stuff of legend. Now, more than 20 years later, death is in the air again as five Zeta girls set up summer residence off-campus.",The Legend of Zeta House Continues!,Released,False,False,2007-01-01,84,200000,0,0.6534,2.5,4,en,,tt0933389,/eUh6qJbinR6STy5BKHG7X2Vx2cW.jpg,,"[{""id"": 27, ""name"": ""Horror""}]","[{""id"": 43390, ""logo_path"": null, ""name"": ""Production Magic Inc."", ""origin_country"": """"}, {""id"": 178061, ""logo_path"": null, ""name"": ""Raymond L. Blagmon Productions"", ""origin_country"": """"}]","[{""iso_3166_1"": ""US"", ""name"": ""United States of America""}]","[{""english_name"": ""English"", ""iso_639_1"": ""en"", ""name"": ""English""}]","[""US""]",null
29218,ROT: Reunion of Terror,ROT: Reunion of Terror,"When a group of former high school pals gather at a remote cabin for a raucous 10-year reunion, they find themselves terrorized by a mysterious killer with a serious ax to grind. Could the murderer be one of their own who is out for revenge? Possibly -- for as the classmates disappear one by one, the survivors uncover a secret that devastates them all.",Discover the secret,Released,False,False,2008-06-07,82,115000,0,0.4793,5.2,6,en,,tt0945587,/fwm1FqKLK0t1LzDQLnBhouMX9ku.jpg,/b4kl5eBCGiX9QU4Mkwbor6CRzAj.jpg,"[{""id"": 27, ""name"": ""Horror""}]",[],"[{""iso_3166_1"": ""US"", ""name"": ""United States of America""}]","[{""english_name"": ""English"", ""iso_639_1"": ""en"", ""name"": ""English""}]","[""US""]",null
29220,Odysseus & the Isle of Mists,Odysseus & the Isle of Mists,"King Odysseus has been away from Ithaca for twenty years.The first ten he spent fighting the Trojan War the last ten he spent fighting to get home. Among his adventures is the tale Homer felt was too horrible to tell, the missing book of the Odyssey known as The Isle of the Mists. Here the Warrior King and his men face the Goddess of the Underworld and her winged horrific creatures.",,Released,False,False,2008-02-15,88,1100000,0,1.2865,6.2,70,en,http://www.insightfilm.com/odysseus.html,tt0945580,/qulthK4FFQqGFqgqMH5KOWRU8wq.jpg,/9ttEphsc6qb8AYVqDWTPglLq9AB.jpg,"[{""id"": 12, ""name"": ""Adventure""}, {""id"": 14, ""name"": ""Fantasy""}]","[{""id"": 2865, ""logo_path"": ""/5O0gp5QS3n9ZPRvWFxaWa6QPpGX.png"", ""name"": ""Insight Film Studios"", ""origin_country"": ""CA""}, {""id"": 4925, ""logo_path"": null, ""name"": ""Plinyminor"", ""origin_country"": """"}, {""id"": 6626, ""logo_path"": ""/y1PsXJOr4fSUk948lftHFUw67hs.png"", ""name"": ""Voltage Pictures"", ""origin_country"": ""US""}]","[{""iso_3166_1"": ""CA"", ""name"": ""Canada""}, {""iso_3166_1"": ""US"", ""name"": ""United States of America""}]","[{""english_name"": ""English"", ""iso_639_1"": ""en"", ""name"": ""English""}]","[""US""]",null
29221,Indiscretions,Indiscretions,This suspenseful thriller is about an estranged couple who become the reluctant rescuers of a beautiful woman and find themselves in the path of an unstoppable creature.,,Released,False,False,2009-09-01,78,0,0,0.0955,0.0,0,en,,tt1231597,,,"[{""id"": 18, ""name"": ""Drama""}, {""id"": 27, ""name"": ""Horror""}]","[{""id"": 4924, ""logo_path"": null, ""name"": ""Hocus Focus Productions"", ""origin_country"": """"}]","[{""iso_3166_1"": ""US"", ""name"": ""United States of America""}]","[{""english_name"": ""English"", ""iso_639_1"": ""en"", ""name"": ""English""}]","[""US""]",null
29222,Stopped Dead,Stopped Dead,"Four friends embark on a trip in an RV, but soon find themselves running for their lives.",,Released,False,False,2009-01-01,90,0,0,0.1942,0.0,0,en,,tt1452298,/evzomemAqb7FolGoL4Nn91E5Zs2.jpg,,"[{""id"": 27, ""name"": ""Horror""}]",[],"[{""iso_3166_1"": ""US"", ""name"": ""United States of America""}]","[{""english_name"": ""English"", ""iso_639_1"": ""en"", ""name"": ""English""}]","[""US""]",null
29223,All Wrapped Up,All Wrapped Up,"The tale of four ""mummies"", two vampires, and a collection of other monsters converge in a story spanning nearly 5000 years over four continents.",,Released,False,False,2007-01-01,110,0,0,0.3377,0.0,0,en,,tt0790800,,,"[{""id"": 27, ""name"": ""Horror""}]",[],"[{""iso_3166_1"": ""US"", ""name"": ""United States of America""}]","[{""english_name"": ""English"", ""iso_639_1"": ""en"", ""name"": ""English""}]","[""US""]",null
29224,The Jönsson Gang & Dynamite Harry,Jönssonligan & DynamitHarry,"Sickan, Vanheden and Rocky try to rob the Berns nightclub one night, but Vanheden has made the mistake to invite his constantly drunk cousin, the old dynamiter Dynamite-Harry and he ruins the plan. Sickan is arrested, and has to spend 10 months in a small, locked room. When he is released, he has a new plan, but Rocky and Vanheden have decided to go straight. Together with Dynamite-Harry, Sickan plans to rob a cold store, managed by their arch-enemy, Wall-Enberg.",,Released,False,False,1982-09-17,106,0,0,0.7616,5.972,71,sv,,tt0084189,/rnwoaPImq7OJBUuIAxbEH0tpllC.jpg,/srtEAbZSG6mDlretmXAiCjaxUcJ.jpg,"[{""id"": 35, ""name"": ""Comedy""}, {""id"": 80, ""name"": ""Crime""}]","[{""id"": 235, ""logo_path"": ""/obOynoztBEhDNfHsDXBqOuQLAZk.png"", ""name"": ""Nordisk Film Denmark"", ""origin_country"": ""DK""}, {""id"": 10626, ""logo_path"": null, ""name"": ""Papphammar Produktion"", ""origin_country"": ""SE""}, {""id"": 10627, ""logo_path"": null, ""name"": ""Prodekta"", ""origin_country"": ""SE""}, {""id"": 6181, ""logo_path"": ""/gYyww91VI1jdH89xpZgFFc8zN3F.png"", ""name"": ""SF Studios"", ""origin_country"": ""SE""}, {""id"": 2302, ""logo_path"": ""/rPXEdpqwFycAY9ZgrAJXv13qcWW.png"", ""name"": ""Svenska Filminstitutet"", ""origin_country"": ""SE""}, {""id"": 3899, ""logo_path"": null, ""name"": ""Nordisk Tonefilm"", ""origin_country"": ""SE""}]","[{""iso_3166_1"": ""DK"", ""name"": ""Denmark""}, {""iso_3166_1"": ""SE"", ""name"": ""Sweden""}]","[{""english_name"": ""German"", ""iso_639_1"": ""de"", ""name"": ""Deutsch""}, {""english_name"": ""Swedish"", ""iso_639_1"": ""sv"", ""name"": ""svenska""}]","[""DK"", ""SE""]","{""id"": 63170, ""name"": ""J\u00f6nsson Gang Collection"", ""poster_path"": ""/dqYiTY0ctZEsckX8sfF2x3lekFV.jpg"", ""backdrop_path"": ""/jL9sAZ1p5EQuMKhFqJpgbdntefw.jpg""}"
29225,Nun of That,Nun of That,"Sister Kelly Wrath transforms from a nun with a simple temper problem to a vengeful killer. After being gunned down in an alley, she ascends to Heaven to receive training from some of the great figures of religious mythology—Moses, Gandhi, and Jesus Himself. She is sent back to Earth to join the other members of the Order of the Black Habit, a group of supernatural vigilante nuns as they seek revenge against the mob.",A blast for you and a blasphemy!,Released,False,False,2009-04-10,85,75000,0,0.4528,4.5,15,en,,tt1385949,/oLIHNhmebvbdM8Pr5dEpq7pYdcF.jpg,/zz2LbfvjgjNVnqwsHCMxIV52vk8.jpg,"[{""id"": 28, ""name"": ""Action""}, {""id"": 35, ""name"": ""Comedy""}, {""id"": 80, ""name"": ""Crime""}, {""id"": 53, ""name"": ""Thriller""}]","[{""id"": 22526, ""logo_path"": null, ""name"": ""Scorpio Film Releasing"", ""origin_country"": ""US""}]","[{""iso_3166_1"": ""US"", ""name"": ""United States of America""}]","[{""english_name"": ""English"", ""iso_639_1"": ""en"", ""name"": ""English""}]","[""US""]",null
29226,Hallow Pointe,Hallow Pointe,"The film is centered around Madeline’s Closet, a quaint bed and breakfast hidden away from the world on a forgotten dirt road in the woods. Henry and Jane are hoping a weekend there will help rekindle their love for each other. Staying there, along with a few other guests, everything seems to be going as planned…until the sun sets and the full moon lights up the sky. Instead of trying to save their marriage they must now work together to try and save their lives.",,Released,False,False,2010-12-12,0,0,0,0.5582,2.0,1,en,,,,,"[{""id"": 27, ""name"": ""Horror""}]",[],[],[],"[""US""]",null
29227,Devil's Moon,Devil's Moon,"Two office rivals find themselves being stalked by a serial killer in the woods. To complicate matters further, three nearby goth girls chanting spells have just unleashed demonic forces.",,Released,False,False,2004-01-01,90,0,0,0.3957,3.0,2,en,,tt0816475,/5MgCaVtlnQCRuiwRiYRnMdmnMQt.jpg,,"[{""id"": 27, ""name"": ""Horror""}]",[],"[{""iso_3166_1"": ""US"", ""name"": ""United States of America""}]","[{""english_name"": ""English"", ""iso_639_1"": ""en"", ""name"": ""English""}]","[""US""]",null
29228,The Computer Wore Tennis Shoes,The Computer Wore Tennis Shoes,"Some college students manage to persuade the town's big businessman, A. J. Arno, to donate a computer to their college. When the problem- student, Dexter Riley, tries to fix the computer, he gets an electric shock and his brain turns to a computer; now he remembers everything he reads. Unfortunately, he also remembers information which was in the computer's memory, like Arno's illegal businesses..",Programmed for laughs!,Released,False,False,1969-12-29,91,0,0,1.8144,6.0,157,en,,tt0065566,/vXfUKvAHTIifAU7IP17kl1ZBGh6.jpg,/ulSMjQWtePjr0fvGw1l0lZDMo9R.jpg,"[{""id"": 35, ""name"": ""Comedy""}, {""id"": 10751, ""name"": ""Family""}, {""id"": 18, ""name"": ""Drama""}]","[{""id"": 3166, ""logo_path"": ""/jmPS1qPfKnISciDF7RnUbh48jvK.png"", ""name"": ""Walt Disney Productions"", ""origin_country"": ""US""}]","[{""iso_3166_1"": ""US"", ""name"": ""United States of America""}]","[{""english_name"": ""English"", ""iso_639_1"": ""en"", ""name"": ""English""}]","[""US""]","{""id"": 297143, ""name"": ""Dexter Riley Collection"", ""poster_path"": ""/ztp2eiwSjllglG5OVN6MJgPLZCI.jpg"", ""backdrop_path"": ""/yBI5iw7ikxbYF4SSU4xpbQhxMhw.jpg""}"
29229,Left Behind II: Tribulation Force,Left Behind II: Tribulation Force,"After millions vanish, a group of people must band together to form the Tribulation Force and prepare themselves for the worst seven years the planet has ever seen.",The Continuing Drama Of Those Left Behind.,Released,False,False,2002-10-29,96,3800000,0,1.4085,4.5,85,en,,tt0283644,/u4R0xYkKIOInESYvQcnODukSz5t.jpg,/18sX5Ko1OzaW4phFDD5s2FyQ3Es.jpg,"[{""id"": 14, ""name"": ""Fantasy""}, {""id"": 18, ""name"": ""Drama""}, {""id"": 53, ""name"": ""Thriller""}]","[{""id"": 3226, ""logo_path"": ""/ayMfePnYAu4QnK2eHz7MdS362k1.png"", ""name"": ""Cloud Ten Pictures"", ""origin_country"": ""CA""}]","[{""iso_3166_1"": ""US"", ""name"": ""United States of America""}, {""iso_3166_1"": ""CA"", ""name"": ""Canada""}]","[{""english_name"": ""English"", ""iso_639_1"": ""en"", ""name"": ""English""}]","[""CA"", ""US""]","{""id"": 109082, ""name"": ""Left Behind Collection"", ""poster_path"": ""/x22nc44hxDESi7KTWRGdRFZ9kQ.jpg"", ""backdrop_path"": ""/hntZokJYwv4ZQJs16h3ldq60nCI.jpg""}"
29230,The Ghouls,The Ghouls,"Eric Hayes is a stringer. One notch below the lowest rung of the journalistic ladder. A video vulture preying on police chases, ambulance runs, and random street violence, selling his footage to the highest bidder and living on a steady diet of cigarettes and bloodlust. For years, Eric has lived off of other people's pain and misery. But he's about to discover something beneath the streets of Los Angeles even hungrier for blood than he is. He's about to discover THE GHOULS.",If it bleeds it leads.,Released,False,False,2003-11-06,81,9000,0,0.6594,3.1,13,en,,tt0387254,/zaj1udFosc5RILa7yMz7tTOTKEa.jpg,,"[{""id"": 27, ""name"": ""Horror""}]",[],"[{""iso_3166_1"": ""US"", ""name"": ""United States of America""}]","[{""english_name"": ""English"", ""iso_639_1"": ""en"", ""name"": ""English""}]","[""US""]",null
29231,The Immortals,The Immortals,"An elaborate heist unites 8 strangers in a simultaneous assault on targets all over the city- and explodes in a hailstorm of gunfire and high-speed chases in this powerful action-thriller.  Recruited by a Mafia nightclub owner (Eric Roberts), 4 teams launch a brutal cross-town attack to retrieve suitcases full of cash.  But as the violence escalates, the team members discover just who their real target has been all along - and the shocking truth they have in common.",It was a chance of a lifetime. If they lived that long.,Released,False,False,1995-10-05,98,50,83,1.6864,5.6,33,en,,tt0113394,/rShuJsXmzT4pzUm6aBO5NIpq1uw.jpg,/dxY5PYsKSu99JkxKOv6iACui7Mw.jpg,"[{""id"": 28, ""name"": ""Action""}, {""id"": 80, ""name"": ""Crime""}, {""id"": 18, ""name"": ""Drama""}, {""id"": 53, ""name"": ""Thriller""}]","[{""id"": 925, ""logo_path"": ""/dIb9hjXNOkgxu4kBWdIdK8nM4w.png"", ""name"": ""Nu Image"", ""origin_country"": ""US""}, {""id"": 38017, ""logo_path"": null, ""name"": ""End Productions"", ""origin_country"": """"}, {""id"": 5416, ""logo_path"": null, ""name"": ""Mondofin B.V."", ""origin_country"": """"}]","[{""iso_3166_1"": ""US"", ""name"": ""United States of America""}]","[{""english_name"": ""English"", ""iso_639_1"": ""en"", ""name"": ""English""}, {""english_name"": ""Russian"", ""iso_639_1"": ""ru"", ""name"": ""P\u0443\u0441\u0441\u043a\u0438\u0439""}]","[""US""]",null
29232,Methodic,Methodic,"Possessed by an ominous presence known as ""The Dollman"", a young boy murders his parents in cold blood. Sentenced to a life under a microscope at the state mental hospital, ""The Dollman"" simply bides his time, dwelling within the boy, waiting for the day when he will become powerful enough to completely take over his human host and escape!",The World's 1st BASHER Movie!,Released,False,False,2007-10-19,97,30000,0,0.4288,4.1,14,en,https://www.amazon.com/Methodic-Niki-Notarile/dp/B0CQKDDDKG,tt1067078,/e8XexneS4NdB2O1JDZTIva4HJgu.jpg,/f3ZpE3jtMxqkCFTBYd67T1o9Wlm.jpg,"[{""id"": 18, ""name"": ""Drama""}, {""id"": 27, ""name"": ""Horror""}]","[{""id"": 27787, ""logo_path"": null, ""name"": ""Blinky Productions"", ""origin_country"": """"}]","[{""iso_3166_1"": ""US"", ""name"": ""United States of America""}]","[{""english_name"": ""English"", ""iso_639_1"": ""en"", ""name"": ""English""}]","[""US""]",null
29233,Horton Hears a Who!,Horton Hears a Who!,"In this story, Horton discovers there is a microscopic community of intelligent beings called the Who's living on a plant that only he can hear. Recognising the dangers they face, he resolves to keep them safe. However, the other animals around him think Horton has gone crazy thinking that there are such beings.",,Released,False,False,1970-03-18,26,0,0,1.1832,6.8,52,en,,tt0198545,/iYYMhLU7Q702XydshudAcyViJ9V.jpg,/qlyrBbdml2l1nXOnVnWotsAHt2n.jpg,"[{""id"": 16, ""name"": ""Animation""}, {""id"": 10751, ""name"": ""Family""}]","[{""id"": 8811, ""logo_path"": null, ""name"": ""The Cat in the Hat Productions"", ""origin_country"": ""US""}, {""id"": 2230, ""logo_path"": ""/igOjospzsKQIbpuFCGhoN5F9icS.png"", ""name"": ""MGM Television"", ""origin_country"": ""US""}, {""id"": 54210, ""logo_path"": null, ""name"": ""MGM Animation/Visual Arts"", ""origin_country"": ""US""}, {""id"": 21, ""logo_path"": ""/usUnaYV6hQnlVAXP6r4HwrlLFPG.png"", ""name"": ""Metro-Goldwyn-Mayer"", ""origin_country"": ""US""}]","[{""iso_3166_1"": ""US"", ""name"": ""United States of America""}]","[{""english_name"": ""English"", ""iso_639_1"": ""en"", ""name"": ""English""}]","[""US""]",null
29235,The Premature Burial,The Premature Burial,An artist grows distant from his new wife as an irrational fear of premature burial consumes him.,Within the Coffin I Lie...ALIVE!,Released,False,False,1962-03-07,81,0,1250000,1.7648,6.3,140,en,,tt0056368,/lHy5kqRrLPKnO61HG2xehGW9oLX.jpg,/4wlsQhrSPKI1ogfcPZJ5EZXtqEI.jpg,"[{""id"": 27, ""name"": ""Horror""}, {""id"": 18, ""name"": ""Drama""}, {""id"": 9648, ""name"": ""Mystery""}, {""id"": 53, ""name"": ""Thriller""}]","[{""id"": 34281, ""logo_path"": null, ""name"": ""Santa Clara Productions"", ""origin_country"": """"}, {""id"": 9266, ""logo_path"": ""/lRinQ7scVye5N8qkUIoCB4QXbRh.png"", ""name"": ""American International Pictures"", ""origin_country"": ""US""}]","[{""iso_3166_1"": ""US"", ""name"": ""United States of America""}]","[{""english_name"": ""French"", ""iso_639_1"": ""fr"", ""name"": ""Fran\u00e7ais""}, {""english_name"": ""English"", ""iso_639_1"": ""en"", ""name"": ""English""}]","[""US""]",null
29236,The Arnelo Affair,The Arnelo Affair,A neglected wife gets mixed up with an hypnotic charmer and murder.,,Released,False,False,1947-02-13,86,0,0,0.9723,5.0,13,en,,tt0039160,/acyOsK8da5FGY1zRaR8XWXaKmr0.jpg,/zqghZvPVHXS0zecXKSB8W92OAaz.jpg,"[{""id"": 80, ""name"": ""Crime""}, {""id"": 18, ""name"": ""Drama""}]","[{""id"": 21, ""logo_path"": ""/usUnaYV6hQnlVAXP6r4HwrlLFPG.png"", ""name"": ""Metro-Goldwyn-Mayer"", ""origin_country"": ""US""}]","[{""iso_3166_1"": ""US"", ""name"": ""United States of America""}]","[{""english_name"": ""English"", ""iso_639_1"": ""en"", ""name"": ""English""}]","[""US""]",null
29237,Shock,Shock,"In this thriller, psychiatrist Dr. Cross kills his wife and expects to get away with murder, until he discovers that the slaying was observed by a next-door neighbor, Janet Stewart. As Janet attempts to convince her husband of the doctor's dastardly deed, Cross shows up to advise him that Janet is in dire need of some in-depth counseling.",He never dreamed what it would all lead to...and she didn't care !,Released,False,False,1946-02-01,70,375000,0,1.4228,5.9,64,en,,tt0038937,/egWouljGXXidknA9cplDTApXcAt.jpg,/pbUs4pFJJ7lSXPBp99BAIQ1XMzo.jpg,"[{""id"": 53, ""name"": ""Thriller""}, {""id"": 18, ""name"": ""Drama""}]","[{""id"": 25, ""logo_path"": ""/qZCc1lty5FzX30aOCVRBLzaVmcp.png"", ""name"": ""20th Century Fox"", ""origin_country"": ""US""}]","[{""iso_3166_1"": ""US"", ""name"": ""United States of America""}]","[{""english_name"": ""English"", ""iso_639_1"": ""en"", ""name"": ""English""}]","[""US""]",null
29238,The Man Who Turned to Stone,The Man Who Turned to Stone,"A new social worker at a girls' reformatory discovers that her charges are being used by a group of ancient alchemists, who have insinuated themselves as the prison's chief staffers, to keep themselves alive and free from an insidious petrification, which is already afflicting one of their number.",Human or inhuman? No woman is safe...!,Released,False,False,1957-03-01,71,0,0,1.0423,4.7,11,en,,tt0050675,/w3OhX5wLUAsbjUEQhwdDspIOCIA.jpg,/4moVXZXjwUSCPzu5gPGCUFqPHq0.jpg,"[{""id"": 27, ""name"": ""Horror""}, {""id"": 878, ""name"": ""Science Fiction""}]","[{""id"": 3458, ""logo_path"": null, ""name"": ""Clover Productions"", ""origin_country"": ""US""}, {""id"": 5, ""logo_path"": ""/71BqEFAF4V3qjjMPCpLuyJFB9A.png"", ""name"": ""Columbia Pictures"", ""origin_country"": ""US""}]","[{""iso_3166_1"": ""US"", ""name"": ""United States of America""}]","[{""english_name"": ""English"", ""iso_639_1"": ""en"", ""name"": ""English""}]","[""US""]",null
29239,The Mummy's Tomb,The Mummy's Tomb,A high priest of Karnak travels to America with the living mummy Kharis (Lon Chaney Jr.) to kill all those who had desecrated the tomb of the Egyptian princess Ananka thirty years earlier.,The FEAR of the Year!,Released,False,False,1942-10-23,61,0,0,2.1902,5.5,81,en,,tt0035096,/wuaqpLGb5PHpUGUCmQwyS5EVLdw.jpg,/vGdrgwFPcdAqLxOPy4NQobQ6EnS.jpg,"[{""id"": 27, ""name"": ""Horror""}, {""id"": 14, ""name"": ""Fantasy""}]","[{""id"": 33, ""logo_path"": ""/8lvHyhjr8oUKOOy2dKXoALWKdp0.png"", ""name"": ""Universal Pictures"", ""origin_country"": ""US""}]","[{""iso_3166_1"": ""US"", ""name"": ""United States of America""}]","[{""english_name"": ""English"", ""iso_639_1"": ""en"", ""name"": ""English""}]","[""US""]","{""id"": 221544, ""name"": ""The Mummy (Universal) Collection"", ""poster_path"": ""/AvNgVQAVU7glcRawxyXnyHMPPbk.jpg"", ""backdrop_path"": ""/9Hurk1iwEE3USJpBe48FChOSROC.jpg""}"
29241,Strange Confession,Strange Confession,"A scientist who is working on a cure for influenza is victimized by his unscrupulous boss, who releases the vaccine before it's ready, resulting in the death of the scientist's son.",Newest Weirdest Shocker,Released,False,False,1945-10-05,62,0,0,0.6259,6.8,23,en,,tt0038124,/uAm963eBAGWsDooujlD5r1rIGcc.jpg,/v8bThp6oVYYuDM1Y5i2ATQUVWfJ.jpg,"[{""id"": 80, ""name"": ""Crime""}, {""id"": 9648, ""name"": ""Mystery""}, {""id"": 18, ""name"": ""Drama""}, {""id"": 27, ""name"": ""Horror""}]","[{""id"": 33, ""logo_path"": ""/8lvHyhjr8oUKOOy2dKXoALWKdp0.png"", ""name"": ""Universal Pictures"", ""origin_country"": ""US""}]","[{""iso_3166_1"": ""US"", ""name"": ""United States of America""}]","[{""english_name"": ""English"", ""iso_639_1"": ""en"", ""name"": ""English""}]","[""US""]","{""id"": 1005941, ""name"": ""Inner Sanctum Mysteries Collection"", ""poster_path"": ""/dPmPCFfr0kLV0Hnyu6JiEVymkid.jpg"", ""backdrop_path"": ""/2N3TytKyTTtGl7kao1FxGfC5gdn.jpg""}"
29242,The Mummy's Curse,The Mummy's Curse,"After being buried in quicksand for the past 25 years, Kharis is set free to roam the rural bayous of Louisiana, as is the soul of his beloved Princess Ananka, still housed in the body of Amina Mansouri, who seeks help and protection at a swamp draining project.",Egypt's ancient loves live again in evil!,Released,False,False,1944-12-22,60,0,0,1.9364,5.5,78,en,,tt0037098,/mzdLuaFsZrxJ7KcrExTh7GEOqJt.jpg,/k4SJCY65JzCgenu8gyNMb1NWGCD.jpg,"[{""id"": 27, ""name"": ""Horror""}, {""id"": 14, ""name"": ""Fantasy""}]","[{""id"": 33, ""logo_path"": ""/8lvHyhjr8oUKOOy2dKXoALWKdp0.png"", ""name"": ""Universal Pictures"", ""origin_country"": ""US""}]","[{""iso_3166_1"": ""US"", ""name"": ""United States of America""}]","[{""english_name"": ""English"", ""iso_639_1"": ""en"", ""name"": ""English""}, {""english_name"": ""French"", ""iso_639_1"": ""fr"", ""name"": ""Fran\u00e7ais""}]","[""US""]","{""id"": 221544, ""name"": ""The Mummy (Universal) Collection"", ""poster_path"": ""/AvNgVQAVU7glcRawxyXnyHMPPbk.jpg"", ""backdrop_path"": ""/9Hurk1iwEE3USJpBe48FChOSROC.jpg""}"
29243,The Mummy's Ghost,The Mummy's Ghost,"An Egyptian high priest travels to America to reclaim the bodies of ancient Egyptian princess Ananka and her living guardian mummy Kharis. Learning that Ananka's spirit has been reincarnated into another body, he kidnaps a young woman of Egyptian descent with a mysterious resemblance to the princess. However, the high priest's greedy desires cause him to lose control of the mummy...",Nameless! Fleshless! Deathless!,Released,False,False,1944-06-30,60,0,0,2.3143,5.6,82,en,,tt0037099,/eRNWTjYXkUQvqopfgz8DvHolxWA.jpg,/4I9kfIAHK64pii1T4kBQz3n2ijJ.jpg,"[{""id"": 27, ""name"": ""Horror""}, {""id"": 14, ""name"": ""Fantasy""}]","[{""id"": 33, ""logo_path"": ""/8lvHyhjr8oUKOOy2dKXoALWKdp0.png"", ""name"": ""Universal Pictures"", ""origin_country"": ""US""}]","[{""iso_3166_1"": ""US"", ""name"": ""United States of America""}]","[{""english_name"": ""English"", ""iso_639_1"": ""en"", ""name"": ""English""}]","[""US""]","{""id"": 221544, ""name"": ""The Mummy (Universal) Collection"", ""poster_path"": ""/AvNgVQAVU7glcRawxyXnyHMPPbk.jpg"", ""backdrop_path"": ""/9Hurk1iwEE3USJpBe48FChOSROC.jpg""}"
29244,3 Godfathers,3 Godfathers,"Three outlaws on the run discover a dying woman and her baby. They swear to bring the infant to safety across the desert, even at the risk of their own lives.",John Ford's Legend of the Southwest!,Released,False,False,1948-12-31,102,1243000,2841000,1.8065,6.7,201,en,,tt0040064,/dsVrYIpK2Rcgsr5QrfjBQWee5JE.jpg,/vkDqTAQdBvtABEA43Kt8hAdD5K3.jpg,"[{""id"": 37, ""name"": ""Western""}]","[{""id"": 1281, ""logo_path"": null, ""name"": ""Argosy Pictures"", ""origin_country"": ""US""}, {""id"": 21, ""logo_path"": ""/usUnaYV6hQnlVAXP6r4HwrlLFPG.png"", ""name"": ""Metro-Goldwyn-Mayer"", ""origin_country"": ""US""}]","[{""iso_3166_1"": ""US"", ""name"": ""United States of America""}]","[{""english_name"": ""Spanish"", ""iso_639_1"": ""es"", ""name"": ""Espa\u00f1ol""}, {""english_name"": ""English"", ""iso_639_1"": ""en"", ""name"": ""English""}]","[""US""]",null
29246,Den komplette fuglehund 2,Den komplette fuglehund 2,,,Released,False,True,2010-01-05,95,0,0,0.0498,0.0,0,no,,,,,"[{""id"": 99, ""name"": ""Documentary""}]",[],[],"[{""english_name"": ""Norwegian"", ""iso_639_1"": ""no"", ""name"": ""Norsk""}]","[""NO""]",null
29248,Echoes of Innocence,Echoes of Innocence,A contemporary high school girl hears voices and sees visions like Joan of Arc. She is torn between her commitment to a long-lost first love and her growing feelings for another.,,Released,False,False,2005-02-17,119,350000,0,0.5255,6.0,2,en,https://www.fusionflix.com/eoi,tt0368413,/ybEPPEE6mlVCBUpJ0niCUahQTzW.jpg,/bX8Eo94I1q4Y6g02aZzJfpFOO6l.jpg,"[{""id"": 18, ""name"": ""Drama""}, {""id"": 9648, ""name"": ""Mystery""}, {""id"": 53, ""name"": ""Thriller""}]","[{""id"": 228591, ""logo_path"": ""/kMWtRKZl0hPeZoNGPzp6h6HNith.png"", ""name"": ""FusionFlix Entertainment"", ""origin_country"": ""US""}]","[{""iso_3166_1"": ""US"", ""name"": ""United States of America""}]","[{""english_name"": ""English"", ""iso_639_1"": ""en"", ""name"": ""English""}]","[""US""]",null
29249,Den Komplette fuglehund,Den Komplette fuglehund,"Jakt med stående fuglehund i Norge er en populær jaktform. ""Den komplette fuglehund"" finnes neppe, men det eom imidlertid er sikkert, er at for å være en komplett fuglehund må den mestre en rejje forskjellige biotoper, værforhold og viltarter. I denne filmen får du se hunder som er komplett rolige i fugl - og hunder som ikke er det.",,Released,False,False,2011-04-30,0,0,0,0.0193,0.0,0,en,,,,,[],[],[],"[{""english_name"": ""Norwegian Bokm\u00e5l"", ""iso_639_1"": ""nb"", ""name"": ""Bokm\u00e5l""}]","[""US""]",null
29251,On Any Sunday,On Any Sunday,"Documentary on motorcycle racing featuring stars of the sport, including film star Steve McQueen, a racer in his own right.",Take a trip at 265 mph,Released,False,False,1971-07-28,96,0,0,0.4143,6.8,24,en,,tt0067527,/5SXfbuEtAGFVAbY9uSPirfd8I8u.jpg,/5tOMD50gvzerK4et7OhuSi7u8ae.jpg,"[{""id"": 99, ""name"": ""Documentary""}]","[{""id"": 13723, ""logo_path"": null, ""name"": ""Bruce Brown Films"", ""origin_country"": """"}, {""id"": 2403, ""logo_path"": null, ""name"": ""Monterey Films"", ""origin_country"": """"}]","[{""iso_3166_1"": ""US"", ""name"": ""United States of America""}]","[{""english_name"": ""English"", ""iso_639_1"": ""en"", ""name"": ""English""}]","[""US""]","{""id"": 391047, ""name"": ""On Any Sunday Collection"", ""poster_path"": ""/du81wIIdDKDehs9hAGO775DQd8o.jpg"", ""backdrop_path"": ""/bkjRchI1uUTXgkFiKVrGhtdLsQk.jpg""}"
29254,Rhubarb,Rhubarb,"Rich, eccentric T.J. Banner adopts a feral cat who becomes an affectionate pet he names Rhubarb. Then T.J. dies, leaving to Rhubarb most of his money and a pro baseball team, the Brooklyn Loons. When the team protests, publicist Eric Yeager convinces them Rhubarb is good luck. But Eric's fiancée Polly seems to be allergic to cats, and the team's success may mean new hazards for Rhubarb.",It's the Funniest Picture in Nine Lifetimes!,Released,False,False,1951-08-29,94,0,0,1.0207,5.3,8,en,,tt0043967,/qSJfqcmNdjTbpJTpqVTBnZUbmlj.jpg,/jm3SRtR21nxsV0Iyg546jSfmzO4.jpg,"[{""id"": 35, ""name"": ""Comedy""}, {""id"": 10751, ""name"": ""Family""}]","[{""id"": 4, ""logo_path"": ""/jay6WcMgagAklUt7i9Euwj1pzTF.png"", ""name"": ""Paramount Pictures"", ""origin_country"": ""US""}]","[{""iso_3166_1"": ""US"", ""name"": ""United States of America""}]","[{""english_name"": ""English"", ""iso_639_1"": ""en"", ""name"": ""English""}]","[""US""]",null
29257,Under the Gun,Under the Gun,A convicted racketeer becomes prison trustee when an inmate whom he persuaded to escape is killed.,Story of a prison farm that gave a convict a gun...and gave him a pardon if he used it!,Released,False,False,1951-02-22,83,0,0,0.8491,6.1,7,en,,tt0043086,/6paXIyz04SNTEIE8nDK3AIe972Z.jpg,/7i2lYK55TQ7hYFF5R6te1H1eCSJ.jpg,"[{""id"": 80, ""name"": ""Crime""}]","[{""id"": 10330, ""logo_path"": ""/vevakirICdmHxRPeZUdbjFqcFLM.png"", ""name"": ""Universal International Pictures"", ""origin_country"": ""US""}]","[{""iso_3166_1"": ""US"", ""name"": ""United States of America""}]","[{""english_name"": ""English"", ""iso_639_1"": ""en"", ""name"": ""English""}]","[""US""]",null
29258,A Very Serious Person,A Very Serious Person,"Jan, an itinerant male nurse from Denmark, takes a new job with Mrs. A, a terminally ill Manhattan woman raising her parentless thirteen-year-old grandson, Gil. Spending the summer by the shore, the emotionally reserved Jan finds himself oddly cast as a mentor to Gil in having to prepare the sensitive boy for life with his cousins in Florida after his grandmother's death.",,Released,False,False,2006-04-28,95,0,0,0.5173,5.5,15,en,,tt0491223,/1t89cKI4qqHOJMKVPUfU0HsATFM.jpg,/2yTpdLdbwQAxYDyIlSTWkZhTR9C.jpg,"[{""id"": 18, ""name"": ""Drama""}]",[],"[{""iso_3166_1"": ""US"", ""name"": ""United States of America""}]","[{""english_name"": ""English"", ""iso_639_1"": ""en"", ""name"": ""English""}]","[""US""]",null
29259,Le Trou,Le Trou,"Four prison inmates have been hatching a plan to literally dig out of jail when another prisoner, Claude Gaspard, is moved into their cell. They take a risk and share their plan with the newcomer. Over the course of three days, the prisoners and friends break through the concrete floor using a bed post and begin to make their way through the sewer system – yet their escape is anything but assured.",Poor Gaspard...,Released,False,False,1960-03-18,132,0,33187,5.1647,8.25,562,fr,,tt0054407,/xyZhiOz5NHVBUKlpioxjwajy7pm.jpg,/f72GEQF2lKsdmEULSI9bWCbQylH.jpg,"[{""id"": 18, ""name"": ""Drama""}, {""id"": 53, ""name"": ""Thriller""}, {""id"": 80, ""name"": ""Crime""}]","[{""id"": 534, ""logo_path"": null, ""name"": ""Filmsonor"", ""origin_country"": ""FR""}, {""id"": 1826, ""logo_path"": null, ""name"": ""Play Art"", ""origin_country"": ""FR""}, {""id"": 641, ""logo_path"": ""/w8flpSJntsxVCMkIU1qeg1kJcJh.png"", ""name"": ""Titanus"", ""origin_country"": ""IT""}]","[{""iso_3166_1"": ""FR"", ""name"": ""France""}, {""iso_3166_1"": ""IT"", ""name"": ""Italy""}]","[{""english_name"": ""French"", ""iso_639_1"": ""fr"", ""name"": ""Fran\u00e7ais""}]","[""FR""]",null
29260,Trapped,Trapped,"Secret Service agents make a deal with a counterfeiting inmate to be released on early parole if he will help them recover some bogus moneymaking plates, but he plans to double-cross them.",When a killer dreams of millions... and a girl to spend them on!,Released,False,False,1949-09-27,78,0,0,1.3657,5.9,31,en,,tt0041983,/9LWy5kjUhBGH1sN4CLQCVq9IjhF.jpg,/3ty1Whni0RiGt4nBnFr3a5A91J0.jpg,"[{""id"": 80, ""name"": ""Crime""}, {""id"": 53, ""name"": ""Thriller""}, {""id"": 9648, ""name"": ""Mystery""}]","[{""id"": 4927, ""logo_path"": null, ""name"": ""Eagle-Lion Films"", ""origin_country"": ""GB""}]","[{""iso_3166_1"": ""US"", ""name"": ""United States of America""}]","[{""english_name"": ""English"", ""iso_639_1"": ""en"", ""name"": ""English""}]","[""US""]",null
29262,The House of Sand,Casa de Areia,"A woman is taken along with her mother in 1910 to a far-away desert by her husband, and after his passing, is forced to spend the next 59 years of her life hopelessly trying to escape it.",,Released,False,False,2005-05-13,115,0,0,0.7367,6.7,55,pt,,tt0373747,/x6XEC7B7bJ9igsxkQb9ZMFEAv9f.jpg,/otswcE6OAPKMlZzBKCpuFNeEdS4.jpg,"[{""id"": 18, ""name"": ""Drama""}]","[{""id"": 2429, ""logo_path"": ""/s0p6DEF7H9yooJFjKhN4lFpTiVk.png"", ""name"": ""Conspira\u00e7\u00e3o Filmes"", ""origin_country"": ""BR""}, {""id"": 77682, ""logo_path"": null, ""name"": ""Columbia TriStar Filmes do Brasil"", ""origin_country"": ""BR""}, {""id"": 13969, ""logo_path"": ""/bEpiJ2zXGIH70JT16asjWNFtOEv.png"", ""name"": ""Globo Filmes"", ""origin_country"": ""BR""}, {""id"": 2432, ""logo_path"": ""/yxpvByZlaC9XrLM5tFEtjh661Ep.png"", ""name"": ""Quanta Centro de Produ\u00e7\u00f5es Cinematogr\u00e1ficas"", ""origin_country"": ""BR""}, {""id"": 11446, ""logo_path"": null, ""name"": ""Lereby Produ\u00e7\u00f5es"", ""origin_country"": ""BR""}, {""id"": 7765, ""logo_path"": ""/kyZyb7enWovBqmhIZNbseIT9GZI.png"", ""name"": ""TeleImage"", ""origin_country"": ""BR""}]","[{""iso_3166_1"": ""BR"", ""name"": ""Brazil""}]","[{""english_name"": ""Portuguese"", ""iso_639_1"": ""pt"", ""name"": ""Portugu\u00eas""}]","[""BR""]",null
29263,The Official Story,La historia oficial,"Buenos Aires, Argentina, 1983. In the last and turbulent days of the military dictatorship, Alicia, a high school history teacher, begins to ask uncomfortable questions about the dark origins of Gaby, her adopted daughter.",A truth too frightening to ignore,Released,False,False,1985-04-03,112,0,0,1.2437,7.5,201,es,http://cohenmedia.net/films/theofficialstory,tt0089276,/kkeUKaETggOrR0eW9nzPOIoZkZH.jpg,/qYQmznfMC433HrX5m58MJB0QOlK.jpg,"[{""id"": 18, ""name"": ""Drama""}, {""id"": 36, ""name"": ""History""}]","[{""id"": 79897, ""logo_path"": null, ""name"": ""Progress Communications"", ""origin_country"": ""AR""}, {""id"": 79898, ""logo_path"": null, ""name"": ""Historias Cinematogr\u00e1ficas"", ""origin_country"": ""AR""}, {""id"": 89299, ""logo_path"": null, ""name"": ""Cineman\u00eda"", ""origin_country"": ""AR""}]","[{""iso_3166_1"": ""AR"", ""name"": ""Argentina""}]","[{""english_name"": ""English"", ""iso_639_1"": ""en"", ""name"": ""English""}, {""english_name"": ""Spanish"", ""iso_639_1"": ""es"", ""name"": ""Espa\u00f1ol""}]","[""ES"", ""AR""]",null
29264,The Exterminating Angel,El ángel exterminador,"After a lavish dinner party, the guests find themselves unable to depart... and, over the next few days, all of their elaborate societal pretenses and façades deteriorate as they are reduced to living like animals.",The degeneration of high society!,Released,False,False,1962-05-16,93,0,0,2.1139,7.933,728,es,,tt0056732,/qqZXHvBFxUpo8Pfbyvgh4SYMiWm.jpg,/wJ4HyVZsbZRWH7BS3bLZsvO31rZ.jpg,"[{""id"": 35, ""name"": ""Comedy""}, {""id"": 18, ""name"": ""Drama""}, {""id"": 14, ""name"": ""Fantasy""}]","[{""id"": 44698, ""logo_path"": null, ""name"": ""Producciones Gustavo Alatriste"", ""origin_country"": """"}]","[{""iso_3166_1"": ""MX"", ""name"": ""Mexico""}]","[{""english_name"": ""Spanish"", ""iso_639_1"": ""es"", ""name"": ""Espa\u00f1ol""}]","[""MX""]",null
29266,War and Peace,Война и мир,The love story of young Countess Natasha Rostova and Count Pierre Bezukhov is interwoven with the Great Patriotic War of 1812 against Napoleon's invading army.,Greatest motion picture ever made! Romance ever lived! Adventure story written!,Released,False,False,1968-04-28,422,9200000,14000000,2.3357,7.5,152,ru,,tt0063794,/tvMJ84g2lx2XusA29wvOeaanwWZ.jpg,/8Qf0fOZQWLmnnxdoepfQTQzdq3z.jpg,"[{""id"": 36, ""name"": ""History""}, {""id"": 18, ""name"": ""Drama""}, {""id"": 10752, ""name"": ""War""}, {""id"": 10749, ""name"": ""Romance""}]","[{""id"": 344, ""logo_path"": ""/xenuUvcunUNpbaDOYGhWZERaym7.png"", ""name"": ""Mosfilm"", ""origin_country"": ""SU""}]","[{""iso_3166_1"": ""SU"", ""name"": ""Soviet Union""}]","[{""english_name"": ""Russian"", ""iso_639_1"": ""ru"", ""name"": ""P\u0443\u0441\u0441\u043a\u0438\u0439""}, {""english_name"": ""Hungarian"", ""iso_639_1"": ""hu"", ""name"": ""Magyar""}, {""english_name"": ""German"", ""iso_639_1"": ""de"", ""name"": ""Deutsch""}, {""english_name"": ""French"", ""iso_639_1"": ""fr"", ""name"": ""Fran\u00e7ais""}]","[""SU""]",null
29267,Destiny,Der müde Tod,"As a young couple stops and rests in a small village inn, the man is abducted by Death and is sequestered behind a huge doorless, windowless wall. The woman finds a mystic entrance and is met by Death, who tells her three separate stories set in exotic locales, all involving circumstances similar to hers.",Love is Stronger Than Death,Released,False,False,1921-10-06,98,0,0,1.1771,7.4,170,de,,tt0012494,/zgRB2MhCTfOMkxRO7seX6GxOaKJ.jpg,/qdk4dxCbuPaJ65NqFUCkyaFVXll.jpg,"[{""id"": 18, ""name"": ""Drama""}, {""id"": 14, ""name"": ""Fantasy""}]","[{""id"": 6762, ""logo_path"": null, ""name"": ""Decla-Bioscop"", ""origin_country"": ""DE""}]","[{""iso_3166_1"": ""DE"", ""name"": ""Germany""}]","[{""english_name"": ""No Language"", ""iso_639_1"": ""xx"", ""name"": ""No Language""}]","[""DE""]",null
29268,The Castle of Sand,砂の器,"Two detectives are tasked to investigate the murder of an old man, found bludgeoned to death in a Tokyo rail yard.",,Released,False,False,1974-10-19,143,0,0,3.4169,7.3,51,ja,,tt0202604,/uzliUvv0f5E97m5xyttoZrEUiSp.jpg,/sxYDAjrAcwk1w6Yshj9CpBTcKv3.jpg,"[{""id"": 80, ""name"": ""Crime""}, {""id"": 9648, ""name"": ""Mystery""}, {""id"": 18, ""name"": ""Drama""}]","[{""id"": 192, ""logo_path"": ""/93eAKlnQecDdMtucfOprzcjMw9V.png"", ""name"": ""Shochiku"", ""origin_country"": ""JP""}]","[{""iso_3166_1"": ""JP"", ""name"": ""Japan""}]","[{""english_name"": ""Japanese"", ""iso_639_1"": ""ja"", ""name"": ""\u65e5\u672c\u8a9e""}]","[""JP""]",null
29269,Tony Takitani,トニー滝谷,A reclusive illustrator falls in love with a young woman who addictively shops for clothing.,Loneliness is a prison.,Released,False,False,2004-08-11,77,0,0,1.6046,6.7,86,ja,,tt0420260,/hYpqldOPAeBQbfFntiHeoFdOgt7.jpg,/b1sHfJEgP2ac8Df9UVqyJEXPex6.jpg,"[{""id"": 18, ""name"": ""Drama""}]","[{""id"": 13229, ""logo_path"": null, ""name"": ""Breath"", ""origin_country"": """"}, {""id"": 8390, ""logo_path"": null, ""name"": ""Wilco Co."", ""origin_country"": ""JP""}]","[{""iso_3166_1"": ""JP"", ""name"": ""Japan""}]","[{""english_name"": ""Japanese"", ""iso_639_1"": ""ja"", ""name"": ""\u65e5\u672c\u8a9e""}]","[""JP""]",null
29270,A Time for Drunken Horses,Zamani barayé masti asbha,"After their father dies, a family of five children are forced to survive on their own in a Kurdish village on the border of Iran and Iraq.",,Released,False,False,2000-09-13,80,0,0,0.5708,7.573,116,fa,,tt0259072,/hQv7sCP0FddDwVo243Fpf32u4uR.jpg,/glBc1m1X5sEzdqk6xmx4tc4ukYD.jpg,"[{""id"": 18, ""name"": ""Drama""}, {""id"": 10752, ""name"": ""War""}]","[{""id"": 95104, ""logo_path"": null, ""name"": ""Bahman Ghobadi Films"", ""origin_country"": ""IR""}, {""id"": 6274, ""logo_path"": ""/ngZoa368SAnERTz3IBvgTT4eWeB.png"", ""name"": ""MK2 Films"", ""origin_country"": ""FR""}, {""id"": 66953, ""logo_path"": ""/4JYTCYLW0ANUddBtjUvwa0MwRvL.png"", ""name"": ""Farabi Cinema"", ""origin_country"": ""IR""}]","[{""iso_3166_1"": ""IR"", ""name"": ""Iran""}]","[{""english_name"": ""Kurdish"", ""iso_639_1"": ""ku"", ""name"": """"}]","[""IR""]",null
29272,El Greco,El Greco,"The story of the uncompromising artist and fighter for freedom, Domenicos Theotokopoulos, known to the world as ""El Greco"".",Can Darkness Win Light?,Released,False,False,2007-10-11,119,0,0,0.776,6.0,40,en,,tt0905329,/aBxPj6oB0XdjUo5HcAd60xZruH1.jpg,/fdB09CFOYNsBH587QuBULia3ci2.jpg,"[{""id"": 18, ""name"": ""Drama""}]","[{""id"": 8943, ""logo_path"": ""/ap6EIp6w76kOSkA65Lbk7ICTjc0.png"", ""name"": ""Graal"", ""origin_country"": ""GR""}, {""id"": 7254, ""logo_path"": ""/hDJO96mUfqtB9ia7ef7mEvguPxl.png"", ""name"": ""Greek Film Centre"", ""origin_country"": ""GR""}, {""id"": 18585, ""logo_path"": null, ""name"": ""Hellenic Culture Organization"", ""origin_country"": """"}, {""id"": 7255, ""logo_path"": ""/aHu0SirjV9Mi0OrlnFWqZwy50wW.png"", ""name"": ""ERT"", ""origin_country"": ""GR""}, {""id"": 18586, ""logo_path"": null, ""name"": ""Le Spot"", ""origin_country"": """"}, {""id"": 18587, ""logo_path"": null, ""name"": ""Max Productions"", ""origin_country"": ""GR""}, {""id"": 11408, ""logo_path"": null, ""name"": ""Ministerio de Cultura"", ""origin_country"": """"}, {""id"": 18588, ""logo_path"": null, ""name"": ""Motion Picture Public Foundation of Hungary"", ""origin_country"": ""HU""}, {""id"": 35559, ""logo_path"": ""/xLqNfq5xXETBKjq3jSSiNqqPiN7.png"", ""name"": ""ICEC"", ""origin_country"": ""ES""}]","[{""iso_3166_1"": ""GR"", ""name"": ""Greece""}, {""iso_3166_1"": ""ES"", ""name"": ""Spain""}, {""iso_3166_1"": ""HU"", ""name"": ""Hungary""}]","[{""english_name"": ""Hungarian"", ""iso_639_1"": ""hu"", ""name"": ""Magyar""}, {""english_name"": ""Italian"", ""iso_639_1"": ""it"", ""name"": ""Italiano""}, {""english_name"": ""Greek"", ""iso_639_1"": ""el"", ""name"": ""\u03b5\u03bb\u03bb\u03b7\u03bd\u03b9\u03ba\u03ac""}, {""english_name"": ""English"", ""iso_639_1"": ""en"", ""name"": ""English""}, {""english_name"": ""Spanish"", ""iso_639_1"": ""es"", ""name"": ""Espa\u00f1ol""}]","[""US""]",null
29275,Anita,Anita,"Anita is the story of a young woman with Down syndrome who lives a happy, routine life in Buenos Aires, being meticulously cared for by her mother Dora. One tragic morning in 1994, everything changes when Anita is left alone, confused and helpless after the nearby Argentine Israelite Mutual Association is bombed (the deadliest bombing in Argentina's history). As Anita wanders through the city, she learns not only to care for herself, but touches the lives of those around her, from an alcoholic to a family of Asian immigrants.",,Released,False,False,2009-08-27,104,0,0,0.6121,7.1,34,es,,tt1458527,/qm1h99fK4TbFxFFTd7gx1g93njf.jpg,/kAjdXQF547Mi4qVvIX04hquQfek.jpg,"[{""id"": 18, ""name"": ""Drama""}]","[{""id"": 6458, ""logo_path"": ""/eT4oMUK7ODM0vvZue8yq3Ojwqf8.png"", ""name"": ""INCAA"", ""origin_country"": ""AR""}, {""id"": 102621, ""logo_path"": null, ""name"": ""Shazam"", ""origin_country"": ""ES""}]","[{""iso_3166_1"": ""AR"", ""name"": ""Argentina""}]","[{""english_name"": ""Mandarin"", ""iso_639_1"": ""zh"", ""name"": ""\u666e\u901a\u8bdd""}, {""english_name"": ""Spanish"", ""iso_639_1"": ""es"", ""name"": ""Espa\u00f1ol""}, {""english_name"": ""Hebrew"", ""iso_639_1"": ""he"", ""name"": ""\u05e2\u05b4\u05d1\u05b0\u05e8\u05b4\u05d9\u05ea""}]","[""AR""]",null
29278,Johnny Vegas: Live At The Benidorm Palace,Johnny Vegas: Live At The Benidorm Palace,"For the first time ever, Johnny Vegas' full length stand up show storms onto DVD. The larger than life comedian and star of Benidorm, Ideal and 'those ads' bursts onto DVD in a triumphant return to the sun, sand, sea and sangria of Benidorm.",,Released,False,False,2009-11-09,60,0,0,0.1538,5.7,3,en,,tt1710577,/qlVOSmc0GoP0WSpnWNzyRCIOkUI.jpg,,"[{""id"": 35, ""name"": ""Comedy""}]",[],[],[],"[""US""]",null
29279,Jinx Sister,Jinx Sister,"Jinx Sister is a story about Laura (Wiseman) who is convinced she is a jinx. People who get close to her have a habit of dying. She thought fleeing to the other side of the world would help. Instead, she developed a serious drink problem. Waking one night in an alley, with no recollection of who she had sex with, Laura decides its time to face up to her past.",,Released,False,False,2008-10-23,101,0,0,0.1798,5.0,2,en,,tt1003003,/hffouNMGpg9uDjhBW4KqS0ightR.jpg,,"[{""id"": 18, ""name"": ""Drama""}]","[{""id"": 4926, ""logo_path"": null, ""name"": ""Ample Films"", ""origin_country"": ""NZ""}]","[{""iso_3166_1"": ""NZ"", ""name"": ""New Zealand""}]","[{""english_name"": ""English"", ""iso_639_1"": ""en"", ""name"": ""English""}]","[""US"", ""NZ""]",null
29280,The Story of 1,The Story of 1,"A humor-inflected history of the of the number one, covering military applications in ancient Rome, the measurement of distances in India, and the decimal system created by Leibnitz.",,Released,False,False,2005-09-28,60,0,0,0.7111,7.6,7,en,,tt0482651,/qzgI1PF0mloUO1NV2bixw4CNqAs.jpg,,"[{""id"": 99, ""name"": ""Documentary""}]","[{""id"": 3324, ""logo_path"": ""/dqT3yOTlfJRmtvk52Ccd1O6dZ0A.png"", ""name"": ""BBC"", ""origin_country"": ""GB""}]",[],"[{""english_name"": ""English"", ""iso_639_1"": ""en"", ""name"": ""English""}]","[""GB""]",null
29281,Wine for the Confused,Wine for the Confused,"Wine is confusing…overwhelming even. So where do you start if you want to learn more about it? Join John Cleese on an entertaining and personal look at the world of winemaking and discover: how to find wines that taste good to you, how to make sure you get the best value and how to keep and serve wine at home.",,Released,False,False,2004-10-21,92,0,0,0.761,8.2,2,en,,tt0466506,/w89DUEYpzc1kKVBBO0ANqRFKCAB.jpg,,"[{""id"": 99, ""name"": ""Documentary""}]",[],[],"[{""english_name"": ""English"", ""iso_639_1"": ""en"", ""name"": ""English""}]","[""US""]",null
29282,Art of War,Art of War,"Documentary on the main principles of Sun Tsu ""Art of War"" illustrated with examples from the second world war, the Vietnam war and the American civil war.",,Released,False,False,2009-05-03,91,0,0,0.6601,7.0,4,en,,tt1433823,/jKS8WwNQ3B8DVaFVEeDd2aRBcMG.jpg,,"[{""id"": 99, ""name"": ""Documentary""}]","[{""id"": 239712, ""logo_path"": null, ""name"": ""Four In Hand Entertainment Group"", ""origin_country"": """"}, {""id"": 3507, ""logo_path"": ""/m7iLIC5UfC2Pp60bkjXMWLFrmp6.png"", ""name"": ""History"", ""origin_country"": ""US""}]","[{""iso_3166_1"": ""US"", ""name"": ""United States of America""}]","[{""english_name"": ""English"", ""iso_639_1"": ""en"", ""name"": ""English""}]","[""US""]",null
29283,The Trip to Panama,"Oh, wie schön ist Panama","The two friends Little Tiger and Little Bear live happily together in a little house by the lake. But when they find a strange wooden crate from Panama, they both fantasise about a beautiful place where everything is bigger, better and more beautiful.",A wonderful story about friendship and home.,Released,False,False,2006-09-20,70,0,0,0.6183,6.5,16,de,,tt0806139,/hw5DgvvhrByvxFE4dYs7I125Bn.jpg,/fQjAqvnR6YOedlSinYvlckOEbWM.jpg,"[{""id"": 12, ""name"": ""Adventure""}, {""id"": 10751, ""name"": ""Family""}, {""id"": 16, ""name"": ""Animation""}]","[{""id"": 78841, ""logo_path"": null, ""name"": ""Papa L\u00f6we Filmproduktion"", ""origin_country"": ""DE""}]","[{""iso_3166_1"": ""DE"", ""name"": ""Germany""}]","[{""english_name"": ""German"", ""iso_639_1"": ""de"", ""name"": ""Deutsch""}]","[""DE""]",null
29284,Murder Is My Beat,Murder Is My Beat,"Mr. Dean's body is found face down in the fireplace, burned beyond recognition. Nightclub-singer Eden Lane is convicted of the crime. She is escorted to prison by one of the arresting detectives when she convinces him that she just spotted the murderer outside their train.",ONE LOOK from a speeding train! ONE SCREAM from a frightened girl! ONE CHANCE to turn the tables on murder!,Released,False,False,1955-02-27,77,0,0,0.7569,5.8,19,en,,tt0048396,/yKnP4XNZ32VcpaqDFT4TasccNMz.jpg,/qDqN750icfRmtDxgaTwhd2nq9rs.jpg,"[{""id"": 9648, ""name"": ""Mystery""}, {""id"": 80, ""name"": ""Crime""}]","[{""id"": 60290, ""logo_path"": null, ""name"": ""Masthead Productions"", ""origin_country"": """"}]","[{""iso_3166_1"": ""US"", ""name"": ""United States of America""}]","[{""english_name"": ""English"", ""iso_639_1"": ""en"", ""name"": ""English""}]","[""US""]",null
