id,title,original_title,overview,tagline,status,adult,video,release_date,runtime,budget,revenue,popularity,vote_average,vote_count,original_language,homepage,imdb_id,poster_path,backdrop_path,genres,production_companies,production_countries,spoken_languages,origin_country,belongs_to_collection
16548,Ellie Parker,Ellie Parker,"Ellie Parker, an aspiring actress from Australia, lives a hectic Hollywood lifestyle, perpetually trying to land the role that will elevate her career. Living with her lothario musician boyfriend, Justin, Ellie is far from happy, finding support primarily from her friend Sam. But when Ellie meets Chris after a minor traffic accident, she sees new potential for both romance and her life in general.",The odds are against her. Not to mention her agent.,Released,False,False,2005-11-21,95,0,0,1.2574,5.0,71,en,,tt0436262,/vEmoWFzLb6YC90SpfOOCFypmc9d.jpg,/gSwDopY51isbvUEeQrsum5LLPPe.jpg,"[{""id"": 35, ""name"": ""Comedy""}, {""id"": 18, ""name"": ""Drama""}]","[{""id"": 228667, ""logo_path"": null, ""name"": ""Kailua Productions"", ""origin_country"": """"}]","[{""iso_3166_1"": ""US"", ""name"": ""United States of America""}]","[{""english_name"": ""English"", ""iso_639_1"": ""en"", ""name"": ""English""}]","[""US""]",null
16550,Storytelling,Storytelling,College and high school serve as the backdrop for two stories about dysfunction and personal turmoil.,"Sex, race, celebrity, exploitation.",Released,False,False,2001-11-21,87,0,1318945,1.9357,6.5,203,en,,tt0250081,/5hSpaT8x0LQy7G5TXb6vGWQrRSU.jpg,/oYUOT1Ijrpy5cDcyNdlQw1sTfvY.jpg,"[{""id"": 35, ""name"": ""Comedy""}, {""id"": 18, ""name"": ""Drama""}]","[{""id"": 1422, ""logo_path"": ""/rIB6DuimR1qgLE14cBwpMABC2xx.png"", ""name"": ""Killer Films"", ""origin_country"": ""US""}, {""id"": 10565, ""logo_path"": ""/5djnxodjmgbzdXiNRllwhQPxANY.png"", ""name"": ""Good Machine"", ""origin_country"": ""US""}, {""id"": 12, ""logo_path"": ""/2ycs64eqV5rqKYHyQK0GVoKGvfX.png"", ""name"": ""New Line Cinema"", ""origin_country"": ""US""}]","[{""iso_3166_1"": ""US"", ""name"": ""United States of America""}]","[{""english_name"": ""English"", ""iso_639_1"": ""en"", ""name"": ""English""}]","[""US""]",null
16551,Rhinestone,Rhinestone,"After a big-time country singer brags that she can turn anybody in to a country-singin' star, she's out to prove she can live up to her talk when she recruits a cab-driver as a country singer. He's scheduled to sing at a big-time NYC country night club and she puts her ample powers to work in preparing her protege.","She's bet everything, and we mean everything, that she can turn this New York cabbie into an overnight sensation. He has other things in mind. But he's never had a trainer like this one!",Released,False,False,1984-06-22,111,28000000,21435321,1.8281,4.8,118,en,,tt0088001,/sEptnLBR09J87sR6d67QJzvnif3.jpg,/wVk3L63GZrQyFfv8fE7yu9Xp3PK.jpg,"[{""id"": 35, ""name"": ""Comedy""}]","[{""id"": 25, ""logo_path"": ""/qZCc1lty5FzX30aOCVRBLzaVmcp.png"", ""name"": ""20th Century Fox"", ""origin_country"": ""US""}]","[{""iso_3166_1"": ""US"", ""name"": ""United States of America""}]","[{""english_name"": ""English"", ""iso_639_1"": ""en"", ""name"": ""English""}]","[""US""]",null
16552,Mount Pleasant,Mount Pleasant,Three couples find their destinies irrevocably intertwined in a fusion of obsession and fragile love when a six-year-old girl finds a junkie's discarded needle while playing in her backyard.,,Released,False,False,2006-10-07,87,0,0,0.5593,6.7,3,en,,tt0785032,/w4n1dJZZnsc5wlXva0IhfdA7oEr.jpg,,"[{""id"": 18, ""name"": ""Drama""}]",[],[],"[{""english_name"": ""English"", ""iso_639_1"": ""en"", ""name"": ""English""}]","[""US""]",null
16553,Little Manhattan,Little Manhattan,"Ten-year-old Gabe Burton is just an average kid growing up in Manhattan until Rosemary Telesco walks into his karate class. But before Gabe can tell Rosemary how he feels, she reveals that she won't be going to public school any more. Gabe has a lot more to learn about life, love, and girls.",Nothing's as big as your first love.,Released,False,False,2005-09-26,90,385373,1117920,1.7396,7.198,754,en,,tt0412922,/z0RNI1NMtsvLsuTo1rWZfNHVs1z.jpg,/f5XOH9b9oV7yzIqhKDEXtDx0uz9.jpg,"[{""id"": 35, ""name"": ""Comedy""}, {""id"": 10749, ""name"": ""Romance""}]","[{""id"": 508, ""logo_path"": ""/4sGWXoboEkWPphI6es6rTmqkCBh.png"", ""name"": ""Regency Enterprises"", ""origin_country"": ""US""}, {""id"": 10104, ""logo_path"": ""/4sGWXoboEkWPphI6es6rTmqkCBh.png"", ""name"": ""New Regency Pictures"", ""origin_country"": ""US""}, {""id"": 1171, ""logo_path"": ""/wp7NwsxxHT8sqPaek6SlxnXlkP4.png"", ""name"": ""Epsilon Motion Pictures"", ""origin_country"": ""CH""}, {""id"": 275988, ""logo_path"": null, ""name"": ""Pariah"", ""origin_country"": ""US""}]","[{""iso_3166_1"": ""US"", ""name"": ""United States of America""}]","[{""english_name"": ""English"", ""iso_639_1"": ""en"", ""name"": ""English""}]","[""US""]",null
16554,Heimatkunde,Heimatkunde,"Former ""Titanic"" satire magazine editor Martin Sonneborn takes an undercover trip around Berlin and discovers the East-German mentality and what is left of the socialist German Democratic Republic.",,Released,False,False,2008-10-01,94,0,0,0.0698,6.5,10,de,,tt1281299,/cte0tJLn7RHSWFu1DiC0r4eM5bb.jpg,,"[{""id"": 99, ""name"": ""Documentary""}]","[{""id"": 2067, ""logo_path"": ""/y5knLIUjYsKBIlM4W0dLruWwYaC.png"", ""name"": ""RBB"", ""origin_country"": ""DE""}]","[{""iso_3166_1"": ""DE"", ""name"": ""Germany""}]","[{""english_name"": ""German"", ""iso_639_1"": ""de"", ""name"": ""Deutsch""}]","[""DE""]",null
16555,Daddy's Little Girls,Daddy's Little Girls,"Monty is a mechanic struggling to make ends meet as he raises his three young daughters. When the court awards custody of his daughters to his shady ex-wife, Monty desperately tries to win them back with the help of Julia, a beautiful, Ivy League-educated attorney. Monty and Julia couldn't be less alike, but a flame is ignited... touching off a firestorm of love and conflict.",Family comes first,Released,False,False,2007-02-14,100,10000000,31600000,2.2632,6.9,136,en,,tt0778661,/wWdSU5lGN9SpzMAfMIVUu7DjvVM.jpg,/ifjTU9DIKMzCIDkRrD4YgZ61JON.jpg,"[{""id"": 35, ""name"": ""Comedy""}, {""id"": 18, ""name"": ""Drama""}, {""id"": 10749, ""name"": ""Romance""}]","[{""id"": 3096, ""logo_path"": ""/fkZTZ4veYYr3lwr2riVrVAOfeqD.png"", ""name"": ""Tyler Perry Studios"", ""origin_country"": ""US""}, {""id"": 211692, ""logo_path"": null, ""name"": ""Reuben Cannon Productions"", ""origin_country"": """"}, {""id"": 1632, ""logo_path"": ""/cisLn1YAUuptXVBa0xjq7ST9cH0.png"", ""name"": ""Lionsgate"", ""origin_country"": ""US""}]","[{""iso_3166_1"": ""US"", ""name"": ""United States of America""}]","[{""english_name"": ""English"", ""iso_639_1"": ""en"", ""name"": ""English""}]","[""US""]",null
16558,Duplicity,Duplicity,"Two romantically involved government operatives Claire Stenwick and Ray Koval team up to manipulate a race between opposing corporations to corner the market on a medical innovation that will reap huge profits and allow them to lead an extravagant lifestyle together. They find themselves on opposing sides as corporate spies; however, as they each try to outdo the other, neither one can decide how far to trust the other in this high-stakes game of cat-and-mouse.",She's ex-CIA. He's ex-MI6. Together they're stealing a fortune.,Released,False,False,2009-03-18,125,60000000,78176181,2.5491,5.9,863,en,,tt1135487,/vpWQs3CjwG6Er3DgZlv4L3NFjXg.jpg,/nmElbl3SyII4gJ8uo1jYYHFjmlK.jpg,"[{""id"": 10749, ""name"": ""Romance""}, {""id"": 35, ""name"": ""Comedy""}, {""id"": 80, ""name"": ""Crime""}]","[{""id"": 27317, ""logo_path"": null, ""name"": ""Medienproduktion Poseidon Filmgesellschaft"", ""origin_country"": """"}, {""id"": 33, ""logo_path"": ""/8lvHyhjr8oUKOOy2dKXoALWKdp0.png"", ""name"": ""Universal Pictures"", ""origin_country"": ""US""}, {""id"": 7295, ""logo_path"": ""/5MYE96QiE5a5oFhXxFb4y8ILSpw.png"", ""name"": ""Relativity Media"", ""origin_country"": ""US""}, {""id"": 5163, ""logo_path"": null, ""name"": ""Laura Bickford Productions"", ""origin_country"": ""US""}]","[{""iso_3166_1"": ""DE"", ""name"": ""Germany""}, {""iso_3166_1"": ""US"", ""name"": ""United States of America""}]","[{""english_name"": ""English"", ""iso_639_1"": ""en"", ""name"": ""English""}, {""english_name"": ""German"", ""iso_639_1"": ""de"", ""name"": ""Deutsch""}, {""english_name"": ""Russian"", ""iso_639_1"": ""ru"", ""name"": ""P\u0443\u0441\u0441\u043a\u0438\u0439""}, {""english_name"": ""Spanish"", ""iso_639_1"": ""es"", ""name"": ""Espa\u00f1ol""}]","[""US""]",null
16559,The Picture of Dorian Gray,The Picture of Dorian Gray,"A corrupt young man somehow keeps his youthful beauty, but a special painting gradually reveals his inner ugliness to all.",Why did women talk about Dorian Gray in whispers?,Released,False,False,1945-03-03,111,0,0,1.8824,7.1,293,en,,tt0037988,/mfvcsmAzdie8YuWI0JpO2u1uzfF.jpg,/6LF0NpAu1Ea8ZlWTjwm4lWaBsyp.jpg,"[{""id"": 18, ""name"": ""Drama""}, {""id"": 27, ""name"": ""Horror""}, {""id"": 14, ""name"": ""Fantasy""}]","[{""id"": 21, ""logo_path"": ""/usUnaYV6hQnlVAXP6r4HwrlLFPG.png"", ""name"": ""Metro-Goldwyn-Mayer"", ""origin_country"": ""US""}]","[{""iso_3166_1"": ""US"", ""name"": ""United States of America""}]","[{""english_name"": ""English"", ""iso_639_1"": ""en"", ""name"": ""English""}]","[""US""]",null
16560,Tap,Tap,"Max Washington has just been released from prison after serving time for burglary. He returns to his old hangout, a hoofer club. His old girl friend, Amy, who still works at the club as a Tap instructor, is less than thrilled to see him. Her father, Little Mo, is happy to see him, because he has plans for a show involving Max. In addition, Max's old partners in crime have another job for him.","Sometimes, no matter what, you can't escape the rhythm.",Released,False,False,1989-02-12,111,0,9114702,1.3662,6.8,27,en,,tt0098442,/cjy45SaOAzcyReyl4pr6jWss6uS.jpg,/hAwEhYPCrv59as7AY8AEa7Ezegz.jpg,"[{""id"": 18, ""name"": ""Drama""}, {""id"": 10402, ""name"": ""Music""}]","[{""id"": 559, ""logo_path"": ""/eC0bWHVjnjUducyA6YFoEFqnPMC.png"", ""name"": ""TriStar Pictures"", ""origin_country"": ""US""}, {""id"": 3195, ""logo_path"": null, ""name"": ""Beco Films"", ""origin_country"": """"}]","[{""iso_3166_1"": ""US"", ""name"": ""United States of America""}]","[{""english_name"": ""English"", ""iso_639_1"": ""en"", ""name"": ""English""}]","[""US""]",null
16561,The Sunshine Boys,The Sunshine Boys,"Lewis and Clark, aka The Sunshine Boys, were famous comedians during the vaudeville era, but off-stage they couldn't stand each other and haven't spoken in over 20 years of retirement. Willy Clark's nephew is the producer of a TV variety show that wants to feature a reunion of this classic duo. It is up to him to try to get the Sunshine Boys back together again.","For the price of a movie, you'll feel like a million.",Released,False,False,1975-11-06,111,0,0,1.6724,6.8,106,en,,tt0073766,/e8g6sy7rBSzuBBgOZqH1Bkjquy7.jpg,/i5CKsYWx3eKbwSokg0qouLpHfqo.jpg,"[{""id"": 35, ""name"": ""Comedy""}]","[{""id"": 21, ""logo_path"": ""/usUnaYV6hQnlVAXP6r4HwrlLFPG.png"", ""name"": ""Metro-Goldwyn-Mayer"", ""origin_country"": ""US""}]","[{""iso_3166_1"": ""US"", ""name"": ""United States of America""}]","[{""english_name"": ""English"", ""iso_639_1"": ""en"", ""name"": ""English""}]","[""US""]",null
16562,The Cutting Edge,The Cutting Edge,"Two former Olympians, one a figure skater and the other a hockey player, pin their hopes of one last shot at Olympic glory on one another. That is, of course, if they can keep from killing each other in the process...",The ultimate love/skate relationship.,Released,False,False,1992-03-27,102,0,25105517,2.7681,7.208,399,en,,tt0104040,/sx4qf2XoW0xaLITQLpajsYc4mcj.jpg,/bgAaibovqLnGSOwpRYUL5Y1cIZf.jpg,"[{""id"": 10749, ""name"": ""Romance""}, {""id"": 35, ""name"": ""Comedy""}, {""id"": 18, ""name"": ""Drama""}]","[{""id"": 10201, ""logo_path"": ""/cgmwywVZ9NvAidd6Pn7p0CBYQkW.png"", ""name"": ""Interscope Communications"", ""origin_country"": ""US""}, {""id"": 15526, ""logo_path"": null, ""name"": ""MGM-Path\u00e9 Communications"", ""origin_country"": ""US""}, {""id"": 21, ""logo_path"": ""/usUnaYV6hQnlVAXP6r4HwrlLFPG.png"", ""name"": ""Metro-Goldwyn-Mayer"", ""origin_country"": ""US""}]","[{""iso_3166_1"": ""US"", ""name"": ""United States of America""}]","[{""english_name"": ""English"", ""iso_639_1"": ""en"", ""name"": ""English""}, {""english_name"": ""French"", ""iso_639_1"": ""fr"", ""name"": ""Fran\u00e7ais""}, {""english_name"": ""German"", ""iso_639_1"": ""de"", ""name"": ""Deutsch""}]","[""US""]","{""id"": 110179, ""name"": ""The Cutting Edge Collection"", ""poster_path"": ""/zGVpg2FCgP1ZmulAki4wbn2ewGG.jpg"", ""backdrop_path"": ""/1CMP0sHnVkAMZTjXAWeRZcwoYZ7.jpg""}"
16563,Seven Brides for Seven Brothers,Seven Brides for Seven Brothers,"In 1850 Oregon, when a backwoodsman brings a wife home to his farm, his six brothers decide that they want to get married too.",SINGIN'! DANCIN'! ROMANCIN'!,Released,False,False,1954-07-22,103,0,5000000,3.542,7.103,563,en,,tt0047472,/sH7dd9x4hyiC047gfp0XxKiTOss.jpg,/5i2rmZ2Vwuzq6CPOaTLW0jjhJmB.jpg,"[{""id"": 35, ""name"": ""Comedy""}, {""id"": 18, ""name"": ""Drama""}, {""id"": 37, ""name"": ""Western""}]","[{""id"": 21, ""logo_path"": ""/usUnaYV6hQnlVAXP6r4HwrlLFPG.png"", ""name"": ""Metro-Goldwyn-Mayer"", ""origin_country"": ""US""}, {""id"": 1460, ""logo_path"": null, ""name"": ""Loew's Incorporated"", ""origin_country"": ""US""}]","[{""iso_3166_1"": ""US"", ""name"": ""United States of America""}]","[{""english_name"": ""English"", ""iso_639_1"": ""en"", ""name"": ""English""}]","[""US""]",null
16564,Winter in Wartime,Oorlogswinter,"During World War II in the freezing winter of 1944-45 the western Netherlands are in the grip of a famine. Many people move east to provide for their families. Fourteen year old Michiel can't wait to join the Dutch resistance, to the dismay of his father, who, as mayor, works to prevent escalations in the village.",A country occupied... A child's innocence lost.,Released,False,False,2008-11-17,103,4000000,530048,1.4231,6.7,201,nl,https://www.sonyclassics.com/winterinwartime/,tt0795441,/xwPAQjLoIqqAAGRZ5ke5j7OpKSH.jpg,/dotY8NsIZvhpCj9MZhK8LUADWdr.jpg,"[{""id"": 18, ""name"": ""Drama""}, {""id"": 36, ""name"": ""History""}, {""id"": 10752, ""name"": ""War""}]","[{""id"": 12046, ""logo_path"": ""/wauD5HrRmaR5TdQr0ylGTLyifpQ.png"", ""name"": ""Fu Works"", ""origin_country"": ""NL""}, {""id"": 12045, ""logo_path"": null, ""name"": ""Isabella Films B.V."", ""origin_country"": """"}, {""id"": 11301, ""logo_path"": null, ""name"": ""Max TV"", ""origin_country"": """"}, {""id"": 11931, ""logo_path"": ""/38bX28MdtlhBIgwv71KPqBqE7lO.png"", ""name"": ""Prime Time"", ""origin_country"": ""BE""}, {""id"": 12047, ""logo_path"": null, ""name"": ""Isabella Films"", ""origin_country"": ""NL""}]","[{""iso_3166_1"": ""NL"", ""name"": ""Netherlands""}, {""iso_3166_1"": ""BE"", ""name"": ""Belgium""}]","[{""english_name"": ""English"", ""iso_639_1"": ""en"", ""name"": ""English""}, {""english_name"": ""Dutch"", ""iso_639_1"": ""nl"", ""name"": ""Nederlands""}, {""english_name"": ""German"", ""iso_639_1"": ""de"", ""name"": ""Deutsch""}]","[""BE"", ""NL""]",null
16566,Ab Tak Chhappan,अब तक छप्पन,"Following the fortunes of tough cop Sadhu Agashe both in his fight against crime and in his personal life. Garnering newspaper headlines for his crime-fighting activities, he also makes some enemies in the police department, most notably in the form of his superior, who believes his officer has gone too far.","Doctors Cure, Engineers Build, I Kill",Released,False,False,2004-02-27,129,0,0,0.8024,7.413,40,hi,,tt0402014,/4oiBsdFOy2Wuivznvq9r145x5PJ.jpg,/xPsYOVN9SNtODk8JnUkTaAy7N7O.jpg,"[{""id"": 80, ""name"": ""Crime""}, {""id"": 18, ""name"": ""Drama""}]","[{""id"": 17362, ""logo_path"": null, ""name"": ""RGV Film Factory"", ""origin_country"": ""IN""}, {""id"": 3708, ""logo_path"": null, ""name"": ""K Sera Sera Limited"", ""origin_country"": ""IN""}]","[{""iso_3166_1"": ""IN"", ""name"": ""India""}]","[{""english_name"": ""Hindi"", ""iso_639_1"": ""hi"", ""name"": ""\u0939\u093f\u0928\u094d\u0926\u0940""}]","[""IN""]","{""id"": 744686, ""name"": ""Ab Tak Chhappan Collection"", ""poster_path"": ""/qXvDNIcGBfRCx1vOIUIvWUs1OL9.jpg"", ""backdrop_path"": null}"
16576,Cheeni Kum,Cheeni Kum,"Buddhadev Gupta, a 64-year-old chef, falls in love with a 34-year-old software engineer, Nina. However, their future becomes uncertain when he discovers that her father is six years his junior.",A Sugar Free Romance,Released,False,False,2007-05-25,136,0,0,1.039,6.263,40,hi,http://www.erosentertainment.com/cheenikum/,tt0976026,/qjjIQC9v0lH8kfYWSF0lz7jhhDL.jpg,/nBHgWrFtySBrKAnCAyZpExHsBQ.jpg,"[{""id"": 10749, ""name"": ""Romance""}, {""id"": 18, ""name"": ""Drama""}]","[{""id"": 3653, ""logo_path"": ""/dEpilNgoW7tElN3xacXckHxGXbo.png"", ""name"": ""Eros International"", ""origin_country"": ""IN""}, {""id"": 11791, ""logo_path"": null, ""name"": ""People Tree Films"", ""origin_country"": """"}]","[{""iso_3166_1"": ""IN"", ""name"": ""India""}]","[{""english_name"": ""Hindi"", ""iso_639_1"": ""hi"", ""name"": ""\u0939\u093f\u0928\u094d\u0926\u0940""}]","[""IN""]",null
16577,Astro Boy,Astro Boy,"Set in the futuristic Metro City, Astro Boy (Atom) is a young robot with incredible powers created by a brilliant scientist in the image of the son he had lost. Unable to fulfill his creator's expectations, Astro embarks on a journey in search of acceptance, experiencing betrayal and a netherworld of robot gladiators, before returning to save Metro City and reconcile with the father who rejected him.",Have a blast.,Released,False,False,2009-10-15,94,10000000,19551067,3.7058,6.3,1624,en,http://www.astroboy-themovie.com/,tt0375568,/6AK3uOHaIbl6EDaytHYe4FinZMu.jpg,/t39jaNSYMVNecNPQSVVlW6I4opm.jpg,"[{""id"": 16, ""name"": ""Animation""}, {""id"": 28, ""name"": ""Action""}, {""id"": 10751, ""name"": ""Family""}, {""id"": 878, ""name"": ""Science Fiction""}]","[{""id"": 491, ""logo_path"": ""/5LvDUt3KmvRnXQ4NrdWJYHeuA8J.png"", ""name"": ""Summit Entertainment"", ""origin_country"": ""US""}, {""id"": 3463, ""logo_path"": ""/qaGJfosWnFh9Qs07iM6A5xcyYOt.png"", ""name"": ""Imagi Animation Studios"", ""origin_country"": ""HK""}, {""id"": 4262, ""logo_path"": ""/K1m4DWOObFOKCJp6XGOskEKymE.png"", ""name"": ""Tezuka Productions"", ""origin_country"": ""JP""}]","[{""iso_3166_1"": ""JP"", ""name"": ""Japan""}, {""iso_3166_1"": ""US"", ""name"": ""United States of America""}, {""iso_3166_1"": ""HK"", ""name"": ""Hong Kong""}]","[{""english_name"": ""English"", ""iso_639_1"": ""en"", ""name"": ""English""}]","[""US"", ""HK""]",null
16591,Hell's Bells,Hell's Bells,"The demons of hell play music for Satan, whose delight turns to wrath when an insubordinate refuses to become food for Cerberus.",,Released,False,False,1929-10-29,6,4483,0,0.6607,6.5,49,en,,tt0019975,/xqfgIlQpGByb61Ma7KoXwcNhIa8.jpg,/2nXYP9wBBl0jZhI09dGT65kiOHk.jpg,"[{""id"": 16, ""name"": ""Animation""}, {""id"": 27, ""name"": ""Horror""}, {""id"": 10402, ""name"": ""Music""}]","[{""id"": 3166, ""logo_path"": ""/jmPS1qPfKnISciDF7RnUbh48jvK.png"", ""name"": ""Walt Disney Productions"", ""origin_country"": ""US""}, {""id"": 5, ""logo_path"": ""/71BqEFAF4V3qjjMPCpLuyJFB9A.png"", ""name"": ""Columbia Pictures"", ""origin_country"": ""US""}]","[{""iso_3166_1"": ""US"", ""name"": ""United States of America""}]","[{""english_name"": ""No Language"", ""iso_639_1"": ""xx"", ""name"": ""No Language""}]","[""US""]",null
16592,Little Boy Blue,Little Boy Blue,"The Big Bad Wolf stalks Little Bo Peep and steals one of her sheep. She enlists Little Boy Blue and a dancing scarecrow to assist her and her mischievous black sheep in rescuing it. Singing, dancing, hilarity and impalement ensue.",,Released,False,False,1936-07-30,7,0,0,0.5868,4.7,6,en,,tt0027355,/92wVgAcAuf2Mh950fxlRcIRNcd0.jpg,,"[{""id"": 16, ""name"": ""Animation""}, {""id"": 35, ""name"": ""Comedy""}, {""id"": 14, ""name"": ""Fantasy""}]","[{""id"": 3197, ""logo_path"": null, ""name"": ""Celebrity Productions"", ""origin_country"": ""US""}]","[{""iso_3166_1"": ""US"", ""name"": ""United States of America""}]","[{""english_name"": ""English"", ""iso_639_1"": ""en"", ""name"": ""English""}]","[""US""]",null
16593,Dick Whittington's Cat,Dick Whittington's Cat,A cowardly cat has several adventures involving pugnacious mice.,,Released,False,False,1936-05-30,8,0,0,0.1328,6.7,2,en,,tt0146624,,,"[{""id"": 35, ""name"": ""Comedy""}, {""id"": 16, ""name"": ""Animation""}]","[{""id"": 3197, ""logo_path"": null, ""name"": ""Celebrity Productions"", ""origin_country"": ""US""}]","[{""iso_3166_1"": ""US"", ""name"": ""United States of America""}]","[{""english_name"": ""English"", ""iso_639_1"": ""en"", ""name"": ""English""}]","[""US""]",null
16599,Along Came Auntie,Along Came Auntie,"A divorced couple try to pretend they are still happily married in order to get $100,000 from the woman's divorce-disapproving aunt.",,Released,False,False,1926-07-25,23,0,0,1.1154,6.1,15,en,,tt0016600,/96wbuTl2df7fh9A5EI1RiF1Twvt.jpg,/7oP8XWTvREwEaEQKT6c87oYjme5.jpg,"[{""id"": 35, ""name"": ""Comedy""}]","[{""id"": 2159, ""logo_path"": null, ""name"": ""Hal Roach Studios"", ""origin_country"": ""US""}, {""id"": 14032, ""logo_path"": null, ""name"": ""Path\u00e9 Exchange"", ""origin_country"": ""US""}]","[{""iso_3166_1"": ""US"", ""name"": ""United States of America""}]","[{""english_name"": ""No Language"", ""iso_639_1"": ""xx"", ""name"": ""No Language""}]","[""US""]",null
16604,Super Rhino,Super Rhino,"This short begins with the star canine and his owner Penny in peril from ""The Man with the Green Eye"", trapped within his fortress protected by overwhelming defenses, tied up and suspended high above a bottomless pit that's surrounded by fire. So Penny's father transforms Rhino into a super hamster to save the day.",,Released,False,False,2009-03-21,5,0,0,1.2475,6.0,82,en,,tt1368151,/hXgRhk8mDMEY4OSh3fI98X3LNol.jpg,/finCGOD6V1gCAzxOr266IIuThce.jpg,"[{""id"": 16, ""name"": ""Animation""}, {""id"": 35, ""name"": ""Comedy""}]","[{""id"": 6125, ""logo_path"": ""/8bH86UPmMP8hlITzXV3XgV9eaAc.png"", ""name"": ""Walt Disney Animation Studios"", ""origin_country"": ""US""}, {""id"": 2, ""logo_path"": ""/wdrCwmRnLFJhEoH8GSfymY85KHT.png"", ""name"": ""Walt Disney Pictures"", ""origin_country"": ""US""}]","[{""iso_3166_1"": ""US"", ""name"": ""United States of America""}]","[{""english_name"": ""English"", ""iso_639_1"": ""en"", ""name"": ""English""}]","[""US""]",null
16605,Somersault,Somersault,"Australian teenager Heidi is left with little choice but to leave home after she's caught red-handed with her mother's boyfriend. With few options, Heidi ends up in Jindabyne, a tourist community. Upon meeting Joe at a bar, she pursues a relationship with him and tries to find something resembling a normal home life. Heidi makes small strides by getting a job and finding a place to stay, but her relationship with Joe must overcome more than its share of hurdles.",Love can turn you upside down.,Released,False,False,2004-06-19,105,0,1482316,1.0715,6.2,109,en,https://filmmovement.com/somersault,tt0381429,/hN6GnyLhamDrz2xAOqVZ4Fv6Lyo.jpg,/fDt3yKI0PdSAssMbgQePT4QTOJc.jpg,"[{""id"": 18, ""name"": ""Drama""}, {""id"": 10749, ""name"": ""Romance""}]","[{""id"": 2948, ""logo_path"": null, ""name"": ""Showtime Australia"", ""origin_country"": ""AU""}, {""id"": 5668, ""logo_path"": null, ""name"": ""Red Carpet Productions"", ""origin_country"": ""AU""}, {""id"": 1615, ""logo_path"": ""/4eBmyaFkD9um04Weu6ybnLWNSVH.png"", ""name"": ""Fortissimo Films"", ""origin_country"": ""NL""}, {""id"": 418, ""logo_path"": null, ""name"": ""New South Wales Film & Television Office"", ""origin_country"": ""AU""}, {""id"": 1380, ""logo_path"": ""/y4JH9ncZJAFJGYWK84k1dmXnsw0.png"", ""name"": ""Australian Film Finance Corporation"", ""origin_country"": ""AU""}]","[{""iso_3166_1"": ""AU"", ""name"": ""Australia""}, {""iso_3166_1"": ""NL"", ""name"": ""Netherlands""}]","[{""english_name"": ""English"", ""iso_639_1"": ""en"", ""name"": ""English""}]","[""AU""]",null
16606,Attack the Gas Station!,주유소 습격사건,"A quartet of disaffected Korean youths have robbed a Seoul gas station. After taking the gas station over, their wacky antics ensue; forcing the manager to sing, kidnapping customers that complain about the service, and staging fist-fights between street gang members and gas station employees; all of these reflect their own gripes against society.","Just when you wanted to laugh, here they come.",Released,False,False,1999-10-02,113,0,0,2.3751,6.6,114,ko,,tt0262246,/z4EXiiifZCfqE9nc4FYhcCt12Kw.jpg,/kwAj4O11akIxRUj0mfxILKLGmK9.jpg,"[{""id"": 28, ""name"": ""Action""}, {""id"": 35, ""name"": ""Comedy""}]","[{""id"": 3198, ""logo_path"": null, ""name"": ""Fun and Happiness Film"", ""origin_country"": ""KR""}, {""id"": 868, ""logo_path"": ""/pWznyKg90dGoFpWQ5yAQ0Wdvde8.png"", ""name"": ""Cinema Service"", ""origin_country"": ""KR""}]","[{""iso_3166_1"": ""KR"", ""name"": ""South Korea""}]","[{""english_name"": ""Korean"", ""iso_639_1"": ""ko"", ""name"": ""\ud55c\uad6d\uc5b4/\uc870\uc120\ub9d0""}]","[""KR""]","{""id"": 767583, ""name"": ""Attack the Gas Station Collection"", ""poster_path"": null, ""backdrop_path"": null}"
16608,The Proposition,The Proposition,"In 1880s Australia, a lawman offers renegade Charlie Burns a difficult choice. In order to save his younger brother from the gallows, Charlie must hunt down and kill his older brother, who is wanted for rape and murder. Venturing into one of the Outback's most inhospitable regions, Charlie faces a terrible moral dilemma that can end only in violence.",This land will be civilized.,Released,False,False,2005-10-06,104,2000000,5048693,2.728,7.023,701,en,,tt0421238,/bbSHSJuO5XjrIKMh6QXXLTg3Yzr.jpg,/5ndWXHSKcdN6uYSPOLlxnSMuAEE.jpg,"[{""id"": 28, ""name"": ""Action""}, {""id"": 12, ""name"": ""Adventure""}, {""id"": 80, ""name"": ""Crime""}, {""id"": 18, ""name"": ""Drama""}, {""id"": 53, ""name"": ""Thriller""}, {""id"": 37, ""name"": ""Western""}]","[{""id"": 2452, ""logo_path"": ""/gOkUB0TdXRLAl6s0s6jCSLS3sOb.png"", ""name"": ""UK Film Council"", ""origin_country"": ""GB""}, {""id"": 3205, ""logo_path"": null, ""name"": ""Surefire Film Productions"", ""origin_country"": """"}, {""id"": 2326, ""logo_path"": null, ""name"": ""Autonomous"", ""origin_country"": ""GB""}, {""id"": 3207, ""logo_path"": null, ""name"": ""Pictures in Paradise"", ""origin_country"": ""AU""}, {""id"": 3206, ""logo_path"": null, ""name"": ""Jackie O Productions"", ""origin_country"": """"}, {""id"": 4024, ""logo_path"": null, ""name"": ""Pacific Film and Television Commission"", ""origin_country"": ""AU""}, {""id"": 20455, ""logo_path"": ""/hSJO4QXfRfBXLbaQWiCnSmhEB8T.png"", ""name"": ""The Film Consortium"", ""origin_country"": ""GB""}, {""id"": 1270, ""logo_path"": ""/4xicOE0sCK3PWfM3RKvHUc89xoL.png"", ""name"": ""National Lottery"", ""origin_country"": ""GB""}]","[{""iso_3166_1"": ""AU"", ""name"": ""Australia""}, {""iso_3166_1"": ""GB"", ""name"": ""United Kingdom""}]","[{""english_name"": ""English"", ""iso_639_1"": ""en"", ""name"": ""English""}]","[""AU""]",null
16611,Blackout,Blackout,Three people from different walks of life find themselves trapped inside a stalled elevator. What at first seems like an inconvenience rapidly escalates into a nightmare.,,Released,False,False,2008-05-28,85,0,0,1.0996,5.4,111,en,,tt0844666,/a6Z2OGtGTolqfmGaMvuVi8CUSxq.jpg,/n73pshsMK0rHyl5bjNcV882OoF2.jpg,"[{""id"": 27, ""name"": ""Horror""}, {""id"": 53, ""name"": ""Thriller""}]","[{""id"": 24323, ""logo_path"": null, ""name"": ""Morabito Picture Company"", ""origin_country"": """"}]","[{""iso_3166_1"": ""US"", ""name"": ""United States of America""}]","[{""english_name"": ""English"", ""iso_639_1"": ""en"", ""name"": ""English""}]","[""US""]",null
16612,Carmencita,Carmencita,"The first woman to appear in front of an Edison motion picture camera and possibly the first woman to appear in a motion picture within the United States. In the film, Carmencita is recorded going through a routine she had been performing at Koster & Bial's in New York since February 1890.",,Released,False,False,1894-03-14,1,0,0,0.8302,5.2,78,xx,,tt0000001,/sDbM3NnfnsEZYEJMt4O06Vb8Z9k.jpg,/pm9G1rfVvtBP32hNy4EwDEJpVtL.jpg,"[{""id"": 99, ""name"": ""Documentary""}]","[{""id"": 18758, ""logo_path"": ""/fe3cMUJLhbkTM9PDxdDA8hQpAxp.png"", ""name"": ""Edison Studios"", ""origin_country"": ""US""}]","[{""iso_3166_1"": ""US"", ""name"": ""United States of America""}]","[{""english_name"": ""No Language"", ""iso_639_1"": ""xx"", ""name"": ""No Language""}]","[""US""]",null
16613,Clown and His Dogs,Clown et ses chiens,Short film of 300 individually painted images. A lost film.,,Released,False,False,1892-10-28,10,0,0,0.4448,4.8,13,fr,https://www.emilereynaud.fr/index.php/post/Clown-et-ses-chiens,tt0000002,/4ACC8V9ZSZ9AlWcAqUeF8aMcZV6.jpg,/pfeS2kjgvrjsCaKQ2NCFR22b9aR.jpg,"[{""id"": 16, ""name"": ""Animation""}]",[],"[{""iso_3166_1"": ""FR"", ""name"": ""France""}]","[{""english_name"": ""No Language"", ""iso_639_1"": ""xx"", ""name"": ""No Language""}]","[""FR""]",null
16614,Adventureland,Adventureland,"It's the summer of 1987, and recent college grad James Brennan can't wait to begin his long-anticipated dream trip to Europe. Unfortunately, James' plans come to a screeching halt when his parents announce that they are unable to subsidize his trip. Forced to take a job at the local amusement park, James prepares for the worst summer ever, until he finds love with a captivating co-worker named Em.",Nothing brings people together like a crappy summer job.,Released,False,False,2009-04-03,107,9800000,17200000,2.1599,6.401,2332,en,,tt1091722,/eeSJNAR1aWcgANq26KWIHm3cbyB.jpg,/88R3QYgd4hGO8JKp9Dyc0Nq3vQ4.jpg,"[{""id"": 35, ""name"": ""Comedy""}, {""id"": 18, ""name"": ""Drama""}, {""id"": 10749, ""name"": ""Romance""}]","[{""id"": 14, ""logo_path"": ""/m6AHu84oZQxvq7n1rsvMNJIAsMu.png"", ""name"": ""Miramax"", ""origin_country"": ""US""}, {""id"": 10059, ""logo_path"": ""/3Z2MZzMW9gUyZAhHKhFIUqF1hwx.png"", ""name"": ""This is that"", ""origin_country"": ""US""}, {""id"": 737, ""logo_path"": ""/dK1GZ1u4our8sJW0Sts1JHeNSLn.png"", ""name"": ""Sidney Kimmel Entertainment"", ""origin_country"": ""US""}]","[{""iso_3166_1"": ""US"", ""name"": ""United States of America""}]","[{""english_name"": ""English"", ""iso_639_1"": ""en"", ""name"": ""English""}]","[""US""]",null
16617,Mindhunters,Mindhunters,Trainees in the FBI's psychological profiling program must put their training into practice when they discover a killer in their midst.  Based very loosely on Agatha Christie's And Then There Were None.,"For seven elite profilers, finding a serial killer is a process of elimination. Their own.",Released,False,False,2004-05-07,106,27000000,21100000,3.8954,6.453,1302,en,http://www.mindhunters-thefilm.com/,tt0297284,/uTTGRvnqCI9ZC7WkyP9u7XRiOaA.jpg,/eSMrNCvCzRZUhz1mhxpOvgrtvdI.jpg,"[{""id"": 9648, ""name"": ""Mystery""}, {""id"": 53, ""name"": ""Thriller""}, {""id"": 80, ""name"": ""Crime""}]","[{""id"": 19511, ""logo_path"": null, ""name"": ""Outlaw Victoria Productions Inc."", ""origin_country"": """"}, {""id"": 251, ""logo_path"": null, ""name"": ""Avenue Pictures"", ""origin_country"": ""US""}, {""id"": 433, ""logo_path"": ""/iafkKMpcRfEXq9a4sQf0h6tg2E2.png"", ""name"": ""Weed Road Pictures"", ""origin_country"": ""US""}, {""id"": 763, ""logo_path"": ""/mCnIVkImjm8rUxIpGR5NgrGlIYL.png"", ""name"": ""Intermedia Films"", ""origin_country"": ""GB""}, {""id"": 4588, ""logo_path"": null, ""name"": ""Egmond Film & Television"", ""origin_country"": ""NL""}, {""id"": 7405, ""logo_path"": ""/rfnws0uY8rsNAsrLbx3gEIcYXx3.png"", ""name"": ""Dimension Films"", ""origin_country"": ""US""}, {""id"": 19508, ""logo_path"": null, ""name"": ""Mindhunters (UK) Limited"", ""origin_country"": """"}, {""id"": 19509, ""logo_path"": null, ""name"": ""Mindhunters Productie BV"", ""origin_country"": """"}, {""id"": 19510, ""logo_path"": null, ""name"": ""Tonna Oy"", ""origin_country"": ""FI""}, {""id"": 889, ""logo_path"": ""/aqba7mtkseSCXByZiULc0aF2Djq.png"", ""name"": ""Outlaw Productions"", ""origin_country"": ""US""}]","[{""iso_3166_1"": ""FI"", ""name"": ""Finland""}, {""iso_3166_1"": ""NL"", ""name"": ""Netherlands""}, {""iso_3166_1"": ""GB"", ""name"": ""United Kingdom""}, {""iso_3166_1"": ""US"", ""name"": ""United States of America""}]","[{""english_name"": ""English"", ""iso_639_1"": ""en"", ""name"": ""English""}]","[""US""]",null
16618,Hans Christian Andersen,Hans Christian Andersen,"A small-town shoemaker with a knack for spinning yarns, Hans encounters happiness and heartbreak on his road to becoming a full-fledged writer.",The glorious story of the greatest storyteller of them all!,Released,False,False,1952-12-19,112,0,0,1.8275,6.2,74,en,,tt0044685,/auHA8xsD452GDCY2KdHGgYPmDPf.jpg,/b7JozC8zQE9P5Uj485EuqwhAics.jpg,"[{""id"": 10402, ""name"": ""Music""}, {""id"": 10751, ""name"": ""Family""}, {""id"": 35, ""name"": ""Comedy""}]","[{""id"": 28205, ""logo_path"": ""/70VLg1uTo7gXdJQczgl1DPmp3hT.png"", ""name"": ""Samuel Goldwyn Productions"", ""origin_country"": ""US""}]","[{""iso_3166_1"": ""US"", ""name"": ""United States of America""}]","[{""english_name"": ""English"", ""iso_639_1"": ""en"", ""name"": ""English""}]","[""US""]",null
16619,Ordinary People,Ordinary People,"Beth, Calvin, and their son Conrad are living in the aftermath of the death of the other son. Conrad is overcome by grief and misplaced guilt to the extent of a suicide attempt. He is in therapy. Beth had always preferred his brother and is having difficulty being supportive to Conrad. Calvin is trapped between the two trying to hold the family together.",Everything is in its proper place... except the past.,Released,False,False,1980-09-19,124,6000000,54766923,2.7871,7.447,685,en,,tt0081283,/tJVETEDAKgD3fEh88SHOvMvOQue.jpg,/81LV5HJ9nUXGCMhrJpFNjwvbEZl.jpg,"[{""id"": 18, ""name"": ""Drama""}]","[{""id"": 4, ""logo_path"": ""/jay6WcMgagAklUt7i9Euwj1pzTF.png"", ""name"": ""Paramount Pictures"", ""origin_country"": ""US""}, {""id"": 316, ""logo_path"": ""/AjLnvitW6m0n1wp3ElezITDDb4x.png"", ""name"": ""Wildwood Enterprises"", ""origin_country"": ""US""}]","[{""iso_3166_1"": ""US"", ""name"": ""United States of America""}]","[{""english_name"": ""English"", ""iso_639_1"": ""en"", ""name"": ""English""}]","[""US""]",null
16620,La Bamba,La Bamba,"Los Angeles teenager Ritchie Valens becomes an overnight rock 'n' roll success in 1958, thanks to a love ballad called ""Donna"" that he wrote for his girlfriend. But as his star rises, Valens has conflicts with his jealous brother, Bob, and becomes haunted by a recurring nightmare of a plane crash just as he begins his first national tour alongside Buddy Holly.",Born into poverty. Destined for stardom. He lived the American dream.,Released,False,False,1987-07-24,108,6500000,54215416,2.9344,7.257,771,en,,tt0093378,/6Znulqtc7cdqlUC69HGf26Ef5fi.jpg,/jXDanAOPM6gmypt72WlkZwrPuK0.jpg,"[{""id"": 18, ""name"": ""Drama""}, {""id"": 10402, ""name"": ""Music""}]","[{""id"": 15117, ""logo_path"": null, ""name"": ""New Visions Pictures"", ""origin_country"": """"}, {""id"": 5, ""logo_path"": ""/71BqEFAF4V3qjjMPCpLuyJFB9A.png"", ""name"": ""Columbia Pictures"", ""origin_country"": ""US""}]","[{""iso_3166_1"": ""US"", ""name"": ""United States of America""}]","[{""english_name"": ""English"", ""iso_639_1"": ""en"", ""name"": ""English""}, {""english_name"": ""Spanish"", ""iso_639_1"": ""es"", ""name"": ""Espa\u00f1ol""}]","[""US""]",null
16622,A Good Beer,Un bon bock,"One of the first animated short films. A wanderer enters a cabaret in the countryside and asks a waitress for a beer. She comes back with a pint, as the wanderer begins to court her. However, the kitchen boy comes, drinks the beer and vanishes. The wanderer, misunderstanding, asks for another beer. Then a traveler enters and has an argument with the wandered. During the argument, the kitchen boy appears, sips the second beer and runs away. As the traveler quits, the customer finds his glass empty again. He calls the waitress, expresses his disappointment and leaves. The kitchen boy comes in and explains to the waitress what he did with the two beers. They make fun together of the wanderer and leave. A lost film.",,Released,False,False,1892-10-28,15,0,0,0.5299,3.7,10,fr,https://www.emilereynaud.fr/index.php/post/Un-Bon-bock,tt0000004,/osv0TcCymlsOucqkZBssSuS4tD.jpg,,"[{""id"": 16, ""name"": ""Animation""}]",[],"[{""iso_3166_1"": ""FR"", ""name"": ""France""}]","[{""english_name"": ""No Language"", ""iso_639_1"": ""xx"", ""name"": ""No Language""}]","[""FR""]",null
16624,Blacksmithing Scene,Blacksmithing Scene,Three men hammer on an anvil and pass a bottle of beer around. Notable for being the first film in which a scene is being acted out.,,Released,False,False,1893-05-08,1,0,0,0.4893,5.6,112,xx,,tt0000005,/c76bs0S90EFhB5ww3i6DlYQTVk.jpg,/mDD99APoTgMuNJrkmAfGicooJHa.jpg,"[{""id"": 18, ""name"": ""Drama""}]","[{""id"": 246186, ""logo_path"": null, ""name"": ""Edison Manufacturing Company"", ""origin_country"": """"}]","[{""iso_3166_1"": ""US"", ""name"": ""United States of America""}]","[{""english_name"": ""No Language"", ""iso_639_1"": ""xx"", ""name"": ""No Language""}]","[""US""]",null
16632,100 Days with Mr. Arrogant,내 사랑 싸가지,"After being dumped by her boyfriend just before their 100-day anniversary, Ha-young meets a college guy named Hyung-joon when she kicks a can that accidentally hits him in the face and causes him to scratch his Lexus. He demands she pay him $3000 on the spot.",,Released,False,False,2004-01-16,95,3200000,0,2.4108,6.5,107,ko,,tt0395677,/4kTS3R0NR7Y5t1OpIuVWURlFYBF.jpg,/u7brIZ1clOun8Mc5x2Au6NScMxg.jpg,"[{""id"": 35, ""name"": ""Comedy""}, {""id"": 10749, ""name"": ""Romance""}]","[{""id"": 868, ""logo_path"": ""/pWznyKg90dGoFpWQ5yAQ0Wdvde8.png"", ""name"": ""Cinema Service"", ""origin_country"": ""KR""}, {""id"": 183442, ""logo_path"": null, ""name"": ""Phobos"", ""origin_country"": ""KR""}, {""id"": 194929, ""logo_path"": null, ""name"": ""JWELL Entertainment"", ""origin_country"": """"}]","[{""iso_3166_1"": ""KR"", ""name"": ""South Korea""}]","[{""english_name"": ""Korean"", ""iso_639_1"": ""ko"", ""name"": ""\ud55c\uad6d\uc5b4/\uc870\uc120\ub9d0""}]","[""KR""]",null
16633,Somewhere in Time,Somewhere in Time,"Young writer Richard Collier is met on the opening night of his first play by an old lady who begs him to ""Come back to me"". Mystified, he tries to find out about her, and learns that she is a famous stage actress from the early twentieth century. Becoming more and more obsessed with her, by self-hypnosis he manages to travel back in time—where he meets her.",Someday in the past he will find her...,Released,False,False,1980-10-02,103,5100000,0,3.0601,7.528,648,en,https://www.somewhereintime.tv,tt0081534,/hmdegiSwVYUNvEfihaE3HRM3Sos.jpg,/d7gEJYEookiF0SHPD8fMXcCgpC9.jpg,"[{""id"": 18, ""name"": ""Drama""}, {""id"": 14, ""name"": ""Fantasy""}, {""id"": 10749, ""name"": ""Romance""}]","[{""id"": 33, ""logo_path"": ""/8lvHyhjr8oUKOOy2dKXoALWKdp0.png"", ""name"": ""Universal Pictures"", ""origin_country"": ""US""}, {""id"": 1177, ""logo_path"": ""/gxvrQWG6byKMVEHMjTJjGhRlARQ.png"", ""name"": ""Rastar Productions"", ""origin_country"": ""US""}, {""id"": 284431, ""logo_path"": null, ""name"": ""Stephen Deutsch Productions"", ""origin_country"": """"}]","[{""iso_3166_1"": ""US"", ""name"": ""United States of America""}]","[{""english_name"": ""English"", ""iso_639_1"": ""en"", ""name"": ""English""}]","[""US""]",null
16634,Alien Trespass,Alien Trespass,"In 1957 a fiery object crashes into a mountaintop in the California desert, bringing the threat of disaster to Earth. Out of the flying saucer escapes a murderous creature, the Ghota, bent on destroying all life forms on the planet. A benevolent alien from the spaceship, Urp, inhabits the body of Ted Lewis, an astronomer and with the help of Tammy, a diner waitress, sets out to save mankind.",,Released,False,False,2009-04-03,90,0,0,1.1446,5.121,91,en,http://www.alientrespass.com,tt1122836,/3W6DuB0dp5SSZCvqaJxD25M6Evt.jpg,/cNODQdBJ6FsXMGCDYHeqLsaKhmL.jpg,"[{""id"": 28, ""name"": ""Action""}, {""id"": 12, ""name"": ""Adventure""}, {""id"": 35, ""name"": ""Comedy""}, {""id"": 878, ""name"": ""Science Fiction""}, {""id"": 27, ""name"": ""Horror""}]","[{""id"": 3199, ""logo_path"": null, ""name"": ""Rangeland Productions"", ""origin_country"": """"}]","[{""iso_3166_1"": ""CA"", ""name"": ""Canada""}, {""iso_3166_1"": ""US"", ""name"": ""United States of America""}]","[{""english_name"": ""English"", ""iso_639_1"": ""en"", ""name"": ""English""}]","[""US"", ""CA""]",null
16635,In My Country,In My Country,An American reporter and an Afrikaans poet meet and fall in love while covering South Africa's Truth and Reconciliation Commission hearings.,"A South African Story of Truth, Love and Reconcilliation",Released,False,False,2004-05-04,103,12000000,1491434,1.8491,5.88,50,en,https://www.sonyclassics.com/inmycountry/,tt0349260,/zjyO6TrpJSeDCjxdFZk8RYEg6F6.jpg,/28GYawVOhonTtiEFGC0nLaFkInj.jpg,"[{""id"": 10749, ""name"": ""Romance""}, {""id"": 18, ""name"": ""Drama""}]","[{""id"": 3200, ""logo_path"": null, ""name"": ""Chartoff Productions"", ""origin_country"": ""US""}, {""id"": 3201, ""logo_path"": null, ""name"": ""Merlin Films"", ""origin_country"": ""IE""}, {""id"": 11317, ""logo_path"": ""/hMboqqmeILXFeOJjuCsn3FvCIT3.png"", ""name"": ""Phoenix Pictures"", ""origin_country"": ""US""}]","[{""iso_3166_1"": ""IE"", ""name"": ""Ireland""}, {""iso_3166_1"": ""ZA"", ""name"": ""South Africa""}, {""iso_3166_1"": ""GB"", ""name"": ""United Kingdom""}, {""iso_3166_1"": ""US"", ""name"": ""United States of America""}]","[{""english_name"": ""Afrikaans"", ""iso_639_1"": ""af"", ""name"": ""Afrikaans""}, {""english_name"": ""English"", ""iso_639_1"": ""en"", ""name"": ""English""}]","[""IE"", ""US"", ""GB""]",null
16636,Spellbound,Spellbound,This documentary follows 8 teens and pre-teens as they work their way toward the finals of the Scripps Howard national spelling bee championship in Washington D.C.,Everyone wants the last word.,Released,False,False,2002-11-13,97,0,0,0.8187,7.3,120,en,http://spellboundmovie.com,tt0334405,/whPFGfqZayYOU5f5mx0GdXZOgpi.jpg,/yKjaeMSOJ0ObahfjcoSPLMSeOXE.jpg,"[{""id"": 99, ""name"": ""Documentary""}]","[{""id"": 76719, ""logo_path"": null, ""name"": ""Blitz / Welch"", ""origin_country"": """"}, {""id"": 88582, ""logo_path"": ""/zf2Akd6JvRZlnd1OacHYaN5dj0k.png"", ""name"": ""Cinetic Media"", ""origin_country"": ""US""}]","[{""iso_3166_1"": ""US"", ""name"": ""United States of America""}]","[{""english_name"": ""English"", ""iso_639_1"": ""en"", ""name"": ""English""}]","[""US""]",null
16638,El Cid,El Cid,"Epic film of the legendary Spanish hero, Rodrigo Diaz (""El Cid"" to his followers), who, without compromising his strict sense of honour, still succeeds in taking the initiative and driving the Moors from Spain.",The GREATEST ROMANCE and ADVENTURE in a THOUSAND YEARS!,Released,False,False,1961-10-24,187,6250000,26600000,3.0398,6.834,295,en,,tt0054847,/a6DY3LDlXFUDuXm47zXTOfiisxP.jpg,/sKXjExfASGAdRhqVWLScXyie4fY.jpg,"[{""id"": 28, ""name"": ""Action""}, {""id"": 18, ""name"": ""Drama""}, {""id"": 36, ""name"": ""History""}, {""id"": 10749, ""name"": ""Romance""}, {""id"": 10752, ""name"": ""War""}]","[{""id"": 10253, ""logo_path"": null, ""name"": ""Samuel Bronston Productions"", ""origin_country"": ""US""}, {""id"": 11929, ""logo_path"": null, ""name"": ""Dear Film"", ""origin_country"": ""IT""}, {""id"": 268105, ""logo_path"": null, ""name"": ""Aspa Films"", ""origin_country"": ""ES""}]","[{""iso_3166_1"": ""IT"", ""name"": ""Italy""}, {""iso_3166_1"": ""ES"", ""name"": ""Spain""}, {""iso_3166_1"": ""US"", ""name"": ""United States of America""}]","[{""english_name"": ""English"", ""iso_639_1"": ""en"", ""name"": ""English""}, {""english_name"": ""Latin"", ""iso_639_1"": ""la"", ""name"": ""Latin""}]","[""US"", ""IT""]",null
16639,Deliver Us from Evil,Fri os fra det onde,"In search of a new lifestyle, Johannes and his wife Pernille leave the city and move with their two children to Johannes’ childhood town in the country. When Johannes’ drunken brother Lars accidently runs over Anna, a local, and plants false evidence pointing at the emigrant Alain, Johannes stands up to defend Alain. But it comes with a price.",,Released,False,False,2009-04-03,100,0,0,0.7659,5.768,41,da,,tt1272012,/5F0FBTs2OA7glSUuvpwzYPCMAnw.jpg,/Ab7Ko5u702WXZpoOPM7oSUbYOah.jpg,"[{""id"": 53, ""name"": ""Thriller""}]","[{""id"": 19434, ""logo_path"": null, ""name"": ""Greta Film"", ""origin_country"": ""SE""}, {""id"": 2105, ""logo_path"": ""/48jOgfdOkjNXwHPhbtpHj1H8kRt.png"", ""name"": ""Thura Film"", ""origin_country"": ""DK""}, {""id"": 9369, ""logo_path"": ""/qwaJVPNNIUhVdeIaoyoctSDhv89.png"", ""name"": ""Obel Film"", ""origin_country"": ""DK""}]","[{""iso_3166_1"": ""DK"", ""name"": ""Denmark""}, {""iso_3166_1"": ""SE"", ""name"": ""Sweden""}, {""iso_3166_1"": ""NO"", ""name"": ""Norway""}]","[{""english_name"": ""Danish"", ""iso_639_1"": ""da"", ""name"": ""Dansk""}]","[""DK""]",null
16640,Pirates of the Great Salt Lake,Pirates of the Great Salt Lake,"Kirk Redgrave and Flint Weaver met only three weeks ago. But that hasn't stopped them from becoming the greatest pirates the Great Salt Lake has ever known. Still, pirate life isn't all that it's cracked up to be. For Kirk, it's a life of failure. For Flint, one without reward. That is until they stumble across a long lost treasure map that has the power to not only fulfill their wildest pirate dreams but curse them as well",,Released,False,False,2006-02-01,86,0,0,1.0759,3.8,4,en,,tt0477065,/haG9wRMUzCbBr3KqPsINkb273h7.jpg,,"[{""id"": 28, ""name"": ""Action""}, {""id"": 35, ""name"": ""Comedy""}]","[{""id"": 3203, ""logo_path"": null, ""name"": ""Blueshift Entertainment"", ""origin_country"": """"}]","[{""iso_3166_1"": ""US"", ""name"": ""United States of America""}]","[{""english_name"": ""English"", ""iso_639_1"": ""en"", ""name"": ""English""}]","[""US""]",null
16641,Cirque du Soleil: Journey of Man,Cirque du Soleil: Journey of Man,"A child is born. We see underwater swimmers representing this. He is young, in a jungle setting, with two fanciful ""instincts"" guiding him as swooping bird-like acrobats initially menace, then delight. As an adolescent, he enters a desert, where a man spins a large cube of metal tubing. He leaves his instinct-guides behind, and enters a garden where two statues dance in a pond. As he watches their sensual acrobatics of love, he becomes a man. He is offered wealth (represented by a golden hat) by a devil figure. In a richly decorated room, a scruffy troupe of a dozen acrobats and a little girl reawaken the old man's youthful nature and love.",,Released,False,False,2000-05-05,39,0,0,0.797,7.1,30,en,https://cirquedusoleiljourney.com,tt0213749,/h2kFMJNhC9q1gL8YESKqW3yIouF.jpg,/6K6IrshUyD61GWrdwjtR0rUr4bs.jpg,"[{""id"": 18, ""name"": ""Drama""}, {""id"": 10751, ""name"": ""Family""}, {""id"": 10402, ""name"": ""Music""}, {""id"": 14, ""name"": ""Fantasy""}]","[{""id"": 56448, ""logo_path"": null, ""name"": ""Cirque du Soleil Images"", ""origin_country"": ""CA""}, {""id"": 40414, ""logo_path"": null, ""name"": ""Motion International"", ""origin_country"": """"}]","[{""iso_3166_1"": ""CA"", ""name"": ""Canada""}]","[{""english_name"": ""English"", ""iso_639_1"": ""en"", ""name"": ""English""}]","[""CA"", ""US""]",null
16642,Days of Heaven,Days of Heaven,"In 1916, a Chicago steel worker accidentally kills his supervisor and flees to the Texas panhandle with his girlfriend and little sister to work harvesting wheat in the fields of a stoic farmer.","She gave her hand to one man, but her heart to another.",Released,False,False,1978-09-13,94,3000000,3700000,5.2465,7.5,1148,en,,tt0077405,/rwxTYjOZmX2rGhz7avLe1qsjNqe.jpg,/5JrPWR6ve6gry6LG8SKr6tsQSBo.jpg,"[{""id"": 18, ""name"": ""Drama""}, {""id"": 10749, ""name"": ""Romance""}]","[{""id"": 4, ""logo_path"": ""/jay6WcMgagAklUt7i9Euwj1pzTF.png"", ""name"": ""Paramount Pictures"", ""origin_country"": ""US""}]","[{""iso_3166_1"": ""US"", ""name"": ""United States of America""}]","[{""english_name"": ""English"", ""iso_639_1"": ""en"", ""name"": ""English""}, {""english_name"": ""Italian"", ""iso_639_1"": ""it"", ""name"": ""Italiano""}]","[""US""]",null
16643,Life or Something Like It,Life or Something Like It,"A reporter Lanie Kerrigan interviews a psychic homeless man for a fluff piece about a football game's score. Instead he tells her that her life has no meaning and is going to end in just a few days, which sparks her to action, trying to change the pattern of her life...",Destiny is what you make of it.,Released,False,False,2002-04-24,103,40000000,16872671,2.1431,5.7,610,en,,tt0282687,/b9lUSfCjv8jjNRSsmk65HEV1Pv3.jpg,/AwkaTlvHAc5qQksrXg982CWMkYJ.jpg,"[{""id"": 35, ""name"": ""Comedy""}, {""id"": 18, ""name"": ""Drama""}, {""id"": 10749, ""name"": ""Romance""}]","[{""id"": 508, ""logo_path"": ""/4sGWXoboEkWPphI6es6rTmqkCBh.png"", ""name"": ""Regency Enterprises"", ""origin_country"": ""US""}, {""id"": 1302, ""logo_path"": ""/zC3b70ixHh89qJIikLQPEvLqbPM.png"", ""name"": ""Davis Entertainment"", ""origin_country"": ""US""}, {""id"": 10104, ""logo_path"": ""/4sGWXoboEkWPphI6es6rTmqkCBh.png"", ""name"": ""New Regency Pictures"", ""origin_country"": ""US""}, {""id"": 1171, ""logo_path"": ""/wp7NwsxxHT8sqPaek6SlxnXlkP4.png"", ""name"": ""Epsilon Motion Pictures"", ""origin_country"": ""CH""}]","[{""iso_3166_1"": ""US"", ""name"": ""United States of America""}]","[{""english_name"": ""English"", ""iso_639_1"": ""en"", ""name"": ""English""}]","[""US""]",null
16644,Emma Smith: My Story,Emma Smith: My Story,"Before her death, Emma reflects on her life; beginning with her childhood, up through her final years in Nauvoo.",By the side of the founder of a new faith stood an elect lady of undeniable courage.,Released,False,False,2008-04-11,98,0,881787,0.731,5.3,5,en,,tt1091225,/7XBfQzuBVdXDtZevz3uv9QRCghq.jpg,,"[{""id"": 18, ""name"": ""Drama""}, {""id"": 36, ""name"": ""History""}]","[{""id"": 6343, ""logo_path"": ""/8poirmC5GDAKaVO7JzZOb4WlNxJ.png"", ""name"": ""Candlelight Media Group"", ""origin_country"": ""US""}, {""id"": 139125, ""logo_path"": null, ""name"": ""Morning Dew Entertainment"", ""origin_country"": """"}]","[{""iso_3166_1"": ""US"", ""name"": ""United States of America""}]","[{""english_name"": ""English"", ""iso_639_1"": ""en"", ""name"": ""English""}]","[""US""]",null
16646,Russian Ark,Русский ковчег,"A ghost and a French marquis wander through the Winter Palace in St Petersburg, encountering scenes from many different periods of its history.","2000 cast members, 3 orchestras, 33 rooms, 300 years, ALL IN ONE TAKE",Released,False,False,2002-05-22,99,0,6723732,2.2216,7.225,503,ru,,tt0318034,/dkFM8Q7J0wNpEnbtD1AcWumkShj.jpg,/lLQgQy1nX3qocg83BLTCz1911R4.jpg,"[{""id"": 18, ""name"": ""Drama""}, {""id"": 14, ""name"": ""Fantasy""}, {""id"": 36, ""name"": ""History""}]","[{""id"": 263039, ""logo_path"": null, ""name"": ""The State Hermitage Museum"", ""origin_country"": ""RU""}, {""id"": 70046, ""logo_path"": null, ""name"": ""The Hermitage Bridge Studio"", ""origin_country"": ""RU""}, {""id"": 177093, ""logo_path"": ""/bYbhJeVv2yNnSzABI9Vg2P7s7pS.png"", ""name"": ""Egoli Tossell Pictures"", ""origin_country"": ""DE""}]","[{""iso_3166_1"": ""RU"", ""name"": ""Russia""}, {""iso_3166_1"": ""DE"", ""name"": ""Germany""}]","[{""english_name"": ""Persian"", ""iso_639_1"": ""fa"", ""name"": ""\u0641\u0627\u0631\u0633\u06cc""}, {""english_name"": ""Russian"", ""iso_639_1"": ""ru"", ""name"": ""P\u0443\u0441\u0441\u043a\u0438\u0439""}, {""english_name"": ""French"", ""iso_639_1"": ""fr"", ""name"": ""Fran\u00e7ais""}]","[""RU""]",null
16651,The Other Side of Heaven,The Other Side of Heaven,"John H. Groberg, a middle class kid from Idaho Falls, crosses the Pacific to become a Mormon missionary in the remote and exotic Tongan island kingdom during the 1950's. He leaves behind a loving family and the true love of his life, Jean. Through letters and musings across the miles, John shares his humbling and sometimes hilarious adventures with ""the girl back home"", and her letters buoy up his spirits in difficult times. John must struggle to overcome language barriers, physical hardship and deep-rooted suspicion to earn the trust and love of the Tongan people he has come to serve. Throughout his adventure-filled three years on the islands, he discovers friends and wisdom in the most unlikely places. John H. Groberg's Tongan odyssey will change his life forever.",An Epic Journey.,Released,False,False,2001-04-12,113,7000000,4720371,1.4585,6.2,69,en,,tt0250371,/1jHSJULA0nEDfVeewlLvppsjve8.jpg,/eYRVyA4oBRNkrT4kAqPS7xiiZHc.jpg,"[{""id"": 28, ""name"": ""Action""}, {""id"": 12, ""name"": ""Adventure""}, {""id"": 18, ""name"": ""Drama""}, {""id"": 10751, ""name"": ""Family""}]","[{""id"": 3208, ""logo_path"": null, ""name"": ""3Mark Entertainment"", ""origin_country"": """"}, {""id"": 127890, ""logo_path"": null, ""name"": ""Molen/Garbett Productions"", ""origin_country"": """"}, {""id"": 3202, ""logo_path"": ""/rwiCINCud2HXc7Rf9aSnQDDMyQX.png"", ""name"": ""Walt Disney Studios Home Entertainment"", ""origin_country"": ""US""}]","[{""iso_3166_1"": ""US"", ""name"": ""United States of America""}]","[{""english_name"": ""Tonga"", ""iso_639_1"": ""to"", ""name"": """"}, {""english_name"": ""English"", ""iso_639_1"": ""en"", ""name"": ""English""}]","[""US""]","{""id"": 663273, ""name"": ""The Other Side of Heaven Collection"", ""poster_path"": ""/mhuPesAloNoAcaJVzw2U7T3lxzl.jpg"", ""backdrop_path"": ""/xCWtH0eFLA57zwl6mTtUijdH563.jpg""}"
16652,Happily N'Ever After 2,Happily N'Ever After 2,Fairy tales collide when Mambo and Munk tip the scales of good and evil once again.,,Released,False,False,2009-03-24,75,0,739943,1.2319,4.9,224,en,,tt1235837,/qovxyp1QbwN179Ay65zQYDjNsuV.jpg,/8RD8XoU4A20RujPtqejNQl8flPF.jpg,"[{""id"": 16, ""name"": ""Animation""}, {""id"": 35, ""name"": ""Comedy""}, {""id"": 12, ""name"": ""Adventure""}]","[{""id"": 2526, ""logo_path"": ""/kzIW6QWhacDwzGoXEIWhac8rb70.png"", ""name"": ""Kickstart Entertainment"", ""origin_country"": ""US""}, {""id"": 87859, ""logo_path"": ""/nkn7mGWhTU3rZkgt89fweK0rduI.png"", ""name"": ""BAF Berlin Animation Film"", ""origin_country"": ""DE""}]","[{""iso_3166_1"": ""DE"", ""name"": ""Germany""}, {""iso_3166_1"": ""US"", ""name"": ""United States of America""}]","[{""english_name"": ""English"", ""iso_639_1"": ""en"", ""name"": ""English""}]","[""US""]","{""id"": 141084, ""name"": ""Happily N'Ever After Collection"", ""poster_path"": ""/bT90AIpfy1jJnXpdFVkptfRmlEH.jpg"", ""backdrop_path"": ""/fw6YfVOmK0tVtaSUGb3GvLzEmvK.jpg""}"
16653,The Singles Ward,The Singles Ward,"When Jonathan Jordan gets divorced he's thrust back into the world of being a single Mormon - a world who's ultimate goal is eternal marriage. Struggling to fit in, Jonathan decides to stop going to church only to be pursued by the members of the local singles ward who want to reactivate him. Nothing works until Jonathan falls for Cammie Giles, the ward activities director. Suddenly, going to church becomes much more appealing, But is he going for the right reasons?",The Road to Eternal Marriage Has Never Been Longer,Released,False,False,2002-01-30,102,0,0,0.6288,6.0,12,en,,tt0306069,/A1l7mSbptwFdutUbOq4zzhH4goa.jpg,/8lko69TNjjEa5KRANIcgM4sE2o6.jpg,"[{""id"": 35, ""name"": ""Comedy""}, {""id"": 18, ""name"": ""Drama""}, {""id"": 10751, ""name"": ""Family""}, {""id"": 10749, ""name"": ""Romance""}]","[{""id"": 4003, ""logo_path"": null, ""name"": ""Halestorm Entertainment"", ""origin_country"": """"}, {""id"": 138734, ""logo_path"": null, ""name"": ""LDS Singles Online"", ""origin_country"": """"}]","[{""iso_3166_1"": ""US"", ""name"": ""United States of America""}]",[],"[""US""]","{""id"": 823915, ""name"": ""Singles Ward"", ""poster_path"": null, ""backdrop_path"": null}"
16654,John Mayer: Any Given Thursday,John Mayer: Any Given Thursday,"Any Given Thursday is a live CD/DVD by John Mayer, recorded in Birmingham, Alabama at the Oak Mountain Amphitheater on September 12, 2002, during the Room for Squares tour. The album quickly peaked at #17 on the Billboard 200 chart. It features mostly songs from Room for Squares.",,Released,False,False,2003-02-11,115,0,0,0.3678,7.8,7,en,,tt0362415,/rjZMeQ7gQ3KVqcCajMF4ivUvNqf.jpg,/tDI1sjZqxMAvZoSkQIEJiu2HBbz.jpg,"[{""id"": 10402, ""name"": ""Music""}]",[],[],"[{""english_name"": ""English"", ""iso_639_1"": ""en"", ""name"": ""English""}]","[""US""]",null
16657,Protégé,門徒,"A special agent has for 8 years been deep undercover in Asia's lucrative organized crime trade as he plays protégé to one of the key players, Banker. Now, Nick has but he has started to feel loyalty to his new environment and to the money.",Honor… Obligation… Betrayal… There's Only One Choice!,Released,False,False,2007-04-13,106,0,0,3.1498,6.836,116,cn,,tt0841150,/giSOmGcEMfRg3hLluMiEtvZPDT1.jpg,/3YQKH7lzJ4L4rGFi6tnCLYqRxjO.jpg,"[{""id"": 18, ""name"": ""Drama""}, {""id"": 53, ""name"": ""Thriller""}]","[{""id"": 3405, ""logo_path"": null, ""name"": ""MediaCorp Raintree Pictures"", ""origin_country"": ""SG""}, {""id"": 5634, ""logo_path"": null, ""name"": ""Artforce International"", ""origin_country"": ""HK""}, {""id"": 5636, ""logo_path"": null, ""name"": ""Beijing Jinyinma Movie & TV Culture Co."", ""origin_country"": ""CN""}, {""id"": 30148, ""logo_path"": ""/zerhOenUD6CkH8SMgZUhrDkOs4w.png"", ""name"": ""Bona Film Group"", ""origin_country"": ""CN""}, {""id"": 2270, ""logo_path"": ""/7osqu50JpFIh0klZU0s1CrnNqcc.png"", ""name"": ""China Film Group Corporation"", ""origin_country"": ""CN""}]","[{""iso_3166_1"": ""CN"", ""name"": ""China""}, {""iso_3166_1"": ""HK"", ""name"": ""Hong Kong""}, {""iso_3166_1"": ""SG"", ""name"": ""Singapore""}]","[{""english_name"": ""Cantonese"", ""iso_639_1"": ""cn"", ""name"": ""\u5e7f\u5dde\u8bdd / \u5ee3\u5dde\u8a71""}, {""english_name"": ""Thai"", ""iso_639_1"": ""th"", ""name"": ""\u0e20\u0e32\u0e29\u0e32\u0e44\u0e17\u0e22""}, {""english_name"": ""English"", ""iso_639_1"": ""en"", ""name"": ""English""}]","[""HK""]",null
16659,My Brilliant Career,My Brilliant Career,A young woman who is determined to maintain her independence finds herself at odds with her family who wants her to tame her wild side and get married.,,Released,False,False,1979-08-17,100,0,0,1.6387,6.2,76,en,,tt0079596,/s89ZolmE0tD5stOJhy6Jh4V3txZ.jpg,/kewdBa1MYOZwUhcbOHxxXLIquBI.jpg,"[{""id"": 18, ""name"": ""Drama""}, {""id"": 10749, ""name"": ""Romance""}]","[{""id"": 14590, ""logo_path"": null, ""name"": ""New South Wales Film Corp."", ""origin_country"": ""AU""}, {""id"": 38670, ""logo_path"": null, ""name"": ""GUO"", ""origin_country"": ""AU""}, {""id"": 37553, ""logo_path"": null, ""name"": ""Margaret Fink Productions"", ""origin_country"": """"}]","[{""iso_3166_1"": ""AU"", ""name"": ""Australia""}]","[{""english_name"": ""English"", ""iso_639_1"": ""en"", ""name"": ""English""}]","[""AU""]",null
16660,Tilt: The Battle to Save Pinball,Tilt: The Battle to Save Pinball,"THE SITUATION facing the pinball designers at Williams Electronic Games in 1998: come up with something new, or see the world's largest pinball manufacturer be shut down forever. And Williams' designers did come up with something amazing: a brand new kind of pinball machine—""Pinball 2000""—that fused video with classic pinball gameplay, preserving what was great about pinball yet opening up all-ne",,Released,False,False,2006-05-14,58,0,0,0.3384,6.9,8,en,http://www.tilt-movie.com/,tt0918519,/5TFgGM0ZKrhZsKcNojX09I0c6cF.jpg,,"[{""id"": 99, ""name"": ""Documentary""}]",[],"[{""iso_3166_1"": ""US"", ""name"": ""United States of America""}]","[{""english_name"": ""English"", ""iso_639_1"": ""en"", ""name"": ""English""}]","[""US""]",null
16661,The Kid Brother,The Kid Brother,The timid youngest son of the most important family in town must use his wits to win the respect of his strong father and the love of a beautiful new woman in town.,"""The Freshman"" is down on the farm! And there's a real plot with bashful love-making and everything!",Released,False,False,1927-01-17,82,0,0,1.0873,6.9,99,en,,tt0018051,/wH5VcRHUdR0ZIb938mVEbPzF13c.jpg,/kH0q9W1rfj9tce0Y2b2pRz7iEMe.jpg,"[{""id"": 35, ""name"": ""Comedy""}, {""id"": 18, ""name"": ""Drama""}]","[{""id"": 4111, ""logo_path"": null, ""name"": ""The Harold Lloyd Corporation"", ""origin_country"": ""US""}]","[{""iso_3166_1"": ""US"", ""name"": ""United States of America""}]","[{""english_name"": ""No Language"", ""iso_639_1"": ""xx"", ""name"": ""No Language""}]","[""US""]",null
16662,The Big Gundown,La resa dei conti,"Unofficial lawman John Corbett hunts down Cuchillo Sanchez, a Mexican peasant accused of raping and killing a 12-year-old girl.",Mr. Ugly comes to town!,Released,False,False,1967-03-03,111,0,0,1.9035,7.3,177,it,,tt0063501,/a03mr7GwtyTz8EvmZYcugOBH7hN.jpg,/6htGplcbeXm7cfMV4NozTKhW425.jpg,"[{""id"": 37, ""name"": ""Western""}]","[{""id"": 3210, ""logo_path"": null, ""name"": ""Tuillo DeMichelli"", ""origin_country"": """"}, {""id"": 7508, ""logo_path"": null, ""name"": ""PEA"", ""origin_country"": ""IT""}]","[{""iso_3166_1"": ""IT"", ""name"": ""Italy""}, {""iso_3166_1"": ""ES"", ""name"": ""Spain""}]","[{""english_name"": ""Italian"", ""iso_639_1"": ""it"", ""name"": ""Italiano""}]","[""IT""]","{""id"": 696344, ""name"": ""Cuchillo Collection"", ""poster_path"": ""/pZ4aYDmluEnAygkItgQIasdhsCI.jpg"", ""backdrop_path"": ""/jRrIt1do3pUQgs3yaoeqPchb4wF.jpg""}"
16664,All About Lily Chou-Chou,リリイ・シュシュのすべて,"Charts the troubled teenage years of students Yūichi Hasumi and Shūsuke Hoshino, exploring the shifting and complex power dynamics of their relationship against the backdrop of Yūichi's love for the dreamy and abstract music of pop star Lily Chou-Chou.",Pain can take you in prison. The ether can set you free.,Released,False,False,2001-10-06,146,1250000,6776921,6.0612,7.4,282,ja,,tt0297721,/pLBNmJUH9JYRCRsh349PJ22WpkS.jpg,/nZ7PeP09wioVQppxopmXHUfrAn1.jpg,"[{""id"": 18, ""name"": ""Drama""}, {""id"": 80, ""name"": ""Crime""}]","[{""id"": 2487, ""logo_path"": ""/zxbajHpbztstj8QgRU4SEmX6J1V.png"", ""name"": ""Rockwell Eyes"", ""origin_country"": ""JP""}, {""id"": 182, ""logo_path"": ""/1BPbXmwi1DZS1Qp0koK7AuponY6.png"", ""name"": ""JVC"", ""origin_country"": ""JP""}, {""id"": 157807, ""logo_path"": ""/tyrJOOVAUIxQEJzjP1PhP2H5zFi.png"", ""name"": ""WOWOW"", ""origin_country"": ""JP""}, {""id"": 139463, ""logo_path"": null, ""name"": ""OORONG-SHA"", ""origin_country"": ""JP""}]","[{""iso_3166_1"": ""JP"", ""name"": ""Japan""}]","[{""english_name"": ""Japanese"", ""iso_639_1"": ""ja"", ""name"": ""\u65e5\u672c\u8a9e""}]","[""JP""]",null
16665,Whisky Galore!,Whisky Galore!,"Based on a true story. The name of the real ship, that sunk Feb 5 1941 - during WWII - was S/S Politician. Having left Liverpool two days earlier, heading for Jamaica, it sank outside Eriskay, The Outer Hebrides, Scotland, in bad weather, containing 250,000 bottles of whisky. The locals gathered as many bottles as they could, before the proper authorities arrived, and even today, bottles are found in the sand or in the sea every other year.",,Released,False,False,1949-06-16,82,0,0,1.1853,6.8,148,en,,tt0042040,/4qz5Oc3hgXx4eBx7vkqLfG58J9X.jpg,/y1siOoSCQ4oLBo05F3STFia7tVb.jpg,"[{""id"": 35, ""name"": ""Comedy""}, {""id"": 80, ""name"": ""Crime""}]","[{""id"": 2650, ""logo_path"": ""/sDWe94w5fuyfgfRKc3N27CSJvsD.png"", ""name"": ""Ealing Studios"", ""origin_country"": ""GB""}, {""id"": 5586, ""logo_path"": null, ""name"": ""General Film Distributors"", ""origin_country"": """"}]","[{""iso_3166_1"": ""GB"", ""name"": ""United Kingdom""}]","[{""english_name"": ""English"", ""iso_639_1"": ""en"", ""name"": ""English""}, {""english_name"": ""Gaelic"", ""iso_639_1"": ""gd"", ""name"": """"}]","[""GB""]",null
16666,War Dance,War Dance,Three children living in a displacement camp in northern Uganda compete in their country's national music and dance festival.,"The war stole everything, except their music.",Released,False,False,2007-02-15,105,0,0,1.1367,7.158,19,en,,tt0912599,/mZxKlZSaL0VvBfmiZX3dv3BKVH5.jpg,/dOsFxHgM5dJiTeVMei2KSQMOYF9.jpg,"[{""id"": 99, ""name"": ""Documentary""}, {""id"": 10402, ""name"": ""Music""}, {""id"": 10752, ""name"": ""War""}]","[{""id"": 146007, ""logo_path"": null, ""name"": ""Rogues Harbor Studios"", ""origin_country"": ""US""}, {""id"": 146008, ""logo_path"": null, ""name"": ""Fine Films"", ""origin_country"": ""US""}, {""id"": 146009, ""logo_path"": ""/rnIANSVvu069QI3WlHm56rG7ld2.png"", ""name"": ""Shine Global"", ""origin_country"": ""US""}]","[{""iso_3166_1"": ""US"", ""name"": ""United States of America""}]","[{""english_name"": ""English"", ""iso_639_1"": ""en"", ""name"": ""English""}]","[""US""]",null
16668,The Best Two Years,The Best Two Years,"Two pairs of Mormon missionaries from America live in a beaten-up apartment in the Dutch city of Haarlem. Their personalities are distinctly different. Elder Johnson is the District Leader and oversees their efforts. His companion, the vain Elder Van Pelt, seeks to become the assistant to the mission president (the top post available) as soon as possible. The capable Elder Rogers has become disillusioned and inattentive to his duties ever since a previous missionary companion returned to America and married Elder Roger's girlfriend. The three meet Elder Roger's new companion, Elder Calhoun, in the train station. This new elder is a nerdy but enthusiastic ""greenie"" that has just arrived from the Missionary Training Center (MTC) in Utah. Unfortunately, his training did not give him much fluency in the Dutch language. But as luck would have it, the first person he approaches to proselytize is a fellow American named Kyle.",Every moment counts.,Released,False,False,2004-02-20,112,400000,1163450,0.5706,7.0,20,en,http://www.halestormentertainment.com/movies/best2years/index.html,tt0377038,/uH57dHiG0zO3KoQJqq1VeJva4nY.jpg,/hzLY9qOiix8Pe2WIiAExOjzJgX8.jpg,"[{""id"": 35, ""name"": ""Comedy""}, {""id"": 18, ""name"": ""Drama""}]","[{""id"": 4003, ""logo_path"": null, ""name"": ""Halestorm Entertainment"", ""origin_country"": """"}, {""id"": 82147, ""logo_path"": ""/fAxocDV9VNFVa009O2OFYyR2Fee.png"", ""name"": ""Harvest Films"", ""origin_country"": ""IE""}]","[{""iso_3166_1"": ""US"", ""name"": ""United States of America""}]","[{""english_name"": ""English"", ""iso_639_1"": ""en"", ""name"": ""English""}]","[""US""]",null
16672,Woman in the Dunes,砂の女,A vacationing entomologist suffers extreme physical and psychological trauma after being taken captive by the residents of a poor seaside village and made to live with a woman whose life task is shoveling sand for them.,Haunting. Erotic. Unforgettable.,Released,False,False,1964-02-15,147,0,0,3.5929,8.208,507,ja,,tt0058625,/xiBr3bIT2xpbuIKo5bLK7ebP4O1.jpg,/dxfFh9pTKDaYH2B6PwcR6ohCM1L.jpg,"[{""id"": 18, ""name"": ""Drama""}, {""id"": 53, ""name"": ""Thriller""}]","[{""id"": 3212, ""logo_path"": null, ""name"": ""Teshigahara Productions"", ""origin_country"": ""JP""}, {""id"": 882, ""logo_path"": ""/fRSWWjquvzcHjACbtF53utZFIll.png"", ""name"": ""TOHO"", ""origin_country"": ""JP""}]","[{""iso_3166_1"": ""JP"", ""name"": ""Japan""}]","[{""english_name"": ""Japanese"", ""iso_639_1"": ""ja"", ""name"": ""\u65e5\u672c\u8a9e""}]","[""JP""]",null
16673,No Alibi,No Alibi,Bob Lessing is a successful businessman who becomes amorously entangled with a dangerous and mysterious woman. What Lessing doesn't realize is that she has been sent by her powerful criminal boyfriend Vic Haddock to collect a large sum of drug money owed to him by Bob's murdered brother.,,Released,False,False,2000-03-24,90,0,0,0.832,2.2,6,en,,tt0192719,/l9zXOuKWPMXJZ9i4LAdt1zlacql.jpg,/pE32Z5bSYkllot2mU7l7Qs7qspC.jpg,"[{""id"": 53, ""name"": ""Thriller""}, {""id"": 80, ""name"": ""Crime""}, {""id"": 18, ""name"": ""Drama""}, {""id"": 9648, ""name"": ""Mystery""}]","[{""id"": 4516, ""logo_path"": null, ""name"": ""Coolbrook Media"", ""origin_country"": """"}, {""id"": 40414, ""logo_path"": null, ""name"": ""Motion International"", ""origin_country"": """"}]","[{""iso_3166_1"": ""US"", ""name"": ""United States of America""}, {""iso_3166_1"": ""CA"", ""name"": ""Canada""}]","[{""english_name"": ""English"", ""iso_639_1"": ""en"", ""name"": ""English""}]","[""CA"", ""US""]",null
16675,48 Hours a Day,48 heures par jour,A young professional woman takes radical action to force her husband's help with the household chores.,,Released,False,False,2008-06-04,89,0,0,0.4846,5.3,10,fr,http://www.48heuresparjour-lefilm.com/,tt1179820,/4ksiVY99p2IXqsI6RGZgNLJrqhS.jpg,/f9SiERViRGdCJeOZsb5ejvQnzCq.jpg,"[{""id"": 35, ""name"": ""Comedy""}]","[{""id"": 3305, ""logo_path"": null, ""name"": ""La Mouche du Coche Films"", ""origin_country"": """"}]","[{""iso_3166_1"": ""FR"", ""name"": ""France""}]","[{""english_name"": ""French"", ""iso_639_1"": ""fr"", ""name"": ""Fran\u00e7ais""}]","[""FR""]",null
16685,Varg Veum - Sleeping Beauty,Varg Veum - Tornerose,"After extricating 17-year-old Lisa Halle from a life of prostitution in Copenhagen, private investigator Varg Veum becomes ensnared in a tangle of parental neglect and bad love when he is hired to locate Lisa's boyfriend, Peter Werner.",,Released,False,False,2008-01-13,90,0,0,0.4729,6.4,38,no,,tt1181936,/nFEvcE2VtqQdhnOwHzNsf8yRvgb.jpg,/yrW7FGvxvpjgKrBNrd7R7y1RdWV.jpg,"[{""id"": 80, ""name"": ""Crime""}, {""id"": 53, ""name"": ""Thriller""}]","[{""id"": 5123, ""logo_path"": ""/vkNtfMgiOdBYc6hECG9i6WQnvFs.png"", ""name"": ""Miso Film"", ""origin_country"": ""DK""}, {""id"": 5241, ""logo_path"": null, ""name"": ""FilmFondet Fuzz"", ""origin_country"": ""NO""}, {""id"": 2888, ""logo_path"": null, ""name"": ""SF Norge"", ""origin_country"": ""NO""}, {""id"": 3389, ""logo_path"": ""/ppNofD7TAGZPbCWqdRZL10D7Yg9.png"", ""name"": ""TV 2"", ""origin_country"": ""NO""}, {""id"": 2802, ""logo_path"": ""/7L7VUXTBLiHruhUjYJebV46uw3c.png"", ""name"": ""TV4"", ""origin_country"": ""SE""}, {""id"": 986, ""logo_path"": ""/qDV8nLH9pjElZSnPmg29mzzNlTo.png"", ""name"": ""ARD Degeto"", ""origin_country"": ""DE""}]","[{""iso_3166_1"": ""DK"", ""name"": ""Denmark""}, {""iso_3166_1"": ""NO"", ""name"": ""Norway""}, {""iso_3166_1"": ""SE"", ""name"": ""Sweden""}, {""iso_3166_1"": ""DE"", ""name"": ""Germany""}]","[{""english_name"": ""Danish"", ""iso_639_1"": ""da"", ""name"": ""Dansk""}, {""english_name"": ""Norwegian"", ""iso_639_1"": ""no"", ""name"": ""Norsk""}]","[""DK"", ""NO""]","{""id"": 97156, ""name"": ""Varg Veum Collection"", ""poster_path"": ""/AmPXCbgqiwrM0A4h9MC96FE8oHj.jpg"", ""backdrop_path"": ""/arIX0NXBXaJHByDDIe5GwFUz5Ov.jpg""}"
16686,Varg Veum - Bitter Flowers,Varg Veum - Bitre blomster,"Karsten Aslaksen, chief engineer of a large chemical company, disappears without trace. His married lover, a successful politician named Vibeke Farang, approaches private investigator Varg Veum to track him down discreetly.",,Released,False,False,2007-09-28,90,0,0,0.4915,5.9,40,no,,tt0844948,/cgSuKTdjdej79OFddifggwbqQSP.jpg,/iBqBY74J0DZ9QPZSfuHMWfjwdGW.jpg,"[{""id"": 80, ""name"": ""Crime""}, {""id"": 18, ""name"": ""Drama""}, {""id"": 53, ""name"": ""Thriller""}]","[{""id"": 2888, ""logo_path"": null, ""name"": ""SF Norge"", ""origin_country"": ""NO""}, {""id"": 5123, ""logo_path"": ""/vkNtfMgiOdBYc6hECG9i6WQnvFs.png"", ""name"": ""Miso Film"", ""origin_country"": ""DK""}, {""id"": 2802, ""logo_path"": ""/7L7VUXTBLiHruhUjYJebV46uw3c.png"", ""name"": ""TV4"", ""origin_country"": ""SE""}, {""id"": 3389, ""logo_path"": ""/ppNofD7TAGZPbCWqdRZL10D7Yg9.png"", ""name"": ""TV 2"", ""origin_country"": ""NO""}, {""id"": 5241, ""logo_path"": null, ""name"": ""FilmFondet Fuzz"", ""origin_country"": ""NO""}, {""id"": 986, ""logo_path"": ""/qDV8nLH9pjElZSnPmg29mzzNlTo.png"", ""name"": ""ARD Degeto"", ""origin_country"": ""DE""}]","[{""iso_3166_1"": ""DK"", ""name"": ""Denmark""}, {""iso_3166_1"": ""NO"", ""name"": ""Norway""}, {""iso_3166_1"": ""SE"", ""name"": ""Sweden""}, {""iso_3166_1"": ""DE"", ""name"": ""Germany""}]","[{""english_name"": ""English"", ""iso_639_1"": ""en"", ""name"": ""English""}, {""english_name"": ""Norwegian"", ""iso_639_1"": ""no"", ""name"": ""Norsk""}]","[""NO"", ""DK""]","{""id"": 97156, ""name"": ""Varg Veum Collection"", ""poster_path"": ""/AmPXCbgqiwrM0A4h9MC96FE8oHj.jpg"", ""backdrop_path"": ""/arIX0NXBXaJHByDDIe5GwFUz5Ov.jpg""}"
16687,Wushu,武术之少年行,A group of Wushu students stumble into a child kidnapping ring run by an alumnus.,,Released,False,False,2008-10-23,99,4000000,0,3.1021,6.1,21,zh,http://ent.sina.com.cn/f/m/wushu/index.shtml,tt0790786,/xims8UJUe91CPnwobdNwpy1kIMK.jpg,/g72VJgY8reM1zqAPBOsSJVd1f5l.jpg,"[{""id"": 18, ""name"": ""Drama""}, {""id"": 28, ""name"": ""Action""}]","[{""id"": 117435, ""logo_path"": ""/zwN9AT4scM8BBOYTLjlKnI08qws.png"", ""name"": ""Dadi Film Group"", ""origin_country"": ""CN""}]","[{""iso_3166_1"": ""HK"", ""name"": ""Hong Kong""}, {""iso_3166_1"": ""CN"", ""name"": ""China""}]","[{""english_name"": ""Mandarin"", ""iso_639_1"": ""zh"", ""name"": ""\u666e\u901a\u8bdd""}]","[""HK""]",null
16690,Return to Never Land,Return to Never Land,"In 1940, the world is besieged by World War II. Wendy, all grown up, has two children; including Jane, who does not believe Wendy's stories about Peter Pan.",The Classic Continues,Released,False,False,2002-02-14,72,20000000,109862682,3.3244,6.5,2387,en,,tt0280030,/wB3r2b8sxUZspqNyr8copMlt7se.jpg,/tz0MjeUUGgyfNfBPiIksaqEgos6.jpg,"[{""id"": 12, ""name"": ""Adventure""}, {""id"": 14, ""name"": ""Fantasy""}, {""id"": 16, ""name"": ""Animation""}, {""id"": 10751, ""name"": ""Family""}]","[{""id"": 3475, ""logo_path"": ""/jTPNzDEn7eHmp3nEXEEtkHm6jLg.png"", ""name"": ""Disney Television Animation"", ""origin_country"": ""US""}, {""id"": 2, ""logo_path"": ""/wdrCwmRnLFJhEoH8GSfymY85KHT.png"", ""name"": ""Walt Disney Pictures"", ""origin_country"": ""US""}, {""id"": 5391, ""logo_path"": ""/o5AcK10ViutenSa4XTD18ClCEWe.png"", ""name"": ""DisneyToon Studios"", ""origin_country"": ""US""}]","[{""iso_3166_1"": ""AU"", ""name"": ""Australia""}, {""iso_3166_1"": ""CA"", ""name"": ""Canada""}, {""iso_3166_1"": ""US"", ""name"": ""United States of America""}]","[{""english_name"": ""English"", ""iso_639_1"": ""en"", ""name"": ""English""}]","[""US""]","{""id"": 55422, ""name"": ""Peter Pan Collection"", ""poster_path"": ""/2rgdZjMVJUWXpZ6pBRLFL7crN5j.jpg"", ""backdrop_path"": ""/AnhKboZjfeGuHI6qg7pp9RCesTF.jpg""}"
16692,The Tale of Zatoichi,座頭市物語,"The adventures of a blind, gambling masseur and master swordsman. Zatoichi targets a yakuza-controlled village, because war with a neighbouring town's smaller gang is brewing.",,Released,False,False,1962-04-18,96,0,0,2.6789,7.303,150,ja,,tt0056714,/ohFJMGouR4rwH32QOM9zk4TC000.jpg,/72PWH1yeeM2UGvbwXFdP1fwyD77.jpg,"[{""id"": 12, ""name"": ""Adventure""}, {""id"": 28, ""name"": ""Action""}, {""id"": 18, ""name"": ""Drama""}]","[{""id"": 880, ""logo_path"": ""/vwhPRAZ4lhUtSuaifk4Au2MIm92.png"", ""name"": ""Daiei Film"", ""origin_country"": ""JP""}]","[{""iso_3166_1"": ""JP"", ""name"": ""Japan""}]","[{""english_name"": ""Japanese"", ""iso_639_1"": ""ja"", ""name"": ""\u65e5\u672c\u8a9e""}]","[""JP""]","{""id"": 96887, ""name"": ""Zatoichi: The Blind Swordsman Collection"", ""poster_path"": ""/re3RXSkMVep1BBNLe9t1mVXeF9G.jpg"", ""backdrop_path"": ""/eHqxUG4lLXkkqOvjPDKKskp4adM.jpg""}"
16693,The Tale of Zatoichi Continues,続・座頭市物語,"Returning to the village where a year before he had killed Hirate, a much-admired opponent, Zatoichi encounters another swordsman and former rival in love.",,Released,False,False,1962-10-12,72,0,0,1.9672,7.0,96,ja,,tt0200309,/wsKbxbughfNsvcK0JVzajyIrFqN.jpg,/g7fsclvpkcqfSPOmo79NyPqP5sS.jpg,"[{""id"": 12, ""name"": ""Adventure""}, {""id"": 28, ""name"": ""Action""}, {""id"": 18, ""name"": ""Drama""}]","[{""id"": 880, ""logo_path"": ""/vwhPRAZ4lhUtSuaifk4Au2MIm92.png"", ""name"": ""Daiei Film"", ""origin_country"": ""JP""}]","[{""iso_3166_1"": ""JP"", ""name"": ""Japan""}]","[{""english_name"": ""Japanese"", ""iso_639_1"": ""ja"", ""name"": ""\u65e5\u672c\u8a9e""}]","[""JP""]","{""id"": 96887, ""name"": ""Zatoichi: The Blind Swordsman Collection"", ""poster_path"": ""/re3RXSkMVep1BBNLe9t1mVXeF9G.jpg"", ""backdrop_path"": ""/eHqxUG4lLXkkqOvjPDKKskp4adM.jpg""}"
16699,Smother,Smother,"After he's fired from his job, an everyday guy faces pressure from his wife to have a baby and from his mom, who has decided to move in with the young couple.",,Released,False,False,2008-09-26,92,8000000,0,1.2204,4.9,57,en,,tt0867591,/2vLLJG71kmrCcTbnIztn13NHKZF.jpg,/AtpMuzGkHlrUm5UQ2v7Sh1ntO9t.jpg,"[{""id"": 35, ""name"": ""Comedy""}, {""id"": 18, ""name"": ""Drama""}, {""id"": 10749, ""name"": ""Romance""}]","[{""id"": 3215, ""logo_path"": ""/1eDyeAkLR41PjyharYL7V3dcuiG.png"", ""name"": ""Carsey-Werner Company"", ""origin_country"": ""US""}]","[{""iso_3166_1"": ""US"", ""name"": ""United States of America""}]","[{""english_name"": ""English"", ""iso_639_1"": ""en"", ""name"": ""English""}]","[""US""]",null
16700,Bonneville,Bonneville,"Faced with the decision of a lifetime, Arvilla Holden enlists her two best friends and sets off in a vintage '66 Bonneville convertible to deliver her late husband's ashes to Santa Barbara.",,Released,False,False,2006-09-11,93,0,1300000,1.0641,5.6,63,en,,tt0487195,/kCNLAuRo3K70QgWlXCNWQadox1n.jpg,/tfEHpLYiDczbUqBqMyLVv4qC8wu.jpg,"[{""id"": 35, ""name"": ""Comedy""}, {""id"": 18, ""name"": ""Drama""}]","[{""id"": 922, ""logo_path"": null, ""name"": ""SenArt Films"", ""origin_country"": ""US""}, {""id"": 14760, ""logo_path"": null, ""name"": ""Drop of Water Productions"", ""origin_country"": ""US""}]","[{""iso_3166_1"": ""US"", ""name"": ""United States of America""}]","[{""english_name"": ""English"", ""iso_639_1"": ""en"", ""name"": ""English""}]","[""US""]",null
16701,Kidz in da Hood,Förortsungar,"Kidz in da Hood is the gripping and warm story of Amina, who came to Sweden with her grandfather three years ago. Amina has not yet received her residency permit and when her grandfather dies everything seems to fall apart. She temporarily hides out with pierced and tattooed rocker Johan, who lives in a worn-down suburb. The wild girl Mirre lives on the same floor as Amina and together they begin fighting for Amina to stay in Sweden and live with Johan.",,Released,False,False,2006-10-27,96,0,0,0.4898,4.5,12,sv,,tt0882771,/7aGaU9Q8DZrJ8KnLWDYu3N5eUlR.jpg,/qFR03xd5HXK9E8QX69JDoBAy6sk.jpg,"[{""id"": 10751, ""name"": ""Family""}, {""id"": 35, ""name"": ""Comedy""}, {""id"": 18, ""name"": ""Drama""}]","[{""id"": 3216, ""logo_path"": null, ""name"": ""Gilda Film"", ""origin_country"": """"}]","[{""iso_3166_1"": ""SE"", ""name"": ""Sweden""}]","[{""english_name"": ""Swedish"", ""iso_639_1"": ""sv"", ""name"": ""svenska""}]","[""SE""]",null
16702,Israeli Intelligence,המוסד הסגור,"Rami Haruvi, a daring Mossad Agent, is sent to rescue the abducted US ambassador held at the state of Sugyra. If Rami fails his mission, the annual mossad vacation at ""Olga Resort"" will be canceled. Due to the importance of the mission, Hayim, the Head of the Mossad decides to assign Rami a new agent to his mission - the daughter of a mythological Mossad agent named Shuki, a ladies' man and Rami's role model. The two are getting into trouble both in their mission and relationship. Are the Americans good? Are the terrorist bad? Yet none of it compares to the real important question: will Hayim get his longed annual vacation at the Olga Resort?",,Released,False,False,2007-01-01,40,0,0,0.143,3.1,4,he,,tt1248976,,,"[{""id"": 28, ""name"": ""Action""}, {""id"": 35, ""name"": ""Comedy""}]",[],"[{""iso_3166_1"": ""IL"", ""name"": ""Israel""}]","[{""english_name"": ""Hebrew"", ""iso_639_1"": ""he"", ""name"": ""\u05e2\u05b4\u05d1\u05b0\u05e8\u05b4\u05d9\u05ea""}]","[""IL""]",null
16703,This Gun for Hire,This Gun for Hire,"Sadistic killer-for-hire Philip Raven becomes enraged when his latest job is paid off in marked bills. Vowing to track down his double-crossing boss, nightclub executive Gates, Raven sits beside Gates' lovely new employee, Ellen, on a train out of town. Although Ellen is engaged to marry the police lieutenant who's hunting down Raven, she decides to try and set the misguided hit man straight as he hides from the cops and plots his revenge.",A Lone Wolf…dynamite with a girl or a gun!,Released,False,False,1942-04-24,81,512423,1000000,1.1639,7.0,188,en,,tt0035432,/wfbRnfY1PQTRlDxZ0XEAw5zSeKn.jpg,/oKCBLyK0LkEwQMEAHAxRtEisXnq.jpg,"[{""id"": 80, ""name"": ""Crime""}, {""id"": 53, ""name"": ""Thriller""}, {""id"": 9648, ""name"": ""Mystery""}]","[{""id"": 4, ""logo_path"": ""/jay6WcMgagAklUt7i9Euwj1pzTF.png"", ""name"": ""Paramount Pictures"", ""origin_country"": ""US""}]","[{""iso_3166_1"": ""US"", ""name"": ""United States of America""}]","[{""english_name"": ""English"", ""iso_639_1"": ""en"", ""name"": ""English""}]","[""US""]",null
16705,Restless,חסר מנוחה,"Moshe Amar is a once poet and now a ""businessman"" who left his wife with their new born in Israel twenty years ago and spent them in the land of limitless possibilities trying to leave a mark of immortality but, up to that point, only got the marks that frantic debt collectors are more than happy to give. Tsach is the abandoned son who is now a skilled sniper in the Israeli Army. Tsach resents his father for both abandoning his mother for 21 years and not attending her funeral.",,Released,False,False,2008-05-29,100,0,0,0.6475,5.1,6,he,,tt1075644,/scxJC7mUdH6t85gKt8zpkG5O8Hx.jpg,/sf0UYTJM9kRoqdLKgRBh8fRQgkm.jpg,"[{""id"": 18, ""name"": ""Drama""}]","[{""id"": 24662, ""logo_path"": ""/pME6OvhHDJPU96MthlqBolVoimO.png"", ""name"": ""Pie Films"", ""origin_country"": ""IL""}, {""id"": 32545, ""logo_path"": ""/oivNQ1dScP0yynYm10xGAkyBLSf.png"", ""name"": ""Twenty Twenty Vision Filmproduktion"", ""origin_country"": ""DE""}, {""id"": 200156, ""logo_path"": null, ""name"": ""Hamon Productions"", ""origin_country"": ""IL""}, {""id"": 66512, ""logo_path"": ""/vKWIJOZwIW8bV5DhQys5yKdCvjX.png"", ""name"": ""Am\u00e9rique Film"", ""origin_country"": ""CA""}, {""id"": 10645, ""logo_path"": null, ""name"": ""Paradise Films"", ""origin_country"": ""BE""}, {""id"": 3984, ""logo_path"": ""/pvOBu9K0zTRuwJW7WII34x17kdz.png"", ""name"": ""Entre Chien et Loup"", ""origin_country"": ""BE""}]","[{""iso_3166_1"": ""BE"", ""name"": ""Belgium""}, {""iso_3166_1"": ""CA"", ""name"": ""Canada""}, {""iso_3166_1"": ""DE"", ""name"": ""Germany""}, {""iso_3166_1"": ""FR"", ""name"": ""France""}, {""iso_3166_1"": ""IL"", ""name"": ""Israel""}]","[{""english_name"": ""Hebrew"", ""iso_639_1"": ""he"", ""name"": ""\u05e2\u05b4\u05d1\u05b0\u05e8\u05b4\u05d9\u05ea""}]","[""IL""]",null
16710,Meet the Browns,Meet the Browns,"A single mother living in inner city Chicago, Brenda has been struggling for years to make ends meet and keep her three kids off the street. When she's laid off with no warning, she starts losing hope for the first time - until a letter arrives announcing the death of a father she's never met. Desperate for any kind of help, Brenda takes her family to Georgia for the funeral, but nothing could have prepared her for the Browns, her father's fun-loving, crass Southern clan. In a small-town world full of long afternoons and country fairs, Brenda struggles to get to know the family she never knew existed... and finds a brand new romance that just might change her life.",Check your baggage at the door.,Released,False,False,2008-03-21,101,20000000,41975388,2.2073,6.7,110,en,,tt1047494,/61qE0TunNdJiPELBdywMlpvZXDB.jpg,/cOuWAiDW2n9c1NYlODMo7lZejZj.jpg,"[{""id"": 18, ""name"": ""Drama""}, {""id"": 35, ""name"": ""Comedy""}, {""id"": 10749, ""name"": ""Romance""}]","[{""id"": 3096, ""logo_path"": ""/fkZTZ4veYYr3lwr2riVrVAOfeqD.png"", ""name"": ""Tyler Perry Studios"", ""origin_country"": ""US""}]","[{""iso_3166_1"": ""US"", ""name"": ""United States of America""}]","[{""english_name"": ""English"", ""iso_639_1"": ""en"", ""name"": ""English""}]","[""US""]","{""id"": 534673, ""name"": ""Madea Collection"", ""poster_path"": ""/bO9NvwpSElW8lp33fGyy8VaS5s9.jpg"", ""backdrop_path"": ""/qxLbjNPrMKTgYrMhIIDzj4zgYjf.jpg""}"
16716,A Christmas Carol,A Christmas Carol,"Miser Ebenezer Scrooge is awakened on Christmas Eve by spirits who reveal to him his own miserable existence, what opportunities he wasted in his youth, his current cruelties, and the dire fate that awaits him if he does not change his ways. Scrooge is faced with his own story of growing bitterness and meanness, and must decide what his own future will hold: death or redemption.","In just one night, he has seen his past, his present, and his future... and they've all come back to haunt him.",Released,False,False,1999-12-05,97,0,0,1.9658,6.959,222,en,,tt0216621,/oi1NcVDXlFEsdpLp37BJmFbVlg9.jpg,/g5CMQPz5cqUHro9pNLBRW7cT8cY.jpg,"[{""id"": 18, ""name"": ""Drama""}, {""id"": 14, ""name"": ""Fantasy""}]","[{""id"": 4056, ""logo_path"": ""/dnz7zZ2e11usyjPG3mTYvJfyciD.png"", ""name"": ""Hallmark Entertainment"", ""origin_country"": ""US""}]","[{""iso_3166_1"": ""US"", ""name"": ""United States of America""}]","[{""english_name"": ""English"", ""iso_639_1"": ""en"", ""name"": ""English""}]","[""US""]",null
16722,The Telling,The Telling,"In this horror anthology film, three girls pledge the most popular - and cruelest - sorority on campus. For their final task, they must tell the scariest story they know. Containing three distinct stories - one featuring a murderous doll, one a has-been actress and her run in with a film crew of the undead and, finally, a hunt-and-kill fright-fest.",Everyone's dying to be them.,Released,False,False,2009-04-14,84,0,0,1.4183,3.2,24,en,http://www.thetellingmovie.com/,tt1298721,/hAL5hsqZWBHqdTgT9dGggcFtpzB.jpg,/Aq6qBJpgIGylTDrTpyWysrmN3El.jpg,"[{""id"": 27, ""name"": ""Horror""}, {""id"": 53, ""name"": ""Thriller""}]","[{""id"": 15636, ""logo_path"": null, ""name"": ""Alta Loma Entertainment"", ""origin_country"": ""US""}, {""id"": 39040, ""logo_path"": null, ""name"": ""Breakout Entertainment"", ""origin_country"": """"}, {""id"": 39041, ""logo_path"": null, ""name"": ""Chuck Williams Productions"", ""origin_country"": """"}, {""id"": 11453, ""logo_path"": ""/82y8ld5VUXjAy7k3U3h61XO5lrx.png"", ""name"": ""Prometheus Entertainment"", ""origin_country"": ""US""}]","[{""iso_3166_1"": ""US"", ""name"": ""United States of America""}]","[{""english_name"": ""English"", ""iso_639_1"": ""en"", ""name"": ""English""}]","[""US""]",null
16723,Sugar & Spice,Sugar & Spice,"When Jack and Diane find themselves in an unexpected adult situation, the A-Squad comes to their rescue. In order to help their friend Diane, the A-Squad goes where no cheerleader has gone before: taking on a little after-school project known as bank robbery. But the A-Squad does things their way -- with sugar and spice -- forever changing their friendship, their future and the nation's notion of teen spirit.",Why would the most popular girl in school wear a mask?,Released,False,False,2001-01-24,81,11000000,13276953,4.5675,6.4,288,en,,tt0186589,/etRwjWRjKrXYc7r1vpQLYwVu4ls.jpg,/dycQsWaIwoPJRF3S5BglWpls5cc.jpg,"[{""id"": 80, ""name"": ""Crime""}, {""id"": 35, ""name"": ""Comedy""}, {""id"": 18, ""name"": ""Drama""}]","[{""id"": 12, ""logo_path"": ""/2ycs64eqV5rqKYHyQK0GVoKGvfX.png"", ""name"": ""New Line Cinema"", ""origin_country"": ""US""}]","[{""iso_3166_1"": ""US"", ""name"": ""United States of America""}]","[{""english_name"": ""English"", ""iso_639_1"": ""en"", ""name"": ""English""}]","[""US""]",null
16725,The Tracey Fragments,The Tracey Fragments,"Tracey Berkowitz, 15, a self-described normal girl, loses her 9-year old brother, Sonny. In flashbacks and fragments, we meet her overbearing parents and the sweet, clueless Sonny. We watch Tracey navigate high school, friendless, picked on and teased. She develops a thing for Billy Zero, a new student, imagining he's her boyfriend. We see the day she loses Sonny and we watch her try to find him.",Something's Missing...,Released,False,False,2007-09-12,77,700000,31576,1.1204,5.953,128,en,,tt0801526,/9a99MNftmHNTLIYHfKXtGdAV6oF.jpg,/7KPnd9oxvzrr968h2ODd0xnfFp8.jpg,"[{""id"": 18, ""name"": ""Drama""}]","[{""id"": 64683, ""logo_path"": null, ""name"": ""Corvid Pictures"", ""origin_country"": ""CA""}, {""id"": 12976, ""logo_path"": null, ""name"": ""Shadow Shows"", ""origin_country"": ""CA""}, {""id"": 4909, ""logo_path"": ""/rYa6HLrx3XYECoRLlwrMdiueynj.png"", ""name"": ""Alcina Pictures"", ""origin_country"": ""CA""}]","[{""iso_3166_1"": ""CA"", ""name"": ""Canada""}]","[{""english_name"": ""English"", ""iso_639_1"": ""en"", ""name"": ""English""}]","[""CA""]",null
16726,Muay Thai Chaiya,ไชยา,"In a small town, Piak, Pao and Samor train under Pao's father who is a Muay Thai fighter. However, fate leads them to Bangkok where Piak and Samor join the underworld while Pao becomes a boxer.",When the body is the ultimate weapon.,Released,False,False,2007-08-30,116,0,0,0.6534,6.2,19,th,http://www.muaythaichaiyathemovie.com/,tt1090782,/o79kPSGDhl755PLyrSFQ7nwvG0D.jpg,/5VQx0A3aUbnGAJVqoNxI8ICOloR.jpg,"[{""id"": 28, ""name"": ""Action""}, {""id"": 53, ""name"": ""Thriller""}, {""id"": 18, ""name"": ""Drama""}]","[{""id"": 1241, ""logo_path"": ""/m0pcwdXt4FgzaBtoSMfXoNucgoz.png"", ""name"": ""Five Star Production"", ""origin_country"": ""TH""}]","[{""iso_3166_1"": ""TH"", ""name"": ""Thailand""}]","[{""english_name"": ""Thai"", ""iso_639_1"": ""th"", ""name"": ""\u0e20\u0e32\u0e29\u0e32\u0e44\u0e17\u0e22""}]","[""TH""]",null
16727,The Namesake,The Namesake,The American-born son of Indian immigrants strives to fit in among his fellow New Yorkers despite his family's unwillingness to let go of their traditional ways.,Two Worlds. One Journey.,Released,False,False,2006-09-02,122,12000000,20354321,1.5725,6.751,187,en,,tt0433416,/hxrf7HDwh0nIX4xXE06BdpEKW1V.jpg,/dtq3fmA5qd9GdHQ3PQCPHjIjGxM.jpg,"[{""id"": 18, ""name"": ""Drama""}]","[{""id"": 43, ""logo_path"": ""/4RgIPr55kBakgupWkzdDxqXJEqr.png"", ""name"": ""Fox Searchlight Pictures"", ""origin_country"": ""US""}, {""id"": 252, ""logo_path"": ""/iASOYficVcY1QpUOySacOWfrObX.png"", ""name"": ""Mirabai Films"", ""origin_country"": ""US""}, {""id"": 2320, ""logo_path"": ""/nSAXfUCy16cNRiPlBMHeb700t9p.png"", ""name"": ""UTV Motion Pictures"", ""origin_country"": ""IN""}, {""id"": 21864, ""logo_path"": null, ""name"": ""Cine Mosaic"", ""origin_country"": ""US""}, {""id"": 1803, ""logo_path"": null, ""name"": ""Entertainment Farm"", ""origin_country"": ""JP""}]","[{""iso_3166_1"": ""IN"", ""name"": ""India""}, {""iso_3166_1"": ""JP"", ""name"": ""Japan""}, {""iso_3166_1"": ""US"", ""name"": ""United States of America""}]","[{""english_name"": ""French"", ""iso_639_1"": ""fr"", ""name"": ""Fran\u00e7ais""}, {""english_name"": ""Czech"", ""iso_639_1"": ""cs"", ""name"": ""\u010cesk\u00fd""}, {""english_name"": ""Bengali"", ""iso_639_1"": ""bn"", ""name"": ""\u09ac\u09be\u0982\u09b2\u09be""}, {""english_name"": ""Hindi"", ""iso_639_1"": ""hi"", ""name"": ""\u0939\u093f\u0928\u094d\u0926\u0940""}, {""english_name"": ""English"", ""iso_639_1"": ""en"", ""name"": ""English""}]","[""US""]",null
16729,Don't Move,Non ti muovere,"While waiting for the brain surgery of his daughter Angela, victim of a motorcycle accident, the surgeon Timoteo recalls his torrid affair with and passion for Italia, a simple woman from slums in the periphery of the big city where he lives. The ghost of the beloved and sexual object of desire Italia chases him in his memories.",,Released,False,False,2004-03-12,125,0,11837022,1.3021,7.0,293,it,,tt0330702,/o5kErZoLG5eAQ5IqZxUoIzNmlJ1.jpg,/obZ3HXsiIhZtfCUBgvzBXOYfOhE.jpg,"[{""id"": 18, ""name"": ""Drama""}, {""id"": 10749, ""name"": ""Romance""}]","[{""id"": 3502, ""logo_path"": null, ""name"": ""Alquimia Cinema"", ""origin_country"": ""ES""}, {""id"": 10102, ""logo_path"": ""/hdJq0LbqmBx6FJqnfTtfqvAsAkV.png"", ""name"": ""Cattleya"", ""origin_country"": ""IT""}, {""id"": 8902, ""logo_path"": null, ""name"": ""The Producers Films"", ""origin_country"": """"}]","[{""iso_3166_1"": ""IT"", ""name"": ""Italy""}, {""iso_3166_1"": ""ES"", ""name"": ""Spain""}, {""iso_3166_1"": ""GB"", ""name"": ""United Kingdom""}]","[{""english_name"": ""Italian"", ""iso_639_1"": ""it"", ""name"": ""Italiano""}]","[""ES"", ""IT"", ""GB""]",null
16730,James' Journey to Jerusalem,Massa'ot James Be'eretz Hakodesh,During his journey to Jerusalem young James learns the meaning of being Israeli.,,Released,False,False,2003-12-31,91,0,0,0.1939,7.2,6,en,,tt0305178,/1rRw5rCRmtxOG7omvsUwtG171Dt.jpg,,"[{""id"": 35, ""name"": ""Comedy""}, {""id"": 18, ""name"": ""Drama""}]",[],"[{""iso_3166_1"": ""IL"", ""name"": ""Israel""}]","[{""english_name"": ""English"", ""iso_639_1"": ""en"", ""name"": ""English""}, {""english_name"": ""Hebrew"", ""iso_639_1"": ""he"", ""name"": ""\u05e2\u05b4\u05d1\u05b0\u05e8\u05b4\u05d9\u05ea""}, {""english_name"": ""Zulu"", ""iso_639_1"": ""zu"", ""name"": ""isiZulu""}]","[""US""]",null
16731,Year Zero,שנת אפס,Through a mosaic of stories intertwined and created a current picture of the sad social and economic situation in Israel. Mother forced into prostitution to support her son; Blind man must survive after losing his dog; Son is looking for his rocker father's; Apartment owner complicates his life while entering the underworld...,,Released,False,False,2004-06-06,131,0,0,0.569,6.5,6,he,,tt0426213,/pFUEb6ueQVFqTEfvRtAaEcX7RCB.jpg,/42EVX7IvyZcd3oNB5i9zl6zQh6Y.jpg,"[{""id"": 18, ""name"": ""Drama""}]",[],"[{""iso_3166_1"": ""IL"", ""name"": ""Israel""}]","[{""english_name"": ""English"", ""iso_639_1"": ""en"", ""name"": ""English""}, {""english_name"": ""Hebrew"", ""iso_639_1"": ""he"", ""name"": ""\u05e2\u05b4\u05d1\u05b0\u05e8\u05b4\u05d9\u05ea""}, {""english_name"": ""Spanish"", ""iso_639_1"": ""es"", ""name"": ""Espa\u00f1ol""}]","[""IL""]",null
16759,Five Minutes of Heaven,Five Minutes of Heaven,"The story of former Ulster Volunteer Force member Alistair Little. Twenty-five years after Little killed Joe Griffin's brother, the media arrange an auspicious meeting between the two.","To face the future, they must face the past.",Released,False,False,2009-01-19,89,0,364355,1.3685,6.1,222,en,,tt1238291,/5TVniqOcXh3nKHVyVys1nUjgrgO.jpg,/oW7xP4yoatCrAbBv5mCDGhrjhCt.jpg,"[{""id"": 80, ""name"": ""Crime""}, {""id"": 18, ""name"": ""Drama""}, {""id"": 53, ""name"": ""Thriller""}]","[{""id"": 7396, ""logo_path"": ""/jnjLKDfdAfNylfVdybY9370Ybrg.png"", ""name"": ""Pathe"", ""origin_country"": ""GB""}, {""id"": 288, ""logo_path"": ""/aW0IpM9d4Zjj978EqgDVSxXXhTj.png"", ""name"": ""BBC Film"", ""origin_country"": ""GB""}, {""id"": 3352, ""logo_path"": null, ""name"": ""Big Fish Films"", ""origin_country"": ""GB""}, {""id"": 2054, ""logo_path"": null, ""name"": ""Ruby Films"", ""origin_country"": ""GB""}, {""id"": 3353, ""logo_path"": ""/hUw1iTY3hdjyb2zXT9KxupHbL4M.png"", ""name"": ""Element Pictures"", ""origin_country"": ""IE""}]","[{""iso_3166_1"": ""GB"", ""name"": ""United Kingdom""}, {""iso_3166_1"": ""IE"", ""name"": ""Ireland""}]","[{""english_name"": ""English"", ""iso_639_1"": ""en"", ""name"": ""English""}]","[""FR"", ""IE"", ""GB""]",null
16761,A Movie of Eggs,Una película de huevos,"A small egg named Toto decides that he wants to fulfill his purpose in life and become a chicken instead of dying in a frying pan; so he starts a quest to return to the farms along with his new friend, the noisy egg Willy and a crazy bacon stripe. The three friends will face lot of obstacles in their quest.",,Released,False,False,2006-04-21,90,800000,7144638,1.2615,7.8,316,es,http://www.unapeliculadehuevos.com/,tt0824696,/eHqGqr5xBat3P2b9YdRbKMLli4J.jpg,/bdo313RjHEymI0W5tKYBKE54Las.jpg,"[{""id"": 16, ""name"": ""Animation""}, {""id"": 35, ""name"": ""Comedy""}, {""id"": 10751, ""name"": ""Family""}]","[{""id"": 58366, ""logo_path"": ""/iu0HfKm2Xh3fnTB0OK3ygoUE4VY.png"", ""name"": ""Huevocartoon Producciones"", ""origin_country"": ""MX""}, {""id"": 15878, ""logo_path"": ""/iUe12EMGBPSCXd9x2BwSawujZe.png"", ""name"": ""FIDECINE"", ""origin_country"": ""MX""}, {""id"": 7570, ""logo_path"": ""/gW8dfVtl1JsGIiLnvglea1OHHVr.png"", ""name"": ""Videocine"", ""origin_country"": ""MX""}, {""id"": 299, ""logo_path"": ""/elssmtHcogGtF8Gxokh9phZvLKi.png"", ""name"": ""Instituto Mexicano de Cinematograf\u00eda"", ""origin_country"": ""MX""}]","[{""iso_3166_1"": ""MX"", ""name"": ""Mexico""}]","[{""english_name"": ""Spanish"", ""iso_639_1"": ""es"", ""name"": ""Espa\u00f1ol""}]","[""MX""]","{""id"": 483535, ""name"": ""Huevos - Collection"", ""poster_path"": ""/8HgFimfu8zkJ7NbA5LB0IOdknJA.jpg"", ""backdrop_path"": ""/gzIxxusMXfPiXLR4179HXEppsYx.jpg""}"
16763,Joy Ride 2: Dead Ahead,Joy Ride 2: Dead Ahead,"While driving to Las Vegas for the bachelor party of her sister Melissa and her fiance Bobby, Kayla stops the car at a gas station to meet her date, Nik, a guy she met on the internet. Nik convinces her to take a secondary road under the protest of Bobby but the car breaks down. They find a house in the middle of nowhere and decide to take the car parked in the house's garage to the next city...",Detours can be deadly.,Released,False,False,2009-01-23,91,5000000,0,2.2508,5.5,274,en,,tt1140941,/66HBVfCkhevEpPV2fMzt8FAF9BP.jpg,/yCQEFP28cSkv9RX2w8ZXZ4xfW9I.jpg,"[{""id"": 80, ""name"": ""Crime""}, {""id"": 53, ""name"": ""Thriller""}, {""id"": 27, ""name"": ""Horror""}]","[{""id"": 22964, ""logo_path"": null, ""name"": ""JR Canada Productions"", ""origin_country"": """"}]","[{""iso_3166_1"": ""CA"", ""name"": ""Canada""}]","[{""english_name"": ""English"", ""iso_639_1"": ""en"", ""name"": ""English""}]","[""CA"", ""US""]","{""id"": 166378, ""name"": ""Joy Ride Collection"", ""poster_path"": ""/uyEO8akGeKe4EgQftBWIbUCb61H.jpg"", ""backdrop_path"": ""/eDU0xWJge0Sj2A1hyp5NtTcc3OZ.jpg""}"
16764,Toolbox Murders,Toolbox Murders,"A historic Hollywood hotel houses a supernatural evil. It's been subdued for decades, but when renovations start, a series of murders take place.","If you lived here, you would be dead by now.",Released,False,False,2004-11-12,95,0,187910,1.5007,5.536,196,en,,tt0367153,/nIRHGyXKyjmeS7Z422ELQhhfqN5.jpg,/MkYJz2kjeP2k3lscSEP8equpPW.jpg,"[{""id"": 27, ""name"": ""Horror""}, {""id"": 9648, ""name"": ""Mystery""}]","[{""id"": 74797, ""logo_path"": null, ""name"": ""Toolbox Murders Inc."", ""origin_country"": """"}, {""id"": 10397, ""logo_path"": null, ""name"": ""Alpine Pictures"", ""origin_country"": """"}, {""id"": 10398, ""logo_path"": null, ""name"": ""Scary Movies LLC"", ""origin_country"": """"}, {""id"": 74798, ""logo_path"": null, ""name"": ""Toolbox Films"", ""origin_country"": """"}]","[{""iso_3166_1"": ""US"", ""name"": ""United States of America""}]","[{""english_name"": ""English"", ""iso_639_1"": ""en"", ""name"": ""English""}]","[""US""]","{""id"": 1589750, ""name"": ""Toolbox Murders Collection"", ""poster_path"": null, ""backdrop_path"": null}"
16765,Bukowski: Born Into This,Bukowski: Born Into This,"Director John Dullaghan’s biographical documentary about infamous poet Charles Bukowski, Bukowski: Born Into This, is as much a touching portrait of the author as it is an exposé of his sordid lifestyle.  Interspersed between ample vintage footage of Bukowski’s poetry readings are interviews with the poet’s fans including such legendary figures such as Lawrence Ferlinghetti, Joyce Fante (wife of John), Bono, and Harry Dean Stanton.  Filmed in grainy black and white by Bukowski’s friend, Taylor Hackford, due to lack of funding, the old films edited into this movie paint Bukowski’s life of boozing and brawling romantically, securing Bukowski’s legendary status.",,Released,False,False,2003-01-18,115,0,0,1.0291,6.7,52,en,,tt0342150,/84jdtVpKSgyGpBy9fdeQZWXiqeI.jpg,/fqPhhswcdM2NNa1nohM7LgZjRJM.jpg,"[{""id"": 99, ""name"": ""Documentary""}]",[],"[{""iso_3166_1"": ""US"", ""name"": ""United States of America""}]","[{""english_name"": ""English"", ""iso_639_1"": ""en"", ""name"": ""English""}]","[""US""]",null
16766,Japan Sinks,日本沈没,"In the aftermath of a major earthquake, scientists predict that Japan will sink into the sea. As further disasters follow, politicians plead with other countries to take refugees, while scientists struggle to save Japan itself.",,Released,False,False,2006-07-15,135,0,47636016,3.7291,5.5,32,ja,,tt0473064,/bRFIzzyChY726O3ICE453YjOOoQ.jpg,/7TFW0MqEMcjj2DiLKYTTjmXj3Bk.jpg,"[{""id"": 18, ""name"": ""Drama""}, {""id"": 53, ""name"": ""Thriller""}, {""id"": 12, ""name"": ""Adventure""}, {""id"": 878, ""name"": ""Science Fiction""}]","[{""id"": 1778, ""logo_path"": ""/b5rT6VbYza3LyfltCmz1OcqzWJM.png"", ""name"": ""dentsu"", ""origin_country"": ""JP""}, {""id"": 5246, ""logo_path"": null, ""name"": ""J-dream"", ""origin_country"": ""JP""}, {""id"": 3363, ""logo_path"": ""/sj3vD7n63bTCih7bcf6GnWvRf1Q.png"", ""name"": ""MBS"", ""origin_country"": ""JP""}, {""id"": 4649, ""logo_path"": null, ""name"": ""Sedic"", ""origin_country"": ""JP""}, {""id"": 9149, ""logo_path"": ""/isLUpud9N56ifftJZ4XvzwBBpoG.png"", ""name"": ""Shogakukan"", ""origin_country"": ""JP""}, {""id"": 882, ""logo_path"": ""/fRSWWjquvzcHjACbtF53utZFIll.png"", ""name"": ""TOHO"", ""origin_country"": ""JP""}, {""id"": 1393, ""logo_path"": ""/lUACMATs6jcscXIrzNCQzbvNVN5.png"", ""name"": ""TBS"", ""origin_country"": ""JP""}, {""id"": 34951, ""logo_path"": ""/ltl63eccTZ7shohTrNE8ZHRNJlN.png"", ""name"": ""Stardust Pictures"", ""origin_country"": ""JP""}]","[{""iso_3166_1"": ""JP"", ""name"": ""Japan""}]","[{""english_name"": ""Japanese"", ""iso_639_1"": ""ja"", ""name"": ""\u65e5\u672c\u8a9e""}]","[""JP""]",null
16767,Spriggan,スプリガン,An elite superhuman agent must stop a foreign military unit from seizing control of an ancient artifact that holds the key to ultimate power.,It's the END of our world.. and the BEGINNING of the next!,Released,False,False,1998-09-05,90,0,25824,2.6869,6.1,104,ja,,tt0164917,/nX2sgumjpBkEMzGFSMdBZMCiVgX.jpg,/bDp6VdcKC6JuSqaM86GSD3KPGa3.jpg,"[{""id"": 28, ""name"": ""Action""}, {""id"": 16, ""name"": ""Animation""}, {""id"": 878, ""name"": ""Science Fiction""}]","[{""id"": 1393, ""logo_path"": ""/lUACMATs6jcscXIrzNCQzbvNVN5.png"", ""name"": ""TBS"", ""origin_country"": ""JP""}, {""id"": 528, ""logo_path"": ""/fO3Aof3lXQclYpBByYC8aneTXwA.png"", ""name"": ""Bandai Visual"", ""origin_country"": ""JP""}, {""id"": 10868, ""logo_path"": ""/9779IFPDaVxYmmWOHHfRyH17qnx.png"", ""name"": ""STUDIO4\u2103"", ""origin_country"": ""JP""}, {""id"": 12655, ""logo_path"": ""/dfGqf2NoMVPrDywDL90D5HAhBlW.png"", ""name"": ""Shogakukan-Shueisha Productions"", ""origin_country"": ""JP""}, {""id"": 882, ""logo_path"": ""/fRSWWjquvzcHjACbtF53utZFIll.png"", ""name"": ""TOHO"", ""origin_country"": ""JP""}]","[{""iso_3166_1"": ""JP"", ""name"": ""Japan""}]","[{""english_name"": ""Japanese"", ""iso_639_1"": ""ja"", ""name"": ""\u65e5\u672c\u8a9e""}]","[""JP""]",null
16768,An Evening with Kevin Smith 2: Evening Harder,An Evening with Kevin Smith 2: Evening Harder,In this second Q&amp;A with Kevin Smith he now enters the homes of some of his fans in Toronto and London.,,Released,False,False,2006-11-28,239,0,0,0.6725,7.1,54,en,,tt0910873,/zpZBBYMepcCExBhAX08XfgkXdQE.jpg,/9ymyTk3aEyq7lotiYGaR3ekNqIt.jpg,"[{""id"": 35, ""name"": ""Comedy""}, {""id"": 99, ""name"": ""Documentary""}]","[{""id"": 16934, ""logo_path"": ""/avyTgdxs372vSnOAPt7isdnzIWQ.png"", ""name"": ""View Askew Productions"", ""origin_country"": ""US""}]","[{""iso_3166_1"": ""US"", ""name"": ""United States of America""}, {""iso_3166_1"": ""CA"", ""name"": ""Canada""}, {""iso_3166_1"": ""GB"", ""name"": ""United Kingdom""}]","[{""english_name"": ""English"", ""iso_639_1"": ""en"", ""name"": ""English""}]","[""US""]","{""id"": 791936, ""name"": ""An Evening with Kevin Smith Collection"", ""poster_path"": ""/6cPR9syPCAeA4qUmWtKDpkEMBXt.jpg"", ""backdrop_path"": null}"
16769,Coal Miner's Daughter,Coal Miner's Daughter,"Biography of Loretta Lynn, a country and western singer that came from poverty to fame.",She became a singer because it was the only thing she could do. She became a star because it was the only way she could do it.,Released,False,False,1980-03-07,125,15000000,67182787,2.3765,7.2,275,en,,tt0080549,/bzHFDAdUad4QcHPi2UOqvaQKNWA.jpg,/Aa4UDJWVckGXwPZxY5qpRifQFYp.jpg,"[{""id"": 10402, ""name"": ""Music""}, {""id"": 18, ""name"": ""Drama""}, {""id"": 36, ""name"": ""History""}]","[{""id"": 33, ""logo_path"": ""/8lvHyhjr8oUKOOy2dKXoALWKdp0.png"", ""name"": ""Universal Pictures"", ""origin_country"": ""US""}]","[{""iso_3166_1"": ""US"", ""name"": ""United States of America""}]","[{""english_name"": ""English"", ""iso_639_1"": ""en"", ""name"": ""English""}]","[""US""]",null
16771,Barcelona,Barcelona,"During the 1980s, uptight Ted Boynton is a salesman working in the Barcelona office of a Chicago-based company. He receives an unexpected visit from his cousin Fred, a naval officer who has come to Spain on a public relations mission for a U.S. fleet. Not exactly friends in the past, Ted and Fred strike up relationships with women in the Spanish city and experience conflicts -- Ted with his employer, and Fred with the Barcelona community.",Americans. Anti Americans. In love.,Released,False,False,1994-07-29,100,3200000,0,1.1081,6.2,87,en,,tt0109219,/7dgX3naR9EsFMvQhwHY8My6r5FR.jpg,/gyP4rLbexXLpXIBigzxGPJfZ3G9.jpg,"[{""id"": 35, ""name"": ""Comedy""}, {""id"": 18, ""name"": ""Drama""}, {""id"": 10749, ""name"": ""Romance""}]","[{""id"": 97, ""logo_path"": ""/smyTD67uNsdaySnnjVDmh0kyotp.png"", ""name"": ""Castle Rock Entertainment"", ""origin_country"": ""US""}, {""id"": 37812, ""logo_path"": null, ""name"": ""Westerly Films"", ""origin_country"": """"}]","[{""iso_3166_1"": ""US"", ""name"": ""United States of America""}]","[{""english_name"": ""Spanish"", ""iso_639_1"": ""es"", ""name"": ""Espa\u00f1ol""}, {""english_name"": ""English"", ""iso_639_1"": ""en"", ""name"": ""English""}]","[""US""]",null
16774,Hellboy Animated: Sword of Storms,Hellboy Animated: Sword of Storms,"A folklore professor becomes unwittingly possessed by the ancient Japanese demons of Thunder and Lightning. But when The Bureau of Paranormal Research & Defense dispatches a team of agents to investigate, a cursed samurai sword sends Hellboy to a supernatural dimension of ghosts, monsters, and feudal mayhem. Now while pyrokinetic Liz Sherman and fishboy Abe Sapien battle one very pissed-off dragon, a lost and cranky Hellboy must find his way home.",,Released,False,False,2006-10-28,77,5000000,0,2.2113,6.3,149,en,,tt0810895,/vUCrcikFCDsvA6IiS59kdfQkseU.jpg,/d8VGgwr2WApwFewrL5yZQgo78E0.jpg,"[{""id"": 878, ""name"": ""Science Fiction""}, {""id"": 16, ""name"": ""Animation""}, {""id"": 14, ""name"": ""Fantasy""}, {""id"": 28, ""name"": ""Action""}, {""id"": 27, ""name"": ""Horror""}, {""id"": 12, ""name"": ""Adventure""}, {""id"": 53, ""name"": ""Thriller""}, {""id"": 10770, ""name"": ""TV Movie""}]","[{""id"": 4279, ""logo_path"": ""/y9mgnG8pd7Ym4OpJdV1aht3KfR4.png"", ""name"": ""IDT Entertainment"", ""origin_country"": ""US""}, {""id"": 19, ""logo_path"": ""/2XbFiOpwgdG1P1wKLqfk2kvcTdE.png"", ""name"": ""Film Roman"", ""origin_country"": ""US""}]","[{""iso_3166_1"": ""US"", ""name"": ""United States of America""}]","[{""english_name"": ""English"", ""iso_639_1"": ""en"", ""name"": ""English""}]","[""US""]","{""id"": 123203, ""name"": ""Hellboy (Animated) Collection"", ""poster_path"": ""/xb7CnlGTi8rAGnTGA4pqaaRzc9O.jpg"", ""backdrop_path"": ""/v0zsDCbWF3XiyzClTiHbLhIAmbt.jpg""}"
16780,The Return of the Texas Chainsaw Massacre,The Return of the Texas Chainsaw Massacre,"A group of teenagers get into a car crash in the Texas woods on prom night, and then wander into an old farmhouse that is home to Leatherface and his insane family of cannibalistic psychopaths.","If looks could kill, he wouldn't need a chainsaw.",Released,False,False,1995-09-22,95,600000,185898,3.0763,4.559,742,en,,tt0110978,/e1ikqofvLBddrZJ73IjmJWhUYus.jpg,/eZvVoJc3XrAE81bmNhtyTUDti8b.jpg,"[{""id"": 27, ""name"": ""Horror""}, {""id"": 35, ""name"": ""Comedy""}, {""id"": 53, ""name"": ""Thriller""}]","[{""id"": 17479, ""logo_path"": null, ""name"": ""Ultra Muchos Productions"", ""origin_country"": ""US""}, {""id"": 210390, ""logo_path"": null, ""name"": ""River City Films"", ""origin_country"": ""US""}]","[{""iso_3166_1"": ""US"", ""name"": ""United States of America""}]","[{""english_name"": ""English"", ""iso_639_1"": ""en"", ""name"": ""English""}]","[""US""]","{""id"": 111751, ""name"": ""Texas Chainsaw Massacre Collection"", ""poster_path"": ""/hCyN9E7Vxe6LOZhYwiqJTb0u4No.jpg"", ""backdrop_path"": ""/wvBx1Q1FcQE1BPLfBbgA3y9aaS1.jpg""}"
16781,Madea's Family Reunion,Madea's Family Reunion,"Southern matriarch Madea has a lot on her plate. Her nieces, Vanessa and Lisa, have relationship troubles - Vanessa moves into Madea's house with her 2 young children and Lisa is engaged to a controlling man that her mother set her up with. In addition, Madea has just been court-ordered to become the guardian of Nikki, a rebellious runaway teenager. Madea must keep the peace and her family together while simultaneously planning her clan's reunion.",Come as you are. Leave different.,Released,False,False,2006-02-24,109,6000000,63368939,2.1122,6.4,216,en,,tt0455612,/lAzrDS5bJJSSdPAUxuctCoomXUc.jpg,/vFNooLsEgurZjnTEmwS8FWHurDi.jpg,"[{""id"": 18, ""name"": ""Drama""}, {""id"": 35, ""name"": ""Comedy""}, {""id"": 10749, ""name"": ""Romance""}]","[{""id"": 1632, ""logo_path"": ""/cisLn1YAUuptXVBa0xjq7ST9cH0.png"", ""name"": ""Lionsgate"", ""origin_country"": ""US""}, {""id"": 3096, ""logo_path"": ""/fkZTZ4veYYr3lwr2riVrVAOfeqD.png"", ""name"": ""Tyler Perry Studios"", ""origin_country"": ""US""}, {""id"": 211692, ""logo_path"": null, ""name"": ""Reuben Cannon Productions"", ""origin_country"": """"}]","[{""iso_3166_1"": ""US"", ""name"": ""United States of America""}]","[{""english_name"": ""English"", ""iso_639_1"": ""en"", ""name"": ""English""}, {""english_name"": ""Spanish"", ""iso_639_1"": ""es"", ""name"": ""Espa\u00f1ol""}]","[""US""]","{""id"": 534673, ""name"": ""Madea Collection"", ""poster_path"": ""/bO9NvwpSElW8lp33fGyy8VaS5s9.jpg"", ""backdrop_path"": ""/qxLbjNPrMKTgYrMhIIDzj4zgYjf.jpg""}"
16783,Electric Apricot,Electric Apricot,"Electric Apricot is a spoof of jam bands centered around the band, Electric Apricot, in the style of ""This Is Spinal Tap""",,Released,False,False,2007-11-09,92,0,0,0.7092,5.9,12,en,,tt0482499,/o0hb4NHyqno0GZI98H1gXtoRVQa.jpg,/y4LSTZEqLwvM1ARIdpTpzsmitX5.jpg,"[{""id"": 35, ""name"": ""Comedy""}, {""id"": 10402, ""name"": ""Music""}]","[{""id"": 3432, ""logo_path"": null, ""name"": ""National Lampoon Productions"", ""origin_country"": """"}]","[{""iso_3166_1"": ""US"", ""name"": ""United States of America""}]","[{""english_name"": ""English"", ""iso_639_1"": ""en"", ""name"": ""English""}]","[""US""]",null
16784,Welcome to Mooseport,Welcome to Mooseport,"A US president who has retired after two terms in office returns to his hometown of Mooseport, Maine and decides to run for Mayor against another local candidate.",This town isn't small enough for the both of them.,Released,False,False,2004-02-24,110,30000000,14000000,2.3258,5.097,186,en,,tt0361925,/lpaaUiaSZiW8YUoKA17RkV84mAW.jpg,/sr1sY7uJ6MbOBtvWR9IfV1fFxyo.jpg,"[{""id"": 35, ""name"": ""Comedy""}]","[{""id"": 763, ""logo_path"": ""/mCnIVkImjm8rUxIpGR5NgrGlIYL.png"", ""name"": ""Intermedia Films"", ""origin_country"": ""GB""}, {""id"": 89720, ""logo_path"": null, ""name"": ""Mooseport Productions"", ""origin_country"": ""US""}, {""id"": 25, ""logo_path"": ""/qZCc1lty5FzX30aOCVRBLzaVmcp.png"", ""name"": ""20th Century Fox"", ""origin_country"": ""US""}, {""id"": 909, ""logo_path"": null, ""name"": ""Mediastream Vierte Film"", ""origin_country"": ""DE""}]","[{""iso_3166_1"": ""US"", ""name"": ""United States of America""}, {""iso_3166_1"": ""DE"", ""name"": ""Germany""}]","[{""english_name"": ""English"", ""iso_639_1"": ""en"", ""name"": ""English""}]","[""US""]",null
16785,Zombie Self-Defense Force,ゾンビ自衛隊,"When a UFO crashes and releases radiation, the dead begin to rise in a cannibalistic frenzy. A group of soldiers and civilians make their way to a hotel and must fend off the zombie hordes.",,Released,False,False,2006-04-25,76,0,0,1.071,4.0,15,ja,,tt0879265,/k92d0KtpULqzQ2NFLvEb8V4IjMS.jpg,/7hMq8au65nJgQqrzxpAhWtliBqF.jpg,"[{""id"": 27, ""name"": ""Horror""}]","[{""id"": 3218, ""logo_path"": null, ""name"": ""Filmworks Movie King"", ""origin_country"": """"}, {""id"": 5980, ""logo_path"": ""/hAS6kavYvNODeyyeKjfWOKw5J8h.png"", ""name"": ""GP Museum Soft"", ""origin_country"": ""JP""}]","[{""iso_3166_1"": ""JP"", ""name"": ""Japan""}]","[{""english_name"": ""Japanese"", ""iso_639_1"": ""ja"", ""name"": ""\u65e5\u672c\u8a9e""}]","[""JP""]",null
16788,Action Man - Past Performance,Action Man - Past Performance,Action Man returns to the Everglades to face his past after finding out that he was once a skullman working for Dr X. Action Man's lost memory holds the code to rid them of the missiles Dr X plans to re-activate. Includes 'Soul Of Evil' and 'We Come In Peace'.,,Released,False,False,2004-01-01,0,0,0,0.0534,4.0,2,en,,,,,"[{""id"": 28, ""name"": ""Action""}, {""id"": 16, ""name"": ""Animation""}]",[],[],[],"[""US""]",null
16789,Action Man - The Outside Edge,Action Man - The Outside Edge,"After being disbanded by the new Secretary General, Action Man and his team try to clear Norris from being branded a traitor when he is arrested for treason. Includes 'Skynap' and 'Crack Of Doom'.",,Released,False,False,1995-12-16,0,0,0,0.1016,4.8,2,en,,,,,"[{""id"": 28, ""name"": ""Action""}, {""id"": 16, ""name"": ""Animation""}]",[],[],[],"[""US""]",null
16790,Bingo,Bingo,"Bingo, the runaway circus dog, is off the leash and saving Chuckie's life! Bingo and the boy become the best of friends in this canine comedy featuring doggy disguises and skateboarding, pinball and prison. Chuckie and his parents are moving house, a thousand miles away, but Bingo won't be allowed to join them.",More hip than humanly possible.,Released,False,False,1991-08-09,90,10000000,8667684,2.4875,5.0,98,en,,tt0101455,/giooyb8azHrgbwqWUWCn7QhIBBS.jpg,/69Kl7GTdCa4a9UgBvYhVXbFbL6f.jpg,"[{""id"": 28, ""name"": ""Action""}, {""id"": 12, ""name"": ""Adventure""}, {""id"": 35, ""name"": ""Comedy""}, {""id"": 10751, ""name"": ""Family""}]","[{""id"": 559, ""logo_path"": ""/eC0bWHVjnjUducyA6YFoEFqnPMC.png"", ""name"": ""TriStar Pictures"", ""origin_country"": ""US""}]","[{""iso_3166_1"": ""US"", ""name"": ""United States of America""}]","[{""english_name"": ""Italian"", ""iso_639_1"": ""it"", ""name"": ""Italiano""}, {""english_name"": ""French"", ""iso_639_1"": ""fr"", ""name"": ""Fran\u00e7ais""}, {""english_name"": ""English"", ""iso_639_1"": ""en"", ""name"": ""English""}, {""english_name"": ""Dutch"", ""iso_639_1"": ""nl"", ""name"": ""Nederlands""}, {""english_name"": ""Spanish"", ""iso_639_1"": ""es"", ""name"": ""Espa\u00f1ol""}]","[""US""]",null
16791,Five Children and It,Five Children and It,"The Psammead is an 'it', an ancient, ill-tempered sand-fairy with a spider-shaped body, bat-like ears, and snail-like eyes. It is grumpy but has the power to grant one wish a day, which must be made before sunset. Five siblings—Cyril, Anthea, Robert, Jane, and infant Hilary—encounter It and experience the highs and lows of frivolous wish-making.",You are invited to discover the secret...,Released,False,False,2004-10-15,88,16000000,5072125,2.2837,5.6,227,en,,tt0366450,/qjRlksMO0bDgWVMXqViSj1SNY2r.jpg,/2A9bL4Rtmq7wHyl4URF9ygv2fjW.jpg,"[{""id"": 12, ""name"": ""Adventure""}, {""id"": 14, ""name"": ""Fantasy""}, {""id"": 10751, ""name"": ""Family""}]","[{""id"": 1205, ""logo_path"": ""/wQX3t4qtxm7gBQE3RHuoLghgb73.png"", ""name"": ""Endgame Entertainment"", ""origin_country"": ""US""}, {""id"": 39060, ""logo_path"": null, ""name"": ""Sandfairy"", ""origin_country"": """"}, {""id"": 342, ""logo_path"": ""/kZ99mxyNvNgyAFjm7rcl9vfYmU8.png"", ""name"": ""Davis Films"", ""origin_country"": ""FR""}, {""id"": 6254, ""logo_path"": ""/dHfP8fUyykmTsMXbtXO0kSsYz5E.png"", ""name"": ""The Jim Henson Company"", ""origin_country"": ""US""}, {""id"": 826, ""logo_path"": ""/aqiR1prl8N00FfkC4FCJWsOpZIy.png"", ""name"": ""Capitol Films"", ""origin_country"": ""GB""}, {""id"": 2452, ""logo_path"": ""/gOkUB0TdXRLAl6s0s6jCSLS3sOb.png"", ""name"": ""UK Film Council"", ""origin_country"": ""GB""}, {""id"": 3246, ""logo_path"": null, ""name"": ""Feel Films"", ""origin_country"": ""GB""}, {""id"": 2268, ""logo_path"": ""/wgDks2qYgwN6u1OkW1bBre0rf4F.png"", ""name"": ""Isle of Man Film"", ""origin_country"": ""GB""}, {""id"": 6255, ""logo_path"": ""/kEHqVVnhAa26OA8FtGbRCBHUgOA.png"", ""name"": ""Jim Henson Pictures"", ""origin_country"": ""US""}]","[{""iso_3166_1"": ""FR"", ""name"": ""France""}, {""iso_3166_1"": ""GB"", ""name"": ""United Kingdom""}, {""iso_3166_1"": ""US"", ""name"": ""United States of America""}]","[{""english_name"": ""English"", ""iso_639_1"": ""en"", ""name"": ""English""}]","[""US"", ""GB""]",null
16800,Roman Polanski: Wanted and Desired,Roman Polanski: Wanted and Desired,Examines the public scandal and private tragedy which led to legendary director Roman Polanski's sudden flight from the United States.,The truth couldn't fit in the headlines.,Released,False,False,2008-01-18,99,0,0,1.7488,6.3,76,en,,tt1157705,/1W8t1iBSTRFr5Q0G3iJhw5BaP3w.jpg,/nz51oc6hnGrMGrYUE0s25FWgVWe.jpg,"[{""id"": 99, ""name"": ""Documentary""}]","[{""id"": 308, ""logo_path"": ""/e8F3mQM7DkJ5SfYYDp8FYzPBOGX.png"", ""name"": ""The Weinstein Company"", ""origin_country"": ""US""}, {""id"": 127711, ""logo_path"": null, ""name"": ""Graceful Pictures"", ""origin_country"": """"}, {""id"": 3324, ""logo_path"": ""/dqT3yOTlfJRmtvk52Ccd1O6dZ0A.png"", ""name"": ""BBC"", ""origin_country"": ""GB""}, {""id"": 14914, ""logo_path"": ""/1RZBWz53SpHUTLpRcM8BGv2plIP.png"", ""name"": ""HBO Documentary Films"", ""origin_country"": ""US""}, {""id"": 23912, ""logo_path"": null, ""name"": ""Antidote Films"", ""origin_country"": ""US""}]","[{""iso_3166_1"": ""GB"", ""name"": ""United Kingdom""}, {""iso_3166_1"": ""US"", ""name"": ""United States of America""}]","[{""english_name"": ""English"", ""iso_639_1"": ""en"", ""name"": ""English""}, {""english_name"": ""French"", ""iso_639_1"": ""fr"", ""name"": ""Fran\u00e7ais""}, {""english_name"": ""German"", ""iso_639_1"": ""de"", ""name"": ""Deutsch""}]","[""US"", ""GB""]",null
16802,Forbidden,Forbidden,"At his bachelor party, Jason has a one-night fling with Nikki, a radiant beauty with whom he forms an immediate bond. They agree to keep their secret locked away forever. Two years later, Jason, his wife, Andy and his fiancee plan a reunion weekend. Jason is shocked to discover that Andy's fiancee is Nikki. Now, secret and passionate affairs are played out.",What you can't have... You desire most,Released,False,False,2002-06-25,84,1200000,0,2.4015,4.8,16,en,,tt0347014,/kShQ7hGJHk7pJYgWnO7SzkXQ7IY.jpg,/iA24ZK5vyv5weZMTjTyVpGcyrxe.jpg,"[{""id"": 18, ""name"": ""Drama""}, {""id"": 10749, ""name"": ""Romance""}]","[{""id"": 4419, ""logo_path"": null, ""name"": ""Creative Light Entertainment"", ""origin_country"": ""US""}, {""id"": 6884, ""logo_path"": null, ""name"": ""Fat Face Productions"", ""origin_country"": """"}, {""id"": 6885, ""logo_path"": null, ""name"": ""Sapphire Films"", ""origin_country"": """"}]","[{""iso_3166_1"": ""US"", ""name"": ""United States of America""}]","[{""english_name"": ""English"", ""iso_639_1"": ""en"", ""name"": ""English""}]","[""US""]",null
16803,Kiss Of Life,Το Φιλί της Ζωής,"Before his marriage in Milos an Aegean island, 30-year old Paschalis ends up accidentally in Sifnos, where he meets a mysterious photographer.Will he finally reach the church? And what is the relationship of the photographer with the couple hosting him in Sifnos?","Life is beautiful, but I get married on Sunday!",Released,False,False,2007-11-08,103,0,0,0.4564,4.8,22,el,http://villageproductions.gr/tofilitiszois/movie.php,tt1092002,/eUpwrswnOHM3fs1cFBnIVXF2xqg.jpg,/bqxXdVHLKFMUe0gwuBRjR012GKA.jpg,"[{""id"": 35, ""name"": ""Comedy""}, {""id"": 18, ""name"": ""Drama""}]",[],"[{""iso_3166_1"": ""GR"", ""name"": ""Greece""}]","[{""english_name"": ""Greek"", ""iso_639_1"": ""el"", ""name"": ""\u03b5\u03bb\u03bb\u03b7\u03bd\u03b9\u03ba\u03ac""}]","[""GR""]",null
16804,Departures,おくりびと,"Daigo, a cellist, is laid off from his orchestra and moves with his wife back to his small hometown where the living is cheaper. Thinking he’s applying for a job at a travel agency he finds he’s being interviewed for work with departures of a more permanent nature – as an undertaker’s assistant.",The gift of last memories.,Released,False,False,2008-09-13,130,0,69932387,4.5031,7.852,915,ja,http://www.departures-themovie.com/,tt1069238,/mms4nMZuPYOyEengRxCaEk7SXMd.jpg,/AoWW2J4PoDe0IPuCVQOk50QFS4D.jpg,"[{""id"": 18, ""name"": ""Drama""}]","[{""id"": 1393, ""logo_path"": ""/lUACMATs6jcscXIrzNCQzbvNVN5.png"", ""name"": ""TBS"", ""origin_country"": ""JP""}, {""id"": 3219, ""logo_path"": ""/aGapBauQIUYV6tiXGk0JGiTMnlv.png"", ""name"": ""Amuse Soft Entertainment"", ""origin_country"": ""JP""}, {""id"": 3363, ""logo_path"": ""/sj3vD7n63bTCih7bcf6GnWvRf1Q.png"", ""name"": ""MBS"", ""origin_country"": ""JP""}, {""id"": 4649, ""logo_path"": null, ""name"": ""Sedic"", ""origin_country"": ""JP""}, {""id"": 9149, ""logo_path"": ""/isLUpud9N56ifftJZ4XvzwBBpoG.png"", ""name"": ""Shogakukan"", ""origin_country"": ""JP""}, {""id"": 91253, ""logo_path"": ""/aD91ywW7l93wk9N0fNX8URMgQSC.png"", ""name"": ""TBS Radio"", ""origin_country"": ""JP""}, {""id"": 192, ""logo_path"": ""/93eAKlnQecDdMtucfOprzcjMw9V.png"", ""name"": ""Shochiku"", ""origin_country"": ""JP""}, {""id"": 1778, ""logo_path"": ""/b5rT6VbYza3LyfltCmz1OcqzWJM.png"", ""name"": ""dentsu"", ""origin_country"": ""JP""}, {""id"": 3031, ""logo_path"": ""/2JcgVKZ1gEY5RsLJU1CGj1MaKFj.png"", ""name"": ""The Asahi Shimbun"", ""origin_country"": ""JP""}]","[{""iso_3166_1"": ""JP"", ""name"": ""Japan""}]","[{""english_name"": ""Japanese"", ""iso_639_1"": ""ja"", ""name"": ""\u65e5\u672c\u8a9e""}]","[""JP""]",null
16806,Johnny Dangerously,Johnny Dangerously,"An honest, goodhearted man is forced to turn to a life of crime to finance his neurotic mother's skyrocketing medical bills.",Organized crime has never been this disorganized!,Released,False,False,1984-12-21,90,9000000,17000000,1.8977,6.289,209,en,,tt0087507,/1cvCWlLDt9cIWN3ZUI6UKgV210x.jpg,/dEzguwQUQAGoCFZRHdbmdTpMbr0.jpg,"[{""id"": 35, ""name"": ""Comedy""}, {""id"": 80, ""name"": ""Crime""}]","[{""id"": 5419, ""logo_path"": null, ""name"": ""Edgewood Productions"", ""origin_country"": """"}, {""id"": 25, ""logo_path"": ""/qZCc1lty5FzX30aOCVRBLzaVmcp.png"", ""name"": ""20th Century Fox"", ""origin_country"": ""US""}]","[{""iso_3166_1"": ""US"", ""name"": ""United States of America""}]","[{""english_name"": ""English"", ""iso_639_1"": ""en"", ""name"": ""English""}]","[""US""]",null
16808,Pokémon Ranger and the Temple of the Sea,劇場版ポケットモンスター アドバンスジェネレーション ポケモンレンジャーと蒼海の王子 マナフィ,"On their way through the Battle Frontier, Ash and friends meet up with a Pokémon Ranger who's mission is to deliever the egg of Manaphy to a temple on the ocean's floor. However, a greedy pirate wants the power of Manaphy to himself.",It all started with a legend passed down from the people of the water,Released,False,False,2006-07-15,105,0,27638625,4.9131,6.5,220,ja,http://www.pokemon.com/us/movies/movie-pokemon-ranger-and-the-temple-of-the-sea-2007/,tt1000095,/jZOi06xHjsG1VqbiIwS8GkyrAOn.jpg,/y9I6h1NrGdzX99QKcoqLhsFfVWO.jpg,"[{""id"": 10751, ""name"": ""Family""}, {""id"": 16, ""name"": ""Animation""}, {""id"": 28, ""name"": ""Action""}, {""id"": 12, ""name"": ""Adventure""}, {""id"": 14, ""name"": ""Fantasy""}, {""id"": 878, ""name"": ""Science Fiction""}]","[{""id"": 8157, ""logo_path"": ""/pEqcMX1aG3JvtDgfh2wNZJLCcb4.png"", ""name"": ""jeki"", ""origin_country"": ""JP""}, {""id"": 7967, ""logo_path"": ""/4W9ByL6mMDn9UOHh8oGD36l3BnN.png"", ""name"": ""Media Factory"", ""origin_country"": ""JP""}, {""id"": 5372, ""logo_path"": ""/tPtJc2rCOTHEzJQPStT6m3dI0eK.png"", ""name"": ""OLM"", ""origin_country"": ""JP""}, {""id"": 12653, ""logo_path"": null, ""name"": ""Pikachu Project"", ""origin_country"": ""JP""}, {""id"": 5261, ""logo_path"": null, ""name"": ""Shogakukan Production"", ""origin_country"": ""JP""}, {""id"": 3034, ""logo_path"": ""/jnuO8pZNEBLEq5YaOP1f5OkmG91.png"", ""name"": ""TV Tokyo"", ""origin_country"": ""JP""}, {""id"": 12654, ""logo_path"": ""/hBWpNb7x4R77xxltwNtM0ANboW6.png"", ""name"": ""The Pok\u00e9mon Company"", ""origin_country"": ""JP""}, {""id"": 13070, ""logo_path"": ""/ks2FscpAGYlfj4ZawdQF5vgtWyM.png"", ""name"": ""TakaraTomy"", ""origin_country"": ""JP""}, {""id"": 9149, ""logo_path"": ""/isLUpud9N56ifftJZ4XvzwBBpoG.png"", ""name"": ""Shogakukan"", ""origin_country"": ""JP""}]","[{""iso_3166_1"": ""JP"", ""name"": ""Japan""}]","[{""english_name"": ""Japanese"", ""iso_639_1"": ""ja"", ""name"": ""\u65e5\u672c\u8a9e""}]","[""JP""]","{""id"": 661025, ""name"": ""Pok\u00e9mon: Advanced Generation Collection"", ""poster_path"": ""/fVqW8J9BWYKDg6L2fZyso47dqbD.jpg"", ""backdrop_path"": ""/dsK9kYcQVxN2jtOlLlJDKn9yg6y.jpg""}"
16814,Crazy People,Crazy People,"A bitter ad executive, who has reached his breaking point, finds himself in a mental institution, where his career actually begins to thrive with the help of the hospital's patients.",Warning: Crazy People are coming.,Released,False,False,1990-04-13,90,0,0,1.8704,5.9,93,en,,tt0099316,/xadRX5tAr5hsGLWRhoubQwKiWgD.jpg,/5uM5NIxyKgl8ykBYUKwHiczc2nR.jpg,"[{""id"": 35, ""name"": ""Comedy""}, {""id"": 10749, ""name"": ""Romance""}]","[{""id"": 78462, ""logo_path"": null, ""name"": ""Intuitive TV"", ""origin_country"": """"}, {""id"": 4, ""logo_path"": ""/jay6WcMgagAklUt7i9Euwj1pzTF.png"", ""name"": ""Paramount Pictures"", ""origin_country"": ""US""}]","[{""iso_3166_1"": ""US"", ""name"": ""United States of America""}]","[{""english_name"": ""English"", ""iso_639_1"": ""en"", ""name"": ""English""}, {""english_name"": ""Spanish"", ""iso_639_1"": ""es"", ""name"": ""Espa\u00f1ol""}]","[""US""]",null
16820,F/X2,F/X2,"F/X man Rollie Tyler is now a toymaker. Mike, the ex-husband of his girlfriend Kim, is a cop. He asks Rollie to help catch a killer. The operation goes well until some unknown man kills both the killer and Mike. Mike's boss, Silak says it was the killer who killed Mike but Rollie knows it wasn't. Obviously, Silak is involved with Mike's death, so he calls on Leo McCarthy, the cop from the last movie, who is now a P.I., for help and they discover it's not just Silak they have to worry about.",The Deadly Art of Illusion,Released,False,False,1991-04-16,108,18000000,21082165,2.7334,6.3,291,en,,tt0101846,/dxfR8JnfabPi7YUg4PFsuAa7geW.jpg,/cWRwP7nBMI0c5JXNLxGpGdAX8O5.jpg,"[{""id"": 28, ""name"": ""Action""}, {""id"": 53, ""name"": ""Thriller""}]","[{""id"": 41, ""logo_path"": ""/em0rOXVRu3qprWZCx58uDDV2fze.png"", ""name"": ""Orion Pictures"", ""origin_country"": ""US""}, {""id"": 3597, ""logo_path"": null, ""name"": ""Dodi Fayed - Jack Wiener"", ""origin_country"": """"}]","[{""iso_3166_1"": ""US"", ""name"": ""United States of America""}]","[{""english_name"": ""English"", ""iso_639_1"": ""en"", ""name"": ""English""}]","[""US""]","{""id"": 171439, ""name"": ""F/X Collection"", ""poster_path"": ""/4LZcwmhKGUKmGfjDNTkq0Em0euL.jpg"", ""backdrop_path"": ""/pLj66wA3xzB9vyOlzZRevSKamoD.jpg""}"
16821,Golden Oldies,Casa da Mãe Joana,"Four friends who only think about enjoying life, with big parties, women and drinks, are surprised by an eviction. In need of money, the group is forced to think about what they hate most: working! Confusion arises when everyone looks for an easy way to get money, with minimum effort. The days pass and the hilarious confusion only increases!",,Released,False,False,2008-09-19,93,0,0,0.5809,4.8,28,pt,,tt0831904,/kGUoy9Cb4KzAoRKp1dsxLcYV6Li.jpg,/kmbVTuN2GqgdIGdVW4Cbvbd7GKJ.jpg,"[{""id"": 35, ""name"": ""Comedy""}]","[{""id"": 13969, ""logo_path"": ""/bEpiJ2zXGIH70JT16asjWNFtOEv.png"", ""name"": ""Globo Filmes"", ""origin_country"": ""BR""}, {""id"": 128233, ""logo_path"": null, ""name"": ""MAC Produ\u00e7\u00f5es"", ""origin_country"": ""BR""}, {""id"": 11547, ""logo_path"": ""/kyOeH5CwsaILcJItafIMAM4KElB.png"", ""name"": ""Ag\u00eancia Nacional do Cinema - ANCINE"", ""origin_country"": ""BR""}, {""id"": 197334, ""logo_path"": ""/poEQXm0Ej4xjSYWDf93xBbo8Gco.png"", ""name"": ""Banco Regional de Desenvolvimento do Extremo Sul"", ""origin_country"": ""BR""}, {""id"": 28212, ""logo_path"": ""/1qNlLT42Po3Adj1q4OLo0kUHnDy.png"", ""name"": ""Imagem Filmes"", ""origin_country"": ""BR""}]","[{""iso_3166_1"": ""BR"", ""name"": ""Brazil""}]","[{""english_name"": ""Portuguese"", ""iso_639_1"": ""pt"", ""name"": ""Portugu\u00eas""}]","[""BR""]","{""id"": 1045387, ""name"": ""Casa da M\u00e3e Joana: Cole\u00e7\u00e3o"", ""poster_path"": null, ""backdrop_path"": null}"
16824,Blank,Blank,What you do not remember will not trouble you.,,Released,False,False,2003-01-01,32,0,0,0.2031,0.0,0,en,,tt0369284,,,"[{""id"": 18, ""name"": ""Drama""}, {""id"": 27, ""name"": ""Horror""}, {""id"": 9648, ""name"": ""Mystery""}]",[],"[{""iso_3166_1"": ""DK"", ""name"": ""Denmark""}]","[{""english_name"": ""Danish"", ""iso_639_1"": ""da"", ""name"": ""Dansk""}]","[""US"", ""DK""]",null
16825,The Case of the Scorpion's Tail,La coda dello scorpione,"After her husband dies in a freak plane accident, a woman leaves London for Athens to collect his generous life insurance policy. She soon discovers that others besides herself are keen to get their hands on the money - and are willing to kill for it. Meanwhile, a private investigator arrives to investigate irregularities in the claim, teaming up with a beautiful reporter.",,Released,False,False,1971-08-16,96,0,0,1.1172,6.3,91,it,,tt0066924,/n4UM3TqaWjyi3JVNHKOnx5pPRUj.jpg,/3K0YzKakbUtETzPY1Z15u9A8lZr.jpg,"[{""id"": 9648, ""name"": ""Mystery""}, {""id"": 53, ""name"": ""Thriller""}]","[{""id"": 9152, ""logo_path"": null, ""name"": ""Devon Film"", ""origin_country"": ""IT""}, {""id"": 1500, ""logo_path"": null, ""name"": ""Copercines"", ""origin_country"": ""ES""}]","[{""iso_3166_1"": ""IT"", ""name"": ""Italy""}, {""iso_3166_1"": ""ES"", ""name"": ""Spain""}]","[{""english_name"": ""Italian"", ""iso_639_1"": ""it"", ""name"": ""Italiano""}]","[""IT""]",null
16839,G:MT Greenwich Mean Time,G:MT Greenwich Mean Time,"Six London school-leavers attempt to make it in the world, balancing the challenge of trying to make a name for themselves in the music industry against the pressures and tragedies of everyday life.",Time starts here...,Released,False,False,1999-10-01,117,0,0,0.956,5.4,18,en,,tt0179835,/h7KxHtRgO6IV1OvpwqvfDLI1ZNq.jpg,/qidElE9jmEcrmmbDnpB4S6lHQZN.jpg,"[{""id"": 18, ""name"": ""Drama""}]","[{""id"": 8833, ""logo_path"": null, ""name"": ""Anvil Films"", ""origin_country"": """"}]","[{""iso_3166_1"": ""GB"", ""name"": ""United Kingdom""}]","[{""english_name"": ""English"", ""iso_639_1"": ""en"", ""name"": ""English""}]","[""GB""]",null
16841,Vaclav,Václav,"Vaclav, the village loser, in his 40's bordering on autism, lives with his widowed mother on the outskirts of the village. He is seen by villagers as the local fool, nothing but a constant pain for them, but there is a skeleton in the village closet concerning his father's death.",,Released,False,False,2007-12-06,100,0,0,0.4962,7.1,7,cs,,tt0955352,/9vz3aqVmVWDrh1BKm3IudZfKmKw.jpg,/zQwxQyw5TZe2Kal1VznIF9FKwU3.jpg,"[{""id"": 35, ""name"": ""Comedy""}, {""id"": 18, ""name"": ""Drama""}]","[{""id"": 81802, ""logo_path"": null, ""name"": ""Buc-Film"", ""origin_country"": ""CZ""}, {""id"": 487, ""logo_path"": ""/x3BUIowxU2skXOpnOeOkl7kIYDo.png"", ""name"": ""\u010cesk\u00e1 televize"", ""origin_country"": ""CZ""}]","[{""iso_3166_1"": ""CZ"", ""name"": ""Czech Republic""}]","[{""english_name"": ""Czech"", ""iso_639_1"": ""cs"", ""name"": ""\u010cesk\u00fd""}]","[""CZ""]",null
16843,11:11,11:11,"Eighteen years after the murder of her parents, Sara Tobias searches for the meaning of the numbers '11:11' that was scratched in blood beside her mother's body. Following three sudden murders, supernatural events are unleashed as she gets closer to the truth.",A terrifying journal into the Paranormal.,Released,False,False,2004-02-01,95,0,0,0.9568,3.5,58,en,,tt0396401,/46YgmuMaRDlMWO4BmsPH52qqNA4.jpg,/18Hu1WIamniLYdgzdBbvZ766j92.jpg,"[{""id"": 27, ""name"": ""Horror""}, {""id"": 53, ""name"": ""Thriller""}]","[{""id"": 4061, ""logo_path"": null, ""name"": ""Evolution Pictures"", ""origin_country"": ""CA""}, {""id"": 23404, ""logo_path"": null, ""name"": ""IndustryWorks Distribution"", ""origin_country"": """"}]","[{""iso_3166_1"": ""CA"", ""name"": ""Canada""}]","[{""english_name"": ""English"", ""iso_639_1"": ""en"", ""name"": ""English""}, {""english_name"": ""Portuguese"", ""iso_639_1"": ""pt"", ""name"": ""Portugu\u00eas""}]","[""CA"", ""US""]",null
16846,Gingerdead Man 2: The Passion of the Crust,Gingerdead Man 2: The Passion of the Crust,The horrifying yet delicious and chewy Gingerdead Man causes murder and mayhem on the set of a horrible low budget movie set. It will take the determination of the studio's young new owner to save both his company and well as the lives of his young new friends. Including a terminally ill young boy whose final wish it was to meet the studios stars - The Tiny Terrors.,,Released,False,False,2008-07-04,72,0,0,1.0126,4.5,55,en,,tt1161646,/1hd6zLMDvs5hLTTcaTIYanNmauy.jpg,/RWN6gQKphxDgzQKSqw4qda7tb9.jpg,"[{""id"": 35, ""name"": ""Comedy""}, {""id"": 27, ""name"": ""Horror""}, {""id"": 14, ""name"": ""Fantasy""}]","[{""id"": 15352, ""logo_path"": ""/sk4KMGNHLCPe03XiQaDmBPnczjy.png"", ""name"": ""Full Moon Features"", ""origin_country"": ""US""}, {""id"": 4867, ""logo_path"": ""/ifNDQE2NMX3QAJgX0517FZMkLq5.png"", ""name"": ""Full Moon Entertainment"", ""origin_country"": ""US""}]","[{""iso_3166_1"": ""US"", ""name"": ""United States of America""}]","[{""english_name"": ""English"", ""iso_639_1"": ""en"", ""name"": ""English""}]","[""US""]","{""id"": 138968, ""name"": ""The Gingerdead Man Collection"", ""poster_path"": ""/3sjVX06RspD6iRErbpI8g0y1HR1.jpg"", ""backdrop_path"": ""/bD5F0rSZCosi6zHufGP97ckomJ4.jpg""}"
16847,Nine Inch Nails: Closure,Nine Inch Nails: Closure,"Closure is the 12th official Nine Inch Nails release. It consists of  music videos interspersed with snippets from educational films, as well as exclusive footage shot by Peter Christopherson including antics by Nine Inch Nails and their tour guests: Marilyn Manson, Jim Rose Circus and David Bowie.  Originally scheduled to be released on DVD in 2004, the disc appeared on internet torrent sites in 2006,  including behind-the-scenes footage of the ""Closer"" video with commentary by Mark Romanek.  Fans speculate that Reznor may have been the source of this leak.",,Released,False,True,1997-11-25,140,0,0,0.3594,7.1,12,en,,tt0150153,/hgRrVCgSb4GxAbopHxC2CpXGttq.jpg,,"[{""id"": 10402, ""name"": ""Music""}, {""id"": 99, ""name"": ""Documentary""}]",[],"[{""iso_3166_1"": ""US"", ""name"": ""United States of America""}]","[{""english_name"": ""English"", ""iso_639_1"": ""en"", ""name"": ""English""}]","[""US""]",null
16849,Love & Dance,סיפור חצי רוסי,"Chen, a young kid, is battling a cultural conflict between his Russian born mother and Israeli father. She is cultured and used to the finer things in life, including theater and fine dining. He is gruff on the outside but sweet on the inside - a Sabra; and looking to make his young son a man rather than the wimp his mother is raising. One day, Chen stumbles upon a ballroom dance class for young people and sees Natalie, a stunning Russian young girl he falls in love with immediately. His interest in Natalie leads him to taking ballroom dancing and to ultimately bridging the cultural divide of his own family - through the Cha Cha and the Tango. The teachers are a pair of former Russian world champions who never quite fulfilled their potential, but find themselves battling their demons through the instructions of the kids.",,Released,False,False,2006-05-05,90,0,0,0.6797,6.3,12,he,,tt0814197,/8LjyKsYPdhW6Ruql2haYts7LEJF.jpg,/a9UyWYWAve22uiVcvtJItPPM4lI.jpg,"[{""id"": 18, ""name"": ""Drama""}]",[],"[{""iso_3166_1"": ""IL"", ""name"": ""Israel""}]","[{""english_name"": ""Hebrew"", ""iso_639_1"": ""he"", ""name"": ""\u05e2\u05b4\u05d1\u05b0\u05e8\u05b4\u05d9\u05ea""}]","[""IL""]",null
16850,The Heroes of Telemark,The Heroes of Telemark,"Set in German-occupied Norway, resistance fighter Knut Straud enlists the reluctant physicist Rolf Pedersen in an effort to destroy the German heavy water production plant in rural Telemark.","Unarmed and outnumbered, they stunned the world with their incredible victory.",Released,False,False,1965-11-12,131,0,0,2.4385,6.9,173,en,,tt0059263,/rKGD7tR8mj02IyQbacmBxE5RIae.jpg,/pdUjaz2BGxt2z2p9mVHcf9D2yxH.jpg,"[{""id"": 28, ""name"": ""Action""}, {""id"": 18, ""name"": ""Drama""}, {""id"": 10752, ""name"": ""War""}]","[{""id"": 3220, ""logo_path"": null, ""name"": ""Benton Film Productions"", ""origin_country"": """"}, {""id"": 364, ""logo_path"": null, ""name"": ""The Rank Organisation"", ""origin_country"": ""GB""}]","[{""iso_3166_1"": ""GB"", ""name"": ""United Kingdom""}]","[{""english_name"": ""German"", ""iso_639_1"": ""de"", ""name"": ""Deutsch""}, {""english_name"": ""Norwegian"", ""iso_639_1"": ""no"", ""name"": ""Norsk""}, {""english_name"": ""English"", ""iso_639_1"": ""en"", ""name"": ""English""}]","[""US"", ""GB""]",null
16851,Yo-Yo Girl Cop,スケバン刑事 コードネーム=麻宮サキ,"Recruited by a clandestine police organization, ""K"" must stop a plot by student radicals to create anarchy in Japan. Armed with a hi-tech steel yo-yo, and a new name (Asamiya Saki), she must infiltrate an elite high school to find the terrorists but finds an even more sinister plan is about to unfold.",,Released,False,False,2006-09-30,98,0,0,2.082,5.6,44,ja,http://www.sukeban.jp,tt0781084,/atuLBXMZmLljTVIoZAhsa1XzXkd.jpg,/pDVCpfNn6ef7pKH9HRC2uHpBd55.jpg,"[{""id"": 28, ""name"": ""Action""}, {""id"": 80, ""name"": ""Crime""}, {""id"": 53, ""name"": ""Thriller""}]","[{""id"": 5822, ""logo_path"": ""/qyTbRgCyU9NLKvKaiQVbadtr7RY.png"", ""name"": ""Toei Company"", ""origin_country"": ""JP""}, {""id"": 172042, ""logo_path"": ""/opffPpCFyxpuiEVcVMoR6hNFPy.png"", ""name"": ""TV Tokyo Music"", ""origin_country"": ""JP""}, {""id"": 9221, ""logo_path"": ""/7hEAueutGnsQUyUGnp5zQ1YmCrO.png"", ""name"": ""Toei Video Company"", ""origin_country"": ""JP""}]","[{""iso_3166_1"": ""JP"", ""name"": ""Japan""}]","[{""english_name"": ""Japanese"", ""iso_639_1"": ""ja"", ""name"": ""\u65e5\u672c\u8a9e""}]","[""JP""]","{""id"": 739216, ""name"": ""Sukeban Deka Collection"", ""poster_path"": ""/vyJIR0Epdg97SIZdVcFAuK7IaCp.jpg"", ""backdrop_path"": null}"
16852,When the Raven Flies,Hrafninn flýgur,"Vikings pillage Ireland, seeking silver and slaves, slaying men and women in the process. A young boy is spared when a Viking takes pity on him instead of killing him. Twenty years later the boy returns to Iceland take his revenge.",,Released,False,False,1984-02-04,109,0,0,0.4972,6.5,40,is,,tt0087432,/5o5JDusORcQnpLiPONakdIbIQEs.jpg,/jMRNIpiAKxkbYd4c5bOE34gW5FV.jpg,"[{""id"": 28, ""name"": ""Action""}, {""id"": 18, ""name"": ""Drama""}, {""id"": 36, ""name"": ""History""}]","[{""id"": 1968, ""logo_path"": null, ""name"": ""Viking Film"", ""origin_country"": ""SE""}, {""id"": 2302, ""logo_path"": ""/rPXEdpqwFycAY9ZgrAJXv13qcWW.png"", ""name"": ""Svenska Filminstitutet"", ""origin_country"": ""SE""}, {""id"": 26806, ""logo_path"": null, ""name"": ""Film"", ""origin_country"": ""IS""}]","[{""iso_3166_1"": ""IS"", ""name"": ""Iceland""}, {""iso_3166_1"": ""SE"", ""name"": ""Sweden""}]","[{""english_name"": ""Icelandic"", ""iso_639_1"": ""is"", ""name"": ""\u00cdslenska""}]","[""IS""]","{""id"": 185010, ""name"": ""The Raven Collection"", ""poster_path"": ""/56FkDqYXzq3rkNISdiQPGVOhI4s.jpg"", ""backdrop_path"": ""/byWCrGCqmnnkakdjZdRprnJJB4c.jpg""}"
16853,In the Shadow of the Raven,Í skugga hrafnsins,"Trausti returns to Iceland just in time to be entangled in a family feud over a stranded whale-cadaver. His mother (the family head) is mortally wounded and Grim kills Erikur; the other clan leader. Isold, daughter of Erikur now takes his place. Isold and Trausti are attracted to each other, but Isold was promised to Hjoerleifur - the son of the Bishop (of Iceland) and his powerful wife. However, Isold has a plan...",,Released,False,False,1988-10-28,124,0,0,0.371,5.9,17,is,,tt0095346,/69sXlzK9TQK9W3YTriCMj2rLXj2.jpg,/bh334KRFjA5HFpRN8Z686wn1ySY.jpg,"[{""id"": 18, ""name"": ""Drama""}, {""id"": 28, ""name"": ""Action""}]","[{""id"": 17593, ""logo_path"": null, ""name"": ""Filmhuset"", ""origin_country"": ""SE""}, {""id"": 1728, ""logo_path"": ""/sujSPQqxYIoKfjAyS8OaJ6hLNed.png"", ""name"": ""Sandrews"", ""origin_country"": ""SE""}, {""id"": 2302, ""logo_path"": ""/rPXEdpqwFycAY9ZgrAJXv13qcWW.png"", ""name"": ""Svenska Filminstitutet"", ""origin_country"": ""SE""}, {""id"": 4521, ""logo_path"": null, ""name"": ""Cinema Art"", ""origin_country"": ""SE""}, {""id"": 115, ""logo_path"": null, ""name"": ""FilmTeknik"", ""origin_country"": ""SE""}, {""id"": 2999, ""logo_path"": ""/zGSqFee9aDgDuLD6vcs2mcJUem4.png"", ""name"": ""SVT"", ""origin_country"": ""SE""}]","[{""iso_3166_1"": ""IS"", ""name"": ""Iceland""}, {""iso_3166_1"": ""SE"", ""name"": ""Sweden""}]","[{""english_name"": ""Icelandic"", ""iso_639_1"": ""is"", ""name"": ""\u00cdslenska""}]","[""IS""]","{""id"": 185010, ""name"": ""The Raven Collection"", ""poster_path"": ""/56FkDqYXzq3rkNISdiQPGVOhI4s.jpg"", ""backdrop_path"": ""/byWCrGCqmnnkakdjZdRprnJJB4c.jpg""}"
16855,Urospredere,Urospredere,"Urospredere is a Norwegian documentary on filesharing, with focus on how filesharing could be made legal, which changes would be necessary and how it would work.",,Released,False,False,2009-04-25,0,0,0,0.3017,0.0,0,no,http://www.urospredere.no/,tt2931206,/8eQzqogh0ZDXe5ZFgJluvlUSwbl.jpg,,"[{""id"": 99, ""name"": ""Documentary""}]",[],"[{""iso_3166_1"": ""NO"", ""name"": ""Norway""}]","[{""english_name"": ""Norwegian"", ""iso_639_1"": ""no"", ""name"": ""Norsk""}]","[""NO""]",null
16856,Qlimax 2008,Qlimax 2008,"Qlimax is an annual hardstyle event, held at the Gelredome, in Arnhem, Netherlands. It is one of the leading events within the hardstyle community, and one of the major attractions held by Q-Dance. The Dutch edition of Qlimax is held in the third or fourth weekend of November every year.",Next Dimensional World,Released,False,False,2009-02-26,112,0,0,0.0697,7.5,2,en,http://events.q-dance.nl/2008-11_22-november_qlimax/video/,,/1KxrjeAGDpQHrQO78D39p6tcHq.jpg,,"[{""id"": 10402, ""name"": ""Music""}]",[],[],"[{""english_name"": ""Dutch"", ""iso_639_1"": ""nl"", ""name"": ""Nederlands""}, {""english_name"": ""English"", ""iso_639_1"": ""en"", ""name"": ""English""}]","[""US""]",null
16857,The Dangerous Lives of Altar Boys,The Dangerous Lives of Altar Boys,"A group of Catholic school friends, after being caught drawing an obscene comic book, plan a heist that will outdo their previous prank and make them local legends.","Forgive me father, for I am 14.",Released,False,False,2002-06-14,104,12000000,2036599,1.6439,6.6,170,en,,tt0238924,/4uTWXZ2Rvizl3ycMHtODfRjks4W.jpg,/kukeEqfKiybvnyppV1RilJrbSI9.jpg,"[{""id"": 35, ""name"": ""Comedy""}, {""id"": 18, ""name"": ""Drama""}]","[{""id"": 2231, ""logo_path"": ""/zJBTkTxy0UiQETGRynEqxiFbmL8.png"", ""name"": ""Trilogy Entertainment Group"", ""origin_country"": ""US""}, {""id"": 802, ""logo_path"": null, ""name"": ""Egg Pictures"", ""origin_country"": ""US""}, {""id"": 7380, ""logo_path"": null, ""name"": ""Initial Entertainment Group"", ""origin_country"": ""US""}, {""id"": 446, ""logo_path"": ""/d9EQKqrGy25s61Bsh10nO0BfzPF.png"", ""name"": ""thinkfilm"", ""origin_country"": ""US""}]","[{""iso_3166_1"": ""US"", ""name"": ""United States of America""}]","[{""english_name"": ""English"", ""iso_639_1"": ""en"", ""name"": ""English""}]","[""US""]",null
16858,All That Jazz,All That Jazz,"Joe Gideon is at the top of the heap, one of the most successful directors and choreographers in musical theater. But he can feel his world slowly collapsing around him - his obsession with work has almost destroyed his personal life, and only his bottles of pills keep him going.",Prepare yourself for all that acclaim...,Released,False,False,1979-12-16,123,12000000,37823676,3.7759,7.486,589,en,,tt0078754,/culCEdj4srLljefgn4XKd6k3C5t.jpg,/u218sykbUQIh6EWtTdJzguU5LcG.jpg,"[{""id"": 18, ""name"": ""Drama""}]","[{""id"": 5, ""logo_path"": ""/71BqEFAF4V3qjjMPCpLuyJFB9A.png"", ""name"": ""Columbia Pictures"", ""origin_country"": ""US""}, {""id"": 25, ""logo_path"": ""/qZCc1lty5FzX30aOCVRBLzaVmcp.png"", ""name"": ""20th Century Fox"", ""origin_country"": ""US""}]","[{""iso_3166_1"": ""US"", ""name"": ""United States of America""}]","[{""english_name"": ""English"", ""iso_639_1"": ""en"", ""name"": ""English""}]","[""US""]",null
16859,Kiki's Delivery Service,魔女の宅急便,"A young witch, on her mandatory year of independent life, finds fitting into a new community difficult while she supports herself by running an air courier service.","I was feeling blue, but I'm better now.",Released,False,False,1989-07-29,103,6900000,4493017,12.0645,7.833,4510,ja,https://gkids.com/films/kikis-delivery-service,tt0097814,/Aufa4YdZIv4AXpR9rznwVA5SEfd.jpg,/h5pAEVma835u8xoE60kmLVopLct.jpg,"[{""id"": 16, ""name"": ""Animation""}, {""id"": 10751, ""name"": ""Family""}, {""id"": 14, ""name"": ""Fantasy""}, {""id"": 18, ""name"": ""Drama""}]","[{""id"": 10342, ""logo_path"": ""/uFuxPEZRUcBTEiYIxjHJq62Vr77.png"", ""name"": ""Studio Ghibli"", ""origin_country"": ""JP""}, {""id"": 12516, ""logo_path"": null, ""name"": ""Nibariki"", ""origin_country"": ""JP""}, {""id"": 1779, ""logo_path"": ""/41nGzTdCnORYZIZzaGZtfsBwQCl.png"", ""name"": ""Tokuma Shoten"", ""origin_country"": ""JP""}, {""id"": 6755, ""logo_path"": ""/bWiM2iY82B32NGmPCOFatgfekIR.png"", ""name"": ""Nippon Television Network Corporation"", ""origin_country"": ""JP""}]","[{""iso_3166_1"": ""JP"", ""name"": ""Japan""}]","[{""english_name"": ""Japanese"", ""iso_639_1"": ""ja"", ""name"": ""\u65e5\u672c\u8a9e""}]","[""JP""]",null
16860,RahXephon: Pluralitas Concentio,ラーゼフォン 多元変奏曲,"Ayato and Haruka are middle-school sweethearts whose lives take a dire turn when the mysterious Mu invade Tokyo in the year 2012. Protecting humanity from the Mu may be Ayato's destiny, but what he really wants is to regain the relationship he once had with Haruka... a love that will have to transcend space, time, and reality itself.",,Released,False,False,2003-04-19,120,0,0,3.7763,5.8,13,ja,http://www.mediafactory.co.jp/anime/rahxephon/movie/,tt1047518,/wK8yAt16bfQBaKBatAJxYRdpu9Y.jpg,/nlvmh1r91egemTd1QksOyptHcO7.jpg,"[{""id"": 16, ""name"": ""Animation""}, {""id"": 878, ""name"": ""Science Fiction""}]","[{""id"": 12835, ""logo_path"": null, ""name"": ""Victor Entertainment"", ""origin_country"": ""JP""}, {""id"": 2849, ""logo_path"": ""/cN3JNIKawjOMtfk0GBVIbsx69bg.png"", ""name"": ""BONES"", ""origin_country"": ""JP""}, {""id"": 4720, ""logo_path"": ""/7wQgZTA4FCkFMDedBYVZiVE87c7.png"", ""name"": ""ADK"", ""origin_country"": ""JP""}, {""id"": 3341, ""logo_path"": ""/dTG5dXE1kU2mpmL9BNnraffckLU.png"", ""name"": ""Fuji Television Network"", ""origin_country"": ""JP""}, {""id"": 7967, ""logo_path"": ""/4W9ByL6mMDn9UOHh8oGD36l3BnN.png"", ""name"": ""Media Factory"", ""origin_country"": ""JP""}, {""id"": 192, ""logo_path"": ""/93eAKlnQecDdMtucfOprzcjMw9V.png"", ""name"": ""Shochiku"", ""origin_country"": ""JP""}]","[{""iso_3166_1"": ""JP"", ""name"": ""Japan""}]","[{""english_name"": ""Japanese"", ""iso_639_1"": ""ja"", ""name"": ""\u65e5\u672c\u8a9e""}]","[""JP""]",null
16861,Kicking the Dog,Kicking the Dog,"Twelve friends spend one last great summer together, partying and reminiscing, ultimately realizing they will soon go their separate ways in life",,Released,False,False,2009-04-21,91,72000,0,0.157,3.3,9,en,http://www.kickingthedog.com/,tt1326945,/kow2taH68RPPcGWa8aYK2acQ9xK.jpg,/zCxKnFsFHTI6LwZ7k1QxYdx2uNv.jpg,"[{""id"": 35, ""name"": ""Comedy""}]","[{""id"": 132083, ""logo_path"": null, ""name"": ""Jackbird Productions"", ""origin_country"": """"}]","[{""iso_3166_1"": ""US"", ""name"": ""United States of America""}]","[{""english_name"": ""English"", ""iso_639_1"": ""en"", ""name"": ""English""}]","[""US""]",null
16863,Crash Test Dummies,Crash Test Dummies,"Ana and Nicolae, a young Romanian couple, travel by bus from Bucharest to Vienna with the prospect of making quick money by handing over a stolen car. As soon as they arrive, however, they are reassured that the car is not yet ready for them. Ana then wants to go back to Romania, Nicolae would rather travel further west. They are stuck penniless in Vienna.",,Released,False,False,2005-03-13,93,0,0,0.289,4.7,9,de,,tt0460756,/eYF9k4GItNu4VhnGqKVriuvQ407.jpg,/kYqhV14KPqg9v9w2iSuCG1Z2zSh.jpg,"[{""id"": 18, ""name"": ""Drama""}]",[],"[{""iso_3166_1"": ""AT"", ""name"": ""Austria""}, {""iso_3166_1"": ""DE"", ""name"": ""Germany""}]","[{""english_name"": ""German"", ""iso_639_1"": ""de"", ""name"": ""Deutsch""}, {""english_name"": ""Romanian"", ""iso_639_1"": ""ro"", ""name"": ""Rom\u00e2n\u0103""}]","[""AT""]",null
16864,Meet the Raisins!,Meet the Raisins!,"Meet the Raisins! spoofs musical documentaries with its use of anthropomorphic food characters. Through its historical perspective, the special also provided an opportunity to elaborate on the personalities and introduce names of the simple yet popular characters. It follows the California Raisins' humble beginnings, rise to musical success, fall from stardom, and eventual comeback. This includes ""home movie"" clips, scenes of the group's early days as the Vine-Yls, concert footage, and interviews with the people behind the success of the California Raisins including manager Rudy Begaman. The group is also shown performing various hit songs",,Released,False,False,1988-11-04,34,0,0,0.2972,6.0,6,en,,tt0261062,/bxS3t3ojNpToYgWRxq7EwawrDKK.jpg,/iZwiizLT2L29rKHvIcz4ZBxyEyn.jpg,"[{""id"": 16, ""name"": ""Animation""}, {""id"": 35, ""name"": ""Comedy""}, {""id"": 10402, ""name"": ""Music""}]","[{""id"": 1515, ""logo_path"": ""/bU7G4LZfEk9SxlnlU7uUdRgOmja.png"", ""name"": ""Will Vinton Studios"", ""origin_country"": ""US""}]",[],"[{""english_name"": ""English"", ""iso_639_1"": ""en"", ""name"": ""English""}]","[""US""]","{""id"": 1499933, ""name"": ""California Raisins Collection"", ""poster_path"": null, ""backdrop_path"": null}"
16865,Raisins Sold Out: The California Raisins II,Raisins Sold Out: The California Raisins II,"This special has the band hiring a slick-talking new manager in an attempt to make a comeback. Under his guidance, the Raisins try their hand at various new musical genres, including Disco Polka, Country Rap, and Demolition Rock, to humorous effect. The group's troubles begin to manifest, however, upon the replacement of singer A.C. with their manager's young protégé",,Released,False,False,1990-09-01,24,0,0,0.583,7.0,1,en,,tt0261220,/adSVNeSixRUh5UElMoGcezGpaFt.jpg,/fnBIX8wixj7aMdsIXPnBLpeSEeG.jpg,"[{""id"": 16, ""name"": ""Animation""}, {""id"": 35, ""name"": ""Comedy""}, {""id"": 10402, ""name"": ""Music""}]","[{""id"": 1515, ""logo_path"": ""/bU7G4LZfEk9SxlnlU7uUdRgOmja.png"", ""name"": ""Will Vinton Studios"", ""origin_country"": ""US""}]","[{""iso_3166_1"": ""US"", ""name"": ""United States of America""}]","[{""english_name"": ""English"", ""iso_639_1"": ""en"", ""name"": ""English""}]","[""US""]","{""id"": 1499933, ""name"": ""California Raisins Collection"", ""poster_path"": null, ""backdrop_path"": null}"
16866,Planet 51,Planet 51,"When Earth astronaut Capt. Chuck Baker arrives on Planet 51 -- a world reminiscent of American suburbia circa 1950 -- he tries to avoid capture, recover his spaceship and make it home safely, all with the help of an empathetic little green being.",Something strange is coming to their planet...Us!,Released,False,False,2009-11-19,91,70000000,104945765,4.1686,5.9,2140,en,http://www.sonypictures.com/movies/planet51/,tt0762125,/x7Itcg3ZdExKwdKguy73WPEqosW.jpg,/wk7R89u4l3AC3PRg7Abac2IJ5Ky.jpg,"[{""id"": 16, ""name"": ""Animation""}, {""id"": 10751, ""name"": ""Family""}, {""id"": 35, ""name"": ""Comedy""}, {""id"": 878, ""name"": ""Science Fiction""}, {""id"": 12, ""name"": ""Adventure""}]","[{""id"": 5653, ""logo_path"": ""/lJj4v0DWNy7f0jJKA26Bhz4yjgk.png"", ""name"": ""Ilion Animation Studios"", ""origin_country"": ""ES""}, {""id"": 20076, ""logo_path"": ""/ed9JyPNLqNOyJBJlDuv138sm1ES.png"", ""name"": ""Handmade Films"", ""origin_country"": ""GB""}, {""id"": 29566, ""logo_path"": ""/wHbtRtUnXGNzX0riQIpq1fcgueq.png"", ""name"": ""Atresmedia"", ""origin_country"": ""ES""}]","[{""iso_3166_1"": ""ES"", ""name"": ""Spain""}, {""iso_3166_1"": ""GB"", ""name"": ""United Kingdom""}]","[{""english_name"": ""English"", ""iso_639_1"": ""en"", ""name"": ""English""}]","[""ES""]",null
16867,Gardens of the Night,Gardens of the Night,"After being abducted as children, and suffering years of abuse, a teenage boy and girl find themselves living on the street.",,Released,False,False,2008-11-21,110,0,0,1.6735,6.2,80,en,,tt0833960,/bhaR49fQIoXZ13MSed8os1R3Z4A.jpg,/hX1WMUvS9KHESbFoxvcRmkSQCCo.jpg,"[{""id"": 80, ""name"": ""Crime""}, {""id"": 18, ""name"": ""Drama""}]","[{""id"": 20573, ""logo_path"": null, ""name"": ""Station3"", ""origin_country"": """"}, {""id"": 21065, ""logo_path"": null, ""name"": ""Fastback Pictures"", ""origin_country"": """"}, {""id"": 4656, ""logo_path"": null, ""name"": ""Shoot Productions"", ""origin_country"": """"}, {""id"": 21066, ""logo_path"": null, ""name"": ""La Nuit Americaine"", ""origin_country"": """"}, {""id"": 13923, ""logo_path"": ""/wobbHfqb8lIBcsUxMOQEgMdVqsQ.png"", ""name"": ""Sobini Films"", ""origin_country"": ""US""}]","[{""iso_3166_1"": ""GB"", ""name"": ""United Kingdom""}, {""iso_3166_1"": ""US"", ""name"": ""United States of America""}]","[{""english_name"": ""English"", ""iso_639_1"": ""en"", ""name"": ""English""}]","[""US"", ""GB""]",null
16869,Inglourious Basterds,Inglourious Basterds,"In Nazi-occupied France during World War II, a group of Jewish-American soldiers known as ""The Basterds"" are chosen specifically to spread fear throughout the Third Reich by scalping and brutally killing Nazis. The Basterds, lead by Lt. Aldo Raine soon cross paths with a French-Jewish teenage girl who runs a movie theater in Paris which is targeted by the soldiers.",Once upon a time in Nazi occupied France...,Released,False,False,2009-08-02,153,70000000,321457747,17.6202,8.216,23968,en,,tt0361748,/7sfbEnaARXDDhKm0CZ7D7uc2sbo.jpg,/hwNtEmmugU5Yd7hpfprNWI0DGIn.jpg,"[{""id"": 18, ""name"": ""Drama""}, {""id"": 53, ""name"": ""Thriller""}, {""id"": 10752, ""name"": ""War""}]","[{""id"": 33, ""logo_path"": ""/8lvHyhjr8oUKOOy2dKXoALWKdp0.png"", ""name"": ""Universal Pictures"", ""origin_country"": ""US""}, {""id"": 308, ""logo_path"": ""/e8F3mQM7DkJ5SfYYDp8FYzPBOGX.png"", ""name"": ""The Weinstein Company"", ""origin_country"": ""US""}, {""id"": 59, ""logo_path"": ""/b1tj5EWcFQLYaQrw1D9V4s8kUgN.png"", ""name"": ""A Band Apart"", ""origin_country"": ""US""}, {""id"": 6817, ""logo_path"": null, ""name"": ""Zehnte Babelsberg Film"", ""origin_country"": ""DE""}, {""id"": 6818, ""logo_path"": null, ""name"": ""Visiona Romantica"", ""origin_country"": ""US""}]","[{""iso_3166_1"": ""DE"", ""name"": ""Germany""}, {""iso_3166_1"": ""US"", ""name"": ""United States of America""}]","[{""english_name"": ""German"", ""iso_639_1"": ""de"", ""name"": ""Deutsch""}, {""english_name"": ""English"", ""iso_639_1"": ""en"", ""name"": ""English""}, {""english_name"": ""French"", ""iso_639_1"": ""fr"", ""name"": ""Fran\u00e7ais""}, {""english_name"": ""Italian"", ""iso_639_1"": ""it"", ""name"": ""Italiano""}]","[""US""]",null
16871,Drag Me to Hell,Drag Me to Hell,"After denying a woman the extension she needs to keep her home, loan officer Christine Brown sees her once-promising life take a startling turn for the worse. Christine is convinced she's been cursed by a Gypsy, but her boyfriend is skeptical. Her only hope seems to lie in a psychic who claims he can help her lift the curse and keep her soul from being dragged straight to hell.","Christine Brown has a good job, a great boyfriend, and a bright future. But in three days, she's going to hell.",Released,False,False,2009-05-27,99,30000000,91388487,6.8979,6.475,4039,en,,tt1127180,/fdyejM5Zd6dsa0YyWa02ZAKwQzK.jpg,/3tvwsRSIDgwJuaGdh67XZ942UMy.jpg,"[{""id"": 27, ""name"": ""Horror""}, {""id"": 53, ""name"": ""Thriller""}]","[{""id"": 33, ""logo_path"": ""/8lvHyhjr8oUKOOy2dKXoALWKdp0.png"", ""name"": ""Universal Pictures"", ""origin_country"": ""US""}, {""id"": 768, ""logo_path"": ""/mh0PD5vYwRIL5FoN9vgF2ULokSV.png"", ""name"": ""Ghost House Pictures"", ""origin_country"": ""US""}, {""id"": 11250, ""logo_path"": null, ""name"": ""Buckaroo Entertainment"", ""origin_country"": """"}, {""id"": 11630, ""logo_path"": null, ""name"": ""Curse Productions"", ""origin_country"": """"}, {""id"": 771, ""logo_path"": ""/fQpEeXgCVsXQkVVFMMjrrkOFja3.png"", ""name"": ""Mandate Pictures"", ""origin_country"": ""US""}]","[{""iso_3166_1"": ""US"", ""name"": ""United States of America""}]","[{""english_name"": ""English"", ""iso_639_1"": ""en"", ""name"": ""English""}, {""english_name"": ""Spanish"", ""iso_639_1"": ""es"", ""name"": ""Espa\u00f1ol""}, {""english_name"": ""Hungarian"", ""iso_639_1"": ""hu"", ""name"": ""Magyar""}, {""english_name"": ""Czech"", ""iso_639_1"": ""cs"", ""name"": ""\u010cesk\u00fd""}]","[""US""]",null
16873,Battle for Terra,Battle for Terra,"A peaceful alien planet faces annihilation, as the homeless remainder of the human race sets its eyes on Terra. Mala, a rebellious Terrian teenager, will do everything she can to stop it.",Their world is mankind's only hope for survival.,Released,False,False,2007-09-06,85,4000000,6101046,2.6725,6.138,298,en,http://www.battleforterra.com/,tt0858486,/iAcPYIsYwFqAyY7KctWkkdkJGhI.jpg,/zRHVwKp1rwevnf9HRP2UVhXgdNp.jpg,"[{""id"": 28, ""name"": ""Action""}, {""id"": 12, ""name"": ""Adventure""}, {""id"": 16, ""name"": ""Animation""}, {""id"": 878, ""name"": ""Science Fiction""}]","[{""id"": 3223, ""logo_path"": null, ""name"": ""MeniThings Productions"", ""origin_country"": ""US""}, {""id"": 15159, ""logo_path"": ""/cGTfEb0nXk4qM3jOA6ESepgDwhZ.png"", ""name"": ""Snoot Entertainment"", ""origin_country"": ""US""}, {""id"": 7437, ""logo_path"": ""/e5CcgFrdlxMUwlsS72si8q1yHBr.png"", ""name"": ""IM Global"", ""origin_country"": ""US""}]","[{""iso_3166_1"": ""US"", ""name"": ""United States of America""}]","[{""english_name"": ""English"", ""iso_639_1"": ""en"", ""name"": ""English""}]","[""US""]",null
16874,The Wog Boy,The Wog Boy,"Steve liked Celia from the moment they met. But following a clash with her boss, Raelene Beagle-Thorpe, Minister for Employment, he finds himself on national television branded as Australia's biggest dole bludger. Now Steve has to prove to Celia, to himself, and to the whole country, that there's more to him than meets the eye. With a little help from his friends, he might just do it.",,Released,False,False,2000-02-24,92,0,0,0.8467,5.6,26,en,,tt0216417,/jUAyxboNsMmw7crA5XHa3rWUXQ3.jpg,/9KVToOdmf1hyi2hV4B2FAIoRgs3.jpg,"[{""id"": 35, ""name"": ""Comedy""}]","[{""id"": 11840, ""logo_path"": ""/8oyCRYf6ezxB5h8HJIPVG8JjzgL.png"", ""name"": ""Film Victoria"", ""origin_country"": ""AU""}, {""id"": 3224, ""logo_path"": null, ""name"": ""Third Costa"", ""origin_country"": """"}, {""id"": 90114, ""logo_path"": null, ""name"": ""G.O. Films"", ""origin_country"": ""AU""}, {""id"": 1380, ""logo_path"": ""/y4JH9ncZJAFJGYWK84k1dmXnsw0.png"", ""name"": ""Australian Film Finance Corporation"", ""origin_country"": ""AU""}]","[{""iso_3166_1"": ""AU"", ""name"": ""Australia""}]","[{""english_name"": ""English"", ""iso_639_1"": ""en"", ""name"": ""English""}]","[""AU"", ""US""]","{""id"": 426370, ""name"": ""The Wog Boy Collection"", ""poster_path"": ""/q7eiDzbwLnvC5sKc2w1BHs6fW2a.jpg"", ""backdrop_path"": ""/qjouZ4HddHXpwTAsxwjdWl9eXaD.jpg""}"
16875,Cheats,Cheats,"While other kids buy into countless hours of studying just so they can get a mark in some teacher's report book, Handsome Davis sees it as nothing more than a system of control over your mind. That's why Handsome and his three best friends Sammy, Victor and the cribsheet genius Applebee have banded together and found ways to cheat on their tests all through their school years.","Where there's a will there's an ""A""",Released,False,False,2002-10-31,86,0,0,1.9428,5.3,76,en,,tt0250292,/fHvZndfliyf7TNTu1civhu4Lq8L.jpg,/ppkPKckjePdzEXhlyj6h1Wv848.jpg,"[{""id"": 35, ""name"": ""Comedy""}]","[{""id"": 816, ""logo_path"": ""/clHWF65sRcLnCTCN3ie2ScLD3qM.png"", ""name"": ""FilmEngine"", ""origin_country"": """"}, {""id"": 12, ""logo_path"": ""/2ycs64eqV5rqKYHyQK0GVoKGvfX.png"", ""name"": ""New Line Cinema"", ""origin_country"": ""US""}, {""id"": 6363, ""logo_path"": null, ""name"": ""BenderSpink"", ""origin_country"": ""US""}]","[{""iso_3166_1"": ""CA"", ""name"": ""Canada""}]","[{""english_name"": ""English"", ""iso_639_1"": ""en"", ""name"": ""English""}]","[""CA"", ""US""]",null
16876,Bang Bang You're Dead,Bang Bang You're Dead,A troubled and bullied high school student fights against judgement from his community after threatening to bomb the football team.,What some kids keep inside is beyond words,Released,False,False,2003-06-11,89,0,0,1.0979,7.099,161,en,,tt0288439,/647kfvUPkDBXtIHQEhInJR2LUyX.jpg,/ycWeCUOwWpAeyGeEfkiF4FGcBOV.jpg,"[{""id"": 18, ""name"": ""Drama""}, {""id"": 53, ""name"": ""Thriller""}]","[{""id"": 4369, ""logo_path"": ""/9IOys9AslGUqSDk7SJhWkdEgTlX.png"", ""name"": ""Legacy Filmworks"", ""origin_country"": ""CA""}, {""id"": 3225, ""logo_path"": null, ""name"": ""Every Guy Productions"", ""origin_country"": """"}, {""id"": 4343, ""logo_path"": ""/rXq1B1Hnkdnw6soz1zoGcslK3wb.png"", ""name"": ""Showtime Networks"", ""origin_country"": ""US""}, {""id"": 12077, ""logo_path"": ""/s6p5INYKlo6gD6RFXlm9ACA2VVj.png"", ""name"": ""Viacom Productions"", ""origin_country"": ""US""}, {""id"": 101001, ""logo_path"": null, ""name"": ""Jersey Guys Productions"", ""origin_country"": """"}, {""id"": 8920, ""logo_path"": null, ""name"": ""Viacom International Inc."", ""origin_country"": """"}]","[{""iso_3166_1"": ""US"", ""name"": ""United States of America""}]","[{""english_name"": ""English"", ""iso_639_1"": ""en"", ""name"": ""English""}]","[""CA"", ""US""]",null
16877,The 39 Steps,The 39 Steps,"Richard Hannay, a mining engineer on holiday from the African colonies, finds London socialite life terribly dull. Yet it's more than he bargained for when a secret agent bursts into his room and entrusts him with a coded notebook, concerning the impending start of World War I. In no time both German agents and the British law are chasing him, ruthlessly coveting the Roman numerals code, which Hannay believes he must personally crack.",,Released,False,False,2008-12-28,90,0,0,1.4638,6.6,26,en,,tt1282016,/8N537ufRENaGUEJR0JTrRoK93rR.jpg,/2hMqrgSN10iwOZJyl1ZIt6b4Zdb.jpg,"[{""id"": 53, ""name"": ""Thriller""}, {""id"": 9648, ""name"": ""Mystery""}, {""id"": 12, ""name"": ""Adventure""}, {""id"": 10770, ""name"": ""TV Movie""}]","[{""id"": 3324, ""logo_path"": ""/dqT3yOTlfJRmtvk52Ccd1O6dZ0A.png"", ""name"": ""BBC"", ""origin_country"": ""GB""}]","[{""iso_3166_1"": ""GB"", ""name"": ""United Kingdom""}]","[{""english_name"": ""German"", ""iso_639_1"": ""de"", ""name"": ""Deutsch""}, {""english_name"": ""English"", ""iso_639_1"": ""en"", ""name"": ""English""}]","[""GB""]",null
16878,Saving God,Saving God,"Ex Con Armstrong Cane (Ving Rhames) returns to home a changed man looking to take over his father's old church and congregation. The neighborhood though is full of drugs and gangs. Those who are able are leaving for more prosperous areas and falling in with a slick preacher (Ricardo Chivara). Even with a dangerous gang leader (Dean McDermott) threatening his flock, Armstrong won't give up.",,Released,False,False,2008-10-14,101,0,0,2.3321,5.3,20,en,http://www.savinggodmovie.com,tt1187046,/q16Hoe5oqE9rRxakSzNikqFvy3P.jpg,,"[{""id"": 80, ""name"": ""Crime""}, {""id"": 18, ""name"": ""Drama""}]","[{""id"": 3227, ""logo_path"": null, ""name"": ""Clear Entertainment"", ""origin_country"": """"}, {""id"": 3226, ""logo_path"": ""/ayMfePnYAu4QnK2eHz7MdS362k1.png"", ""name"": ""Cloud Ten Pictures"", ""origin_country"": ""CA""}]","[{""iso_3166_1"": ""CA"", ""name"": ""Canada""}]","[{""english_name"": ""English"", ""iso_639_1"": ""en"", ""name"": ""English""}, {""english_name"": ""Portuguese"", ""iso_639_1"": ""pt"", ""name"": ""Portugu\u00eas""}]","[""US"", ""CA""]",null
16881,2 Hitmen,2 Hitmen,"Two odd-ball best friends lead a team of wanna-be hitmen as they attempt to become something more in their lives. They will practice and train to be the best hitmen possible, but at the end of the day. They stumble their way into trouble and learn the hard way about the world of killing for hire.",,Released,False,False,2007-11-11,86,0,0,0.0286,2.5,2,en,,tt1105716,/wOr956CnyxtoyAGWH498Ge0Glpj.jpg,,"[{""id"": 35, ""name"": ""Comedy""}]",[],"[{""iso_3166_1"": ""US"", ""name"": ""United States of America""}]","[{""english_name"": ""English"", ""iso_639_1"": ""en"", ""name"": ""English""}]","[""US""]",null
16882,The Guard Post,GP506,A small band of Korean soldiers is sent to patrol near a guard post and they find corpses scattered all over the area. They launch an investigation to find the truth behind the mystery.,I have to end this myself.,Released,False,False,2008-04-03,121,0,0,2.2607,5.4,69,ko,,tt1064953,/2UxvS5BzKQepzJnCushZCSYoGTI.jpg,/3KlJThMkFl5XEZZoV7rA5VVbOg5.jpg,"[{""id"": 27, ""name"": ""Horror""}, {""id"": 9648, ""name"": ""Mystery""}]","[{""id"": 3228, ""logo_path"": null, ""name"": ""Motis Productions"", ""origin_country"": """"}, {""id"": 7819, ""logo_path"": ""/ghFZAt4edln0M7BzDExyYMzUGX1.png"", ""name"": ""Lotte Entertainment"", ""origin_country"": ""KR""}, {""id"": 81594, ""logo_path"": null, ""name"": ""Michigan Venture Capital"", ""origin_country"": ""KR""}, {""id"": 129499, ""logo_path"": null, ""name"": ""Boston Investments"", ""origin_country"": ""KR""}, {""id"": 3491, ""logo_path"": ""/hXRKXi3M9qfP4Npi1kjAaH4eGnM.png"", ""name"": ""Showbox"", ""origin_country"": ""KR""}]","[{""iso_3166_1"": ""KR"", ""name"": ""South Korea""}]","[{""english_name"": ""Korean"", ""iso_639_1"": ""ko"", ""name"": ""\ud55c\uad6d\uc5b4/\uc870\uc120\ub9d0""}]","[""KR""]",null
16884,Anders Matthesen - Anden på coke?,Anders Matthesen - Anden på coke?,"The latest stand-up from Denmark's biggest comedian. ""Anden paa coke?"" toured the country in 2006 and was seen live by over 100,000 people. Anden takes the stand-up comedy genre to a level never before seen in Denmark. There are backdrops, there is scenography, there is multimedia, but at its core, it is still just stand-up comedy at its very best!",,Released,False,False,2006-11-14,112,0,0,0.298,6.9,18,da,,tt0949330,/lyk3QbRp9KWsidzGvUd4BvTL7Ak.jpg,/1gCFmAOu86UeNOcnjlqYCokGii2.jpg,"[{""id"": 35, ""name"": ""Comedy""}]","[{""id"": 3229, ""logo_path"": ""/bIpZCDcKurk3D6krj347qJY1UO3.png"", ""name"": ""FBI Productions"", ""origin_country"": ""DK""}]","[{""iso_3166_1"": ""DK"", ""name"": ""Denmark""}]","[{""english_name"": ""Danish"", ""iso_639_1"": ""da"", ""name"": ""Dansk""}]","[""DK""]",null
16885,The General,The General,"The real-life story of Dublin folk hero and criminal Martin Cahill, who pulled off two daring robberies in Ireland with his team, but attracted unwanted attention from the police, the I.R.A., the U.V.F., and members of his own team.","The extraordinary true story of the rise and fall of the gangster, Martin Cahill.",Released,False,False,1998-05-01,124,0,1214198,1.6149,6.694,124,en,,tt0120706,/3UUR2Evm2JtC2odd2UMYgs9Yi1x.jpg,/2jY2PNtMalZbyZjQpGVzL7wP1AR.jpg,"[{""id"": 80, ""name"": ""Crime""}, {""id"": 18, ""name"": ""Drama""}]","[{""id"": 3201, ""logo_path"": null, ""name"": ""Merlin Films"", ""origin_country"": ""IE""}, {""id"": 3230, ""logo_path"": null, ""name"": ""J & M"", ""origin_country"": """"}, {""id"": 1898, ""logo_path"": ""/8ix6SGlJiyuUDxLBtY8E0PY2G7w.png"", ""name"": ""F\u00eds \u00c9ireann/Screen Ireland"", ""origin_country"": ""IE""}]","[{""iso_3166_1"": ""IE"", ""name"": ""Ireland""}, {""iso_3166_1"": ""GB"", ""name"": ""United Kingdom""}]","[{""english_name"": ""English"", ""iso_639_1"": ""en"", ""name"": ""English""}]","[""IE"", ""US""]",null
16886,Frankie Is a Womanizer,František je děvkař,"Frantisek Soukenický is a psychiatrist with an apparent life in order ... until the appearance of a former lover scorned. She ends her career and Frantisek ends without a job, his wife (who left him for another man) and homeless. He doesn´t have choice but to start from scratch, and know that everything that happened was his fault. Abandonment, reunions, commitment and the suffering caused certain relationships when they reach their final part of this film that combines drama with dry humor.",,Released,False,False,2008-06-05,81,0,0,0.4219,5.0,6,cs,http://www.frantisekjedevkar.cz/,tt1318023,/bpn5bXRyckG9YCgkkNLBOvAwOwU.jpg,/72kKkWyf7EGM0HAQFTQlhUEds1p.jpg,"[{""id"": 35, ""name"": ""Comedy""}]","[{""id"": 6221, ""logo_path"": null, ""name"": ""Evolution Films"", ""origin_country"": ""CZ""}, {""id"": 6222, ""logo_path"": ""/lMSKOpqzE0LTlWkjS562SRU4rkH.png"", ""name"": ""Avion Film & Sound"", ""origin_country"": ""CZ""}]","[{""iso_3166_1"": ""CZ"", ""name"": ""Czech Republic""}]","[{""english_name"": ""Czech"", ""iso_639_1"": ""cs"", ""name"": ""\u010cesk\u00fd""}]","[""CZ""]",null
16887,Destiny Ride,Sans état d'âme,"Une prostituée de luxe, un juge d'instruction arriviste, une journaliste idéaliste... Trois cultures différentes, trois êtres n'ayant pas les mêmes valeurs. A travers une histoire et un milieu où la vérité n'est pas toujours belle à connaître, l'amour que ces trois personnes éprouvent les uns pour les autres va devenir meurtrier.",,Released,False,False,2008-04-02,97,0,0,0.409,5.3,5,fr,,tt1064980,/nyzbCqXk1vWmnzQ9aPb6nJFci0D.jpg,,"[{""id"": 9648, ""name"": ""Mystery""}, {""id"": 80, ""name"": ""Crime""}, {""id"": 18, ""name"": ""Drama""}]",[],[],[],"[""FR""]",null
16888,The Ladies Man,The Ladies Man,"Because of his salacious language, late-night radio advice-show host Leon Phelps, along with his sweet and loyal producer Julie, is fired from his Chicago gig. Leon gets a letter from a former lover promising a life of wealth, but he doesn't know who she is. Can Leon find his secret sugar-mama? What about Julie?",He's cool. He's clean. He's a love machine.,Released,False,False,2000-10-13,84,24000000,13700000,2.2521,5.3,148,en,,tt0213790,/kKMhGSwydCVjrOWwggDlSvcgzCl.jpg,/lzWnfs5cR7JYjP7zrvNdD4hxrCz.jpg,"[{""id"": 35, ""name"": ""Comedy""}]","[{""id"": 2822, ""logo_path"": ""/db94bUlhu5GH7KB7IHofCyix66K.png"", ""name"": ""SNL Studios"", ""origin_country"": ""US""}, {""id"": 4, ""logo_path"": ""/jay6WcMgagAklUt7i9Euwj1pzTF.png"", ""name"": ""Paramount Pictures"", ""origin_country"": ""US""}]","[{""iso_3166_1"": ""US"", ""name"": ""United States of America""}]","[{""english_name"": ""English"", ""iso_639_1"": ""en"", ""name"": ""English""}]","[""US""]",null
16889,Revenge of the Nerds II: Nerds in Paradise,Revenge of the Nerds II: Nerds in Paradise,"The members of the Lambda Lambda Lambda fraternity travel to Fort Lauderdale for a fraternity conference. They'll have to beat off the attacks of their rival frat, the Alphas, if they want to maintain their self-respect -- and, of course, if they want to get anywhere with the pretty girls!",They're back!,Released,False,False,1987-07-10,98,0,22642033,2.0856,5.6,296,en,,tt0093857,/cza5sS7AzexM4rLQSvfGzGX8a3N.jpg,/vlQmG535T1De6ImZHjFhgbmDmrn.jpg,"[{""id"": 35, ""name"": ""Comedy""}]","[{""id"": 5264, ""logo_path"": null, ""name"": ""American Entertainment Partners L.P."", ""origin_country"": ""US""}, {""id"": 10201, ""logo_path"": ""/cgmwywVZ9NvAidd6Pn7p0CBYQkW.png"", ""name"": ""Interscope Communications"", ""origin_country"": ""US""}, {""id"": 5263, ""logo_path"": null, ""name"": ""Amercent Films"", ""origin_country"": """"}, {""id"": 25, ""logo_path"": ""/qZCc1lty5FzX30aOCVRBLzaVmcp.png"", ""name"": ""20th Century Fox"", ""origin_country"": ""US""}]","[{""iso_3166_1"": ""US"", ""name"": ""United States of America""}]","[{""english_name"": ""English"", ""iso_639_1"": ""en"", ""name"": ""English""}]","[""US""]","{""id"": 48190, ""name"": ""Revenge of the Nerds Collection"", ""poster_path"": ""/s7O0zl29ngkFVqrMrqKU9p72gJX.jpg"", ""backdrop_path"": ""/jFfYhKpBQ1u5xKbTMJOdHzdWnHN.jpg""}"
16890,The Guitar,The Guitar,"The life of a woman is transformed after she is diagnosed with a terminal disease, fired from her job and abandoned by her boyfriend. Given two months to live, she throws caution to the wind to pursue her dreams.",,Released,False,False,2008-11-07,95,0,0,1.3407,5.5,52,en,http://www.theguitarthemovie.com/,tt0942891,/ziFNRplx5VuteBHnUODL7pth1xi.jpg,/xoyFxI9QRWqj0tnFQVH9vSE559c.jpg,"[{""id"": 10749, ""name"": ""Romance""}, {""id"": 18, ""name"": ""Drama""}, {""id"": 10402, ""name"": ""Music""}]","[{""id"": 54814, ""logo_path"": null, ""name"": ""Breakout Pictures"", ""origin_country"": """"}, {""id"": 3231, ""logo_path"": null, ""name"": ""Apple Creek Productions"", ""origin_country"": """"}, {""id"": 18666, ""logo_path"": null, ""name"": ""Cold Fusion Media Group"", ""origin_country"": """"}, {""id"": 23058, ""logo_path"": null, ""name"": ""Artists / Media Cooperation"", ""origin_country"": """"}, {""id"": 54818, ""logo_path"": null, ""name"": ""RedGuitar"", ""origin_country"": """"}]","[{""iso_3166_1"": ""US"", ""name"": ""United States of America""}]","[{""english_name"": ""Punjabi"", ""iso_639_1"": ""pa"", ""name"": ""\u0a2a\u0a70\u0a1c\u0a3e\u0a2c\u0a40""}, {""english_name"": ""Mandarin"", ""iso_639_1"": ""zh"", ""name"": ""\u666e\u901a\u8bdd""}, {""english_name"": ""English"", ""iso_639_1"": ""en"", ""name"": ""English""}]","[""US""]",null
16891,Nems Bond,نمس بوند,"Sherif Bond (Hany Ramzy) is a policeman who is assigned a murder investigation case. When he meets the beautiful brunette, Nour (Dolly Shahin) the widow of the deceased, and despite his little experience in cases like this one, he gets exceptionally motivated to solve the case.",,Released,False,False,2008-02-06,115,0,0,0.9282,4.9,13,ar,,tt1596777,/x2jRkqxWSjsjL7cHeUzoauhKUUm.jpg,/7hB9tSVaCJHgEU2JGOYmjeyHe8L.jpg,"[{""id"": 35, ""name"": ""Comedy""}, {""id"": 28, ""name"": ""Action""}]",[],"[{""iso_3166_1"": ""EG"", ""name"": ""Egypt""}]","[{""english_name"": ""Arabic"", ""iso_639_1"": ""ar"", ""name"": ""\u0627\u0644\u0639\u0631\u0628\u064a\u0629""}]","[""EG""]",null
16894,Akele Hum Akele Tum,अकेले हम अकेले तुम,"Rohit and wealthy Kiran Dayal meet each other and fall in love. They intend to marry, but Kiran's parents will not permit her to marry beneath her class. Kiran is adamant, and the marriage goes through without the blessings of the Dayals. They live in harmony for months, even after Kiran gives birth to Sunil. Then they start to have differences, which are minor at present, and then snowball...",,Released,False,False,1995-11-30,160,0,0,1.2086,6.536,42,hi,,tt0112313,/xpCbEiAstlOOIhjbQhQrTHF4ZEg.jpg,/3YWSWnRUGlt3DDb37mQ81TfFJbQ.jpg,"[{""id"": 18, ""name"": ""Drama""}]",[],"[{""iso_3166_1"": ""IN"", ""name"": ""India""}]","[{""english_name"": ""Hindi"", ""iso_639_1"": ""hi"", ""name"": ""\u0939\u093f\u0928\u094d\u0926\u0940""}]","[""IN""]",null
16899,Easy Virtue,Easy Virtue,"A young Englishman marries a glamorous American. When he brings her home to meet the parents, she arrives like a blast from the future - blowing their entrenched British stuffiness out the window.",Let's Misbehave!,Released,False,False,2008-11-07,93,0,0,1.8729,6.448,450,en,http://www.easyvirtuethemovie.co.uk/,tt0808244,/k9bGewoi6SWPTFQfUbn6ve06TY9.jpg,/yxpWmblcrFeX0uLvDbLJYBJqYvy.jpg,"[{""id"": 35, ""name"": ""Comedy""}, {""id"": 10749, ""name"": ""Romance""}]","[{""id"": 2650, ""logo_path"": ""/sDWe94w5fuyfgfRKc3N27CSJvsD.png"", ""name"": ""Ealing Studios"", ""origin_country"": ""GB""}, {""id"": 2651, ""logo_path"": ""/rmfShgOyHdGSljYXcvZsbVGSRGV.png"", ""name"": ""Fragile Films"", ""origin_country"": ""GB""}, {""id"": 1205, ""logo_path"": ""/wQX3t4qtxm7gBQE3RHuoLghgb73.png"", ""name"": ""Endgame Entertainment"", ""origin_country"": ""US""}, {""id"": 288, ""logo_path"": ""/aW0IpM9d4Zjj978EqgDVSxXXhTj.png"", ""name"": ""BBC Film"", ""origin_country"": ""GB""}, {""id"": 23068, ""logo_path"": null, ""name"": ""Joe Abrams Productions"", ""origin_country"": """"}, {""id"": 3539, ""logo_path"": ""/fcIK6o3OYB5LZcy0ir6yPlZtwk4.png"", ""name"": ""Odyssey Entertainment"", ""origin_country"": ""GB""}, {""id"": 6901, ""logo_path"": null, ""name"": ""Prescience"", ""origin_country"": ""GB""}]","[{""iso_3166_1"": ""CA"", ""name"": ""Canada""}, {""iso_3166_1"": ""GB"", ""name"": ""United Kingdom""}]","[{""english_name"": ""English"", ""iso_639_1"": ""en"", ""name"": ""English""}]","[""CA"", ""US"", ""GB""]",null
16900,Truth In 24,Truth In 24,"It's 24 hours of pure exhilaration, complete exhaustion, and it's not for the faint of heart or the ill-prepared. It is the legendary 24 Hours of Le Mans. But before you win it, you have to master finishing it. This film chronicles the dedication, the determination and the spirit required to not just survive 3,000 grueling miles, but to be in a position to win one of the greatest races in history.",,Released,False,False,2008-10-25,95,0,0,0.6993,6.9,16,en,,tt1320302,/wLiHPyV6yUhBWUL3iX0TZMMkSQg.jpg,/boET2fgExdaOfojez5VKQqAoKAs.jpg,"[{""id"": 99, ""name"": ""Documentary""}]","[{""id"": 3232, ""logo_path"": ""/8KtxMsWLOK6zDTNAfi75yg2QvSt.png"", ""name"": ""NFL Films"", ""origin_country"": ""US""}, {""id"": 3233, ""logo_path"": null, ""name"": ""Intersport Television"", ""origin_country"": """"}]","[{""iso_3166_1"": ""US"", ""name"": ""United States of America""}]","[{""english_name"": ""English"", ""iso_639_1"": ""en"", ""name"": ""English""}]","[""US""]","{""id"": 1504177, ""name"": ""Truth In 24 Collection"", ""poster_path"": ""/9nDB2HpYDGlO7Gr0eeasguM8XRo.jpg"", ""backdrop_path"": null}"
16901,Truman,Truman,"Biographical account of America's President for the latter part of WWII. Shows Truman's rise from small-town nobody to leader of the USA, his decision to use the Atomic Bomb against Japan, and subsequent election as the US' post-war President.",,Released,False,False,1995-09-09,135,8000000,0,1.3269,7.6,16,en,,tt0114738,/4SW6da4XjxLGlRVS079O1ORpjqk.jpg,/xZRuns3IlPxnzpHhbscAOLyiwNr.jpg,"[{""id"": 18, ""name"": ""Drama""}, {""id"": 10770, ""name"": ""TV Movie""}]","[{""id"": 705, ""logo_path"": null, ""name"": ""Spring Creek Pictures"", ""origin_country"": ""US""}, {""id"": 7429, ""logo_path"": ""/6in9uMqxXEHx5XgYgkeRBpZ4rPw.png"", ""name"": ""HBO Films"", ""origin_country"": ""US""}]","[{""iso_3166_1"": ""US"", ""name"": ""United States of America""}]","[{""english_name"": ""English"", ""iso_639_1"": ""en"", ""name"": ""English""}]","[""US""]",null
16902,The Private Lives of Elizabeth and Essex,The Private Lives of Elizabeth and Essex,This period drama frames the tumultuous affair between Queen Elizabeth I and the man who would be King of England.,Elizabeth I's love for the Earl of Essex threatens to destroy her kingdom.,Released,False,False,1939-11-11,106,0,0,1.9947,6.287,94,en,,tt0031826,/76UbFh03IvO8fwD8MywFpdfUCcj.jpg,/cK2zBicZsxa998cd81Qj6sv0WWi.jpg,"[{""id"": 18, ""name"": ""Drama""}, {""id"": 36, ""name"": ""History""}, {""id"": 10749, ""name"": ""Romance""}]","[{""id"": 174, ""logo_path"": ""/zhD3hhtKB5qyv7ZeL4uLpNxgMVU.png"", ""name"": ""Warner Bros. Pictures"", ""origin_country"": ""US""}]","[{""iso_3166_1"": ""US"", ""name"": ""United States of America""}]","[{""english_name"": ""English"", ""iso_639_1"": ""en"", ""name"": ""English""}, {""english_name"": ""Italian"", ""iso_639_1"": ""it"", ""name"": ""Italiano""}]","[""US""]",null
16904,Blue Murder at St Trinian's,Blue Murder at St Trinian's,"With their headmistress under lock and key in her majesty's prison, the St Trinian's girls find themselves under the protection of the army. However, when the sixth form take a fancy to winning a trip to Italy through means fair or foul, the army discover this is one battle they can't win. Let loose in Europe, it is not long before St Trinian's have succeeded in endangering European relations.",They're back... and up to no good!!!,Released,False,False,1957-12-10,86,0,0,1.2925,6.7,30,en,,tt0051423,/eeINGxCFRck14wYmYLFF4pc6vsB.jpg,/aE0Q5rp2AlpPcEdEfdjNsjJbY4v.jpg,"[{""id"": 35, ""name"": ""Comedy""}]","[{""id"": 31232, ""logo_path"": null, ""name"": ""John Harvel Productions"", ""origin_country"": """"}, {""id"": 632, ""logo_path"": null, ""name"": ""British Lion Films"", ""origin_country"": ""GB""}]","[{""iso_3166_1"": ""GB"", ""name"": ""United Kingdom""}]","[{""english_name"": ""English"", ""iso_639_1"": ""en"", ""name"": ""English""}]","[""GB""]","{""id"": 12077, ""name"": ""St Trinian's Collection"", ""poster_path"": ""/txZlERJDcyDo2skZK7Gb7z0gCxw.jpg"", ""backdrop_path"": ""/8ZB31bmNPtldnpm5anQlFHAnCe0.jpg""}"
16905,Captain Blood,Captain Blood,"Dr. Peter Blood, unjustly convicted of treason and exiled from England, becomes a notorious pirate.",A million dollars worth of adventure!,Released,False,False,1935-12-26,119,1200000,0,3.1968,7.21,262,en,,tt0026174,/Ae0ltppMl66pAH1odgDU1C4H1iq.jpg,/gVCUB5cYjZVzNyBS46Q6RXLfmSr.jpg,"[{""id"": 12, ""name"": ""Adventure""}, {""id"": 36, ""name"": ""History""}, {""id"": 10749, ""name"": ""Romance""}]","[{""id"": 3245, ""logo_path"": ""/9dBTQp9XitrHkx20i1r9HhZ3Q6B.png"", ""name"": ""First National Pictures"", ""origin_country"": ""US""}, {""id"": 1442, ""logo_path"": null, ""name"": ""Cosmopolitan Productions"", ""origin_country"": ""US""}, {""id"": 174, ""logo_path"": ""/zhD3hhtKB5qyv7ZeL4uLpNxgMVU.png"", ""name"": ""Warner Bros. Pictures"", ""origin_country"": ""US""}]","[{""iso_3166_1"": ""US"", ""name"": ""United States of America""}]","[{""english_name"": ""French"", ""iso_639_1"": ""fr"", ""name"": ""Fran\u00e7ais""}, {""english_name"": ""Spanish"", ""iso_639_1"": ""es"", ""name"": ""Espa\u00f1ol""}, {""english_name"": ""English"", ""iso_639_1"": ""en"", ""name"": ""English""}]","[""US""]",null
16907,Naruto the Movie: Ninja Clash in the Land of Snow,劇場版 NARUTO 大活劇! 雪姫忍法帖だってばよ!!,"Naruto is thrilled when he is sent on a mission to protect his favorite actress, Yukie Fujikaze, on the set of her new movie, The Adventures of Princess Gale. But when the crew ventures out to film in the icy, foreboding Land of Snow, Yukie mysteriously flees! Naruto and his squad set off to find her... unaware that three Snow Ninja lie in wait, with a sinister purpose that will force Yukie to face her hidden past!",,Released,False,False,2004-08-21,82,0,11141307,4.8691,7.297,605,ja,http://pierrot.jp/title/naruto/movie/,tt0476680,/eUNRUeSNzm8LktH4HRaYiAReB6R.jpg,/bW0Hr19Xo7LDnMmywXuH5YoTMY5.jpg,"[{""id"": 35, ""name"": ""Comedy""}, {""id"": 28, ""name"": ""Action""}, {""id"": 16, ""name"": ""Animation""}, {""id"": 12, ""name"": ""Adventure""}]","[{""id"": 3234, ""logo_path"": ""/wTPPnz05ZCQgEQVeSOxTkUCyhr5.png"", ""name"": ""Pierrot"", ""origin_country"": ""JP""}, {""id"": 1778, ""logo_path"": ""/b5rT6VbYza3LyfltCmz1OcqzWJM.png"", ""name"": ""dentsu"", ""origin_country"": ""JP""}, {""id"": 2883, ""logo_path"": ""/rDYExnBV61jGQnkhVVrPN4Yl7O1.png"", ""name"": ""Aniplex"", ""origin_country"": ""JP""}, {""id"": 2918, ""logo_path"": ""/gyEWUBWwqrm3H5T2hkERD9LxpOq.png"", ""name"": ""Shueisha"", ""origin_country"": ""JP""}, {""id"": 3034, ""logo_path"": ""/jnuO8pZNEBLEq5YaOP1f5OkmG91.png"", ""name"": ""TV Tokyo"", ""origin_country"": ""JP""}, {""id"": 882, ""logo_path"": ""/fRSWWjquvzcHjACbtF53utZFIll.png"", ""name"": ""TOHO"", ""origin_country"": ""JP""}, {""id"": 528, ""logo_path"": ""/fO3Aof3lXQclYpBByYC8aneTXwA.png"", ""name"": ""Bandai Visual"", ""origin_country"": ""JP""}]","[{""iso_3166_1"": ""JP"", ""name"": ""Japan""}]","[{""english_name"": ""Japanese"", ""iso_639_1"": ""ja"", ""name"": ""\u65e5\u672c\u8a9e""}]","[""JP""]","{""id"": 23616, ""name"": ""Naruto Collection"", ""poster_path"": ""/cmKBGxVSAykHsnCL27wX4PIjNZI.jpg"", ""backdrop_path"": ""/prLI2SNNkd9wcQkFh9iWXzQtR5D.jpg""}"
16909,Webmaster,Skyggen,J.B. (Lars Bom) - an ultra-talented Webmaster of an illicit cyber-domain known for massive amounts of illegal money transfers is captured and is put under suspicion by the cyber-domain boss named Stoiss (Jørgen Kiil) when an intruder hacks into the system and steals the Stoiss’s money. Stoiss sticks a heart controller device on J.B. and gives him 35 hours to find who took his money or he dies.,,Released,False,False,1998-08-28,97,0,0,0.5901,5.8,27,da,,tt0136535,/hLf42osBftIxFf7AwYcoqjJWjpl.jpg,/bH6bJaTjTH4b7xRTMjgyC4hJGzi.jpg,"[{""id"": 878, ""name"": ""Science Fiction""}, {""id"": 53, ""name"": ""Thriller""}]","[{""id"": 118, ""logo_path"": ""/AiBorgNTCS1lT1FdFPYheax9jfF.png"", ""name"": ""Det Danske Filminstitut"", ""origin_country"": ""DK""}, {""id"": 171066, ""logo_path"": ""/tjNpvJOTCwvPL2faaj3r2RR3dTs.png"", ""name"": ""Scanbox Production"", ""origin_country"": ""DK""}, {""id"": 758, ""logo_path"": ""/fft3jrctrZNcgAxgN1w5Givtzip.png"", ""name"": ""TV 2"", ""origin_country"": ""DK""}]","[{""iso_3166_1"": ""DK"", ""name"": ""Denmark""}, {""iso_3166_1"": ""SE"", ""name"": ""Sweden""}]","[{""english_name"": ""Danish"", ""iso_639_1"": ""da"", ""name"": ""Dansk""}]","[""DK""]",null
16910,Naruto the Movie: Legend of the Stone of Gelel,劇場版 NARUTO -ナルト- 大激突!幻の地底遺跡だってばよ,"Naruto, Shikamaru, and Sakura are executing their mission of delivering a lost pet to a certain village. However, right in the midst of things, troops led by the mysterious knight, Temujin, attack them. In the violent battle, the three become separated. Temujin challenges Naruto to a fight and at the end of the fierce battle, both fall together from a high cliff...",,Released,False,False,2005-08-06,97,0,10198805,3.9869,6.8,430,ja,http://pierrot.jp/title/naruto/movie2005/index.html,tt0791188,/itKMldwL6uhUZYO3X78NOFU4zzO.jpg,/ldwWnaWoW8ziEFflimoraZouyvB.jpg,"[{""id"": 16, ""name"": ""Animation""}, {""id"": 12, ""name"": ""Adventure""}, {""id"": 14, ""name"": ""Fantasy""}]","[{""id"": 1778, ""logo_path"": ""/b5rT6VbYza3LyfltCmz1OcqzWJM.png"", ""name"": ""dentsu"", ""origin_country"": ""JP""}, {""id"": 2883, ""logo_path"": ""/rDYExnBV61jGQnkhVVrPN4Yl7O1.png"", ""name"": ""Aniplex"", ""origin_country"": ""JP""}, {""id"": 2918, ""logo_path"": ""/gyEWUBWwqrm3H5T2hkERD9LxpOq.png"", ""name"": ""Shueisha"", ""origin_country"": ""JP""}, {""id"": 3034, ""logo_path"": ""/jnuO8pZNEBLEq5YaOP1f5OkmG91.png"", ""name"": ""TV Tokyo"", ""origin_country"": ""JP""}, {""id"": 3234, ""logo_path"": ""/wTPPnz05ZCQgEQVeSOxTkUCyhr5.png"", ""name"": ""Pierrot"", ""origin_country"": ""JP""}, {""id"": 528, ""logo_path"": ""/fO3Aof3lXQclYpBByYC8aneTXwA.png"", ""name"": ""Bandai Visual"", ""origin_country"": ""JP""}]","[{""iso_3166_1"": ""JP"", ""name"": ""Japan""}]","[{""english_name"": ""Japanese"", ""iso_639_1"": ""ja"", ""name"": ""\u65e5\u672c\u8a9e""}]","[""JP""]","{""id"": 23616, ""name"": ""Naruto Collection"", ""poster_path"": ""/cmKBGxVSAykHsnCL27wX4PIjNZI.jpg"", ""backdrop_path"": ""/prLI2SNNkd9wcQkFh9iWXzQtR5D.jpg""}"
16911,The Inhabited Island,Обитаемый остров,"On the threshold of 22nd century, furrowing the space, protagonist from the Free Search Group makes emergency landing on an unknown planet where he must stay. People who are living on this planet have remained at the stone level of the 20th century, with its social problems, miserable ecology and shaky world..",,Released,False,False,2009-01-01,115,36500000,21834845,2.7258,5.3,111,ru,http://oostrov.ru,tt0972558,/dQ6Cox1ycTpvEgLKAHRzRerwEL8.jpg,/835uK7ASQSf1fWlNuPpJYEWoNGL.jpg,"[{""id"": 878, ""name"": ""Science Fiction""}, {""id"": 12, ""name"": ""Adventure""}]","[{""id"": 22691, ""logo_path"": null, ""name"": ""Telekanal STS"", ""origin_country"": """"}, {""id"": 3451, ""logo_path"": ""/53lT8VOQ9JDiPGYLvjgO42Av58I.png"", ""name"": ""Art Pictures Studio"", ""origin_country"": ""RU""}, {""id"": 5630, ""logo_path"": ""/s0mHCw53fp6EAapR7g0dwYbz0l5.png"", ""name"": ""Non-Stop Productions"", ""origin_country"": ""RU""}, {""id"": 46831, ""logo_path"": null, ""name"": ""Premiere Stealth Rights"", ""origin_country"": """"}]","[{""iso_3166_1"": ""RU"", ""name"": ""Russia""}]","[{""english_name"": ""Russian"", ""iso_639_1"": ""ru"", ""name"": ""P\u0443\u0441\u0441\u043a\u0438\u0439""}]","[""RU""]","{""id"": 350836, ""name"": ""Dark Planet Collection"", ""poster_path"": ""/9JTdvlOnG4nf68OyGJ6mKMNOXoD.jpg"", ""backdrop_path"": ""/qfhZxsS6JQKS0QjB0UA9uqU17JB.jpg""}"
16912,The Colditz Story,The Colditz Story,"The Germans believed that no man could escape from Colditz Castle, set as it was in the heart of the Reich, 400 miles from any neutral frontier. This film, based on Pat Reid's epic novel, tells the story of how the British, French, Dutch and Polish prisoners of war who were incarcerated in Colditz set out to prove their captors wrong.",,Released,False,False,1955-01-25,94,600000,0,1.9049,6.807,57,en,,tt0047945,/yLeEVpgapcRBzUdeZdSWAe3fYLg.jpg,/cxuBWkPCnMPbx6Ja37cxz9s0Azw.jpg,"[{""id"": 10752, ""name"": ""War""}, {""id"": 18, ""name"": ""Drama""}]","[{""id"": 20826, ""logo_path"": null, ""name"": ""Ivan Foxwell Productions"", ""origin_country"": """"}, {""id"": 632, ""logo_path"": null, ""name"": ""British Lion Films"", ""origin_country"": ""GB""}]","[{""iso_3166_1"": ""GB"", ""name"": ""United Kingdom""}]","[{""english_name"": ""English"", ""iso_639_1"": ""en"", ""name"": ""English""}, {""english_name"": ""French"", ""iso_639_1"": ""fr"", ""name"": ""Fran\u00e7ais""}, {""english_name"": ""German"", ""iso_639_1"": ""de"", ""name"": ""Deutsch""}, {""english_name"": ""Polish"", ""iso_639_1"": ""pl"", ""name"": ""Polski""}]","[""US"", ""GB""]",null
16914,The Cruel Sea,The Cruel Sea,"At the start of World War II, Cmdr. Ericson is assigned to convoy escort HMS Compass Rose with inexperienced officers and men just out of training. The winter seas make life miserable enough, but the men must also harden themselves to rescuing survivors of U-Boat attacks, while seldom able to strike back. Traumatic events afloat and ashore create a warm bond between the skipper and his first officer.",,Released,False,False,1953-02-24,126,0,0,1.7318,6.9,78,en,,tt0045659,/kmMGoeLx7rntdbqKZFp6bmT8ZCW.jpg,/kG93zIRD0nnD4MPmNfGRIf8AFxQ.jpg,"[{""id"": 18, ""name"": ""Drama""}, {""id"": 36, ""name"": ""History""}, {""id"": 10752, ""name"": ""War""}]","[{""id"": 2650, ""logo_path"": ""/sDWe94w5fuyfgfRKc3N27CSJvsD.png"", ""name"": ""Ealing Studios"", ""origin_country"": ""GB""}, {""id"": 5110, ""logo_path"": null, ""name"": ""Michael Balcon Productions"", ""origin_country"": """"}]","[{""iso_3166_1"": ""GB"", ""name"": ""United Kingdom""}]","[{""english_name"": ""English"", ""iso_639_1"": ""en"", ""name"": ""English""}]","[""US"", ""GB""]",null
16915,Gutterballs,Gutterballs,"A brutally sadistic rape leads to a series of bizarre gory murders during a midnight disco bowl-a-rama at a popular bowling alley. One by one, players of two teams meet blood-drenched gruesome deaths at the hand of a black bowling-gloved masked killer. This alley runs red with blood by sunrise.",I Warned You Not To Bowl Tonight,Released,False,False,2008-01-18,96,0,0,1.0489,4.583,90,en,,tt1087853,/djg6uCUSEJ7HdGrgpHx2CsJrfr2.jpg,/1Eqo5oZYStjC1lTtamkIbyxZxf0.jpg,"[{""id"": 27, ""name"": ""Horror""}]","[{""id"": 4659, ""logo_path"": null, ""name"": ""Plotdigger Films"", ""origin_country"": ""CA""}]","[{""iso_3166_1"": ""CA"", ""name"": ""Canada""}]","[{""english_name"": ""English"", ""iso_639_1"": ""en"", ""name"": ""English""}]","[""CA"", ""US""]","{""id"": 1651348, ""name"": ""Gutterballs Collection"", ""poster_path"": null, ""backdrop_path"": null}"
16916,A Boyfriend for My Wife,Un novio para mi mujer,"El Tenso does not know how to face his ill-tempered wife, Tana, to tell her that he wants to separate. Carlos, a friend of Tenso, suggests him to invert the situation and cause Tana to leave him by hiring Cuervo Flores, an irresistible seducer, to try and charm his wife until she falls in love with him.",,Released,False,False,2008-08-14,100,0,6395811,0.3596,6.2,65,es,http://www.unnovioparamimujer.com/,tt1280534,/ybMKaNMoBie2ebXf4TIz1Sh70Iq.jpg,/qockJIX0NNDiny7q5BoLywOVZxW.jpg,"[{""id"": 10749, ""name"": ""Romance""}, {""id"": 35, ""name"": ""Comedy""}, {""id"": 18, ""name"": ""Drama""}]","[{""id"": 2562, ""logo_path"": ""/hQcSVwfXKkjXzD4oO9BmHKoyfkh.png"", ""name"": ""Patagonik"", ""origin_country"": ""AR""}, {""id"": 27281, ""logo_path"": ""/n4OjEuaiEaiUn0WwJHHKXPkmHAD.png"", ""name"": ""Pol-Ka Producciones"", ""origin_country"": ""AR""}, {""id"": 6458, ""logo_path"": ""/eT4oMUK7ODM0vvZue8yq3Ojwqf8.png"", ""name"": ""INCAA"", ""origin_country"": ""AR""}, {""id"": 102626, ""logo_path"": ""/hejnYBBwutw4U2dA6LGfMArjya0.png"", ""name"": ""Cine Argentino"", ""origin_country"": ""AR""}]","[{""iso_3166_1"": ""AR"", ""name"": ""Argentina""}]","[{""english_name"": ""Spanish"", ""iso_639_1"": ""es"", ""name"": ""Espa\u00f1ol""}]","[""AR""]",null
16919,Global Metal,Global Metal,"In GLOBAL METAL, directors Scot McFadyen and Sam Dunn set out to discover how the West's most maligned musical genre - heavy metal - has impacted the world's cultures beyond Europe and North America. The film follows metal fan and anthropologist Sam Dunn on a whirlwind journey through Asia, South America and the Middle East as he explores the underbelly of the world's emerging extreme music scenes; from Indonesian death metal to Chinese black metal to Iranian thrash metal. GLOBAL METAL reveals a worldwide community of metalheads who aren't just absorbing metal from the West - they're transforming it - creating a new form of cultural expression in societies dominated by conflict, corruption and mass-consumerism.",,Released,False,False,2008-06-20,93,0,0,0.6363,7.3,76,en,http://www.globalmetalfilm.com/,tt1249171,/28f1iaERjW8pk39Ye5KpG7Xfqa4.jpg,/vm6Vcgj1m1W9osKnFwX6K7Njztn.jpg,"[{""id"": 99, ""name"": ""Documentary""}, {""id"": 10402, ""name"": ""Music""}]","[{""id"": 3414, ""logo_path"": null, ""name"": ""Banger Productions"", ""origin_country"": """"}]","[{""iso_3166_1"": ""CA"", ""name"": ""Canada""}]","[{""english_name"": ""Hindi"", ""iso_639_1"": ""hi"", ""name"": ""\u0939\u093f\u0928\u094d\u0926\u0940""}, {""english_name"": ""Indonesian"", ""iso_639_1"": ""id"", ""name"": ""Bahasa indonesia""}, {""english_name"": ""Hebrew"", ""iso_639_1"": ""he"", ""name"": ""\u05e2\u05b4\u05d1\u05b0\u05e8\u05b4\u05d9\u05ea""}, {""english_name"": ""Japanese"", ""iso_639_1"": ""ja"", ""name"": ""\u65e5\u672c\u8a9e""}, {""english_name"": ""Mandarin"", ""iso_639_1"": ""zh"", ""name"": ""\u666e\u901a\u8bdd""}, {""english_name"": ""English"", ""iso_639_1"": ""en"", ""name"": ""English""}, {""english_name"": ""Portuguese"", ""iso_639_1"": ""pt"", ""name"": ""Portugu\u00eas""}]","[""CA"", ""US""]",null
16921,Autopsy,Autopsy,"Emily Johnson, her boyfriend Bobby and their friends Clare and Jude are recent college grads driving cross-country, taking a last vacation together before they face the ""real"" world. An accident leaves them hurt and stranded on a lonely Louisiana road. When the ambulance arrives, it whisks them to Mercy Hospital.",Evil cuts both ways.,Released,False,False,2008-08-24,84,2000000,0,2.0476,4.91,217,en,,tt0443435,/z8Mlvh9YVkD4QnXMm5mYVWqzPZ4.jpg,/hi8HXNUJkl9fHZiwUUtrMzIOlZv.jpg,"[{""id"": 27, ""name"": ""Horror""}, {""id"": 53, ""name"": ""Thriller""}]","[{""id"": 18665, ""logo_path"": null, ""name"": ""Project 8 Films"", ""origin_country"": ""US""}, {""id"": 25134, ""logo_path"": ""/cpC6dJh6iUU3J2IHVtBiT3ctsRw.png"", ""name"": ""Lion Share Productions"", ""origin_country"": ""US""}, {""id"": 3478, ""logo_path"": null, ""name"": ""FlipZide"", ""origin_country"": ""US""}, {""id"": 18668, ""logo_path"": null, ""name"": ""Voodoo Production Services"", ""origin_country"": """"}, {""id"": 18667, ""logo_path"": ""/701JoL4YDomJBMD8tJXLb4LZToY.png"", ""name"": ""Parallel Media"", ""origin_country"": ""US""}, {""id"": 2248, ""logo_path"": null, ""name"": ""A-Mark Entertainment"", ""origin_country"": """"}]","[{""iso_3166_1"": ""US"", ""name"": ""United States of America""}]","[{""english_name"": ""English"", ""iso_639_1"": ""en"", ""name"": ""English""}]","[""US""]",null
16922,Heatstroke,Heatstroke,An ex-model teams up with a soldier to thwart aliens who are propelling global warming to make Earth habitable for their species,,Released,False,False,2008-05-31,85,0,0,0.6497,3.0,24,en,,tt0925245,/4Sy2IXjB71kLz0PkOVEjwOONKpi.jpg,/xotoYEX5V5KQQSBBI1oxhBwMRWw.jpg,"[{""id"": 28, ""name"": ""Action""}, {""id"": 878, ""name"": ""Science Fiction""}, {""id"": 27, ""name"": ""Horror""}]","[{""id"": 96336, ""logo_path"": null, ""name"": ""TalkStory Productions"", ""origin_country"": ""US""}, {""id"": 126306, ""logo_path"": null, ""name"": ""Tumidor"", ""origin_country"": """"}]",[],"[{""english_name"": ""English"", ""iso_639_1"": ""en"", ""name"": ""English""}]","[""US""]",null
16923,Merlin and the War of the Dragons,Merlin and the War of the Dragons,"In 5th Century Britian, a young Merlin struggles for his place in his known land under the tutelage of The Mage, a local wizard whom sees the young man's potential for magic, as well as face off against his evil former friend, Vendiger, whom plots with a feudal warlord king to conquer all of Britian using an army of flying dragons, and only Merlin with the alliance of the local Prince Uther and Ingraine and a pair of mystical goddesses, can have the power to stop the evil from taking over the land.",,Released,False,False,2008-11-25,90,0,0,0.98,4.0,39,en,,tt1294699,/vQ6DTkuQn4rc1oYlOjcvL6xnCAx.jpg,/eT1WwXDkXHZjZFf0P0o4fIup1rr.jpg,"[{""id"": 14, ""name"": ""Fantasy""}, {""id"": 28, ""name"": ""Action""}, {""id"": 12, ""name"": ""Adventure""}]","[{""id"": 1311, ""logo_path"": ""/ic2bTizdzRLDVzAvN7MXdUg3WQV.png"", ""name"": ""The Asylum"", ""origin_country"": ""US""}]","[{""iso_3166_1"": ""US"", ""name"": ""United States of America""}]","[{""english_name"": ""English"", ""iso_639_1"": ""en"", ""name"": ""English""}]","[""US""]",null
16925,Scourge,Scourge,"The ancient creature, The Scourge, long confined in a church, wreaks havoc in a small town. Bodies accumulate as Scott and Jessie, rekindling their love, become the town's last defense against the unleashed menace.",You are what it eats,Released,False,False,2008-01-31,92,0,0,0.9696,4.3,31,en,,tt1137477,/85ATyd5A3SAyHtWTuxNBuW3BYCR.jpg,,"[{""id"": 18, ""name"": ""Drama""}, {""id"": 27, ""name"": ""Horror""}, {""id"": 9648, ""name"": ""Mystery""}, {""id"": 878, ""name"": ""Science Fiction""}]","[{""id"": 69262, ""logo_path"": null, ""name"": ""PHD Productions"", ""origin_country"": """"}]","[{""iso_3166_1"": ""CA"", ""name"": ""Canada""}, {""iso_3166_1"": ""US"", ""name"": ""United States of America""}]",[],"[""CA""]",null
16926,Prairie Fever,Prairie Fever,"A group of women contracted a strange fever and a former sheriff is responsible for taking them to the hospital in the nearest town, but in their way they will encounter a gang of murderers. His only hope is a woman whose beauty is matched only by his skill with weapons.",,Released,False,False,2008-03-29,81,0,0,1.5782,4.5,17,en,,tt1160018,/aRSF1lfFwXBpWlvXthPrb9tS6vA.jpg,/uDcx6cghJui7foawsFeSdeTXAdh.jpg,"[{""id"": 28, ""name"": ""Action""}, {""id"": 37, ""name"": ""Western""}, {""id"": 10770, ""name"": ""TV Movie""}]",[],"[{""iso_3166_1"": ""US"", ""name"": ""United States of America""}]","[{""english_name"": ""English"", ""iso_639_1"": ""en"", ""name"": ""English""}, {""english_name"": ""Portuguese"", ""iso_639_1"": ""pt"", ""name"": ""Portugu\u00eas""}]","[""US""]",null
16927,The Box Collector,The Box Collector,An overprotective mother tries to stop her son's budding relationship with a flirtatious young divorce.,,Released,False,False,2008-02-01,94,0,0,0.9695,3.4,10,en,http://www.theboxcollector.com,tt1038680,/ishk3bxZREF3KfixNkCvRwmQc2m.jpg,/nzJTJcjEshQrlpT3WuJ5T0CczLO.jpg,"[{""id"": 53, ""name"": ""Thriller""}]","[{""id"": 7299, ""logo_path"": null, ""name"": ""Corsan"", ""origin_country"": ""BE""}]","[{""iso_3166_1"": ""BE"", ""name"": ""Belgium""}, {""iso_3166_1"": ""CA"", ""name"": ""Canada""}]","[{""english_name"": ""English"", ""iso_639_1"": ""en"", ""name"": ""English""}]","[""CA"", ""US""]",null
16928,Black & White,Black & White,"Rajan Mathur (Anil Kapoor) is a Professor in Urdu literature in Dr. Zakir Hussain's College. He resides in Chandni Chowk with his activist wife, Roma Mathur (Shefali Shah). Professor Mathur comes across a young boy called Numair Qazi (Anurag Sinha) who introduces himself as a victim of communal riots in Gujarat.",,Released,False,False,2008-02-01,120,0,0,0.6667,4.5,1,hi,,tt1206283,/l0uoXiG4foEMozkg69E4upoPxwK.jpg,/cE7szM5vqZEn9Kq6VvIcBpHaBua.jpg,"[{""id"": 28, ""name"": ""Action""}, {""id"": 18, ""name"": ""Drama""}]",[],[],"[{""english_name"": ""Hindi"", ""iso_639_1"": ""hi"", ""name"": ""\u0939\u093f\u0928\u094d\u0926\u0940""}]","[""IN""]",null
16929,Journey to the Center of the Earth,Journey to the Center of the Earth,"Set in the late 1870's - A woman hires an anthropologist/adventurer to track down her husband, who has disappeared while searching for an elusive passage to the center of the earth",,Released,False,False,2008-01-27,90,0,0,1.4778,4.805,64,en,,tt1156454,/ub9DfwfRe8SAM4fA3zO3RakK8IA.jpg,/9rNnFGN3kUL3andAUHjVvEhDK57.jpg,"[{""id"": 10751, ""name"": ""Family""}, {""id"": 28, ""name"": ""Action""}, {""id"": 12, ""name"": ""Adventure""}, {""id"": 878, ""name"": ""Science Fiction""}]","[{""id"": 6739, ""logo_path"": null, ""name"": ""RHI"", ""origin_country"": ""US""}]","[{""iso_3166_1"": ""US"", ""name"": ""United States of America""}, {""iso_3166_1"": ""CA"", ""name"": ""Canada""}]","[{""english_name"": ""Latin"", ""iso_639_1"": ""la"", ""name"": ""Latin""}, {""english_name"": ""English"", ""iso_639_1"": ""en"", ""name"": ""English""}, {""english_name"": ""Russian"", ""iso_639_1"": ""ru"", ""name"": ""P\u0443\u0441\u0441\u043a\u0438\u0439""}]","[""CA"", ""US""]",null
16930,The Car Keys,Les Clefs de bagnole,"Who would think losing car keys could lead us that far ? Be careful, adventure is on every street corner...","Don't watch it, this is shit !",Released,False,False,2003-12-10,90,3500000,1033000,1.7332,5.1,84,fr,,tt0383995,/zzaO8iWpWEA84kD2L02xCOqZ9p3.jpg,/5UJFS2nXZKiJ6xmxBfLdG4k3CBQ.jpg,"[{""id"": 35, ""name"": ""Comedy""}]","[{""id"": 22282, ""logo_path"": null, ""name"": ""Laurent Baffie Productions"", ""origin_country"": ""FR""}]","[{""iso_3166_1"": ""FR"", ""name"": ""France""}]","[{""english_name"": ""French"", ""iso_639_1"": ""fr"", ""name"": ""Fran\u00e7ais""}]","[""FR""]",null
16931,Into the Blue 2: The Reef,Into the Blue 2: The Reef,"When they're hired to recover the lost treasure of Columbus, married scuba divers Sebastian and Dani think they've hit the jackpot. But as they get closer to the fortune, the couple begins to suspect their employers have their own agenda. Hitting upon the real plan, the two come to the chilling realization that they may be expendable and that there's much more than riches at stake.",It's not another day at the beach.,Released,False,False,2009-04-21,92,0,0,2.1737,5.1,170,en,,tt0865907,/qLWOHSfrwWYrm7yic0ACFKGRLAq.jpg,/hvTLEVHcn3ZC1uZErMHamxkBI1T.jpg,"[{""id"": 28, ""name"": ""Action""}, {""id"": 12, ""name"": ""Adventure""}, {""id"": 53, ""name"": ""Thriller""}]","[{""id"": 6434, ""logo_path"": ""/3opBXwWF0R7YfCLdvKwa0TVLJKp.png"", ""name"": ""MGM Home Entertainment"", ""origin_country"": ""US""}, {""id"": 551, ""logo_path"": ""/jSlzEZZ4Z1g7B2UExjZEIKsUvD9.png"", ""name"": ""Mandalay Pictures"", ""origin_country"": ""US""}, {""id"": 3235, ""logo_path"": ""/eQOKf3LynrbL2kFR0seYpGwwUWr.png"", ""name"": ""Brookwell-McNamara Entertainment"", ""origin_country"": ""US""}, {""id"": 21, ""logo_path"": ""/usUnaYV6hQnlVAXP6r4HwrlLFPG.png"", ""name"": ""Metro-Goldwyn-Mayer"", ""origin_country"": ""US""}]","[{""iso_3166_1"": ""US"", ""name"": ""United States of America""}]","[{""english_name"": ""English"", ""iso_639_1"": ""en"", ""name"": ""English""}]","[""US""]","{""id"": 174386, ""name"": ""Into the Blue Collection"", ""poster_path"": ""/rpE1VYtr9b991iTay4vdfInHQsa.jpg"", ""backdrop_path"": ""/sWnLZZaUHEKGQOVn445k91pfjrb.jpg""}"
16932,After You,Après vous...,"Antoine works in a bar in Paris. One evening on his way home from work, he intervenes when a man tries to commit suicide. He feels strangely guilty about having saved the man's life and constantly tries to help him, make things better. No matter what Antoine does, he can't get Louis's mind off Blanche, the woman of his dreams, his sole obsession, the reason why he wanted to die... Antoine decides to look for her, but doesn't let Louis know.",,Released,False,False,2003-12-17,110,0,0,0.8194,6.0,96,fr,,tt0344604,/ro2GcTo04JtEl62caPAjzVBPcPx.jpg,/yr90qtmsOMlR3NZ1ellJeRFoWFs.jpg,"[{""id"": 35, ""name"": ""Comedy""}, {""id"": 10749, ""name"": ""Romance""}]","[{""id"": 11246, ""logo_path"": ""/4YZ5CQZkJa2FIKGtjLLoKhNOAIw.png"", ""name"": ""La R\u00e9gion \u00cele-de-France"", ""origin_country"": ""FR""}, {""id"": 12389, ""logo_path"": ""/6yilbEvoHtPcTb4LwAueAq091iT.png"", ""name"": ""Les Films Pell\u00e9as"", ""origin_country"": ""FR""}, {""id"": 148, ""logo_path"": null, ""name"": ""Gimages"", ""origin_country"": """"}, {""id"": 20366, ""logo_path"": null, ""name"": ""Gimages D\u00e9veloppement"", ""origin_country"": """"}, {""id"": 28400, ""logo_path"": null, ""name"": ""Glem Production"", ""origin_country"": ""FR""}, {""id"": 28401, ""logo_path"": null, ""name"": ""Tovo Films"", ""origin_country"": """"}, {""id"": 310, ""logo_path"": ""/4Gp5A4YdjPBfsHT47ngHMaXWmb9.png"", ""name"": ""CNC"", ""origin_country"": ""FR""}, {""id"": 104, ""logo_path"": ""/9aotxauvc9685tq9pTcRJszuT06.png"", ""name"": ""Canal+"", ""origin_country"": ""FR""}, {""id"": 83, ""logo_path"": ""/9OQ0rm55xtlgX7KcAKMUePJSrQc.png"", ""name"": ""France 2 Cin\u00e9ma"", ""origin_country"": ""FR""}]","[{""iso_3166_1"": ""FR"", ""name"": ""France""}]","[{""english_name"": ""French"", ""iso_639_1"": ""fr"", ""name"": ""Fran\u00e7ais""}]","[""FR""]",null
16933,They Drive by Night,They Drive by Night,"Joe and Paul Fabrini are Wildcat, or independent, truck drivers who have their own small one-truck business. The Fabrini boys constantly battle distributors, rivals and loan collectors, while trying to make a success of their transport company.",No picture in 1940 will have bigger thrills!,Released,False,False,1940-07-26,95,539000,1596000,0.7456,6.9,133,en,,tt0033149,/uF0X3IMhPIFgbwzlbayUsj4I6Tc.jpg,/4rd9SUlamdxZlLkCBl6A1z24L4e.jpg,"[{""id"": 18, ""name"": ""Drama""}, {""id"": 80, ""name"": ""Crime""}, {""id"": 53, ""name"": ""Thriller""}]","[{""id"": 174, ""logo_path"": ""/zhD3hhtKB5qyv7ZeL4uLpNxgMVU.png"", ""name"": ""Warner Bros. Pictures"", ""origin_country"": ""US""}]","[{""iso_3166_1"": ""US"", ""name"": ""United States of America""}]","[{""english_name"": ""English"", ""iso_639_1"": ""en"", ""name"": ""English""}]","[""US""]",null
16934,The Young Poisoner's Handbook,The Young Poisoner's Handbook,"Graham Young is a teenage misfit living in suburban London in the 1960s. He hates his stepmother but loves chemistry, and the two impulses unite in a wicked plot to slowly poison her. After she dies, he's found guilty and sent to a psychiatric hospital, where an idealistic doctor thinks he can be cured.",Meet Graham. He's not your ordinary teenager.,Released,False,False,1995-01-20,99,0,0,1.2776,6.6,54,en,,tt0115033,/d3Lakfy0K1eRHUbay9kMeWdt7y6.jpg,/ogEZl7DzCOS6gmrby2N7MSqe2JS.jpg,"[{""id"": 35, ""name"": ""Comedy""}, {""id"": 80, ""name"": ""Crime""}, {""id"": 18, ""name"": ""Drama""}]","[{""id"": 850, ""logo_path"": ""/aF7qajGJGtMpdrtvssM9g90YanX.png"", ""name"": ""Eurimages"", ""origin_country"": ""FR""}, {""id"": 12745, ""logo_path"": null, ""name"": ""British Screen Productions"", ""origin_country"": ""GB""}, {""id"": 2051, ""logo_path"": ""/3RKFvKecXHIi3ngHhK7a6pIBX9R.png"", ""name"": ""Kinowelt"", ""origin_country"": ""DE""}, {""id"": 10825, ""logo_path"": null, ""name"": ""Mass Productions"", ""origin_country"": """"}, {""id"": 185, ""logo_path"": null, ""name"": ""Pandora Cinema"", ""origin_country"": ""US""}, {""id"": 726, ""logo_path"": ""/hHaQQgxqg2NohqZSxbMTB9E483m.png"", ""name"": ""Haut et Court"", ""origin_country"": ""FR""}]","[{""iso_3166_1"": ""FR"", ""name"": ""France""}, {""iso_3166_1"": ""DE"", ""name"": ""Germany""}, {""iso_3166_1"": ""GB"", ""name"": ""United Kingdom""}]","[{""english_name"": ""English"", ""iso_639_1"": ""en"", ""name"": ""English""}]","[""GB""]",null
16938,Black Christmas,Black Christmas,"As the residents of the Pi Kappa Sigma sorority house prepare for the festive season, a stranger begins to harass them with a series of obscene phone calls.",If this picture doesn't make your skin crawl... it's on TOO TIGHT.,Released,False,False,1974-10-11,98,686000,4000000,3.8776,6.953,934,en,,tt0071222,/ym0QcbrKNujzDyAU1IHGYUdRWub.jpg,/7nxNnR9yftqVUoFvBdfr2akgu2A.jpg,"[{""id"": 27, ""name"": ""Horror""}, {""id"": 9648, ""name"": ""Mystery""}, {""id"": 80, ""name"": ""Crime""}]","[{""id"": 43459, ""logo_path"": null, ""name"": ""August Films"", ""origin_country"": """"}, {""id"": 3238, ""logo_path"": null, ""name"": ""Film Funding Ltd. of Canada"", ""origin_country"": """"}, {""id"": 17468, ""logo_path"": null, ""name"": ""Vision IV"", ""origin_country"": """"}, {""id"": 4952, ""logo_path"": null, ""name"": ""Canadian Film Development Corporation"", ""origin_country"": ""CA""}, {""id"": 36555, ""logo_path"": ""/7C4sqyMTaqRH8sTlboAhFYbJK2k.png"", ""name"": ""Famous Players"", ""origin_country"": ""CA""}]","[{""iso_3166_1"": ""CA"", ""name"": ""Canada""}]","[{""english_name"": ""English"", ""iso_639_1"": ""en"", ""name"": ""English""}]","[""CA""]",null
16939,Last Holiday,Last Holiday,"George Bird is a salesman of agricultural machinery who finds out that he hasn't long to live. On his doctor's advice, he goes to an exclusive seaside resort to spend his savings on one last holiday.",Guinness...The Great Lover!,Released,False,False,1950-05-15,88,0,0,2.1116,7.127,55,en,,tt0042665,/2rUFvSmkPvMMIhf02uFOfH1TDDA.jpg,/sqAcErm6aEYNRRh6zLHsAwwZmEE.jpg,"[{""id"": 35, ""name"": ""Comedy""}, {""id"": 18, ""name"": ""Drama""}]","[{""id"": 18859, ""logo_path"": null, ""name"": ""Watergate"", ""origin_country"": ""GB""}, {""id"": 1441, ""logo_path"": ""/28DJnfE2ZaR5oNJVlZ38uvnLaCH.png"", ""name"": ""Associated British Picture Corporation"", ""origin_country"": ""GB""}]","[{""iso_3166_1"": ""GB"", ""name"": ""United Kingdom""}]","[{""english_name"": ""English"", ""iso_639_1"": ""en"", ""name"": ""English""}]","[""US"", ""GB""]",null
16941,Intermission,Intermission,"A raucous story of the interweaving lives and loves of small-town delinquents, shady cops, pretty good girls and very bad boys. With Irish guts and grit, lives collide, preconceptions shatter and romance is tested to the extreme. An ill-timed and poorly executed couple's break-up sets off a chain of events affecting everyone in town.",Life is what happens in between.,Released,False,False,2003-08-29,105,5000000,4856298,1.2141,6.163,166,en,,tt0332658,/hQdFebtqcbwKELQHKf1hcjIHD0D.jpg,/cOAt3YlPeaN8jw9ff7Riq7QVWG4.jpg,"[{""id"": 35, ""name"": ""Comedy""}, {""id"": 80, ""name"": ""Crime""}, {""id"": 18, ""name"": ""Drama""}]","[{""id"": 2452, ""logo_path"": ""/gOkUB0TdXRLAl6s0s6jCSLS3sOb.png"", ""name"": ""UK Film Council"", ""origin_country"": ""GB""}, {""id"": 3488, ""logo_path"": null, ""name"": ""Portman Film"", ""origin_country"": """"}, {""id"": 53043, ""logo_path"": null, ""name"": ""Brown Sauce Film Productions"", ""origin_country"": """"}, {""id"": 53044, ""logo_path"": null, ""name"": ""Company of Wolves"", ""origin_country"": """"}, {""id"": 5122, ""logo_path"": null, ""name"": ""Parallel Films"", ""origin_country"": ""IE""}, {""id"": 1898, ""logo_path"": ""/8ix6SGlJiyuUDxLBtY8E0PY2G7w.png"", ""name"": ""F\u00eds \u00c9ireann/Screen Ireland"", ""origin_country"": ""IE""}]","[{""iso_3166_1"": ""IE"", ""name"": ""Ireland""}, {""iso_3166_1"": ""GB"", ""name"": ""United Kingdom""}]","[{""english_name"": ""English"", ""iso_639_1"": ""en"", ""name"": ""English""}]","[""IE"", ""US"", ""GB""]",null
16956,A Shot in the Dark,Um Tiro no Escuro,"A baby is kidnapped in a Brazilian airport. Years later, the mother lives in Lisbon and works in a strip-tease bar so she can survive. When she is fired, she joins a gang of bank robbers...",,Released,False,False,2005-03-17,105,0,0,0.5586,4.9,7,pt,,tt0457182,/n0ASp8IVQCbUMZhU9pAR8m8MVGx.jpg,/meNKjHskLO9lDVZROZK4kfqEG3v.jpg,"[{""id"": 28, ""name"": ""Action""}, {""id"": 80, ""name"": ""Crime""}, {""id"": 18, ""name"": ""Drama""}, {""id"": 53, ""name"": ""Thriller""}]","[{""id"": 3239, ""logo_path"": null, ""name"": ""Cine Studio Filmes"", ""origin_country"": ""PT""}]","[{""iso_3166_1"": ""PT"", ""name"": ""Portugal""}, {""iso_3166_1"": ""BR"", ""name"": ""Brazil""}]","[{""english_name"": ""Portuguese"", ""iso_639_1"": ""pt"", ""name"": ""Portugu\u00eas""}]","[""BR"", ""PT""]",null
16958,The Asphalt Jungle,The Asphalt Jungle,"Recently paroled from prison, legendary burglar ""Doc"" Riedenschneider, with funding from Alonzo Emmerich, a crooked lawyer, gathers a small group of veteran criminals together in the Midwest for a big jewel heist.",The City Under the City,Released,False,False,1950-05-12,113,1232000,0,3.2817,7.5,530,en,,tt0042208,/8xsUnT0P2fJWQv9jGDhs3i9Zx2l.jpg,/pDGkMdMHkl1qRAYmQjdLKVx3euQ.jpg,"[{""id"": 80, ""name"": ""Crime""}, {""id"": 18, ""name"": ""Drama""}]","[{""id"": 21, ""logo_path"": ""/usUnaYV6hQnlVAXP6r4HwrlLFPG.png"", ""name"": ""Metro-Goldwyn-Mayer"", ""origin_country"": ""US""}]","[{""iso_3166_1"": ""US"", ""name"": ""United States of America""}]","[{""english_name"": ""German"", ""iso_639_1"": ""de"", ""name"": ""Deutsch""}, {""english_name"": ""English"", ""iso_639_1"": ""en"", ""name"": ""English""}]","[""US""]",null
16962,Barbie Fairytopia: Magic of the Rainbow,Barbie Fairytopia: Magic of the Rainbow,Elina goes to a fairy school to learn dancing and fairy magic. The spring of the fairy land is soon threatened by evil Laverna who intends to prevent fairies from performing the annual vital rainbow dance. Elina must stop quarreling with her fellow students and unite them to save the first bud of the spring.,Join Barbie as Elina in an all-new Fairytopia adventure!,Released,False,False,2007-03-13,75,0,0,2.0624,6.9,461,en,,tt1007920,/nJmIZo7qX4iTACcBJdKh3qJ2Tyh.jpg,/hMnZmxA7P6BXyqS6wEQJyOgGGaA.jpg,"[{""id"": 16, ""name"": ""Animation""}, {""id"": 10751, ""name"": ""Family""}, {""id"": 14, ""name"": ""Fantasy""}, {""id"": 10749, ""name"": ""Romance""}]","[{""id"": 6220, ""logo_path"": ""/cAj69EL1zSXmZH6STbMGZrunyMD.png"", ""name"": ""Mattel"", ""origin_country"": ""US""}]","[{""iso_3166_1"": ""US"", ""name"": ""United States of America""}]","[{""english_name"": ""English"", ""iso_639_1"": ""en"", ""name"": ""English""}]","[""US""]","{""id"": 411859, ""name"": ""Barbie Fairytopia Collection"", ""poster_path"": ""/1JUy1U9hzYNItgZzJVDBfdn8CQS.jpg"", ""backdrop_path"": ""/yaypmbspkepTymhEKKOkNQQrYRi.jpg""}"
16969,City Heat,City Heat,"Set in Kansas City in 1933, Eastwood plays a police lieutenant known simply by his last name, Speer. Reynolds plays a former cop turned private eye named Mike Murphy. Both Speer and Murphy served on the force together and were once good friends, but are now bitter enemies. When Murphy's partner is slain they team up again to fight the mob.",When a hotshot cop and a wise-guy detective get together... the heat is on!,Released,False,False,1984-12-07,97,25000000,38348988,1.7684,5.507,209,en,,tt0087062,/gESRbXstISpeELPpYQYiTM3nRF1.jpg,/1pIJjHLPfXs7OkWvlS33DH323Sq.jpg,"[{""id"": 28, ""name"": ""Action""}, {""id"": 80, ""name"": ""Crime""}, {""id"": 35, ""name"": ""Comedy""}]","[{""id"": 11593, ""logo_path"": null, ""name"": ""Deliverance Productions"", ""origin_country"": """"}, {""id"": 174, ""logo_path"": ""/zhD3hhtKB5qyv7ZeL4uLpNxgMVU.png"", ""name"": ""Warner Bros. Pictures"", ""origin_country"": ""US""}, {""id"": 171, ""logo_path"": ""/bqLWwuNCHcY3IjB5e4o29h7l80D.png"", ""name"": ""Malpaso Productions"", ""origin_country"": ""US""}]","[{""iso_3166_1"": ""US"", ""name"": ""United States of America""}]","[{""english_name"": ""English"", ""iso_639_1"": ""en"", ""name"": ""English""}]","[""US""]",null
16971,The Meerkats,The Meerkats,"A coming of age story following a young meerkat pup, Kolo, growing up in the Kalahari desert; and an inspiring look at how one family's connection to each other and their surroundings is a model of resilience and fortitude for us all. Shot using ground-breaking techniques, this dramatised documentary is a one-of-a-kind presentation from The Weinstein Company and the BBC, featuring narration by Paul Newman.",Heroes so small they have to be seen on the big screen.,Released,False,False,2008-10-15,83,0,0,1.2254,6.8,75,en,http://www.bbc.co.uk/bbcfilms/comingsoon/themeerkats.shtml,tt0892391,/pi9WB2zAVruUryVhZhuXFZ4BpG8.jpg,/cwKs4mwPNJNalMWXaTHBRJTkPO1.jpg,"[{""id"": 99, ""name"": ""Documentary""}, {""id"": 10770, ""name"": ""TV Movie""}, {""id"": 10751, ""name"": ""Family""}]","[{""id"": 288, ""logo_path"": ""/aW0IpM9d4Zjj978EqgDVSxXXhTj.png"", ""name"": ""BBC Film"", ""origin_country"": ""GB""}, {""id"": 308, ""logo_path"": ""/e8F3mQM7DkJ5SfYYDp8FYzPBOGX.png"", ""name"": ""The Weinstein Company"", ""origin_country"": ""US""}, {""id"": 63479, ""logo_path"": null, ""name"": ""Yaffle Films"", ""origin_country"": """"}, {""id"": 9050, ""logo_path"": ""/dEUWxME2lFFfzsSunN3lSZyRcY.png"", ""name"": ""BBC Studios Natural History Unit"", ""origin_country"": ""GB""}]","[{""iso_3166_1"": ""GB"", ""name"": ""United Kingdom""}, {""iso_3166_1"": ""US"", ""name"": ""United States of America""}]","[{""english_name"": ""English"", ""iso_639_1"": ""en"", ""name"": ""English""}]","[""US"", ""GB""]","{""id"": 1102424, ""name"": ""Erdm\u00e4nnchen Filmreihe"", ""poster_path"": ""/dZksosjAaM4GCOV8MjVXDKwgsmG.jpg"", ""backdrop_path"": null}"
16972,The Frisco Kid,The Frisco Kid,"Rabbi Avram arrives in Philadelphia from Poland en route to San Francisco where he will be a congregation's new rabbi. An innocent and inexperienced traveller, he is tricked by con men to pay for the trip to go west, then they leave him and his belongings scattered along a deserted road. He is befriended by a stranger, Tommy, who is a bank robber and have many adventures during their journey.",This kosher cowboy hasn't got a prayer -- but plenty of laughs.,Released,False,False,1979-07-06,119,9200000,9300000,1.5357,6.087,163,en,,tt0079180,/j2Oo1Ds4Vbns5WP4BfSnU3wXwpn.jpg,/bzbecY5SogVyTBHIwVrqBkAd8aa.jpg,"[{""id"": 12, ""name"": ""Adventure""}, {""id"": 35, ""name"": ""Comedy""}, {""id"": 37, ""name"": ""Western""}, {""id"": 18, ""name"": ""Drama""}]","[{""id"": 174, ""logo_path"": ""/zhD3hhtKB5qyv7ZeL4uLpNxgMVU.png"", ""name"": ""Warner Bros. Pictures"", ""origin_country"": ""US""}]","[{""iso_3166_1"": ""US"", ""name"": ""United States of America""}]","[{""english_name"": ""English"", ""iso_639_1"": ""en"", ""name"": ""English""}, {""english_name"": ""Yiddish"", ""iso_639_1"": ""yi"", ""name"": """"}]","[""US""]",null
16973,Love Object,Love Object,"The twisted tale of Kenneth, socially insecure technical writer who forms an obsessive relationship with ""Nikki"", an anatomically accurate silicone sex doll he orders over the Internet.",,Released,False,False,2004-02-13,88,1000000,0,1.6085,5.9,79,en,,tt0328077,/cUXaPxe7hyksghZYcXyQ9UxSTT4.jpg,/AeFTYQb20tf12yLmZQIQzz0s57X.jpg,"[{""id"": 18, ""name"": ""Drama""}, {""id"": 27, ""name"": ""Horror""}, {""id"": 10749, ""name"": ""Romance""}, {""id"": 53, ""name"": ""Thriller""}]","[{""id"": 1420, ""logo_path"": null, ""name"": ""ContentFilm"", ""origin_country"": ""GB""}, {""id"": 3242, ""logo_path"": null, ""name"": ""Base 12"", ""origin_country"": ""US""}, {""id"": 38193, ""logo_path"": null, ""name"": ""Catapult Films"", ""origin_country"": """"}]","[{""iso_3166_1"": ""US"", ""name"": ""United States of America""}]","[{""english_name"": ""English"", ""iso_639_1"": ""en"", ""name"": ""English""}]","[""US""]",null
16976,9 Souls,ナイン・ソウルズ,"After discovering a hole in their crowded cell, nine prisoners escape their confinement to track down the key of the universe, which a fellow prisoner known as the Counterfeit King said he had hidden.",,Released,False,False,2003-07-19,120,0,0,2.2282,6.5,51,ja,http://www.littlemore.co.jp/9souls/,tt0370244,/oQXbOoBPOn7QvePAgAdnoUtmXxO.jpg,/20zcHI8A2xBAy5ES73gsY0v2dPv.jpg,"[{""id"": 80, ""name"": ""Crime""}, {""id"": 35, ""name"": ""Comedy""}, {""id"": 18, ""name"": ""Drama""}]","[{""id"": 9177, ""logo_path"": ""/4J38yaZJMtU8fI1bxIdE9PHnGb7.png"", ""name"": ""Eisei Gekijo"", ""origin_country"": ""JP""}, {""id"": 14145, ""logo_path"": ""/2evcxgkCBfWAt8h0zo7xNaw7H78.png"", ""name"": ""Little More"", ""origin_country"": ""JP""}, {""id"": 1780, ""logo_path"": ""/4Qzhr7FxVtaMwmsh7118G3yvOhO.png"", ""name"": ""TFC"", ""origin_country"": ""JP""}, {""id"": 14144, ""logo_path"": null, ""name"": ""Film Makers"", ""origin_country"": ""JP""}]","[{""iso_3166_1"": ""JP"", ""name"": ""Japan""}]","[{""english_name"": ""Japanese"", ""iso_639_1"": ""ja"", ""name"": ""\u65e5\u672c\u8a9e""}]","[""JP""]",null
16977,Accumulator 1,Akumulátor 1,"In this movie, TV sets are full of life. If a person is in TV (e.g. because it was filmed on the street) it has a double that's right in the TV set. This double needs energy from the true character to survive. Each time, the real human watches TV, his Double will pull life energy from him. So there's a mysterious Death-serial. Many persons die in front of their TV set and nobody knows why. Olda, the main character, is one of the persons, that get more and more weak. He is near death, till Fisarek, the natural healer appears. He teaches Olda how he can resist this magic force and how he can fight it.",,Released,False,False,1994-03-24,102,2000000,0,0.9543,6.9,41,cs,,tt0109071,/aE5BBbf8zVSG6oBEgkTyLnNjYGf.jpg,/a02ttwhR98gxi4XEPZaJrUt0qZl.jpg,"[{""id"": 35, ""name"": ""Comedy""}, {""id"": 14, ""name"": ""Fantasy""}]","[{""id"": 3243, ""logo_path"": null, ""name"": ""HEUREKA Production PF"", ""origin_country"": ""CZ""}, {""id"": 120819, ""logo_path"": null, ""name"": ""Luxor"", ""origin_country"": ""CZ""}]","[{""iso_3166_1"": ""CZ"", ""name"": ""Czech Republic""}]","[{""english_name"": ""Czech"", ""iso_639_1"": ""cs"", ""name"": ""\u010cesk\u00fd""}, {""english_name"": ""English"", ""iso_639_1"": ""en"", ""name"": ""English""}]","[""CZ""]",null
16978,Father's Best Children,Fars Bedste Børn,,,Released,False,False,1900-01-01,1,0,0,0.0,0.0,0,xx,,,,,[],[],[],[],[],null
16980,The Last Days of Disco,The Last Days of Disco,Two young women and their friends spend spare time at an exclusive nightclub in 1980s New York.,History is made at night.,Released,False,False,1998-05-29,113,8000000,3020601,1.9924,6.3,210,en,,tt0120728,/lReaAZCsA0GXvJrxzSMsFxwgh6F.jpg,/fUsBSXkii0e4sEyEkXiPWXIpnuT.jpg,"[{""id"": 35, ""name"": ""Comedy""}, {""id"": 18, ""name"": ""Drama""}, {""id"": 10749, ""name"": ""Romance""}]","[{""id"": 97, ""logo_path"": ""/smyTD67uNsdaySnnjVDmh0kyotp.png"", ""name"": ""Castle Rock Entertainment"", ""origin_country"": ""US""}, {""id"": 37812, ""logo_path"": null, ""name"": ""Westerly Films"", ""origin_country"": """"}]","[{""iso_3166_1"": ""US"", ""name"": ""United States of America""}]","[{""english_name"": ""English"", ""iso_639_1"": ""en"", ""name"": ""English""}]","[""US""]",null
16982,Spotswood,Spotswood,"Wallace is an efficiency expert, managing the high-profile downsizing of a major auto parts factory. But when he is hired to evaluate a small moccasin factory which seems from another era, Wallace has to reconsider the rapid modernization he advocates, as he is confronted by the human faces such plans hurt.","An everyday story about loyalty, betrayal, lust and footwear.",Released,False,False,1992-01-23,95,0,0,1.2899,5.4,36,en,,tt0102969,/t7YiAgDrraufIDlwAFU3fKtm0Hz.jpg,/gJlQgSmwiXEIp0RLAhCmTtmsBwm.jpg,"[{""id"": 35, ""name"": ""Comedy""}, {""id"": 18, ""name"": ""Drama""}]","[{""id"": 417, ""logo_path"": ""/w7d3hoHQaC0XwjrxEG1yPeuUhu5.png"", ""name"": ""Australian Film Commission"", ""origin_country"": ""AU""}, {""id"": 1380, ""logo_path"": ""/y4JH9ncZJAFJGYWK84k1dmXnsw0.png"", ""name"": ""Australian Film Finance Corporation"", ""origin_country"": ""AU""}, {""id"": 31317, ""logo_path"": null, ""name"": ""Meridian Films"", ""origin_country"": """"}, {""id"": 11840, ""logo_path"": ""/8oyCRYf6ezxB5h8HJIPVG8JjzgL.png"", ""name"": ""Film Victoria"", ""origin_country"": ""AU""}]","[{""iso_3166_1"": ""AU"", ""name"": ""Australia""}]","[{""english_name"": ""English"", ""iso_639_1"": ""en"", ""name"": ""English""}]","[""AU""]",null
16983,Clarkson: Supercar Showdown,Clarkson: Supercar Showdown,"For Jeremy Clarkson's new DVD he has traveled the Planet - from Spain via Strasbourg to Swindon - for the Supercar Showdown to beat them all. His aim is simple - find the ultimate Supercar. Jeremy starts a fight between the Ferrari 430 and Lamborghini Gallardo. The Gallardo's big cousin, the Murcielago, weighs in too. The Ferrari 599 GTB Fiorano struts its stuff and Audi's R8 faces up to the Porsche GT3 as special guest, Nurburgring-know-all Sabine Schmitz takes on The Stig.  Jeremy also turns into a Formula 1 hero thanks to a Radical SR3. And has a fantastic time in the Aston Martin Vantage V8 Roadster. Plus there's a new kid on the block in the shape of the stunning Ascari A10. And the line-up would not be complete without the 1000 horsepower, 252 miles per hour Bugatti Veyron.  Meanwhile, everything else explodes as Jeremy finds out if there is such a thing as ""Too much"" turbo power, a Renault Alpine A610 comes to the end of the road.",Supercar Showdown,Released,False,False,2007-11-05,77,0,0,0.2681,6.1,7,en,http://www.topgear.com,tt1140858,/v96nBW3RM0CWH7SRwShwPgLag95.jpg,,"[{""id"": 99, ""name"": ""Documentary""}]","[{""id"": 3324, ""logo_path"": ""/dqT3yOTlfJRmtvk52Ccd1O6dZ0A.png"", ""name"": ""BBC"", ""origin_country"": ""GB""}]","[{""iso_3166_1"": ""GB"", ""name"": ""United Kingdom""}]","[{""english_name"": ""English"", ""iso_639_1"": ""en"", ""name"": ""English""}]","[""US"", ""GB""]",null
16984,Clarkson: The Good The Bad The Ugly,Clarkson: The Good The Bad The Ugly,"This year Jezza takes the cream of Europes super-cars to the USA to pit them against America's finest, with highlights including a race up a mountain between a Cadillac Escalade, a Hummer H2 and a Range Rover, and a straight head-to-head race between a BMW Z4M and a Dodge Viper SRT 10. Along the way he also fills an old Jag and an old Buick with water, blows up a Harley-Davidson, has a Toyota Prius shot to pieces and outruns John Q. Law in an Ariel Atom...","The Good, The Bad and The Ugly.",Released,False,False,2006-01-01,80,0,0,0.2371,5.5,11,en,http://www.topgear.com,tt0940677,/zECf3zK3pv8wBwPGRcWXMBDk2Ot.jpg,/9SHHUGZDXkg0n0DRjSpeXGseoIN.jpg,"[{""id"": 99, ""name"": ""Documentary""}, {""id"": 35, ""name"": ""Comedy""}]","[{""id"": 3324, ""logo_path"": ""/dqT3yOTlfJRmtvk52Ccd1O6dZ0A.png"", ""name"": ""BBC"", ""origin_country"": ""GB""}]","[{""iso_3166_1"": ""GB"", ""name"": ""United Kingdom""}]","[{""english_name"": ""English"", ""iso_639_1"": ""en"", ""name"": ""English""}]","[""US"", ""GB""]",null
16985,Legally Blondes,Legally Blondes,"Moving from England to California, the youngest cousins of Elle Woods must defend themselves when their schools reigning forces turn on the girls and try to frame them for a crime.",,Released,False,False,2009-04-28,86,0,16487322,1.3975,5.677,285,en,,tt1015999,/wZnEw0avASZwBWcJo5F1pdJnmO2.jpg,/yDBJsdUBvcvW5PyuYOJQk8VE0HF.jpg,"[{""id"": 35, ""name"": ""Comedy""}]","[{""id"": 2308, ""logo_path"": null, ""name"": ""Type A Films"", ""origin_country"": ""US""}, {""id"": 3235, ""logo_path"": ""/eQOKf3LynrbL2kFR0seYpGwwUWr.png"", ""name"": ""Brookwell-McNamara Entertainment"", ""origin_country"": ""US""}, {""id"": 2527, ""logo_path"": ""/mNSqvPrlkAcdQlEZ3Ttmx75Z8Xw.png"", ""name"": ""Marc Platt Productions"", ""origin_country"": ""US""}, {""id"": 21, ""logo_path"": ""/usUnaYV6hQnlVAXP6r4HwrlLFPG.png"", ""name"": ""Metro-Goldwyn-Mayer"", ""origin_country"": ""US""}]","[{""iso_3166_1"": ""US"", ""name"": ""United States of America""}]","[{""english_name"": ""English"", ""iso_639_1"": ""en"", ""name"": ""English""}]","[""US""]",null
16986,The Obama Deception,The Obama Deception,"Controversial radio host Alex Jones presents his case that Obama was not the beacon of hope he was portrayed as, but rather just another cog in the immoral government & corporate regime.",,Released,False,True,2009-03-15,111,0,0,0.4399,6.0,30,en,,tt1558865,/gVfDzUeyR8On3U9DcaKxzJCKGhq.jpg,,"[{""id"": 99, ""name"": ""Documentary""}]","[{""id"": 4572, ""logo_path"": null, ""name"": ""Alex Jones Productions"", ""origin_country"": """"}]","[{""iso_3166_1"": ""US"", ""name"": ""United States of America""}]","[{""english_name"": ""German"", ""iso_639_1"": ""de"", ""name"": ""Deutsch""}, {""english_name"": ""English"", ""iso_639_1"": ""en"", ""name"": ""English""}]","[""US""]",null
16987,Kaho Naa... Pyaar Hai,कहो ना प्यार है,"Sonia and Rohit love each other but Rohit is mysteriously killed. When Sonia moves to New Zealand, she meets Raj, Rohit's lookalike who helps her trace Rohit's killer.",Believe In Love,Released,False,False,2000-01-14,172,0,0,2.373,6.688,149,hi,,tt0234000,/alALytPcaZyQkzOjnRgHMSRv8fq.jpg,/maXxt6GuXk67NTjtqlbo04xCtf3.jpg,"[{""id"": 10749, ""name"": ""Romance""}, {""id"": 18, ""name"": ""Drama""}, {""id"": 28, ""name"": ""Action""}, {""id"": 35, ""name"": ""Comedy""}]","[{""id"": 64779, ""logo_path"": null, ""name"": ""Film Kraft"", ""origin_country"": ""IN""}]","[{""iso_3166_1"": ""IN"", ""name"": ""India""}]","[{""english_name"": ""Hindi"", ""iso_639_1"": ""hi"", ""name"": ""\u0939\u093f\u0928\u094d\u0926\u0940""}]","[""IN""]",null
16988,How She Move,How She Move,"After the death of Raya Green's sister, she gets out from her classes at school, and sees a stomp crew practicing. She meets Bishop which is the dance crew leader. She then meets Michelle and does a stomp battle with her. They become enemies then friends later on. Her uptight mom pushes her to pass the test to get into Medical school, but she thinks she failed....",,Released,False,False,2008-01-15,94,0,0,1.3303,4.7,36,en,,tt0770810,/xbQnpPZZXfuYcYs4n1AgH0Tjgi6.jpg,/kfVNOnxh1nImhROvHwOlqqHD3NF.jpg,"[{""id"": 18, ""name"": ""Drama""}]","[{""id"": 806, ""logo_path"": ""/kcNh09qqR2Pkw1JAzRW4CommrW4.png"", ""name"": ""T\u00e9l\u00e9film Canada"", ""origin_country"": ""CA""}, {""id"": 746, ""logo_path"": ""/kc7bdIVTBkJYy9aDK1QDDTAL463.png"", ""name"": ""MTV Films"", ""origin_country"": ""US""}, {""id"": 860, ""logo_path"": ""/aWrTeKCGu9jjsiiVSDsALC3vxu4.png"", ""name"": ""Celluloid Dreams"", ""origin_country"": ""FR""}, {""id"": 2743, ""logo_path"": null, ""name"": ""Astral Media"", ""origin_country"": ""CA""}, {""id"": 23486, ""logo_path"": ""/eHAfNL2kzq0SDkQXNt2WpK4wR2z.png"", ""name"": ""Sienna Films"", ""origin_country"": ""CA""}, {""id"": 11569, ""logo_path"": null, ""name"": ""Chum Television"", ""origin_country"": ""CA""}, {""id"": 11550, ""logo_path"": ""/3oQFsgYn68gvDAkELfiX4tn65Ui.png"", ""name"": ""Corus Entertainment"", ""origin_country"": ""CA""}, {""id"": 22208, ""logo_path"": null, ""name"": ""The Harold Greenberg Fund"", ""origin_country"": ""CA""}, {""id"": 11551, ""logo_path"": null, ""name"": ""Movie Central Network"", ""origin_country"": ""CA""}, {""id"": 11576, ""logo_path"": ""/nPWH2auzLf3DLXRlhqqAZnsWLyv.png"", ""name"": ""Ontario Media Development Corporation"", ""origin_country"": ""CA""}, {""id"": 12116, ""logo_path"": null, ""name"": ""Shaw Rocket Fund"", ""origin_country"": ""CA""}, {""id"": 53476, ""logo_path"": null, ""name"": ""CTF | FCT"", ""origin_country"": ""CA""}, {""id"": 808, ""logo_path"": ""/4L1apH72jCx6Z5qyH7UOJUDlRoF.png"", ""name"": ""The Movie Network"", ""origin_country"": ""CA""}]","[{""iso_3166_1"": ""CA"", ""name"": ""Canada""}, {""iso_3166_1"": ""FR"", ""name"": ""France""}, {""iso_3166_1"": ""US"", ""name"": ""United States of America""}]","[{""english_name"": ""English"", ""iso_639_1"": ""en"", ""name"": ""English""}]","[""CA"", ""US""]",null
16989,Heartlift,Lifting de corazón,Pep Munné is an aging plastic surgeon who falls for a young female assistant (Mariana Anghileri) while attending a medical conference. Soon he begins inventing new reasons to spend more time with her. His wife Cristina (María Barranco) begins meeting with a psychiatrist (Jean Pierre Noher) in order to figure out what is going on in her marriage.,,Released,False,False,2005-11-30,90,0,0,0.3296,3.8,6,es,,tt0459883,/fNkOdn5CQ1oKleStPSk8gIQxgri.jpg,/rnHOVHtdYLiRxw1GxZCBuyVWwa5.jpg,"[{""id"": 18, ""name"": ""Drama""}, {""id"": 35, ""name"": ""Comedy""}, {""id"": 10749, ""name"": ""Romance""}]","[{""id"": 10188, ""logo_path"": ""/es95AfZkgSEFwxub9zfhrjlnnCc.png"", ""name"": ""Aleph"", ""origin_country"": ""AR""}, {""id"": 37683, ""logo_path"": null, ""name"": ""Aquelarre Servicios Cinematograficos"", ""origin_country"": """"}, {""id"": 18544, ""logo_path"": null, ""name"": ""Cinema Digital"", ""origin_country"": """"}, {""id"": 6458, ""logo_path"": ""/eT4oMUK7ODM0vvZue8yq3Ojwqf8.png"", ""name"": ""INCAA"", ""origin_country"": ""AR""}, {""id"": 3137, ""logo_path"": null, ""name"": ""Jaleo Films"", ""origin_country"": """"}, {""id"": 108587, ""logo_path"": null, ""name"": ""Terraplen Producciones"", ""origin_country"": """"}]","[{""iso_3166_1"": ""AR"", ""name"": ""Argentina""}, {""iso_3166_1"": ""ES"", ""name"": ""Spain""}]","[{""english_name"": ""Spanish"", ""iso_639_1"": ""es"", ""name"": ""Espa\u00f1ol""}]","[""ES""]",null
16990,Escaflowne: The Movie,エスカフローネ,"Gaea is a mythical realm ruled by sword and sorcery and immersed in blood and violence. Thrust into a conflict she doesn't quite understand, Hitomi Kanzaki helps aid the young Prince Van as they embark upon a journey to fight the Black Dragon Clan. The battle over a legendary suit of dragon armor, Escaflowne, has begun.",One will wake it. One will destroy it.,Released,False,False,2000-06-24,98,0,0,4.2174,6.6,144,ja,,tt0270933,/y2McH8kPXp5otzuQNIFF50X4rOc.jpg,/aCtOsEn8XwksH7njSSAXJABk7bl.jpg,"[{""id"": 16, ""name"": ""Animation""}, {""id"": 12, ""name"": ""Adventure""}, {""id"": 18, ""name"": ""Drama""}, {""id"": 14, ""name"": ""Fantasy""}]","[{""id"": 528, ""logo_path"": ""/fO3Aof3lXQclYpBByYC8aneTXwA.png"", ""name"": ""Bandai Visual"", ""origin_country"": ""JP""}, {""id"": 3153, ""logo_path"": ""/yKZ9UarLSu9Y4Gpw33nKRQOPM7z.png"", ""name"": ""SUNRISE"", ""origin_country"": ""JP""}, {""id"": 2849, ""logo_path"": ""/cN3JNIKawjOMtfk0GBVIbsx69bg.png"", ""name"": ""BONES"", ""origin_country"": ""JP""}]","[{""iso_3166_1"": ""JP"", ""name"": ""Japan""}]","[{""english_name"": ""Japanese"", ""iso_639_1"": ""ja"", ""name"": ""\u65e5\u672c\u8a9e""}]","[""JP""]",null
16991,Observe and Report,Observe and Report,"Mall security guard Ronnie Barnhardt is called into action to stop a flasher from turning shopper's paradise into his personal peep show. But when Barnhardt can't bring the culprit to justice, a surly police detective is recruited to close the case.","Right now, the world needs a hero.",Released,False,False,2009-04-10,86,18000000,24007324,2.0696,5.4,740,en,https://www.warnerbros.com/observe-and-report,tt1197628,/zHuouWUKlRK0SeIjzTlmtoPLrFA.jpg,/aMUBgI9LyeX4QJ5Y1cizPFPpAYD.jpg,"[{""id"": 35, ""name"": ""Comedy""}, {""id"": 80, ""name"": ""Crime""}, {""id"": 18, ""name"": ""Drama""}]","[{""id"": 923, ""logo_path"": ""/5UQsZrfbfG2dYJbx8DxfoTr2Bvu.png"", ""name"": ""Legendary Pictures"", ""origin_country"": ""US""}, {""id"": 2609, ""logo_path"": ""/ocmrEBfmecJvrbIM4C50vjYWtlq.png"", ""name"": ""De Line Pictures"", ""origin_country"": ""US""}]","[{""iso_3166_1"": ""US"", ""name"": ""United States of America""}]","[{""english_name"": ""English"", ""iso_639_1"": ""en"", ""name"": ""English""}]","[""US""]",null
16992,The Boxer,The Boxer,"Nineteen-year-old Danny Flynn is imprisoned for his involvement with the I.R.A. in Belfast. He leaves behind his family and his sixteen-year-old girlfriend, Maggie Hamill. Fourteen years later, Danny is released from prison and returns to his old working class neighborhood to resume his life as a boxer.",Love is always worth fighting for.,Released,False,False,1997-12-31,114,0,16534578,2.5454,6.707,299,en,,tt0118760,/wsbNQWMQV4HwwqXtvQUoBfiBzK8.jpg,/37iU8su1kQgylRqpbhzGb2KtrWF.jpg,"[{""id"": 18, ""name"": ""Drama""}, {""id"": 10749, ""name"": ""Romance""}]","[{""id"": 33, ""logo_path"": ""/8lvHyhjr8oUKOOy2dKXoALWKdp0.png"", ""name"": ""Universal Pictures"", ""origin_country"": ""US""}, {""id"": 2307, ""logo_path"": ""/owHyONluEVR9YdJtJv3XfTacKWD.png"", ""name"": ""Hell's Kitchen"", ""origin_country"": ""IE""}]","[{""iso_3166_1"": ""IE"", ""name"": ""Ireland""}, {""iso_3166_1"": ""GB"", ""name"": ""United Kingdom""}, {""iso_3166_1"": ""US"", ""name"": ""United States of America""}]","[{""english_name"": ""English"", ""iso_639_1"": ""en"", ""name"": ""English""}]","[""IE"", ""US""]",null
16993,Fat City,Fat City,"Two men, working as professional boxers, come to blows when their careers each begin to take opposite momentum.",Life is what happens in between rounds.,Released,False,False,1972-07-26,97,0,0,1.4689,7.065,178,en,,tt0068575,/7ag7BOMnAuDKwNyI0wc8jTeimRb.jpg,/fHKyWtxGIDQ21JcL7Le6rmX36Q1.jpg,"[{""id"": 18, ""name"": ""Drama""}]","[{""id"": 5, ""logo_path"": ""/71BqEFAF4V3qjjMPCpLuyJFB9A.png"", ""name"": ""Columbia Pictures"", ""origin_country"": ""US""}, {""id"": 1177, ""logo_path"": ""/gxvrQWG6byKMVEHMjTJjGhRlARQ.png"", ""name"": ""Rastar Productions"", ""origin_country"": ""US""}]","[{""iso_3166_1"": ""US"", ""name"": ""United States of America""}]","[{""english_name"": ""English"", ""iso_639_1"": ""en"", ""name"": ""English""}, {""english_name"": ""Spanish"", ""iso_639_1"": ""es"", ""name"": ""Espa\u00f1ol""}]","[""US""]",null
16994,Grown Ups,Les Grandes personnes,"Every year, Albert buys his daughter an initiatory journey to a European country. For her 17th birthday he chooses a trip to Sweden to look for a Viking's treasure. When they arrive in the rented house, it is occupied by Anika and Christine, forcing them into an unusual cohabitation.",,Released,False,False,2008-11-12,84,0,0,0.926,5.6,26,fr,,tt1087851,/8eIw3DRoLVr1AaZKd9ycXY0V1Lh.jpg,/cZCg7iQHyulIXSJlAZLxmtzeE7o.jpg,"[{""id"": 35, ""name"": ""Comedy""}]","[{""id"": 6960, ""logo_path"": ""/trBnlOgJMYZrU4aOMGGvQdj51vj.png"", ""name"": ""Moteur s'il vous pla\u00eet"", ""origin_country"": ""FR""}, {""id"": 17614, ""logo_path"": null, ""name"": ""dfm Fiktion"", ""origin_country"": ""SE""}, {""id"": 2801, ""logo_path"": ""/bswb1PLLsKDUXMLgy42bZtCtIde.png"", ""name"": ""Film i V\u00e4st"", ""origin_country"": ""SE""}]","[{""iso_3166_1"": ""FR"", ""name"": ""France""}, {""iso_3166_1"": ""SE"", ""name"": ""Sweden""}]","[{""english_name"": ""English"", ""iso_639_1"": ""en"", ""name"": ""English""}, {""english_name"": ""French"", ""iso_639_1"": ""fr"", ""name"": ""Fran\u00e7ais""}, {""english_name"": ""Swedish"", ""iso_639_1"": ""sv"", ""name"": ""svenska""}]","[""FR""]",null
16995,State of Play,State of Play,"When a congressional aide is killed, a Washington, D.C. journalist starts investigating the case involving the Representative, his old college friend.",Find the truth,Released,False,False,2009-04-17,127,60000000,87800000,4.9335,6.804,2115,en,http://www.stateofplaymovie.net/,tt0473705,/mWsfeSFUM3NxWa62UrA9IIn240B.jpg,/n6ggvrNiiDBGcymaomQPeVsIfUg.jpg,"[{""id"": 53, ""name"": ""Thriller""}, {""id"": 80, ""name"": ""Crime""}, {""id"": 9648, ""name"": ""Mystery""}]","[{""id"": 1683, ""logo_path"": null, ""name"": ""Andell Entertainment"", ""origin_country"": ""US""}, {""id"": 10163, ""logo_path"": ""/16KWBMmfPX0aJzDExDrPxSLj0Pg.png"", ""name"": ""Working Title Films"", ""origin_country"": ""GB""}, {""id"": 694, ""logo_path"": ""/5LEHONGkZBIoWvp1ygHOF8iyi1M.png"", ""name"": ""StudioCanal"", ""origin_country"": ""FR""}, {""id"": 7295, ""logo_path"": ""/5MYE96QiE5a5oFhXxFb4y8ILSpw.png"", ""name"": ""Relativity Media"", ""origin_country"": ""US""}]","[{""iso_3166_1"": ""FR"", ""name"": ""France""}, {""iso_3166_1"": ""GB"", ""name"": ""United Kingdom""}, {""iso_3166_1"": ""US"", ""name"": ""United States of America""}]","[{""english_name"": ""Cantonese"", ""iso_639_1"": ""cn"", ""name"": ""\u5e7f\u5dde\u8bdd / \u5ee3\u5dde\u8a71""}, {""english_name"": ""English"", ""iso_639_1"": ""en"", ""name"": ""English""}, {""english_name"": ""French"", ""iso_639_1"": ""fr"", ""name"": ""Fran\u00e7ais""}]","[""US""]",null
16996,17 Again,17 Again,"On the brink of a midlife crisis, 30-something Mike O'Donnell wishes he could have a ""do-over."" And that's exactly what he gets when he wakes up one morning to find he's 17 years old again. With his adult mind stuck inside the body of a teenager, Mike actually has the chance to reverse some decisions he wishes he'd never made. But maybe they weren't so bad after all.",Who says you're only young once?,Released,False,False,2009-03-11,102,20000000,136300000,6.1369,6.313,5380,en,http://www.17againmovie.com/,tt0974661,/yEcfFXEWpuXcfsR9nKESVCFneqV.jpg,/mjSiMvkpDk11AQrMxQNf4rDWKx2.jpg,"[{""id"": 35, ""name"": ""Comedy""}, {""id"": 14, ""name"": ""Fantasy""}, {""id"": 18, ""name"": ""Drama""}, {""id"": 10749, ""name"": ""Romance""}]","[{""id"": 12, ""logo_path"": ""/2ycs64eqV5rqKYHyQK0GVoKGvfX.png"", ""name"": ""New Line Cinema"", ""origin_country"": ""US""}, {""id"": 2378, ""logo_path"": ""/5xDJwLbyyt8IXuRAsR7kVibLDYF.png"", ""name"": ""Offspring Entertainment"", ""origin_country"": ""US""}]","[{""iso_3166_1"": ""US"", ""name"": ""United States of America""}]","[{""english_name"": ""English"", ""iso_639_1"": ""en"", ""name"": ""English""}]","[""US""]",null
16997,The Man Who Came Back,The Man Who Came Back,"Framed for murder and left for dead, a local legend comes back to make the guilty pay as he seeks revenge on those who killed his family, in this traditional Western about one man who stood against injustice.",,Released,False,False,2008-02-08,122,0,0,1.6741,4.3,18,en,,tt1013651,/6OfVU5s6mtnbz5my8H37a4UBMs0.jpg,/yukQANGURN71dezrGp0ntyLT0sw.jpg,"[{""id"": 28, ""name"": ""Action""}, {""id"": 18, ""name"": ""Drama""}, {""id"": 37, ""name"": ""Western""}]","[{""id"": 11842, ""logo_path"": ""/eNw316EUzXBLVOzlZPVwOcPKoDw.png"", ""name"": ""Company Pictures"", ""origin_country"": ""GB""}, {""id"": 12249, ""logo_path"": null, ""name"": ""Gudegast Braeden Productions"", ""origin_country"": """"}, {""id"": 12250, ""logo_path"": null, ""name"": ""Scott Hamilton Public Relations"", ""origin_country"": """"}, {""id"": 12251, ""logo_path"": null, ""name"": ""Stephen Bowen Productions"", ""origin_country"": """"}]","[{""iso_3166_1"": ""US"", ""name"": ""United States of America""}]","[{""english_name"": ""English"", ""iso_639_1"": ""en"", ""name"": ""English""}]","[""US""]",null
16998,The Moustache,La Moustache,"One day, on a whim, Marc decides to shave off the moustache he's worn all of his adult life. He waits patiently for his wife's reaction, but neither she nor his friends seem to notice. Stranger still, when he finally tells them, they all insist he never had a moustache. Is Marc going mad? Is he the victim of some elaborate conspiracy? Or has something in the world's order gone terribly awry?",,Released,False,False,2005-06-09,87,0,0,1.1782,6.1,117,fr,,tt0428856,/4xTwprpMi7KpMukbGl21CMCz4sk.jpg,/aiLN4aPYHnVhY07MBIqJ44xbJQm.jpg,"[{""id"": 18, ""name"": ""Drama""}, {""id"": 9648, ""name"": ""Mystery""}]","[{""id"": 2280, ""logo_path"": ""/rYrkINGzLKCsL74y2A9zPDaSwUG.png"", ""name"": ""Les Films des Tournelles"", ""origin_country"": ""FR""}, {""id"": 866, ""logo_path"": ""/dEPHAPpbcgbOnBcJfqeCYVRUYF9.png"", ""name"": ""Path\u00e9 Renn Productions"", ""origin_country"": ""FR""}, {""id"": 591, ""logo_path"": ""/q5I5RDwMEiqoNmfaJgd2LraEOJY.png"", ""name"": ""France 3 Cin\u00e9ma"", ""origin_country"": ""FR""}]","[{""iso_3166_1"": ""FR"", ""name"": ""France""}]","[{""english_name"": ""Mandarin"", ""iso_639_1"": ""zh"", ""name"": ""\u666e\u901a\u8bdd""}, {""english_name"": ""French"", ""iso_639_1"": ""fr"", ""name"": ""Fran\u00e7ais""}]","[""FR""]",null
16999,Fire and Ice: The Dragon Chronicles,Fire and Ice: The Dragon Chronicles,Princess Luisa and knight Gabriel must face a dragon to save their kingdom.,"When danger strikes from above, it either burns your soul or freezes you to death.",Released,False,False,2008-09-18,84,3000000,0,0.9398,5.1,72,en,http://www.fireandice.ro/,tt1135493,/rIctEnkOra3vjZP1I31fepIgUjF.jpg,/kF7wNxASM21cvHwDofFIt6Asyr.jpg,"[{""id"": 18, ""name"": ""Drama""}, {""id"": 14, ""name"": ""Fantasy""}, {""id"": 12, ""name"": ""Adventure""}]","[{""id"": 3244, ""logo_path"": null, ""name"": ""Media Pro Pictures"", ""origin_country"": ""RO""}]","[{""iso_3166_1"": ""RO"", ""name"": ""Romania""}]","[{""english_name"": ""English"", ""iso_639_1"": ""en"", ""name"": ""English""}]","[""RO""]",null
17000,Coldplay: Live 2003,Coldplay: Live 2003,"On tour promoting their 2002 studio album ‘A Rush of Blood to the Head’, English pop rock band Coldplay performs a live show at the Hordern Pavilion in Sydney, Australia in July 2003.",,Released,False,False,2003-11-04,90,0,0,0.6541,7.5,15,en,,tt0391872,/by5G7aSsKQsAmuboZiWNqYJOPz7.jpg,/ikeLIUKAhXLQiWPaYrhBK2L8EHj.jpg,"[{""id"": 10402, ""name"": ""Music""}]","[{""id"": 7150, ""logo_path"": ""/6wf9IWd1MKS3UR5cKVj5MMcyZcQ.png"", ""name"": ""Capitol Records"", ""origin_country"": ""US""}, {""id"": 19669, ""logo_path"": null, ""name"": ""Parlophone"", ""origin_country"": """"}]","[{""iso_3166_1"": ""GB"", ""name"": ""United Kingdom""}]","[{""english_name"": ""English"", ""iso_639_1"": ""en"", ""name"": ""English""}]","[""US""]",null
17001,Any Way the Wind Blows,Any Way the Wind Blows,"Antwerp, early June. On a sweltering Friday, eight people dream of a different life. There is wind and music, police and paranoia, gossip and arguing. There's an ancient virus, a lost Frisbee, a dead horse, and, wandering the city, an enigmatic phenomenon called Windman who feels everyone's pain but can't seem to help himself. In the evening a party awaits them...",,Released,False,False,2003-05-17,127,0,0,0.468,6.8,23,en,http://www.anywaythewindblows.com/,tt0331175,/a83O7SAIcHyUuXESl1cfhcwnhf.jpg,/k6081p3YV0w4Aqv1iuuEmx8TLh5.jpg,"[{""id"": 18, ""name"": ""Drama""}, {""id"": 35, ""name"": ""Comedy""}]","[{""id"": 3740, ""logo_path"": null, ""name"": ""Corridor"", ""origin_country"": """"}]","[{""iso_3166_1"": ""BE"", ""name"": ""Belgium""}]","[{""english_name"": ""French"", ""iso_639_1"": ""fr"", ""name"": ""Fran\u00e7ais""}, {""english_name"": ""English"", ""iso_639_1"": ""en"", ""name"": ""English""}, {""english_name"": ""Dutch"", ""iso_639_1"": ""nl"", ""name"": ""Nederlands""}]","[""US""]",null
17002,Leur morale… et la nôtre,Leur morale… et la nôtre,"On peut être un couple de bons Français, toujours amoureux, parents modèles, travailleurs et économes jusqu'à la manie et écouler au noir dans le sous-sol de sa villa de Béziers hyper sécurisée, des godasses de son ancien magasin et des produits ""satisfaits ou remboursés"" qu'on détourne dans tous les supermarchés de la région. A chacun sa morale !",,Released,False,False,2008-08-27,100,0,0,0.5866,4.0,12,fr,,tt1064964,/9CM8u6Qi5HaA54qAgroBjdYkzlG.jpg,/kt8xaSKMi0nDmXUdAZk36vKtixH.jpg,"[{""id"": 35, ""name"": ""Comedy""}]","[{""id"": 104, ""logo_path"": ""/9aotxauvc9685tq9pTcRJszuT06.png"", ""name"": ""Canal+"", ""origin_country"": ""FR""}, {""id"": 11778, ""logo_path"": ""/rIiLv4yt20WOQAk1HD1EvLOfDgh.png"", ""name"": ""F Comme Film"", ""origin_country"": ""FR""}, {""id"": 83, ""logo_path"": ""/9OQ0rm55xtlgX7KcAKMUePJSrQc.png"", ""name"": ""France 2 Cin\u00e9ma"", ""origin_country"": ""FR""}, {""id"": 9, ""logo_path"": ""/nda3dTUYdDrJ6rZqBpYvY865aDv.png"", ""name"": ""Gaumont"", ""origin_country"": ""FR""}, {""id"": 117606, ""logo_path"": null, ""name"": ""Sofica SGAM AI Cin\u00e9ma 1"", ""origin_country"": """"}, {""id"": 6586, ""logo_path"": null, ""name"": ""TPS Star"", ""origin_country"": ""FR""}, {""id"": 117607, ""logo_path"": null, ""name"": ""Uni Etoile 6"", ""origin_country"": """"}]","[{""iso_3166_1"": ""FR"", ""name"": ""France""}]","[{""english_name"": ""French"", ""iso_639_1"": ""fr"", ""name"": ""Fran\u00e7ais""}]","[""FR""]",null
17003,Sugar,Sugar,"Like many young men in the Dominican Republic, 19-year-old Miguel ""Sugar"" Santos dreams of winning a slot on an American baseball team. Indeed, his talents as a pitcher eventually land him a slot on a single-A team in Iowa, but culture shock, racism and other curveballs threaten to turn Sugar's dream sour.","For Miguel ""Sugar"" Santos, his curveball was his ticket out.",Released,False,False,2008-04-03,114,0,0,1.6882,6.622,74,en,http://www.sonyclassics.com/sugar,tt0990413,/ldiKnTAt8pBB3rY6HQI4QZt6r7n.jpg,/DsG28k7nsej7PQirbdWLbIPoXZ.jpg,"[{""id"": 18, ""name"": ""Drama""}]","[{""id"": 94624, ""logo_path"": null, ""name"": ""Serie 23 Productions"", ""origin_country"": ""DO""}, {""id"": 74103, ""logo_path"": null, ""name"": ""Gowanus Projections"", ""origin_country"": ""US""}, {""id"": 7429, ""logo_path"": ""/6in9uMqxXEHx5XgYgkeRBpZ4rPw.png"", ""name"": ""HBO Films"", ""origin_country"": ""US""}]","[{""iso_3166_1"": ""DO"", ""name"": ""Dominican Republic""}, {""iso_3166_1"": ""US"", ""name"": ""United States of America""}]","[{""english_name"": ""Spanish"", ""iso_639_1"": ""es"", ""name"": ""Espa\u00f1ol""}, {""english_name"": ""Italian"", ""iso_639_1"": ""it"", ""name"": ""Italiano""}, {""english_name"": ""English"", ""iso_639_1"": ""en"", ""name"": ""English""}]","[""US""]",null
17004,Ba'al,Ba'al,"A world-renowned archaeologist must reawaken the storm god Ba'al by collecting four ancient amulets scattered around the world. As each amulet is uncovered, Ba'al's fury threatens to destroy everything in its path with the most powerful storm mankind has ever seen.",There'll be hell to pay,Released,False,False,2008-09-13,90,0,0,1.1186,4.0,28,en,http://www.insightfilm.com/baal.html,tt1122761,/y3l86vkgmRHaOxkmV7Q3LfIcuPV.jpg,/dVSJNSP2IEXwsJDhPClcwkIII8j.jpg,"[{""id"": 14, ""name"": ""Fantasy""}, {""id"": 12, ""name"": ""Adventure""}, {""id"": 10770, ""name"": ""TV Movie""}, {""id"": 28, ""name"": ""Action""}]","[{""id"": 2865, ""logo_path"": ""/5O0gp5QS3n9ZPRvWFxaWa6QPpGX.png"", ""name"": ""Insight Film Studios"", ""origin_country"": ""CA""}, {""id"": 7209, ""logo_path"": null, ""name"": ""Baal Productions"", ""origin_country"": """"}, {""id"": 10399, ""logo_path"": null, ""name"": ""CineTel Films"", ""origin_country"": ""US""}, {""id"": 14987, ""logo_path"": ""/hujjtUnpgnARRGR7S3UtbW9S2Jb.png"", ""name"": ""Two 4 The Money Media"", ""origin_country"": ""CA""}]","[{""iso_3166_1"": ""US"", ""name"": ""United States of America""}, {""iso_3166_1"": ""CA"", ""name"": ""Canada""}]","[{""english_name"": ""English"", ""iso_639_1"": ""en"", ""name"": ""English""}]","[""CA"", ""US""]",null
17005,Bitten,Bitten,"A lovelorn paramedic rescues a woman left for dead after a deadly assault. When she refuses to go to the hospital, he takes her in, nurses her back to health and soon falls in love with her. Before long the mysterious woman suffers withdrawal symptoms, leaving the paramedic to believe his newfound love is a drug addict. Coming home to find a blood-drained corpse on his floor, he learns she does indeed have an addiction problem but it's not to drugs...",Relationships can be draining.,Released,False,False,2008-06-29,89,0,0,0.9827,5.4,78,en,,tt1249294,/4Uzdlx9m91MvwJWcRAnjxhtv0Rc.jpg,/mS3EIdDLW4Qs5HA1nXHofo9OBr5.jpg,"[{""id"": 35, ""name"": ""Comedy""}, {""id"": 27, ""name"": ""Horror""}, {""id"": 10749, ""name"": ""Romance""}, {""id"": 53, ""name"": ""Thriller""}, {""id"": 80, ""name"": ""Crime""}, {""id"": 28, ""name"": ""Action""}]","[{""id"": 5224, ""logo_path"": null, ""name"": ""Once Bitten Films"", ""origin_country"": """"}]","[{""iso_3166_1"": ""CA"", ""name"": ""Canada""}]","[{""english_name"": ""English"", ""iso_639_1"": ""en"", ""name"": ""English""}]","[""CA""]",null
17006,I'm Gonna Git You Sucka,I'm Gonna Git You Sucka,"Jack Spade returns from the army in his old ghetto neighbourhood when his brother, June Bug, dies. Jack declares war on Mr. Big, powerful local crimelord. His army is led by John Slade, his childhood idol who used to fight bad guys in the 70s.",It's Tough To Be A Black Hero.,Released,False,False,1988-11-10,88,3000000,13000000,2.8937,6.3,209,en,,tt0095348,/4PZ0CED293fkLjwhPOQ6BpbUgU2.jpg,/z3tAdLDRWqoMgtl349aStimMtIs.jpg,"[{""id"": 35, ""name"": ""Comedy""}, {""id"": 28, ""name"": ""Action""}, {""id"": 80, ""name"": ""Crime""}]","[{""id"": 5441, ""logo_path"": null, ""name"": ""Ivory Way Productions"", ""origin_country"": """"}, {""id"": 21149, ""logo_path"": null, ""name"": ""Front Films"", ""origin_country"": """"}, {""id"": 21150, ""logo_path"": null, ""name"": ""Raymond Katz Production"", ""origin_country"": """"}, {""id"": 60, ""logo_path"": ""/4YldLvCWQL9VIAHQ2Fu3Ffkh9Si.png"", ""name"": ""United Artists"", ""origin_country"": ""US""}, {""id"": 21, ""logo_path"": ""/usUnaYV6hQnlVAXP6r4HwrlLFPG.png"", ""name"": ""Metro-Goldwyn-Mayer"", ""origin_country"": ""US""}]","[{""iso_3166_1"": ""US"", ""name"": ""United States of America""}]","[{""english_name"": ""English"", ""iso_639_1"": ""en"", ""name"": ""English""}]","[""US""]",null
17007,Call Me Claus,Call Me Claus,"When Lucy Cullins, a successful but cranky producer at a home shopping network hires an actor named Nick to play Santa Claus on the network, she gets more than she bargained for.","If She's Going To Save Christmas, She's Got Some Big Shoes To Fill.",Released,False,False,2001-12-03,90,0,0,2.0109,5.7,182,en,,tt0272018,/crP1L0S7F5RwrfZ6t25dJSsbzNy.jpg,/tfxqUsrqvBcFDxQU9qpQQ21klmk.jpg,"[{""id"": 10770, ""name"": ""TV Movie""}, {""id"": 10751, ""name"": ""Family""}]","[{""id"": 559, ""logo_path"": ""/eC0bWHVjnjUducyA6YFoEFqnPMC.png"", ""name"": ""TriStar Pictures"", ""origin_country"": ""US""}]","[{""iso_3166_1"": ""US"", ""name"": ""United States of America""}]","[{""english_name"": ""English"", ""iso_639_1"": ""en"", ""name"": ""English""}]","[""US""]",null
17008,Die Geschichte vom Brandner Kaspar,Die Geschichte vom Brandner Kaspar,"70-year old Brandner Kaspar lives with his granddaughter Nannerl in the mountains at the Schliersee. As he is visited by the Death and wants to take him, Brandner Kaspar tricks him and gets another 20 years of life.",,Released,False,False,2008-10-16,105,5000000,8623057,0.4752,6.6,33,de,http://www.brandnerkaspar-derfilm.de/,tt1148770,/ApQSblNqdxp9iFT7Ui10xa3ovSM.jpg,/Au9NAcuMoCOMjMdHgcuRpZjde4J.jpg,"[{""id"": 35, ""name"": ""Comedy""}, {""id"": 18, ""name"": ""Drama""}]","[{""id"": 2247, ""logo_path"": null, ""name"": ""Clasart Film"", ""origin_country"": """"}, {""id"": 23417, ""logo_path"": null, ""name"": ""Perathon Film-und Fernsehproduktions"", ""origin_country"": ""DE""}, {""id"": 1469, ""logo_path"": ""/AwbErjR0AMpVnN9PbdHiBB3g3q0.png"", ""name"": ""Tele M\u00fcnchen"", ""origin_country"": ""DE""}]","[{""iso_3166_1"": ""DE"", ""name"": ""Germany""}]","[{""english_name"": ""German"", ""iso_639_1"": ""de"", ""name"": ""Deutsch""}]","[""DE"", ""AT""]",null
17009,Jetsons: The Movie,Jetsons: The Movie,George Jetson is forced to uproot his family when Mr. Spacely promotes him to take charge of a new factory on a distant planet.,The first movie from the family that's truly ahead of its time!,Released,False,False,1990-06-06,82,0,0,2.3306,6.0,206,en,,tt0099878,/u7MciwvfyYrvZEua22wz48Puu7O.jpg,/lQdlgYjRoiZPQElWhuIkwCnAxS7.jpg,"[{""id"": 16, ""name"": ""Animation""}, {""id"": 35, ""name"": ""Comedy""}, {""id"": 10751, ""name"": ""Family""}, {""id"": 878, ""name"": ""Science Fiction""}]","[{""id"": 1353, ""logo_path"": ""/yXhCcOFK5Fy3ZBQwhBYx8Zu9ZIw.png"", ""name"": ""Hanna-Barbera Cartoons"", ""origin_country"": ""US""}, {""id"": 33, ""logo_path"": ""/8lvHyhjr8oUKOOy2dKXoALWKdp0.png"", ""name"": ""Universal Pictures"", ""origin_country"": ""US""}]","[{""iso_3166_1"": ""US"", ""name"": ""United States of America""}]","[{""english_name"": ""English"", ""iso_639_1"": ""en"", ""name"": ""English""}]","[""US""]",null
17010,The Ketchup Effect,Hip hip hora!,A teenager's reputation is destroyed when she falls asleep drunk at a party and some boys take provocative photos of her.,,Released,False,False,2004-01-30,90,0,0,0.5556,5.2,48,sv,,tt0385751,/dv9wzD01o9ODfjkNQHfy7VCjeyY.jpg,/3kXUvygK8YAw3hAG5Xvm6IdqZMt.jpg,"[{""id"": 35, ""name"": ""Comedy""}, {""id"": 18, ""name"": ""Drama""}]","[{""id"": 2669, ""logo_path"": ""/xuSvgLUZJyrY4IO1jBpmlqpHqyc.png"", ""name"": ""Filmlance International"", ""origin_country"": ""SE""}, {""id"": 440, ""logo_path"": ""/z10otS2BrUXXlIH5zGBP5dnhTPe.png"", ""name"": ""Kinoproduction"", ""origin_country"": ""FI""}, {""id"": 2802, ""logo_path"": ""/7L7VUXTBLiHruhUjYJebV46uw3c.png"", ""name"": ""TV4"", ""origin_country"": ""SE""}, {""id"": 5975, ""logo_path"": ""/vvjgoKygWWYZvYyidT3RmOCq5If.png"", ""name"": ""YLE"", ""origin_country"": ""FI""}, {""id"": 17540, ""logo_path"": null, ""name"": ""CineStar Rental"", ""origin_country"": ""SE""}, {""id"": 2105, ""logo_path"": ""/48jOgfdOkjNXwHPhbtpHj1H8kRt.png"", ""name"": ""Thura Film"", ""origin_country"": ""DK""}, {""id"": 117530, ""logo_path"": null, ""name"": ""Wildfield"", ""origin_country"": ""SE""}]","[{""iso_3166_1"": ""DK"", ""name"": ""Denmark""}, {""iso_3166_1"": ""FI"", ""name"": ""Finland""}, {""iso_3166_1"": ""SE"", ""name"": ""Sweden""}]","[{""english_name"": ""Swedish"", ""iso_639_1"": ""sv"", ""name"": ""svenska""}]","[""SE""]",null
17011,Mini Punjab,Mini Punjab,"The Film Pans not just through the various shades of an emotional drama, but all the spicy sprinklings of Love, Hate, Comedy, Action and Tragedy. The sparkle of Love at Mini Punjab has dimmed by the shadows of social evils, be it racial discrimination, hatred, revenge or jealousy. And the ditch between hearts of the people here seems to be only widening.....",,Released,False,False,2009-04-17,128,0,0,0.2132,0.0,0,en,http://www.minipunjabthemovie.com/,tt1510275,/drSclPml1ck6RRNbfVWKhl4jmVF.jpg,/qURk1tkZpv8YWyxJhIrMWh4HwZs.jpg,[],[],"[{""iso_3166_1"": ""IN"", ""name"": ""India""}]","[{""english_name"": ""Punjabi"", ""iso_639_1"": ""pa"", ""name"": ""\u0a2a\u0a70\u0a1c\u0a3e\u0a2c\u0a40""}]","[""US""]",null
17012,Café de los maestros,Café de los maestros,"Coffee Masters is a documentary by Miguel Kohan, produced by Lita Stantic, Gustavo Santaolalla and Walter Salles. It tells the story of great tango of the old guard who, summoned by a rock musician, proposing a record to demonstrate its validity. This adventure, full of memories, humor and poignant moments, culminating with a presentation of the Masters at the Teatro Colon.",,Released,False,False,2008-06-26,90,0,0,0.4881,7.3,6,es,,tt1185589,/nlXNEZZ0OCtirvXJbmxD7O368LO.jpg,,"[{""id"": 99, ""name"": ""Documentary""}, {""id"": 10402, ""name"": ""Music""}]",[],"[{""iso_3166_1"": ""AR"", ""name"": ""Argentina""}]","[{""english_name"": ""Spanish"", ""iso_639_1"": ""es"", ""name"": ""Espa\u00f1ol""}]","[""AR""]",null
17013,Perfect Future,Futuro perfecto,,,Released,False,False,2007-11-15,84,0,0,0.1133,0.0,0,es,,tt0826218,/cr4CCwEDM59x9OC2BnU5dMECWsB.jpg,,[],[],"[{""iso_3166_1"": ""AR"", ""name"": ""Argentina""}]","[{""english_name"": ""Spanish"", ""iso_639_1"": ""es"", ""name"": ""Espa\u00f1ol""}]","[""AR""]",null
17015,Persuasion,Persuasion,"In early 19th-century England, dire financial straits reacquaint the aristocratic Anne Elliot with her wealthy ex-fiance Frederick Wentworth. The two must choose between either putting the past behind them or listening to their hearts.","A love lost, but never forgotten",Released,False,False,1995-05-01,104,1500000,5269757,4.1121,7.144,142,en,https://web.archive.org/web/20150402132323/http://www.sonypictures.com/movies/persuasion/,tt0114117,/10hycdhFLq3M3y0ONxIMSiY8Mrs.jpg,/evCHYeumw4Y4hikG4AG9o5yZXUW.jpg,"[{""id"": 18, ""name"": ""Drama""}, {""id"": 10749, ""name"": ""Romance""}]","[{""id"": 288, ""logo_path"": ""/aW0IpM9d4Zjj978EqgDVSxXXhTj.png"", ""name"": ""BBC Film"", ""origin_country"": ""GB""}, {""id"": 132236, ""logo_path"": null, ""name"": ""Mill\u00e9sime Productions"", ""origin_country"": """"}, {""id"": 10197, ""logo_path"": ""/lRah8iyzBZJ90ZgsKUIWUU9XnRu.png"", ""name"": ""GBH"", ""origin_country"": ""US""}, {""id"": 11359, ""logo_path"": ""/aqWJRi66t2oMPMmC60CdK9I3WQd.png"", ""name"": ""France 2"", ""origin_country"": ""FR""}]","[{""iso_3166_1"": ""FR"", ""name"": ""France""}, {""iso_3166_1"": ""GB"", ""name"": ""United Kingdom""}, {""iso_3166_1"": ""US"", ""name"": ""United States of America""}]","[{""english_name"": ""English"", ""iso_639_1"": ""en"", ""name"": ""English""}]","[""US"", ""GB""]",null
17017,La leyenda,La leyenda,Set in the dizzy world of TC 2000 racing La Leyenda tours the action genre overflowing with adrenaline and speed...,,Released,False,False,2008-11-20,92,0,0,0.3597,5.8,5,es,,tt1236438,/oX1c940LUwnLSgPS48QDd14HNqE.jpg,/ypfoGB4NpPC8zK8zEEfYjOAUuj9.jpg,"[{""id"": 28, ""name"": ""Action""}]","[{""id"": 34259, ""logo_path"": ""/qUcQmkCRJA3jjxqZBlJybWRmTsI.png"", ""name"": ""Pampa Films"", ""origin_country"": ""AR""}]","[{""iso_3166_1"": ""AR"", ""name"": ""Argentina""}]","[{""english_name"": ""Spanish"", ""iso_639_1"": ""es"", ""name"": ""Espa\u00f1ol""}]","[""ES""]",null
17019,The Camera Obscura,La cámara oscura,"At the end of the 19th century, a girl whom everyone considers ugly, becomes, over time, an insignificant woman, ignored by all. Yet she observes the world around her with a strange eagerness and finds signs of beauty everywhere she looks. Years later, a French photographer already married and with children arrives at her house. He will be the only person capable of seeing the beauty and the richness of her intense inner world.",,Released,False,False,2008-10-16,88,0,0,0.1632,5.8,6,es,,tt0977645,/r5sBv9aASSQOWi73UQcjcYni1xj.jpg,/58zMOSs2MGahDeEqLML7h2YxIJ3.jpg,"[{""id"": 18, ""name"": ""Drama""}, {""id"": 10402, ""name"": ""Music""}]","[{""id"": 80110, ""logo_path"": null, ""name"": ""Todo Cine"", ""origin_country"": ""AR""}]","[{""iso_3166_1"": ""AR"", ""name"": ""Argentina""}, {""iso_3166_1"": ""FR"", ""name"": ""France""}]","[{""english_name"": ""Spanish"", ""iso_639_1"": ""es"", ""name"": ""Espa\u00f1ol""}]","[""ES""]",null
17021,Adam & Steve,Adam & Steve,"Adam and Steve are two gay youths who have a one-night stand that ends embarrassingly. Nearly two decades later, Adam, now a Manhattan tour guide, and Steve, a psychiatrist, meet again -- but neither remembers the other from years before. The two begin dating, even playing matchmaker for their friends Michael and Rhonda, but their promising relationship hits a major snag when Adam and Steve finally recall their past connection.",A tempting new comedy,Released,False,False,2005-04-24,99,0,0,1.4671,5.5,43,en,,tt0372122,/peATXTLxUsLkWTa7S7R9dtLxbRF.jpg,/9btzUjRWAhhfO2xrujsSolYPX7B.jpg,"[{""id"": 35, ""name"": ""Comedy""}, {""id"": 10749, ""name"": ""Romance""}]","[{""id"": 141138, ""logo_path"": null, ""name"": ""TLA Releasing"", ""origin_country"": """"}, {""id"": 3103, ""logo_path"": null, ""name"": ""Funny Boy Films"", ""origin_country"": ""US""}]","[{""iso_3166_1"": ""US"", ""name"": ""United States of America""}]","[{""english_name"": ""English"", ""iso_639_1"": ""en"", ""name"": ""English""}]","[""US""]",null
17022,Michael Jackson: Number Ones,Michael Jackson: Number Ones,"Pop king Michael Jackson solidifies his title with this release of fifteen past number one hits. Songs include ""Don't Stop 'Til You Get Enough,"" ""Thriller,"" ""Black or White,"" and ""Blood on the Dancefloor.""",,Released,False,True,2003-11-18,91,0,0,0.8983,7.7,29,en,,tt0768131,/f7kpo7msdwvLawM5SF5e1caV9hP.jpg,/vssTbQDdLC1mcbato9EsAIdctxM.jpg,"[{""id"": 10402, ""name"": ""Music""}, {""id"": 99, ""name"": ""Documentary""}]","[{""id"": 89992, ""logo_path"": null, ""name"": ""Epic Music Video"", ""origin_country"": """"}, {""id"": 2936, ""logo_path"": null, ""name"": ""Limelight Productions"", ""origin_country"": """"}]","[{""iso_3166_1"": ""US"", ""name"": ""United States of America""}]","[{""english_name"": ""English"", ""iso_639_1"": ""en"", ""name"": ""English""}]","[""US""]",null
17023,Billy Joel: Live from the River of Dreams,Billy Joel: Live from the River of Dreams,"Previously only available in the ""Billy Joel: My Lives"" box set, this DVD features one of Billy's best concerts: Billy Joel live in Frankfurt, Germany in 1994 on the ""River of Dreams"" tour.",,Released,False,False,2005-11-22,77,0,0,0.2513,0.0,0,en,,tt0854117,/13sKYTpkBkuzMNvlxzyMRpXuxOB.jpg,,"[{""id"": 10402, ""name"": ""Music""}]",[],[],[],"[""US""]",null
17024,Slutty Summer,Slutty Summer,"Hunky writer Markus returns home to find his boyfriend of four years naked with another man. Newly single, he begins waiting tables at a swinging Chelsea hotspot where the indelible supporting cast of co-workers offers conflicting directions on the off-road map to love and lust in New York City. Peter insists on holding out for ""the one"", and Marilyn vows by her ""dating commandments."" Meanwhile, lascivious Luke promises the film its title by delivering firecracker quips on the joys of his sexcapades. He believes that sleeping around is the best medicine for a broken heart. Despite disillusion, Markus falls for gorgeous model Tyler who doesn't ""do relationships"" because how can you promise to love somebody forever? Surprising twists, and unlikely advice await, but by the end of one unforgettable SLUTTY SUMMER, happily ever after may just be the answer. Written",A somewhat romantic comedy,Released,False,False,2004-06-11,85,0,0,0.164,4.6,17,en,,tt0411883,/bf51g6twBsx9nfA2AK2iCFbEFvl.jpg,/vAIeoflh2r6sg2OBNsMKO5EjEZe.jpg,"[{""id"": 35, ""name"": ""Comedy""}, {""id"": 10749, ""name"": ""Romance""}]","[{""id"": 18480, ""logo_path"": null, ""name"": ""Embrem Entertainment"", ""origin_country"": """"}, {""id"": 175524, ""logo_path"": null, ""name"": ""Benur Films"", ""origin_country"": """"}, {""id"": 141138, ""logo_path"": null, ""name"": ""TLA Releasing"", ""origin_country"": """"}]","[{""iso_3166_1"": ""US"", ""name"": ""United States of America""}]","[{""english_name"": ""English"", ""iso_639_1"": ""en"", ""name"": ""English""}]","[""US""]",null
17025,Look,Look,"Interconnected stories are told entirely through images captured on security cameras in storage rooms, police cars, parking lots, shopping malls and other locations. Store manager Tony has affairs with the women who work under him, high schooler Sherri schemes to seduce teacher Berry, a pedophile stalks his next victim at a mall food court and two thieves go on a killing spree that links to other tales witnessed by the unseen electronic eyes.",Who is watching?,Released,False,False,2007-12-05,98,0,16136,1.3801,5.3,42,en,http://www.cinemacafe.net/official/look/,tt0810951,/w5zponAf51C6jEouArKeKhJSwfe.jpg,/eaw3jR0irBio4hkc08xMAEnscZb.jpg,"[{""id"": 53, ""name"": ""Thriller""}]","[{""id"": 3610, ""logo_path"": null, ""name"": ""Capture Film Internatrional"", ""origin_country"": """"}, {""id"": 6288, ""logo_path"": null, ""name"": ""Meteor Film Productions"", ""origin_country"": """"}]","[{""iso_3166_1"": ""US"", ""name"": ""United States of America""}]","[{""english_name"": ""English"", ""iso_639_1"": ""en"", ""name"": ""English""}]","[""US""]",null
17027,Shuttle,Shuttle,"When two friends return from a girls weekend vacation in Mexico, they find themselves stranded at the airport. Trying to get home safely, they board an airport shuttle for the short trip. But once their feet cross the threshold of the shuttle, a night that had started like any other turns terrifying, and the ride home becomes a descent into darkness.",Never ride with a stranger.,Released,False,False,2008-03-08,107,2400000,0,1.5517,5.3,148,en,,tt0880648,/xZWYVT0YC5kDf6fetNAAifN1aAx.jpg,/aIpBYcmf05ivH8xj5mF8Tk6v7uV.jpg,"[{""id"": 53, ""name"": ""Thriller""}, {""id"": 80, ""name"": ""Crime""}, {""id"": 9648, ""name"": ""Mystery""}, {""id"": 27, ""name"": ""Horror""}]","[{""id"": 10843, ""logo_path"": null, ""name"": ""Future Films"", ""origin_country"": ""GB""}, {""id"": 5303, ""logo_path"": null, ""name"": ""Moody Street Pictures"", ""origin_country"": """"}, {""id"": 18621, ""logo_path"": null, ""name"": ""Pierce/Williams Entertainment"", ""origin_country"": ""US""}, {""id"": 5357, ""logo_path"": ""/19A0Ilxeh1bWMlyMtMgGzcNBn07.png"", ""name"": ""Zero Gravity Management"", ""origin_country"": ""US""}, {""id"": 5941, ""logo_path"": null, ""name"": ""Fourth Wall Productions"", ""origin_country"": """"}]","[{""iso_3166_1"": ""US"", ""name"": ""United States of America""}]","[{""english_name"": ""English"", ""iso_639_1"": ""en"", ""name"": ""English""}]","[""US""]",null
17028,Eating Out 2: Sloppy Seconds,Eating Out 2: Sloppy Seconds,"How far would you go to get the person of your dreams? With the help of Gwen and Tiffani, Kyle pretends to be heterosexual in order to land Troy, the new guy (and nude model) who's turning the heads of both men and women. He soon finds himself joining the campus ex-gay support group and nabbing a girlfriend! Kyle's ex-boyfriend Marc is horrified at the plan and decides to pursue the confused Troy with his own tactic -- being his ""out"" gay self. Who will win Troy first?",Are you ready for seconds?,Released,False,False,2006-07-13,79,0,0,1.3474,6.1,103,en,http://www.ariztical.com/filmsAZ/eating_out2.html,tt0795376,/lcncbunLP4cz51SsPNjvKgEE8H0.jpg,/luUZAWrsGnPBF9MzDAujMIdlZZh.jpg,"[{""id"": 10749, ""name"": ""Romance""}]","[{""id"": 3680, ""logo_path"": null, ""name"": ""Ariztical Entertainment"", ""origin_country"": ""US""}, {""id"": 112738, ""logo_path"": null, ""name"": ""EOSS Productions"", ""origin_country"": """"}]","[{""iso_3166_1"": ""US"", ""name"": ""United States of America""}]","[{""english_name"": ""English"", ""iso_639_1"": ""en"", ""name"": ""English""}]","[""US""]","{""id"": 129453, ""name"": ""Eating Out Collection"", ""poster_path"": ""/a4x9oL2i5E6VI4ppMOF21dPnv2g.jpg"", ""backdrop_path"": ""/tlwBkIELafJUz1GLbZbu8HPUXQ.jpg""}"
17029,Player 5150,Player 5150,"Joey (Ethan Embry, Can't Hardly Wait) is a successful day trader at a high-end brokerage house, he has a beautiful fiancée and a home on the beach. He has it all and a lot to lose. Now the gambling addiction that has plagued him for years has him on the run and he must put everything on the line...including his life.",,Released,False,False,2008-01-07,91,0,0,0.967,5.1,11,en,,tt0906773,/3tBOM9GObp1wxpw9wYx5Kh6B4oP.jpg,/aAfKYdfj8IGe7setNcb99E5vwPB.jpg,"[{""id"": 28, ""name"": ""Action""}, {""id"": 12, ""name"": ""Adventure""}, {""id"": 18, ""name"": ""Drama""}]",[],[],"[{""english_name"": ""English"", ""iso_639_1"": ""en"", ""name"": ""English""}]","[""US""]",null
17030,The Petrified Forest,The Petrified Forest,"Gabby, the waitress in an isolated Arizona diner, dreams of a bigger and better life. One day penniless intellectual Alan drifts into the joint and the two strike up a rapport. Soon enough, notorious killer Duke Mantee takes the diner's inhabitants hostage. Surrounded by miles of desert, the patrons and staff are forced to sit tight with Mantee and his gang overnight.",AGAIN THEY TRIUMPH!...The stars of 'Human Bondage' in a picture greater than the play!,Released,False,False,1936-02-08,82,0,0,1.671,7.118,211,en,,tt0028096,/kjE4pw6mqoA1OJHNLq1aol4y4C1.jpg,/g0SCy0sGaJa381iDQRxqonCMTGN.jpg,"[{""id"": 80, ""name"": ""Crime""}, {""id"": 18, ""name"": ""Drama""}, {""id"": 10749, ""name"": ""Romance""}, {""id"": 53, ""name"": ""Thriller""}]","[{""id"": 174, ""logo_path"": ""/zhD3hhtKB5qyv7ZeL4uLpNxgMVU.png"", ""name"": ""Warner Bros. Pictures"", ""origin_country"": ""US""}]","[{""iso_3166_1"": ""US"", ""name"": ""United States of America""}]","[{""english_name"": ""English"", ""iso_639_1"": ""en"", ""name"": ""English""}]","[""US""]",null
17031,Dragonlance: Dragons of Autumn Twilight,Dragonlance: Dragons of Autumn Twilight,A barbarian woman with a miraculous blue crystal staff gains the help of a group of adventurers as an army of dragons invades the land of Krynn.,A Dungeons & Dragons Adventure Tale,Released,False,False,2008-01-15,91,0,0,1.5853,5.5,46,en,http://www.dragonlance-movie.com/,tt0825245,/cssz1AP3foW0FfeKqiPd1Ix868u.jpg,/3iK2qVQ4fbZCNfl6H1N7pG7DVDH.jpg,"[{""id"": 16, ""name"": ""Animation""}, {""id"": 14, ""name"": ""Fantasy""}, {""id"": 28, ""name"": ""Action""}, {""id"": 12, ""name"": ""Adventure""}]","[{""id"": 4, ""logo_path"": ""/jay6WcMgagAklUt7i9Euwj1pzTF.png"", ""name"": ""Paramount Pictures"", ""origin_country"": ""US""}, {""id"": 32430, ""logo_path"": null, ""name"": ""Commotion Pictures"", ""origin_country"": """"}, {""id"": 101761, ""logo_path"": null, ""name"": ""Witox"", ""origin_country"": """"}, {""id"": 101760, ""logo_path"": null, ""name"": ""Toonz Animation India"", ""origin_country"": ""IN""}]","[{""iso_3166_1"": ""DE"", ""name"": ""Germany""}, {""iso_3166_1"": ""IN"", ""name"": ""India""}, {""iso_3166_1"": ""US"", ""name"": ""United States of America""}]","[{""english_name"": ""English"", ""iso_639_1"": ""en"", ""name"": ""English""}]","[""IN"", ""DE"", ""US""]",null
17035,The Amateurs,The Amateurs,Sex sells in America and these guys know it. The Amateurs follows a small town band of loveable losers who hit upon an idea that can make their dreams and fantasies come true. Thinking they've found the road to riches and fame they decide to make the world's most innocent adult film. Everyman's fantasy turns into a hilarious misadventure when they find they're in way over their heads.,,Released,False,False,2006-04-22,96,0,0,2.2454,5.6,105,en,,tt0405163,/kj4ZZpyP95ltT4ZF2c6aiyEH5N9.jpg,/A7wROeDATxR28m6oyCYMh4IUKV.jpg,"[{""id"": 35, ""name"": ""Comedy""}]","[{""id"": 22927, ""logo_path"": null, ""name"": ""Raygun Productions"", ""origin_country"": """"}, {""id"": 11054, ""logo_path"": ""/ydEsA5xqHtIKNHXAgYqQJAQwJP5.png"", ""name"": ""First Look International"", ""origin_country"": ""US""}, {""id"": 892, ""logo_path"": ""/s7eFTMS1udDI1EG0Zxlx4ylx1Nl.png"", ""name"": ""Qwerty Films"", ""origin_country"": ""GB""}, {""id"": 8874, ""logo_path"": null, ""name"": ""N1 European Film Produktions"", ""origin_country"": ""DE""}]","[{""iso_3166_1"": ""DE"", ""name"": ""Germany""}, {""iso_3166_1"": ""US"", ""name"": ""United States of America""}]","[{""english_name"": ""English"", ""iso_639_1"": ""en"", ""name"": ""English""}]","[""DE"", ""US""]",null
17037,I'll Be Home for Christmas,I'll Be Home for Christmas,"Estranged from his father, college student Jake is lured home to New York for Christmas with the promise of receiving a classic Porsche as a gift. When the bullying football team dumps him in the desert in a Santa suit, Jake is left without identification or money to help him make the journey. Meanwhile, his girlfriend, Allie, does not know where he is, and accepts a cross-country ride from Jake's rival, Eddie.",Somewhere between L.A. and N.Y. Jake found the meaning of Christmas.,Released,False,False,1998-11-13,86,30000000,0,1.7154,5.975,354,en,,tt0155753,/9hTYFvEDnajUIbpdfc3fO6bZq2Y.jpg,/2fP8yZHl3FxJUouMCTBqTnSUrno.jpg,"[{""id"": 35, ""name"": ""Comedy""}, {""id"": 10751, ""name"": ""Family""}]","[{""id"": 2, ""logo_path"": ""/wdrCwmRnLFJhEoH8GSfymY85KHT.png"", ""name"": ""Walt Disney Pictures"", ""origin_country"": ""US""}, {""id"": 10227, ""logo_path"": ""/3YfRy3DBl4abcqkzGx4RVNz12yl.png"", ""name"": ""Mandeville Films"", ""origin_country"": ""US""}]","[{""iso_3166_1"": ""CA"", ""name"": ""Canada""}, {""iso_3166_1"": ""US"", ""name"": ""United States of America""}]","[{""english_name"": ""English"", ""iso_639_1"": ""en"", ""name"": ""English""}]","[""US""]",null
17038,Lake Placid 2,Lake Placid 2,"Man-eating crocodiles return to the lake as two males and one aggressive female crocodile, which is protecting her nest, wreak havoc on the locals.",You'll Never Know What Bit You,Released,False,False,2007-04-28,88,0,0,2.083,4.856,253,en,,tt0974583,/8XJlJZClpMi48PB51NXt5ZWm4Vr.jpg,/oW9uoxt039o4RiaDlP9ewk5uzaP.jpg,"[{""id"": 27, ""name"": ""Horror""}, {""id"": 878, ""name"": ""Science Fiction""}]","[{""id"": 8963, ""logo_path"": null, ""name"": ""Asgaard Branding"", ""origin_country"": """"}, {""id"": 25, ""logo_path"": ""/qZCc1lty5FzX30aOCVRBLzaVmcp.png"", ""name"": ""20th Century Fox"", ""origin_country"": ""US""}, {""id"": 34, ""logo_path"": ""/mtp1fvZbe4H991Ka1HOORl572VH.png"", ""name"": ""Sony Pictures"", ""origin_country"": ""US""}, {""id"": 29185, ""logo_path"": ""/3SHlavyUJiZIn4ZS5h3B9ggP0Cf.png"", ""name"": ""BUFO"", ""origin_country"": ""BG""}]","[{""iso_3166_1"": ""CA"", ""name"": ""Canada""}, {""iso_3166_1"": ""US"", ""name"": ""United States of America""}, {""iso_3166_1"": ""BG"", ""name"": ""Bulgaria""}]","[{""english_name"": ""English"", ""iso_639_1"": ""en"", ""name"": ""English""}]","[""CA"", ""US""]","{""id"": 97768, ""name"": ""Lake Placid Collection"", ""poster_path"": ""/x3f6Wcshd4E5tyaFZ1rBglusvAl.jpg"", ""backdrop_path"": ""/vu2GcWvUcaAf6BHafjMLFp6haSG.jpg""}"
17040,Turok: Son of Stone,Turok: Son of Stone,"While defending his tribe from a bloodthirsty enemy tribe, a Native American warrior named Turok finds himself in a prehistoric dinosaur world along with his nephew, sister-in-law and the sadistic leader of the other tribe.",,Released,False,False,2008-02-05,73,0,0,1.0714,6.19,20,en,,tt0968765,/oPjlJfeyK6YluQDxWVn9K3wYxA0.jpg,/gNIIwbu6PWjClbrbur8ZsBkE4xT.jpg,"[{""id"": 28, ""name"": ""Action""}, {""id"": 16, ""name"": ""Animation""}, {""id"": 878, ""name"": ""Science Fiction""}]",[],"[{""iso_3166_1"": ""US"", ""name"": ""United States of America""}]","[{""english_name"": ""English"", ""iso_639_1"": ""en"", ""name"": ""English""}]","[""US""]",null
17041,Sold Out: A Threevening with Kevin Smith,Sold Out: A Threevening with Kevin Smith,"Kevin Smith brings his famous and ""infamous"" Q&amp;A back to his hometown of Red Bank, New Jersey for his 37th birthday.",,Released,False,False,2008-10-22,223,0,0,0.854,7.0,50,en,,tt1083858,/zyekLr2fi4RCgmfwrZBU7qRunLZ.jpg,/94A2eA5WOWBN1n7zX81ceRVolTs.jpg,"[{""id"": 35, ""name"": ""Comedy""}, {""id"": 99, ""name"": ""Documentary""}]","[{""id"": 16934, ""logo_path"": ""/avyTgdxs372vSnOAPt7isdnzIWQ.png"", ""name"": ""View Askew Productions"", ""origin_country"": ""US""}]","[{""iso_3166_1"": ""US"", ""name"": ""United States of America""}]","[{""english_name"": ""English"", ""iso_639_1"": ""en"", ""name"": ""English""}]","[""US""]","{""id"": 791936, ""name"": ""An Evening with Kevin Smith Collection"", ""poster_path"": ""/6cPR9syPCAeA4qUmWtKDpkEMBXt.jpg"", ""backdrop_path"": null}"
17043,The Crocodile Hunter: Collision Course,The Crocodile Hunter: Collision Course,"Steve Irwin, AKA The Crocodile Hunter, has avoided the death-roll and saved a croc from poachers. But what he doesn't know is that the crocodile has swallowed a top secret U.S. satellite beacon, and the poachers are actually American special agents sent to retrieve it.",His First Big-Screen Adventure!,Released,False,False,2002-07-26,90,12000000,33082548,1.7044,5.365,111,en,,tt0305396,/gfgvfuce0SqF1IolIJYYBxteof0.jpg,/aA2vwXBjONLtInbR7i6OI4SuWOr.jpg,"[{""id"": 10751, ""name"": ""Family""}, {""id"": 12, ""name"": ""Adventure""}, {""id"": 35, ""name"": ""Comedy""}, {""id"": 28, ""name"": ""Action""}]","[{""id"": 68063, ""logo_path"": null, ""name"": ""Winchester Films"", ""origin_country"": ""GB""}, {""id"": 68064, ""logo_path"": null, ""name"": ""Best Picture Show Company, The"", ""origin_country"": """"}, {""id"": 890, ""logo_path"": null, ""name"": ""Cheyenne Enterprises"", ""origin_country"": ""US""}, {""id"": 7492, ""logo_path"": ""/ebKxl0MOHWzawnBcuCZ10NiQFVX.png"", ""name"": ""Discovery Channel Pictures"", ""origin_country"": """"}, {""id"": 12474, ""logo_path"": null, ""name"": ""J&M Entertainment"", ""origin_country"": ""GB""}, {""id"": 21, ""logo_path"": ""/usUnaYV6hQnlVAXP6r4HwrlLFPG.png"", ""name"": ""Metro-Goldwyn-Mayer"", ""origin_country"": ""US""}]","[{""iso_3166_1"": ""AU"", ""name"": ""Australia""}, {""iso_3166_1"": ""US"", ""name"": ""United States of America""}]","[{""english_name"": ""English"", ""iso_639_1"": ""en"", ""name"": ""English""}]","[""AU"", ""US""]",null
17044,The Land Girls,The Land Girls,"During World War II, the organisation ""The Women's Land Army"" recruited women to work on British farms while the men were off to war. Three such ""land girls"" of different social backgrounds - quiet Stella, young hairdresser Prue, and Cambridge graduate Ag - become best friends in spite of their different backgrounds.",The story of three young women and the events that would change their lives... The friendships that would stay with them forever... and the loves that would change their hearts.,Released,False,False,1998-06-12,111,0,0,1.4118,5.8,26,en,,tt0119494,/tfdj6Wx8vCDNZbzmIRR2hDn5mAr.jpg,/1a1AZaWccuaFsoJ1fS3JOUUnw5f.jpg,"[{""id"": 18, ""name"": ""Drama""}, {""id"": 10749, ""name"": ""Romance""}, {""id"": 10752, ""name"": ""War""}]","[{""id"": 763, ""logo_path"": ""/mCnIVkImjm8rUxIpGR5NgrGlIYL.png"", ""name"": ""Intermedia Films"", ""origin_country"": ""GB""}, {""id"": 12918, ""logo_path"": null, ""name"": ""Greenpoint Films"", ""origin_country"": ""GB""}, {""id"": 6454, ""logo_path"": ""/nmLFbZsv3x3hr6x0LcL40KqKKIj.png"", ""name"": ""Cam\u00e9ra One"", ""origin_country"": ""FR""}, {""id"": 52581, ""logo_path"": null, ""name"": ""West Eleven Films"", ""origin_country"": """"}, {""id"": 38736, ""logo_path"": ""/b8h8aPKaKlMyuONGnGaxgMvA1yY.png"", ""name"": ""Arena Films"", ""origin_country"": ""FR""}, {""id"": 104, ""logo_path"": ""/9aotxauvc9685tq9pTcRJszuT06.png"", ""name"": ""Canal+"", ""origin_country"": ""FR""}, {""id"": 124077, ""logo_path"": null, ""name"": ""Sofineurope"", ""origin_country"": """"}, {""id"": 181, ""logo_path"": ""/A8SjepJ332C0YMamdFEMco0nstt.png"", ""name"": ""Channel Four Films"", ""origin_country"": ""GB""}]","[{""iso_3166_1"": ""FR"", ""name"": ""France""}, {""iso_3166_1"": ""GB"", ""name"": ""United Kingdom""}]","[{""english_name"": ""English"", ""iso_639_1"": ""en"", ""name"": ""English""}]","[""GB""]",null
17046,Skellig,Skellig,"An ordinary boy named Michael is going through some extraordinary changes in his life. His family has just moved into an unfamiliar house, and his brand new baby sister has fallen ill. One day, while cleaning out the garden shed, he stumbles across something mysterious, a strange creature huddled in the corner; weak of body but strong of will. This is Skellig.",A Magical Story of an Unlikely Friendship.,Released,False,False,2009-04-27,104,0,0,0.9796,6.0,36,en,http://www.sky1.co.uk/skellig/,tt0382301,/dyJlxhY5WLcrlCm7Gjd2ztpCoay.jpg,/mtnJhqHzSV2vRrv9CGJ0nYpNqU9.jpg,"[{""id"": 18, ""name"": ""Drama""}, {""id"": 14, ""name"": ""Fantasy""}, {""id"": 10770, ""name"": ""TV Movie""}]","[{""id"": 3246, ""logo_path"": null, ""name"": ""Feel Films"", ""origin_country"": ""GB""}, {""id"": 3247, ""logo_path"": null, ""name"": ""Taking a Line for a Walk Productions"", ""origin_country"": """"}]","[{""iso_3166_1"": ""GB"", ""name"": ""United Kingdom""}]","[{""english_name"": ""English"", ""iso_639_1"": ""en"", ""name"": ""English""}]","[""GB""]",null
17047,Agent Cody Banks 2: Destination London,Agent Cody Banks 2: Destination London,"With all-new gadgets, high-flying action, exciting chases and a wisecracking new handler, Derek (Anthony Anderson), Cody has to retrieve the device before the world's leaders fall under the evil control of a diabolical villain.",Adventure is an attitude.,Released,False,False,2004-03-12,100,26000000,28818995,2.043,5.6,670,en,http://www.mgm.com/view/Movie/33/,tt0358349,/zlAltvp84rYVTYs3kdemqHBaiat.jpg,/dkCeC92reZFKnZDspABZVpk0RLW.jpg,"[{""id"": 35, ""name"": ""Comedy""}, {""id"": 28, ""name"": ""Action""}, {""id"": 12, ""name"": ""Adventure""}, {""id"": 10751, ""name"": ""Family""}, {""id"": 10749, ""name"": ""Romance""}]","[{""id"": 4000, ""logo_path"": null, ""name"": ""Maverick Films"", ""origin_country"": ""US""}, {""id"": 8807, ""logo_path"": null, ""name"": ""Dylan Sellers Productions"", ""origin_country"": """"}, {""id"": 368, ""logo_path"": null, ""name"": ""Splendid Pictures"", ""origin_country"": ""US""}, {""id"": 12027, ""logo_path"": null, ""name"": ""Madacy Entertainment"", ""origin_country"": ""CA""}, {""id"": 21, ""logo_path"": ""/usUnaYV6hQnlVAXP6r4HwrlLFPG.png"", ""name"": ""Metro-Goldwyn-Mayer"", ""origin_country"": ""US""}]","[{""iso_3166_1"": ""US"", ""name"": ""United States of America""}]","[{""english_name"": ""English"", ""iso_639_1"": ""en"", ""name"": ""English""}]","[""US""]","{""id"": 91427, ""name"": ""Agent Cody Banks Collection"", ""poster_path"": ""/jWpqNBsCfBVaiKzPl18hEaVAAEt.jpg"", ""backdrop_path"": ""/x2vjaBBjEOCuwCJXQxOu4OpWxzO.jpg""}"
17048,The Kung Fu Kids,好小子,"Three young boys learn the art of kung fu from their grandfather, a martial arts expert, and are able to hold their own on a trip to the city.",,Released,False,True,1986-03-13,90,0,0,2.1111,7.4,36,zh,,tt0091360,/iJ9ST9KYcPplyI8ceNYmt5L0q88.jpg,/wA2iCMPbPPbzDUxyZBDJ9omttlH.jpg,"[{""id"": 35, ""name"": ""Comedy""}]","[{""id"": 81013, ""logo_path"": null, ""name"": ""Tomson Film Co., Ltd."", ""origin_country"": """"}]","[{""iso_3166_1"": ""TW"", ""name"": ""Taiwan""}]","[{""english_name"": ""Mandarin"", ""iso_639_1"": ""zh"", ""name"": ""\u666e\u901a\u8bdd""}]","[""TW""]","{""id"": 1263837, ""name"": ""The Kung Fu Kids Collection"", ""poster_path"": ""/4OERHef3gnVmsM0ZlGF8D4PpkP2.jpg"", ""backdrop_path"": null}"
17053,Homeworld,Homeworld,"The year: 3037. Earth is at war with aliens called Mendax, who have remarkable mental abilities and are determined to wipe out humankind. In retaliation, a military team is sent to the Mendax homeworld. Their mission: To deliver the Devorga Strain, a powerful virus engineered to attack the Mendax immune system, exterminating them from their planet. One of the team members is terribly injured when their ship crash lands on the Mendax homeworld. Will they leave a member of their team behind, or risk being slowed by the burden? When the secret of Homeworld is discovered, they must find the truth within themselves or all is lost. But how can you learn the truth when everything you see and feel may be an illusion?",Where Humanity is an Endangered Species,Released,False,False,2008-01-13,104,25000,0,0.2636,3.2,4,en,,tt1230538,/sz7lIfqsq2XoO0mfm9TyvsH5vvH.jpg,,"[{""id"": 878, ""name"": ""Science Fiction""}]",[],"[{""iso_3166_1"": ""US"", ""name"": ""United States of America""}]","[{""english_name"": ""English"", ""iso_639_1"": ""en"", ""name"": ""English""}]","[""US""]",null
17057,In a Lonely Place,In a Lonely Place,"A violent screenwriter and a female neighbor fall in love after she clears him of murder, but she begins to have second thoughts.",The Bogart suspense picture with the surprise finish!,Released,False,False,1950-05-17,93,0,0,1.8465,7.6,657,en,,tt0042593,/vbdgtwzLOpE6MppZlyYChMagvQq.jpg,/5fuZzGsUZtF9esFFBHPwysB6b6a.jpg,"[{""id"": 53, ""name"": ""Thriller""}, {""id"": 18, ""name"": ""Drama""}, {""id"": 10749, ""name"": ""Romance""}, {""id"": 9648, ""name"": ""Mystery""}]","[{""id"": 3248, ""logo_path"": null, ""name"": ""Santana Pictures Corporation"", ""origin_country"": ""US""}, {""id"": 5, ""logo_path"": ""/71BqEFAF4V3qjjMPCpLuyJFB9A.png"", ""name"": ""Columbia Pictures"", ""origin_country"": ""US""}]","[{""iso_3166_1"": ""US"", ""name"": ""United States of America""}]","[{""english_name"": ""English"", ""iso_639_1"": ""en"", ""name"": ""English""}]","[""US""]",null
17058,Scarlet Street,Scarlet Street,"Cashier and part-time starving artist Christopher Cross is absolutely smitten with the beautiful Kitty March. Kitty plays along, but she's really only interested in Johnny, a two-bit crook. When Kitty and Johnny find out that art dealers are interested in Chris's work, they con him into letting Kitty take credit for the paintings. Cross allows it because he is in love with Kitty, but his love will only let her get away with so much.",The things she does to men can end only one way - in murder!,Released,False,False,1945-12-25,103,1202000,2948500,1.5643,7.6,431,en,,tt0038057,/eGEDor1BWSQGaLtOntPHUSqNzRC.jpg,/g0phljbAcccz7bkSZpFEPVLuIRP.jpg,"[{""id"": 18, ""name"": ""Drama""}, {""id"": 80, ""name"": ""Crime""}]","[{""id"": 323, ""logo_path"": null, ""name"": ""Diana Productions"", ""origin_country"": ""US""}, {""id"": 33, ""logo_path"": ""/8lvHyhjr8oUKOOy2dKXoALWKdp0.png"", ""name"": ""Universal Pictures"", ""origin_country"": ""US""}]","[{""iso_3166_1"": ""US"", ""name"": ""United States of America""}]","[{""english_name"": ""English"", ""iso_639_1"": ""en"", ""name"": ""English""}]","[""US""]",null
17059,Aa Dekhen Zara,Aa Dekhen Zara,"A photographer (Ray) has nothing going for him, until he inherits a camera from his grandfather. This changes his life in a way that he could not have ever imagined in his wildest dreams.",,Released,False,False,2009-03-27,117,0,0,0.4136,4.0,28,hi,http://aadekhenzara.erosentertainment.com/,tt1372681,/2ZQC25WN6N5v9kidjHEv4Azq5gC.jpg,/yuZlTuBpKU3FMfLjXFfBJiiA5eg.jpg,"[{""id"": 53, ""name"": ""Thriller""}, {""id"": 28, ""name"": ""Action""}]","[{""id"": 3653, ""logo_path"": ""/dEpilNgoW7tElN3xacXckHxGXbo.png"", ""name"": ""Eros International"", ""origin_country"": ""IN""}]","[{""iso_3166_1"": ""IN"", ""name"": ""India""}]","[{""english_name"": ""Hindi"", ""iso_639_1"": ""hi"", ""name"": ""\u0939\u093f\u0928\u094d\u0926\u0940""}]","[""IN""]",null
17073,American Swing,American Swing,Chronicles the rise and fall of 1970s New York City nightclub Plato's Retreat.,Join the party,Released,False,False,2009-10-17,81,0,0,2.0583,5.1,18,en,,tt1058058,/d4rfQ9lEq0G1yNUOjHEofXlfk0Z.jpg,/h25oHn8FJHaImp8DneBhDJQHOpM.jpg,"[{""id"": 99, ""name"": ""Documentary""}]","[{""id"": 1030, ""logo_path"": ""/bus7KzJshT0VMXuKR7dwK5bqPSO.png"", ""name"": ""Magnolia Pictures"", ""origin_country"": ""US""}]","[{""iso_3166_1"": ""US"", ""name"": ""United States of America""}]","[{""english_name"": ""English"", ""iso_639_1"": ""en"", ""name"": ""English""}]","[""US""]",null
17074,The Batman/Superman Movie: World's Finest,The Batman/Superman Movie: World's Finest,"As the Joker visits Metropolis with a plan to kill Superman for Lex Luthor, Batman pursues the clown to Superman's turf.",Cleaning up the planet one villain at a time.,Released,False,True,1997-10-04,64,0,0,1.8455,7.36,261,en,,tt0169590,/dQxwNGQ6pQLCUE5vaI9PwIZK6UC.jpg,/gAmPO9zCtXZjXmO5vMiphIb9Y3L.jpg,"[{""id"": 28, ""name"": ""Action""}, {""id"": 16, ""name"": ""Animation""}, {""id"": 10770, ""name"": ""TV Movie""}, {""id"": 878, ""name"": ""Science Fiction""}, {""id"": 10751, ""name"": ""Family""}, {""id"": 12, ""name"": ""Adventure""}]","[{""id"": 2785, ""logo_path"": ""/l5zW8jjmQOCx2dFmvnmbYmqoBmL.png"", ""name"": ""Warner Bros. Animation"", ""origin_country"": ""US""}]","[{""iso_3166_1"": ""US"", ""name"": ""United States of America""}]","[{""english_name"": ""English"", ""iso_639_1"": ""en"", ""name"": ""English""}]","[""US""]","{""id"": 404770, ""name"": ""Superman (DC Universe Animated) Collection"", ""poster_path"": ""/ivPaMXENunntvDUTqmlpT6VsSkt.jpg"", ""backdrop_path"": ""/em1erKQ3IC74mAKrZsCClZsNvk.jpg""}"
17075,Owl and the Sparrow,Cú và chim se sẻ,"In modern-day Saigon, three lonely strangers form a unique family as a ten-year old orphan plays matchmaker to a zookeeper and a beautiful flight attendant.",,Released,False,False,2007-02-01,97,0,0,0.5444,6.354,24,vi,http://www.owlandthesparrow.com/,tt0971162,/wGm0mhN71xI1fKVU24RZJ8FwmuJ.jpg,,"[{""id"": 18, ""name"": ""Drama""}]","[{""id"": 86695, ""logo_path"": null, ""name"": ""Annam Pictures"", ""origin_country"": ""US""}, {""id"": 7423, ""logo_path"": null, ""name"": ""Chanh Phuong Phim"", ""origin_country"": ""VN""}]","[{""iso_3166_1"": ""VN"", ""name"": ""Vietnam""}, {""iso_3166_1"": ""US"", ""name"": ""United States of America""}]","[{""english_name"": ""Vietnamese"", ""iso_639_1"": ""vi"", ""name"": ""Ti\u1ebfng Vi\u1ec7t""}]","[""VN""]",null
17077,Everlasting Moments,Maria Larssons eviga ögonblick,"In a time of social change and unrest, war and poverty, a young working class woman, Maria, wins a camera in a lottery. The decision to keep it alters her whole life.",,Released,False,False,2008-09-24,131,0,0,0.9432,7.3,78,sv,,tt0961066,/2gdlWWktx5s5x1KEIBK9IOD083N.jpg,/btlEOyb3XB9lVYkJmv0RNnWtVrS.jpg,"[{""id"": 18, ""name"": ""Drama""}, {""id"": 36, ""name"": ""History""}]","[{""id"": 7330, ""logo_path"": null, ""name"": ""Blind Spot Pictures"", ""origin_country"": ""FI""}, {""id"": 228, ""logo_path"": ""/zT2bcTDEbBkfZi2APB8DYJKLIQ3.png"", ""name"": ""Filmpool Nord"", ""origin_country"": ""SE""}, {""id"": 3120, ""logo_path"": null, ""name"": ""Final Cut Productions"", ""origin_country"": ""DK""}, {""id"": 9334, ""logo_path"": ""/2H3ezZEmLjr67ZeOSUJuqD80rCS.png"", ""name"": ""G\u00f6taFilm"", ""origin_country"": ""SE""}, {""id"": 2783, ""logo_path"": ""/mBN9Pu2qP0gEdzi9R2NvARodQ5X.png"", ""name"": ""Motlys"", ""origin_country"": ""NO""}, {""id"": 101037, ""logo_path"": null, ""name"": ""Schneider & Groos"", ""origin_country"": """"}, {""id"": 2999, ""logo_path"": ""/zGSqFee9aDgDuLD6vcs2mcJUem4.png"", ""name"": ""SVT"", ""origin_country"": ""SE""}, {""id"": 12477, ""logo_path"": ""/tuREvnCzrM5sNXyrKRFCyB1gHF8.png"", ""name"": ""Film i Sk\u00e5ne"", ""origin_country"": ""SE""}, {""id"": 5785, ""logo_path"": null, ""name"": ""Sandrew Metronome Sverige"", ""origin_country"": ""SE""}]","[{""iso_3166_1"": ""DK"", ""name"": ""Denmark""}, {""iso_3166_1"": ""FI"", ""name"": ""Finland""}, {""iso_3166_1"": ""DE"", ""name"": ""Germany""}, {""iso_3166_1"": ""NO"", ""name"": ""Norway""}, {""iso_3166_1"": ""SE"", ""name"": ""Sweden""}]","[{""english_name"": ""Swedish"", ""iso_639_1"": ""sv"", ""name"": ""svenska""}, {""english_name"": ""Finnish"", ""iso_639_1"": ""fi"", ""name"": ""suomi""}]","[""DK"", ""SE""]",null
17078,The Color of Paradise,رنگ خدا,"Mohammad joyfully returns to his tiny village on summer vacation from the Institute for the Blind, unaware of his widowed father's intentions to disown him in order to win the hand—and dowry—of a local woman. With the wedding swiftly approaching, Mohammad's future hangs precariously in the balance as his father struggles against his destiny, unable to see the wonder of life and love that's so clear to his son.",,Released,False,False,1999-02-08,88,0,0,1.0614,7.56,184,fa,,tt0191043,/rQ1t23NAGJDv9oNfHEAsxhuiAOG.jpg,/q4YO6abeyYNiAaBsbtJRLgNRqoo.jpg,"[{""id"": 10751, ""name"": ""Family""}, {""id"": 18, ""name"": ""Drama""}]","[{""id"": 37740, ""logo_path"": null, ""name"": ""Varahonar Company"", ""origin_country"": ""IR""}]","[{""iso_3166_1"": ""IR"", ""name"": ""Iran""}]","[{""english_name"": ""Persian"", ""iso_639_1"": ""fa"", ""name"": ""\u0641\u0627\u0631\u0633\u06cc""}]","[""IR""]",null
17080,Pistvakt,Pistvakt,"Three middle aged brothers is living home in a Godforsaken skiing resort in the northernmost part of Sweden and sees their life change when their father dies, and the mother going off on a holiday to Spain.",,Released,False,False,2005-10-07,91,0,0,0.3527,5.4,21,sv,,tt0451160,/bxPLC78UuxEupYBaYExukKjnFus.jpg,/k6UxLbK1Ls3YPjAfUGLsCRNvcYy.jpg,"[{""id"": 35, ""name"": ""Comedy""}]","[{""id"": 2999, ""logo_path"": ""/zGSqFee9aDgDuLD6vcs2mcJUem4.png"", ""name"": ""SVT"", ""origin_country"": ""SE""}, {""id"": 228, ""logo_path"": ""/zT2bcTDEbBkfZi2APB8DYJKLIQ3.png"", ""name"": ""Filmpool Nord"", ""origin_country"": ""SE""}]","[{""iso_3166_1"": ""SE"", ""name"": ""Sweden""}]","[{""english_name"": ""Swedish"", ""iso_639_1"": ""sv"", ""name"": ""svenska""}]","[""SE""]",null
17081,Final Approach,Final Approach,"FBI hostage rescue team leader Jack Bender has been sacked for not being a team player, and months later he finds himself in the ultimate hostage nightmare: stuck aboard a plane that's been taken over by a group of well-armed terrorists who threaten to detonate a nuclear weapon unless they receive a billion dollars",High altitude. Higher pressure.,Released,False,False,2008-05-24,170,6500000,0,1.8806,5.1,22,en,,tt0929858,/ggiEWXZpWWXwcnrqs78qP2DsZub.jpg,/3TE9AfQMprP801SOWdhZSfziJXn.jpg,"[{""id"": 53, ""name"": ""Thriller""}, {""id"": 28, ""name"": ""Action""}, {""id"": 10770, ""name"": ""TV Movie""}]","[{""id"": 4056, ""logo_path"": ""/dnz7zZ2e11usyjPG3mTYvJfyciD.png"", ""name"": ""Hallmark Entertainment"", ""origin_country"": ""US""}, {""id"": 20358, ""logo_path"": ""/jPZ0jwLGGELbSxKoUrJzOytNpnp.png"", ""name"": ""RHI Entertainment"", ""origin_country"": ""US""}, {""id"": 3282, ""logo_path"": null, ""name"": ""Larry Levinson Productions"", ""origin_country"": ""US""}]","[{""iso_3166_1"": ""US"", ""name"": ""United States of America""}]","[{""english_name"": ""English"", ""iso_639_1"": ""en"", ""name"": ""English""}]","[""US""]",null
17082,The Sniper,神鎗手,"A police sniper teams up with a hot-headed rookie to take down his former friend and teammate, who is exacting revenge on the police force.",,Released,False,False,2009-03-24,90,30000000,329945,3.1183,6.1,76,cn,http://www.mediaasia.com/thesniper/,tt1194624,/A7aBssjWennxvNxWT6be3PzFvSC.jpg,/eCVak2cYV6OvsJ5GajrTIFzzcOB.jpg,"[{""id"": 28, ""name"": ""Action""}, {""id"": 53, ""name"": ""Thriller""}]","[{""id"": 5552, ""logo_path"": ""/kZB9yp7OoveJ8wdynDcZEDtTbB2.png"", ""name"": ""Media Asia Films"", ""origin_country"": ""HK""}, {""id"": 11405, ""logo_path"": null, ""name"": ""Blue Fiction"", ""origin_country"": ""HK""}]","[{""iso_3166_1"": ""HK"", ""name"": ""Hong Kong""}]","[{""english_name"": ""Cantonese"", ""iso_639_1"": ""cn"", ""name"": ""\u5e7f\u5dde\u8bdd / \u5ee3\u5dde\u8a71""}, {""english_name"": ""Mandarin"", ""iso_639_1"": ""zh"", ""name"": ""\u666e\u901a\u8bdd""}]","[""HK""]",null
17083,Gletscherblut,Gletscherblut,"Glaciologist Carlo and the mayor's daughter Lisa have barely been married when their marriage is put to the test. Lisa and her father are planning a ski lift on the nearby glacier, although there are growing signs that a catastrophe of apocalyptic proportions is looming deep inside. But an admonisher like Carlo only disrupts business. And so the tactically shrewd businessman and mayor instrumentalizes his own daughter against his hated son-in-law. Carlo's arch-rival Markus, of all people, offers to dive down into the glacier with Carlo via the meltwater channels in order to prove his suspicions and initiate rescue measures - a life-threatening operation that requires blind trust...",,Released,False,False,2009-09-25,0,0,0,0.2006,0.0,0,de,,tt1272015,/1Wv1DSA54h7IRkz3wPY441HJosI.jpg,,"[{""id"": 18, ""name"": ""Drama""}]","[{""id"": 19426, ""logo_path"": ""/m36J2sXPUPwmh69h3bjzHeUL6jx.png"", ""name"": ""die film gmbh"", ""origin_country"": ""DE""}, {""id"": 4606, ""logo_path"": ""/otZHbf1HmzLRQsZFSqJXkf8EHz7.png"", ""name"": ""ZDF"", ""origin_country"": ""DE""}]","[{""iso_3166_1"": ""DE"", ""name"": ""Germany""}]","[{""english_name"": ""German"", ""iso_639_1"": ""de"", ""name"": ""Deutsch""}]","[""DE""]",null
17084,The Reality of Bob Burnquist,The Reality of Bob Burnquist,"Captures the true essence of skateboarding through the eyes and mind of Bob Burnquist, world-famous multiple X-Games medal winner and owner of some of the most devious feats in skateboarding history.",,Released,False,False,2005-11-15,90,200000,0,0.2589,0.0,0,en,,tt0819381,/hoRc8I5O1SooIyGoZS6Am7jWSZg.jpg,,"[{""id"": 28, ""name"": ""Action""}, {""id"": 12, ""name"": ""Adventure""}, {""id"": 35, ""name"": ""Comedy""}, {""id"": 99, ""name"": ""Documentary""}, {""id"": 18, ""name"": ""Drama""}]","[{""id"": 93040, ""logo_path"": null, ""name"": ""Zoobamboo Entertainment"", ""origin_country"": """"}]","[{""iso_3166_1"": ""US"", ""name"": ""United States of America""}]","[{""english_name"": ""English"", ""iso_639_1"": ""en"", ""name"": ""English""}]","[""US""]",null
17085,UFC 97: Redemption,UFC 97: Redemption,"UFC 97: Redemption (not to be confused with UFC 17: Redemption) was a mixed martial arts event held by the Ultimate Fighting Championship (UFC) on April 18, 2009 in Montreal, Quebec, Canada. The main event was UFC Middleweight Champion Anderson Silva vs. Thales Leites.",,Released,False,True,2009-04-18,239,0,4900000,0.1619,6.1,5,en,,tt1510295,/yw5a0bp004AL52MuTw52zLgN82n.jpg,,"[{""id"": 28, ""name"": ""Action""}]",[],"[{""iso_3166_1"": ""US"", ""name"": ""United States of America""}]","[{""english_name"": ""English"", ""iso_639_1"": ""en"", ""name"": ""English""}]","[""US""]",null
17086,Chromophobia,Chromophobia,"Encouraged by his editor to seek 'sexy stories that sell', a reporter preys upon the private life of an erstwhile friend, with disastrous results.",Don't live your life in black and white.,Released,False,False,2006-05-10,136,10000000,0,1.4166,5.1,51,en,,tt0419641,/w80QHQSpygtgBXT45uP29RE8Bcf.jpg,/lfbECTYqeXfsRDnxbryFTGn6O2E.jpg,"[{""id"": 18, ""name"": ""Drama""}, {""id"": 53, ""name"": ""Thriller""}]","[{""id"": 54016, ""logo_path"": null, ""name"": ""Rotholz Pictures"", ""origin_country"": """"}, {""id"": 6370, ""logo_path"": null, ""name"": ""Quinta Communications"", ""origin_country"": ""FR""}]","[{""iso_3166_1"": ""FR"", ""name"": ""France""}, {""iso_3166_1"": ""GB"", ""name"": ""United Kingdom""}, {""iso_3166_1"": ""US"", ""name"": ""United States of America""}]","[{""english_name"": ""English"", ""iso_639_1"": ""en"", ""name"": ""English""}]","[""US"", ""GB""]",null
17088,Banned from Television,Banned from Television,A series of videos containing footage of real life events that were too disturbing for television.,It will shock you!,Released,False,False,1998-01-01,54,0,0,0.2493,4.5,11,en,,tt0396483,/hr0Fg5prFF0ze2JWhBwVSzCsqEF.jpg,,"[{""id"": 99, ""name"": ""Documentary""}, {""id"": 27, ""name"": ""Horror""}]",[],"[{""iso_3166_1"": ""US"", ""name"": ""United States of America""}]","[{""english_name"": ""English"", ""iso_639_1"": ""en"", ""name"": ""English""}]","[""US""]",null
17090,The Casino Job,The Casino Job,"Barry Kaylin is living the dream. Not yet 40, he owns four Las Vegas casinos and lives the life of the bachelor to the fullest. One night, while meeting with two potential business associates, he hires five local dancers to flirt and lounge around his mansion and lagoon pool.",,Released,False,False,2009-02-19,80,0,0,0.2712,3.7,12,en,,tt0831279,/tZdz5bnZvxxy24BOroovxj5iuy0.jpg,/jJ7VoALCHvAUNyzJv8mBHrDVWhV.jpg,"[{""id"": 28, ""name"": ""Action""}, {""id"": 12, ""name"": ""Adventure""}, {""id"": 53, ""name"": ""Thriller""}]",[],"[{""iso_3166_1"": ""US"", ""name"": ""United States of America""}]","[{""english_name"": ""English"", ""iso_639_1"": ""en"", ""name"": ""English""}]","[""US""]",null
17091,Docking the Boat,Att angöra en brygga,"A group of party goers have trouble getting their boat ashore on a small island. The inhabitants of the island try to help, often with the help of an old sailor, and the results are absurd and hilarious.",,Released,False,False,1965-12-26,101,0,0,0.4161,6.2,47,sv,,tt0058926,/2Tdjvc07xMFrRgXzLzolh9WtP1z.jpg,/4YM42L4T4FdYcWWnbJMVcaa81R8.jpg,"[{""id"": 35, ""name"": ""Comedy""}]","[{""id"": 6181, ""logo_path"": ""/gYyww91VI1jdH89xpZgFFc8zN3F.png"", ""name"": ""SF Studios"", ""origin_country"": ""SE""}, {""id"": 113, ""logo_path"": null, ""name"": ""Svenska Ord"", ""origin_country"": ""SE""}]","[{""iso_3166_1"": ""SE"", ""name"": ""Sweden""}]","[{""english_name"": ""Swedish"", ""iso_639_1"": ""sv"", ""name"": ""svenska""}]","[""SE""]",null
17094,The Tour,Turneja,"Year 1993, the bleakest time of war in Bosnia and Herzegovina. A group of actors from Belgrade, utterly unaware of what they're setting themselves up for, embark on a search for quick earnings - on a ""tour"" around the Serbian Krajina. However, there they are thrust into the heart of war and begin to wander from war front to war front, from one army to the next.",,Released,False,False,2008-08-30,102,0,0,0.6277,6.8,17,sr,,tt0996982,/jM3pW6qOfwMt8Q6js9PwhrHQHMn.jpg,/4dfU75v8GslBSyfCgHRtS3ihcJT.jpg,"[{""id"": 12, ""name"": ""Adventure""}, {""id"": 35, ""name"": ""Comedy""}, {""id"": 28, ""name"": ""Action""}]","[{""id"": 63197, ""logo_path"": null, ""name"": ""A Atalanta"", ""origin_country"": ""SI""}, {""id"": 3252, ""logo_path"": null, ""name"": ""Balkan Film"", ""origin_country"": ""RS""}, {""id"": 3253, ""logo_path"": null, ""name"": ""Testament Film"", ""origin_country"": ""RS""}]","[{""iso_3166_1"": ""SI"", ""name"": ""Slovenia""}, {""iso_3166_1"": ""RS"", ""name"": ""Serbia""}, {""iso_3166_1"": ""BA"", ""name"": ""Bosnia and Herzegovina""}, {""iso_3166_1"": ""HR"", ""name"": ""Croatia""}]","[{""english_name"": ""Croatian"", ""iso_639_1"": ""hr"", ""name"": ""Hrvatski""}, {""english_name"": ""Serbian"", ""iso_639_1"": ""sr"", ""name"": ""Srpski""}, {""english_name"": ""Bosnian"", ""iso_639_1"": ""bs"", ""name"": ""Bosanski""}]","[""RS""]",null
17097,After Sex,After Sex,"Sex is a background to examine intimacy and vulnerability. Looks at the complexity of modern day relationships told through eight separate couples. Through dialogue and compromising situations, the film takes us from the beginning of a relationship to the aftermath of one, and examines every stage in between seeing humor within the drama, heartache and confusion of it all.",Eight Couples. One Conversation.,Released,False,False,2007-09-26,77,825000,0,3.0206,5.49,251,en,,tt0465375,/4n41P5CKHFFkQ3s8VJieNmqUkn7.jpg,/6IcKXawCxDd6QZ8CfQHamp3qFDO.jpg,"[{""id"": 35, ""name"": ""Comedy""}, {""id"": 10749, ""name"": ""Romance""}, {""id"": 18, ""name"": ""Drama""}]","[{""id"": 37304, ""logo_path"": null, ""name"": ""Supino Pictures"", ""origin_country"": """"}, {""id"": 2088, ""logo_path"": ""/AoCD5EcqTAuLkxwsKAXYG2VARPP.png"", ""name"": ""NALA Films"", ""origin_country"": ""US""}]","[{""iso_3166_1"": ""US"", ""name"": ""United States of America""}]","[{""english_name"": ""English"", ""iso_639_1"": ""en"", ""name"": ""English""}]","[""US""]",null
17099,Hanzo the Razor: Sword of Justice,御用牙,"Fearless Edo-period police inspector Hanzo Itami, nicknamed The Razor, has developed his own unique way of extracting information for his inquiries. His first adventure sees him investigating his superior officer's mistress, whom he suspects of having ties with a reputed criminal on the loose.",,Released,False,False,1972-12-30,94,0,0,2.0234,6.16,53,ja,,tt0068650,/5D8HTMkSJE3ul87D6pAeyXPqqxA.jpg,/3PmuXXXDbQTTUfjVuWOinTKBKtR.jpg,"[{""id"": 28, ""name"": ""Action""}, {""id"": 18, ""name"": ""Drama""}]","[{""id"": 3038, ""logo_path"": null, ""name"": ""Katsu Production"", ""origin_country"": ""JP""}]","[{""iso_3166_1"": ""JP"", ""name"": ""Japan""}]","[{""english_name"": ""Japanese"", ""iso_639_1"": ""ja"", ""name"": ""\u65e5\u672c\u8a9e""}]","[""JP""]","{""id"": 158376, ""name"": ""Hanzo the Razor Collection"", ""poster_path"": ""/e2gZjAkURdUccbnjQHT4t4Qlw3g.jpg"", ""backdrop_path"": null}"
17100,Trucks,Trucks,"A group of seemingly humanistic trucks takeover a truck stop and starts killing everything in sight. The remaining townsfolk must band together and come up with a way to murder the inanimate objects, a seemingly difficult task considering the abnormal circumstances.","U-TURN, YOU DIE!",Released,False,False,1997-10-29,99,0,0,1.9415,4.5,88,en,,tt0120380,/aJN2BNCUSfrOftshzSginQNILPk.jpg,/7ccuPWLIkAVERmvuwzwAP0hQOVU.jpg,"[{""id"": 27, ""name"": ""Horror""}, {""id"": 878, ""name"": ""Science Fiction""}, {""id"": 53, ""name"": ""Thriller""}, {""id"": 28, ""name"": ""Action""}, {""id"": 10770, ""name"": ""TV Movie""}]","[{""id"": 3254, ""logo_path"": null, ""name"": ""Credo Entertainment Group"", ""origin_country"": """"}, {""id"": 65087, ""logo_path"": null, ""name"": ""USA Pictures"", ""origin_country"": """"}, {""id"": 4063, ""logo_path"": ""/psOuT9ReSYhcBEB5ptnw7D2FdsE.png"", ""name"": ""Trimark Pictures"", ""origin_country"": ""US""}]","[{""iso_3166_1"": ""US"", ""name"": ""United States of America""}]","[{""english_name"": ""English"", ""iso_639_1"": ""en"", ""name"": ""English""}]","[""US""]",null
17101,Bleach the Movie: The DiamondDust Rebellion,劇場版 BLEACH The DiamondDust Rebellion もう一つの氷輪丸,"When an artifact known as the ""King's Seal"" is stolen during transport from Soul Society, Hitsugaya Toushirou is assigned to retrieve it. Toushirou goes missing after a battle with the thieves, leading Seireitei to suspect him of treachery. They order his immediate capture and execution. Unwilling to believe him capable of such a crime, Ichigo, Rangiku, Rukia, and Renji set out to find Toushirou.",,Released,False,False,2007-12-22,95,0,6916899,3.0531,6.753,190,ja,,tt1148261,/1PV8OKvHSYvgmdVnU2wcuzQGthP.jpg,/vmuvk8DSUyk6IUyrvgyxZAAITmP.jpg,"[{""id"": 28, ""name"": ""Action""}, {""id"": 16, ""name"": ""Animation""}, {""id"": 53, ""name"": ""Thriller""}]","[{""id"": 3234, ""logo_path"": ""/wTPPnz05ZCQgEQVeSOxTkUCyhr5.png"", ""name"": ""Pierrot"", ""origin_country"": ""JP""}]","[{""iso_3166_1"": ""JP"", ""name"": ""Japan""}]","[{""english_name"": ""Japanese"", ""iso_639_1"": ""ja"", ""name"": ""\u65e5\u672c\u8a9e""}]","[""JP""]","{""id"": 23497, ""name"": ""Bleach Collection"", ""poster_path"": ""/sRMzON4H4ZYCo7G5z2xpwMisU5M.jpg"", ""backdrop_path"": ""/thrutuVvlp1GZkrOFBaPyoNcwYo.jpg""}"
17102,Dracula: Prince of Darkness,Dracula: Prince of Darkness,"Whilst vacationing in the Carpathian Mountain, two couples stumble across the remains of Count Dracula's castle. The Count's trusted servant kills one of the men, suspending the body over the Count's ashes so that the blood drips from the corpse and saturates the blackened remains. The ritual is completed, the Count revived and his attentions focus on the dead man's wife who is to become his partner; devoted to an existence of depravity and evil.","DEAD for Ten Years DRACULA, Prince of Darkness, LIVES AGAIN!",Released,False,False,1966-01-09,90,280379,364937,2.047,6.699,279,en,,tt0059127,/9uSP0h1jYZSLd3fZw1b4H1w3cPo.jpg,/1BaTdEzBaZDW8z1wk1twkXMpwsd.jpg,"[{""id"": 27, ""name"": ""Horror""}]","[{""id"": 1314, ""logo_path"": ""/gQBluDqe6dc2ZdzfJbabEHoSGoG.png"", ""name"": ""Hammer Film Productions"", ""origin_country"": ""GB""}, {""id"": 124595, ""logo_path"": null, ""name"": ""Associated British Productions (ABP)"", ""origin_country"": """"}]","[{""iso_3166_1"": ""GB"", ""name"": ""United Kingdom""}]","[{""english_name"": ""English"", ""iso_639_1"": ""en"", ""name"": ""English""}]","[""GB""]","{""id"": 123724, ""name"": ""Dracula (Hammer) Collection"", ""poster_path"": ""/n5SozLvdQZ7cYJb22ZIwNw1DzSg.jpg"", ""backdrop_path"": ""/vnOfyNpcJBES6gF699Wr4QFxl4I.jpg""}"
17106,Numb,Numb,"Hudson Milbank is a successful Hollywood screenwriter who suddenly and strangely finds himself without any emotional feelings. He tries doctor after doctor and shrink after shrink, but nothing works. The Golf Channel, lesbian exercise classes and a dizzying variety of pills get him through the day, but don't quite solve his problem. His writing partner tries everything to get him back to normal, but it's not until Hudson meets Sara that he finds a real motivation to get better and to actually start feeling again. From the writer of Deuce Bigalow, comes NUMB, a romantic comedy following an unusual man looking for strange love.",,Released,False,False,2007-04-30,93,0,0,1.611,5.9,117,en,,tt0795439,/tH8olC1mCnxqqby8xdNOiy15B1q.jpg,/8qEykcDqSdG6LUKgDtsmBVmJVlg.jpg,"[{""id"": 35, ""name"": ""Comedy""}, {""id"": 18, ""name"": ""Drama""}, {""id"": 10749, ""name"": ""Romance""}]",[],"[{""iso_3166_1"": ""US"", ""name"": ""United States of America""}]","[{""english_name"": ""English"", ""iso_639_1"": ""en"", ""name"": ""English""}]","[""US""]",null
17108,Kung Fu Dunk,功夫灌篮,"Shi-Jie is a brilliant martial artist from the Kung Fu School. One day, he encounters a group of youths playing basketball and shows off how easy it is for him, with his martial arts training, to do a Slam Dunk. Watching him was Chen-Li, a shrewd businessman, who recruits him to play varsity basketball at the local university.",,Released,False,False,2008-02-07,98,10000000,22896728,3.8587,5.9,252,zh,http://kungfudunk.scholarfilms.com.tw/,tt0848538,/cNxnBgszvHzx2QrqCORhhzl6JcM.jpg,/2h6LQBRGuzMkqFvazRx4fZFiU7T.jpg,"[{""id"": 28, ""name"": ""Action""}, {""id"": 12, ""name"": ""Adventure""}, {""id"": 35, ""name"": ""Comedy""}]","[{""id"": 3407, ""logo_path"": ""/iVMjKOFyRvm9PW45lW1wW6TSvnj.png"", ""name"": ""Shanghai Film Group"", ""origin_country"": ""CN""}, {""id"": 24089, ""logo_path"": null, ""name"": ""Chang-Hong Channel Film & Video Co."", ""origin_country"": """"}, {""id"": 2726, ""logo_path"": ""/prHrgMVMpZnTgEWYo9Mi7nyka34.png"", ""name"": ""JCE Movies"", ""origin_country"": ""HK""}, {""id"": 232084, ""logo_path"": null, ""name"": ""\u4e0a\u5f71\u82f1\u7687"", ""origin_country"": ""CN""}]","[{""iso_3166_1"": ""CN"", ""name"": ""China""}, {""iso_3166_1"": ""HK"", ""name"": ""Hong Kong""}, {""iso_3166_1"": ""TW"", ""name"": ""Taiwan""}]","[{""english_name"": ""Mandarin"", ""iso_639_1"": ""zh"", ""name"": ""\u666e\u901a\u8bdd""}]","[""CN"", ""TW"", ""HK""]",null
17109,Rush: Exit... Stage Left,Rush: Exit... Stage Left,"Exit...Stage Left was filmed in Montreal Canada during Rush's 1981 World Tour that encompassed Canada, the United States and Europe  and reached a total audience in excess of one million people. The footage incorporated the output of five separate 16mm cameras, both hand-held and stationary, which operated in front of the stage behind a barricade, and in various strategic onstage locations. During the performance at the Montreal forum, the audio was recorded by Le Mobile, with Terry Brown and Guy Charbonneau at the controls. The audio was then digitally mixed at Le Studio in Morin Heights, Quebec, where Moving Pictures, Permanent Waves, and Signals  were recorded and mixed. The result, the Exit...Stage Left movie (a different performance than that found on the live Exit...Stage Left album), represents one hour of highlights from Rush's two hour stage show, visualizing material from their albums Moving Pictures, Permanent Waves, Hemispheres, and A Farewell to Kings.",,Released,False,False,1982-02-13,60,0,0,0.2215,8.2,4,en,,tt0391138,/pKjcspeQ1Z9KuaqQzMqaochqoo7.jpg,/hdAq02nlUOhiCoIb15G9i4thdRi.jpg,"[{""id"": 10402, ""name"": ""Music""}]","[{""id"": 258579, ""logo_path"": null, ""name"": ""Rabko"", ""origin_country"": """"}]","[{""iso_3166_1"": ""CA"", ""name"": ""Canada""}, {""iso_3166_1"": ""US"", ""name"": ""United States of America""}]","[{""english_name"": ""English"", ""iso_639_1"": ""en"", ""name"": ""English""}]",[],null
17110,One Point O,One Point O,"Paranoid computer programmer Simon wakes up to find a package in his room one day. Despite attempts at securing his apartment, the packages keep arriving. While cameras watch Simon's every move, he struggles to find the answers to the mysterious forces taking over his life.",Are you infected?,Released,False,False,2004-03-16,95,0,0,1.6755,5.6,139,en,,tt0317042,/hFiozrJZK6a3BTnkmyDMrTjeVNe.jpg,/GeILLycd0iG9RC2terozL0n2A0.jpg,"[{""id"": 18, ""name"": ""Drama""}, {""id"": 27, ""name"": ""Horror""}, {""id"": 9648, ""name"": ""Mystery""}, {""id"": 878, ""name"": ""Science Fiction""}]","[{""id"": 36326, ""logo_path"": ""/j7grgeyXof8VBmqbBBSNaqVoOCb.png"", ""name"": ""VIP 2 Medienfonds"", ""origin_country"": ""DE""}, {""id"": 169416, ""logo_path"": null, ""name"": ""ZentAmerica Entertainment"", ""origin_country"": """"}, {""id"": 12939, ""logo_path"": null, ""name"": ""Armada Pictures"", ""origin_country"": """"}, {""id"": 25470, ""logo_path"": null, ""name"": ""Icelandic Film Corporation"", ""origin_country"": """"}, {""id"": 13411, ""logo_path"": ""/5pzxTy7lWRCiruCNzwqtIYB3N43.png"", ""name"": ""Hakuhodo"", ""origin_country"": ""JP""}, {""id"": 14608, ""logo_path"": ""/bIK6Ag2LdbbAV7LYRqjump11ZWM.png"", ""name"": ""Twin"", ""origin_country"": ""JP""}]","[{""iso_3166_1"": ""IS"", ""name"": ""Iceland""}, {""iso_3166_1"": ""RO"", ""name"": ""Romania""}, {""iso_3166_1"": ""US"", ""name"": ""United States of America""}]","[{""english_name"": ""English"", ""iso_639_1"": ""en"", ""name"": ""English""}]","[""IS"", ""RO"", ""US""]",null
17111,Shutter,ชัตเตอร์ กดติดวิญญาณ,"When Jane and Tun run over a girl in a car accident, they speed away immediately from the crime scene. However, Tun, a photographer, soon discovers strange shadows in his photos, which unsettles them.",The most terrifying images are the ones that are real.,Released,False,False,2004-09-09,96,125000,0,3.6661,7.288,1379,th,,tt0440803,/zUyaVtyugDaDHtOC6kCMJhbZsWu.jpg,/cX48taTcXP2oGXPvka8QFa4f4Qb.jpg,"[{""id"": 27, ""name"": ""Horror""}, {""id"": 9648, ""name"": ""Mystery""}, {""id"": 53, ""name"": ""Thriller""}]","[{""id"": 3255, ""logo_path"": null, ""name"": ""GMM Pictures Co."", ""origin_country"": """"}, {""id"": 5369, ""logo_path"": ""/tjuwCtH2mVCEFCYBT6CTytdiqot.png"", ""name"": ""GMM Tai Hub (GTH)"", ""origin_country"": ""TH""}]","[{""iso_3166_1"": ""TH"", ""name"": ""Thailand""}]","[{""english_name"": ""Thai"", ""iso_639_1"": ""th"", ""name"": ""\u0e20\u0e32\u0e29\u0e32\u0e44\u0e17\u0e22""}]","[""TH""]",null
17112,Rush: Chronicles,Rush: Chronicles,"Whilst Rush have always been considered one of Rock's greatest hidden treasures, with complex, intricate musicianship, it can never be said that Music Video was their forté. With this collection of 'hit' videos from Rush we can see why. Almost befittingly, Rush's best videos appear to be those that simply demonstrate their playing. Studio footage of Rush is rare and welcomed on this DVD.",,Released,False,False,1990-01-01,63,0,0,0.1508,5.8,3,en,http://www.rush.com/,tt1438502,/sqkbps6t51UWKYyC4MnOiUkdjhh.jpg,/b9WNne9QIGMWfqdP7uJMqHFE1EL.jpg,"[{""id"": 10402, ""name"": ""Music""}]",[],[],"[{""english_name"": ""English"", ""iso_639_1"": ""en"", ""name"": ""English""}]","[""US""]",null
17113,The Ballad of Jack and Rose,The Ballad of Jack and Rose,"Jack Slavin is an environmentalist with a heart condition who lives with his daughter, Rose, on an isolated island. While Jack fights against developers who wish to build in the area, he also craves more contact with other people. When he invites his girlfriend, Kathleen, and her sons, Rodney and Thaddius, to move in, Rose is upset. The complicated family dynamics makes things difficult for everyone in the house.","Selfhood begins with a walking away, and love is proved in the letting go.",Released,False,False,2005-02-25,111,1500000,712294,1.7667,6.1,168,en,,tt0357110,/jhID43WmWf3HeH3M3tBCPTSeBOi.jpg,/226BOT8YMPY1OgXGHTVPqUPSG0F.jpg,"[{""id"": 18, ""name"": ""Drama""}]","[{""id"": 37334, ""logo_path"": null, ""name"": ""Jack and Rose Productions"", ""origin_country"": ""US""}, {""id"": 26468, ""logo_path"": ""/d6FzZaLRy1Lbmj0ySIQ5dCpN0rp.png"", ""name"": ""IFC Productions"", ""origin_country"": ""US""}, {""id"": 7380, ""logo_path"": null, ""name"": ""Initial Entertainment Group"", ""origin_country"": ""US""}, {""id"": 1840, ""logo_path"": null, ""name"": ""Elevation Filmworks"", ""origin_country"": """"}]","[{""iso_3166_1"": ""US"", ""name"": ""United States of America""}]","[{""english_name"": ""English"", ""iso_639_1"": ""en"", ""name"": ""English""}]","[""US""]",null
17114,Rush: A Show of Hands,Rush: A Show of Hands,"For a band with high standards, a perfect show is impossible, and an excellent show is rare. You hope that the norm is ""good"". To deliver a really exceptional, comfortable performance before a recording truck or film crew has been our unfulfilled dream of many years. Always it seemed that as soon as the machines started rolling, we forgot how to play and our equipment forgot how to work.  But for these two nights, the gods smile.  And the film becomes not just a concert, but a symbol - for the band a scrapbook, an autobiography, an era frozen in glacial clarity. For the audience, it can be an enduring souvenir, and if it can't quite capture what it was like to be there, it is a way of seeing through many pairs of eyes, of shifting one's vantage-point around and above the players in a way no mortal could.  Hands perform, and hands respond. Hands gesture, and hands respond. A show of ears and eyes, a show of hearts and minds. A Show of Hands.  - Neil Peart",,Released,False,False,1989-01-01,90,0,0,0.1744,7.7,7,en,,tt0391450,/qgABrrI1pAgSd8IUC1gYhnByh16.jpg,/bNMRIMRJXSMZoR0TTgJufd5z4k2.jpg,"[{""id"": 10402, ""name"": ""Music""}]","[{""id"": 96400, ""logo_path"": ""/lTzSvArTDdffkHuXLEfy9IX1PLE.png"", ""name"": ""Polygram Music Video"", ""origin_country"": """"}, {""id"": 118238, ""logo_path"": null, ""name"": ""Anthem Entertainment Group Inc."", ""origin_country"": """"}]","[{""iso_3166_1"": ""CA"", ""name"": ""Canada""}, {""iso_3166_1"": ""GB"", ""name"": ""United Kingdom""}, {""iso_3166_1"": ""US"", ""name"": ""United States of America""}]","[{""english_name"": ""English"", ""iso_639_1"": ""en"", ""name"": ""English""}]","[""US""]",null
17118,Rush: R30,Rush: R30,"R30 captures the band's $21-million grossing, sell-out 30th Anniversary World Tour and was filmed with 14 hi-definition cameras in 16x9 widescreen format at the Festhalle, Frankfurt Germany on September 24, 2004.  The set list spans the band's diverse 30-year career, and includes fan favorites ""Xanadu,"" ""The Spirit of Radio,"" ""Working Man,"" ""Tom Sawyer,"" ""Subdivisions,"" ""Earthshine,"" ""2112,"" ""Limelight,"" ""Between the Wheels,"" which hasn't been performed live in 20 years as well as tracks from 2004's covers EP Feedback, including ""Summertime Blues"" and ""Crossroads."" Most of all eighteen studio albums are well represented through a non-stop energetic set of 22 electrifying songs.",,Released,False,False,2005-11-28,182,0,0,0.4049,7.6,9,en,http://www.rush.com/,tt0497527,/icOgT2e6kWpkKfNos7RLwl2fzKy.jpg,/bYIwIj9c1Zk65XJjpajb7sobBiA.jpg,"[{""id"": 10402, ""name"": ""Music""}]","[{""id"": 118238, ""logo_path"": null, ""name"": ""Anthem Entertainment Group Inc."", ""origin_country"": """"}, {""id"": 96966, ""logo_path"": null, ""name"": ""FogoLabs"", ""origin_country"": """"}, {""id"": 289466, ""logo_path"": null, ""name"": ""Outside Broadcast"", ""origin_country"": ""BE""}]","[{""iso_3166_1"": ""US"", ""name"": ""United States of America""}, {""iso_3166_1"": ""CA"", ""name"": ""Canada""}]",[],"[""US""]",null
17119,Rush: Grace Under Pressure Tour,Rush: Grace Under Pressure Tour,"By 1984, Rush were becoming the world's most popular 'underground' band. The world was also in a sombre mood, perhaps reflecting on George Orwell's 1984 thoughts. Rush's music from the Grace Under Pressure album captured this mood well, and their footage of the Maple Leaf Gardens concert in their home town Toronto on 21 September 1984 covers many of the stunning tracks from that album.",,Released,False,False,1986-03-28,63,0,0,0.2757,7.1,6,en,,tt0477434,/apEfZr01nDlSZjKscjPmEVDNk4s.jpg,/lWdHiXxjorj9zEQ5cmmw7KUjXm.jpg,"[{""id"": 10402, ""name"": ""Music""}]",[],"[{""iso_3166_1"": ""CA"", ""name"": ""Canada""}, {""iso_3166_1"": ""US"", ""name"": ""United States of America""}]","[{""english_name"": ""English"", ""iso_639_1"": ""en"", ""name"": ""English""}]","[""US""]",null
17120,Bless This House,Bless This House,"The legendary Sid James stars as the head of a chaotic household in this movie spin-off from the hit ITV sitcom. Sid Abbott and his best mate Trevor (Peter Butterworth) enjoy home-brewing. Plans to turn their hobby into a profitable, if illicit, sideline come unstuck when a Customs and Excise officer (Terry Scott) moves in next door! What’s more, Sid’s outspoken and madcap family hinder neighbourly relations even further.",,Released,False,False,1972-09-08,87,0,0,0.7041,6.3,23,en,,tt0068285,/3WN3FVaoqAREZm6FbUMMttI8BA.jpg,/ssc7avppPJuW8zMUJI06fkCH2YH.jpg,"[{""id"": 35, ""name"": ""Comedy""}]","[{""id"": 364, ""logo_path"": null, ""name"": ""The Rank Organisation"", ""origin_country"": ""GB""}, {""id"": 10265, ""logo_path"": null, ""name"": ""Peter Rogers Productions"", ""origin_country"": """"}]","[{""iso_3166_1"": ""GB"", ""name"": ""United Kingdom""}]","[{""english_name"": ""English"", ""iso_639_1"": ""en"", ""name"": ""English""}]","[""US"", ""GB""]",null
17122,Y2K,Y2K,"On the eve of the new millennium, a nervous military leader assembles a team to help him deal with an unforeseen problem, as they are being alerted of a long missing nuclear missile hidden somewhere deep in the jungle which is set to go off in January 2000, due to the millennium bug! It's up to them to race against time to stop it before it is too late and they are doomed!","""Man Holds in his mortal hands the power to abolish...all forms of life."" - JFK.",Released,False,False,1999-07-01,106,0,0,0.9647,5.4,9,en,,tt0196221,/Afdp8AwRDsnnZKVvcPfjJI1mNMk.jpg,/rNJdeq3O0cY47sHtgNUDJuF9zxd.jpg,"[{""id"": 28, ""name"": ""Action""}, {""id"": 53, ""name"": ""Thriller""}]","[{""id"": 125558, ""logo_path"": ""/7ZDyxnaGb2YzJXJQYYJU8HmjlQx.png"", ""name"": ""PM Entertainment Group"", ""origin_country"": ""US""}]","[{""iso_3166_1"": ""US"", ""name"": ""United States of America""}]","[{""english_name"": ""English"", ""iso_639_1"": ""en"", ""name"": ""English""}, {""english_name"": ""Portuguese"", ""iso_639_1"": ""pt"", ""name"": ""Portugu\u00eas""}]","[""US""]",null
17124,Wild Things: Diamonds in the Rough,Wild Things: Diamonds in the Rough,"Two young women will stop at nothing for one to gain a $4 million inheritance of two priceless diamonds, while two detectives try to thwart their plans, but find complications abound.",Bad girls just want to have fun.,Released,False,False,2005-02-19,87,0,0,1.8641,5.0,160,en,,tt0448179,/1O01MpwB6eV0ars0Jxk0yh4x5ED.jpg,/zTg07zGMlENrLjqgGmkZJpwPAqJ.jpg,"[{""id"": 80, ""name"": ""Crime""}, {""id"": 18, ""name"": ""Drama""}, {""id"": 9648, ""name"": ""Mystery""}]","[{""id"": 8456, ""logo_path"": null, ""name"": ""Mainline Releasing"", ""origin_country"": ""US""}, {""id"": 3256, ""logo_path"": ""/46DvwRN1HzydHqQo2Wx01YzMXMi.png"", ""name"": ""Lightning Entertainment"", ""origin_country"": ""US""}, {""id"": 551, ""logo_path"": ""/jSlzEZZ4Z1g7B2UExjZEIKsUvD9.png"", ""name"": ""Mandalay Pictures"", ""origin_country"": ""US""}]","[{""iso_3166_1"": ""US"", ""name"": ""United States of America""}]","[{""english_name"": ""English"", ""iso_639_1"": ""en"", ""name"": ""English""}]","[""US""]","{""id"": 33059, ""name"": ""Wild Things Collection"", ""poster_path"": ""/iafrzHPYyZXZl96la1IrjxMsW1e.jpg"", ""backdrop_path"": ""/wCh4W9gWT9DT7mRgWDofwcM2pwD.jpg""}"
17126,Satisfaction,Satisfaction,"When a young rock group called The Mystery gets its first gig at a club, it's an opportunity to see what life is all about. Fresh out of high school, the rockers are hired by an exclusive beach resort thanks to a faded '60s songwriter. There, they meet with romance and adventure. But street-smart lead singer Jennie Lee faces a dilemma: pursue her budding career or finish high school.",One Band. One Dream. One Summer.,Released,False,False,1988-02-12,92,0,8253123,1.8178,5.1,67,en,,tt0096037,/yvLIYS4lDfsQL4khLly73cDczaM.jpg,/9FEsUbdKxHuPRoekodWHWlOFSzL.jpg,"[{""id"": 35, ""name"": ""Comedy""}, {""id"": 10402, ""name"": ""Music""}, {""id"": 10749, ""name"": ""Romance""}]","[{""id"": 25, ""logo_path"": ""/qZCc1lty5FzX30aOCVRBLzaVmcp.png"", ""name"": ""20th Century Fox"", ""origin_country"": ""US""}, {""id"": 1502, ""logo_path"": ""/ywjcvHUiKxv7cYsestkONF8LieH.png"", ""name"": ""NBC"", ""origin_country"": ""US""}]","[{""iso_3166_1"": ""US"", ""name"": ""United States of America""}]","[{""english_name"": ""English"", ""iso_639_1"": ""en"", ""name"": ""English""}]","[""US""]",null
17127,The Object of My Affection,The Object of My Affection,"A pregnant New York social worker begins to develop romantic feelings for her gay best friend, and decides she'd rather raise her child with him, much to the dismay of her overbearing boyfriend.",A love story that could only happen between best friends.,Released,False,False,1998-04-17,111,15000000,46900000,2.2153,5.8,326,en,,tt0120772,/2mA6QEdzhsftNIFV11SGsQLJvJR.jpg,/9ItSJKC4O77Uk2yULvSYdV6F171.jpg,"[{""id"": 18, ""name"": ""Drama""}, {""id"": 10749, ""name"": ""Romance""}]","[{""id"": 25, ""logo_path"": ""/qZCc1lty5FzX30aOCVRBLzaVmcp.png"", ""name"": ""20th Century Fox"", ""origin_country"": ""US""}]","[{""iso_3166_1"": ""US"", ""name"": ""United States of America""}]","[{""english_name"": ""English"", ""iso_639_1"": ""en"", ""name"": ""English""}]","[""US""]",null
17128,Hanzo the Razor: The Snare,御用牙　かみそり半蔵地獄責め,"Against the backdrop of the Edo treasury devaluing currency and driving many into poverty, Hanzo Itami enforces the law without regard to status. He shows inadequate respect to the treasurer, who wants him dead.",,Released,False,False,1973-08-11,89,0,0,1.9714,6.149,37,ja,,tt0174707,/yvlWwZLgR2Ut1fUVSgoRJJyoOZ2.jpg,/qXUCnoVPb8Oge4kIs0Z8cuoNIli.jpg,"[{""id"": 36, ""name"": ""History""}, {""id"": 28, ""name"": ""Action""}, {""id"": 18, ""name"": ""Drama""}]","[{""id"": 3038, ""logo_path"": null, ""name"": ""Katsu Production"", ""origin_country"": ""JP""}, {""id"": 882, ""logo_path"": ""/fRSWWjquvzcHjACbtF53utZFIll.png"", ""name"": ""TOHO"", ""origin_country"": ""JP""}]","[{""iso_3166_1"": ""JP"", ""name"": ""Japan""}]","[{""english_name"": ""Japanese"", ""iso_639_1"": ""ja"", ""name"": ""\u65e5\u672c\u8a9e""}]","[""JP""]","{""id"": 158376, ""name"": ""Hanzo the Razor Collection"", ""poster_path"": ""/e2gZjAkURdUccbnjQHT4t4Qlw3g.jpg"", ""backdrop_path"": null}"
17129,Hanzo the Razor: Who's Got the Gold?,御用牙 鬼の半蔵やわ肌小判,"Hanzo extracts a confession from a ghost using his assaulting methods, foils thieves, connects with Heisuke Takei a friend from his youth, offers protection to a forward-thinking physician Genan Sugino who has defamed his ruler, discovers a pleasure ring of young wives and a blind music teacher, and cuckolds a corrupt official under his very nose.",,Released,False,False,1974-02-09,84,0,0,1.5174,5.729,35,ja,,tt0174708,/2WJSNY14pA1ZlfcJD2auVqQ7Y5h.jpg,/zkvjPIvyfrMXS09gJyboXjua54e.jpg,"[{""id"": 28, ""name"": ""Action""}, {""id"": 18, ""name"": ""Drama""}]","[{""id"": 882, ""logo_path"": ""/fRSWWjquvzcHjACbtF53utZFIll.png"", ""name"": ""TOHO"", ""origin_country"": ""JP""}, {""id"": 3038, ""logo_path"": null, ""name"": ""Katsu Production"", ""origin_country"": ""JP""}]","[{""iso_3166_1"": ""JP"", ""name"": ""Japan""}]","[{""english_name"": ""Japanese"", ""iso_639_1"": ""ja"", ""name"": ""\u65e5\u672c\u8a9e""}]","[""JP""]","{""id"": 158376, ""name"": ""Hanzo the Razor Collection"", ""poster_path"": ""/e2gZjAkURdUccbnjQHT4t4Qlw3g.jpg"", ""backdrop_path"": null}"
17130,Crossroads,Crossroads,"After eight years apart, three childhood friends - Lucy, Kit, and Mimi - rediscover their friendship on a cross-country trip. With barely a plan, practically no money but plenty of dreams, the girls catch a lift with Mimi's handsome friend Ben in his convertible. Along the way they not only gather experiences that will change their lives, but they also discover how important it is to hold onto their hearts' desires.",Dreams change. Friends are forever.,Released,False,False,2002-02-15,93,12000000,61141030,2.6211,5.2,675,en,,tt0275022,/prdFY9Bc28frBhhWl7mPSr7JmFp.jpg,/igpUTEhu5zEtGt19iPuDgfuxoyL.jpg,"[{""id"": 18, ""name"": ""Drama""}, {""id"": 10749, ""name"": ""Romance""}, {""id"": 35, ""name"": ""Comedy""}]","[{""id"": 4, ""logo_path"": ""/jay6WcMgagAklUt7i9Euwj1pzTF.png"", ""name"": ""Paramount Pictures"", ""origin_country"": ""US""}, {""id"": 746, ""logo_path"": ""/kc7bdIVTBkJYy9aDK1QDDTAL463.png"", ""name"": ""MTV Films"", ""origin_country"": ""US""}, {""id"": 102758, ""logo_path"": null, ""name"": ""Zomba Films"", ""origin_country"": """"}]","[{""iso_3166_1"": ""US"", ""name"": ""United States of America""}]","[{""english_name"": ""English"", ""iso_639_1"": ""en"", ""name"": ""English""}]","[""US""]",null
17131,The Glass Key,The Glass Key,A crooked politician finds himself being accused of murder by a gangster from whom he refused help during a re-election campaign.,The Tougher They Are—The Harder They Fall,Released,False,False,1942-09-08,85,0,0,2.6773,6.6,128,en,,tt0034798,/wMUEEEdqKWIN9BxcSFx3dlFb7i1.jpg,/jkGg59usMSBG36TLfA3KaaHAZnP.jpg,"[{""id"": 80, ""name"": ""Crime""}, {""id"": 9648, ""name"": ""Mystery""}, {""id"": 53, ""name"": ""Thriller""}]","[{""id"": 4, ""logo_path"": ""/jay6WcMgagAklUt7i9Euwj1pzTF.png"", ""name"": ""Paramount Pictures"", ""origin_country"": ""US""}]","[{""iso_3166_1"": ""US"", ""name"": ""United States of America""}]","[{""english_name"": ""English"", ""iso_639_1"": ""en"", ""name"": ""English""}]","[""US""]",null
17132,Savannah Smiles,Savannah Smiles,The young daughter of a politician runs away due to lack of attention. She hides in the car of two not too bright crooks who are slowly converted into parent figures as the police web closes down on the supposed kidnappers.,...and love will never be the same.,Released,False,False,1982-04-09,105,0,0,0.9933,6.5,30,en,,tt0084633,/xSR2Qss4bpcpeKq1JXov9C7mpp9.jpg,/7e39FmoTx4JAxTgF1IkKpvrldX6.jpg,"[{""id"": 10751, ""name"": ""Family""}, {""id"": 35, ""name"": ""Comedy""}]","[{""id"": 105499, ""logo_path"": null, ""name"": ""Savannah Smiles Productions"", ""origin_country"": """"}, {""id"": 112748, ""logo_path"": ""/lGUJXMRuudPSl4SrmXUaag0d8oj.png"", ""name"": ""Embassy Pictures"", ""origin_country"": ""US""}]","[{""iso_3166_1"": ""US"", ""name"": ""United States of America""}]","[{""english_name"": ""English"", ""iso_639_1"": ""en"", ""name"": ""English""}]","[""US""]",null
17133,Homegrown,Homegrown,"Three laborers on a Northern California marijuana plantation become increasingly paranoid when they learn that their boss has been murdered. They know enough to run, taking with them enough of the crop to pay them for services rendered. Hooking up with go-between Lucy in the next town, they plot their next move.",,Released,False,False,1998-04-17,102,0,271375,1.5526,5.6,64,en,,tt0119305,/feQeYHriKLCjzkUEjg4D81ggyYs.jpg,/i72JysXqxwdDX7vgZDQwsAbI3QK.jpg,"[{""id"": 18, ""name"": ""Drama""}, {""id"": 28, ""name"": ""Action""}, {""id"": 35, ""name"": ""Comedy""}, {""id"": 53, ""name"": ""Thriller""}, {""id"": 80, ""name"": ""Crime""}]","[{""id"": 53458, ""logo_path"": ""/duvBwB5816mJ52ohQUden2PHwY2.png"", ""name"": ""Lakeshore International"", ""origin_country"": ""US""}]","[{""iso_3166_1"": ""US"", ""name"": ""United States of America""}]","[{""english_name"": ""English"", ""iso_639_1"": ""en"", ""name"": ""English""}]","[""US""]",null
17134,12 Rounds,12 Rounds,"When New Orleans Police Detective Danny Fisher stops a brilliant thief from getting away with a multimillion-dollar heist, the thief's girlfriend is accidentally killed. After escaping from prison, the criminal mastermind enacts his revenge, taunting Danny with 12 rounds of near-impossible puzzles and tasks that he must somehow complete to save the life of the woman he loves.",Can you survive 12 rounds for the one you love?,Released,False,False,2009-03-19,108,22000000,17280326,3.3494,5.896,838,en,,tt1160368,/7k7qhrO57sVoBLrNo5HYoTp24sT.jpg,/c2EpOiIhpMtGCnG6HyHgbpyryPd.jpg,"[{""id"": 28, ""name"": ""Action""}, {""id"": 53, ""name"": ""Thriller""}, {""id"": 80, ""name"": ""Crime""}]","[{""id"": 1557, ""logo_path"": ""/ccz9bqCu3jSFKbPFnfWmjAKZLBL.png"", ""name"": ""The Mark Gordon Company"", ""origin_country"": ""US""}, {""id"": 17887, ""logo_path"": null, ""name"": ""Midnight Sun Pictures"", ""origin_country"": ""US""}, {""id"": 2890, ""logo_path"": ""/sylRB38BNx3YFW3T6qV9RAXH3UU.png"", ""name"": ""Fox Atomic"", ""origin_country"": ""US""}, {""id"": 10339, ""logo_path"": ""/dU7bjpBabgAd6R8INdVAyCjQ70w.png"", ""name"": ""WWE Studios"", ""origin_country"": ""US""}]","[{""iso_3166_1"": ""US"", ""name"": ""United States of America""}]","[{""english_name"": ""English"", ""iso_639_1"": ""en"", ""name"": ""English""}]","[""US""]","{""id"": 221622, ""name"": ""12 Rounds Collection"", ""poster_path"": ""/5ra91krahJv3CKklkxb01Yo74r5.jpg"", ""backdrop_path"": ""/74CXzNGbmZJdSJrvJWdQ7yh0UmA.jpg""}"
17135,Omega Doom,Omega Doom,"After earth is taken over by an army of robots, the small number of humans left are forced into hiding. In the nuclear winter, only droids walk the face of the earth, in fear of the rumored human resurgence, and in search of a hidden cache of weapons. One robot, his evil circuits destroyed, enters a small town where a robot civil war is taking place.",Robots rule the Earth. Only one man can stop them.,Released,False,False,1996-10-21,84,0,0,0.9605,4.432,69,en,,tt0117238,/j8gSAdGQRxf4eGOSueff1LjZREW.jpg,/rDRBp8SrUfndHAnP7siwGGARu0N.jpg,"[{""id"": 878, ""name"": ""Science Fiction""}]","[{""id"": 1644, ""logo_path"": ""/l5JFudbLN3vr1sSkjRoqF7To8Ky.png"", ""name"": ""Largo Entertainment"", ""origin_country"": ""US""}, {""id"": 7954, ""logo_path"": null, ""name"": ""Filmwerks"", ""origin_country"": """"}]","[{""iso_3166_1"": ""US"", ""name"": ""United States of America""}]","[{""english_name"": ""English"", ""iso_639_1"": ""en"", ""name"": ""English""}]","[""US""]",null
17136,The Woman in the Window,The Woman in the Window,A seductive woman gets an innocent professor mixed up in murder.,It was the look in her eyes that made him think of murder.,Released,False,False,1944-10-25,99,0,0,2.3117,7.4,379,en,,tt0037469,/i8jDpAWByVYaQZJXbsg8XqDOF5y.jpg,/6vXnGv5ly9leE6QGBRCzrUuG2tG.jpg,"[{""id"": 80, ""name"": ""Crime""}, {""id"": 18, ""name"": ""Drama""}, {""id"": 53, ""name"": ""Thriller""}]","[{""id"": 3257, ""logo_path"": null, ""name"": ""International Pictures"", ""origin_country"": ""US""}, {""id"": 133496, ""logo_path"": null, ""name"": ""Christie Corporation"", ""origin_country"": ""US""}]","[{""iso_3166_1"": ""US"", ""name"": ""United States of America""}]","[{""english_name"": ""English"", ""iso_639_1"": ""en"", ""name"": ""English""}]","[""US""]",null
17137,What We Do Is Secret,What We Do Is Secret,"The true-life story of Darby Crash, who became an L.A. punk icon with his band The Germs. Along with Lorna Doom, Pat Smear, and Don Bolles, Darby Crash completely transformed the L.A. punk scene, while sacrificing everyone he loved, his career, and ultimately his life.",American Punk started with a Germ,Released,False,False,2007-06-23,92,0,58776,0.9524,5.1,27,en,http://www.whatwedoissecretthemovie.com/,tt0384683,/3ZsIq3gg5oW7TZwey9xbqYpjyBc.jpg,/wGrlPGwCcbmaJnxyGOAJISIjvqn.jpg,"[{""id"": 18, ""name"": ""Drama""}, {""id"": 10402, ""name"": ""Music""}]","[{""id"": 75380, ""logo_path"": ""/4E4RWRfabaViS9qmZOM8V51stwR.png"", ""name"": ""Coalition Films"", ""origin_country"": ""US""}, {""id"": 8085, ""logo_path"": null, ""name"": ""Picture Machine"", ""origin_country"": """"}]","[{""iso_3166_1"": ""US"", ""name"": ""United States of America""}]","[{""english_name"": ""English"", ""iso_639_1"": ""en"", ""name"": ""English""}]","[""US""]",null
17138,The 8th Plague,The 8th Plague,"The 8th Plague is the story of a woman named Launa who is investigating the disappearance of her sister, Nikki. Nikki had gone camping in the mountain town of Halcyon Springs and never came back. Becoming more and more frustrated, Launa realizes that she must find her sister on her own with the help of Mason, a mysterious local man with a shadowed past.",It doesn't matter if you believe in hell... because hell believes in you,Released,False,False,2006-09-04,95,0,0,0.292,4.2,21,en,,tt0479219,/3RFqGYm9AhDJo4Wa0gRJkdBFzev.jpg,,"[{""id"": 28, ""name"": ""Action""}, {""id"": 27, ""name"": ""Horror""}]","[{""id"": 3258, ""logo_path"": null, ""name"": ""Two for Flinching Productions LLC"", ""origin_country"": """"}]","[{""iso_3166_1"": ""US"", ""name"": ""United States of America""}]","[{""english_name"": ""English"", ""iso_639_1"": ""en"", ""name"": ""English""}]","[""US""]",null
17139,Character,Karakter,"In pre-WWII Holland, the penniless, illegitimate son of a powerful bailiff sets out to become a lawyer as he spends a lifetime struggling to prove his worth to his relentlessly spiteful father.",,Released,False,False,1997-04-17,122,4500000,0,0.9525,7.3,114,nl,,tt0119448,/v7TWGTZ6fNkY72IyoiVIcnlwniU.jpg,/7rxKreyDYVaHCOm93cZ1GaK5ZeO.jpg,"[{""id"": 36, ""name"": ""History""}, {""id"": 18, ""name"": ""Drama""}]","[{""id"": 938, ""logo_path"": ""/ogBT5Ls8kZJtNdF4FcIwDhBNrOh.png"", ""name"": ""First Floor Features"", ""origin_country"": ""NL""}, {""id"": 3259, ""logo_path"": null, ""name"": ""Almerica Films"", ""origin_country"": """"}]","[{""iso_3166_1"": ""BE"", ""name"": ""Belgium""}, {""iso_3166_1"": ""NL"", ""name"": ""Netherlands""}]","[{""english_name"": ""English"", ""iso_639_1"": ""en"", ""name"": ""English""}, {""english_name"": ""French"", ""iso_639_1"": ""fr"", ""name"": ""Fran\u00e7ais""}, {""english_name"": ""Dutch"", ""iso_639_1"": ""nl"", ""name"": ""Nederlands""}, {""english_name"": ""German"", ""iso_639_1"": ""de"", ""name"": ""Deutsch""}]","[""NL""]",null
17140,The Attic Expeditions,The Attic Expeditions,"Trevor Blackburn is accused of murdering his girlfriend, Faith, in a brutal ritual. He's sentenced to live in an experimental rehabilitation community and falls into a coma. When he wakes up, he meets the mysterious Dr. Ek, who tortures Trevor in an attempt to learn the whereabouts of a powerful occult book. As other patients start to disappear, Trevor begins to wonder who and where he really is.",His search for peace of mind... will leave his mind in pieces.,Released,False,False,2001-04-05,100,1000000,0,1.3243,5.0,40,en,,tt0118652,/b0p8CjMLWc7B1nnIfFQ2uY3HLe0.jpg,/mWxJEFRMvkG4UItYJkRDMgWQ08Y.jpg,"[{""id"": 27, ""name"": ""Horror""}, {""id"": 9648, ""name"": ""Mystery""}]","[{""id"": 3260, ""logo_path"": null, ""name"": ""Tse Tse Fly Productions"", ""origin_country"": """"}]","[{""iso_3166_1"": ""US"", ""name"": ""United States of America""}]","[{""english_name"": ""English"", ""iso_639_1"": ""en"", ""name"": ""English""}]","[""US""]",null
17141,Blood Car,Blood Car,"In the near future, gas prices are at an astronomical high. One man is determined to find an alternate fuel source. That alternate fuel source turns out to be blood... HUMAN BLOOD.",Save gas… drive Blood Car.,Released,False,False,2007-08-09,76,0,0,0.9804,4.9,72,en,http://www.bloodcar.com/,tt0780485,/h0RxUjcRRGOT2apzgpdnpwwI3mF.jpg,/yrMoVP7XdKbAqKewpIX06jQ5Oku.jpg,"[{""id"": 35, ""name"": ""Comedy""}, {""id"": 27, ""name"": ""Horror""}]","[{""id"": 3261, ""logo_path"": null, ""name"": ""FWW Films"", ""origin_country"": """"}]","[{""iso_3166_1"": ""US"", ""name"": ""United States of America""}]","[{""english_name"": ""English"", ""iso_639_1"": ""en"", ""name"": ""English""}]","[""US""]",null
17142,Freebird,Freebird,A Rock and Roll Road Movie Comedy set in Wales,,Released,False,False,2008-02-01,89,0,0,0.609,5.4,15,en,,tt0478154,/jHP4WqwHnFYbyRxN2ZdDSPvKTrM.jpg,,"[{""id"": 35, ""name"": ""Comedy""}]",[],"[{""iso_3166_1"": ""GB"", ""name"": ""United Kingdom""}]","[{""english_name"": ""English"", ""iso_639_1"": ""en"", ""name"": ""English""}]","[""GB"", ""US""]",null
17143,Fast Track: No Limits,Fast Track: No Limits,"Four young thrill-seekers (Erin Cahill, Andrew Walker, Alexia Barlier) race cars on the streets of Germany.",This street race is about to get deadly,Released,False,False,2008-02-21,96,0,1190456,1.4997,5.8,76,en,,tt1043635,/aTnstXEsEMvBUisyYlyAaOsMVV2.jpg,/dZunqN8GZwcIsrDZOViQ8o8XJDi.jpg,"[{""id"": 28, ""name"": ""Action""}, {""id"": 53, ""name"": ""Thriller""}]","[{""id"": 8967, ""logo_path"": ""/zL4cGkBJTuzjgoYJkBjjRK0F4B1.png"", ""name"": ""action concept"", ""origin_country"": ""DE""}]","[{""iso_3166_1"": ""DE"", ""name"": ""Germany""}]","[{""english_name"": ""English"", ""iso_639_1"": ""en"", ""name"": ""English""}, {""english_name"": ""Portuguese"", ""iso_639_1"": ""pt"", ""name"": ""Portugu\u00eas""}]","[""DE""]",null
17144,Exit Speed,Exit Speed,"On Christmas Eve, ten strangers board a bus traveling across Texas and are forced off the road by a motorcycle gang. The passengers then take refuge in an abandoned scrap yard. When their defense against the gang weakens and their numbers dwindle they must do the unthinkable go on the offense.",,Released,False,False,2008-08-26,93,3750000,0,1.3731,5.2,55,en,,tt1042497,/9WU9FDMdkUBMNXbqQ7rwu7WmhcT.jpg,/wHvdmUIP8EsoLFOwpgZ7p1ozlDw.jpg,"[{""id"": 28, ""name"": ""Action""}, {""id"": 53, ""name"": ""Thriller""}]","[{""id"": 48075, ""logo_path"": null, ""name"": ""Sabbatical Pictures"", ""origin_country"": """"}]","[{""iso_3166_1"": ""US"", ""name"": ""United States of America""}]","[{""english_name"": ""English"", ""iso_639_1"": ""en"", ""name"": ""English""}]","[""US""]",null
17152,Cactus,Cactus,"A man is kidnapped from his city home in the quiet hours of the night and, the kidnapper, John Kelly, embarks on a journey into the Australian Outback towards the place where his hostage is due for delivery. As time and distance roll by, the strength and endurance of both men will be tested to the very end.",Choose the wrong road and you're...,Released,False,False,2008-05-01,90,0,0,1.1106,5.2,11,en,,tt1039949,/hXiIOreAz9zcFjGw8rMUBFuFP3J.jpg,/w8c35seuBDUmW162jx2sJxpIP86.jpg,"[{""id"": 53, ""name"": ""Thriller""}]","[{""id"": 3596, ""logo_path"": null, ""name"": ""Open Space Films"", ""origin_country"": """"}]","[{""iso_3166_1"": ""AU"", ""name"": ""Australia""}]","[{""english_name"": ""English"", ""iso_639_1"": ""en"", ""name"": ""English""}]","[""AU"", ""US""]",null
17153,Botched,Botched,"Ritchie Donovan is a professional thief whose luck has just run out. The only survivor from a heist that goes terribly wrong, Ritchie is forced to take the rap and is sent to Russia to steal a priceless antique cross locked in a safe on the penthouse floor of a Moscow skyscraper.",And you thought you were unlucky?,Released,False,False,2007-10-04,95,0,0,1.1044,5.6,127,en,,tt0790590,/cWW38LAxTGKBeIv9ov1fvSfcYe6.jpg,/tYY8AaWGkYmCOT6szHJyAufySWL.jpg,"[{""id"": 35, ""name"": ""Comedy""}, {""id"": 80, ""name"": ""Crime""}, {""id"": 27, ""name"": ""Horror""}, {""id"": 53, ""name"": ""Thriller""}]","[{""id"": 68730, ""logo_path"": null, ""name"": ""Opix Films"", ""origin_country"": """"}, {""id"": 7768, ""logo_path"": null, ""name"": ""Arcade Films"", ""origin_country"": """"}, {""id"": 7769, ""logo_path"": null, ""name"": ""Barraboy Films"", ""origin_country"": """"}, {""id"": 7770, ""logo_path"": null, ""name"": ""ApolloProMovie"", ""origin_country"": """"}, {""id"": 7771, ""logo_path"": null, ""name"": ""Co. 1. Filmproduktion"", ""origin_country"": """"}, {""id"": 8935, ""logo_path"": null, ""name"": ""Zinc Entertainment Inc."", ""origin_country"": """"}, {""id"": 68732, ""logo_path"": null, ""name"": ""Madigan Film Productions"", ""origin_country"": """"}, {""id"": 1786, ""logo_path"": ""/dVSnNBwhb0WW5zGis3HjI6Q66Gp.png"", ""name"": ""Dark Castle Entertainment"", ""origin_country"": ""US""}]","[{""iso_3166_1"": ""DE"", ""name"": ""Germany""}, {""iso_3166_1"": ""IE"", ""name"": ""Ireland""}, {""iso_3166_1"": ""GB"", ""name"": ""United Kingdom""}, {""iso_3166_1"": ""US"", ""name"": ""United States of America""}]","[{""english_name"": ""Russian"", ""iso_639_1"": ""ru"", ""name"": ""P\u0443\u0441\u0441\u043a\u0438\u0439""}, {""english_name"": ""English"", ""iso_639_1"": ""en"", ""name"": ""English""}]","[""IE"", ""US"", ""GB""]",null
17154,Black Ribbon,Black Ribbon,A writer buys a typewriter which brings out his deepest and darkest desires.,A Journey Into Darkness...,Released,False,False,2007-09-28,107,0,0,0.4772,3.0,9,en,,tt1077236,/6649gW6TFflAsjXQlY1M0vGbSOY.jpg,,"[{""id"": 27, ""name"": ""Horror""}, {""id"": 9648, ""name"": ""Mystery""}, {""id"": 53, ""name"": ""Thriller""}]","[{""id"": 27813, ""logo_path"": null, ""name"": ""Orrichio Films"", ""origin_country"": """"}, {""id"": 4708, ""logo_path"": ""/k1zjOZ0GIZ1dxGerINlXC3lGAqh.png"", ""name"": ""Brain Damage Films"", ""origin_country"": ""US""}]","[{""iso_3166_1"": ""US"", ""name"": ""United States of America""}]","[{""english_name"": ""English"", ""iso_639_1"": ""en"", ""name"": ""English""}]","[""US""]",null
17155,Bigga Than Ben,Bigga Than Ben,Spiker & Cobakka are two self-confessed 'pieces of Moscow scum' who come to London to rip it off. This is their guide.,The Russians' Guide to Ripping Off London,Released,False,False,2008-07-24,82,0,750000,0.6225,6.0,23,en,https://www.biggathanben.co.uk/,tt0831275,/A4TLaZo05yphmD198C5MyL5pYrm.jpg,/7zcuK9WwK7zO92pTDVFzCrRc70L.jpg,"[{""id"": 35, ""name"": ""Comedy""}, {""id"": 18, ""name"": ""Drama""}]","[{""id"": 98743, ""logo_path"": null, ""name"": ""Gas Station 8"", ""origin_country"": """"}]","[{""iso_3166_1"": ""GB"", ""name"": ""United Kingdom""}]","[{""english_name"": ""English"", ""iso_639_1"": ""en"", ""name"": ""English""}]","[""GB""]",null
17156,The Anna Nicole Smith Story,The Anna Nicole Smith Story,"Born Vickie Lynn Hogan, she had a son at 18, became a stripper at 20, and married a billionaire at 26. Sheer determination turned her into Anna Nicole Smith, playmate, model and a household name.",From stripper to Playmate to household name.,Released,False,False,2007-08-30,83,0,0,0.8266,3.5,18,en,,tt1009012,/raAP4yZHgYCUupH2aGsrDQq2PHi.jpg,/69FyuWs2vggVG6LWCOWzqxGA6b5.jpg,"[{""id"": 18, ""name"": ""Drama""}]",[],[],"[{""english_name"": ""English"", ""iso_639_1"": ""en"", ""name"": ""English""}]","[""US""]",null
17157,Ace of Hearts,Ace of Hearts,"Daniel Harding is a distinguished member of the K-9 police unit. His partner and best friend is Ace, a police dog. When Ace is accused of mauling a suspect, an overzealous DA convinces police authorities that Ace should be euthanized.",Based on a true story of K9 heroism & family loyalty,Released,False,False,2008-05-06,100,0,0,1.522,6.4,26,en,,tt1032746,/maWhGQkqwT0cuPLsCmhJpuyoGht.jpg,/8DRNJbgA9Vgl0n06wiQvLWTpyZW.jpg,"[{""id"": 18, ""name"": ""Drama""}, {""id"": 10751, ""name"": ""Family""}]","[{""id"": 26574, ""logo_path"": null, ""name"": ""Faith for Today"", ""origin_country"": """"}, {""id"": 111027, ""logo_path"": null, ""name"": ""Reader's Digest Films"", ""origin_country"": """"}, {""id"": 2393, ""logo_path"": null, ""name"": ""Peace Arch Entertainment Group"", ""origin_country"": """"}]","[{""iso_3166_1"": ""CA"", ""name"": ""Canada""}, {""iso_3166_1"": ""US"", ""name"": ""United States of America""}]","[{""english_name"": ""English"", ""iso_639_1"": ""en"", ""name"": ""English""}, {""english_name"": ""Spanish"", ""iso_639_1"": ""es"", ""name"": ""Espa\u00f1ol""}]","[""US""]",null
17158,They Wait,They Wait,"Jason and his wife, Sarah, leave their adopted home of Shanghai and travel to Vancouver, British Columbia, for his uncle's funeral, staying with his Aunt Mei. Already disoriented, Jason and Sarah are unnerved when their son, Sam, begins seeing ghosts and violent deaths. After Sam is hospitalized, Sarah consults with a pharmacist who's well-informed about Chinese mythology and who tells her that supernatural forces threaten her son.",Bad things happen to those who wait.,Released,False,False,2007-09-06,89,0,0,1.0322,5.3,66,en,,tt0869152,/25qmTS29waISYV2KynNcTfx6KfA.jpg,/i0YmyRXtybvlPqa70YZvaz25GG9.jpg,"[{""id"": 27, ""name"": ""Horror""}, {""id"": 9648, ""name"": ""Mystery""}, {""id"": 53, ""name"": ""Thriller""}]","[{""id"": 12567, ""logo_path"": ""/3DyEznBXXfh3cvp5MCJXWH4gzhi.png"", ""name"": ""TVA Films"", ""origin_country"": ""CA""}, {""id"": 1063, ""logo_path"": ""/fpVBhNnopOZwGuF0gg99oBHp1ht.png"", ""name"": ""Brightlight Pictures"", ""origin_country"": ""CA""}]","[{""iso_3166_1"": ""CA"", ""name"": ""Canada""}]","[{""english_name"": ""English"", ""iso_639_1"": ""en"", ""name"": ""English""}]","[""CA"", ""US""]",null
17159,Eddie Murphy Raw,Eddie Murphy Raw,"Eddie Murphy delights, shocks and entertains with dead-on celebrity impersonations, observations on '80s love, sex and marriage, a remembrance of Mom's hamburgers and much more.",Shock has its value.,Released,False,False,1987-11-25,90,0,50504655,1.8164,7.282,362,en,,tt0092948,/irVU3PHIdg36Rh8tSKnKCdmHLEO.jpg,/zAP5PZVtSIOZwweMaHmNKHJ3xTF.jpg,"[{""id"": 35, ""name"": ""Comedy""}]","[{""id"": 30, ""logo_path"": null, ""name"": ""Eddie Murphy Productions"", ""origin_country"": ""US""}]","[{""iso_3166_1"": ""US"", ""name"": ""United States of America""}]","[{""english_name"": ""English"", ""iso_639_1"": ""en"", ""name"": ""English""}]","[""US""]",null
17160,WWE: Greatest Wrestling Stars of the '90s,WWE: Greatest Wrestling Stars of the '90s,"This retrospective program takes a look back on the most dramatic and memorable professional wrestling moments of the 1990s, with profiles on some of the greatest wrestling stars of the decade, and an account of the feud between WCW and the WWE.",,Released,False,True,2009-04-14,540,0,0,1.1908,6.9,6,en,,tt1393836,/vEeY3m2QuTEaZR6qI9Vd4Boa8hH.jpg,/iwbXVZXngSzehYEeLB3j3g8xJoW.jpg,[],[],[],[],"[""US""]",null
17161,WWF: TLC - Tables Ladders Chairs,WWF: TLC - Tables Ladders Chairs,"Hardy Boyz, Dudleyz and Edge &amp; Christian have raised the bar on tag team matches to new heights. Their ladder matches are already the stuff of legend, and they've never met a table they didn't break.  If you like over-the-top action and high-flyin' excitement, this show is for you.",Attitude Collection,Released,False,True,2000-08-22,60,0,0,0.646,6.1,5,en,,tt1459018,,,"[{""id"": 99, ""name"": ""Documentary""}]",[],"[{""iso_3166_1"": ""US"", ""name"": ""United States of America""}]","[{""english_name"": ""English"", ""iso_639_1"": ""en"", ""name"": ""English""}]","[""US""]",null
17164,Jag Jeondeyan De Mele,Jag Jeondeyan De Mele,"Fortunate are those who are able to live the rest of their lives with whom they first fall in love with. ""Baljit Singh Deo"" The film reflects a journey of a young man Abahijot (Harbhajan Mann), which holds so much excitement, dreams, sadness, happiness, hate and love. Parting from your loved ones is only a phase everyone goes through but the love remains strong in the hearts of those who are left",,Released,False,False,2009-02-20,160,0,0,0.4422,5.5,3,pa,,tt1500815,/aAp91C5wQXJZhvtgwemODUaz8xV.jpg,/t72TMYvKQkzQlvfvejljFlwyZx.jpg,"[{""id"": 18, ""name"": ""Drama""}, {""id"": 10749, ""name"": ""Romance""}]","[{""id"": 61615, ""logo_path"": null, ""name"": ""H&H Productions"", ""origin_country"": """"}, {""id"": 101688, ""logo_path"": null, ""name"": ""Music Waves"", ""origin_country"": """"}]","[{""iso_3166_1"": ""CA"", ""name"": ""Canada""}, {""iso_3166_1"": ""IN"", ""name"": ""India""}]","[{""english_name"": ""Punjabi"", ""iso_639_1"": ""pa"", ""name"": ""\u0a2a\u0a70\u0a1c\u0a3e\u0a2c\u0a40""}]","[""CA"", ""IN""]",null
17165,Bleach the Movie: Fade to Black,劇場版 BLEACH Fade to Black 君の名を呼ぶ,"A strange disturbance in the World of the Living sends Ichigo and Kon to the Soul Society, where the Seireitei has been devastated by an explosion of reishi and Rukia is missing. Stranger still, none of the Soul Reapers remember Ichigo, and they think he’s the one responsible for the destruction. Now on the run, Ichigo is forced into a lonely battle in order to find Rukia and stop the real culprits!",,Released,False,False,2008-12-13,94,0,6032296,2.7141,7.099,191,ja,,tt1339302,/IfR2DrWLb26AAdQFwGkhvPTflX.jpg,/4RnhZgXAwvPR1P3MYj3rLfW3kts.jpg,"[{""id"": 28, ""name"": ""Action""}, {""id"": 16, ""name"": ""Animation""}, {""id"": 14, ""name"": ""Fantasy""}, {""id"": 18, ""name"": ""Drama""}]","[{""id"": 1778, ""logo_path"": ""/b5rT6VbYza3LyfltCmz1OcqzWJM.png"", ""name"": ""dentsu"", ""origin_country"": ""JP""}, {""id"": 3234, ""logo_path"": ""/wTPPnz05ZCQgEQVeSOxTkUCyhr5.png"", ""name"": ""Pierrot"", ""origin_country"": ""JP""}]","[{""iso_3166_1"": ""JP"", ""name"": ""Japan""}]","[{""english_name"": ""Japanese"", ""iso_639_1"": ""ja"", ""name"": ""\u65e5\u672c\u8a9e""}]","[""JP""]","{""id"": 23497, ""name"": ""Bleach Collection"", ""poster_path"": ""/sRMzON4H4ZYCo7G5z2xpwMisU5M.jpg"", ""backdrop_path"": ""/thrutuVvlp1GZkrOFBaPyoNcwYo.jpg""}"
17166,Insanitarium,Insanitarium,"After he's institutionalized in order to cover for his sister, a young man encounters a doctor who is turning his patients into flesh-eating psychopaths.",,Released,False,False,2008-07-15,89,0,0,1.4615,5.2,118,en,,tt1103984,/osefLZ4RWntoKHbut9bwphsCRDX.jpg,/nW0UwDNd9Lns3pJfMvSut3TTpPp.jpg,"[{""id"": 27, ""name"": ""Horror""}, {""id"": 53, ""name"": ""Thriller""}]",[],"[{""iso_3166_1"": ""US"", ""name"": ""United States of America""}]","[{""english_name"": ""English"", ""iso_639_1"": ""en"", ""name"": ""English""}]","[""US""]",null
17167,Juncture,Juncture,"When Anna Carter is diagnosed with a terminal illness, she sees her final three months as an opportunity to enact some vigilante justice. Racing her deteriorating health and trying to stay one step ahead of the police, Carter furiously tracks down vicious criminals whom she feels unjustly eluded jail time.",,Released,False,False,2007-10-06,106,0,0,0.4964,5.3,15,en,,tt0765462,/53KIlYdRvZ8NYEGaQKhdFy6BZhs.jpg,/q5pFTRpZch5qjg7u0IZw6R2Plj3.jpg,"[{""id"": 28, ""name"": ""Action""}, {""id"": 53, ""name"": ""Thriller""}]","[{""id"": 3262, ""logo_path"": null, ""name"": ""Front Range Films"", ""origin_country"": """"}]","[{""iso_3166_1"": ""US"", ""name"": ""United States of America""}]","[{""english_name"": ""English"", ""iso_639_1"": ""en"", ""name"": ""English""}]","[""US""]",null
17168,The Temp,The Temp,A series of mysterious accidents at a food company lead a manager to suspect his impressive new temporary secretary.,Don't get mad. Get promoted.,Released,False,False,1993-02-12,99,15000000,0,2.2985,4.7,65,en,,tt0108311,/87h7OsuTWZURTZ1oSNfLl8bqfbO.jpg,/oq2W3CGPvhr2qPsUCmQCyN9vjAr.jpg,"[{""id"": 18, ""name"": ""Drama""}, {""id"": 9648, ""name"": ""Mystery""}, {""id"": 53, ""name"": ""Thriller""}, {""id"": 27, ""name"": ""Horror""}]","[{""id"": 4, ""logo_path"": ""/jay6WcMgagAklUt7i9Euwj1pzTF.png"", ""name"": ""Paramount Pictures"", ""origin_country"": ""US""}]","[{""iso_3166_1"": ""US"", ""name"": ""United States of America""}]","[{""english_name"": ""English"", ""iso_639_1"": ""en"", ""name"": ""English""}]","[""US""]",null
17169,Any Which Way You Can,Any Which Way You Can,"Philo takes part in a bare knuckle fight – as he does – to make more money than he can earn from his car repair business. He decides to retire, but when the Mafia come along and arrange another fight, he's pushed into it. A motorcycle gang and an orangutan called Clyde all add to the 'fun'.",Get it with Clint and Clyde,Released,False,False,1980-12-17,115,15000000,70687344,1.9946,5.768,365,en,,tt0080377,/cjqS8TXTy0GvqPBfdB4CAbFCYW6.jpg,/xOxXrSBkxYl9Zcch5YBa0vDPer0.jpg,"[{""id"": 28, ""name"": ""Action""}, {""id"": 12, ""name"": ""Adventure""}, {""id"": 35, ""name"": ""Comedy""}]","[{""id"": 174, ""logo_path"": ""/zhD3hhtKB5qyv7ZeL4uLpNxgMVU.png"", ""name"": ""Warner Bros. Pictures"", ""origin_country"": ""US""}, {""id"": 171, ""logo_path"": ""/bqLWwuNCHcY3IjB5e4o29h7l80D.png"", ""name"": ""Malpaso Productions"", ""origin_country"": ""US""}]","[{""iso_3166_1"": ""US"", ""name"": ""United States of America""}]","[{""english_name"": ""English"", ""iso_639_1"": ""en"", ""name"": ""English""}]","[""US""]","{""id"": 168182, ""name"": ""Philo & Clyde Collection"", ""poster_path"": ""/jjMvFDA1m6XdcxyT5exzshMidEP.jpg"", ""backdrop_path"": ""/jkM6Vsnl4WjPLBjz4do5oZnyEfA.jpg""}"
17170,"Bright Lights, Big City","Bright Lights, Big City",A disillusioned young writer living in New York City turns to drugs and drinking to block out the memories of his dead mother and estranged wife.,It's 6.00 am. Do you know where you are?,Released,False,False,1988-04-01,107,25000000,16118077,2.6501,5.7,137,en,,tt0094799,/pimtITTxB2cJftgRhso2Xm195Co.jpg,/AocqLoXjXoXzgkEsh8Ez8l9bRYm.jpg,"[{""id"": 18, ""name"": ""Drama""}, {""id"": 10749, ""name"": ""Romance""}]","[{""id"": 67823, ""logo_path"": null, ""name"": ""Star Partners"", ""origin_country"": """"}, {""id"": 60, ""logo_path"": ""/4YldLvCWQL9VIAHQ2Fu3Ffkh9Si.png"", ""name"": ""United Artists"", ""origin_country"": ""US""}, {""id"": 932, ""logo_path"": ""/o7leiZVIDBHxODfK8pjGPV2SdMp.png"", ""name"": ""Mirage Enterprises"", ""origin_country"": ""US""}, {""id"": 32793, ""logo_path"": null, ""name"": ""CST Telecommunications"", ""origin_country"": """"}, {""id"": 21, ""logo_path"": ""/usUnaYV6hQnlVAXP6r4HwrlLFPG.png"", ""name"": ""Metro-Goldwyn-Mayer"", ""origin_country"": ""US""}]","[{""iso_3166_1"": ""JP"", ""name"": ""Japan""}, {""iso_3166_1"": ""US"", ""name"": ""United States of America""}]","[{""english_name"": ""English"", ""iso_639_1"": ""en"", ""name"": ""English""}]","[""US""]",null
17171,The Assassination of Jesse James: Death of an Outlaw,The Assassination of Jesse James: Death of an Outlaw,"Explores the true story of the notorious Jesse James, how the myth developed during his lifetime, and how the legends have persisted over 100 years after his death at the hands of his former friend, Robert Ford.",,Released,False,True,2008-03-31,32,0,0,1.2806,6.662,74,en,,tt1201984,/ffVOu6srqlCfppp69sKfnydt27T.jpg,,"[{""id"": 99, ""name"": ""Documentary""}]","[{""id"": 2953, ""logo_path"": ""/yktBfQDFq75HtbHjhRkwj1nsZX7.png"", ""name"": ""New Wave Entertainment"", ""origin_country"": ""US""}]","[{""iso_3166_1"": ""US"", ""name"": ""United States of America""}]","[{""english_name"": ""English"", ""iso_639_1"": ""en"", ""name"": ""English""}]","[""US""]",null
17172,Swedes at Sea,SOS - en segelsällskapsresa,"The landlubber Stig-Helmer and his Norwegian friend Ole get on a barge by mistake. They arrive at an archipelago and have to spend Midsummer among the fancy rich boat people, their yachts and summer houses.",,Released,False,False,1988-12-25,104,0,0,0.6132,5.769,65,sv,,tt0096022,/tI0AHXooAbubqd4cDQapAv5xTmJ.jpg,/48SOz2T8k1uscc8gqr2Mf4G2il4.jpg,"[{""id"": 35, ""name"": ""Comedy""}]","[{""id"": 4521, ""logo_path"": null, ""name"": ""Cinema Art"", ""origin_country"": ""SE""}, {""id"": 1531, ""logo_path"": null, ""name"": ""Smart Egg Pictures"", ""origin_country"": ""GB""}, {""id"": 6181, ""logo_path"": ""/gYyww91VI1jdH89xpZgFFc8zN3F.png"", ""name"": ""SF Studios"", ""origin_country"": ""SE""}, {""id"": 1968, ""logo_path"": null, ""name"": ""Viking Film"", ""origin_country"": ""SE""}]","[{""iso_3166_1"": ""SE"", ""name"": ""Sweden""}]","[{""english_name"": ""Norwegian"", ""iso_639_1"": ""no"", ""name"": ""Norsk""}, {""english_name"": ""Swedish"", ""iso_639_1"": ""sv"", ""name"": ""svenska""}]","[""SJ"", ""SE""]","{""id"": 112537, ""name"": ""Charter Trips"", ""poster_path"": ""/t80sQEt4AHUmNmpSVYanCnKSGHG.jpg"", ""backdrop_path"": ""/fiuYyuANY7VH9t7JNuXnuHFBgJU.jpg""}"
17173,Kibakichi,跋扈妖怪伝 牙吉,"A werewolf samurai walks the countryside, finding himself in the middle of a village of monsters who feed on human flesh.",,Released,False,False,2004-02-07,97,0,0,1.2602,5.7,13,ja,,tt0470132,/yQMpLDETcIyjs7gSsiX78rxn9Ld.jpg,,"[{""id"": 27, ""name"": ""Horror""}, {""id"": 28, ""name"": ""Action""}, {""id"": 14, ""name"": ""Fantasy""}]","[{""id"": 9254, ""logo_path"": null, ""name"": ""Kibakichi Production Company"", ""origin_country"": """"}]","[{""iso_3166_1"": ""JP"", ""name"": ""Japan""}]","[{""english_name"": ""Japanese"", ""iso_639_1"": ""ja"", ""name"": ""\u65e5\u672c\u8a9e""}]","[""JP""]","{""id"": 327233, ""name"": ""Kibakichi Collection"", ""poster_path"": null, ""backdrop_path"": null}"
17174,The Neighbor,The Neighbor,"A businessman watches as his life begins to unravel after learning his ex-wife is going to marry his best friend. A distracting battle of wills with a real estate developer, however, might just be the thing that turns his life around.",,Released,False,False,2007-12-15,98,0,0,0.9093,5.2,28,en,,tt0978670,/2Q3gt6v2WtNlD6x3MOkx441kX6N.jpg,/nI1bA3zGz2Id2bNdGOlaEKgnzsF.jpg,"[{""id"": 35, ""name"": ""Comedy""}, {""id"": 10749, ""name"": ""Romance""}]",[],"[{""iso_3166_1"": ""US"", ""name"": ""United States of America""}]","[{""english_name"": ""English"", ""iso_639_1"": ""en"", ""name"": ""English""}]","[""US""]",null
17175,The Last Word,The Last Word,"An odd-but-gifted poet, Evan Merck makes his living writing suicide notes for the soon-to-be departed. So when he meets Charlotte, the free-spirited sister of his latest client, Evan has no choice but to lie about his relationship to her late, lamented brother.",A romantic comedy where opposites distract.,Released,False,False,2008-04-20,90,0,8298,1.629,5.8,75,en,,tt0876233,/2Aou5FwwTlMhiS63J49vcOoVCwv.jpg,/4LyM6wxYVakVhOUoIcRuRbl4lyL.jpg,"[{""id"": 18, ""name"": ""Drama""}, {""id"": 10749, ""name"": ""Romance""}]","[{""id"": 68140, ""logo_path"": null, ""name"": ""Dreamz"", ""origin_country"": """"}, {""id"": 3265, ""logo_path"": null, ""name"": ""Deviant Films"", ""origin_country"": """"}]","[{""iso_3166_1"": ""US"", ""name"": ""United States of America""}]","[{""english_name"": ""English"", ""iso_639_1"": ""en"", ""name"": ""English""}]","[""US""]",null
17179,Two Weeks,Two Weeks,"In this bittersweet comedy, four adult siblings gather at their dying mother's house in North Carolina for what they expect to be a quick, last goodbye. Instead, they find themselves trapped — together — for two weeks.",,Released,False,False,2006-10-20,102,0,0,1.2333,6.0,34,en,,tt0448166,/jO7tUjxEVpx4RPuO8lw3lS8P57g.jpg,/6zZ47ilB3uQloFSV2XLiht0xxi6.jpg,"[{""id"": 35, ""name"": ""Comedy""}, {""id"": 18, ""name"": ""Drama""}]","[{""id"": 21, ""logo_path"": ""/usUnaYV6hQnlVAXP6r4HwrlLFPG.png"", ""name"": ""Metro-Goldwyn-Mayer"", ""origin_country"": ""US""}]","[{""iso_3166_1"": ""US"", ""name"": ""United States of America""}]","[{""english_name"": ""English"", ""iso_639_1"": ""en"", ""name"": ""English""}]","[""US""]",null
17180,The Princess Blade,修羅雪姫,"Raised by assassins, Yuki is the last of the Takemikazuchi royal bloodline. A deadly weapon in her own right, she learns the gruesome truth about the death of her beloved mother and joins forces with a mysterious rebel leader.",,Released,False,False,2001-12-15,95,0,77567,2.4838,5.6,34,ja,,tt0310149,/qZNxgBOfi6SaAevgYkkeW68vqZK.jpg,/qpI3S8hytJzzp5tuLv1t6b7fZ67.jpg,"[{""id"": 28, ""name"": ""Action""}, {""id"": 878, ""name"": ""Science Fiction""}]","[{""id"": 15395, ""logo_path"": null, ""name"": ""Oz Productions Ltd."", ""origin_country"": """"}, {""id"": 9177, ""logo_path"": ""/4J38yaZJMtU8fI1bxIdE9PHnGb7.png"", ""name"": ""Eisei Gekijo"", ""origin_country"": ""JP""}, {""id"": 955, ""logo_path"": ""/5xnXD3PJI1HqOJceSAKZ3fDqO1V.png"", ""name"": ""Nikkatsu Corporation"", ""origin_country"": ""JP""}, {""id"": 7776, ""logo_path"": ""/o9UOdyrm0MqMzkRCQNGxJzTPG6Z.png"", ""name"": ""Pioneer LDC"", ""origin_country"": ""JP""}, {""id"": 55494, ""logo_path"": ""/uv66bkVQgPMekYAzspgZr5Zp72V.png"", ""name"": ""Sony PCL"", ""origin_country"": ""JP""}, {""id"": 3656, ""logo_path"": ""/mY6L0bHRp8fNWfICPqLjxp3khvq.png"", ""name"": ""GAGA Communications"", ""origin_country"": ""JP""}]","[{""iso_3166_1"": ""JP"", ""name"": ""Japan""}]","[{""english_name"": ""Japanese"", ""iso_639_1"": ""ja"", ""name"": ""\u65e5\u672c\u8a9e""}]","[""JP""]",null
17181,Nanking,Nanking,"The story of the rape of Nanking, one of the most tragic events in history. In 1937, the invading Japanese army murdered over 200,000 and raped tens of thousands of Chinese. In the midst of this horror, a small group of Western expatriates banded together to save 250,000. Nanking shows the tremendous impact individuals can make on the course of history.",The true story of how a few brave souls saved the lives of thousands.,Released,False,False,2007-02-10,88,0,565934,1.1467,7.123,53,en,,tt0893356,/64Zh7gcfnpcfga3p36fGiEzKAqR.jpg,/gLn5OiBrWGq97iQx5d7VBSn8tBO.jpg,"[{""id"": 99, ""name"": ""Documentary""}, {""id"": 18, ""name"": ""Drama""}, {""id"": 36, ""name"": ""History""}]","[{""id"": 446, ""logo_path"": ""/d9EQKqrGy25s61Bsh10nO0BfzPF.png"", ""name"": ""thinkfilm"", ""origin_country"": ""US""}, {""id"": 14914, ""logo_path"": ""/1RZBWz53SpHUTLpRcM8BGv2plIP.png"", ""name"": ""HBO Documentary Films"", ""origin_country"": ""US""}, {""id"": 1615, ""logo_path"": ""/4eBmyaFkD9um04Weu6ybnLWNSVH.png"", ""name"": ""Fortissimo Films"", ""origin_country"": ""NL""}]","[{""iso_3166_1"": ""US"", ""name"": ""United States of America""}]","[{""english_name"": ""Mandarin"", ""iso_639_1"": ""zh"", ""name"": ""\u666e\u901a\u8bdd""}, {""english_name"": ""English"", ""iso_639_1"": ""en"", ""name"": ""English""}, {""english_name"": ""Japanese"", ""iso_639_1"": ""ja"", ""name"": ""\u65e5\u672c\u8a9e""}]","[""US""]",null
17182,Eye for an Eye,Eye for an Eye,"It's fire and brimstone time as grieving mother Karen McCann takes justice into her own hands when a kangaroo court in Los Angeles fails to convict Robert Doob, the monster who raped and murdered her 17-year-old daughter.",What do you do when justice fails?,Released,False,False,1996-01-12,101,20000000,26877589,3.1724,6.235,458,en,,tt0116260,/y2lZSdJ1o0VvLegTw3ad6KFtxra.jpg,/lOiIE1MS7q756PYHYiAw6glruxZ.jpg,"[{""id"": 53, ""name"": ""Thriller""}, {""id"": 18, ""name"": ""Drama""}]","[{""id"": 4, ""logo_path"": ""/jay6WcMgagAklUt7i9Euwj1pzTF.png"", ""name"": ""Paramount Pictures"", ""origin_country"": ""US""}]","[{""iso_3166_1"": ""US"", ""name"": ""United States of America""}]","[{""english_name"": ""French"", ""iso_639_1"": ""fr"", ""name"": ""Fran\u00e7ais""}, {""english_name"": ""English"", ""iso_639_1"": ""en"", ""name"": ""English""}, {""english_name"": ""Spanish"", ""iso_639_1"": ""es"", ""name"": ""Espa\u00f1ol""}, {""english_name"": ""Korean"", ""iso_639_1"": ""ko"", ""name"": ""\ud55c\uad6d\uc5b4/\uc870\uc120\ub9d0""}]","[""US""]",null
17185,Advise & Consent,Advise & Consent,"Proposed by the President of the United States to fill the post of Secretary of State, Robert Leffingwell appears before a Senate committee, chaired by the idealistic Senator Brig Anderson, which must decide whether he is the right person for the job.",Are the men and women of Washington really like this?,Released,False,False,1962-06-06,139,0,2000000,1.6093,7.1,117,en,https://www.warnerbros.com/movies/advise-and-consent,tt0055728,/hdLQlarvUmZVtrbME6y4t6Km9ZC.jpg,/8PrzDfd0i34h9bLYFm9ts9zEgzJ.jpg,"[{""id"": 18, ""name"": ""Drama""}]","[{""id"": 3266, ""logo_path"": null, ""name"": ""Otto Preminger Films"", ""origin_country"": ""US""}]","[{""iso_3166_1"": ""US"", ""name"": ""United States of America""}]","[{""english_name"": ""English"", ""iso_639_1"": ""en"", ""name"": ""English""}]","[""US""]",null
17186,Supercross,Supercross,"Faced with the suspicious death of their father, two brothers must motivate one another to get back on their bikes and take the Las Vegas Motocross Championships by storm.",Fear nothing. Risk everything.,Released,False,False,2005-08-16,80,16000000,3344431,2.1879,6.236,148,en,,tt0403016,/82dbqeFOA2iPhwWuciZItw1ELew.jpg,/oC3ya5pKxKy8BXjj3eXDit7iz3e.jpg,"[{""id"": 28, ""name"": ""Action""}, {""id"": 12, ""name"": ""Adventure""}, {""id"": 18, ""name"": ""Drama""}, {""id"": 10749, ""name"": ""Romance""}]","[{""id"": 2636, ""logo_path"": null, ""name"": ""Tag Entertainment"", ""origin_country"": """"}, {""id"": 25, ""logo_path"": ""/qZCc1lty5FzX30aOCVRBLzaVmcp.png"", ""name"": ""20th Century Fox"", ""origin_country"": ""US""}]","[{""iso_3166_1"": ""US"", ""name"": ""United States of America""}]","[{""english_name"": ""English"", ""iso_639_1"": ""en"", ""name"": ""English""}]","[""US""]",null
17187,The Emperor's Club,The Emperor's Club,"William Hundert is a passionate and principled Classics professor who finds his tightly-controlled world shaken and inexorably altered when a new student, Sedgewick Bell, walks into his classroom. What begins as a fierce battle of wills gives way to a close student-teacher relationship, but results in a life lesson for Hundert that will still haunt him a quarter of a century later.",In everyone's life there's that one person who makes all the difference.,Released,False,False,2002-11-22,108,0,16300000,1.9706,7.1,399,en,,tt0283530,/s7BRKAq0DNcXe8Bphm6Wd5KnvlF.jpg,/9gkHxp86xWGsBn6CzdChc4XhT5r.jpg,"[{""id"": 18, ""name"": ""Drama""}]","[{""id"": 33, ""logo_path"": ""/8lvHyhjr8oUKOOy2dKXoALWKdp0.png"", ""name"": ""Universal Pictures"", ""origin_country"": ""US""}]","[{""iso_3166_1"": ""US"", ""name"": ""United States of America""}]","[{""english_name"": ""English"", ""iso_639_1"": ""en"", ""name"": ""English""}]","[""US""]",null
17189,Battle Angel,銃夢,"In his travels as a bounty hunter, Hunter–Warrior and cyborg healer Ido one day discovers and repairs the remnants of a cyborg whom he names Gally. Though possessing the body of a young woman, Gally now embodies Ido's most sophisticated and lethal cybernetic skills. The preternaturally strong, amnesiac Gally begins to forge a life for herself in a world where every day is a struggle for survival.","Angel to one, death to the rest.",Released,False,False,1993-06-21,54,0,0,2.8028,6.865,223,ja,,tt0107061,/urvznwew7HrjrIEbK2RLaEkaezs.jpg,/hf1huOYmOGlahJqGHSLpy4VetGo.jpg,"[{""id"": 16, ""name"": ""Animation""}, {""id"": 28, ""name"": ""Action""}, {""id"": 878, ""name"": ""Science Fiction""}]","[{""id"": 3560, ""logo_path"": ""/yOsrKcVSpC9ofAkE6hJjvC8sW9u.png"", ""name"": ""KSS"", ""origin_country"": ""JP""}, {""id"": 104643, ""logo_path"": null, ""name"": ""Atelier BWCA"", ""origin_country"": ""JP""}, {""id"": 3464, ""logo_path"": ""/9k0nr75nwnNeT2MHerf1OXJN0hj.png"", ""name"": ""Madhouse"", ""origin_country"": ""JP""}, {""id"": 13064, ""logo_path"": null, ""name"": ""Animate Film"", ""origin_country"": ""JP""}, {""id"": 3466, ""logo_path"": ""/lmCg0zarmM52wrmsZRUY0QlPKLh.png"", ""name"": ""movic"", ""origin_country"": ""JP""}]","[{""iso_3166_1"": ""JP"", ""name"": ""Japan""}]","[{""english_name"": ""Japanese"", ""iso_639_1"": ""ja"", ""name"": ""\u65e5\u672c\u8a9e""}]","[""JP""]",null
17190,Gross Anatomy,Gross Anatomy,"Joe Slovak is a brilliant first-year med student whose casual, nonconforming approach to life gets tested when he enrolls in Gross Anatomy, the toughest course in med school.",No one thought a real rebel like Joe would make it through medical school. But they didn't know Joe.,Released,False,False,1989-10-20,109,8500000,11604598,2.0588,5.6,55,en,,tt0097458,/nYP7HFuHfy3QchskZiywbJAQ8a0.jpg,/sNbcxcZnuePRVnPIupVTUo1v8ij.jpg,"[{""id"": 35, ""name"": ""Comedy""}, {""id"": 18, ""name"": ""Drama""}, {""id"": 10749, ""name"": ""Romance""}]","[{""id"": 9195, ""logo_path"": ""/geK5QOBsXIPGHutKwXtYjMUyYSG.png"", ""name"": ""Touchstone Pictures"", ""origin_country"": ""US""}, {""id"": 5842, ""logo_path"": null, ""name"": ""Sandollar Productions"", ""origin_country"": ""US""}]","[{""iso_3166_1"": ""US"", ""name"": ""United States of America""}]","[{""english_name"": ""English"", ""iso_639_1"": ""en"", ""name"": ""English""}, {""english_name"": ""Spanish"", ""iso_639_1"": ""es"", ""name"": ""Espa\u00f1ol""}]","[""US""]",null
17191,Life Before Birth,Life Before Birth,"With cinematic storytelling, a moving musical score, computer animation, and 4D ultrasound images, this documentary accompanies a new human life from conception to birth, poetically describing developmental milestones and the human experience of living in a womb.",,Released,False,False,2005-03-06,120,0,0,0.3932,7.333,3,en,https://tobymac.uk/portfolio/birth,tt0488408,/m5qSrfxF1knJyYVdwfAFFSgX2hQ.jpg,/ehAu7PFmmRzkbYqB7uXiUCI6ML2.jpg,"[{""id"": 99, ""name"": ""Documentary""}]","[{""id"": 3506, ""logo_path"": ""/edR3oWGqXyIqYcZNYfdf7QMr4vF.png"", ""name"": ""Pioneer Productions"", ""origin_country"": ""GB""}]","[{""iso_3166_1"": ""GB"", ""name"": ""United Kingdom""}]","[{""english_name"": ""English"", ""iso_639_1"": ""en"", ""name"": ""English""}]","[""GB""]",null
17192,Apartheid's Last Stand,Apartheid's Last Stand,"This is the story of a country trying to reinvent itself. Mandela now needs to persuade his supporters of the need for compromise, as does President FW De Klerk of his constituency.",,Released,False,False,1993-01-01,52,0,0,0.0,0.0,0,en,,,,,[],[],[],[],"[""US""]",null
17193,"My Daughter, My Angel","Ma fille, mon ange","Nathalie Dagenais is a 19 year old girl studying to be a lawyer. New to the city of Montreal, she will soon discover the world of porn. One day, her father (Michel Côté) comes across her picture on the Internet and wants to find her and before she makes what he thinks is a mistake. The story goes from past to present, when a police officer investigates the death of Max, a man who Nathalie knew.",,Released,False,False,2007-02-16,85,0,0,0.8949,5.7,21,fr,,tt0456521,/qJvlhFcK6JQaid25t1s2FC4GI0z.jpg,/ffnsTjTgJs43oUcCxjtZdJ7rDio.jpg,"[{""id"": 80, ""name"": ""Crime""}]","[{""id"": 92629, ""logo_path"": ""/k3vwhBtfocZgg4SilE4rNJDTUUe.png"", ""name"": ""Forum Films"", ""origin_country"": ""CA""}, {""id"": 89407, ""logo_path"": null, ""name"": ""Remstar Films"", ""origin_country"": ""CA""}]","[{""iso_3166_1"": ""CA"", ""name"": ""Canada""}]","[{""english_name"": ""French"", ""iso_639_1"": ""fr"", ""name"": ""Fran\u00e7ais""}]","[""CA""]",null
17195,The Cell Phone Revolution,The Cell Phone Revolution,The Cell Phone Revolution is a revealing look at the enormous impact this small device has had on the way we live -- and the surprising dead ends and detours it took along the way. From a futuristic dream at the 1939 World's Fair -- the cell phone became a reality some thirty years later.,,Released,False,False,2006-12-25,60,0,0,0.0894,9.0,1,en,,tt0964989,,/neitzEicffiwXEMYVZMxTnDEtSF.jpg,"[{""id"": 99, ""name"": ""Documentary""}, {""id"": 36, ""name"": ""History""}, {""id"": 10770, ""name"": ""TV Movie""}]",[],"[{""iso_3166_1"": ""US"", ""name"": ""United States of America""}]","[{""english_name"": ""English"", ""iso_639_1"": ""en"", ""name"": ""English""}]","[""US""]",null
17196,Ding et Dong : Le film,Ding et Dong : Le film,"Two harum-scarums who think they are good stand-up comics try to make a career in showbiz, partly for the career, partly to seduce women. They try alternatively the scene, a movie set and TV. They only succeed in making a fool of themselves",,Released,False,False,1990-12-07,96,0,0,0.6163,7.0,5,fr,,tt0099432,/tJoInR2sKSsSqrkWjG0BjYRIsO4.jpg,/d96rq74Z0AyrmYersVF1jqJXkqp.jpg,"[{""id"": 35, ""name"": ""Comedy""}]","[{""id"": 5023, ""logo_path"": null, ""name"": ""Alliance Vivafilm"", ""origin_country"": ""CA""}]","[{""iso_3166_1"": ""CA"", ""name"": ""Canada""}]","[{""english_name"": ""French"", ""iso_639_1"": ""fr"", ""name"": ""Fran\u00e7ais""}]","[""CA"", ""FR""]",null
17198,The Mating Habits of the Earthbound Human,The Mating Habits of the Earthbound Human,"David Hyde Pierce, playing an alien (credited as infinity-cubed in the opening credits), narrates a courtship in a late-20th century American city as an extraterrestrial nature documentary. The relationship ""footage"" is played straight, while the voice-over (with its most often wildly inaccurate theories) and elaborate visual metaphors add comedy.",A How-To-Do-It Guide.,Released,False,False,1999-09-03,90,0,0,1.7765,5.9,71,en,,tt0165874,/6HKeiRaPRstC5Uc7y6MmolV5dbi.jpg,/uxInHuYdymUHjsyboB2ivauppvC.jpg,"[{""id"": 35, ""name"": ""Comedy""}, {""id"": 10749, ""name"": ""Romance""}, {""id"": 878, ""name"": ""Science Fiction""}]","[{""id"": 3919, ""logo_path"": null, ""name"": ""Earthbound Human Productions Inc."", ""origin_country"": """"}, {""id"": 202375, ""logo_path"": null, ""name"": ""Welb Film Pursuits Ltd."", ""origin_country"": ""US""}]","[{""iso_3166_1"": ""US"", ""name"": ""United States of America""}]","[{""english_name"": ""English"", ""iso_639_1"": ""en"", ""name"": ""English""}]","[""US""]",null
17199,The Left-Hand Side of the Fridge,La Moitié gauche du frigo,"Christophe agrees to be filmed by his roommate Stéphane, while he is searching for a meaningful engineering job. Since he voluntarily resigned his job when he was to be moved to quality control, he does not get unemployment benefits, and goes to classes on how to contest the decision.",,Released,False,False,2000-09-13,90,0,0,0.9596,6.4,9,fr,,tt0260193,/g3SbvwaaE1rDo36rpodjbhDbNeP.jpg,/tID9V0saXP0zkWpVB2677fk20ic.jpg,"[{""id"": 35, ""name"": ""Comedy""}]","[{""id"": 806, ""logo_path"": ""/kcNh09qqR2Pkw1JAzRW4CommrW4.png"", ""name"": ""T\u00e9l\u00e9film Canada"", ""origin_country"": ""CA""}, {""id"": 20169, ""logo_path"": null, ""name"": ""Qu4tre par Quatre"", ""origin_country"": ""CA""}]","[{""iso_3166_1"": ""CA"", ""name"": ""Canada""}]","[{""english_name"": ""French"", ""iso_639_1"": ""fr"", ""name"": ""Fran\u00e7ais""}]","[""CA""]",null
17200,Helter Skelter,Helter Skelter,"The investigation of two horrific mass murders leads to the capture and trial of the psychotic pseudo-hippie Charles Manson and his ""family"".",WHISPER IT LIKE A CURSE!,Released,False,False,1976-04-01,184,0,0,1.2252,6.8,65,en,,tt0074621,/t2GMGZFT6AKEocASzRRe2yoOkuK.jpg,/wLHfFCz36xnIooBKVRFt3HDob8V.jpg,"[{""id"": 80, ""name"": ""Crime""}, {""id"": 18, ""name"": ""Drama""}, {""id"": 53, ""name"": ""Thriller""}, {""id"": 10770, ""name"": ""TV Movie""}, {""id"": 27, ""name"": ""Horror""}]","[{""id"": 898, ""logo_path"": ""/pBh5kde6mhGEMglYLwCdFnqK5zh.png"", ""name"": ""Lorimar Productions"", ""origin_country"": ""US""}]","[{""iso_3166_1"": ""US"", ""name"": ""United States of America""}]","[{""english_name"": ""French"", ""iso_639_1"": ""fr"", ""name"": ""Fran\u00e7ais""}, {""english_name"": ""English"", ""iso_639_1"": ""en"", ""name"": ""English""}]","[""US""]",null
17202,Why Did I Get Married?,Why Did I Get Married?,"Eight married college friends plus one other non-friend (all of whom have achieved middle to upper class economic status) go to Colorado for their annual week-long reunion, but the mood shifts when one couple's infidelity comes to light. As secrets are revealed, each couple begins to question their own relationship.",Because we complete each other's sentences.,Released,False,False,2007-10-12,113,15000000,55862886,2.1998,6.5,167,en,,tt0906108,/9kmqgVuELTEoMt0dqRt3H48VcOM.jpg,/eM8qR3lOb48oz3SHX6E69npM37a.jpg,"[{""id"": 35, ""name"": ""Comedy""}, {""id"": 18, ""name"": ""Drama""}]","[{""id"": 35, ""logo_path"": ""/wxrHa3nZ1K4zo65p56991INkGo6.png"", ""name"": ""Lions Gate Films"", ""origin_country"": ""US""}]","[{""iso_3166_1"": ""US"", ""name"": ""United States of America""}]","[{""english_name"": ""English"", ""iso_639_1"": ""en"", ""name"": ""English""}]","[""US""]","{""id"": 143588, ""name"": ""Why Did I Get Married Collection"", ""poster_path"": ""/m2v48ksQBcMYNX0WFopFfFB7IIw.jpg"", ""backdrop_path"": null}"
17203,Blow Dry,Blow Dry,"The annual British Hairdressing Championship comes to Keighley, a town where Phil and son Brian run a barbershop and Phil's ex-wife Shelly and her lover Sandra run a beauty salon.",An outrageous new comedy for anyone who's ever had hair.,Released,False,False,2001-03-01,91,0,637769,2.2526,5.89,146,en,,tt0212380,/iLGjyrjuOxILTx9FFNm2ktqzaxt.jpg,/t3zwpukBDm3URvXXiPg0wfMkrtV.jpg,"[{""id"": 35, ""name"": ""Comedy""}, {""id"": 18, ""name"": ""Drama""}]","[{""id"": 65403, ""logo_path"": null, ""name"": ""IMF"", ""origin_country"": ""DE""}, {""id"": 932, ""logo_path"": ""/o7leiZVIDBHxODfK8pjGPV2SdMp.png"", ""name"": ""Mirage Enterprises"", ""origin_country"": ""US""}, {""id"": 763, ""logo_path"": ""/mCnIVkImjm8rUxIpGR5NgrGlIYL.png"", ""name"": ""Intermedia Films"", ""origin_country"": ""GB""}, {""id"": 52581, ""logo_path"": null, ""name"": ""West Eleven Films"", ""origin_country"": """"}, {""id"": 14, ""logo_path"": ""/m6AHu84oZQxvq7n1rsvMNJIAsMu.png"", ""name"": ""Miramax"", ""origin_country"": ""US""}]","[{""iso_3166_1"": ""DE"", ""name"": ""Germany""}, {""iso_3166_1"": ""US"", ""name"": ""United States of America""}, {""iso_3166_1"": ""GB"", ""name"": ""United Kingdom""}]","[{""english_name"": ""English"", ""iso_639_1"": ""en"", ""name"": ""English""}]","[""US"", ""GB""]",null
17204,Paradise Lost: The Child Murders at Robin Hood Hills,Paradise Lost: The Child Murders at Robin Hood Hills,A horrific triple child murder leads to an indictment and trial of three nonconformist boys based on questionable evidence.,Witchcraft or witch hunt?,Released,False,False,1996-12-03,150,0,0,0.7342,7.6,197,en,,tt0117293,/h65fwEQTv9zRNyEuExE1wAk5CQ2.jpg,/sOFwEeWmlQufAQwLH7OXnw2oLlj.jpg,"[{""id"": 99, ""name"": ""Documentary""}, {""id"": 80, ""name"": ""Crime""}]","[{""id"": 3269, ""logo_path"": null, ""name"": ""Creative Thinking International Ltd."", ""origin_country"": """"}]","[{""iso_3166_1"": ""US"", ""name"": ""United States of America""}]","[{""english_name"": ""English"", ""iso_639_1"": ""en"", ""name"": ""English""}]","[""US""]","{""id"": 105629, ""name"": ""Paradise Lost Collection"", ""poster_path"": ""/lj7rDHdscgcYjYOzGk2WchDcIjz.jpg"", ""backdrop_path"": ""/vEejyJqJvi429uGJ7uMJ9Wr1N2V.jpg""}"
17205,Enter the Ninja,Enter the Ninja,"A newly trained ninja warrior journeys to the Philippines, where he must defend his former war comrade's property against a determined adversary.",Hired assassins ...human killing machines!,Released,False,False,1981-07-17,100,1500000,0,0.7923,5.492,132,en,,tt0082332,/2zYvNCPRX4W0s2gNxWqpsdk2OCT.jpg,/tEMm5QE4Axdu0vx7ZKRaqQchqFP.jpg,"[{""id"": 28, ""name"": ""Action""}, {""id"": 80, ""name"": ""Crime""}, {""id"": 18, ""name"": ""Drama""}, {""id"": 53, ""name"": ""Thriller""}]","[{""id"": 664, ""logo_path"": null, ""name"": ""City Film"", ""origin_country"": ""US""}, {""id"": 13549, ""logo_path"": null, ""name"": ""Golan-Globus Productions"", ""origin_country"": ""US""}, {""id"": 1444, ""logo_path"": ""/1848gsFuV3EGewKg8xWADAyJUVy.png"", ""name"": ""The Cannon Group"", ""origin_country"": ""US""}]","[{""iso_3166_1"": ""US"", ""name"": ""United States of America""}]","[{""english_name"": ""English"", ""iso_639_1"": ""en"", ""name"": ""English""}]","[""US""]","{""id"": 373538, ""name"": ""The Ninja Trilogy"", ""poster_path"": ""/2umt4RmpHxjlsfJs6ORuJ2ZUAoh.jpg"", ""backdrop_path"": ""/6HHnJkFHVbAW5PNYpvjih5jKIgU.jpg""}"
17207,Houseguest,Houseguest,"In hot water with the mob over an unpaid debt, a con man poses as a family friend in an affluent Pennsylvania suburb.",He came. He ate. He stayed.,Released,False,False,1995-01-06,109,10500000,26300000,1.2747,5.4,77,en,,tt0110066,/cdiHlZho11EEqD3aPanYe1rEYRB.jpg,/ibrbpEEgncx1gOIIpkBHOmWATOQ.jpg,"[{""id"": 35, ""name"": ""Comedy""}]","[{""id"": 175, ""logo_path"": ""/Aruhqf13whJ0bNSgtv1gt3xclT6.png"", ""name"": ""Caravan Pictures"", ""origin_country"": ""US""}, {""id"": 915, ""logo_path"": ""/4neXXpjSJDZPBGBnfWtqysB5htV.png"", ""name"": ""Hollywood Pictures"", ""origin_country"": ""US""}]","[{""iso_3166_1"": ""US"", ""name"": ""United States of America""}]","[{""english_name"": ""Russian"", ""iso_639_1"": ""ru"", ""name"": ""P\u0443\u0441\u0441\u043a\u0438\u0439""}, {""english_name"": ""English"", ""iso_639_1"": ""en"", ""name"": ""English""}]","[""US""]",null
17208,Paradise Lost 2: Revelations,Paradise Lost 2: Revelations,"Revisiting the 1994 Arkansas murder of three 8-year-old boys and the three teenagers convicted of the crime. A follow up to Paradise Lost, Revelations features new interviews with the convicted men, as well as with the original judge and police investigators.",,Released,False,False,2000-07-28,130,0,0,0.5742,7.2,124,en,,tt0239894,/18ixOKgqZGmfALD5080MdZN4dxi.jpg,/h4Z5zO8OzbZJHbA2Hcnmykw9xdL.jpg,"[{""id"": 99, ""name"": ""Documentary""}, {""id"": 80, ""name"": ""Crime""}]","[{""id"": 3269, ""logo_path"": null, ""name"": ""Creative Thinking International Ltd."", ""origin_country"": """"}, {""id"": 215907, ""logo_path"": null, ""name"": ""Hand to Mouth Productions"", ""origin_country"": """"}, {""id"": 3268, ""logo_path"": ""/tuomPhY2UtuPTqqFnKMVHvSb724.png"", ""name"": ""HBO"", ""origin_country"": ""US""}]","[{""iso_3166_1"": ""US"", ""name"": ""United States of America""}]","[{""english_name"": ""English"", ""iso_639_1"": ""en"", ""name"": ""English""}]","[""US""]","{""id"": 105629, ""name"": ""Paradise Lost Collection"", ""poster_path"": ""/lj7rDHdscgcYjYOzGk2WchDcIjz.jpg"", ""backdrop_path"": ""/vEejyJqJvi429uGJ7uMJ9Wr1N2V.jpg""}"
17209,Madhouse,Madhouse,A young psychiatric intern unearths secrets about the mental health facility in which he works.,Let the insanity begin.,Released,False,False,2004-07-30,91,0,0,1.5071,5.7,154,en,,tt0363276,/ug2DwSZ5WCgMUJcWfEPn7wIHtpn.jpg,/dcukZQZQFBNPSrHIgevvvod67RZ.jpg,"[{""id"": 27, ""name"": ""Horror""}, {""id"": 53, ""name"": ""Thriller""}]","[{""id"": 20451, ""logo_path"": ""/CFvjMrDoXK0ADC5kfgmr04BxZn.png"", ""name"": ""Redbus Pictures"", ""origin_country"": ""GB""}, {""id"": 126, ""logo_path"": ""/kADPanRDkKTxncPXXVahvHPUvCj.png"", ""name"": ""Lakeshore Entertainment"", ""origin_country"": ""US""}, {""id"": 3244, ""logo_path"": null, ""name"": ""Media Pro Pictures"", ""origin_country"": ""RO""}]","[{""iso_3166_1"": ""US"", ""name"": ""United States of America""}, {""iso_3166_1"": ""GB"", ""name"": ""United Kingdom""}, {""iso_3166_1"": ""RO"", ""name"": ""Romania""}]","[{""english_name"": ""Russian"", ""iso_639_1"": ""ru"", ""name"": ""P\u0443\u0441\u0441\u043a\u0438\u0439""}, {""english_name"": ""English"", ""iso_639_1"": ""en"", ""name"": ""English""}]","[""US""]",null
17210,National Geographic: Journey to the Edge of the Universe,National Geographic: Journey to the Edge of the Universe,"In one single, epic camera move we journey from Earth's surface to the outermost reaches of the universe on a grand tour of the cosmos, to explore newborn stars, distant planets, black holes and beyond.",,Released,False,False,2008-12-06,91,0,0,0.8751,7.7,95,en,https://www.nationalgeographic.com/tv/movies-and-specials/journey-to-the-edge-of-the-universe,tt1363109,/14mR0hzWv9gU1oU61hBbCRyo4QE.jpg,/t4YCK5T4SEAaUycwbmNgQ1zjy4v.jpg,"[{""id"": 99, ""name"": ""Documentary""}]","[{""id"": 7521, ""logo_path"": ""/fRqMjLjyAqThtEg9P9WKCXLmCpJ.png"", ""name"": ""National Geographic"", ""origin_country"": ""US""}, {""id"": 3506, ""logo_path"": ""/edR3oWGqXyIqYcZNYfdf7QMr4vF.png"", ""name"": ""Pioneer Productions"", ""origin_country"": ""GB""}]","[{""iso_3166_1"": ""US"", ""name"": ""United States of America""}, {""iso_3166_1"": ""GB"", ""name"": ""United Kingdom""}]","[{""english_name"": ""English"", ""iso_639_1"": ""en"", ""name"": ""English""}]","[""US"", ""GB""]",null
17212,Patrick,Patrick,A comatose hospital patient harasses and kills through his powers of telekinesis to claim his private nurse as his own.,"He's in a coma... Yet, he can kill...",Released,False,False,1978-10-01,112,400000,0,1.4115,6.1,99,en,,tt0078067,/qxydnHE4D5ArBRNtihlVs5rhhO2.jpg,/xCm5hR7onkGXGzGXkkkhzgyeFm1.jpg,"[{""id"": 27, ""name"": ""Horror""}, {""id"": 878, ""name"": ""Science Fiction""}, {""id"": 53, ""name"": ""Thriller""}]","[{""id"": 3270, ""logo_path"": null, ""name"": ""Filmways Australasian"", ""origin_country"": """"}, {""id"": 5598, ""logo_path"": null, ""name"": ""Australian International Film Corp. (AIFC)"", ""origin_country"": """"}]","[{""iso_3166_1"": ""AU"", ""name"": ""Australia""}]","[{""english_name"": ""English"", ""iso_639_1"": ""en"", ""name"": ""English""}]","[""AU""]",null
17213,Gaz Bar Blues,Gaz Bar Blues,"This is the story of Mr. Brochu, whose friends like to call ""the Boss"". He runs his gas station the best he can and tries to stay happy no matter what happens. This movie relates all the small tragedies surrounding the gaz bar, such as hold-ups, competition from the big companies invading the neighbourhood, and the fact that is sons don't seem to be interested in the gas station.",,Released,False,False,2003-09-05,115,0,0,0.3658,6.5,18,fr,,tt0379298,/5kbVOF04fG1e7uFKyRu9VNdypqJ.jpg,/lG8NOXROOWHlUovTeHp9RjALpec.jpg,"[{""id"": 35, ""name"": ""Comedy""}, {""id"": 18, ""name"": ""Drama""}]","[{""id"": 20181, ""logo_path"": ""/51PVTqYHBEl5AFJKwjT4uPsslpq.png"", ""name"": ""Coop Vid\u00e9o de Montr\u00e9al"", ""origin_country"": ""CA""}]","[{""iso_3166_1"": ""CA"", ""name"": ""Canada""}]","[{""english_name"": ""French"", ""iso_639_1"": ""fr"", ""name"": ""Fran\u00e7ais""}]","[""CA""]",null
17214,To Let,Para entrar a vivir,"Mario and Clara, his pregnant girlfriend, try to find a new apartment to settle in as soon as possible, so they go to visit one in a distant neighborhood that seems abandoned. Once there, things are not as they expected.",,Released,False,False,2006-03-21,67,0,0,0.6088,5.9,96,es,,tt0477311,/WyHj8gB12x5pUEG62uPAm74vge.jpg,/yLJQaBPkSQzss0qtPSnX8KPlRnQ.jpg,"[{""id"": 18, ""name"": ""Drama""}, {""id"": 27, ""name"": ""Horror""}, {""id"": 53, ""name"": ""Thriller""}]","[{""id"": 2029, ""logo_path"": null, ""name"": ""Estudios Picasso"", ""origin_country"": ""ES""}, {""id"": 3631, ""logo_path"": ""/ttrj8O0KF5PbUoHamU2mTOLB6d9.png"", ""name"": ""Filmax"", ""origin_country"": ""ES""}, {""id"": 7956, ""logo_path"": null, ""name"": ""Castelao Productions"", ""origin_country"": ""ES""}, {""id"": 2674, ""logo_path"": ""/bkgwJWvqqLuzsXV2Qv3Mg3wfcNZ.png"", ""name"": ""Telecinco Cinema"", ""origin_country"": ""ES""}]","[{""iso_3166_1"": ""ES"", ""name"": ""Spain""}]","[{""english_name"": ""Spanish"", ""iso_639_1"": ""es"", ""name"": ""Espa\u00f1ol""}]","[""ES""]",null
17216,Rx,Rx,"What is meant to be a weekend party across the border soon becomes a heartbreaking journey that tests the boundaries of companionship, romantic love and personal ethics.",,Released,False,False,2005-04-21,89,0,0,1.6845,5.1,18,en,,tt0357182,/xdUoJZOINPz4rRG5MHpvPhvjPRG.jpg,/mbxuDbY13Ii5qneFyf38Tn1wiVZ.jpg,"[{""id"": 28, ""name"": ""Action""}, {""id"": 80, ""name"": ""Crime""}, {""id"": 18, ""name"": ""Drama""}, {""id"": 53, ""name"": ""Thriller""}]","[{""id"": 3271, ""logo_path"": null, ""name"": ""Inscription Films"", ""origin_country"": """"}]","[{""iso_3166_1"": ""US"", ""name"": ""United States of America""}]","[{""english_name"": ""English"", ""iso_639_1"": ""en"", ""name"": ""English""}, {""english_name"": ""German"", ""iso_639_1"": ""de"", ""name"": ""Deutsch""}]","[""US""]",null
17217,The Agony of People,ژانی گەل,"Sulaymaniah, Iraqi Kurdistan, in the 1940s. When his wife Kaleh goes into labor, her husband Jwamer runs to get the midwife. By ill luck, he runs into the middle of a political demonstration and is seriously wounded and arrested by mistake as the ringleader. After a rigged trial, Jwamer is sentenced to ten years in prison. He serves his sentence and, as soon as he is set free, goes in search of his wife and child.",,Released,False,False,2007-07-22,101,0,0,0.0454,4.2,4,ku,,tt1130841,/dLCrXNGRSj8YQno7oXkRQk7yQ7b.jpg,/fmJaMeLHg7eEzfvdM53i8y1Bqnr.jpg,"[{""id"": 18, ""name"": ""Drama""}, {""id"": 36, ""name"": ""History""}]","[{""id"": 113924, ""logo_path"": null, ""name"": ""Sulifilm"", ""origin_country"": """"}]","[{""iso_3166_1"": ""IQ"", ""name"": ""Iraq""}]","[{""english_name"": ""Kurdish"", ""iso_639_1"": ""ku"", ""name"": """"}]","[""IQ""]",null
17218,The Set-Up,The Set-Up,"Expecting the usual loss, a boxing manager takes bribes from a betting gangster without telling his fighter.",I want a man … not a human punching bag!,Released,False,False,1949-03-29,73,0,0,2.2407,7.346,179,en,,tt0041859,/uxE5LZP0RClXKsAqtrHQPiNLHzf.jpg,/mkI2oI6OdL8asZY3tJhI95UbvBD.jpg,"[{""id"": 18, ""name"": ""Drama""}, {""id"": 80, ""name"": ""Crime""}]","[{""id"": 6, ""logo_path"": ""/n53F7K9scQWFXYbrCablqLKqJdp.png"", ""name"": ""RKO Radio Pictures"", ""origin_country"": ""US""}]","[{""iso_3166_1"": ""US"", ""name"": ""United States of America""}]","[{""english_name"": ""English"", ""iso_639_1"": ""en"", ""name"": ""English""}]","[""US""]",null
17221,Where the Sidewalk Ends,Where the Sidewalk Ends,A police detective's violent nature keeps him from being a good cop.,Only a woman's heart could reach out for such a man!,Released,False,False,1950-07-07,95,0,0,2.2907,7.2,203,en,,tt0043132,/27Q0i6ZjmRnjfvegksunixnLxuG.jpg,/baa8BwCJblUiVRmCEyo6Sw7yyfS.jpg,"[{""id"": 80, ""name"": ""Crime""}, {""id"": 18, ""name"": ""Drama""}, {""id"": 53, ""name"": ""Thriller""}]","[{""id"": 25, ""logo_path"": ""/qZCc1lty5FzX30aOCVRBLzaVmcp.png"", ""name"": ""20th Century Fox"", ""origin_country"": ""US""}]","[{""iso_3166_1"": ""US"", ""name"": ""United States of America""}]","[{""english_name"": ""English"", ""iso_639_1"": ""en"", ""name"": ""English""}]","[""US""]",null
17223,Two Tigers,Two Tigers,"This action story takes place in Shanghai, China where Gilda, a stunning blonde 'femme Nikita' is commissioned to take out an important Lebanese official. As a professional killer, her real identity is kept secret. Her boss has arranged a new name and profession for her in Shanghai as the new manager of an information technology company. She takes up residence in a beautiful condo where she gets to know her neighbor, Lin, a beautiful Chinese girl who turns out to be a high-class call girl. Their friendship develops as they help one another along the way as they are betrayed by their hearts for men who turn out to be scoundrels. The drama propels into a highly emotional and sensitive story about two women who are independent and ferocious in guarding affairs of their heart, even though their individual jobs lead many to believe that they are only cold-blooded and materialistic.",She Has a Passion for Revenge,Released,False,False,2007-02-14,89,0,0,0.418,3.7,12,en,,tt0867205,/pBfJkm093sJY1xvSXwjAFLFiByu.jpg,/rB1mhC6chwK6SuB0hjQgAwPlSqQ.jpg,"[{""id"": 28, ""name"": ""Action""}, {""id"": 12, ""name"": ""Adventure""}, {""id"": 53, ""name"": ""Thriller""}]",[],[],"[{""english_name"": ""Italian"", ""iso_639_1"": ""it"", ""name"": ""Italiano""}, {""english_name"": ""English"", ""iso_639_1"": ""en"", ""name"": ""English""}]","[""US""]",null
17227,Jacquou the Rebel,Jacquou le Croquant,"In 1815, young Jacquou lives an idyllic peasant life with his parents in the Périgord region of France.  But one day, his childhood happiness is cruelly ended when his father is arrested, after a dispute with the arrogant Count de Nansac.  With both his parents dead, Jacquou is adopted by Bonal, a kind priest, under whose influence he grows into an assured, morally upright young man.  Now an adult, Jacquou has one desire.  To repay the Count de Nansac for the evil he once inflicted on his parents...",,Released,False,False,2007-01-17,140,0,0,1.6792,6.5,146,fr,,tt0418758,/jVLkOarUiKvFSLGSTQYGkdpwN2j.jpg,/ldrPNqXFaK1Qful4L3Im4UbKP7f.jpg,"[{""id"": 12, ""name"": ""Adventure""}, {""id"": 18, ""name"": ""Drama""}]","[{""id"": 111032, ""logo_path"": null, ""name"": ""Heathcliff"", ""origin_country"": """"}, {""id"": 356, ""logo_path"": ""/9tW5wZEGotn1Ei5pErA88m47XiD.png"", ""name"": ""TF1 Films Production"", ""origin_country"": ""FR""}, {""id"": 133095, ""logo_path"": null, ""name"": ""Square Productions International (SPI)"", ""origin_country"": """"}, {""id"": 5521, ""logo_path"": null, ""name"": ""CP Medien"", ""origin_country"": ""DE""}, {""id"": 866, ""logo_path"": ""/dEPHAPpbcgbOnBcJfqeCYVRUYF9.png"", ""name"": ""Path\u00e9 Renn Productions"", ""origin_country"": ""FR""}]","[{""iso_3166_1"": ""FR"", ""name"": ""France""}, {""iso_3166_1"": ""DE"", ""name"": ""Germany""}]","[{""english_name"": ""French"", ""iso_639_1"": ""fr"", ""name"": ""Fran\u00e7ais""}]","[""FR""]",null
17228,Masked Mobsters,Le Dernier gang,"From petty theft on the benches of Belleville to the over-publicised hold-ups of the large Parisian banks, this is the spectacular rise of Simon and his gang. They are capable of emptying a series of safes under the very nose of the police who are bewildered by the calm audacity shown by the group.",,Released,False,False,2007-10-31,125,0,0,1.3417,5.711,64,fr,,tt0871509,/6IL1oAu9yzGpqdlwqOGvxpFA5OQ.jpg,/8L2j21AFjR9Ll9TIw0EEkJCfmrN.jpg,"[{""id"": 80, ""name"": ""Crime""}, {""id"": 53, ""name"": ""Thriller""}]","[{""id"": 11473, ""logo_path"": ""/qAFim6lLYyvlWyDIRZcGr6oZwkg.png"", ""name"": ""A.J.O.Z. Films"", ""origin_country"": ""FR""}, {""id"": 25930, ""logo_path"": ""/62xhmot9suhsKEDXyJgV9XuydHQ.png"", ""name"": ""EuropaCorp Television"", ""origin_country"": ""FR""}, {""id"": 65760, ""logo_path"": null, ""name"": ""Glaski Productions"", ""origin_country"": """"}, {""id"": 591, ""logo_path"": ""/q5I5RDwMEiqoNmfaJgd2LraEOJY.png"", ""name"": ""France 3 Cin\u00e9ma"", ""origin_country"": ""FR""}, {""id"": 104, ""logo_path"": ""/9aotxauvc9685tq9pTcRJszuT06.png"", ""name"": ""Canal+"", ""origin_country"": ""FR""}, {""id"": 6301, ""logo_path"": ""/jma8ZaHq1KAzlXW3v0RswVOWSdn.png"", ""name"": ""Cin\u00e9Cin\u00e9ma"", ""origin_country"": ""FR""}, {""id"": 11434, ""logo_path"": null, ""name"": ""R\u00e9gion Nord-Pas-de-Calais"", ""origin_country"": """"}]","[{""iso_3166_1"": ""BE"", ""name"": ""Belgium""}, {""iso_3166_1"": ""FR"", ""name"": ""France""}]","[{""english_name"": ""French"", ""iso_639_1"": ""fr"", ""name"": ""Fran\u00e7ais""}]","[""FR""]",null
17229,Bill Maher: The Decider,Bill Maher: The Decider,"Superstar comedian/writer Bill Maher, one of the most highly credited comic minds today, is back in an all-new solo HBO comedy special performed live. Maher, known for his sharp wit, offers his candid and hilarious opinions on a wide range of social and political issues including sex, drugs, Iraq, immigration, President Bush, and much more in this can't miss special. Live show from Berklee Performance Center, Boston, Massachusetts","I'm putting the ""ex"" back in Texas!",Released,False,True,2007-07-21,60,0,0,0.3929,7.0,21,en,,tt1039915,/b25OuiVRigfGBryPQ2QwsGkcecI.jpg,,"[{""id"": 35, ""name"": ""Comedy""}]","[{""id"": 21202, ""logo_path"": null, ""name"": ""Kid Love Incorporated"", ""origin_country"": """"}, {""id"": 12088, ""logo_path"": null, ""name"": ""Moffitt-Lee Productions"", ""origin_country"": ""US""}]","[{""iso_3166_1"": ""US"", ""name"": ""United States of America""}]","[{""english_name"": ""English"", ""iso_639_1"": ""en"", ""name"": ""English""}]","[""US""]",null
17230,Wham! in China: Foreign Skies,Wham! in China: Foreign Skies,"Best known for their radio staples ""Wake Me Up Before You Go-Go"" and ""Careless Whisper,"" the seminal 80s pop group Wham! (George Michael and Andrew Ridgeley) shot Wham! In China: Foreign Skies circa 1985. In the resulting film, the group performs 12 numbers, including the aforementioned hits, ""Ray Of Sunshine,"" ""Blue,"" and ""Young Guns (Go for It!)"".",,Released,False,False,1986-06-28,62,0,0,0.2063,10.0,1,en,,tt0206409,/A1WWWR3KiKI0zeKdlZN9ZoS8fEH.jpg,/tA6uD2MSFOfpE5D0BTOw9IELnIA.jpg,"[{""id"": 99, ""name"": ""Documentary""}]",[],"[{""iso_3166_1"": ""GB"", ""name"": ""United Kingdom""}]","[{""english_name"": ""English"", ""iso_639_1"": ""en"", ""name"": ""English""}]","[""GB""]",null
17234,Summer Days with Coo,河童のクゥと夏休み,"A small, lone Kappa miraculously survives over 200 years into modern day Japan, when he is found by young Koichi. Coo, who is secretly adopted by Koichi's family, searches with his new human friend for unpopulated places in hopes of finding any remaining of his kind.",,Released,False,False,2007-07-28,138,0,0,5.8313,7.8,140,ja,,tt1179773,/4Hk82Tw50Qevknz3qb8N7Nd5Ti3.jpg,/fMzTeudMs25huf4gRxvlnrcPvbv.jpg,"[{""id"": 16, ""name"": ""Animation""}, {""id"": 14, ""name"": ""Fantasy""}, {""id"": 35, ""name"": ""Comedy""}, {""id"": 10749, ""name"": ""Romance""}, {""id"": 18, ""name"": ""Drama""}, {""id"": 10751, ""name"": ""Family""}]","[{""id"": 11814, ""logo_path"": ""/j1IZjwuQrKaTftc5VAlLhpuYBV8.png"", ""name"": ""SKY Perfect Well Think"", ""origin_country"": ""JP""}, {""id"": 648, ""logo_path"": ""/s811As3dkcqSgl4nEWEVYfJVVxh.png"", ""name"": ""Sony Music Entertainment (Japan)"", ""origin_country"": ""JP""}, {""id"": 9300, ""logo_path"": ""/9sSD1XufVCJWAadNiC9Mwu994VD.png"", ""name"": ""TV Asahi"", ""origin_country"": ""JP""}, {""id"": 192, ""logo_path"": ""/93eAKlnQecDdMtucfOprzcjMw9V.png"", ""name"": ""Shochiku"", ""origin_country"": ""JP""}, {""id"": 1778, ""logo_path"": ""/b5rT6VbYza3LyfltCmz1OcqzWJM.png"", ""name"": ""dentsu"", ""origin_country"": ""JP""}, {""id"": 5141, ""logo_path"": ""/fK2QKfHdSdw42Xx4MiD7KhDufBV.png"", ""name"": ""Shin-Ei Animation"", ""origin_country"": ""JP""}, {""id"": 11811, ""logo_path"": null, ""name"": ""Dentsu Tec"", ""origin_country"": ""JP""}, {""id"": 11738, ""logo_path"": ""/TlCH4GqCSlYEC3WN1y5Yk6IiOv.png"", ""name"": ""Mitsui & Co."", ""origin_country"": ""JP""}]","[{""iso_3166_1"": ""JP"", ""name"": ""Japan""}]","[{""english_name"": ""Japanese"", ""iso_639_1"": ""ja"", ""name"": ""\u65e5\u672c\u8a9e""}]","[""JP""]",null
17236,Whirlygirl,Whirlygirl,After a run in with a hot exotic dancer one wintry night straight-laced prep school student James will find himself on the ride of his life. Risking his future he follows this mysterious woman to New York City - ditching school dodging cops and partying at hot nightclubs along the way.,,Released,False,False,2006-05-02,99,0,0,1.3552,5.3,42,en,,tt0364745,/ohnbKEWnIOTglQ1kimthX3F26rR.jpg,/tLqPnD6FKAtIUAG248yQ2JUVDfu.jpg,"[{""id"": 10749, ""name"": ""Romance""}, {""id"": 18, ""name"": ""Drama""}]","[{""id"": 335, ""logo_path"": ""/bMYVrBCfGvDDc3tCSjHbnIWCtbX.png"", ""name"": ""Tig Productions"", ""origin_country"": ""US""}, {""id"": 3274, ""logo_path"": null, ""name"": ""All the Way Round"", ""origin_country"": """"}, {""id"": 54517, ""logo_path"": null, ""name"": ""Beacon Classics"", ""origin_country"": """"}]","[{""iso_3166_1"": ""US"", ""name"": ""United States of America""}]","[{""english_name"": ""English"", ""iso_639_1"": ""en"", ""name"": ""English""}]","[""US""]",null
17237,The Moon and the Stars,The Moon and the Stars,"1939: Rome stands on the brink of World War II. In the midst of this political and social tension famed producer Davide Rieta is making a major film. The two lead actors, the German woman Kristina Baumgarten and the English man James Clavel ace each others' initial antagonism and eventually fall in love. Meanwhile the fascist police are looking for an excuse to arrest the Jewish filmmaker and any other potential ""troublemakers."" The producer and his crew decide to make one final extraordinary effort to complete the film - against all odds.",,Released,False,False,2007-02-02,102,0,0,2.2544,4.5,8,en,,tt0460873,/7JlUocNWQlfeGYpsCR0hrmlY9PV.jpg,/99nnFplw4AOQUbf3DY2XszSPHx1.jpg,"[{""id"": 18, ""name"": ""Drama""}, {""id"": 36, ""name"": ""History""}]","[{""id"": 3275, ""logo_path"": null, ""name"": ""Box Film"", ""origin_country"": """"}]","[{""iso_3166_1"": ""GB"", ""name"": ""United Kingdom""}, {""iso_3166_1"": ""HU"", ""name"": ""Hungary""}, {""iso_3166_1"": ""IT"", ""name"": ""Italy""}]","[{""english_name"": ""English"", ""iso_639_1"": ""en"", ""name"": ""English""}]","[""US"", ""GB""]",null
17238,The Belly of an Architect,The Belly of an Architect,"Stourley Kracklite, a driven, detail-obsessed architect, travels from America to Rome with his much younger wife, Louisa, to oversee an architectural homage to a personal hero, 18th-century master builder Etienne-Louis Boullée. En route by train, Stourley and Louisa conceive a much-wanted child — but Stourley's obsession with his wife's expanding belly, her perceived infidelity, and his own recurrent bouts of abdominal pain reach epic and dangerous proportions.",Art is the food for madness.,Released,False,False,1987-09-23,118,2000000,0,1.2177,6.8,128,en,,tt0092637,/gjS08AHtZ7b44WC2NCuYWpJRoCM.jpg,/cLSMoqNcBtwIAvyG5rirqfRkkkP.jpg,"[{""id"": 18, ""name"": ""Drama""}]","[{""id"": 34471, ""logo_path"": null, ""name"": ""Callender Company"", ""origin_country"": """"}, {""id"": 13715, ""logo_path"": null, ""name"": ""Mondial"", ""origin_country"": """"}, {""id"": 34472, ""logo_path"": null, ""name"": ""Tangram Film"", ""origin_country"": ""IT""}, {""id"": 871, ""logo_path"": null, ""name"": ""British Screen"", ""origin_country"": ""GB""}, {""id"": 12110, ""logo_path"": null, ""name"": ""Hemdale Group"", ""origin_country"": """"}, {""id"": 96664, ""logo_path"": null, ""name"": ""SACIS"", ""origin_country"": """"}, {""id"": 6705, ""logo_path"": ""/iNB1FCwT4XjO6wkN3PnpPnwr9GX.png"", ""name"": ""Film4 Productions"", ""origin_country"": ""GB""}]","[{""iso_3166_1"": ""IT"", ""name"": ""Italy""}, {""iso_3166_1"": ""GB"", ""name"": ""United Kingdom""}]","[{""english_name"": ""Italian"", ""iso_639_1"": ""it"", ""name"": ""Italiano""}, {""english_name"": ""English"", ""iso_639_1"": ""en"", ""name"": ""English""}]","[""IT"", ""GB""]",null
17239,UFC 46: Supernatural,UFC 46: Supernatural,"UFC 46: Supernatural was a mixed martial arts event held by the Ultimate Fighting Championship on January 31, 2004, at the Mandalay Bay Events Center in Las Vegas, Nevada. Headlining the card was a Light Heavyweight championship bout between Randy Couture and Vitor Belfort. The evening marked the UFC debut of future welterweight champion Georges St-Pierre.",,Released,False,True,2004-01-31,0,0,0,0.3277,6.5,5,en,,tt0479193,/45yP9L3zLjbhQE9izjC1k8r8rSB.jpg,/rO8EUCplg9Yxk1a1N6r15O8UZhI.jpg,[],[],"[{""iso_3166_1"": ""US"", ""name"": ""United States of America""}]","[{""english_name"": ""English"", ""iso_639_1"": ""en"", ""name"": ""English""}]","[""US""]",null
17240,Slaughter,Slaughter,"A young woman looks to escape her abusive life by moving to her family's farm near Atlanta. Unfortunately, she learns her place of supposed comfort offers more terrifying forms of abuse.",Find a good hiding place.,Released,False,False,2009-01-09,96,0,0,0.5576,4.4,49,en,,tt1230206,/i5W6kmPWWzfrIlENjOJZ1nydPYt.jpg,/5vGRBRKMaBBGwTiDDYuaP7BZm4t.jpg,"[{""id"": 53, ""name"": ""Thriller""}, {""id"": 27, ""name"": ""Horror""}]","[{""id"": 3608, ""logo_path"": null, ""name"": ""After Dark Films"", ""origin_country"": ""US""}]","[{""iso_3166_1"": ""US"", ""name"": ""United States of America""}]","[{""english_name"": ""English"", ""iso_639_1"": ""en"", ""name"": ""English""}]","[""US""]",null
17241,The Tenth Circle,The Tenth Circle,A family's well-kept secrets are exposed when the daughter accuses her ex-boyfriend of rape.,,Released,False,False,2008-06-28,120,0,0,0.8552,4.7,18,en,,tt1132288,/6JOooIaDg3eazjVQFPStXaqMdPD.jpg,/uGoxc4gVEyJ2nLD0PgxffZhNdoG.jpg,"[{""id"": 10770, ""name"": ""TV Movie""}, {""id"": 18, ""name"": ""Drama""}, {""id"": 9648, ""name"": ""Mystery""}, {""id"": 53, ""name"": ""Thriller""}]","[{""id"": 5003, ""logo_path"": null, ""name"": ""Jaffe/Braunstein Films"", ""origin_country"": ""US""}, {""id"": 11073, ""logo_path"": ""/wHs44fktdoj6c378ZbSWfzKsM2Z.png"", ""name"": ""Sony Pictures Television"", ""origin_country"": ""US""}, {""id"": 76101, ""logo_path"": null, ""name"": ""SLG Productions"", ""origin_country"": """"}, {""id"": 12029, ""logo_path"": ""/8PAf5K4VVI6xO9SjB7bxLtpi4xH.png"", ""name"": ""Curmudgeon Films"", ""origin_country"": ""US""}]","[{""iso_3166_1"": ""CA"", ""name"": ""Canada""}, {""iso_3166_1"": ""US"", ""name"": ""United States of America""}]","[{""english_name"": ""English"", ""iso_639_1"": ""en"", ""name"": ""English""}]","[""CA"", ""US""]",null
17242,The Third Nail,The Third Nail,"A young man is sentenced to life in prison for killing two children, a crime he didn't commit. DNA evidence sets him free, but there is no hiding from the prison gang that wants him dead. When his own daughter is abducted and apparently murdered, he seeks revenge. How far will he go and is it ever too late for redemption?",How can you forgive when everything you love is taken away?,Released,False,False,2008-02-08,91,0,0,0.7072,4.5,7,en,http://www.thethirdnail.com/,tt0482613,/fqVYedm8I4hJvJ8OiW72Z3c1T9p.jpg,/yQveyrvfObCSivo48ntcbMbtKKx.jpg,"[{""id"": 80, ""name"": ""Crime""}, {""id"": 18, ""name"": ""Drama""}]","[{""id"": 3884, ""logo_path"": null, ""name"": ""Luly Productions Inc."", ""origin_country"": """"}, {""id"": 3885, ""logo_path"": null, ""name"": ""Stafford Film Corp."", ""origin_country"": """"}, {""id"": 3887, ""logo_path"": null, ""name"": ""Velvet Steamroller Entertainment"", ""origin_country"": """"}]","[{""iso_3166_1"": ""US"", ""name"": ""United States of America""}]","[{""english_name"": ""English"", ""iso_639_1"": ""en"", ""name"": ""English""}]","[""US""]",null
17243,Lee Evans: Big,Lee Evans: Big - Live at the O2,"Lee Evans returns to the stage with another hilarious stand-up routine, this time at London's 02 arena.",,Released,False,False,2008-11-24,145,0,0,0.336,7.7,17,en,,tt1388779,/yrbQf98j3kPTnCHBMr5XkeM3vQG.jpg,/xwLDZT6u2LDREWReswbMVqWACmB.jpg,"[{""id"": 35, ""name"": ""Comedy""}]","[{""id"": 7605, ""logo_path"": null, ""name"": ""Off The Kerb Productions"", ""origin_country"": ""GB""}]","[{""iso_3166_1"": ""GB"", ""name"": ""United Kingdom""}]","[{""english_name"": ""English"", ""iso_639_1"": ""en"", ""name"": ""English""}]","[""US"", ""GB""]",null
17244,Behind the Planet of the Apes,Behind the Planet of the Apes,"Roddy McDowall takes you, film by film, from production meetings to make-up sessions, then right onto the movie set to see the actual filming of the science fiction masterpiece. The most comprehensive history of Planet of the Apes ever created, this fascinating 127-minute documentary explores one of the most imaginative and influential series in movie history.",Journey back to the Planet of the Apes,Released,False,False,1998-09-05,127,0,0,1.1511,7.1,47,en,,tt0207332,/5Ku4Sn0piPBSm24CC2B5CI3VMuN.jpg,/wB2xUAzjuGK9pVTiGJmv55wrPSF.jpg,"[{""id"": 99, ""name"": ""Documentary""}, {""id"": 878, ""name"": ""Science Fiction""}, {""id"": 10770, ""name"": ""TV Movie""}]","[{""id"": 4450, ""logo_path"": null, ""name"": ""Foxstar Productions"", ""origin_country"": """"}, {""id"": 25, ""logo_path"": ""/qZCc1lty5FzX30aOCVRBLzaVmcp.png"", ""name"": ""20th Century Fox"", ""origin_country"": ""US""}, {""id"": 11454, ""logo_path"": null, ""name"": ""Van Ness Films"", ""origin_country"": """"}, {""id"": 122304, ""logo_path"": ""/oe1xnRABeZpnI0tA50x0gB014oX.png"", ""name"": ""AMC"", ""origin_country"": ""US""}]","[{""iso_3166_1"": ""US"", ""name"": ""United States of America""}]","[{""english_name"": ""English"", ""iso_639_1"": ""en"", ""name"": ""English""}]","[""US""]",null
17245,Mulberry Street,Mulberry Street,"A deadly infection breaks out in Manhattan, causing humans to devolve into blood-thirsty rat creatures. Six recently evicted tenants must survive the night and protect their downtown apartment building as the city quickly spirals out of control.",The neighborhood is changing…,Released,False,False,2006-05-23,84,60000,0,0.8227,5.3,135,en,,tt0473514,/lFj91spTLqP5nqj82q0pNWTqi7Q.jpg,/uOXblZjvwKP305AQjGCW2RIE50M.jpg,"[{""id"": 27, ""name"": ""Horror""}]","[{""id"": 2341, ""logo_path"": ""/hloldgnUFca0Mp1tV9YFDiZlnKL.png"", ""name"": ""Belladonna Productions"", ""origin_country"": ""US""}]","[{""iso_3166_1"": ""US"", ""name"": ""United States of America""}]","[{""english_name"": ""English"", ""iso_639_1"": ""en"", ""name"": ""English""}]","[""US""]",null
17247,Battle in Heaven,Batalla en el cielo,"Set in Mexico City, Carlos Reygadas's sexually explicit drama centers on a man in turmoil over his past actions. Chauffer Marcos feels compelled to reveal a dark secret to his boss's daughter, Ana, a wealthy woman who works as a prostitute just for the thrill of it. Marcos confesses that he and his wife committed a crime that ended in horrible tragedy. Haunted by his past, Marcos searches for redemption.",,Released,False,False,2005-10-05,96,1601792,253527,1.5525,5.8,209,es,,tt0387055,/jChvXVA8qpIIhMKT3BLA9Cftwzt.jpg,/lKc9mOjyvImvZji9tBBsv2KWSsG.jpg,"[{""id"": 18, ""name"": ""Drama""}]","[{""id"": 863, ""logo_path"": null, ""name"": ""Mantarraya Producciones"", ""origin_country"": ""MX""}, {""id"": 864, ""logo_path"": null, ""name"": ""No Dream Cinema"", ""origin_country"": ""MX""}, {""id"": 25522, ""logo_path"": null, ""name"": ""Soci\u00e9t\u00e9 Parisienne de Production"", ""origin_country"": ""FR""}, {""id"": 20691, ""logo_path"": ""/zB4VpQ8BDxKKhUXam2u57ZZ9mtx.png"", ""name"": ""Essential Filmproduktion"", ""origin_country"": ""DE""}, {""id"": 8471, ""logo_path"": ""/rfmlWuH9lxt9pgQetWbNwZKSXvZ.png"", ""name"": ""Tarantula"", ""origin_country"": ""BE""}, {""id"": 113065, ""logo_path"": null, ""name"": ""MackeyCo"", ""origin_country"": ""MX""}, {""id"": 11237, ""logo_path"": ""/nzPEges9ftjCDQWru0qrIfTX8OR.png"", ""name"": ""ZDF/Arte"", ""origin_country"": ""DE""}, {""id"": 94, ""logo_path"": ""/huC7HqorvUThGIrENrbcHmQVUA0.png"", ""name"": ""ARTE France Cin\u00e9ma"", ""origin_country"": ""FR""}]","[{""iso_3166_1"": ""DE"", ""name"": ""Germany""}, {""iso_3166_1"": ""BE"", ""name"": ""Belgium""}, {""iso_3166_1"": ""FR"", ""name"": ""France""}, {""iso_3166_1"": ""MX"", ""name"": ""Mexico""}]","[{""english_name"": ""Spanish"", ""iso_639_1"": ""es"", ""name"": ""Espa\u00f1ol""}]","[""MX""]",null
17251,Beyond The Ring,Beyond The Ring,"Martial arts champion Andre Lima's fighting days ended with his wife's death. The past nine years Andre has struggled to rebuild his world around his two children. When his daughter's health suddenly fails, his finances collapse.","To save a life, he must fight ... Again.",Released,False,False,2008-01-08,86,0,0,0.9039,2.4,7,en,,tt0910993,/6c6hQPsiijujfis9290TarWgzkY.jpg,,"[{""id"": 28, ""name"": ""Action""}, {""id"": 53, ""name"": ""Thriller""}]","[{""id"": 90904, ""logo_path"": null, ""name"": ""Smart Works Productions"", ""origin_country"": """"}]","[{""iso_3166_1"": ""US"", ""name"": ""United States of America""}]","[{""english_name"": ""English"", ""iso_639_1"": ""en"", ""name"": ""English""}]","[""US""]",null
17258,The Pick-up Artist,The Pick-up Artist,A womanizer meets his match when he falls for the daughter of a gambling addict who is in debt to the mob.,The Pick-Up Artist... has finally met his match.,Released,False,False,1987-09-18,81,15000000,13290368,2.3932,5.6,199,en,,tt0093737,/qMhtuRY6iF5akKeKd0t6BeM0mJT.jpg,/dmcvkRzfT0AYaa4vGadLibss8oC.jpg,"[{""id"": 10749, ""name"": ""Romance""}, {""id"": 35, ""name"": ""Comedy""}, {""id"": 80, ""name"": ""Crime""}]","[{""id"": 5263, ""logo_path"": null, ""name"": ""Amercent Films"", ""origin_country"": """"}, {""id"": 5264, ""logo_path"": null, ""name"": ""American Entertainment Partners L.P."", ""origin_country"": ""US""}, {""id"": 25, ""logo_path"": ""/qZCc1lty5FzX30aOCVRBLzaVmcp.png"", ""name"": ""20th Century Fox"", ""origin_country"": ""US""}]","[{""iso_3166_1"": ""US"", ""name"": ""United States of America""}]","[{""english_name"": ""English"", ""iso_639_1"": ""en"", ""name"": ""English""}]","[""US""]",null
17262,National Geographic Ultimate Shark,National Geographic Ultimate Shark,"See the world's first MRI scan of a great white shark as Ultimate Shark reveals the extreme engineering and predatory abilities of one of nature's most near perfect predators. Hear firsthand accounts of people who survived harrowing encounters, including a surfer who was bitten on the arm and leg, towed by the surfboard ankle strap and miraculously escaped only with minor injuries. National Geographic demystifies the true motives and power behind their behavior.",,Released,False,False,2007-01-01,52,0,0,0.2068,0.0,0,en,,,/4vzo5MvqxCGIEzvjPdpUKrCIYbA.jpg,/w1czu6zOVg98ZAmEdCN8lyppIAH.jpg,"[{""id"": 99, ""name"": ""Documentary""}, {""id"": 10770, ""name"": ""TV Movie""}]","[{""id"": 7521, ""logo_path"": ""/fRqMjLjyAqThtEg9P9WKCXLmCpJ.png"", ""name"": ""National Geographic"", ""origin_country"": ""US""}]",[],[],"[""US""]",null
17263,A Murder of Crows,A Murder of Crows,"In the wake of a career-ending scandal, disgraced lawyer Lawson Russell moves to Key West, where he befriends aging novelist Christopher Marlowe. After letting Russell borrow his latest manuscript, Marlowe dies of a heart attack. When Russell publishes the dead man's manuscript under his own name, he makes the best-seller list—and unwittingly becomes the prime suspect in the investigation of a grisly multiple homicide.",A work of deadly fiction.,Released,False,False,1999-07-06,102,0,0,1.6049,6.119,180,en,,tt0133985,/fi88I3TTCY6JVwhEqlJCU2YeDNi.jpg,/6QSkFvaEA5L5Q6GmX5qCfowwHoO.jpg,"[{""id"": 53, ""name"": ""Thriller""}, {""id"": 28, ""name"": ""Action""}, {""id"": 80, ""name"": ""Crime""}]","[{""id"": 2231, ""logo_path"": ""/zJBTkTxy0UiQETGRynEqxiFbmL8.png"", ""name"": ""Trilogy Entertainment Group"", ""origin_country"": ""US""}, {""id"": 40414, ""logo_path"": null, ""name"": ""Motion International"", ""origin_country"": """"}, {""id"": 40415, ""logo_path"": null, ""name"": ""Goodbros. Pictures Entertainment"", ""origin_country"": """"}]","[{""iso_3166_1"": ""US"", ""name"": ""United States of America""}]","[{""english_name"": ""English"", ""iso_639_1"": ""en"", ""name"": ""English""}]","[""US""]",null
17264,The Black Stallion,The Black Stallion,"While traveling with his father, young Alec becomes fascinated by a mysterious Arabian stallion that is brought on board and stabled in the ship he is sailing on. When it tragically sinks both he and the horse survive only to be stranded on a deserted island. He befriends it, so when finally rescued both return to his home where they soon meet Henry Dailey, a once successful trainer. Together they begin training the horse to race against the fastest ones in the world.","From the moment he first saw the stallion, he knew it would either destroy him, or carry him where no one had ever been before…",Released,False,False,1979-10-13,118,2700000,37799643,1.9234,6.995,320,en,,tt0078872,/uZtNc31LR5Ik3ZVo2jxwOvhkNRC.jpg,/am84QBW5S17uKUeuWvjLIS8urrr.jpg,"[{""id"": 10751, ""name"": ""Family""}, {""id"": 12, ""name"": ""Adventure""}]","[{""id"": 60, ""logo_path"": ""/4YldLvCWQL9VIAHQ2Fu3Ffkh9Si.png"", ""name"": ""United Artists"", ""origin_country"": ""US""}, {""id"": 70, ""logo_path"": ""/ueaENQkPcy8rlr5fGZVBXKOhlBh.png"", ""name"": ""American Zoetrope"", ""origin_country"": ""US""}]","[{""iso_3166_1"": ""US"", ""name"": ""United States of America""}]","[{""english_name"": ""Arabic"", ""iso_639_1"": ""ar"", ""name"": ""\u0627\u0644\u0639\u0631\u0628\u064a\u0629""}, {""english_name"": ""Portuguese"", ""iso_639_1"": ""pt"", ""name"": ""Portugu\u00eas""}, {""english_name"": ""Italian"", ""iso_639_1"": ""it"", ""name"": ""Italiano""}, {""english_name"": ""English"", ""iso_639_1"": ""en"", ""name"": ""English""}]","[""US""]","{""id"": 405393, ""name"": ""The Black Stallion Collection"", ""poster_path"": ""/3Dt4ecHcpDFyIYpLKk620dPQUVh.jpg"", ""backdrop_path"": ""/iyWB8vLTJQemdLahc82NRR7jb86.jpg""}"
17271,Tooth,Tooth,"Tooth is a young, feisty Tooth Fairy, who lives in a world called Fairytopia that has lost its ability to use magic. Fed up with the way most fairies have forgotten about magic, she decides to give away all of its money. When Tooth begins to understand how much trouble she is in, she realizes the only person who can help is the legendary Mrs. C, who disappeared, along with magic over 100 years ago. Teaming up with two human children and a number of fairies, who are living incognito amongst humans she sets off on the adventure of a lifetime. Pursued by the evil Plug, a terrifying fairy hunter and his posse, the race is on to save the world before Christmas, Easter and all the holidays are ruined forever.",Only one fairy has the courage to bring the magic back...,Released,False,False,2004-02-13,91,0,0,1.4467,3.8,15,en,,tt0365852,/fHfaAtWGrYQYwzzAvh4mJIl7B1B.jpg,/2tO9TldRc9IVEJT7a3W3nW3BIgZ.jpg,"[{""id"": 14, ""name"": ""Fantasy""}, {""id"": 35, ""name"": ""Comedy""}, {""id"": 10751, ""name"": ""Family""}]","[{""id"": 10780, ""logo_path"": null, ""name"": ""Archangel Filmworks"", ""origin_country"": """"}]","[{""iso_3166_1"": ""GB"", ""name"": ""United Kingdom""}]","[{""english_name"": ""English"", ""iso_639_1"": ""en"", ""name"": ""English""}]","[""US""]",null
17272,Ali G: Bling Bling,Ali G: Bling Bling,"Bling Bling is an assortment of Ali G's interviews; a couple of them with possibly the last people in Britain who didn't realise that someone was pulling their leg and several with American grandees of various sorts, including economist JK Galbraith and former CIA director Admiral Stansfield Turner. The real selling point, however, is Ali G's undeniably spectacular Comic Relief interview",,Released,False,False,2001-10-31,142,0,0,0.3832,6.3,38,en,,tt0303621,/t1afagcSQn6hvJCH7XWdxDfPBvg.jpg,/kA4QzSqz4GN13neq06iFKRcHc3t.jpg,"[{""id"": 35, ""name"": ""Comedy""}]","[{""id"": 5778, ""logo_path"": ""/2loyoQweDxvotH3AknfL2zhsthg.png"", ""name"": ""Channel 4 Television"", ""origin_country"": ""GB""}]","[{""iso_3166_1"": ""GB"", ""name"": ""United Kingdom""}]","[{""english_name"": ""English"", ""iso_639_1"": ""en"", ""name"": ""English""}]","[""US"", ""GB""]",null
17274,American Pastime,American Pastime,"American Pastime tells a poignant story set against the Japanese-American internment camps during World War II. Rounded up and uprooted from their everyday lives, they remained loyal to the United States and ironically turned to that most American of sports - baseball - as a way to deal with their plight.",,Released,False,False,2007-05-11,107,0,0,1.0474,6.6,7,en,,tt0825225,/kLgsnWhBLVBDPggYeURIfr5dc5Z.jpg,,"[{""id"": 18, ""name"": ""Drama""}]","[{""id"": 71881, ""logo_path"": null, ""name"": ""T&C Pictures"", ""origin_country"": """"}, {""id"": 12269, ""logo_path"": null, ""name"": ""ShadowCatcher Entertainment"", ""origin_country"": ""US""}, {""id"": 198197, ""logo_path"": null, ""name"": ""Rosy Bushes Productions"", ""origin_country"": """"}]","[{""iso_3166_1"": ""US"", ""name"": ""United States of America""}]","[{""english_name"": ""English"", ""iso_639_1"": ""en"", ""name"": ""English""}]","[""US""]",null
17275,The All Together,The All Together,"With a house to sell and no time to be there in person, overworked TV producer Chris Ashworth is forced to leave his incompetent flatmate Bob to show real estate agents around the property. Knowing that Bob is not the most attentive flatmate, Chris tells him to show anyone that calls inside. When Chris finally returns home he finds that Bob has taken him at his word, literally. With four estate agents, some Jehovah's Witnesses, an incontinent American, a corpse and two armed gangsters, Chris's world may look like its falling in, but there's worse to come.",,Released,False,False,2007-05-11,84,0,0,0.4354,5.2,8,en,,tt0450238,/85JauYUR5iyPrlS30M8jkdAIFDh.jpg,/kLBEn2P51rToqledTr8A06VvdZ8.jpg,"[{""id"": 35, ""name"": ""Comedy""}]","[{""id"": 5056, ""logo_path"": ""/ok7CQyn0RPEuI0upznPoo93YE6H.png"", ""name"": ""Head Gear Films"", ""origin_country"": ""GB""}, {""id"": 25954, ""logo_path"": ""/oga9DS7GZGbZ0iZ4JFuVTBMBv1C.png"", ""name"": ""Metrol Technology"", ""origin_country"": ""GB""}, {""id"": 26834, ""logo_path"": null, ""name"": ""Priority Pictures"", ""origin_country"": """"}]","[{""iso_3166_1"": ""GB"", ""name"": ""United Kingdom""}]","[{""english_name"": ""English"", ""iso_639_1"": ""en"", ""name"": ""English""}]","[""GB""]",null
17276,Carry On Up the Jungle,Carry On Up the Jungle,"The Carry On team send up the Tarzan tradition in great style. Lady Evelyn Bagley mounts an expedition to find her long-lost baby. Bill Boosey is the fearless hunter and guide. Prof. Tinkle is searching for the rare Oozalum bird. Everything is going swimmingly until a gorilla enters the camp, and then the party is captured by an all female tribe from Aphrodisia...",A safari of laughs with the Carry On Gang!,Released,False,False,1970-03-20,89,0,0,1.2187,5.8,63,en,,tt0065525,/r8zrAhPIwY6oh7IN4TZkNfFVPla.jpg,/z6dWuM72WkPsJVE475XhtYSE26q.jpg,"[{""id"": 35, ""name"": ""Comedy""}]","[{""id"": 10265, ""logo_path"": null, ""name"": ""Peter Rogers Productions"", ""origin_country"": """"}, {""id"": 364, ""logo_path"": null, ""name"": ""The Rank Organisation"", ""origin_country"": ""GB""}]","[{""iso_3166_1"": ""GB"", ""name"": ""United Kingdom""}]","[{""english_name"": ""English"", ""iso_639_1"": ""en"", ""name"": ""English""}, {""english_name"": ""Swahili"", ""iso_639_1"": ""sw"", ""name"": ""Kiswahili""}]","[""GB""]","{""id"": 918027, ""name"": ""Carry On Collection"", ""poster_path"": ""/yabeL7PLxqEI9W5VSnqEf51YJHR.jpg"", ""backdrop_path"": ""/cJ6ttL2vDNc0ADJIJIuaUPj31ih.jpg""}"
17277,The Fall of the Roman Empire,The Fall of the Roman Empire,"In the year 180 A.D. Germanic tribes are about to invade the Roman empire from the north. In the midst of this crisis ailing emperor Marcus Aurelius has to make a decision about his successor between his son Commodus, who is obsessed by power, and the loyal general Gaius Livius.",Never before a spectacle like the fall of the Roman empire,Released,False,False,1964-03-24,188,19000000,4750000,3.0754,6.5,220,en,,tt0058085,/ggrPUKNYFZ6ogs896ZiT0lQG9Tr.jpg,/uZTO61CnwxfEyV5CgjSkdzTvx0k.jpg,"[{""id"": 18, ""name"": ""Drama""}, {""id"": 36, ""name"": ""History""}, {""id"": 10752, ""name"": ""War""}]","[{""id"": 10253, ""logo_path"": null, ""name"": ""Samuel Bronston Productions"", ""origin_country"": ""US""}, {""id"": 4, ""logo_path"": ""/jay6WcMgagAklUt7i9Euwj1pzTF.png"", ""name"": ""Paramount Pictures"", ""origin_country"": ""US""}]","[{""iso_3166_1"": ""US"", ""name"": ""United States of America""}]","[{""english_name"": ""English"", ""iso_639_1"": ""en"", ""name"": ""English""}]","[""US""]",null
17278,Mad Monster Party?,Mad Monster Party?,"When Dr Frankenstein decides to retire from the monster-making business, he calls an international roster of monsters to a creepy convention to elect his successor. Everyone is there including Dracula, The Werewolf, The Creature, Dr Jekyll & Mr Hyde and many more. But Frankenstein's title is not all that is at stake. The famous doctor has also discovered the secret of total destruction that must not fall into the wrong hands!",It's the silliest party of the year...and you're all invited!,Released,False,False,1967-03-08,95,0,0,1.1796,6.6,74,en,,tt0061931,/6DsTP8PSrOPxlO1926sFZF6VPd0.jpg,/h1bSMU4fLgLvgMKV19xmealLdx2.jpg,"[{""id"": 16, ""name"": ""Animation""}, {""id"": 35, ""name"": ""Comedy""}, {""id"": 10751, ""name"": ""Family""}, {""id"": 14, ""name"": ""Fantasy""}, {""id"": 10402, ""name"": ""Music""}]","[{""id"": 688, ""logo_path"": ""/hiCX3Z5p6sMWi2mF0CpLYHJy6aB.png"", ""name"": ""Rankin/Bass Productions"", ""origin_country"": ""US""}, {""id"": 8813, ""logo_path"": ""/dPgnWLcXYwGW6Tv3xAqrI9BS2J.png"", ""name"": ""Videocraft International"", ""origin_country"": ""US""}, {""id"": 419, ""logo_path"": null, ""name"": ""Embassy Pictures Corporation"", ""origin_country"": ""US""}]","[{""iso_3166_1"": ""US"", ""name"": ""United States of America""}, {""iso_3166_1"": ""JP"", ""name"": ""Japan""}]","[{""english_name"": ""English"", ""iso_639_1"": ""en"", ""name"": ""English""}]","[""US""]",null
17281,Gigi,Gigi,"A home, a motorcar, servants, the latest fashions: the most eligible and most finicky bachelor in Paris offers them all to Gigi. But she, who's gone from girlish gawkishness to cultured glamour before our eyes, yearns for that wonderful something money can't buy.",Thank heaven for Gigi,Released,False,False,1958-05-15,115,3319355,13200000,2.2764,6.22,343,en,,tt0051658,/3GSuecnDr4N5ZaqTrwElSzt6eC2.jpg,/6aIpiwQB2qvVHSlhsXYZD3lmmSV.jpg,"[{""id"": 35, ""name"": ""Comedy""}, {""id"": 10749, ""name"": ""Romance""}]","[{""id"": 12668, ""logo_path"": null, ""name"": ""Arthur Freed Production"", ""origin_country"": """"}, {""id"": 21, ""logo_path"": ""/usUnaYV6hQnlVAXP6r4HwrlLFPG.png"", ""name"": ""Metro-Goldwyn-Mayer"", ""origin_country"": ""US""}]","[{""iso_3166_1"": ""US"", ""name"": ""United States of America""}]","[{""english_name"": ""French"", ""iso_639_1"": ""fr"", ""name"": ""Fran\u00e7ais""}, {""english_name"": ""English"", ""iso_639_1"": ""en"", ""name"": ""English""}]","[""US""]",null
17282,Rage of Honor,Rage of Honor,"A Japanese cop, Shiro, and his partner Ray are after a bunch of drug dealers. But they are betrayed by an insider and Ray is killed. Shiro follows the murderer, a sadistic drug lord, up to Argentina",,Released,False,False,1987-02-01,92,0,0,0.6639,5.6,25,en,,tt0093820,/j5oRakY1PoEd4c56LtpyuBVek5e.jpg,/kaunojXDo7lCsf1OcxcfW9wdKmD.jpg,"[{""id"": 28, ""name"": ""Action""}]","[{""id"": 42643, ""logo_path"": null, ""name"": ""Negocios Cinematogr\u00e1ficos S.A."", ""origin_country"": """"}, {""id"": 1969, ""logo_path"": null, ""name"": ""Trans World Entertainment"", ""origin_country"": ""US""}]","[{""iso_3166_1"": ""AR"", ""name"": ""Argentina""}, {""iso_3166_1"": ""US"", ""name"": ""United States of America""}]","[{""english_name"": ""English"", ""iso_639_1"": ""en"", ""name"": ""English""}, {""english_name"": ""Spanish"", ""iso_639_1"": ""es"", ""name"": ""Espa\u00f1ol""}]","[""US""]",null
17283,The Undeclared War,La Guerre sans nom,"Documentary on the French-Algerian conflict 1954-1962 which was never officially called a ""war"", including interviews with some of the survivors.",,Released,False,False,1992-02-19,247,0,0,0.2728,8.2,5,fr,,tt0104374,/8WJLVLj1QE0VDhb6u9ReCRTFxDY.jpg,/ggEhFuItMKTHAYcQYEIaHsBOHcc.jpg,"[{""id"": 99, ""name"": ""Documentary""}]","[{""id"": 1028, ""logo_path"": null, ""name"": ""GMT Productions"", ""origin_country"": ""FR""}, {""id"": 694, ""logo_path"": ""/5LEHONGkZBIoWvp1ygHOF8iyi1M.png"", ""name"": ""StudioCanal"", ""origin_country"": ""FR""}, {""id"": 16772, ""logo_path"": null, ""name"": ""Little Bear"", ""origin_country"": ""FR""}]","[{""iso_3166_1"": ""FR"", ""name"": ""France""}]","[{""english_name"": ""French"", ""iso_639_1"": ""fr"", ""name"": ""Fran\u00e7ais""}]","[""FR""]",null
17285,Kill Buljo,Kill Buljo,"Jompa Tormann and his guests and family are brutally gunned down during an engagement party. Sami- and women-hating police officer Sid Wisløff is put on the case. Together with his colleague and a Sami guide, Wisløff tries to find the guilty party, but Tormann survived and he wants revenge!",In Kautokeino no one can hear you scream.,Released,False,False,2007-03-23,93,160000,0,0.3328,6.0,36,no,,tt0913401,/lHne3zKSBk96UVhBs0q9Wm2N0GL.jpg,/cltMRmx0SaGvMI51T92ZJjouOj5.jpg,"[{""id"": 28, ""name"": ""Action""}, {""id"": 12, ""name"": ""Adventure""}, {""id"": 35, ""name"": ""Comedy""}]","[{""id"": 44995, ""logo_path"": null, ""name"": ""Yellow Bastard Production"", ""origin_country"": """"}]","[{""iso_3166_1"": ""NO"", ""name"": ""Norway""}]","[{""english_name"": ""Norwegian"", ""iso_639_1"": ""no"", ""name"": ""Norsk""}]","[""NO""]","{""id"": 353708, ""name"": ""Kill Buljo Collection"", ""poster_path"": ""/uE3PUOqC9mqeyyOh3Dcvaz3L4T8.jpg"", ""backdrop_path"": null}"
17286,Kiss Me Deadly,Kiss Me Deadly,"Settled into a cozy home life in Milan with his boyfriend Paolo and his daughter Julia, photographer and ex-spy Jacob Keane is suddenly drawn back into the espionage world when his old partner Marta reappears with her memory erased.",The answer to the future lies in their past.,Released,False,False,2008-05-02,87,0,0,0.7822,4.9,20,en,,tt1043839,/fpp9OCf4b2FFIo17rCNqkne7zA9.jpg,/nIiOLA6OSzJV3nB2ZKiGzvbCh0c.jpg,"[{""id"": 28, ""name"": ""Action""}, {""id"": 53, ""name"": ""Thriller""}, {""id"": 10770, ""name"": ""TV Movie""}]","[{""id"": 3509, ""logo_path"": null, ""name"": ""ApolloProMovie & Co. 2. Filmproduktion"", ""origin_country"": ""DE""}, {""id"": 1341, ""logo_path"": null, ""name"": ""Regent Entertainment"", ""origin_country"": ""US""}]","[{""iso_3166_1"": ""DE"", ""name"": ""Germany""}, {""iso_3166_1"": ""US"", ""name"": ""United States of America""}]","[{""english_name"": ""English"", ""iso_639_1"": ""en"", ""name"": ""English""}]","[""US""]",null
17287,Poultrygeist: Night of the Chicken Dead,Poultrygeist: Night of the Chicken Dead,"When the American Chicken Bunker, a military themed fast food restaurant, builds its latest chain restaurant on the site of an ancient Native American burial ground, the displaced spirits take revenge on unsuspecting diners and transform them into chicken zombies! Now, it’s up to a dimwitted counter boy, his collegiate lesbian ex-girlfriend and a burqa-wearing fry cook to put an end to the foul feathered menace once and for all.",Humans... the other white meat...,Released,False,False,2006-12-26,103,500000,13804,1.1658,5.8,176,en,http://www.troma.com,tt0462485,/vSeehH4s274kdZXEMKnPE2tlqco.jpg,/jtnFTuRejS925CJkXf3MNCqtT8n.jpg,"[{""id"": 35, ""name"": ""Comedy""}, {""id"": 27, ""name"": ""Horror""}, {""id"": 878, ""name"": ""Science Fiction""}]","[{""id"": 3052, ""logo_path"": ""/kqP7DC8cUCzDSI5SXiJKJKmQg1K.png"", ""name"": ""Troma Entertainment"", ""origin_country"": ""US""}, {""id"": 18321, ""logo_path"": null, ""name"": ""Poultry Productions LLC"", ""origin_country"": """"}]","[{""iso_3166_1"": ""US"", ""name"": ""United States of America""}]","[{""english_name"": ""English"", ""iso_639_1"": ""en"", ""name"": ""English""}]","[""US""]","{""id"": 1533049, ""name"": ""Poultrygeist Collection"", ""poster_path"": null, ""backdrop_path"": null}"
17288,Rampage,Korkusuz,A Turkish commando must infiltrate and capture a group of terrorists living in the mountains.,Get RambOWNED!,Released,False,False,1986-06-12,73,0,0,0.3331,4.2,20,tr,,tt1355207,/tONmdHmgZejrUA01CTg8VPD0MDl.jpg,/dwBbVWgG2TrxcbpgzRJM6PMuEUK.jpg,"[{""id"": 12, ""name"": ""Adventure""}, {""id"": 28, ""name"": ""Action""}]","[{""id"": 99390, ""logo_path"": ""/otUAIvf2corEbM1SpFAx8DXFh6e.png"", ""name"": ""An\u0131t  Film"", ""origin_country"": ""TR""}]","[{""iso_3166_1"": ""TR"", ""name"": ""Turkey""}]","[{""english_name"": ""Turkish"", ""iso_639_1"": ""tr"", ""name"": ""T\u00fcrk\u00e7e""}]","[""TR""]",null
17295,The Battle of Algiers,La battaglia di Algeri,"Paratrooper commander Colonel Mathieu, a former French Resistance fighter during World War II, is sent to Algeria to reinforce efforts to squelch the uprisings of the Algerian War. There he faces Ali la Pointe, a former petty criminal who, as the leader of the Algerian Front de Liberation Nationale, directs terror strategies against the colonial French government occupation. As each side resorts to ever-increasing brutality, no violent act is too unthinkable.",The Revolt that Stirred the World!,Released,False,False,1966-09-08,122,800000,964028,2.2545,7.883,879,it,https://carlottafilms.com/films/bataille-dalger-la/,tt0058946,/2p3AFtOHFvP6OeVMqlnL1zLKOqL.jpg,/A5sZ1OxIH5StZgqBE9MslgsWjK6.jpg,"[{""id"": 18, ""name"": ""Drama""}, {""id"": 10752, ""name"": ""War""}, {""id"": 36, ""name"": ""History""}]","[{""id"": 3280, ""logo_path"": null, ""name"": ""Igor Film"", ""origin_country"": ""IT""}, {""id"": 10207, ""logo_path"": ""/wWGJsB8qAy9gqD1zCZL5J2pcYvu.png"", ""name"": ""Casbah Film"", ""origin_country"": ""DZ""}]","[{""iso_3166_1"": ""IT"", ""name"": ""Italy""}, {""iso_3166_1"": ""DZ"", ""name"": ""Algeria""}]","[{""english_name"": ""Arabic"", ""iso_639_1"": ""ar"", ""name"": ""\u0627\u0644\u0639\u0631\u0628\u064a\u0629""}, {""english_name"": ""French"", ""iso_639_1"": ""fr"", ""name"": ""Fran\u00e7ais""}, {""english_name"": ""English"", ""iso_639_1"": ""en"", ""name"": ""English""}]","[""IT""]",null
17300,The Firm,The Firm,"A seemingly respectable estate agent leads a double life as the head of a vicious, well-organised gang of football hooligans.","We come in peace, we leave you in pieces",Released,False,False,1989-02-26,70,0,0,1.8698,6.5,85,en,,tt0095158,/2nmD4YYgnfgdbidq0wwKJ151poM.jpg,/fhQsJv6op2k5fKey022UB1tLCbV.jpg,"[{""id"": 18, ""name"": ""Drama""}, {""id"": 80, ""name"": ""Crime""}]","[{""id"": 288, ""logo_path"": ""/aW0IpM9d4Zjj978EqgDVSxXXhTj.png"", ""name"": ""BBC Film"", ""origin_country"": ""GB""}, {""id"": 3324, ""logo_path"": ""/dqT3yOTlfJRmtvk52Ccd1O6dZ0A.png"", ""name"": ""BBC"", ""origin_country"": ""GB""}]","[{""iso_3166_1"": ""GB"", ""name"": ""United Kingdom""}]","[{""english_name"": ""English"", ""iso_639_1"": ""en"", ""name"": ""English""}]","[""GB""]",null
17302,The Art of Football from A to Z,The Art of Football from A to Z,"Funnyman John Cleese leads viewers through an exhaustive -- and hilarious -- tour of the world of soccer, complete with the sport's most memorable goals, kicks, saves, goofs and penalties. Also included are reflections on soccer's impact on culture, including the Monty Python sketch ""Philosophy Football,"" and interviews with celebrities Dave Stewart, Dennis Hopper and Henry Kissinger, as well as soccer icons Pelé, Mia Hamm and Thierry Henry.",,Released,False,False,2006-05-25,84,0,0,1.8098,4.8,4,en,,tt0804228,/mx7EJEkMHd1UPqHd8JslL1D09us.jpg,/tmMvotLlOtvISw07B78QDrNHcr5.jpg,"[{""id"": 99, ""name"": ""Documentary""}, {""id"": 35, ""name"": ""Comedy""}]","[{""id"": 109986, ""logo_path"": null, ""name"": ""Emotional Network"", ""origin_country"": ""DE""}, {""id"": 680, ""logo_path"": ""/2GQ81QeLGGR9qnYhqGuDoYdsPw4.png"", ""name"": ""Studio Hamburg Filmproduktion"", ""origin_country"": ""DE""}, {""id"": 4606, ""logo_path"": ""/otZHbf1HmzLRQsZFSqJXkf8EHz7.png"", ""name"": ""ZDF"", ""origin_country"": ""DE""}, {""id"": 587, ""logo_path"": ""/6UIpEURdjnmcJPwgTDRzVRuwADr.png"", ""name"": ""ARTE"", ""origin_country"": ""DE""}]","[{""iso_3166_1"": ""FR"", ""name"": ""France""}, {""iso_3166_1"": ""DE"", ""name"": ""Germany""}, {""iso_3166_1"": ""US"", ""name"": ""United States of America""}]","[{""english_name"": ""English"", ""iso_639_1"": ""en"", ""name"": ""English""}]","[""FR"", ""DE"", ""US""]",null
17303,The Devil Dared Me To,The Devil Dared Me To,This is the story of daredevil stuntman Randy Cambell and his quest to follow in his late father's footsteps and become New Zealand's greatest daredevil stuntman by performing the ultimate daredevil stunt: jumping across Cook Strait in a rocket car!,"Live fast, die faster",Released,False,False,2007-10-11,75,859314,164569,0.4853,5.2,17,en,,tt0970529,/7iJZirHEKubFZT7DKkGGE852T8P.jpg,,"[{""id"": 28, ""name"": ""Action""}, {""id"": 35, ""name"": ""Comedy""}]","[{""id"": 16959, ""logo_path"": null, ""name"": ""Elevenmedia"", ""origin_country"": """"}, {""id"": 16960, ""logo_path"": null, ""name"": ""Headstrong"", ""origin_country"": """"}, {""id"": 16961, ""logo_path"": null, ""name"": ""Video Nasties"", ""origin_country"": """"}]","[{""iso_3166_1"": ""NZ"", ""name"": ""New Zealand""}]","[{""english_name"": ""English"", ""iso_639_1"": ""en"", ""name"": ""English""}]","[""NZ""]",null
17305,Billy & Mandy's Big Boogey Adventure,Billy & Mandy's Big Boogey Adventure,"When the Boogey Man causes Grim to lose his powers, rank, and title in the Underworld Court for misusing his powers, he plots to seek out Horror's Hand and take over the world. It's up to Billy, Mandy, Irwin, and Grim to get to Horror's Hand before the Boogey Man does.",,Released,False,False,2007-02-14,80,0,0,1.7808,7.5,167,en,,tt1000070,/nMWGHdVUrGQwo1SQ4JdDUv556L8.jpg,/ul2wwmdczRdwL0wFYlYD363oYJ4.jpg,"[{""id"": 12, ""name"": ""Adventure""}, {""id"": 35, ""name"": ""Comedy""}, {""id"": 16, ""name"": ""Animation""}, {""id"": 10770, ""name"": ""TV Movie""}, {""id"": 14, ""name"": ""Fantasy""}, {""id"": 10751, ""name"": ""Family""}]","[{""id"": 7899, ""logo_path"": ""/qnhd98hnBxCMMMod58FJqbCZ5O7.png"", ""name"": ""Cartoon Network Studios"", ""origin_country"": ""US""}, {""id"": 274991, ""logo_path"": ""/tJUFfVUpKgU48FJ57T8bF8Kzuwr.png"", ""name"": ""Cartoon Network Movies"", ""origin_country"": ""US""}]","[{""iso_3166_1"": ""US"", ""name"": ""United States of America""}]","[{""english_name"": ""English"", ""iso_639_1"": ""en"", ""name"": ""English""}, {""english_name"": ""Spanish"", ""iso_639_1"": ""es"", ""name"": ""Espa\u00f1ol""}]","[""US""]","{""id"": 1266169, ""name"": ""The Grim Adventures of Billy & Mandy Collection"", ""poster_path"": null, ""backdrop_path"": null}"
17306,Ice Spiders,Ice Spiders,"When a young ski team training for the Olympics arrives at the remote and isolated Lost Mountain Ski Resort to focus on training, they're thrilled to find a retired Olympic skier is there to help them train. But their plans are halted when a scientist working at a nearby government lab arrives with the horrifying news that a top secret Government project has produced giant spiders and they have escaped, killing and eating everything in sight.",Hell Has Just Frozen Over.,Released,False,False,2007-06-09,90,2000000,0,1.1143,4.0,77,en,,tt0840304,/Asp7hjh1CfZoOxSJ3cr2RiVx3yt.jpg,/cCjKoyRZKbDm1T2PaL1vkI9q7I.jpg,"[{""id"": 27, ""name"": ""Horror""}, {""id"": 878, ""name"": ""Science Fiction""}, {""id"": 28, ""name"": ""Action""}, {""id"": 12, ""name"": ""Adventure""}, {""id"": 35, ""name"": ""Comedy""}, {""id"": 10770, ""name"": ""TV Movie""}]","[{""id"": 3283, ""logo_path"": null, ""name"": ""ACH"", ""origin_country"": """"}, {""id"": 3284, ""logo_path"": null, ""name"": ""Regent Productions"", ""origin_country"": """"}, {""id"": 3285, ""logo_path"": null, ""name"": ""Christopher Filmcapital"", ""origin_country"": """"}]","[{""iso_3166_1"": ""US"", ""name"": ""United States of America""}]","[{""english_name"": ""English"", ""iso_639_1"": ""en"", ""name"": ""English""}]","[""US""]",null
17309,Flavors,Flavors,"Indian immigrants deal with love, family, relationships and culture shock in the United States.",,Released,False,False,2003-07-16,118,0,0,0.5179,3.8,3,en,,tt0361625,/wDcgmJlVhWRPOwAmYWMjmVZk7Cb.jpg,,"[{""id"": 35, ""name"": ""Comedy""}]",[],"[{""iso_3166_1"": ""US"", ""name"": ""United States of America""}]","[{""english_name"": ""English"", ""iso_639_1"": ""en"", ""name"": ""English""}, {""english_name"": ""Hindi"", ""iso_639_1"": ""hi"", ""name"": ""\u0939\u093f\u0928\u094d\u0926\u0940""}, {""english_name"": ""Telugu"", ""iso_639_1"": ""te"", ""name"": ""\u0c24\u0c46\u0c32\u0c41\u0c17\u0c41""}]","[""US""]",null
17314,Pistol Whipped,Pistol Whipped,"Steven Seagal stars in this gritty, no-holds barred action film as an elite ex-cop with a gambling problem and a mountain of debt. When a mysterious man offers to clear his debts in exchange for the assassination of the city's most notorious gangsters, he make s decision that will change his life - forever.",They came to collect a debt... He paid in full.,Released,False,False,2008-03-04,99,10000000,0,1.5351,5.5,165,en,,tt1014801,/kLnFzCelnRz1jne83MKPVvwhmeb.jpg,/eUY3rwsD2bahMyFuUHSqt1gvz0r.jpg,"[{""id"": 28, ""name"": ""Action""}, {""id"": 53, ""name"": ""Thriller""}, {""id"": 80, ""name"": ""Crime""}, {""id"": 18, ""name"": ""Drama""}]",[],"[{""iso_3166_1"": ""US"", ""name"": ""United States of America""}]","[{""english_name"": ""English"", ""iso_639_1"": ""en"", ""name"": ""English""}]","[""US""]",null
17317,Urban Justice,Urban Justice,"Seagal plays a man with a dark and violent past, who seeks revenge for the murder of his son.","When revenge is personal, justice can be brutal.",Released,False,False,2007-10-21,96,12000000,0,1.6656,5.1,123,en,,tt0910934,/owBmON7qbru3VvV6AaorgtXhMmF.jpg,/wNnrNmZe3GBmZnCIroFXPWOMhL4.jpg,"[{""id"": 80, ""name"": ""Crime""}, {""id"": 28, ""name"": ""Action""}, {""id"": 53, ""name"": ""Thriller""}]","[{""id"": 81199, ""logo_path"": null, ""name"": ""Hood to Hood Productions"", ""origin_country"": """"}, {""id"": 5388, ""logo_path"": ""/i6tbNeVEi7s1uN97s2o0LhEMuF0.png"", ""name"": ""Sony Pictures Home Entertainment"", ""origin_country"": ""US""}, {""id"": 81200, ""logo_path"": null, ""name"": ""XIT Financial Group"", ""origin_country"": """"}]","[{""iso_3166_1"": ""US"", ""name"": ""United States of America""}]","[{""english_name"": ""German"", ""iso_639_1"": ""de"", ""name"": ""Deutsch""}, {""english_name"": ""English"", ""iso_639_1"": ""en"", ""name"": ""English""}, {""english_name"": ""Spanish"", ""iso_639_1"": ""es"", ""name"": ""Espa\u00f1ol""}]","[""US""]",null
17318,Underground,Underground,"In the UK suburbs, an underground tournament is set to challenge twelve fighters from different backgrounds to compete for the price of £500,000. They have been handpicked for a no-holds barred competition that will push each fighter to their limit. Each fighter has their own reason for competing, and each will give everything they've got to take the prize...but there can be only one winner.",No camera tricks. No wires. Just real brutal action,Released,False,False,2007-01-01,95,0,0,0.937,4.2,14,en,,tt0870209,/zaWVpk2COx93OHq9Vz41xl0Sij7.jpg,,"[{""id"": 28, ""name"": ""Action""}]","[{""id"": 10297, ""logo_path"": null, ""name"": ""Intense Productions"", ""origin_country"": """"}, {""id"": 10296, ""logo_path"": null, ""name"": ""T-Tech Digital Media"", ""origin_country"": """"}]","[{""iso_3166_1"": ""GB"", ""name"": ""United Kingdom""}]","[{""english_name"": ""English"", ""iso_639_1"": ""en"", ""name"": ""English""}]","[""US"", ""GB""]",null
17319,Wrestlemaniac,El Mascarado Massacre,"On their way to Cabo San Lucas, the cast and crew of a low-budget film get lost and come upon ""La Sangre De Dios"", a ghost town with a spine-tingling legend about an insane Mexican wrestler. One by one, the cast and crew are snatched, beaten and dragged to a bloody death. The few left alive must figure out how to beat the wrestler at his own deadly game, or die trying.",Let the face off begin.,Released,False,False,2006-10-20,75,850000,0,0.636,4.9,48,en,,tt0497477,/5Lyf9uHr5vrqujhBhTRcIZSzkLq.jpg,/g77Q5NgmiUwoR0HMyswfVH0uinn.jpg,"[{""id"": 27, ""name"": ""Horror""}]","[{""id"": 5027, ""logo_path"": ""/7F7LEtukaW0aPRy1xRCkIwP7gMv.png"", ""name"": ""Blue Cactus Pictures"", ""origin_country"": ""US""}, {""id"": 133549, ""logo_path"": null, ""name"": ""The Film Fund"", ""origin_country"": ""US""}]","[{""iso_3166_1"": ""US"", ""name"": ""United States of America""}]","[{""english_name"": ""English"", ""iso_639_1"": ""en"", ""name"": ""English""}]","[""US""]",null
17320,The TV Set,The TV Set,"As a writer named Mike struggles to shepherd his semi-autobiographical sitcom into development, his vision is slowly eroded by a domineering network executive named Lenny who favors trashy reality programming. The irony, of course, is that every crass suggestion Lenny makes improves the show's response from test audiences and brings the show a step closer to getting on the air.",A place where dreams are cancelled.,Released,False,False,2007-04-06,87,2000000,265198,1.7992,6.022,91,en,,tt0473709,/djR3SWD7ZEs5lcrjUifaWVCG7eY.jpg,/qvxpRdDNH2QoruMXGV5g44gItST.jpg,"[{""id"": 35, ""name"": ""Comedy""}]","[{""id"": 22927, ""logo_path"": null, ""name"": ""Raygun Productions"", ""origin_country"": """"}]","[{""iso_3166_1"": ""US"", ""name"": ""United States of America""}]","[{""english_name"": ""English"", ""iso_639_1"": ""en"", ""name"": ""English""}]","[""US""]",null
17322,Riders in the Sky,Nebeští jezdci,"The story of Czech pilots in RAF service during the Battle of Britain, and the ongoing aerial battle in Northern Europe. It tells the story of the crews of the RAF’s No. 311 Squadron, which was mainly crewed by escaped Czech airmen, and their bombing raids during the Second World War.",,Released,False,False,1968-12-20,91,0,0,0.4082,5.6,9,cs,,tt0127043,/bDH7l4EnMkEKQ5GHN82RPqerMWy.jpg,,"[{""id"": 10752, ""name"": ""War""}]","[{""id"": 1931, ""logo_path"": ""/5erHhgvym2cTORao8ajtn2gbiTH.png"", ""name"": ""Filmov\u00e9 studio Barrandov"", ""origin_country"": ""XC""}]","[{""iso_3166_1"": ""XC"", ""name"": ""Czechoslovakia""}]","[{""english_name"": ""Czech"", ""iso_639_1"": ""cs"", ""name"": ""\u010cesk\u00fd""}]","[""XC""]",null
17323,Didine,Didine,"Alexandrine, 35, who everyone nicknames Didine, peacefully goes with the flow, the opposite of her best friend Muriel. In this way, she one day crosses the threshold of a elderly person caregivers’ agency where, faced with an extrovert teenager, a charming man, and a cruel, elderly woman, she takes hold of her existence and encounters love.",,Released,False,False,2008-01-23,103,0,0,0.5654,6.7,3,fr,,tt1000091,/yU40xRFslRB8bBQEo6nJMKVxlUv.jpg,/rup4O0S3c7RJgJqNNfpN0vsiZlq.jpg,"[{""id"": 10749, ""name"": ""Romance""}, {""id"": 35, ""name"": ""Comedy""}]",[],"[{""iso_3166_1"": ""FR"", ""name"": ""France""}]","[{""english_name"": ""French"", ""iso_639_1"": ""fr"", ""name"": ""Fran\u00e7ais""}]","[""FR""]",null
17326,Big Dreams Little Tokyo,Big Dreams Little Tokyo,"Big Dreams Little Tokyo is the story of Boyd, an American with an uncanny ability to speak Japanese. Boyd aspires to succeed in the world of Japanese business but finds himself mostly on the outside looking in. Meanwhile, his roommate Jerome, is a Japanese American who has always felt too American to be Japanese but too Japanese to be American. He aspires to be a sumo wrestler but finds his weight and blood pressure are thwarting his dreams. Together they struggle to find their place in a world where cultural identity is seldom what it seems.",Because a fish out of water is best served with ginger and wasabi.,Released,False,False,2006-01-01,86,0,0,0.5509,6.2,5,en,http://www.bigdreamslittletokyo.com/index2.php,tt0486554,/ikV3MQ4PknLO2Lqkcs2GYN4g12u.jpg,,"[{""id"": 35, ""name"": ""Comedy""}, {""id"": 10749, ""name"": ""Romance""}]",[],"[{""iso_3166_1"": ""US"", ""name"": ""United States of America""}]","[{""english_name"": ""English"", ""iso_639_1"": ""en"", ""name"": ""English""}, {""english_name"": ""Japanese"", ""iso_639_1"": ""ja"", ""name"": ""\u65e5\u672c\u8a9e""}]","[""US""]",null
17330,The Black Swindler,映画 クロサギ,"There are three kinds of swindler. One, called the ""WHITE SWINDLER"", finds a mark and steals money. The ""RED SWINDLER"" preys on the other sex and steals a mark's body and soul. Then there is the ""BLACK SWINDLER"". Ignoring ordinary marks, targeting only the white and red swindlers, and preying on their flesh grown fat and corrupt with the money they have stolen, he is the worst of them all.  There is a boy who once became a victim of a swindler and lost his family. Later, he turns into the most hideous ""black swindler"" to deceive only other swindlers. His name is Kurosaki. This time, he is requested by Reiko, whose daughter is sick, to hunt down a swindler named Ishigaki, who has defrauded her of money. But, behind Ishigaki, there is actually a bigger swindle which has even destabilized the Japanese economy…",,Released,False,False,2008-03-08,127,0,0,1.9254,5.7,13,ja,https://www.tbscontents.com/en/program/blackswindlermovie,tt1159502,/7i7Dq4myHhi8Hr5brYNFGDgNivO.jpg,/sQUZhNGm6eqssk4C5242xkftj9w.jpg,"[{""id"": 80, ""name"": ""Crime""}, {""id"": 18, ""name"": ""Drama""}, {""id"": 53, ""name"": ""Thriller""}, {""id"": 28, ""name"": ""Action""}]","[{""id"": 3288, ""logo_path"": null, ""name"": ""Dreamax Television"", ""origin_country"": ""JP""}, {""id"": 882, ""logo_path"": ""/fRSWWjquvzcHjACbtF53utZFIll.png"", ""name"": ""TOHO"", ""origin_country"": ""JP""}, {""id"": 1393, ""logo_path"": ""/lUACMATs6jcscXIrzNCQzbvNVN5.png"", ""name"": ""TBS"", ""origin_country"": ""JP""}]","[{""iso_3166_1"": ""JP"", ""name"": ""Japan""}]","[{""english_name"": ""Japanese"", ""iso_639_1"": ""ja"", ""name"": ""\u65e5\u672c\u8a9e""}]","[""JP""]",null
17331,Suck My Geek!,Suck My Geek!,,,Released,False,False,2007-11-30,52,0,0,0.3697,6.7,22,en,http://suckmygeek.com/,tt1169168,/3tjo3p33rOU1fYI2wnDXxKFUUyo.jpg,/40BrqNdsgFKzMPR24RyB6Imogof.jpg,"[{""id"": 99, ""name"": ""Documentary""}]","[{""id"": 3286, ""logo_path"": ""/kMwaZKoh6b5JouZ9mZrLN8YvaWf.png"", ""name"": ""Empreinte Digitale"", ""origin_country"": ""FR""}]","[{""iso_3166_1"": ""FR"", ""name"": ""France""}]","[{""english_name"": ""French"", ""iso_639_1"": ""fr"", ""name"": ""Fran\u00e7ais""}]","[""US""]",null
17332,The Soloist,The Soloist,"A Los Angeles journalist befriends a homeless Juilliard-trained musician, while looking for a new article for the paper.",Life has a mind of its own,Released,False,False,2009-04-24,117,60000000,38332994,3.0764,6.672,816,en,http://www.soloistmovie.com,tt0821642,/6GnFN9OTkaoeKNzd2Fbp3ZyJjKi.jpg,/7gsAibNmbrBxxWGzuCR5NVLjRyx.jpg,"[{""id"": 18, ""name"": ""Drama""}, {""id"": 10402, ""name"": ""Music""}]","[{""id"": 7, ""logo_path"": ""/vru2SssLX3FPhnKZGtYw00pVIS9.png"", ""name"": ""DreamWorks Pictures"", ""origin_country"": ""US""}, {""id"": 33, ""logo_path"": ""/8lvHyhjr8oUKOOy2dKXoALWKdp0.png"", ""name"": ""Universal Pictures"", ""origin_country"": ""US""}, {""id"": 694, ""logo_path"": ""/5LEHONGkZBIoWvp1ygHOF8iyi1M.png"", ""name"": ""StudioCanal"", ""origin_country"": ""FR""}, {""id"": 6735, ""logo_path"": ""/pAQW38WU8ychBvYU2aGPTEbynEN.png"", ""name"": ""Participant"", ""origin_country"": ""US""}, {""id"": 8299, ""logo_path"": ""/nP4s4yuROpqs76GFwedqsgVASEn.png"", ""name"": ""Krasnoff / Foster Entertainment"", ""origin_country"": ""US""}, {""id"": 10163, ""logo_path"": ""/16KWBMmfPX0aJzDExDrPxSLj0Pg.png"", ""name"": ""Working Title Films"", ""origin_country"": ""GB""}]","[{""iso_3166_1"": ""FR"", ""name"": ""France""}, {""iso_3166_1"": ""US"", ""name"": ""United States of America""}, {""iso_3166_1"": ""GB"", ""name"": ""United Kingdom""}]","[{""english_name"": ""English"", ""iso_639_1"": ""en"", ""name"": ""English""}]","[""US""]",null
17334,The Other End of the Line,The Other End of the Line,An employee at an Indian call-center travels to San Francisco to be with a guy she falls for over the phone.,,Released,False,False,2007-03-23,106,14000000,115592,1.5665,6.411,186,en,,tt1049405,/uiLgARBzUiE7PPRiJILXSh4zOIW.jpg,/kDACJi8eHur78ycoIc7L8fE6zlG.jpg,"[{""id"": 35, ""name"": ""Comedy""}, {""id"": 10749, ""name"": ""Romance""}]","[{""id"": 13817, ""logo_path"": null, ""name"": ""Brass Hat Films"", ""origin_country"": ""GB""}, {""id"": 3703, ""logo_path"": null, ""name"": ""Adlabs Films Ltd."", ""origin_country"": """"}, {""id"": 21, ""logo_path"": ""/usUnaYV6hQnlVAXP6r4HwrlLFPG.png"", ""name"": ""Metro-Goldwyn-Mayer"", ""origin_country"": ""US""}, {""id"": 1172, ""logo_path"": ""/5foKpTGXamv6BP4VwCqeWr5Jsdt.png"", ""name"": ""Hyde Park Entertainment"", ""origin_country"": ""US""}]","[{""iso_3166_1"": ""IN"", ""name"": ""India""}, {""iso_3166_1"": ""GB"", ""name"": ""United Kingdom""}, {""iso_3166_1"": ""US"", ""name"": ""United States of America""}]","[{""english_name"": ""Hindi"", ""iso_639_1"": ""hi"", ""name"": ""\u0939\u093f\u0928\u094d\u0926\u0940""}, {""english_name"": ""English"", ""iso_639_1"": ""en"", ""name"": ""English""}, {""english_name"": ""Italian"", ""iso_639_1"": ""it"", ""name"": ""Italiano""}]","[""US"", ""GB""]",null
17335,Obsessed,Obsessed,"Things couldn't be better for Derek Charles. He's just received a big promotion at work, and has a wonderful marriage with his beautiful wife, Sharon. However, into this idyllic world steps Lisa, a temporary worker at Derek's office. Lisa begins to stalk Derek, jeopardizing all he holds dear.",Sharon and Derek have all they've ever wanted... but someone else wants it more.,Released,False,False,2009-02-26,108,20000000,73830340,3.5341,5.746,690,en,http://www.areyouobsessed.com,tt1198138,/x98L6eO7MsvNmXFy8TNza9UdsFI.jpg,/4b6qkETAmQiOcUtCSppe6kREXA3.jpg,"[{""id"": 18, ""name"": ""Drama""}, {""id"": 53, ""name"": ""Thriller""}]","[{""id"": 3287, ""logo_path"": ""/bz6GbCQQXGNE56LTW9dwgksW0Iw.png"", ""name"": ""Screen Gems"", ""origin_country"": ""US""}, {""id"": 34, ""logo_path"": ""/mtp1fvZbe4H991Ka1HOORl572VH.png"", ""name"": ""Sony Pictures"", ""origin_country"": ""US""}, {""id"": 21435, ""logo_path"": null, ""name"": ""Parkwood Entertainment"", ""origin_country"": ""US""}, {""id"": 1309, ""logo_path"": ""/gdsheJrD3lznh3O2qEPBDn54Anq.png"", ""name"": ""Rainforest Entertainment"", ""origin_country"": ""US""}]","[{""iso_3166_1"": ""US"", ""name"": ""United States of America""}]","[{""english_name"": ""English"", ""iso_639_1"": ""en"", ""name"": ""English""}]","[""US""]",null
17336,Fighting,Fighting,"Small-town boy Shawn MacArthur has come to New York City with nothing. Barely earning a living selling counterfeit goods on the streets, his luck changes when scam artist Harvey Boarden sees that he has a natural talent for streetfighting. When Harvey offers Shawn help at making the real cash, the two form an uneasy partnership.",Some Dreams Are Worth The Fight,Released,False,False,2009-04-24,105,0,32474120,2.0195,5.992,753,en,http://www.fightingmovie.net,tt1082601,/xP1uogi5Gjnf6ybSN10lyDpqDlW.jpg,/lB6qOoGFKxkDZXApXqJNLi6BUJ2.jpg,"[{""id"": 28, ""name"": ""Action""}, {""id"": 80, ""name"": ""Crime""}, {""id"": 10749, ""name"": ""Romance""}, {""id"": 18, ""name"": ""Drama""}]","[{""id"": 134, ""logo_path"": ""/2uKAP9aAAhVMpfSqa4wtlIHod5g.png"", ""name"": ""Rogue Pictures"", ""origin_country"": ""US""}, {""id"": 7295, ""logo_path"": ""/5MYE96QiE5a5oFhXxFb4y8ILSpw.png"", ""name"": ""Relativity Media"", ""origin_country"": ""US""}, {""id"": 11581, ""logo_path"": ""/yIORcWTFHtbXvWjqXAqFuMxx0K0.png"", ""name"": ""Misher Films"", ""origin_country"": ""US""}, {""id"": 7419, ""logo_path"": ""/xePgQxppZtgSMICGgnKAWlVobt7.png"", ""name"": ""Scion Films"", ""origin_country"": ""GB""}, {""id"": 10146, ""logo_path"": ""/xnFIOeq5cKw09kCWqV7foWDe4AA.png"", ""name"": ""Focus Features"", ""origin_country"": ""US""}]","[{""iso_3166_1"": ""GB"", ""name"": ""United Kingdom""}, {""iso_3166_1"": ""US"", ""name"": ""United States of America""}]","[{""english_name"": ""English"", ""iso_639_1"": ""en"", ""name"": ""English""}]","[""US""]",null
17337,The Land Before Time VI: The Secret of Saurus Rock,The Land Before Time VI: The Secret of Saurus Rock,"Legends claim that Saurus Rock keeps bad luck out of the Great Valley. Is it really true? Could the mysterious Longneck named Doc be the famous Lone Dinosaur, who can defeat a Sharptooth with his lasso-like tail To find out, Littlefoot and company must cross the great Valley and face a dangerous Sharptooth themselves!",,Released,False,False,1998-12-01,77,0,0,1.4054,6.2,291,en,,tt0167247,/gULz0vkjx3VrN9aJGjQ7EduSNx8.jpg,/qIkSCWFsXGDYInpQCqtKqCsatKl.jpg,"[{""id"": 16, ""name"": ""Animation""}, {""id"": 12, ""name"": ""Adventure""}, {""id"": 10751, ""name"": ""Family""}]","[{""id"": 4285, ""logo_path"": ""/2lYBhGMYUUUToRssPb2Oxka5MrP.png"", ""name"": ""Universal Cartoon Studios"", ""origin_country"": ""US""}, {""id"": 80853, ""logo_path"": null, ""name"": ""AKOM Production Company"", ""origin_country"": ""KR""}]","[{""iso_3166_1"": ""KR"", ""name"": ""South Korea""}, {""iso_3166_1"": ""US"", ""name"": ""United States of America""}]","[{""english_name"": ""English"", ""iso_639_1"": ""en"", ""name"": ""English""}]","[""US""]","{""id"": 19163, ""name"": ""The Land Before Time Collection"", ""poster_path"": ""/n1bjdBVThBezxR6nEf2dy43sTtV.jpg"", ""backdrop_path"": ""/zDkQ0BPPhsmepLGZJx0aXVAuKG6.jpg""}"
17339,Force 10 from Navarone,Force 10 from Navarone,"World War II, 1943. Mallory and Miller, the heroes who destroyed the guns of Navarone, are sent to Yugoslavia in search of a ghost from the past.",Explosive high adventure!,Released,False,False,1978-08-16,114,5000000,7230000,2.2982,6.214,337,en,,tt0077572,/3bFRwivCZuXx7fHWt4SpYaiHkNL.jpg,/5HzyoetjiRl3VJ4R6q0jiewGzQZ.jpg,"[{""id"": 18, ""name"": ""Drama""}, {""id"": 12, ""name"": ""Adventure""}, {""id"": 10752, ""name"": ""War""}]","[{""id"": 5, ""logo_path"": ""/71BqEFAF4V3qjjMPCpLuyJFB9A.png"", ""name"": ""Columbia Pictures"", ""origin_country"": ""US""}, {""id"": 9266, ""logo_path"": ""/lRinQ7scVye5N8qkUIoCB4QXbRh.png"", ""name"": ""American International Pictures"", ""origin_country"": ""US""}, {""id"": 4191, ""logo_path"": null, ""name"": ""Navarone Productions"", ""origin_country"": ""GB""}]","[{""iso_3166_1"": ""GB"", ""name"": ""United Kingdom""}, {""iso_3166_1"": ""US"", ""name"": ""United States of America""}]","[{""english_name"": ""Croatian"", ""iso_639_1"": ""hr"", ""name"": ""Hrvatski""}, {""english_name"": ""English"", ""iso_639_1"": ""en"", ""name"": ""English""}, {""english_name"": ""German"", ""iso_639_1"": ""de"", ""name"": ""Deutsch""}, {""english_name"": ""Serbian"", ""iso_639_1"": ""sr"", ""name"": ""Srpski""}]","[""GB"", ""US""]","{""id"": 366826, ""name"": ""Navarone Collection"", ""poster_path"": ""/thS5HHqTi2sFq2Qfk22LhGufHkg.jpg"", ""backdrop_path"": ""/v7TraexqaBQi4csVwunWD1tmLm5.jpg""}"
17342,Night Train,夜车,"Wu Hongyan is a female bailiff in a regional court in West China dealing with women awaiting execution—more often than not, sentenced for crimes of passion. Every weekend, without much luck, she looks for love at the Good Luck Matchmaking dance, until she meets the husband of one of her prisoners.",,Released,False,False,2007-12-25,94,0,0,0.9676,6.7,12,zh,http://www.trigon-film.ch/en/movies/Night_Train,tt1032941,/iJGvDuYppSbdvjKL7UzEiOe93sz.jpg,/jknkLk9s1ayKVQxxnq3woHrd1Kj.jpg,"[{""id"": 18, ""name"": ""Drama""}]","[{""id"": 183110, ""logo_path"": null, ""name"": ""Ho Hi Pictures"", ""origin_country"": """"}, {""id"": 16256, ""logo_path"": null, ""name"": ""DViant Films"", ""origin_country"": """"}, {""id"": 12381, ""logo_path"": null, ""name"": ""Visions Sud Est"", ""origin_country"": ""CH""}]","[{""iso_3166_1"": ""CN"", ""name"": ""China""}, {""iso_3166_1"": ""FR"", ""name"": ""France""}]","[{""english_name"": ""Mandarin"", ""iso_639_1"": ""zh"", ""name"": ""\u666e\u901a\u8bdd""}]","[""CN"", ""FR""]",null
17343,Vampyros Lesbos,Vampyros Lesbos,An erotic horror tale about a vixen vampiress seducing and killing women to appease her insatiable thirst for female blood.,A Psycho-Sexadelic Horror Freakout!,Released,False,False,1971-07-15,90,0,0,1.2812,5.7,146,es,,tt0066380,/qaZc7veACx1vmq6tZtnIT6vLmxM.jpg,/mQvyxrbSIadB30lHGVjOGrxBJq7.jpg,"[{""id"": 27, ""name"": ""Horror""}]","[{""id"": 4785, ""logo_path"": null, ""name"": ""Tele-Cine Film- und Fernsehproduktion"", ""origin_country"": ""DE""}, {""id"": 22786, ""logo_path"": null, ""name"": ""C. F\u00e9nix Films"", ""origin_country"": ""ES""}, {""id"": 1787, ""logo_path"": ""/tWdfCS6OBkxSuXao5lluNKDIvlc.png"", ""name"": ""CCC Filmkunst"", ""origin_country"": ""DE""}]","[{""iso_3166_1"": ""DE"", ""name"": ""Germany""}, {""iso_3166_1"": ""ES"", ""name"": ""Spain""}]","[{""english_name"": ""German"", ""iso_639_1"": ""de"", ""name"": ""Deutsch""}]","[""DE"", ""ES""]",null
17345,Flywheel,Flywheel,"Jay Austin wants to sell you a used car, but watch out! Many victims have fallen prey to his smiling face and hasty promises. Austin does everything his way until his dishonesty and manipulation are exposed. Like many men, he becomes disgusted by the masks he wears and the lies he tells. In every man's life, there can be a turning point. When Jay makes his turn, he never looks back.","In every man's life, there is a turning point",Released,False,False,2003-07-25,120,20000,37000,0.7719,7.1,84,en,http://www.kendrickbrotherscatalogue.com/flywheel/,tt0425027,/5M5h80QGQq5BXxcpoT1wkaxPdwm.jpg,/6ogrLzrUbeJn1zPbfIHgAfWHYf3.jpg,"[{""id"": 18, ""name"": ""Drama""}, {""id"": 10751, ""name"": ""Family""}]","[{""id"": 3290, ""logo_path"": null, ""name"": ""Carmel Entertainment"", ""origin_country"": """"}, {""id"": 3291, ""logo_path"": null, ""name"": ""Provident Films"", ""origin_country"": ""US""}, {""id"": 41967, ""logo_path"": null, ""name"": ""Sherwood Pictures"", ""origin_country"": """"}, {""id"": 69411, ""logo_path"": ""/jkkrsMgj9Gbb8g17NUnLqlfmnmv.png"", ""name"": ""Kendrick Brothers"", ""origin_country"": ""US""}]","[{""iso_3166_1"": ""US"", ""name"": ""United States of America""}]","[{""english_name"": ""English"", ""iso_639_1"": ""en"", ""name"": ""English""}]","[""US""]",null
17346,Grey Gardens,Grey Gardens,"Edie Bouvier Beale and her mother, Edith, two aging, eccentric relatives of Jackie Kennedy Onassis, are the sole inhabitants of a Long Island estate. The women reveal themselves to be misfits with outsized, engaging personalities. Much of the conversation is centered on their pasts, as mother and daughter now rarely leave home.","She was the girl who had everything - Money, good looks and social position. Her mother - a classic Bouvier beauty. Now they are living amongst the souvenirs of their lives. In Grey Gardens. This is their story. A love story. Sort of.",Released,False,False,1976-02-19,95,0,30966,0.9862,7.315,246,en,,tt0073076,/qFPj6Eh3ijA4ISRujHu4GKKeAWT.jpg,/8gMOMHSkSTJ5NbHvHYK6amERLNM.jpg,"[{""id"": 99, ""name"": ""Documentary""}]","[{""id"": 14750, ""logo_path"": null, ""name"": ""Portrait Films"", ""origin_country"": """"}, {""id"": 14563, ""logo_path"": null, ""name"": ""Maysles Films"", ""origin_country"": ""US""}]","[{""iso_3166_1"": ""US"", ""name"": ""United States of America""}]","[{""english_name"": ""English"", ""iso_639_1"": ""en"", ""name"": ""English""}]","[""US""]","{""id"": 448468, ""name"": ""Grey Gardens Collection"", ""poster_path"": ""/Asn1fpwOiPNYSuicXTSYgX21ZTn.jpg"", ""backdrop_path"": ""/AibQi1zdd5dvpijhwHjLmsAXFkY.jpg""}"
17347,Bride Flight,Bride Flight,"A romantic drama that charts the lives of three women from different backgrounds, forever changed when they emigrate to New Zealand as war brides.",A forbidden love. An impossible choice. A secret past.,Released,False,False,2008-10-15,130,6400000,2556911,0.9674,6.7,39,nl,http://www.brideflightmovie.com/,tt1094241,/AuOqthWOWOeX72jnH7emYzu0vuS.jpg,/8imnVLV7z6Oq7Y3fzImx5JHGDVK.jpg,"[{""id"": 18, ""name"": ""Drama""}]","[{""id"": 790, ""logo_path"": ""/k0MnHFovKIeev0ANR0Ww6HO6tfF.png"", ""name"": ""Samsa Film"", ""origin_country"": ""LU""}]","[{""iso_3166_1"": ""NL"", ""name"": ""Netherlands""}, {""iso_3166_1"": ""LU"", ""name"": ""Luxembourg""}]","[{""english_name"": ""English"", ""iso_639_1"": ""en"", ""name"": ""English""}, {""english_name"": ""Dutch"", ""iso_639_1"": ""nl"", ""name"": ""Nederlands""}]","[""NL""]",null
17350,The Brice Man,Brice de Nice,A wannabe surfer parties on the French Riviera while awaiting the perfect wave.,,Released,False,False,2005-03-30,98,4289601,33026616,1.9907,5.515,1269,fr,,tt0412535,/1bxno5lAD6PzulewOT9joMfGPsU.jpg,/ssfctwEwIrXReQrY7NJAJZGCVWV.jpg,"[{""id"": 35, ""name"": ""Comedy""}]","[{""id"": 1115, ""logo_path"": ""/ntH7T5gsN6wtyrfHGHJDTuneQ7o.png"", ""name"": ""M6 Films"", ""origin_country"": ""FR""}]","[{""iso_3166_1"": ""FR"", ""name"": ""France""}]","[{""english_name"": ""French"", ""iso_639_1"": ""fr"", ""name"": ""Fran\u00e7ais""}]","[""FR""]","{""id"": 442352, ""name"": ""Brice Collection"", ""poster_path"": ""/onlFeg0Oa7A8z343YEYvx6RF48q.jpg"", ""backdrop_path"": ""/8LYMiXf6w2LU6BbBfDf7NUAeQJ5.jpg""}"
17352,South Pacific,South Pacific,"Can a girl from Little Rock find happiness with a mature French planter she got to know one enchanted evening away from the military hospital where she is a nurse? Or should she just wash that man out of her hair? Bloody Mary is the philosopher of the island and it's hard to believe she could be the mother of Liat who has captured the heart of Lt. Joseph Cable USMC. While waiting for action in the war in the South Pacific, sailors and nurses put on a musical comedy show. The war gets closer and the saga of Nellie Forbush and Emile de Becque becomes serious drama.",There is nothing you can name that is anything like...,Released,False,False,1958-03-19,157,6000000,36800000,2.0783,6.122,115,en,,tt0052225,/nYNltu2clFoRQGBz9BtZUTcCbUm.jpg,/1l0rx8cwekCKlGPO9iWFtHvQ7nL.jpg,"[{""id"": 10402, ""name"": ""Music""}, {""id"": 10749, ""name"": ""Romance""}, {""id"": 10752, ""name"": ""War""}]","[{""id"": 89188, ""logo_path"": null, ""name"": ""Magna Theatre Corporation"", ""origin_country"": """"}, {""id"": 89189, ""logo_path"": null, ""name"": ""South Pacific Enterprises"", ""origin_country"": """"}, {""id"": 89190, ""logo_path"": ""/zq3fP4eOUmS9kI2yF0UTXKN7w0x.png"", ""name"": ""The Rodgers & Hammerstein Organization"", ""origin_country"": ""US""}, {""id"": 25, ""logo_path"": ""/qZCc1lty5FzX30aOCVRBLzaVmcp.png"", ""name"": ""20th Century Fox"", ""origin_country"": ""US""}]","[{""iso_3166_1"": ""US"", ""name"": ""United States of America""}]","[{""english_name"": ""English"", ""iso_639_1"": ""en"", ""name"": ""English""}, {""english_name"": ""French"", ""iso_639_1"": ""fr"", ""name"": ""Fran\u00e7ais""}]","[""US""]",null
17354,Acústico MTV,Acústico MTV,,,Released,False,False,2003-09-10,0,0,0,0.2417,5.0,1,pt,,tt0391564,/x8yxh3vnlyooRasinWkae4Mc0nu.jpg,/yK32VgSoH01hCgZD8C3mLrNeL20.jpg,"[{""id"": 10402, ""name"": ""Music""}, {""id"": 99, ""name"": ""Documentary""}]","[{""id"": 186669, ""logo_path"": null, ""name"": ""Universal Music"", ""origin_country"": ""BR""}]","[{""iso_3166_1"": ""BR"", ""name"": ""Brazil""}]","[{""english_name"": ""Portuguese"", ""iso_639_1"": ""pt"", ""name"": ""Portugu\u00eas""}]","[""BR""]",null
17355,The Inheritance,A Partilha,"Reunited for their mother’s funeral, four sisters – Selma, Regina, Laura and Lúcia – find themselves forced to divide much more than an apartment in Copacabana. While dividing the articles,  the sisters compare options, destinies, lifestyles, and expectations. The turbulent sale of the apartment represents a turning point in their lives: they know they have never been so deeply involved as accomplices, or as sisters.",,Released,False,False,2001-06-08,96,0,0,0.6318,5.7,45,pt,,tt0287625,/iRJo3MdzhfS4dkiMjGv2zdOZfFG.jpg,/dchRpbIFh56gK3018nvD5wbuNFh.jpg,"[{""id"": 35, ""name"": ""Comedy""}, {""id"": 18, ""name"": ""Drama""}]","[{""id"": 11446, ""logo_path"": null, ""name"": ""Lereby Produ\u00e7\u00f5es"", ""origin_country"": ""BR""}, {""id"": 13969, ""logo_path"": ""/bEpiJ2zXGIH70JT16asjWNFtOEv.png"", ""name"": ""Globo Filmes"", ""origin_country"": ""BR""}]","[{""iso_3166_1"": ""BR"", ""name"": ""Brazil""}]","[{""english_name"": ""Portuguese"", ""iso_639_1"": ""pt"", ""name"": ""Portugu\u00eas""}]","[""BR""]",null
17356,Evanescence: Anywhere But Home,Evanescence: Anywhere But Home,"Grammy-winning rock group Evanescence performs live at the Zenith in Paris, France on May 25, 2004. The set list includes: ""Haunted,"" ""Going Under,"" ""Taking Over Me,"" ""Everybody's Fool,"" ""Thoughtless,"" ""My Last Breath,"" ""Farther Away,"" ""Breathe No More,"" ""My Immortal,"" ""Bring Me to Life,"" ""Tourniquet,"" ""Imaginary,"" and ""Whisper.""",,Released,False,False,2004-11-22,140,0,0,0.1755,7.9,7,en,http://evanescence.com,tt0472522,/ndTXuQOwWGzzxOFh2AORhTryzwP.jpg,/xbT4T9E4ItcCtXd9opmY3U6nrAU.jpg,"[{""id"": 10402, ""name"": ""Music""}]","[{""id"": 3292, ""logo_path"": null, ""name"": ""Wind-Up Records"", ""origin_country"": """"}, {""id"": 59307, ""logo_path"": null, ""name"": ""Emotional Pictures"", ""origin_country"": """"}]","[{""iso_3166_1"": ""FR"", ""name"": ""France""}]","[{""english_name"": ""English"", ""iso_639_1"": ""en"", ""name"": ""English""}]","[""US""]",null
17357,Colts vs. Patriots - AFC Championship Game,Colts vs. Patriots - AFC Championship Game,"In this classic matchup, Tom Brady and the Patriots seemed to be on their way to avenging their regular season loss as they jumped out to an early 21-3 lead. However, Peyton Manning led Indianpolis back in the largest comeback ever in an AFC Championship game. The Colts would go on to win Super Bowl XLI.",,Released,False,True,2007-01-21,131,0,0,0.0071,5.2,2,en,,,,,[],[],[],[],"[""US""]",null
17358,My Name Ain't Johnny,Meu Nome não é Johnny,"The true story of João Guilherme Estrella (""Johnny""), a young middle-class bon vivant who became a big-time cocaine dealer in Rio de Janeiro in the early 1990s.",He had everything but limits,Released,False,False,2008-01-04,124,0,0,0.9155,7.105,280,pt,,tt1092016,/mKDKutX0bCvg401k68U9Nt7EG0y.jpg,/uAX6NW8kFFrGmc0nJTWL7ajymQf.jpg,"[{""id"": 80, ""name"": ""Crime""}, {""id"": 18, ""name"": ""Drama""}]","[{""id"": 3293, ""logo_path"": null, ""name"": ""Atitude Produ\u00e7\u00f5es e Empreendimentos"", ""origin_country"": ""BR""}, {""id"": 13969, ""logo_path"": ""/bEpiJ2zXGIH70JT16asjWNFtOEv.png"", ""name"": ""Globo Filmes"", ""origin_country"": ""BR""}, {""id"": 7765, ""logo_path"": ""/kyZyb7enWovBqmhIZNbseIT9GZI.png"", ""name"": ""TeleImage"", ""origin_country"": ""BR""}, {""id"": 94768, ""logo_path"": null, ""name"": ""Apema Filmes"", ""origin_country"": ""BR""}, {""id"": 5, ""logo_path"": ""/71BqEFAF4V3qjjMPCpLuyJFB9A.png"", ""name"": ""Columbia Pictures"", ""origin_country"": ""US""}]","[{""iso_3166_1"": ""BR"", ""name"": ""Brazil""}, {""iso_3166_1"": ""US"", ""name"": ""United States of America""}]","[{""english_name"": ""Portuguese"", ""iso_639_1"": ""pt"", ""name"": ""Portugu\u00eas""}]","[""BR""]",null
17359,News from a Personal War,Notícias de uma Guerra Particular,"A documentary about urban violence in Brazil, especially in Rio de Janeiro. Policemen, drug dealers, and shantytown dwellers get trapped in a daily war that knows no winners.",,Released,False,False,1999-04-14,57,0,0,0.5476,7.8,20,pt,,tt0296108,/rrnjox3BPU9pKWTTKHQeVcncwb7.jpg,/x4WU8d0Wj22KjGtdl8wyaoCrklI.jpg,"[{""id"": 99, ""name"": ""Documentary""}, {""id"": 80, ""name"": ""Crime""}]",[],"[{""iso_3166_1"": ""BR"", ""name"": ""Brazil""}]","[{""english_name"": ""Portuguese"", ""iso_639_1"": ""pt"", ""name"": ""Portugu\u00eas""}]","[""BR""]",null
17360,Escape to Victory,Escape to Victory,A group of POWs in a German prison camp during World War II play the German National Soccer Team in this powerful film depicting the role of prisoners during wartime.,Now is the time for heroes.,Released,False,False,1981-06-17,116,10000000,27453418,3.2958,6.9,986,en,,tt0083284,/3j6H0dnbvjNXLK1l9nKguXw5vvO.jpg,/cWOpRLx5Fzz92D3zdesIcsQQxX9.jpg,"[{""id"": 18, ""name"": ""Drama""}, {""id"": 10752, ""name"": ""War""}]","[{""id"": 8367, ""logo_path"": null, ""name"": ""Victory Company"", ""origin_country"": """"}, {""id"": 82348, ""logo_path"": null, ""name"": ""New Gold Entertainment"", ""origin_country"": ""IT""}, {""id"": 1887, ""logo_path"": null, ""name"": ""Lorimar Motion Pictures"", ""origin_country"": ""US""}]","[{""iso_3166_1"": ""IT"", ""name"": ""Italy""}, {""iso_3166_1"": ""GB"", ""name"": ""United Kingdom""}, {""iso_3166_1"": ""US"", ""name"": ""United States of America""}]","[{""english_name"": ""German"", ""iso_639_1"": ""de"", ""name"": ""Deutsch""}, {""english_name"": ""French"", ""iso_639_1"": ""fr"", ""name"": ""Fran\u00e7ais""}, {""english_name"": ""English"", ""iso_639_1"": ""en"", ""name"": ""English""}]","[""US""]",null
17362,Loverboy,Loverboy,"Randy Bodek works as a pizza delivery boy at Señor Pizza to make a few extra bucks. Some customers are special, though: When the order is for a pizza with extra anchovies, it means the female customers are looking for some loving. But, as Randy soon learns, life as a professional gigolo can get pretty complicated.",Randy Bodek has no idea how to treat a woman . . . but he's working on it.,Released,False,False,1989-04-28,99,0,3960327,2.1323,6.1,173,en,,tt0097790,/qqg2U5Jk4jnQUWDXZjq489V2D0A.jpg,/kVstr8qLiYHZZRshEZAz9yn4Uc5.jpg,"[{""id"": 35, ""name"": ""Comedy""}, {""id"": 10749, ""name"": ""Romance""}]","[{""id"": 559, ""logo_path"": ""/eC0bWHVjnjUducyA6YFoEFqnPMC.png"", ""name"": ""TriStar Pictures"", ""origin_country"": ""US""}, {""id"": 8036, ""logo_path"": null, ""name"": ""Crescent Film Enterprises"", ""origin_country"": """"}]","[{""iso_3166_1"": ""US"", ""name"": ""United States of America""}]","[{""english_name"": ""English"", ""iso_639_1"": ""en"", ""name"": ""English""}, {""english_name"": ""Spanish"", ""iso_639_1"": ""es"", ""name"": ""Espa\u00f1ol""}]","[""US""]",null
17364,Their Eyes Were Watching God,Their Eyes Were Watching God,"A drama set in the 1920s, where free-spirited Janie Crawford's search for happiness leads her through several different marriages, challenging the morals of her small town. Based on the novel by Zora Neale Hurston.",,Released,False,False,2005-03-06,113,0,0,1.5384,5.6,37,en,,tt0406265,/vVn2KohzehZMN40YmNM69HqXxWm.jpg,/tl4LL0MOwiLbCDdfraWHI1LrZT4.jpg,"[{""id"": 18, ""name"": ""Drama""}, {""id"": 10749, ""name"": ""Romance""}, {""id"": 10770, ""name"": ""TV Movie""}]","[{""id"": 3297, ""logo_path"": null, ""name"": ""Do We Inc."", ""origin_country"": """"}, {""id"": 3298, ""logo_path"": null, ""name"": ""Harpo Films"", ""origin_country"": ""US""}]","[{""iso_3166_1"": ""US"", ""name"": ""United States of America""}]","[{""english_name"": ""English"", ""iso_639_1"": ""en"", ""name"": ""English""}]","[""US""]",null
17365,The Parallax View,The Parallax View,An ambitious reporter gets in trouble while investigating a senator's assassination which leads to a vast conspiracy involving a multinational corporation behind every event in the world's headlines.,As American as apple pie.,Released,False,False,1974-06-14,102,0,0,2.6418,6.833,360,en,,tt0071970,/5ClPRox438lwK2Eze7X5xySDaYC.jpg,/mEe72r1nzjlgZuE9AFey4EQE74c.jpg,"[{""id"": 80, ""name"": ""Crime""}, {""id"": 18, ""name"": ""Drama""}, {""id"": 53, ""name"": ""Thriller""}]","[{""id"": 3300, ""logo_path"": null, ""name"": ""Doubleday Productions"", ""origin_country"": """"}, {""id"": 3302, ""logo_path"": null, ""name"": ""Harbor Productions"", ""origin_country"": ""US""}, {""id"": 4, ""logo_path"": ""/jay6WcMgagAklUt7i9Euwj1pzTF.png"", ""name"": ""Paramount Pictures"", ""origin_country"": ""US""}, {""id"": 6174, ""logo_path"": null, ""name"": ""Gus Productions"", ""origin_country"": """"}]","[{""iso_3166_1"": ""US"", ""name"": ""United States of America""}]","[{""english_name"": ""English"", ""iso_639_1"": ""en"", ""name"": ""English""}]","[""US""]",null
17366,24 Bars,24 mesures,"It is Christmas Eve. Separated from her young son, Helly struggles for money. A solitary man, Didier pays her to play his fiancée for the night. But the act comes to a tragic end. Left stunned, Helly meets Marie, who takes her in, on her way to the coast. There they encounter Chris. All three will end the night together. It’s their last move in joy and perdition.",,Released,False,False,2007-12-05,82,0,0,0.5824,3.2,13,fr,http://www.24mesures-lefilm.com/,tt0935030,/j1KHf3000MUusbnzdutKZZIik4z.jpg,,"[{""id"": 18, ""name"": ""Drama""}]","[{""id"": 3304, ""logo_path"": ""/bCSghIiBAsM2KPOeMTb61hu39Yo.png"", ""name"": ""WY Productions"", ""origin_country"": ""FR""}, {""id"": 6274, ""logo_path"": ""/ngZoa368SAnERTz3IBvgTT4eWeB.png"", ""name"": ""MK2 Films"", ""origin_country"": ""FR""}, {""id"": 281, ""logo_path"": ""/ww3pzkwWwHXOPyqiVzMrbcT6yN2.png"", ""name"": ""Equinoxe Films"", ""origin_country"": ""CA""}, {""id"": 806, ""logo_path"": ""/kcNh09qqR2Pkw1JAzRW4CommrW4.png"", ""name"": ""T\u00e9l\u00e9film Canada"", ""origin_country"": ""CA""}]","[{""iso_3166_1"": ""CA"", ""name"": ""Canada""}, {""iso_3166_1"": ""FR"", ""name"": ""France""}]","[{""english_name"": ""French"", ""iso_639_1"": ""fr"", ""name"": ""Fran\u00e7ais""}]","[""FR""]",null
17367,Belle Toujours,Belle Toujours,"38 years after the events in the Luis Buñuel classic Belle du jour, Henri Husson thinks he sees Séverine one night at a concert. He follows her and makes her face her past and then takes a slow revenge on her.",,Released,False,False,2006-09-08,70,0,0,0.7246,5.9,18,fr,,tt0475224,/fy7ajB92MUB50uq9LhSrk3lEFoq.jpg,/zkteot2z9I9j4xgzOvWZbd1EcOr.jpg,"[{""id"": 18, ""name"": ""Drama""}]","[{""id"": 3306, ""logo_path"": null, ""name"": ""Filbox Produ\u00e7\u00f5es"", ""origin_country"": ""PT""}, {""id"": 76921, ""logo_path"": ""/dkPpGhEL2uQ5bmNDAqSZRFp894g.png"", ""name"": ""Les Films d'Ici"", ""origin_country"": ""FR""}, {""id"": 16418, ""logo_path"": ""/ocqDuUGPebsabiyQ9SJsCUCJpX6.png"", ""name"": ""Instituto do Cinema, Audiovisual e Multim\u00e9dia"", ""origin_country"": ""PT""}, {""id"": 310, ""logo_path"": ""/4Gp5A4YdjPBfsHT47ngHMaXWmb9.png"", ""name"": ""CNC"", ""origin_country"": ""FR""}, {""id"": 8492, ""logo_path"": ""/wYhNCpXIThYDXevad6n90vsMXZ2.png"", ""name"": ""RTP"", ""origin_country"": ""PT""}]","[{""iso_3166_1"": ""FR"", ""name"": ""France""}, {""iso_3166_1"": ""PT"", ""name"": ""Portugal""}]","[{""english_name"": ""French"", ""iso_639_1"": ""fr"", ""name"": ""Fran\u00e7ais""}]","[""FR""]",null
17375,Rolling,Rolling,"A med student, a teenage runaway, a lawyer, a drag queen, a high school basketball player, a drug dealer, and a teacher all cross paths in the Ecstasy-riddled L.A. underground party scene.",The 'feel good' movie of the year.,Released,False,False,2007-01-01,100,500000,0,0.605,4.6,7,en,http://www.rollingmovie.com/,tt0469966,/aw5gSRTsrxjjHcLHvXgLRx36WRz.jpg,,"[{""id"": 18, ""name"": ""Drama""}]","[{""id"": 3308, ""logo_path"": null, ""name"": ""Believe Entertainment"", ""origin_country"": """"}]","[{""iso_3166_1"": ""US"", ""name"": ""United States of America""}]","[{""english_name"": ""English"", ""iso_639_1"": ""en"", ""name"": ""English""}]","[""US""]",null
17376,Anna M.,Anna M.,"Anna, a somewhat introverted woman, becomes obsessed with the orthopedic surgeon who helped with her recuperation following a car accident. Incorrectly believing the love to be reciprocated, she embarks on several attempts to try and stay in touch with him but, after several rejections, finds herself descending into despair and, ultimately, hatred.",,Released,False,False,2007-04-11,106,0,0,0.6719,5.5,33,fr,,tt0814659,/jJSWHgljX39JWc0KPIirCqeqXMB.jpg,,"[{""id"": 18, ""name"": ""Drama""}]","[{""id"": 6301, ""logo_path"": ""/jma8ZaHq1KAzlXW3v0RswVOWSdn.png"", ""name"": ""Cin\u00e9Cin\u00e9ma"", ""origin_country"": ""FR""}, {""id"": 310, ""logo_path"": ""/4Gp5A4YdjPBfsHT47ngHMaXWmb9.png"", ""name"": ""CNC"", ""origin_country"": ""FR""}, {""id"": 104, ""logo_path"": ""/9aotxauvc9685tq9pTcRJszuT06.png"", ""name"": ""Canal+"", ""origin_country"": ""FR""}, {""id"": 207, ""logo_path"": ""/uskenzq65wJe0cT0D8StQI3hJnO.png"", ""name"": ""Agat Films & Cie / Ex Nihilo"", ""origin_country"": ""FR""}]","[{""iso_3166_1"": ""FR"", ""name"": ""France""}]","[{""english_name"": ""French"", ""iso_639_1"": ""fr"", ""name"": ""Fran\u00e7ais""}]","[""FR""]",null
17379,Last Holiday,Last Holiday,"The discovery that she has a terminal illness prompts introverted department store saleswoman Georgia Byrd to reflect on what she realizes has been an overly cautious life. With weeks to live, she withdraws her life savings, sells all her possessions and jets off to Europe where she lives it up at a posh hotel. Upbeat and passionate, Georgia charms everybody she meets, including renowned Chef Didier. The only one missing from her new life is her longtime crush Sean Matthews.",She always thought she was somebody special... and she was.,Released,False,False,2006-01-13,112,45000000,38399961,4.0965,7.253,852,en,,tt0408985,/hRNZszPHjIpYGlrMN3o4f6f6cVd.jpg,/7D1v3y0RPoyJBZAx4eGdjcqJUuD.jpg,"[{""id"": 12, ""name"": ""Adventure""}, {""id"": 35, ""name"": ""Comedy""}, {""id"": 18, ""name"": ""Drama""}]","[{""id"": 4, ""logo_path"": ""/jay6WcMgagAklUt7i9Euwj1pzTF.png"", ""name"": ""Paramount Pictures"", ""origin_country"": ""US""}, {""id"": 11395, ""logo_path"": ""/5vSBzUwnCcaF90ZTchG3LwRKQ2M.png"", ""name"": ""ImageMovers"", ""origin_country"": ""US""}, {""id"": 415, ""logo_path"": null, ""name"": ""Laurence Mark Productions"", ""origin_country"": ""US""}]","[{""iso_3166_1"": ""US"", ""name"": ""United States of America""}]","[{""english_name"": ""English"", ""iso_639_1"": ""en"", ""name"": ""English""}, {""english_name"": ""French"", ""iso_639_1"": ""fr"", ""name"": ""Fran\u00e7ais""}]","[""US""]",null
17381,BMX Bandits,BMX Bandits,"Teens P.J. and Goose get their thrills on BMX bikes, performing hair-raising tricks all across Sydney, Australia. Along with their new friend Judy, they discover a box of walkie-talkies -- and find out that a gang of criminals intends to use them to monitor police signals during a bank robbery. When the young trio snatches the devices, it propels them on a hair-raising adventure in which their pedaling skills might just save their necks.",They're burning up the streets!,Released,False,False,1983-12-29,92,980385,2536531,1.7564,5.532,157,en,,tt0085204,/e9yUSie4WBQzVDSaHx17x0RtDHy.jpg,/ePJKdYRLH7QiAX994POl78U3Rv3.jpg,"[{""id"": 12, ""name"": ""Adventure""}, {""id"": 80, ""name"": ""Crime""}, {""id"": 18, ""name"": ""Drama""}]","[{""id"": 14116, ""logo_path"": null, ""name"": ""Nilsen Premiere"", ""origin_country"": """"}]","[{""iso_3166_1"": ""AU"", ""name"": ""Australia""}]","[{""english_name"": ""English"", ""iso_639_1"": ""en"", ""name"": ""English""}]","[""AU""]",null
17382,They Died with Their Boots On,They Died with Their Boots On,"The story follows General George Armstrong Custer's adventures from his West Point days to his death. He defies orders during the Civil War, trains the 7th Cavalry, appeases Chief Crazy Horse and later engages in bloody battle with the Sioux nation.",A STORY OF UNDYING FAITH!,Released,False,False,1941-11-20,140,0,0,2.4243,6.6,116,en,,tt0034277,/gx8jknFwZRuQwTPooe14Dsx5uTO.jpg,/9DwCKxC7u2xsr59tsWmJyDzXTP1.jpg,"[{""id"": 37, ""name"": ""Western""}, {""id"": 10752, ""name"": ""War""}, {""id"": 18, ""name"": ""Drama""}, {""id"": 10749, ""name"": ""Romance""}]","[{""id"": 174, ""logo_path"": ""/zhD3hhtKB5qyv7ZeL4uLpNxgMVU.png"", ""name"": ""Warner Bros. Pictures"", ""origin_country"": ""US""}]","[{""iso_3166_1"": ""US"", ""name"": ""United States of America""}]","[{""english_name"": ""English"", ""iso_639_1"": ""en"", ""name"": ""English""}, {""english_name"": ""Italian"", ""iso_639_1"": ""it"", ""name"": ""Italiano""}]","[""US""]",null
17384,A New Journey: Live at Slane Castle,A New Journey: Live at Slane Castle,DUPLICATE ENTRY! See Celtic Woman: A New Journey,,Released,False,False,,0,0,0,0.0143,0.0,0,en,,,,,[],[],[],[],"[""US""]",null
17386,Revenge of the Ninja,Revenge of the Ninja,A peaceful ex-ninja's life shatters when his son's kidnapping forces him back into violence amid an American-Japanese criminal drug war.,400 years of training in the art of sudden death... unleashed on 20th century America.,Released,False,False,1983-09-07,90,700000,13168027,2.1399,6.236,165,en,,tt0086192,/qEZ0Av3VvJvIs0zeqntNVUY9n48.jpg,/1Zo7iLqs0ugLK1JgeeDpMpT0uqo.jpg,"[{""id"": 28, ""name"": ""Action""}, {""id"": 80, ""name"": ""Crime""}, {""id"": 18, ""name"": ""Drama""}, {""id"": 53, ""name"": ""Thriller""}]","[{""id"": 1444, ""logo_path"": ""/1848gsFuV3EGewKg8xWADAyJUVy.png"", ""name"": ""The Cannon Group"", ""origin_country"": ""US""}, {""id"": 13549, ""logo_path"": null, ""name"": ""Golan-Globus Productions"", ""origin_country"": ""US""}]","[{""iso_3166_1"": ""US"", ""name"": ""United States of America""}]","[{""english_name"": ""English"", ""iso_639_1"": ""en"", ""name"": ""English""}]","[""US""]","{""id"": 373538, ""name"": ""The Ninja Trilogy"", ""poster_path"": ""/2umt4RmpHxjlsfJs6ORuJ2ZUAoh.jpg"", ""backdrop_path"": ""/6HHnJkFHVbAW5PNYpvjih5jKIgU.jpg""}"
17388,The Italian,Итальянец,"Set in 2002, an abandoned 5-year-old boy living in a rundown orphanage in a small Russian village is adopted by an Italian family.",,Released,False,False,2005-09-21,90,0,0,0.7465,6.7,46,ru,http://www.sonyclassics.com/theitalian/,tt0450450,/eHZ51evGQBu6TEHRLMiHa84Gg8K.jpg,/49KHGWe8ycoweTDlqkBUGvsGu7N.jpg,"[{""id"": 18, ""name"": ""Drama""}]","[{""id"": 3310, ""logo_path"": null, ""name"": ""Tulos Cinema"", ""origin_country"": """"}, {""id"": 170208, ""logo_path"": ""/8qh5BEyKYOQ0e81LPbvWHQvyOy5.png"", ""name"": ""Lenfilm"", ""origin_country"": ""RU""}]","[{""iso_3166_1"": ""RU"", ""name"": ""Russia""}]","[{""english_name"": ""Russian"", ""iso_639_1"": ""ru"", ""name"": ""P\u0443\u0441\u0441\u043a\u0438\u0439""}, {""english_name"": ""Italian"", ""iso_639_1"": ""it"", ""name"": ""Italiano""}, {""english_name"": ""English"", ""iso_639_1"": ""en"", ""name"": ""English""}]","[""RU""]",null
17398,Kylie Minogue: Showgirl - The Greatest Hits Tour,Kylie Minogue: Showgirl - The Greatest Hits Tour,"Showgirl: The Greatest Hits Tour is the eighth concert tour by Australian singer Kylie Minogue. It was launched in support of her second major greatest hits compilation, Ultimate Kylie and visited Europe.",,Released,False,False,2005-11-29,109,0,0,0.3802,8.6,7,en,http://www.kylie.com,tt1447506,/dWUXaBipSb1zgKQKZYbNFCP80CL.jpg,/yBnthJiK9psh8w5j5nQpIPY2eSa.jpg,"[{""id"": 10402, ""name"": ""Music""}]",[],[],"[{""english_name"": ""English"", ""iso_639_1"": ""en"", ""name"": ""English""}]","[""AU"", ""GB""]",null
17399,Zappa Plays Zappa,Zappa Plays Zappa,"Zappa Plays Zappa is the name of a concert tour and band led by Dweezil Zappa, the oldest son of the late composer and musician Frank Zappa. The show is a collection of Frank Zappa's rock-oriented compositions from 1960s to 1980s. Features Dweezil on lead guitar, Napoleon Murphy Brock (sax, flute, vocals), drummer/singer Terry Bozzio and electric guitarist Steve Vai.",,Released,False,False,2007-10-05,209,0,0,0.3568,0.0,0,en,,tt1423476,/gyjhdJUhYv6yEvQKkSrOnvM8UpH.jpg,/8rcAxCUiLM6c4cGcTwGMpcdz5By.jpg,"[{""id"": 10402, ""name"": ""Music""}]",[],[],"[{""english_name"": ""English"", ""iso_639_1"": ""en"", ""name"": ""English""}]","[""US""]",null
17400,Avril Lavigne: The Best Damn Tour - Live in Toronto,Avril Lavigne: The Best Damn Tour - Live in Toronto,"Pop-punk princess Avril Lavigne plays the hits that earned her legions of screaming fans (and launched a thousand ringtones) on The Best Damn Tour, a full-length presentation of her 2008 concert in Toronto. Opening with monster hit ""Girlfriend,"" Lavigne rocks through every one of her major singles, including ""Complicated,"" ""My Happy Ending,"" and the ubiquitous ""Sk8er Boi.""",,Released,False,False,2008-09-09,75,0,0,0.3948,8.913,23,en,http://www.avrillavigne.com,tt1289777,/iAfIgxbiRwHV5DjoBR3hMuG3JKe.jpg,/54NyMmHpJT8mrEDJZbBbjqHjt72.jpg,"[{""id"": 10402, ""name"": ""Music""}]",[],[],"[{""english_name"": ""English"", ""iso_639_1"": ""en"", ""name"": ""English""}]","[""US""]",null
17401,"Blue Water, White Death","Blue Water, White Death","Peter Gimbel and a team of photographers set out on an expedition to find and film, for the very first time, Carcharodon carcharias—the Great White Shark. The expedition lasted over nine months and took the team from Durban, South Africa, across the Indian Ocean, and finally to southern Australia.",The hunt for the Great White Shark.,Released,False,False,1971-06-01,99,0,0,0.425,6.8,4,en,,tt0146496,/8wzItG5ZXwzbTbFfrVWlzHP3v0n.jpg,/dx3JbfMINB7vfQZBlLUbRg6rc6k.jpg,"[{""id"": 99, ""name"": ""Documentary""}]","[{""id"": 3070, ""logo_path"": ""/HpLKMqrVxDIm3k6WE33aqN0H5M.png"", ""name"": ""Cinema Center Films"", ""origin_country"": """"}]","[{""iso_3166_1"": ""US"", ""name"": ""United States of America""}]","[{""english_name"": ""English"", ""iso_639_1"": ""en"", ""name"": ""English""}]","[""US""]",null
17402,Miami Rhapsody,Miami Rhapsody,"Even though Gwyn Marcus is engaged to her boyfriend, Matt, she is still afraid of commitment. While she admires her parents' loving relationship, she discovers that her family has not always been faithful in marriage, making it harder than ever to settle down. As her mother pressures her to get married, and plenty of attractive men appear in her life, Gwyn learns that she must balance her career, relationships and marriage to be truly happy.",Love is great. Marriage is a completely different affair.,Released,False,False,1995-01-27,95,0,5,2.0996,5.2,59,en,,tt0113808,/joturqaJfAJ8XHPadT8kibgSpS4.jpg,/7WdT5QF2HPPPeiNHcm6o4DfCsgI.jpg,"[{""id"": 35, ""name"": ""Comedy""}, {""id"": 10749, ""name"": ""Romance""}]","[{""id"": 915, ""logo_path"": ""/4neXXpjSJDZPBGBnfWtqysB5htV.png"", ""name"": ""Hollywood Pictures"", ""origin_country"": ""US""}, {""id"": 131354, ""logo_path"": null, ""name"": ""Cantaloupe Production"", ""origin_country"": """"}]","[{""iso_3166_1"": ""US"", ""name"": ""United States of America""}]","[{""english_name"": ""Hungarian"", ""iso_639_1"": ""hu"", ""name"": ""Magyar""}, {""english_name"": ""English"", ""iso_639_1"": ""en"", ""name"": ""English""}]","[""US""]",null
17403,How to Deal,How to Deal,"For teenager Halley, love seems like an alien concept. Her mother is divorcing her father, who is dating a younger woman Halley can't stand. Her sister is about to get married and doesn't realize that her fiancé is not the man of her dreams. And her best friend has fallen madly in love for the first time, leaving Halley to feel even more alone. But, when she meets edgy Macon, she learns what love is really all about.",Rule #1: There are no rules.,Released,False,False,2003-07-18,99,0,0,2.2687,5.4,159,en,,tt0319524,/pD87iTm4MP7JNcxIUssAbpri8nF.jpg,/38SJ5HR1EyvpbTWLRxmPrY469UU.jpg,"[{""id"": 18, ""name"": ""Drama""}, {""id"": 35, ""name"": ""Comedy""}, {""id"": 10749, ""name"": ""Romance""}]","[{""id"": 10146, ""logo_path"": ""/xnFIOeq5cKw09kCWqV7foWDe4AA.png"", ""name"": ""Focus Features"", ""origin_country"": ""US""}, {""id"": 1867, ""logo_path"": ""/j5HFzFmRrjOEpJg6jySl9z2QfLm.png"", ""name"": ""Golden Mean"", ""origin_country"": ""US""}, {""id"": 350, ""logo_path"": ""/bW7Ew27756PFKI3ucLFDIKEkFc0.png"", ""name"": ""Radar Pictures"", ""origin_country"": ""US""}]","[{""iso_3166_1"": ""US"", ""name"": ""United States of America""}]","[{""english_name"": ""English"", ""iso_639_1"": ""en"", ""name"": ""English""}]","[""US""]",null
17407,The one I love,Celle que j'aime,"Isabelle est une trentenaire célibataire (depuis qu'elle est divorcée). Elle est belle, sexy, drôle, émouvante, intelligente... Irrésistible ! Elle est numéro 2 d'un journal qu'elle a créé avec Brice son partenaire et qu'elle dirige d'une main de fer même pas recouverte d'un gant de velours ! Tous les hommes sont fous d'elle. Tous ! Trois en particuliers ! Son fils, Achille, 10 ans, qui depuis le",,Released,False,False,2009-04-22,103,0,0,0.345,4.2,26,fr,http://www.cellequejaime.com/,tt1324050,/eZyLzWO7uw3trk15RWHH8cmolF9.jpg,/vgL8XC01DkQAGfVzpFL3EK83HBp.jpg,"[{""id"": 35, ""name"": ""Comedy""}]","[{""id"": 68802, ""logo_path"": null, ""name"": ""Manda Productions"", ""origin_country"": """"}]","[{""iso_3166_1"": ""FR"", ""name"": ""France""}]","[{""english_name"": ""French"", ""iso_639_1"": ""fr"", ""name"": ""Fran\u00e7ais""}]","[""FR""]",null
17408,Humans,Humains,"A team of several researchers travel to the Swiss Alps to investigate a scientific discovery on human evolution. The trip, however, turns into a deadly fight for survival when the team crash into a gully and find themselves falling prey to someone...or something.",,Released,False,False,2009-04-22,87,0,0,0.9713,4.2,39,fr,,tt1109478,/5bA0KY80E0qyam9awVBfuhxwrte.jpg,/nMAhKhlM6jprnScyHHavVK13Hrr.jpg,"[{""id"": 12, ""name"": ""Adventure""}, {""id"": 53, ""name"": ""Thriller""}, {""id"": 27, ""name"": ""Horror""}]","[{""id"": 7346, ""logo_path"": null, ""name"": ""La Fabrique 2"", ""origin_country"": ""FR""}]","[{""iso_3166_1"": ""FR"", ""name"": ""France""}]","[{""english_name"": ""Polish"", ""iso_639_1"": ""pl"", ""name"": ""Polski""}, {""english_name"": ""French"", ""iso_639_1"": ""fr"", ""name"": ""Fran\u00e7ais""}]","[""FR""]",null
17409,The Gunfighter,The Gunfighter,The fastest gun in the West tries to escape his reputation.,His only friend was his gun... His only refuge - a woman's heart!,Released,False,False,1950-05-26,85,0,0,3.0076,7.34,206,en,,tt0042531,/5696EpyH0tB8DtKvwNGABMRWknX.jpg,/8alkXDam8EUF6gvVyfowvZJ795T.jpg,"[{""id"": 37, ""name"": ""Western""}]","[{""id"": 25, ""logo_path"": ""/qZCc1lty5FzX30aOCVRBLzaVmcp.png"", ""name"": ""20th Century Fox"", ""origin_country"": ""US""}]","[{""iso_3166_1"": ""US"", ""name"": ""United States of America""}]","[{""english_name"": ""English"", ""iso_639_1"": ""en"", ""name"": ""English""}]","[""US""]",null
17413,Incognito,Incognito,Lucas is an up-and-coming singer ready to do anything to be on top of the French pop scene.,,Released,False,False,2009-04-28,94,0,0,0.8051,5.5,245,fr,,tt1315883,/wzgeFbUgDFSnVG63T0FrQOdLCc1.jpg,/2Zn2IQmVW7MWO4oXJTu2oQzM2kT.jpg,"[{""id"": 35, ""name"": ""Comedy""}]","[{""id"": 4696, ""logo_path"": ""/1mZDiaR5yCEe4ayKC8UGx81LtuX.png"", ""name"": ""Same Player"", ""origin_country"": ""FR""}, {""id"": 7981, ""logo_path"": ""/6Yv1gIAuGkHS5Vis4UjnqHhCPWV.png"", ""name"": ""Path\u00e9"", ""origin_country"": ""FR""}, {""id"": 11199, ""logo_path"": ""/tWXanyy8XwpcOPannNJ33QUcXp5.png"", ""name"": ""SCOPE Pictures"", ""origin_country"": ""BE""}, {""id"": 23082, ""logo_path"": null, ""name"": ""Weber Investissements"", ""origin_country"": """"}, {""id"": 11997, ""logo_path"": ""/jh15xr7Y10ZrgY1BwE3LGwcseu7.png"", ""name"": ""BNP Paribas Fortis"", ""origin_country"": ""BE""}]","[{""iso_3166_1"": ""FR"", ""name"": ""France""}]","[{""english_name"": ""French"", ""iso_639_1"": ""fr"", ""name"": ""Fran\u00e7ais""}]","[""FR""]",null
17414,Dunston Checks In,Dunston Checks In,"Hotel manager Robert Grant is forced by his boss to postpone his family vacation when a hotel critic checks in. Trouble is, the critic is really a villainous jewel thief with an orangutan assistant named Dunston. When Dunston gets loose and tries to escape a life of crime -- aided by Robert's sons -- havoc, hijinks and lots of laughs abound!",He's about to turn a Five Star Hotel into a three ring circus.,Released,False,False,1996-01-12,88,16000000,0,1.7785,5.378,241,en,,tt0116151,/xR2cWC04kWNr7TBeXNOf4uOqn00.jpg,/ArNNCDc3Ndg9d0PkkOYHsZeLsbo.jpg,"[{""id"": 10751, ""name"": ""Family""}, {""id"": 35, ""name"": ""Comedy""}, {""id"": 12, ""name"": ""Adventure""}]","[{""id"": 3311, ""logo_path"": null, ""name"": ""Joe Wizan/Todd Black"", ""origin_country"": """"}, {""id"": 25, ""logo_path"": ""/qZCc1lty5FzX30aOCVRBLzaVmcp.png"", ""name"": ""20th Century Fox"", ""origin_country"": ""US""}, {""id"": 11232, ""logo_path"": null, ""name"": ""Fox Family Films"", ""origin_country"": ""US""}]","[{""iso_3166_1"": ""US"", ""name"": ""United States of America""}]","[{""english_name"": ""Russian"", ""iso_639_1"": ""ru"", ""name"": ""P\u0443\u0441\u0441\u043a\u0438\u0439""}, {""english_name"": ""French"", ""iso_639_1"": ""fr"", ""name"": ""Fran\u00e7ais""}, {""english_name"": ""English"", ""iso_639_1"": ""en"", ""name"": ""English""}]","[""US""]",null
17415,The Wiggles: Go Bananas,The Wiggles: Go Bananas,The wiggles are up to their old tricks.,,Released,False,False,2009-07-13,47,0,0,0.1372,6.0,1,en,,tt1994585,/nkTpCXSUUGcWEZJHNX6SUzR2XQN.jpg,,"[{""id"": 10751, ""name"": ""Family""}]","[{""id"": 27434, ""logo_path"": ""/dP9KkWtxnNkgUFz0CfIB1SiszBd.png"", ""name"": ""The Wiggles Pty Ltd"", ""origin_country"": ""AU""}]","[{""iso_3166_1"": ""AU"", ""name"": ""Australia""}]","[{""english_name"": ""English"", ""iso_639_1"": ""en"", ""name"": ""English""}]","[""US"", ""AU""]",null
17417,Hallelujah!,Le Missionnaire,"Following his release from a seven-year stretch in prison, Mario Diccara discovers that his affairs with the underworld aren't completely settled. His brother Patrick, a priest, suggests that he stays with elderly Father Etienne in a small village in Ardeche until the conflict blows over. But their plan takes an unexpected turn when Father Etienne dies.",,Released,False,False,2009-04-29,91,0,2808769,1.1326,5.8,164,fr,http://www.lemissionnaire-lefilm.com/,tt1308736,/eGZyAHnGgGTUfABgAd0ZQYH1TKD.jpg,/gxwxIZpiCfTCkWkqM7EPx3ljpfr.jpg,"[{""id"": 35, ""name"": ""Comedy""}]","[{""id"": 6896, ""logo_path"": ""/2Q89KvzxTKB5BAv9RqFIPI1qb7E.png"", ""name"": ""EuropaCorp"", ""origin_country"": ""FR""}, {""id"": 356, ""logo_path"": ""/9tW5wZEGotn1Ei5pErA88m47XiD.png"", ""name"": ""TF1 Films Production"", ""origin_country"": ""FR""}, {""id"": 105, ""logo_path"": ""/pyiNvPJYGz4W2SImgULoG2sn4y4.png"", ""name"": ""CiBy 2000"", ""origin_country"": ""FR""}, {""id"": 109756, ""logo_path"": ""/sudlIoNIIrKmVWaYD2ZVo9HGogW.png"", ""name"": ""Auvergne-Rh\u00f4ne-Alpes Cin\u00e9ma"", ""origin_country"": ""FR""}]","[{""iso_3166_1"": ""FR"", ""name"": ""France""}]","[{""english_name"": ""French"", ""iso_639_1"": ""fr"", ""name"": ""Fran\u00e7ais""}]","[""FR""]",null
17418,Romaine 30° Below,Romaine par moins 30,"Romaine, a tall thirty-year-old woman, has not found herself yet. She has been living for several years with her boyfriend Justin. When, overnight, the latter drags her after him to Canada in order to start a new life, she blows smoke. Not only does she hate surprises but she is scared to death of taking the plane. Once in Montréal Airport, she dumps Justin after confessing to him things he would rather not have heard. Her Far North adventures can start...",,Released,False,False,2009-04-29,85,0,0,0.3564,5.2,28,fr,,tt1388912,/dpFkYWQYCJBQM5bV8RBg2ITv6lt.jpg,/gF8M75g6whOheSo6a0tUMuYSxF3.jpg,"[{""id"": 35, ""name"": ""Comedy""}]","[{""id"": 207, ""logo_path"": ""/uskenzq65wJe0cT0D8StQI3hJnO.png"", ""name"": ""Agat Films & Cie / Ex Nihilo"", ""origin_country"": ""FR""}, {""id"": 8117, ""logo_path"": ""/eVsVPEZRK63zsQMxxSHf5Cv017g.png"", ""name"": ""Max Films"", ""origin_country"": ""CA""}, {""id"": 280, ""logo_path"": ""/1rwkrpgsc0pWmkvEOabbPzEsGLi.png"", ""name"": ""Cin\u00e9maginaire"", ""origin_country"": ""CA""}, {""id"": 83, ""logo_path"": ""/9OQ0rm55xtlgX7KcAKMUePJSrQc.png"", ""name"": ""France 2 Cin\u00e9ma"", ""origin_country"": ""FR""}, {""id"": 104, ""logo_path"": ""/9aotxauvc9685tq9pTcRJszuT06.png"", ""name"": ""Canal+"", ""origin_country"": ""FR""}, {""id"": 806, ""logo_path"": ""/kcNh09qqR2Pkw1JAzRW4CommrW4.png"", ""name"": ""T\u00e9l\u00e9film Canada"", ""origin_country"": ""CA""}, {""id"": 6301, ""logo_path"": ""/jma8ZaHq1KAzlXW3v0RswVOWSdn.png"", ""name"": ""Cin\u00e9Cin\u00e9ma"", ""origin_country"": ""FR""}, {""id"": 310, ""logo_path"": ""/4Gp5A4YdjPBfsHT47ngHMaXWmb9.png"", ""name"": ""CNC"", ""origin_country"": ""FR""}, {""id"": 581, ""logo_path"": ""/pzJLNyKypqwAgLR4OjmaxA5WEjm.png"", ""name"": ""UGC"", ""origin_country"": ""FR""}, {""id"": 12567, ""logo_path"": ""/3DyEznBXXfh3cvp5MCJXWH4gzhi.png"", ""name"": ""TVA Films"", ""origin_country"": ""CA""}]","[{""iso_3166_1"": ""CA"", ""name"": ""Canada""}, {""iso_3166_1"": ""FR"", ""name"": ""France""}]","[{""english_name"": ""French"", ""iso_639_1"": ""fr"", ""name"": ""Fran\u00e7ais""}]","[""FR"", ""CA""]",null
17421,G.I. Joe: The Movie,G.I. Joe: The Movie,G.I. Joe faces a new enemy as an ancient society of snake people known as Cobra-La try to forcefully take back the earth from those who drove them underground eons ago.,The venom of Cobra! The vengeance of Joe!,Released,False,False,1987-06-19,93,0,0,1.905,6.5,103,en,,tt0093066,/gADRX5uks0nIsgEzwNpkCIHukBN.jpg,/3NMZmMZqtAAf814XDUOYxxg36f9.jpg,"[{""id"": 16, ""name"": ""Animation""}, {""id"": 28, ""name"": ""Action""}, {""id"": 878, ""name"": ""Science Fiction""}, {""id"": 10751, ""name"": ""Family""}, {""id"": 12, ""name"": ""Adventure""}, {""id"": 14, ""name"": ""Fantasy""}]","[{""id"": 3313, ""logo_path"": ""/gM9G1lhuFYqkrTBVmPf0frIIhKX.png"", ""name"": ""Sunbow Productions"", ""origin_country"": ""US""}, {""id"": 5542, ""logo_path"": ""/ayE4LIqoAWotavo7xdvYngwqGML.png"", ""name"": ""Toei Animation"", ""origin_country"": ""JP""}, {""id"": 2301, ""logo_path"": ""/qdPhBEP8sjK3Eb3rKc94554gcZt.png"", ""name"": ""Marvel Productions"", ""origin_country"": ""US""}, {""id"": 2598, ""logo_path"": ""/i42C5gRq7XqlG4S9vkchuJZfrBn.png"", ""name"": ""Hasbro"", ""origin_country"": ""US""}]","[{""iso_3166_1"": ""US"", ""name"": ""United States of America""}, {""iso_3166_1"": ""JP"", ""name"": ""Japan""}]","[{""english_name"": ""English"", ""iso_639_1"": ""en"", ""name"": ""English""}]","[""US""]","{""id"": 506229, ""name"": ""G.I. Joe Collection"", ""poster_path"": ""/dUh40scwMOMIcd8LxddXQDdZvEn.jpg"", ""backdrop_path"": ""/lePGleDiJxMGFy5Ktj7Kw0Iyi5n.jpg""}"
17422,Summer Palace,颐和园,"Yu Hong leaves her home village and starts university in Beijing, where she develops a consuming and compulsive relationship with another student. The student riots from 1989 then ensue and take a toll on their lives.",Where did our love go…,Released,False,False,2006-05-18,135,0,0,5.2373,7.3,112,zh,,tt0794374,/kr0UdRRdjZigVfdYoik9kPy97hk.jpg,/p2ssbuL7NZSpBGIDjthP9S39d7m.jpg,"[{""id"": 18, ""name"": ""Drama""}, {""id"": 10749, ""name"": ""Romance""}]","[{""id"": 118486, ""logo_path"": ""/cEfeKgVhL8uNwqFaP104kR5UUej.png"", ""name"": ""Laurel Films"", ""origin_country"": ""CN""}, {""id"": 38941, ""logo_path"": null, ""name"": ""Dream Factory"", ""origin_country"": ""CN""}, {""id"": 178259, ""logo_path"": null, ""name"": ""Rosem Films"", ""origin_country"": ""FR""}, {""id"": 160889, ""logo_path"": null, ""name"": ""Fantasy Pictures"", ""origin_country"": ""CN""}]","[{""iso_3166_1"": ""CN"", ""name"": ""China""}, {""iso_3166_1"": ""FR"", ""name"": ""France""}]","[{""english_name"": ""Mandarin"", ""iso_639_1"": ""zh"", ""name"": ""\u666e\u901a\u8bdd""}, {""english_name"": ""German"", ""iso_639_1"": ""de"", ""name"": ""Deutsch""}, {""english_name"": ""Korean"", ""iso_639_1"": ""ko"", ""name"": ""\ud55c\uad6d\uc5b4/\uc870\uc120\ub9d0""}]","[""CN""]",null
17428,The Collective,The Collective,Jessica (Wynn Everett) travels to New York City to help her sister but she is nowhere to be found. As she delves into a world of darkness and lies surrounding a spiritually depraved community calling itself 'The Collective' with her friend Tyler (Kelly Overton) she has to decide if she will risk her life to save her sister.,Trust no one.,Released,False,False,2008-01-01,85,0,0,0.6148,5.1,11,en,,tt1185235,/saUudoH924oyoZn0SZj4NOIT5eg.jpg,,"[{""id"": 9648, ""name"": ""Mystery""}, {""id"": 53, ""name"": ""Thriller""}]","[{""id"": 99481, ""logo_path"": null, ""name"": ""The Collective Film Group"", ""origin_country"": """"}, {""id"": 50493, ""logo_path"": null, ""name"": ""Fabrication Films"", ""origin_country"": """"}, {""id"": 6333, ""logo_path"": null, ""name"": ""Vanguard Cinema"", ""origin_country"": ""US""}]","[{""iso_3166_1"": ""US"", ""name"": ""United States of America""}]","[{""english_name"": ""English"", ""iso_639_1"": ""en"", ""name"": ""English""}]","[""US""]",null
17430,The Fencing Master,El maestro de esgrima,A fencing master in pre-revolution Spain is hired to teach fencing to a beautiful young woman. Although he has never taught a woman before he is fascinated by her and agrees. She wishes to learn a particular thrust which he is famous for. When a local nobleman becomes involved with her the intrigue begins.,,Released,False,False,1992-09-18,88,0,0,0.6407,6.2,18,es,,tt0104788,/vJtoBz4UrDVF1LKHptRIwwGHUNb.jpg,/jamPje2boNTlZp8TDYPb6HAD3lO.jpg,"[{""id"": 53, ""name"": ""Thriller""}, {""id"": 36, ""name"": ""History""}, {""id"": 12, ""name"": ""Adventure""}]","[{""id"": 3315, ""logo_path"": null, ""name"": ""Origen Producciones Cinematograficas"", ""origin_country"": ""ES""}]","[{""iso_3166_1"": ""ES"", ""name"": ""Spain""}]","[{""english_name"": ""Spanish"", ""iso_639_1"": ""es"", ""name"": ""Espa\u00f1ol""}]","[""ES""]",null
17431,Moon,Moon,"With only three weeks left in his three-year contract, Sam Bell is eager to return to Earth. Stationed alone at a Moon-based facility with his computer assistant GERTY, an unexpected accident sets off a series of unsettling events that shake his isolation.","250,000 miles from home, the hardest thing to face...is yourself.",Released,False,False,2009-06-12,97,5000000,9760104,7.0805,7.568,6192,en,http://www.sonyclassics.com/moon/,tt1182345,/35IU0Mq0zFsN1mYwDGts5mKc77n.jpg,/mvUAo9ACgmLpS4Ofc2IwD4n7WCt.jpg,"[{""id"": 878, ""name"": ""Science Fiction""}, {""id"": 18, ""name"": ""Drama""}]","[{""id"": 3317, ""logo_path"": null, ""name"": ""Lunar Industries"", ""origin_country"": """"}, {""id"": 3316, ""logo_path"": ""/jNx3rBqsxhf9hrIZBlfiufOK1a.png"", ""name"": ""Liberty Films"", ""origin_country"": ""GB""}, {""id"": 3318, ""logo_path"": null, ""name"": ""Xingu Films"", ""origin_country"": """"}, {""id"": 12018, ""logo_path"": null, ""name"": ""Limelight Fund"", ""origin_country"": ""GB""}, {""id"": 10583, ""logo_path"": null, ""name"": ""Independent"", ""origin_country"": ""GB""}]","[{""iso_3166_1"": ""GB"", ""name"": ""United Kingdom""}, {""iso_3166_1"": ""US"", ""name"": ""United States of America""}]","[{""english_name"": ""Spanish"", ""iso_639_1"": ""es"", ""name"": ""Espa\u00f1ol""}, {""english_name"": ""English"", ""iso_639_1"": ""en"", ""name"": ""English""}]","[""GB"", ""US""]","{""id"": 995464, ""name"": ""Moon Collection"", ""poster_path"": ""/ikkishXF69cEiOKo7sklHiM0IHW.jpg"", ""backdrop_path"": ""/l0j6NJHWQZqCJ7H3kvTSrso6Ix2.jpg""}"
17432,My Friend Ganesha,My Friend Ganesha,Ashu (8 year old son)and the parents of the boy are too involved in their daily lives and hence cannot give much time to the boy who always feels lonely. He would only get to be with the maid. On one rainy day the boy saves a drowning mouse and saves his life. He brings the small mouse home and tells the maid about it. She is very happy and tells the boy that he has saved Lord Ganesha's pet ride.,,Released,False,False,2007-07-06,121,0,0,0.2686,5.2,4,hi,,tt1065099,/qtjnRSh5LaG0k0z6ZULqmNWJm9I.jpg,,"[{""id"": 10751, ""name"": ""Family""}, {""id"": 14, ""name"": ""Fantasy""}]",[],"[{""iso_3166_1"": ""IN"", ""name"": ""India""}]","[{""english_name"": ""Hindi"", ""iso_639_1"": ""hi"", ""name"": ""\u0939\u093f\u0928\u094d\u0926\u0940""}]","[""IN""]",null
17433,Street Fighter Alpha: The Movie,ストリートファイターZERO - THE ANIMATION -,"Increasingly disturbed by the dark energies building within him, Ryu is confronted by Shun, a boy claiming to be the brother he never knew. But before Ryu can consider whether Shun's timely appearance might be more than coincidental, Shun is kidnapped by Shadowlaw. To recover Shun, Ryu must undertake the ultimate journey of self-discovery and learn to control the power threatening to consume him.",,Released,False,False,1999-12-22,100,0,0,2.3848,6.4,102,ja,,tt0185708,/k1mZ0gMgSsbdI15tRlFtLYnvXIA.jpg,/hNbMcDipWnMMmWzkOa0cuw7ZoSy.jpg,"[{""id"": 28, ""name"": ""Action""}, {""id"": 16, ""name"": ""Animation""}]","[{""id"": 5397, ""logo_path"": ""/ufEcABqc3fK5ehfwueZ684svd4N.png"", ""name"": ""Group TAC"", ""origin_country"": ""JP""}, {""id"": 7220, ""logo_path"": ""/dD0x5awPmtx4sAr2pNvkmxkCODh.png"", ""name"": ""Capcom"", ""origin_country"": ""JP""}, {""id"": 174948, ""logo_path"": null, ""name"": ""Plum"", ""origin_country"": ""JP""}, {""id"": 260321, ""logo_path"": null, ""name"": ""Polydor"", ""origin_country"": ""JP""}, {""id"": 287309, ""logo_path"": ""/eXnWLlDzLfJQImsmZ74up36hJ5S.png"", ""name"": ""Manga Entertainment"", ""origin_country"": ""US""}]","[{""iso_3166_1"": ""JP"", ""name"": ""Japan""}, {""iso_3166_1"": ""US"", ""name"": ""United States of America""}]","[{""english_name"": ""Japanese"", ""iso_639_1"": ""ja"", ""name"": ""\u65e5\u672c\u8a9e""}]","[""JP""]","{""id"": 1646397, ""name"": ""Street Fighter Alpha Collection"", ""poster_path"": ""/xGM9qcEGVPz4vpnHx1wBdvcfwlK.jpg"", ""backdrop_path"": null}"
17435,El Norte,El Norte,"Brother and sister Enrique and Rosa flee persecution at home in Guatemala and journey north, through Mexico and on to the United States, with the dream of starting a new life.",,Released,False,False,1983-10-11,141,800000,0,1.2975,7.1,78,es,https://www.lionsgate.com/movies/el-norte,tt0085482,/bgpz7gTpWmmBb26CcjVtiPE7Kfo.jpg,/5G54yKy3A6MFfwzQ5Q6rrYyjvrY.jpg,"[{""id"": 12, ""name"": ""Adventure""}, {""id"": 18, ""name"": ""Drama""}]","[{""id"": 626, ""logo_path"": null, ""name"": ""Independent Productions"", ""origin_country"": """"}, {""id"": 3906, ""logo_path"": ""/iSK5VQnKq7ZZKI3ge9K1DySvJYm.png"", ""name"": ""American Playhouse"", ""origin_country"": ""US""}]","[{""iso_3166_1"": ""US"", ""name"": ""United States of America""}]","[{""english_name"": ""English"", ""iso_639_1"": ""en"", ""name"": ""English""}, {""english_name"": ""Spanish"", ""iso_639_1"": ""es"", ""name"": ""Espa\u00f1ol""}]","[""US"", ""GB""]",null
17436,The Informers,The Informers,"A collection of intersecting short stories set in early 1980s Los Angeles, depicts a week in the lives of an assortment of socially alienated, mainly well-off characters who numb their sense of emptiness with casual sex, violence, and drugs.",Greed is good. Sex is easy. Youth is forever.,Released,False,False,2008-11-05,98,18000000,382174,3.1007,4.776,250,en,http://www.theinformers.com/,tt0865554,/yiXkvghbkYMQ3iMyhiI08GgtonC.jpg,/3HJBIGN4ZjX6xwNQsM9GlvZgZCX.jpg,"[{""id"": 18, ""name"": ""Drama""}, {""id"": 80, ""name"": ""Crime""}, {""id"": 53, ""name"": ""Thriller""}]","[{""id"": 3319, ""logo_path"": null, ""name"": ""Senator Entertainment"", ""origin_country"": ""US""}]","[{""iso_3166_1"": ""DE"", ""name"": ""Germany""}, {""iso_3166_1"": ""US"", ""name"": ""United States of America""}]","[{""english_name"": ""English"", ""iso_639_1"": ""en"", ""name"": ""English""}]","[""US""]",null
17439,Diggers,Diggers,"In 1976, four working-class friends come of age in The Hamptons, on the South Shore of Long Island, New York, as clam diggers, as were their fathers and their grandfathers before them. They must cope with and learn to face the changing times in both their personal lives and their neighborhood.",No one can drift forever.,Released,False,False,2007-04-27,96,0,66517,1.7164,6.0,49,en,http://www.diggersmovie.com/,tt0469897,/npNZT7xFFTMtEQjM7FrCe31fAxM.jpg,/uvbMG3kZxWb337fMzJHHZMcTHfV.jpg,"[{""id"": 35, ""name"": ""Comedy""}, {""id"": 18, ""name"": ""Drama""}]","[{""id"": 3097, ""logo_path"": ""/9wovALoSnGuHXLUw3Fn3n48rIN7.png"", ""name"": ""HDNet Films"", ""origin_country"": ""US""}, {""id"": 292784, ""logo_path"": null, ""name"": ""Dirty Rice"", ""origin_country"": """"}]","[{""iso_3166_1"": ""US"", ""name"": ""United States of America""}]","[{""english_name"": ""English"", ""iso_639_1"": ""en"", ""name"": ""English""}]","[""US""]",null
17443,...And Justice for All,...And Justice for All,An ethical Baltimore defense lawyer disgusted with rampant legal corruption is forced to defend a judge he despises in a rape trial under the threat of being disbarred.,Once in a while someone fights back.,Released,False,False,1979-10-19,119,6000000,33300000,3.4057,7.08,580,en,,tt0078718,/32NmJn0p4o9BdWVpEhuyxzwsqhL.jpg,/2Le14AZIvSfi08Cr2XA2UFJ8mdR.jpg,"[{""id"": 18, ""name"": ""Drama""}]","[{""id"": 5, ""logo_path"": ""/71BqEFAF4V3qjjMPCpLuyJFB9A.png"", ""name"": ""Columbia Pictures"", ""origin_country"": ""US""}]","[{""iso_3166_1"": ""US"", ""name"": ""United States of America""}]","[{""english_name"": ""Czech"", ""iso_639_1"": ""cs"", ""name"": ""\u010cesk\u00fd""}, {""english_name"": ""English"", ""iso_639_1"": ""en"", ""name"": ""English""}]","[""US""]",null
17445,Green Lantern: First Flight,Green Lantern: First Flight,"Test pilot Hal Jordan finds himself recruited as the newest member of the intergalactic police force, The Green Lantern Corps.",Superman was born a hero. Batman became a hero. But only Green Lantern was chosen.,Released,False,False,2009-07-28,75,3500000,0,2.3726,6.956,489,en,https://www.warnerbros.com/green-lantern-first-flight,tt1384590,/ii48ohKJrDPyrGGOBVJ8XSxr5Xk.jpg,/olCndjowxDs7YZrXm9OtT8vQ0Hb.jpg,"[{""id"": 28, ""name"": ""Action""}, {""id"": 12, ""name"": ""Adventure""}, {""id"": 14, ""name"": ""Fantasy""}, {""id"": 16, ""name"": ""Animation""}, {""id"": 878, ""name"": ""Science Fiction""}]","[{""id"": 429, ""logo_path"": ""/4Y00XuSMuP1gimd0jP6JT57QbCI.png"", ""name"": ""DC"", ""origin_country"": ""US""}, {""id"": 2785, ""logo_path"": ""/l5zW8jjmQOCx2dFmvnmbYmqoBmL.png"", ""name"": ""Warner Bros. Animation"", ""origin_country"": ""US""}]","[{""iso_3166_1"": ""US"", ""name"": ""United States of America""}]","[{""english_name"": ""English"", ""iso_639_1"": ""en"", ""name"": ""English""}, {""english_name"": ""Spanish"", ""iso_639_1"": ""es"", ""name"": ""Espa\u00f1ol""}]","[""US""]",null
17447,Jeffrey,Jeffrey,"Jeffrey, a gay man living in New York City with an overwhelming fear of contracting AIDS, concludes that being celibate is the only option to protect himself. As fate would have it, shortly after his declaration of a sex-free existence, he meets the handsome Steve Howard, his dream man -- except for his HIV-positive status. Facing this dilemma, Jeffrey turns to his best friend and an outrageous priest for guidance.",Love is an adventure when one of you is sure... and the other is positive.,Released,False,False,1995-08-18,92,0,3487767,2.3742,6.196,69,en,,tt0113464,/cacIqtIkUaD5xYqUUN1J7qJjciQ.jpg,/8dCgk9uer8DvMHKdC7wcyzPTwiA.jpg,"[{""id"": 35, ""name"": ""Comedy""}, {""id"": 18, ""name"": ""Drama""}, {""id"": 10749, ""name"": ""Romance""}]","[{""id"": 12909, ""logo_path"": null, ""name"": ""The Booking Office"", ""origin_country"": """"}, {""id"": 12910, ""logo_path"": null, ""name"": ""Workin' Man Films"", ""origin_country"": """"}]","[{""iso_3166_1"": ""US"", ""name"": ""United States of America""}]","[{""english_name"": ""English"", ""iso_639_1"": ""en"", ""name"": ""English""}, {""english_name"": ""French"", ""iso_639_1"": ""fr"", ""name"": ""Fran\u00e7ais""}]","[""US""]",null
17450,Pennies from Heaven,Pennies from Heaven,"During the Great Depression, a sheet music salesman seeks to escape his dreary life through popular music and a love affair with an innocent schoolteacher.","There's a world on both sides of the rainbow where songs come true and every time it rains, it rains Pennies from Heaven.",Released,False,False,1981-12-11,108,22000000,9171289,2.1628,6.0,102,en,,tt0082894,/7dlangnB2vOcviHEwWy1IRGHLtk.jpg,/8ESZCvqWnHRDJ4xorwQZ37RbXPb.jpg,"[{""id"": 18, ""name"": ""Drama""}, {""id"": 10402, ""name"": ""Music""}, {""id"": 10749, ""name"": ""Romance""}]","[{""id"": 16192, ""logo_path"": null, ""name"": ""Hera Productions"", ""origin_country"": ""US""}, {""id"": 396, ""logo_path"": ""/5iNXO7nAiSsms7ur1Qy2UwuwcDP.png"", ""name"": ""SLM Production Group"", ""origin_country"": ""US""}, {""id"": 21, ""logo_path"": ""/usUnaYV6hQnlVAXP6r4HwrlLFPG.png"", ""name"": ""Metro-Goldwyn-Mayer"", ""origin_country"": ""US""}]","[{""iso_3166_1"": ""US"", ""name"": ""United States of America""}]","[{""english_name"": ""English"", ""iso_639_1"": ""en"", ""name"": ""English""}]","[""US""]",null
17452,Pride,Pride,"The story of Suki, a lioness cub, who rebels against her mother and her Pride to mate with an unsuitable lion from the other side of the river.",,Released,False,False,2004-06-21,110,0,0,1.3251,6.2,75,en,,tt0363908,/smwTDsE33wGV8PFi3kz9h3kOUcr.jpg,/pbeG7KNVUDTNvvM7ucPzAkIPFDd.jpg,"[{""id"": 12, ""name"": ""Adventure""}, {""id"": 18, ""name"": ""Drama""}, {""id"": 10751, ""name"": ""Family""}]","[{""id"": 3324, ""logo_path"": ""/dqT3yOTlfJRmtvk52Ccd1O6dZ0A.png"", ""name"": ""BBC"", ""origin_country"": ""GB""}, {""id"": 3325, ""logo_path"": null, ""name"": ""John Downer Productions Ltd."", ""origin_country"": """"}]","[{""iso_3166_1"": ""GB"", ""name"": ""United Kingdom""}]","[{""english_name"": ""English"", ""iso_639_1"": ""en"", ""name"": ""English""}]","[""GB""]",null
17455,Hellraiser: Deader,Hellraiser: Deader,"When a tough-as-nails reporter is lead to a mysterious cult and the evil Pinhead, any moment could be her last.","The latest, most terrifying evil.",Released,False,False,2005-06-07,89,4000000,0,1.7587,4.608,371,en,,tt0337636,/dsKRtNIPFcmxhs6RDOMRCm0PfkW.jpg,/cARh4D78SYGvOiLCjTjYA5PkCxe.jpg,"[{""id"": 27, ""name"": ""Horror""}, {""id"": 53, ""name"": ""Thriller""}]","[{""id"": 7405, ""logo_path"": ""/rfnws0uY8rsNAsrLbx3gEIcYXx3.png"", ""name"": ""Dimension Films"", ""origin_country"": ""US""}, {""id"": 3121, ""logo_path"": null, ""name"": ""Stan Winston Productions"", ""origin_country"": ""US""}, {""id"": 2811, ""logo_path"": null, ""name"": ""Neo Art & Logic"", ""origin_country"": """"}, {""id"": 1370, ""logo_path"": ""/uch218gB4XWNz3JNhlc65A5Q207.png"", ""name"": ""Castel Film"", ""origin_country"": ""RO""}]","[{""iso_3166_1"": ""RO"", ""name"": ""Romania""}, {""iso_3166_1"": ""US"", ""name"": ""United States of America""}]","[{""english_name"": ""English"", ""iso_639_1"": ""en"", ""name"": ""English""}]","[""US""]","{""id"": 8917, ""name"": ""Hellraiser Collection"", ""poster_path"": ""/lIK0UgJsA18Z5I1PwpucXzgyF3A.jpg"", ""backdrop_path"": ""/g0XtsgbwFcFHNZGarpk6qAOPX7T.jpg""}"
17456,BloodRayne II: Deliverance,BloodRayne II: Deliverance,"Rayne, a half-human half-vampire warrior, is in the America's 1880's Wild West to stop the vampired Billy the Kid and his posse of vampire cowboys.",A heart-stopping adventure!,Released,False,False,2007-09-18,99,10000000,167445,1.726,4.0,255,en,,tt0896036,/o7kx4ppzsBvNU0QriESvslcpWve.jpg,/xrvU5fxHWKHpLHj9R6CaGyV11sn.jpg,"[{""id"": 27, ""name"": ""Horror""}, {""id"": 37, ""name"": ""Western""}, {""id"": 14, ""name"": ""Fantasy""}]","[{""id"": 1062, ""logo_path"": null, ""name"": ""Boll Kino Beteiligungs GmbH & Co. KG"", ""origin_country"": ""DE""}, {""id"": 1063, ""logo_path"": ""/fpVBhNnopOZwGuF0gg99oBHp1ht.png"", ""name"": ""Brightlight Pictures"", ""origin_country"": ""CA""}, {""id"": 5723, ""logo_path"": null, ""name"": ""Pitchblack Pictures"", ""origin_country"": ""CA""}, {""id"": 6345, ""logo_path"": ""/pctomojbRLZNdYB0muFoZiaYdPI.png"", ""name"": ""Lighthouse Pictures"", ""origin_country"": ""CA""}]","[{""iso_3166_1"": ""CA"", ""name"": ""Canada""}, {""iso_3166_1"": ""DE"", ""name"": ""Germany""}]","[{""english_name"": ""English"", ""iso_639_1"": ""en"", ""name"": ""English""}]","[""CA"", ""DE""]","{""id"": 97307, ""name"": ""BloodRayne Collection"", ""poster_path"": ""/778o7uUMVMdyPrGav4Cfv9cW7MQ.jpg"", ""backdrop_path"": ""/tSiYzuDL8i3yyVyCnxGtwLjA3Tz.jpg""}"
17457,The Twins Effect,千機變,"An evil Duke attempts to kill and collect the blood of a royal family of European vampires in order to become all powerful. The only surviving member of the family travels to Hong Kong, only to complicate his struggle by falling in love with a mortal girl who just happens to have a vampire hunter for a brother.",A new age of darkness is dawning.,Released,False,False,2003-03-08,107,0,3639926,5.0677,6.1,185,cn,,tt0351887,/frwUWEGWFiIlYekPRuZFG5N250Q.jpg,/jkEoGVpGmhDyRrF7xhPgtE0tM8o.jpg,"[{""id"": 28, ""name"": ""Action""}, {""id"": 35, ""name"": ""Comedy""}, {""id"": 27, ""name"": ""Horror""}]","[{""id"": 3320, ""logo_path"": null, ""name"": ""Emperor Multimedia Group"", ""origin_country"": ""HK""}, {""id"": 3321, ""logo_path"": null, ""name"": ""Million Channel Ltd."", ""origin_country"": """"}, {""id"": 129425, ""logo_path"": null, ""name"": ""Goldpeak"", ""origin_country"": """"}]","[{""iso_3166_1"": ""HK"", ""name"": ""Hong Kong""}]","[{""english_name"": ""Cantonese"", ""iso_639_1"": ""cn"", ""name"": ""\u5e7f\u5dde\u8bdd / \u5ee3\u5dde\u8a71""}]","[""HK""]","{""id"": 192541, ""name"": ""The Twins Effect Collection"", ""poster_path"": ""/o6NAml8DpguaI20s8ITE1Oubahd.jpg"", ""backdrop_path"": ""/9TZdfribk0oEQbJoZ0dznnx4HcX.jpg""}"
17460,Blame It on Fidel!,La faute à Fidel!,A 9-year-old girl weathers big changes in her household as her parents become radical political activists in 1970-71 Paris.,,Released,False,False,2006-11-29,99,0,0,0.4761,6.969,65,fr,,tt0792966,/cMhgXisVDyoOGaXzFe0x1SAifF4.jpg,/a2ku60IXRzazfSbn8TDsQ3iAOCv.jpg,"[{""id"": 36, ""name"": ""History""}, {""id"": 18, ""name"": ""Drama""}]",[],"[{""iso_3166_1"": ""FR"", ""name"": ""France""}, {""iso_3166_1"": ""IT"", ""name"": ""Italy""}]","[{""english_name"": ""French"", ""iso_639_1"": ""fr"", ""name"": ""Fran\u00e7ais""}]","[""FR""]",null
17464,Breakin' 2: Electric Boogaloo,Breakin' 2: Electric Boogaloo,"The dance crew from ""Breakin'"" bands together to save a community center from a greedy developer bent on building a shopping center in its place.",They're Back... For Everyone Who Believes In the Beat.,Released,False,False,1984-12-21,94,0,0,1.4663,5.0,86,en,,tt0086999,/3RV0NNZ8p3XcdVnrr8bLILuH1x9.jpg,/iy7vybBK8pRUKaip9sIfUbxl3Fd.jpg,"[{""id"": 18, ""name"": ""Drama""}, {""id"": 10402, ""name"": ""Music""}]","[{""id"": 1444, ""logo_path"": ""/1848gsFuV3EGewKg8xWADAyJUVy.png"", ""name"": ""The Cannon Group"", ""origin_country"": ""US""}, {""id"": 13549, ""logo_path"": null, ""name"": ""Golan-Globus Productions"", ""origin_country"": ""US""}]","[{""iso_3166_1"": ""US"", ""name"": ""United States of America""}]","[{""english_name"": ""English"", ""iso_639_1"": ""en"", ""name"": ""English""}, {""english_name"": ""Italian"", ""iso_639_1"": ""it"", ""name"": ""Italiano""}]","[""US""]","{""id"": 92222, ""name"": ""Breakin' Collection"", ""poster_path"": ""/dMyUiGhcCE467A3sfYBg5sJQ7PA.jpg"", ""backdrop_path"": ""/q5zhNf6vS9NZN5QW9Zx251qrtlt.jpg""}"
17465,Youngblood,Youngblood,A skilled young hockey prospect hoping to attract the attention of professional scouts is pressured to show that he can fight if challenged during his stay in a Canadian minor hockey town. His on-ice activities are complicated by his relationship with the coach's daughter.,The ice... The fire... The fight... To be the best.,Released,False,False,1986-01-31,110,0,0,2.4401,6.1,241,en,,tt0092272,/SLQRH3AlTJHXk6ZuW0yMAelMlj.jpg,/7BlCuxZ0MT2Ix2Wah48oo821QIT.jpg,"[{""id"": 18, ""name"": ""Drama""}, {""id"": 10749, ""name"": ""Romance""}]","[{""id"": 60, ""logo_path"": ""/4YldLvCWQL9VIAHQ2Fu3Ffkh9Si.png"", ""name"": ""United Artists"", ""origin_country"": ""US""}, {""id"": 276, ""logo_path"": null, ""name"": ""The Guber-Peters Company"", ""origin_country"": ""US""}, {""id"": 21, ""logo_path"": ""/usUnaYV6hQnlVAXP6r4HwrlLFPG.png"", ""name"": ""Metro-Goldwyn-Mayer"", ""origin_country"": ""US""}]","[{""iso_3166_1"": ""US"", ""name"": ""United States of America""}]","[{""english_name"": ""English"", ""iso_639_1"": ""en"", ""name"": ""English""}]","[""US""]",null
17466,Death Warrant,Death Warrant,"Canadian policeman Louis Burke is assigned in a jail to investigate the murders of prisoners and jailors. While there, Louis, using his outstanding martial arts skills, is able to save his life and make himself respected in this violent world.",He loves a good fight.,Released,False,False,1990-09-14,89,4000000,46700000,3.4114,6.223,613,en,,tt0099385,/95mcKAcTgvonhx3BS5psLguyEVu.jpg,/mYiTorq97lCQHUDTbk7M4jiT5B0.jpg,"[{""id"": 28, ""name"": ""Action""}, {""id"": 80, ""name"": ""Crime""}, {""id"": 53, ""name"": ""Thriller""}, {""id"": 9648, ""name"": ""Mystery""}]","[{""id"": 15526, ""logo_path"": null, ""name"": ""MGM-Path\u00e9 Communications"", ""origin_country"": ""US""}, {""id"": 21, ""logo_path"": ""/usUnaYV6hQnlVAXP6r4HwrlLFPG.png"", ""name"": ""Metro-Goldwyn-Mayer"", ""origin_country"": ""US""}]","[{""iso_3166_1"": ""US"", ""name"": ""United States of America""}]","[{""english_name"": ""English"", ""iso_639_1"": ""en"", ""name"": ""English""}]","[""CA"", ""US""]",null
17467,Riki-Oh: The Story of Ricky,力王,"In 2001, where all correctional facilities have been privatized, martial artist Ricky finds himself victim to the corrupt system, found ""guilty"" of the manslaughter of an infamous crime boss.",,Released,False,False,1991-10-05,93,0,0,6.9632,6.9,362,cn,,tt0102293,/dzG0PAbBDLbJSYuv2SM2Mjxw2MH.jpg,/lBmfYtJherlJgoBAVskC7eRgnht.jpg,"[{""id"": 28, ""name"": ""Action""}, {""id"": 80, ""name"": ""Crime""}, {""id"": 35, ""name"": ""Comedy""}, {""id"": 53, ""name"": ""Thriller""}]","[{""id"": 3326, ""logo_path"": null, ""name"": ""Diagonal Pictures"", ""origin_country"": ""HK""}, {""id"": 2734, ""logo_path"": null, ""name"": ""Paragon Films"", ""origin_country"": ""HK""}, {""id"": 2521, ""logo_path"": ""/e9lXexogBN1nOXA8axzASggea8B.png"", ""name"": ""Orange Sky Golden Harvest"", ""origin_country"": ""HK""}]","[{""iso_3166_1"": ""HK"", ""name"": ""Hong Kong""}]","[{""english_name"": ""Cantonese"", ""iso_639_1"": ""cn"", ""name"": ""\u5e7f\u5dde\u8bdd / \u5ee3\u5dde\u8a71""}]","[""HK""]",null
17469,The Cradle,The Cradle,"When Frank and Julie move to a small isolated town with their son Sam, both Julie and Sam become ill. Driven by terrifying nightmares of torture that come true Frank begs a local midwife Helen to care for Sam as he desperately searches for a way to stop this curse on his family.",,Released,False,False,2007-07-31,107,0,0,0.7704,4.1,14,en,,tt0871020,/uPBsRyAXdwh5nGdQ7ONuwKLeCvA.jpg,/za7gd75MOJCt0J2aXDdUAh5AYNO.jpg,"[{""id"": 27, ""name"": ""Horror""}, {""id"": 53, ""name"": ""Thriller""}]",[],"[{""iso_3166_1"": ""US"", ""name"": ""United States of America""}]","[{""english_name"": ""English"", ""iso_639_1"": ""en"", ""name"": ""English""}]","[""US""]",null
17470,Arc,Arc,"Set in the belly of Los Angeles' criminal underworld, Arc is the story of Paris Pritchert, a former police officer turned drug dealer and addict, who embarks on a quest to find a missing child in the hope of redeeming his eroding character. The only catch is, like all addicts, Paris' confidence completely relies on the drugs in his system and -- in this case -- his firm belief that he can succeed in his mission if he can just stay high 24/7 and alive long enough to see it through. To aid in the endeavor, Paris enlists the help of Maya Gibbs, an African American prostitute versed not only in the language of the street, but also in the words of Maya Angelou and Nadine Gordimer. And together, the path of this dysfunctional duo crosses with those of the child's parents, a doctor with a penchant for soliciting ""Street Boys"", a self-ascribed King Of Porn, a drug supplier with a gift for making impeccable hors d'oeuvres, and a hardened cop with more scams than the most adept street hustler.",,Released,False,False,2006-10-20,113,650000,0,0.975,5.6,9,en,,tt0756618,/u89zkqN6Mv3NiNuUeM7Qjqbwu8r.jpg,/41tnzOX5rHdrOuMwFDlq1KSNW62.jpg,"[{""id"": 18, ""name"": ""Drama""}, {""id"": 9648, ""name"": ""Mystery""}, {""id"": 53, ""name"": ""Thriller""}]",[],"[{""iso_3166_1"": ""US"", ""name"": ""United States of America""}]","[{""english_name"": ""English"", ""iso_639_1"": ""en"", ""name"": ""English""}]","[""US""]",null
17473,The Room,The Room,"Johnny is a successful banker with great respect for and dedication to the people in his life, especially his future wife Lisa. The happy-go-lucky guy sees his world being torn apart when his friends begin to betray him one-by-one.",Can you ever really trust anyone?,Released,False,False,2003-06-27,100,6000000,1752988,3.26,4.0,1512,en,http://www.theroommovie.com/,tt0368226,/9QscHN4pXj6Ja1k7e1ZT4vWDGnr.jpg,/6OnOH5FIp0ZJQgPlu0ehDfXzVyp.jpg,"[{""id"": 18, ""name"": ""Drama""}, {""id"": 10749, ""name"": ""Romance""}]","[{""id"": 3330, ""logo_path"": null, ""name"": ""Chloe Productions"", ""origin_country"": ""US""}, {""id"": 3331, ""logo_path"": null, ""name"": ""TPW Films"", ""origin_country"": ""US""}, {""id"": 3332, ""logo_path"": null, ""name"": ""Wiseau-Films"", ""origin_country"": ""US""}]","[{""iso_3166_1"": ""US"", ""name"": ""United States of America""}]","[{""english_name"": ""English"", ""iso_639_1"": ""en"", ""name"": ""English""}]","[""US""]",null
17474,The Man in the Moon,The Man in the Moon,"Maureen Trant and her younger sibling Dani share a strong connection, but local boy Court Foster threatens to throw their bond off balance. Dani and Court meet first and have a flirtatious rapport -- but when he meets Maureen, he falls hard and they begin a passionate affair. The new couple try to keep their love hidden from Dani, but she soon learns the truth, disavowing her sister. But a heartbreaking accident later reunites the girls.","Remember when you couldn't wait for your life to begin... and then, one day, it did?",Released,False,False,1991-09-30,99,1237669,2853801,3.8122,7.3,348,en,,tt0102388,/57r0TXlqV5GIn4h0Htgh81OZou9.jpg,/8odZHjwMWWUg2gntUjndLIb8sT0.jpg,"[{""id"": 18, ""name"": ""Drama""}, {""id"": 10751, ""name"": ""Family""}, {""id"": 10749, ""name"": ""Romance""}]","[{""id"": 15526, ""logo_path"": null, ""name"": ""MGM-Path\u00e9 Communications"", ""origin_country"": ""US""}, {""id"": 21, ""logo_path"": ""/usUnaYV6hQnlVAXP6r4HwrlLFPG.png"", ""name"": ""Metro-Goldwyn-Mayer"", ""origin_country"": ""US""}]","[{""iso_3166_1"": ""US"", ""name"": ""United States of America""}]","[{""english_name"": ""English"", ""iso_639_1"": ""en"", ""name"": ""English""}]","[""US""]",null
17478,Dhoom,धूम,A gang of bikers headed by the cool-headed and arrogant Kabir is on a robbing spree in Mumbai.  ACP Jai Dixit is put in charge of the case and he recruits a bumbling bike mechanic and racer to help Jai nab them.,One brave cop... one smart thief... one cool biker... together they create...  Dhoom,Released,False,False,2004-08-27,129,1500000,12000000,1.6812,6.214,229,hi,http://www.yashrajfilms.com/microsites/dhoom/dhoommicro/microflash.htm,tt0422091,/A7fxXAsuYEohxYNl8YeH3FYkuDv.jpg,/eV12yI0mkMfwIcAz5b8d1XH1dBg.jpg,"[{""id"": 28, ""name"": ""Action""}, {""id"": 80, ""name"": ""Crime""}, {""id"": 18, ""name"": ""Drama""}, {""id"": 53, ""name"": ""Thriller""}]","[{""id"": 1569, ""logo_path"": ""/lvzN86o3jrP44DIvn4SMBLOl9PF.png"", ""name"": ""Yash Raj Films"", ""origin_country"": ""IN""}, {""id"": 206976, ""logo_path"": null, ""name"": ""Dhoom Studios"", ""origin_country"": ""IN""}]","[{""iso_3166_1"": ""IN"", ""name"": ""India""}]","[{""english_name"": ""Hindi"", ""iso_639_1"": ""hi"", ""name"": ""\u0939\u093f\u0928\u094d\u0926\u0940""}, {""english_name"": ""English"", ""iso_639_1"": ""en"", ""name"": ""English""}]","[""IN""]","{""id"": 44976, ""name"": ""Dhoom Collection"", ""poster_path"": ""/oUji5x8mf97WtbzcjY496yNHZga.jpg"", ""backdrop_path"": ""/sryVaKG3Bj6bQAze2jYNltUrZZi.jpg""}"
17479,Alexandra,Александра,"Elderly Aleksandra visits her Russian soldier grandson, Denis, at the Chechen war front, providing comfort as she tours his army. All the while, Denis ponders the reason for her unexpected appearance.",,Released,False,False,2007-06-03,95,0,0,0.8693,6.0,44,ru,,tt1034427,/6U6akMnCZyss1EVOR5P2SPHnDRz.jpg,/cyNQ1DRIQEBUekV5aZ9WMhfcd78.jpg,"[{""id"": 10752, ""name"": ""War""}, {""id"": 18, ""name"": ""Drama""}]","[{""id"": 3327, ""logo_path"": ""/qhDTiAJRhfFdiao6s2KS1EhwyCz.png"", ""name"": ""Proline Film"", ""origin_country"": ""RU""}, {""id"": 30231, ""logo_path"": ""/wLtLQvO75g9YUcWLKhwZv6RaDuu.png"", ""name"": ""Rezo Productions"", ""origin_country"": ""FR""}, {""id"": 84476, ""logo_path"": ""/7ngBwdcysxR4PsKmqLR45g3K4im.png"", ""name"": ""Federal Agency for Culture and Cinematography of the Russian Federation"", ""origin_country"": ""RU""}, {""id"": 310, ""logo_path"": ""/4Gp5A4YdjPBfsHT47ngHMaXWmb9.png"", ""name"": ""CNC"", ""origin_country"": ""FR""}]","[{""iso_3166_1"": ""FR"", ""name"": ""France""}, {""iso_3166_1"": ""RU"", ""name"": ""Russia""}]","[{""english_name"": ""Russian"", ""iso_639_1"": ""ru"", ""name"": ""P\u0443\u0441\u0441\u043a\u0438\u0439""}, {""english_name"": ""Chechen"", ""iso_639_1"": ""ce"", ""name"": """"}]","[""RU""]",null
17480,"That's It, That's All","That's It, That's All","Dedicated to everything snowboarding, Travis Rice and a dream team crew set out on a seek-and-destroy operation for the new zone, the new trick and the new perspective on the sport. Aspiring to bring you closer, the Hi Def, 35mm, super16 footage answers the question why Trice and his friends have poured blood, sweat, tears and soul into a simple thing like snowboarding.",,Released,False,False,2008-11-15,63,0,0,0.2824,6.5,11,en,http://www.thatsit-thatsall.com,tt1346516,/e6sNANczavsUEvnXWy0975Zt8bg.jpg,/4hGqfFhsNVhr1QL9RiDhH3NBzXH.jpg,"[{""id"": 99, ""name"": ""Documentary""}]","[{""id"": 4932, ""logo_path"": ""/b7iNfw2oI8L3rCQG3Km7pUyFf5f.png"", ""name"": ""Brain Farm"", ""origin_country"": ""US""}]","[{""iso_3166_1"": ""US"", ""name"": ""United States of America""}]","[{""english_name"": ""English"", ""iso_639_1"": ""en"", ""name"": ""English""}]","[""US""]",null
17481,The Adventures of Sherlock Holmes,The Adventures of Sherlock Holmes,"Having once again avoided criminal conviction, Professor Moriarity develops a murderous plan to “finish off” his last major nemesis, Sherlock Holmes, by making him fail to prevent the perfect crime.  Does it involve a family curse, the crown jewels of England, or something else…",The struggle of super-minds in the crime of the century!,Released,False,False,1939-09-01,85,0,0,2.3147,6.91,162,en,,tt0031022,/oNE3GyeA9ZUCzI9jYTgNy7vYTfO.jpg,/qpNgzjflNBqzp4kc5QtYIBceWoB.jpg,"[{""id"": 80, ""name"": ""Crime""}, {""id"": 9648, ""name"": ""Mystery""}, {""id"": 53, ""name"": ""Thriller""}]","[{""id"": 25, ""logo_path"": ""/qZCc1lty5FzX30aOCVRBLzaVmcp.png"", ""name"": ""20th Century Fox"", ""origin_country"": ""US""}]","[{""iso_3166_1"": ""US"", ""name"": ""United States of America""}]","[{""english_name"": ""English"", ""iso_639_1"": ""en"", ""name"": ""English""}]","[""US""]","{""id"": 478628, ""name"": ""Sherlock Holmes (Basil Rathbone) Collection"", ""poster_path"": ""/z3Ti5K3GkIkyZR8yuKKTm8sZg9l.jpg"", ""backdrop_path"": ""/e5NsMo56xOYqt1EwOvy5GYlGrLx.jpg""}"
17482,Dark Remains,Dark Remains,"After their daughter is brutally murdered in their home, a grieving young couple, Allena and Julie Pkye; escape the city to find solace in the mountains. Julie photographs an abandoned prison she finds in the woods. Upon developing the prints, she becomes convinced her dead daughter is contacting her through the photographs.",,Released,False,False,2005-10-27,91,0,0,0.4021,4.2,28,en,,tt0433360,/jRZSFKSzRYuxIc5D80mOTfDftSu.jpg,/6gP4jf7WI2YA8tlzXv3j0J1p6YC.jpg,"[{""id"": 27, ""name"": ""Horror""}]","[{""id"": 3329, ""logo_path"": null, ""name"": ""Avenet Images Productions"", ""origin_country"": """"}]","[{""iso_3166_1"": ""US"", ""name"": ""United States of America""}]","[{""english_name"": ""English"", ""iso_639_1"": ""en"", ""name"": ""English""}]","[""US""]",null
17483,Shelter,Shelter,"Forced to give up his dreams of art school, Zach works dead-end jobs to support his sister and her son. Questioning his life, he paints, surfs and hangs out with his best friend, Gabe. When Gabe's older brother returns home for the summer, Zach suddenly finds himself drawn into a relationship he didn't expect.",The power of being true to yourself.,Released,False,False,2007-06-16,89,500000,142666,2.8585,7.76,499,en,,tt0942384,/eYA8KiSnIAbxtoIgg4lpZjB0dfz.jpg,/4cK3YaPMAnyfqrpfMXlB9qyQbAL.jpg,"[{""id"": 18, ""name"": ""Drama""}, {""id"": 10749, ""name"": ""Romance""}]","[{""id"": 3328, ""logo_path"": null, ""name"": ""GP Pictures"", ""origin_country"": """"}]","[{""iso_3166_1"": ""US"", ""name"": ""United States of America""}]","[{""english_name"": ""English"", ""iso_639_1"": ""en"", ""name"": ""English""}]","[""US""]",null
17485,Craig Ferguson: A Wee Bit o' Revolution,Craig Ferguson: A Wee Bit o' Revolution,"Craig Ferguson, the Scotland-born host of the Emmy-nominated ""The Late Late Show,"" takes the stage at Boston's Wilbur Theatre for this performance captured during the East Coast leg of his 2008 stand-up tour. Known for his amusing observations and wry humor, the newly anointed United States citizen takes a swing at a variety of pop culture topics.",,Released,False,False,2009-03-22,80,0,0,0.2533,5.4,9,en,,tt1395034,/r3TbM1Hv41Z1Zc9SM39P78v2re.jpg,,"[{""id"": 35, ""name"": ""Comedy""}]",[],"[{""iso_3166_1"": ""US"", ""name"": ""United States of America""}]","[{""english_name"": ""English"", ""iso_639_1"": ""en"", ""name"": ""English""}]","[""US""]",null
