id,title,original_title,overview,tagline,status,adult,video,release_date,runtime,budget,revenue,popularity,vote_average,vote_count,original_language,homepage,imdb_id,poster_path,backdrop_path,genres,production_companies,production_countries,spoken_languages,origin_country,belongs_to_collection
161854,Betty Boop's May Party,Betty Boop's May Party,"Betty and Bimbo, as Queen and King of the May, host a giant outdoor party that gets sprayed with rubber. Koko appears briefly.",,Released,False,False,1933-05-11,6,0,0,0.124,6.0,9,en,,tt0023802,/dObCZfNZT0Hx62KQpaMoBdY64Y2.jpg,/kFh8214gPy4iEKxkEawHUZ3teS3.jpg,"[{""id"": 35, ""name"": ""Comedy""}, {""id"": 16, ""name"": ""Animation""}]","[{""id"": 8302, ""logo_path"": null, ""name"": ""Fleischer Studios"", ""origin_country"": ""US""}]","[{""iso_3166_1"": ""US"", ""name"": ""United States of America""}]","[{""english_name"": ""English"", ""iso_639_1"": ""en"", ""name"": ""English""}]","[""US""]",null
161855,Ain't She Sweet,Ain't She Sweet,"19th century song pluggers in vaudeville theaters and in the streets invited audiences to join in the chorus; this tradition of participation appeared in movie theaters by the mid-teens. When sound arrived, Fleischer Studios’ delightful “Screen Songs” added witty animated prologues and celebrity singers to prepare the audience for the ball that bounced through the lyrics.",,Released,False,False,1933-02-02,8,0,0,0.1439,5.6,5,en,,tt0023747,/df71eB9TgRFRthsZfTIg9FbU2Qm.jpg,,"[{""id"": 16, ""name"": ""Animation""}, {""id"": 10402, ""name"": ""Music""}]","[{""id"": 4, ""logo_path"": ""/jay6WcMgagAklUt7i9Euwj1pzTF.png"", ""name"": ""Paramount Pictures"", ""origin_country"": ""US""}, {""id"": 8302, ""logo_path"": null, ""name"": ""Fleischer Studios"", ""origin_country"": ""US""}]","[{""iso_3166_1"": ""US"", ""name"": ""United States of America""}]",[],"[""US""]",null
161856,Rough on Rats,Rough on Rats,"An animated short, part of Van Beuren's Aesop Fables collection.",,Released,False,False,1933-07-13,7,0,0,0.051,6.5,4,en,,tt0147286,/xXuNXrf9AvfgM2c2rBVPAEu3hGQ.jpg,,"[{""id"": 16, ""name"": ""Animation""}]","[{""id"": 7515, ""logo_path"": null, ""name"": ""Van Beuren Studios"", ""origin_country"": ""US""}]","[{""iso_3166_1"": ""US"", ""name"": ""United States of America""}]","[{""english_name"": ""English"", ""iso_639_1"": ""en"", ""name"": ""English""}]","[""US""]",null
161858,Betty Boop's Birthday Party,Betty Boop's Birthday Party,Betty drudges in the kitchen alone until her friends (including Bimbo and Koko) hold a surprise birthday party for her… which gets rowdy.,,Released,False,False,1933-04-20,7,0,0,0.3009,5.1,5,en,,tt0023798,/rp1sJKz7aT93tI8O7hC3wbEm0ZA.jpg,/xVOmeA7theprmfSNSPCEfKEfPrI.jpg,"[{""id"": 35, ""name"": ""Comedy""}, {""id"": 16, ""name"": ""Animation""}]","[{""id"": 8302, ""logo_path"": null, ""name"": ""Fleischer Studios"", ""origin_country"": ""US""}]","[{""iso_3166_1"": ""US"", ""name"": ""United States of America""}]","[{""english_name"": ""English"", ""iso_639_1"": ""en"", ""name"": ""English""}]","[""US""]",null
161859,Hook and Ladder Hokum,Hook and Ladder Hokum,Tom and Jerry are firemen working to rescue the top floor residents of a burning apartment house.,,Released,False,False,1933-04-27,6,0,0,0.1786,6.0,3,en,,tt0024137,/1tvxCWVB26zMZ730BgiBHE4uTpT.jpg,,"[{""id"": 16, ""name"": ""Animation""}, {""id"": 35, ""name"": ""Comedy""}]","[{""id"": 7515, ""logo_path"": null, ""name"": ""Van Beuren Studios"", ""origin_country"": ""US""}]","[{""iso_3166_1"": ""US"", ""name"": ""United States of America""}]",[],"[""US""]",null
161861,"Morning, Noon and Night","Morning, Noon and Night","To the tune of Rubinoff and his orchestra, Betty Boop and feathered friends try to save a baby bird from the booze-swilling Tom Kats Club.",,Released,False,False,1933-10-05,8,0,0,0.0968,5.2,8,en,,tt0024354,/6ia3ibTAY7UiJJxGd3gVP3pxbfs.jpg,/zEMWuBUJwxnRhUXmJ1lFi7Gf4pE.jpg,"[{""id"": 16, ""name"": ""Animation""}]","[{""id"": 8302, ""logo_path"": null, ""name"": ""Fleischer Studios"", ""origin_country"": ""US""}]","[{""iso_3166_1"": ""US"", ""name"": ""United States of America""}]",[],"[""US""]",null
161862,Bosko's Picture Show,Bosko's Picture Show,"Bosko runs a movie theater that shows a wacky newsreel with Jack Dumpsey, a slapstick short from Haurel and Lardy, and a turn-of-the-century melodrama starring Honey.",,Released,False,False,1933-08-26,6,0,0,0.1221,6.3,15,en,,tt0023836,/3V3l5q03E0R1S6R5X2VNivpZIZM.jpg,/AreTsRU1Ih1CVHi4313WQlSzzpP.jpg,"[{""id"": 16, ""name"": ""Animation""}, {""id"": 35, ""name"": ""Comedy""}, {""id"": 12, ""name"": ""Adventure""}, {""id"": 10402, ""name"": ""Music""}]","[{""id"": 8298, ""logo_path"": ""/r6cuEYq7DqrHCNVa7vSanTS0cuw.png"", ""name"": ""Warner Bros. Cartoons"", ""origin_country"": ""US""}, {""id"": 9329, ""logo_path"": ""/aue5pVfj9TcjYEOufkcuCbAL5hE.png"", ""name"": ""The Vitaphone Corporation"", ""origin_country"": ""US""}, {""id"": 106840, ""logo_path"": null, ""name"": ""Harman-Ising Productions"", ""origin_country"": ""US""}]","[{""iso_3166_1"": ""US"", ""name"": ""United States of America""}]","[{""english_name"": ""English"", ""iso_639_1"": ""en"", ""name"": ""English""}]","[""US""]",null
161863,Betty Boop's Penthouse,Betty Boop's Penthouse,"While Bimbo and Koko admire Betty, their experiment becomes a monster.",,Released,False,False,1933-03-10,6,0,0,0.1506,6.9,14,en,,tt0023803,/8RPkZWnwYAvVg2LFQyWHlpOWRKc.jpg,/sooerm90YVrvQ4VPj0AEK4FDmYK.jpg,"[{""id"": 35, ""name"": ""Comedy""}, {""id"": 16, ""name"": ""Animation""}]","[{""id"": 8302, ""logo_path"": null, ""name"": ""Fleischer Studios"", ""origin_country"": ""US""}]","[{""iso_3166_1"": ""US"", ""name"": ""United States of America""}]","[{""english_name"": ""English"", ""iso_639_1"": ""en"", ""name"": ""English""}]","[""US""]",null
161864,Magic Mummy,Magic Mummy,"Tom and Jerry are police officers, driving around in their car and enjoying listening to some music on their police radio, when they hear a bulletin announcing another theft of a mummy from the local museum. They stumble upon the culprit, a mysterious and ghoulish man who is carrying a coffin through a secret door in a cemetery. They sneak in after him and watch him command the mummy to life; it is a beautiful woman, who he then commands to sing for his audience of skeletal theatre-goers.",,Released,False,False,1933-02-06,7,0,0,0.1306,5.7,6,en,,tt0151440,/bygf9wekCPhSdwfJxfUW5qsobPx.jpg,,"[{""id"": 16, ""name"": ""Animation""}, {""id"": 35, ""name"": ""Comedy""}, {""id"": 10751, ""name"": ""Family""}, {""id"": 27, ""name"": ""Horror""}]","[{""id"": 7515, ""logo_path"": null, ""name"": ""Van Beuren Studios"", ""origin_country"": ""US""}]","[{""iso_3166_1"": ""US"", ""name"": ""United States of America""}]",[],"[""US""]",null
161865,Mickey's Mechanical Man,Mickey's Mechanical Man,"Mickey has built a robot to compete in the boxing ring against the giant gorilla, the Kongo Killer. Whenever it hears Minnie's car horn, it goes crazy and starts punching any picture of Killer that it sees, even if it's on a brick wall, thus hurting itself. Mickey manages to barely patch his robot together to take on Killer, but after some early success, it gets pummeled by the ape. Minnie fetches the car horn, which brings it back, and it trounces Killer, then flies apart.",,Released,False,False,1933-06-16,7,0,0,0.6082,6.3,25,en,,tt0024330,/qTQJWsXERcNe8AoPkoXx6yYMy8w.jpg,/3nWqVlvK9OPOSUiecParZUsWFiP.jpg,"[{""id"": 16, ""name"": ""Animation""}]","[{""id"": 3166, ""logo_path"": ""/jmPS1qPfKnISciDF7RnUbh48jvK.png"", ""name"": ""Walt Disney Productions"", ""origin_country"": ""US""}]","[{""iso_3166_1"": ""US"", ""name"": ""United States of America""}]","[{""english_name"": ""English"", ""iso_639_1"": ""en"", ""name"": ""English""}]","[""US""]",null
161866,I've Got to Sing a Torch Song,I've Got to Sing a Torch Song,"Blackout gags and music, including the title song originated in the movie musical Gold Diggers of 1933. Hollywood figures caricatured include Tallulah Bankhead, Joan Blondell, James Cagney, Bing Crosby, Guy Kibbee, Zasu Pitts, Mae West, Bert Wheeler and Bob Woolsey, Ed Wynn, George Bernard Shaw, Mussolini, Ben Bernie, The Boswell Sisters and Greta Garbo, who does the ""Dat's all, folks!"".",,Released,False,False,1933-09-23,7,0,0,0.3353,4.5,15,en,,tt0024167,/zhNeDIfm9Pdc2UaFlXXk1uc7c4u.jpg,,"[{""id"": 16, ""name"": ""Animation""}, {""id"": 35, ""name"": ""Comedy""}]","[{""id"": 134798, ""logo_path"": null, ""name"": ""Leon Schlesinger Productions"", ""origin_country"": ""US""}]","[{""iso_3166_1"": ""US"", ""name"": ""United States of America""}]","[{""english_name"": ""English"", ""iso_639_1"": ""en"", ""name"": ""English""}]","[""US""]",null
161867,Stratos Fear,Stratos Fear,"An overdose of gas at the dentist's office causes Willie to float like a balloon. He floats out of the office, through the stratosphere, and into outer space. There, he meets an alien scientist who has created a ray gun that will immediately process pigs and cows into cuts of meat...",,Released,False,False,1933-11-10,7,0,0,0.0143,6.7,3,en,,tt0121771,/5PkJAIv3gju3UXWfOHDytNvAlna.jpg,,"[{""id"": 16, ""name"": ""Animation""}]",[],"[{""iso_3166_1"": ""US"", ""name"": ""United States of America""}]","[{""english_name"": ""English"", ""iso_639_1"": ""en"", ""name"": ""English""}]","[""US""]",null
161868,The Kid from Borneo,The Kid from Borneo,"The gang goes to a circus sideshow to visit Dickie, Dorothy, and Spanky's uncle, mistakenly believing he is ""The Wild Man from Borneo.""",,Released,False,False,1933-04-15,19,0,0,0.763,6.8,10,en,,tt0024213,/errqsrH6G4VuKZJjvnKdSvhdqF9.jpg,/nkUeXSdbYQNvKsPn7fDfgBbYDc8.jpg,"[{""id"": 35, ""name"": ""Comedy""}]","[{""id"": 2159, ""logo_path"": null, ""name"": ""Hal Roach Studios"", ""origin_country"": ""US""}]","[{""iso_3166_1"": ""US"", ""name"": ""United States of America""}]","[{""english_name"": ""English"", ""iso_639_1"": ""en"", ""name"": ""English""}]","[""US""]",null
161869,She Done Him Right,She Done Him Right,"Pooch the Pup is putting up billposters in preparation of the appearance of ""Poodles""",,Released,False,False,1933-10-09,8,0,0,0.1537,7.0,2,en,,tt0142835,/fExD8L5MQTBPgI8iDb2KnC7L8c4.jpg,,"[{""id"": 16, ""name"": ""Animation""}]","[{""id"": 8520, ""logo_path"": ""/x6HLTQILKcImVQ3GvVCwy35W5fz.png"", ""name"": ""Walter Lantz Productions"", ""origin_country"": ""US""}, {""id"": 33, ""logo_path"": ""/8lvHyhjr8oUKOOy2dKXoALWKdp0.png"", ""name"": ""Universal Pictures"", ""origin_country"": ""US""}]","[{""iso_3166_1"": ""US"", ""name"": ""United States of America""}]","[{""english_name"": ""English"", ""iso_639_1"": ""en"", ""name"": ""English""}]","[""US""]",null
161870,Chinaman's Chance,Chinaman's Chance,"Flip the Frog is a police officer on the trail of the notorious Chinese criminal, Chow Mein.",,Released,False,False,1933-06-23,8,0,0,0.0281,6.5,2,en,,tt0147989,/2WoMNQFygeQJpjgCmmo1eW2Ee3d.jpg,/nby1sWfMzhpdHuqH6pxgKn0rxuX.jpg,"[{""id"": 16, ""name"": ""Animation""}]","[{""id"": 98051, ""logo_path"": null, ""name"": ""Ub Iwerks Studio"", ""origin_country"": """"}]","[{""iso_3166_1"": ""US"", ""name"": ""United States of America""}]","[{""english_name"": ""English"", ""iso_639_1"": ""en"", ""name"": ""English""}]","[""US""]",null
161872,I Dood It,I Dood It,"Constance Shaw, a Broadway dance star, and Joseph Rivington Reynolds, a keen fan of hers, marry after she breaks up with her fiancé. Connie thinks Joseph owns a gold mine, but he actually works as a presser at a hotel valet shop. When everyone learns what he really is, Joseph is banned from the theater. When he sneaks in again, he learns of a plot to set off a bomb in the adjoining munitions warehouse.",M-G-M's MADCAP MUSICAL COMEDY!,Released,False,False,1943-09-01,102,0,0,0.5896,4.2,5,en,,tt0036025,/pRD6OBZgdtmJdWY2TA2p7s4L70H.jpg,/8cUzPaWSwls4SQsijCvsyVvvweS.jpg,"[{""id"": 10402, ""name"": ""Music""}, {""id"": 35, ""name"": ""Comedy""}, {""id"": 10749, ""name"": ""Romance""}]","[{""id"": 21, ""logo_path"": ""/usUnaYV6hQnlVAXP6r4HwrlLFPG.png"", ""name"": ""Metro-Goldwyn-Mayer"", ""origin_country"": ""US""}]","[{""iso_3166_1"": ""US"", ""name"": ""United States of America""}]","[{""english_name"": ""English"", ""iso_639_1"": ""en"", ""name"": ""English""}]","[""US""]",null
161874,The Waiting Room,The Waiting Room,Four passengers are stranded on a rainy night at a remote railway station. A serial killer is on the prowl in the waiting room creating panic. Will they nab the killer before it's too late?,,Released,False,False,2010-01-14,91,0,0,0.2947,0.0,0,hi,,tt1948640,,,"[{""id"": 80, ""name"": ""Crime""}, {""id"": 18, ""name"": ""Drama""}, {""id"": 9648, ""name"": ""Mystery""}]","[{""id"": 68742, ""logo_path"": null, ""name"": ""Alliance Media & Entertainment"", ""origin_country"": """"}]","[{""iso_3166_1"": ""IN"", ""name"": ""India""}]","[{""english_name"": ""Gujarati"", ""iso_639_1"": ""gu"", ""name"": """"}, {""english_name"": ""Hindi"", ""iso_639_1"": ""hi"", ""name"": ""\u0939\u093f\u0928\u094d\u0926\u0940""}, {""english_name"": ""Malayalam"", ""iso_639_1"": ""ml"", ""name"": """"}, {""english_name"": ""Marathi"", ""iso_639_1"": ""mr"", ""name"": """"}, {""english_name"": ""Tamil"", ""iso_639_1"": ""ta"", ""name"": ""\u0ba4\u0bae\u0bbf\u0bb4\u0bcd""}]","[""IN""]",null
161875,Knight Duty,Knight Duty,"Harry is a hobo, one step ahead of the law. After accidentally foiling a purse snatcher, he cadges a ride on a flatbed truck, is knocked out when a wax figure falls on him during the ride, and is carried into a museum by someone thinking he's another manikin. Inside, it takes him a while to figure out that he's among dummies. Then, two enterprising jewel thieves arrive to steal the museum director's priceless ruby. Cops are on hand as well: when the ruby goes missing, Harry may be the perfect fall guy. Can Harry stay away from the cops, foil the theft, and behave heroically in front of the museum director's daughter, the same woman whose purse he saved that morning?",,Released,False,False,1933-05-06,21,0,0,0.2211,0.0,0,en,,tt0024228,/mzwXtgqOevP67Zv5iswV1dHok1n.jpg,,"[{""id"": 35, ""name"": ""Comedy""}]","[{""id"": 174163, ""logo_path"": null, ""name"": ""Educational Films Corporation of America"", ""origin_country"": """"}]","[{""iso_3166_1"": ""US"", ""name"": ""United States of America""}]","[{""english_name"": ""English"", ""iso_639_1"": ""en"", ""name"": ""English""}]","[""US""]",null
161878,Under Western Eyes,Sous les yeux d'occident,"Political turmoil convulses 19th-century Russia as Razumov, a young student preparing for a career in the czarist bureaucracy, unwittingly becomes embroiled in the assassination of a public official.",A Man Seized Into Cataclysm of Revolution!,Released,False,False,1936-03-20,95,0,0,0.6704,6.2,11,fr,,tt0028288,/v3h7RcBTifVQ3W1yDXWQcnDRLq0.jpg,/l1KxGp21CF4KyYx2iv8HBqpslKe.jpg,"[{""id"": 18, ""name"": ""Drama""}]","[{""id"": 86662, ""logo_path"": null, ""name"": ""Productions Andr\u00e9 Daven"", ""origin_country"": """"}]","[{""iso_3166_1"": ""FR"", ""name"": ""France""}]","[{""english_name"": ""French"", ""iso_639_1"": ""fr"", ""name"": ""Fran\u00e7ais""}]","[""FR""]",null
161880,One Step Ahead of My Shadow,One Step Ahead of My Shadow,"Several Chinese residents play music. A dragon frees himself from a cage and goes after them, but fireworks are shoved down the dragon's throat. This causes him to explode and turn into a walking dragon skeleton.",,Released,False,False,1933-02-04,7,0,0,0.1727,5.2,6,en,,tt0024413,/srlNSQBt94h8T4FcJysSP1ASanN.jpg,/eKkqkwOyH211T6gZXYQcBTZdlnF.jpg,"[{""id"": 35, ""name"": ""Comedy""}, {""id"": 16, ""name"": ""Animation""}]","[{""id"": 8298, ""logo_path"": ""/r6cuEYq7DqrHCNVa7vSanTS0cuw.png"", ""name"": ""Warner Bros. Cartoons"", ""origin_country"": ""US""}]","[{""iso_3166_1"": ""US"", ""name"": ""United States of America""}]","[{""english_name"": ""English"", ""iso_639_1"": ""en"", ""name"": ""English""}]","[""US""]",null
161882,Silvery Moon,Silvery Moon,"As two feline sweethearts sail along Moonlight Bay, the moon invites them up for a visit. They discover the moon is not made of green cheese, as is rumored, but is actually a land of candy, ice cream and cake.",,Released,False,False,1933-01-13,6,0,0,0.0666,5.0,5,en,,tt0022741,/juuWOzTiKMCuaNMjbptR2ZIx6QU.jpg,,"[{""id"": 14, ""name"": ""Fantasy""}, {""id"": 16, ""name"": ""Animation""}, {""id"": 35, ""name"": ""Comedy""}]","[{""id"": 7515, ""logo_path"": null, ""name"": ""Van Beuren Studios"", ""origin_country"": ""US""}]","[{""iso_3166_1"": ""US"", ""name"": ""United States of America""}]","[{""english_name"": ""English"", ""iso_639_1"": ""en"", ""name"": ""English""}]","[""US""]",null
161884,Mickey's Pal Pluto,Mickey's Pal Pluto,"Pluto rescues a bag of kittens from the river. He feels rejected, then, as Mickey ignores him and blames him for damage the kittens do. His angel and devil sides argue with him. Pluto gets thrown outside. The kittens also find their way outside, and fall into the well, where Pluto's angel side wins out as he rescues them once again and is finally recognized as a hero.",,Released,False,False,1933-02-18,7,0,0,0.3635,5.8,26,en,,tt0024332,/rRkPiJXePlLJWkdlzkjD9zD4NYN.jpg,/6WddmA0DjnrnvVv4fzYjamUcgkC.jpg,"[{""id"": 16, ""name"": ""Animation""}]","[{""id"": 3166, ""logo_path"": ""/jmPS1qPfKnISciDF7RnUbh48jvK.png"", ""name"": ""Walt Disney Productions"", ""origin_country"": ""US""}]","[{""iso_3166_1"": ""US"", ""name"": ""United States of America""}]","[{""english_name"": ""English"", ""iso_639_1"": ""en"", ""name"": ""English""}]","[""US""]",null
161885,Betty Boop's Hallowe'en Party,Betty Boop's Hallowe'en Party,Betty Boop hosts a Hallowe'en party with a few uninvited guests.,,Released,False,False,1933-11-03,6,0,0,0.123,6.6,18,en,,tt0023800,/jTuzcsn5XBjMwlOVJNIE8klA51g.jpg,/jgHTJMDT3SnhmZwgcQVeNfNqgNv.jpg,"[{""id"": 16, ""name"": ""Animation""}, {""id"": 35, ""name"": ""Comedy""}, {""id"": 10751, ""name"": ""Family""}, {""id"": 14, ""name"": ""Fantasy""}, {""id"": 27, ""name"": ""Horror""}]","[{""id"": 8302, ""logo_path"": null, ""name"": ""Fleischer Studios"", ""origin_country"": ""US""}]","[{""iso_3166_1"": ""US"", ""name"": ""United States of America""}]","[{""english_name"": ""English"", ""iso_639_1"": ""en"", ""name"": ""English""}]","[""US""]",null
161886,Is My Palm Read,Is My Palm Read,"For customer Betty Boop, psychic reader Prof. Bimbo conjures up an adventure on a haunted tropical island in his crystal ball.",,Released,False,False,1933-02-16,5,0,0,0.1375,5.4,19,en,,tt0024187,/sAIi6juYrBOnQShZIt9x27uQ3h6.jpg,/9vFnyeI3SNkayPhOoVtQFbeGl8v.jpg,"[{""id"": 27, ""name"": ""Horror""}, {""id"": 35, ""name"": ""Comedy""}, {""id"": 16, ""name"": ""Animation""}]","[{""id"": 8302, ""logo_path"": null, ""name"": ""Fleischer Studios"", ""origin_country"": ""US""}]","[{""iso_3166_1"": ""US"", ""name"": ""United States of America""}]","[{""english_name"": ""English"", ""iso_639_1"": ""en"", ""name"": ""English""}]","[""US""]",null
161887,The Steeple Chase,The Steeple Chase,"Mickey is set to ride Thunderbolt in the big race; his owner, the Colonel, has bet everything. But the stable-hands goof off and incapacitate the horse. In desperation, Mickey rents a horse costume and puts the stable-hands inside. They manage to eventually clear the hurdles, but get hung up on one near a beehive; the bees propel them to victory.",,Released,False,False,1933-09-29,7,0,0,0.4497,5.6,21,en,,tt0024613,/4lyILXn55Gd34062gX5MQXwYn16.jpg,/vOmy58wukaHjJyvulrRIz5X13yR.jpg,"[{""id"": 16, ""name"": ""Animation""}]","[{""id"": 3166, ""logo_path"": ""/jmPS1qPfKnISciDF7RnUbh48jvK.png"", ""name"": ""Walt Disney Productions"", ""origin_country"": ""US""}]","[{""iso_3166_1"": ""US"", ""name"": ""United States of America""}]","[{""english_name"": ""English"", ""iso_639_1"": ""en"", ""name"": ""English""}]","[""US""]",null
161889,I Heard,I Heard,"The miners at Never Mine go to Betty Boop's Tavern (a jazz-jumpin' place) for lunch. Back in the mine, Bimbo delves into weird realms.",,Released,False,False,1933-09-01,7,0,0,0.2032,6.6,13,en,,tt0024154,/y1hNOmBpkJlB1qMBRSsfZsBGTBh.jpg,/hxT3RDtWCZGLHYPLZCBQZbnGtTP.jpg,"[{""id"": 16, ""name"": ""Animation""}, {""id"": 35, ""name"": ""Comedy""}]","[{""id"": 8302, ""logo_path"": null, ""name"": ""Fleischer Studios"", ""origin_country"": ""US""}]","[{""iso_3166_1"": ""US"", ""name"": ""United States of America""}]","[{""english_name"": ""English"", ""iso_639_1"": ""en"", ""name"": ""English""}]","[""US""]",null
161891,Jack and the Beanstalk,Jack and the Beanstalk,Jack sells the family cow for magic beans which grow a vine into the sky.,,Released,False,False,1933-11-29,8,0,0,0.2304,6.2,4,en,,tt0148346,/bETo5hdc3zQ5CiNCooja4M1TN4G.jpg,,"[{""id"": 16, ""name"": ""Animation""}, {""id"": 35, ""name"": ""Comedy""}, {""id"": 10402, ""name"": ""Music""}]","[{""id"": 3197, ""logo_path"": null, ""name"": ""Celebrity Productions"", ""origin_country"": ""US""}]","[{""iso_3166_1"": ""US"", ""name"": ""United States of America""}]",[],"[""US""]",null
161893,Groucho Marx's Home Movies,Groucho Marx's Home Movies,A brief home movie filmed by Groucho Marx showing the comedian at home in California with his first wife Ruth Johnson Marx and their children Arthur and Miriam.,,Released,False,False,1933-05-01,2,0,0,0.1229,5.5,2,xx,,tt0309641,/6nDAuchGgmexwup8oFyPN8lAMbw.jpg,,"[{""id"": 99, ""name"": ""Documentary""}]",[],"[{""iso_3166_1"": ""US"", ""name"": ""United States of America""}]","[{""english_name"": ""No Language"", ""iso_639_1"": ""xx"", ""name"": ""No Language""}]","[""US""]",null
161895,Play Ball,Play Ball,"At a baseball game, the frustrated manager of the losing team overhears spectator Willie Whopper bragging to his girl that he (Willie) could beat the opposing team...",,Released,False,False,1933-09-15,7,0,0,0.0322,5.0,1,en,,tt0151998,/kYjHAeMaPsUC13rypWBVk2ErkzO.jpg,/9ohH5o7vlSmm6ReNb7NdFBy2XDv.jpg,"[{""id"": 16, ""name"": ""Animation""}]","[{""id"": 98051, ""logo_path"": null, ""name"": ""Ub Iwerks Studio"", ""origin_country"": """"}]","[{""iso_3166_1"": ""US"", ""name"": ""United States of America""}]",[],"[""US""]",null
161896,Repeal Brings Wet Flood!,Repeal Brings Wet Flood!,Newsreel on the end of Prohibition.,,Released,False,False,1933-11-01,2,0,0,0.0336,0.0,0,en,,tt1319657,,,[],"[{""id"": 67810, ""logo_path"": null, ""name"": ""Hearst Metrotone News"", ""origin_country"": ""US""}]","[{""iso_3166_1"": ""US"", ""name"": ""United States of America""}]",[],"[""US""]",null
161897,Oramunde,Oramunde,Early dance film filmed outdoors and directed by artist Emlen Etting.,,Released,False,False,1933-05-01,13,0,0,0.0143,5.7,11,en,,tt0488601,,,"[{""id"": 18, ""name"": ""Drama""}]",[],"[{""iso_3166_1"": ""US"", ""name"": ""United States of America""}]","[{""english_name"": ""No Language"", ""iso_639_1"": ""xx"", ""name"": ""No Language""}]","[""US""]",null
161898,Oil: A Symphony in Motion,Oil: A Symphony in Motion,"A self proclaimed saga of oil, celebrating the speed and power of plane, trains, and automobiles. It starts with a look at a farm, beneath which is oil. Soon, farmland is dotted with derricks. It's on to a refinery. Then, shots of oil derricks, their pumps and pistons moving, are interspersed with images of men at work and machines in motion powered by oil. Horse-drawn carts are discarded. Modern wheels turn. The narration consists of title cards written in a grandiose and rhetorical style - the bones of yesterday become the blood of today.","A self-proclaimed saga of oil, celebrating the speed and power of plane, trains, and automobiles.",Released,False,False,1933-05-01,8,0,0,0.0071,5.7,7,en,,tt1218342,/4wVHzOUXfE27gVsG2ky8KCX4KOh.jpg,,[],[],"[{""iso_3166_1"": ""US"", ""name"": ""United States of America""}]","[{""english_name"": ""No Language"", ""iso_639_1"": ""xx"", ""name"": ""No Language""}]","[""US""]",null
161899,Consul Dorgen's Affairs,Poslovi konzula Dorgena,"A mysterious consul, blessed with the power to hypnotise, manages to push young women to suicide to cash in their insurance, without having their blood on his hands.  At the death of his sister, a young detective decides to hold an investigation into this curious character, at the risk of falling into the trap himself...  Oktavijan Miletić considered to be the father of Croatian cinema, was one of the pioneers of avant-garde cinema in Croatia and shows this once again in this film.",,Released,False,False,1933-05-01,19,0,0,0.1407,5.0,1,sh,,tt0265564,,,"[{""id"": 53, ""name"": ""Thriller""}]",[],"[{""iso_3166_1"": ""YU"", ""name"": ""Yugoslavia""}]","[{""english_name"": ""No Language"", ""iso_639_1"": ""xx"", ""name"": ""No Language""}]","[""YU""]",null
161900,Footnote to Fact,Footnote to Fact,"In New York, a distraught woman sits in her rented room in a rocking chair. Outside, people shop and engage in commerce, men light pipes, hands type. A mother and baby play peek-a-boo: things are okay for many. The woman continues to rock. A drunk is arrested; a Salvation Army band plays, kids run around. Protesting unemployed workers appear. The rocking woman's face becomes more distorted. Military officers parade. A man picks through discarded clothes, hobos sit listless. These men are veterans of the Great War, now forgotten, many alcoholic. Passersby ignore men passed out on sidewalks. The woman stops rocking and takes action.",,Released,False,False,1933-05-01,8,0,0,0.1004,6.3,6,en,,tt0876114,/vdEG8w8PcLQmTeNtrKgApzKtOmF.jpg,,[],[],"[{""iso_3166_1"": ""US"", ""name"": ""United States of America""}]","[{""english_name"": ""No Language"", ""iso_639_1"": ""xx"", ""name"": ""No Language""}]","[""US""]",null
161901,My Pleasure Is My Business,My Pleasure Is My Business,"This comedy chronicles the many crazy sexploits of Xaveria Hollander, the notorious ""Happy Hooker.""",You've read about her... Talked about her... NOW SEE HER!,Released,False,False,1975-01-17,94,0,0,0.8281,2.0,2,en,,tt0071882,/sWCU68CgjLogFYcgZYzMVl4j8ln.jpg,,"[{""id"": 35, ""name"": ""Comedy""}]",[],"[{""iso_3166_1"": ""CA"", ""name"": ""Canada""}, {""iso_3166_1"": ""DE"", ""name"": ""Germany""}]","[{""english_name"": ""English"", ""iso_639_1"": ""en"", ""name"": ""English""}]","[""CA""]",null
161904,Indian Whoopee,Indian Whoopee,Cubby Bear imagines himself living during the the time of the pilgrims.,,Released,False,False,1933-07-06,6,0,0,0.0214,3.5,4,en,,tt0146938,/sHsL6PxCpPGhOM9UOjrR9m4GLpL.jpg,,"[{""id"": 16, ""name"": ""Animation""}]","[{""id"": 7515, ""logo_path"": null, ""name"": ""Van Beuren Studios"", ""origin_country"": ""US""}]","[{""iso_3166_1"": ""US"", ""name"": ""United States of America""}]",[],"[""US""]",null
161905,Testing the Limits,Testing the Limits,"Mike and Toni are on their way to the mountains for a romantic weekend, when their car breaks down. The couple take shelter in an empty cabin, unaware that it is being used by bisexual photographer Jan who is on an erotic shoot with model Kristin. Things get more complicated when Glen, a fashion editor, arrives. Soon inhibitions (and underwear) are being freely cast aside. But the lovers' reverie is broken when Kristin's psychotic boyfriend breaks in, seeking vengeance.",A weekend of total sexual abandon is what they all need,Released,False,False,1998-01-01,100,0,0,0.5078,5.0,20,en,,tt0155253,/pnK24nc7EuYEmozCeIGXfKZdMIi.jpg,,"[{""id"": 18, ""name"": ""Drama""}]","[{""id"": 4852, ""logo_path"": null, ""name"": ""Mystique Films"", ""origin_country"": ""US""}]","[{""iso_3166_1"": ""US"", ""name"": ""United States of America""}]","[{""english_name"": ""English"", ""iso_639_1"": ""en"", ""name"": ""English""}]","[""US""]",null
161908,Head Over Heels 2,De Pernas pro Ar 2,"Alice owns a network of sex shops and workaholic who, in trying to reconcile the harsh routine of work and family life, suffers nervous breakdown, she is forced by her husband to go to spa. Precisely at this time, appears unique opportunity to expand its business in New York. Using fun gimmicks, risks his health, leaves spa party there with family to ride, but actually in order to facilitate their professional interests. In trying to reconcile the agendas, engage in hilarious situations and mistakes that culminate in the possible separation of the couple.",Ela quer conquistar o mundo. E vai fazer isso com muito prazer.,Released,False,False,2012-12-28,98,0,25402893,0.434,6.3,181,pt,,tt2296709,/9Qd8MSJLAtDHMiPrZ3kgHW63DIc.jpg,/kjTuxh0azwQEAsCmjFLsdRSs7wZ.jpg,"[{""id"": 35, ""name"": ""Comedy""}, {""id"": 10749, ""name"": ""Romance""}]","[{""id"": 5591, ""logo_path"": ""/27dkBmalsJMmz8VPeukvoOFuYCF.png"", ""name"": ""Downtown Filmes"", ""origin_country"": ""BR""}, {""id"": 53105, ""logo_path"": ""/rn9sEaA8cXurMyd8HnWkhv8KLqi.png"", ""name"": ""Paris Filmes"", ""origin_country"": ""BR""}, {""id"": 40994, ""logo_path"": ""/kyl2LrS9dGnBcJRLx6ST2Qsaxan.png"", ""name"": ""RioFilme"", ""origin_country"": ""BR""}, {""id"": 13969, ""logo_path"": ""/bEpiJ2zXGIH70JT16asjWNFtOEv.png"", ""name"": ""Globo Filmes"", ""origin_country"": ""BR""}, {""id"": 7764, ""logo_path"": ""/6YQPMXHq7juxomK9Sy3zBqbalsD.png"", ""name"": ""Telecine"", ""origin_country"": ""BR""}, {""id"": 147039, ""logo_path"": ""/gwESmudMAnDiyxYcGEsXdgJ8oK7.png"", ""name"": ""Morena Filmes"", ""origin_country"": ""BR""}]","[{""iso_3166_1"": ""BR"", ""name"": ""Brazil""}, {""iso_3166_1"": ""US"", ""name"": ""United States of America""}]","[{""english_name"": ""Portuguese"", ""iso_639_1"": ""pt"", ""name"": ""Portugu\u00eas""}]","[""BR""]","{""id"": 743415, ""name"": ""De Pernas pro Ar: Cole\u00e7\u00e3o"", ""poster_path"": ""/gDKuxtKi24sWSq0EqKpdMLpodAG.jpg"", ""backdrop_path"": null}"
161912,The Bay of Love and Sorrows,The Bay of Love and Sorrows,"The Bay of Love and Sorrows is a haunting modern tragedy set on the rural shores of New Brunswick's Bay of Miramichi. In late summer 1973, Michael Skid, the son of a well-to-do judge, returns home and rents a dilapidated farm. He begins to spread the gospel of communal ideals, which he has absorbed during his travels in India. His new worldliness and ideas go over well with impoverished siblings Madonna and Silver Brassaurd and the hopelessly naïve Carrie. They go over less well with Tom Donnerel, a young farmer and Carrie's fiancé. Wounded by Tom's derision, Michael befriends ex-convict Everette Hatch, who, recognizing opportunity, exploits Michael's ideas to his advantage. Believing himself capable of understanding people from the other side of the track, Michael fails to recognize that the ex-con is manipulating him and so sets off a catastrophic chain of events in the community",Tragedy strikes the young people of a rural New Brunswick community when they become involved with a scheming and violent ex-con.,Released,False,False,2002-10-31,94,0,0,0.6697,6.0,1,en,,tt0317124,/pPXMuUcZUYXFiX1XuxKNUuPe0xP.jpg,/rNuq5ZkjxxMc6Qfx5amTAhBJLvl.jpg,"[{""id"": 18, ""name"": ""Drama""}]","[{""id"": 37323, ""logo_path"": null, ""name"": ""Triptych Media"", ""origin_country"": ""CA""}]","[{""iso_3166_1"": ""CA"", ""name"": ""Canada""}]","[{""english_name"": ""English"", ""iso_639_1"": ""en"", ""name"": ""English""}]","[""CA"", ""US""]",null
161915,Ice,Ice,An underground revolutionary group struggles against internal strife to stage urban guerilla attacks against a fictionalized fascist regime in the United States. Interspersed throughout the narrative are rhetorical sequences that explain the philosophy of radical action and restrain the melodrama inherent in the thriller genre.,All Power To The People!,Released,False,False,1970-10-15,133,0,0,0.4821,6.4,11,en,,tt0064465,/onn0tZPFkQSrTcaYA3RcCsWi5IZ.jpg,,"[{""id"": 18, ""name"": ""Drama""}, {""id"": 878, ""name"": ""Science Fiction""}]","[{""id"": 12226, ""logo_path"": ""/5PJ3JaGTCvF7CjbjQ7bivae2cHJ.png"", ""name"": ""AFI"", ""origin_country"": ""US""}, {""id"": 146120, ""logo_path"": null, ""name"": ""Monument Film Corp."", ""origin_country"": """"}]","[{""iso_3166_1"": ""US"", ""name"": ""United States of America""}]","[{""english_name"": ""English"", ""iso_639_1"": ""en"", ""name"": ""English""}]","[""US""]",null
161919,John the Fearless,Jan Zonder Vrees,"He's the ""Rocky"" of the 15th century-defender of the poor, enemy of evil, champion of justice. He's fearless and the strongest man in the land. He's ready and willing to take on all wrong doers-rich and poor. Accompanied by a lovable, meek little friend, his quest takes him on an unforgettable journey. Swamp monsters, knights in armor, duels, royal pageantry, and damsels in distress all abound in this story of timeless values. In the spirit of ""Robin Hood,"" it's a robust, romantic tale: a feast for the eyes and a joy for the heart.",He has a strong arm...and a kind heart!,Released,False,False,1984-01-01,80,0,0,0.2385,8.0,2,nl,,tt0222054,/zSrLXx0nAXBmF8xE9bDob0V6uaA.jpg,/vq734IhEGekDTOqmC09UNVRDysn.jpg,"[{""id"": 10751, ""name"": ""Family""}, {""id"": 16, ""name"": ""Animation""}, {""id"": 12, ""name"": ""Adventure""}]","[{""id"": 11619, ""logo_path"": ""/lpjHtqZkBZflKjCe33nHXKF7YNV.png"", ""name"": ""Belgische Radio en Televisie"", ""origin_country"": ""BE""}]","[{""iso_3166_1"": ""BE"", ""name"": ""Belgium""}]","[{""english_name"": ""Dutch"", ""iso_639_1"": ""nl"", ""name"": ""Nederlands""}, {""english_name"": ""English"", ""iso_639_1"": ""en"", ""name"": ""English""}]","[""NL""]",null
161920,A Dizzy Day,A Dizzy Day,"A day in the life of a sentinel, with some modernistic musical accompaniment.",,Released,False,False,1933-05-04,7,0,0,0.0,3.0,2,en,,tt0146629,/25zBK0nuikf8XlWdi6AfMapiVTw.jpg,,"[{""id"": 16, ""name"": ""Animation""}]","[{""id"": 7515, ""logo_path"": null, ""name"": ""Van Beuren Studios"", ""origin_country"": ""US""}]",[],[],"[""US""]",null
161921,Croon Crazy,Croon Crazy,"An Oil-can-Harry radio announcer presents Cubby Bear the Crooner as the star of his own radio program over station R-K-O and, while Cubby is crooning away, Slick also advises that Kitty Schmidt (Kate Smith), Cal Jolson (Al Jolson)and Sol Rightman (Paul Whiteman) will be Cubby's guest stars. Then a 100-year-old Western-Union 'boy' delivers a telegram informing that none of the guests will appear. So Cubby has to do the whole program by himself. Cubby comes through.",,Released,False,False,1933-12-29,6,0,0,0.0404,1.5,2,en,,tt0148026,/yAtuYUKrP8TZLIb9T49Ln0QrhCG.jpg,,"[{""id"": 16, ""name"": ""Animation""}, {""id"": 35, ""name"": ""Comedy""}]","[{""id"": 7515, ""logo_path"": null, ""name"": ""Van Beuren Studios"", ""origin_country"": ""US""}]","[{""iso_3166_1"": ""US"", ""name"": ""United States of America""}]",[],"[""US""]",null
161923,Ham and Eggs,Ham and Eggs,Oswald runs a luncheon counter; the food is unlikely and everyone tries to stiff him.,,Released,False,False,1933-06-18,7,0,0,0.0544,0.0,0,en,,tt0142347,/l4xk65QQ8OWuXNfmKPfhAK3xsdI.jpg,,"[{""id"": 16, ""name"": ""Animation""}]","[{""id"": 8520, ""logo_path"": ""/x6HLTQILKcImVQ3GvVCwy35W5fz.png"", ""name"": ""Walter Lantz Productions"", ""origin_country"": ""US""}]","[{""iso_3166_1"": ""US"", ""name"": ""United States of America""}]",[],"[""US""]",null
161925,The Red Horses,De røde heste,"The young and spirited farmer Ole Offor takes over the Enekær farm on Zealand, along with its stud farm and enormous debt. At the same time, he marries Bente, the daughter of the farm's former owner. Although it is initially a marriage of convenience, the young couple develop strong feelings for each other, and together they take up the fight against debt, Bente's evil stepmother, and her nasty lover, riding master Wilders.",,Released,False,False,1968-12-16,0,0,0,0.2046,7.5,2,da,,tt0063530,/pmz3ntDikf3PWhwepirYbxuT1Ss.jpg,/kTw7N7oaUpuvrOShteulWDY3ah0.jpg,"[{""id"": 18, ""name"": ""Drama""}]","[{""id"": 3676, ""logo_path"": ""/mel4PnFPw1LuxgzUJzoh7VxpIRq.png"", ""name"": ""ASA Film Production"", ""origin_country"": ""DK""}]","[{""iso_3166_1"": ""DK"", ""name"": ""Denmark""}]","[{""english_name"": ""Danish"", ""iso_639_1"": ""da"", ""name"": ""Dansk""}]","[""DK""]",null
161926,Cubby's Picnic,Cubby's Picnic,Cubby The Bear takes his girlfriend to the park where a band plays and they go fishing.,,Released,False,False,1933-10-05,7,0,0,0.0261,3.0,1,en,,tt0148036,,,"[{""id"": 16, ""name"": ""Animation""}]","[{""id"": 7515, ""logo_path"": null, ""name"": ""Van Beuren Studios"", ""origin_country"": ""US""}]","[{""iso_3166_1"": ""US"", ""name"": ""United States of America""}]",[],"[""US""]",null
161927,Gay Gaucho,Gay Gaucho,"Cubby the Bear as a young, dapper Gaucho and his adventures as a South American cowboy.",,Released,False,False,1933-11-02,7,0,0,0.1579,4.8,5,en,,tt0024050,/imC533cWflo35WFu79PChluEdnu.jpg,/hj4AziLOwX8ccuDAgBaJf1r65TD.jpg,"[{""id"": 16, ""name"": ""Animation""}, {""id"": 35, ""name"": ""Comedy""}]","[{""id"": 7515, ""logo_path"": null, ""name"": ""Van Beuren Studios"", ""origin_country"": ""US""}]","[{""iso_3166_1"": ""US"", ""name"": ""United States of America""}]","[{""english_name"": ""English"", ""iso_639_1"": ""en"", ""name"": ""English""}]","[""US""]",null
161928,Galloping Fanny,Galloping Fanny,Cubby The Bear is a jockey and prepares to race....,,Released,False,False,1933-12-01,7,0,0,0.0071,3.0,1,en,,tt0148201,/4lrdJ0t3irMJnOC8NohqxhIpzr7.jpg,,"[{""id"": 16, ""name"": ""Animation""}]","[{""id"": 7515, ""logo_path"": null, ""name"": ""Van Beuren Studios"", ""origin_country"": ""US""}]","[{""iso_3166_1"": ""US"", ""name"": ""United States of America""}]","[{""english_name"": ""English"", ""iso_639_1"": ""en"", ""name"": ""English""}]","[""US""]",null
161929,Popular Melodies,Popular Melodies,"Fleischer Studios Screen Song. Arthur Jarrett sings some songs with the Bouncing Ball; Betty Boop appears for ""One Hour with You"" and ""Boop-Oop-A-Doop"".",,Released,False,False,1933-04-06,9,0,0,0.0336,4.5,3,en,,tt0024463,/nAxHvxd4W7CK0FCYIm7ZHDZkSVt.jpg,,"[{""id"": 16, ""name"": ""Animation""}]","[{""id"": 8302, ""logo_path"": null, ""name"": ""Fleischer Studios"", ""origin_country"": ""US""}]","[{""iso_3166_1"": ""US"", ""name"": ""United States of America""}]",[],"[""US""]",null
161930,Flip's Lunch Room,Flip's Lunch Room,Flip is a cook at a restaurant with an old lady waiter and a young woman server.,,Released,False,False,1933-04-02,8,0,0,0.0479,5.0,1,en,,tt0024021,/wkvZU9r1HVckkPwUKNKq3rbKoqX.jpg,,"[{""id"": 16, ""name"": ""Animation""}]",[],"[{""iso_3166_1"": ""US"", ""name"": ""United States of America""}]","[{""english_name"": ""English"", ""iso_639_1"": ""en"", ""name"": ""English""}]","[""US""]",null
161931,Bosko the Musketeer,Bosko the Musketeer,Bosko and Bruno go to Honey's house where she shows him a picture of the Three Musketeers. Bosko tells her a story of himself as a Musketeer and Honey as a dancing girl. He fights a villain with swords over Honey and wins. The real Honey finds the story hard to believe.,,Released,False,False,1933-09-16,7,0,0,0.2408,5.2,5,en,,tt0023831,/hhYdguufiwOAjYuPrukclpj8cNX.jpg,,"[{""id"": 16, ""name"": ""Animation""}, {""id"": 10751, ""name"": ""Family""}, {""id"": 35, ""name"": ""Comedy""}]","[{""id"": 134798, ""logo_path"": null, ""name"": ""Leon Schlesinger Productions"", ""origin_country"": ""US""}]","[{""iso_3166_1"": ""US"", ""name"": ""United States of America""}]","[{""english_name"": ""English"", ""iso_639_1"": ""en"", ""name"": ""English""}]","[""US""]",null
161932,Goofy Goat Antics,Goofy Goat Antics,"A goat is driving his car but he is blocked off by a road hog. When he finally passes the road hog up the road hog quotes ""D***!"" The goat runs into some pretty weird antics. But he comes out in the end.",,Released,False,False,1931-07-06,8,0,0,0.1379,8.0,1,en,,tt0024076,/ifvG4tyu8xBitLj58ofSpPUXxPY.jpg,,"[{""id"": 35, ""name"": ""Comedy""}, {""id"": 16, ""name"": ""Animation""}]","[{""id"": 78825, ""logo_path"": null, ""name"": ""Ted Eshbaugh Studios"", ""origin_country"": """"}, {""id"": 232583, ""logo_path"": null, ""name"": ""Multicolor Corporation"", ""origin_country"": """"}]","[{""iso_3166_1"": ""US"", ""name"": ""United States of America""}]","[{""english_name"": ""English"", ""iso_639_1"": ""en"", ""name"": ""English""}]","[""US""]",null
161934,On the Pan,On the Pan,,,Released,False,False,1933-11-23,7,0,0,0.0,4.0,2,en,,tt0151827,/aaXB9JQEXUAyXlqQ3fwIEVpCnVO.jpg,/7J0jiBMucCTf0d5b05CVoS23lqO.jpg,"[{""id"": 16, ""name"": ""Animation""}]","[{""id"": 7515, ""logo_path"": null, ""name"": ""Van Beuren Studios"", ""origin_country"": ""US""}]","[{""iso_3166_1"": ""US"", ""name"": ""United States of America""}]",[],"[""US""]",null
161935,Bosko in Person,Bosko in Person,"Bosko and Honey perform a wacky stage act that includes doing imitations of Maurice Chevalier, Greta Garbo and Jimmy Durante.",,Released,False,False,1933-04-10,7,0,0,0.4169,5.2,10,en,,tt0023830,/7oaoUHh8MZsNIuVk9s5JoQnNmOQ.jpg,/t19gDGIpkWarow6nFDxbu2nPdEi.jpg,"[{""id"": 16, ""name"": ""Animation""}, {""id"": 10402, ""name"": ""Music""}, {""id"": 35, ""name"": ""Comedy""}]","[{""id"": 72560, ""logo_path"": null, ""name"": ""Hugh Harman Productions"", ""origin_country"": """"}, {""id"": 62427, ""logo_path"": null, ""name"": ""Rudolf Ising Productions"", ""origin_country"": ""US""}, {""id"": 134798, ""logo_path"": null, ""name"": ""Leon Schlesinger Productions"", ""origin_country"": ""US""}]","[{""iso_3166_1"": ""US"", ""name"": ""United States of America""}]",[],"[""US""]",null
161936,The Fatal Note,The Fatal Note,"The Little King prepares to play the piano, but a evil witch has put a bomb in it.",,Released,False,False,1933-09-28,8,0,0,0.0534,4.0,1,en,,tt0150523,/z0M8RZKm9sbEGPQZysE8L6NOFYH.jpg,/h12fykI0Wg78SfjvTxTmic9LBCq.jpg,"[{""id"": 16, ""name"": ""Animation""}]","[{""id"": 7515, ""logo_path"": null, ""name"": ""Van Beuren Studios"", ""origin_country"": ""US""}]","[{""iso_3166_1"": ""US"", ""name"": ""United States of America""}]",[],"[""US""]",null
161939,Kristen Schaal: Live at the Fillmore,Kristen Schaal: Live at the Fillmore,"In her first Comedy Central one-hour special, Kristen Schaal unleashes her wit upon San Francisco. She is best known as a correspondent on The Daily Show with Jon Stewart and as an eccentric fan on Flight of the Conchords.",,Released,False,False,2013-03-31,60,0,0,0.5501,6.4,7,en,,tt2816682,/tWrCLxgxrYSF3RBY3WewJbkGOY8.jpg,/d2gBIIrrbuSZqKrGZ13UBmMDFLU.jpg,"[{""id"": 35, ""name"": ""Comedy""}]","[{""id"": 1538, ""logo_path"": ""/1y7qNFwczl2zZS62Hrlw6dsAwgR.png"", ""name"": ""Comedy Central"", ""origin_country"": ""US""}, {""id"": 20939, ""logo_path"": null, ""name"": ""Voxruby"", ""origin_country"": """"}, {""id"": 57685, ""logo_path"": ""/7B9nsj17Yux1t2H8DrdH8W4wXhm.png"", ""name"": ""Avalon Television"", ""origin_country"": ""US""}]","[{""iso_3166_1"": ""US"", ""name"": ""United States of America""}]","[{""english_name"": ""English"", ""iso_639_1"": ""en"", ""name"": ""English""}]","[""US""]",null
161940,Beau Bosko,Beau Bosko,"Bosko is a soldier in the Foreign Legion out to capture the desert scourge, Ali Oop.",,Released,False,False,1933-07-01,7,0,0,0.0655,4.2,8,en,,tt0023783,/2xGJYv8244Af5g2cDJjMpxXoR96.jpg,/eY6sndWE8snR6eIxGVisCFhju5C.jpg,"[{""id"": 16, ""name"": ""Animation""}, {""id"": 35, ""name"": ""Comedy""}]",[],[],"[{""english_name"": ""English"", ""iso_639_1"": ""en"", ""name"": ""English""}]","[""US""]",null
161942,Here I Am,Here I Am,"A sensitive, low-key portrait of the East Bay Activity Center, a school in Oakland, California, started in the 1950s to help emotionally disturbed children. The atmospheric documentary opens with hilly East Bay streets shrouded in fog. The mist lifts as the film moves to children at play. Often shown in unobtrusive close-up, the youngsters appear as thinking individuals, enjoying the swings, puzzling out problems, or interacting with their teacher in the classroom.",,Released,False,False,1962-11-07,10,0,0,0.0071,7.8,3,en,,tt0206011,/t0YXzhQCVgMevA3C2sIN6ZznRbo.jpg,,"[{""id"": 99, ""name"": ""Documentary""}]",[],"[{""iso_3166_1"": ""US"", ""name"": ""United States of America""}]","[{""english_name"": ""English"", ""iso_639_1"": ""en"", ""name"": ""English""}]","[""US""]",null
161943,Bosko the Sheep-Herder,Bosko the Sheep-Herder,"For the first three minutes or so of this one, Bosko doesn't really have much to do and is only seen briefly playing a musical instrument. Instead, the bulk of the time is spent following a lamb and its interactions with a couple of insects.",,Released,False,False,1933-06-13,7,0,0,0.2064,4.2,5,en,,tt0023832,/ztVmhWFyssIkAnTu9NezLyFtUKZ.jpg,,"[{""id"": 16, ""name"": ""Animation""}]",[],[],"[{""english_name"": ""English"", ""iso_639_1"": ""en"", ""name"": ""English""}]","[""US""]",null
161944,Bulloney,Bulloney,"Flip has been caught in flagranti with the bullfighter's girlfriend, now he must fight the matador and the even meaner bull.",,Released,False,False,1933-03-29,7,0,0,0.0311,5.0,0,en,,tt0147938,/zpzzS9yg4ZsT282Espr9FxRM2Xx.jpg,,"[{""id"": 16, ""name"": ""Animation""}]",[],"[{""iso_3166_1"": ""US"", ""name"": ""United States of America""}]","[{""english_name"": ""English"", ""iso_639_1"": ""en"", ""name"": ""English""}]","[""US""]",null
161945,Buddy's Day Out,Buddy's Day Out,This cartoon has some amusing sight gags like a car going back through a fence and crashing into various animals before landing in Cookie's yard or a train that seems on its way into crashing into a car with Elmer and Happy inside when Buddy and Cookie use a ladder to derail the locomotive in another direction.,Buddy prepares for his romantic picnic with Cookie but along the way she takes her baby brother Elmer with them.,Released,False,False,1933-09-09,7,0,0,0.3241,4.7,13,en,,tt0023852,/jBwz4c4AN8YwYjjryL5DPWR3U7t.jpg,/wAlfyNIwasQwmNxKA1nIufgqOxA.jpg,"[{""id"": 10751, ""name"": ""Family""}, {""id"": 16, ""name"": ""Animation""}, {""id"": 35, ""name"": ""Comedy""}]","[{""id"": 134798, ""logo_path"": null, ""name"": ""Leon Schlesinger Productions"", ""origin_country"": ""US""}]","[{""iso_3166_1"": ""US"", ""name"": ""United States of America""}]",[],"[""US""]",null
161947,Dough Nuts,Dough Nuts,Tom and Jerry are doughnut-makers competing against an assortment of weirdos for first prize at a bakers' convention.,,Released,False,False,1933-07-09,7,0,0,0.0214,10.0,1,en,,tt0161518,/10MepUfOBSWgA8wBVEUSUDNATyO.jpg,,"[{""id"": 16, ""name"": ""Animation""}]","[{""id"": 7515, ""logo_path"": null, ""name"": ""Van Beuren Studios"", ""origin_country"": ""US""}]","[{""iso_3166_1"": ""US"", ""name"": ""United States of America""}]","[{""english_name"": ""English"", ""iso_639_1"": ""en"", ""name"": ""English""}]","[""US""]",null
161949,The Air Race,The Air Race,Willie tells his friends that he was once a pilot in an air race.,,Released,False,False,1933-04-30,7,0,0,0.0503,7.0,2,en,,tt0208674,/skOlTXyXY0cRzOqPeaxYcqDDe5l.jpg,,"[{""id"": 16, ""name"": ""Animation""}]",[],"[{""iso_3166_1"": ""US"", ""name"": ""United States of America""}]",[],"[""US""]",null
161951,Shuffle Off to Buffalo,Shuffle Off to Buffalo,An animated singing and dancing revue of babies (representing a variety of stereotypes) who are being prepared for delivery by stork.,,Released,False,False,1933-07-08,7,0,0,0.2105,5.2,11,en,,tt0024555,/9m2IkFfEAGNbUvzcl7uLaxmErSs.jpg,,"[{""id"": 16, ""name"": ""Animation""}, {""id"": 35, ""name"": ""Comedy""}]","[{""id"": 9329, ""logo_path"": ""/aue5pVfj9TcjYEOufkcuCbAL5hE.png"", ""name"": ""The Vitaphone Corporation"", ""origin_country"": ""US""}, {""id"": 174, ""logo_path"": ""/zhD3hhtKB5qyv7ZeL4uLpNxgMVU.png"", ""name"": ""Warner Bros. Pictures"", ""origin_country"": ""US""}]","[{""iso_3166_1"": ""US"", ""name"": ""United States of America""}]","[{""english_name"": ""English"", ""iso_639_1"": ""en"", ""name"": ""English""}]","[""US""]",null
161952,La Bonté des femmes,La Bonté des femmes,"When a disease is spreading over France, a publisher is fleeing to the campaign with his wife...",,Released,False,False,2011-01-26,84,0,0,0.2389,0.0,0,fr,,tt1816565,,,"[{""id"": 18, ""name"": ""Drama""}, {""id"": 10749, ""name"": ""Romance""}]","[{""id"": 1117, ""logo_path"": ""/2X2uFeObxawiAajNDOf3Mhri5Wg.png"", ""name"": ""Antenne 2"", ""origin_country"": ""FR""}, {""id"": 11778, ""logo_path"": ""/rIiLv4yt20WOQAk1HD1EvLOfDgh.png"", ""name"": ""F Comme Film"", ""origin_country"": ""FR""}]","[{""iso_3166_1"": ""FR"", ""name"": ""France""}]","[{""english_name"": ""French"", ""iso_639_1"": ""fr"", ""name"": ""Fran\u00e7ais""}]","[""FR""]",null
161953,Boilesk,Boilesk,"An old-fashioned ""Burlesk"" variety show, mostly animated with a live-action performance of ""I'm Playing with Fire"" by the Watson Sisters.",,Released,False,False,1933-06-09,11,0,0,0.188,2.0,1,en,,tt0023821,,,"[{""id"": 16, ""name"": ""Animation""}]","[{""id"": 4, ""logo_path"": ""/jay6WcMgagAklUt7i9Euwj1pzTF.png"", ""name"": ""Paramount Pictures"", ""origin_country"": ""US""}, {""id"": 8302, ""logo_path"": null, ""name"": ""Fleischer Studios"", ""origin_country"": ""US""}]","[{""iso_3166_1"": ""US"", ""name"": ""United States of America""}]","[{""english_name"": ""English"", ""iso_639_1"": ""en"", ""name"": ""English""}]","[""US""]",null
161954,Buddy's Show Boat,Buddy's Show Boat,Buddy's boat floats merrily down the river as there are various musical and dance shows performed.,,Released,False,False,1933-12-09,7,0,0,0.1752,3.8,6,en,,tt0023853,/c5tiedbXEhbgWf3kST0QxXeKmcA.jpg,,"[{""id"": 16, ""name"": ""Animation""}]","[{""id"": 134798, ""logo_path"": null, ""name"": ""Leon Schlesinger Productions"", ""origin_country"": ""US""}]","[{""iso_3166_1"": ""US"", ""name"": ""United States of America""}]","[{""english_name"": ""English"", ""iso_639_1"": ""en"", ""name"": ""English""}]","[""US""]",null
161955,Happy Hoboes,Happy Hoboes,"Tom and Jerry are hoboes, but the city is demolishing the hobo camp. They hop a ride on a freight train. The train comes to a lumber camp, where the Chinese cook has just prepared a huge platter of roast chicken; he invites the train people to eat, but hundreds of bums descend. He chases them off, into a log slide, and they end up right back in the original camp.",,Released,False,False,1933-03-30,7,0,0,0.1419,6.5,2,en,,tt0024089,/2F8ih5ZfO9WeGgBUXQvOO4xK01H.jpg,,"[{""id"": 16, ""name"": ""Animation""}, {""id"": 35, ""name"": ""Comedy""}]","[{""id"": 7515, ""logo_path"": null, ""name"": ""Van Beuren Studios"", ""origin_country"": ""US""}]","[{""iso_3166_1"": ""US"", ""name"": ""United States of America""}]","[{""english_name"": ""English"", ""iso_639_1"": ""en"", ""name"": ""English""}]","[""US""]",null
161956,Buddy's Beer Garden,Buddy's Beer Garden,"Buddy's musical antics as a waiter at a German beer garden are truly delightful! Cookie appears as a cigarette girl and scarf-dancer, and a drag-decked lounge-singing Buddy brings down the house.",A day in the life of Buddy who is working hard at a German Beer Garden.,Released,False,False,1933-11-11,7,0,0,0.349,5.3,11,en,,tt0023851,/bS79HzDeSyGBVdhUefOQO0eL2Ol.jpg,/gopdc5ssG3rvUbiFh90LkZhcefw.jpg,"[{""id"": 16, ""name"": ""Animation""}]","[{""id"": 134798, ""logo_path"": null, ""name"": ""Leon Schlesinger Productions"", ""origin_country"": ""US""}]","[{""iso_3166_1"": ""US"", ""name"": ""United States of America""}]",[],"[""US""]",null
161958,Runaway Blackie,Runaway Blackie,"This was not a ""Cubby Bear"" cartoon. In the cartoon, the lead character is a sheep named Blackie. While this sheep does bear a slight resemblance to Cubby, it has horns and cloven hoofs for hands... but Blackie runs away from home and gets caught and put in a chain gang....",,Released,False,False,1933-04-06,6,0,0,0.0,3.0,1,en,,tt0161948,,,"[{""id"": 16, ""name"": ""Animation""}]",[],[],[],"[""US""]",null
161960,The Plumber,The Plumber,"Oswald the Lucky Rabbit. Walter Lantz Production #496. Released January 16, 1933. Directed by “Bill” Nolan. Animated by Ray Abrams, Fred Avery, “Bill” Weber, Jack Carr, and Don Williams. Music by James Dietrich.... and yeah, Oswald is a Plumber in this one.",,Released,False,False,1933-01-15,10,0,0,0.1867,6.0,2,en,,tt0142741,,,"[{""id"": 16, ""name"": ""Animation""}]","[{""id"": 8520, ""logo_path"": ""/x6HLTQILKcImVQ3GvVCwy35W5fz.png"", ""name"": ""Walter Lantz Productions"", ""origin_country"": ""US""}]","[{""iso_3166_1"": ""US"", ""name"": ""United States of America""}]",[],"[""US""]",null
161961,Pale-Face,Pale-Face,"Flip's lunchtime picnic with his sweetheart (a human one) is interrupted by an Indian attack. The buffoonish ""Injuns"" drive them to a log cabin with their arrows, and there's a grand shootout. Eventually, though, they are tied to a stake with whooping, war-chanting, Indians threatening to make an end of them... until the woodland creatures mount a counter-offensive to free them. The Indians get the tar knocked out of them as they flee the countryside. A cabin slides off a cliff and goes ker-blooie!",,Released,False,False,1933-08-11,7,0,0,0.0557,5.0,1,en,,tt0148576,/1SYr75W39IEA0lMHYMCJHmiuVLx.jpg,/aB3LKYPtehHz4oDRa79SBjoVcgZ.jpg,"[{""id"": 16, ""name"": ""Animation""}]",[],"[{""iso_3166_1"": ""US"", ""name"": ""United States of America""}]","[{""english_name"": ""English"", ""iso_639_1"": ""en"", ""name"": ""English""}]","[""US""]",null
161962,Hooks and Jabs,Hooks and Jabs,"Harry is down and out. A woman friend from a temperance union loans him a buck. He goes to a bar and orders a glass of milk to get a free sandwich. After he loses the greenback, the burly saloon keeper confiscates Harry's sandwich and tells him to sweep the floor to pay his tab. In the back room is a boxing ring where the owner stages fights. By happenstance, Harry ends up in the ring. Outside, the temperance union pickets the saloon. Between the beer and the boxing, can Harry stay on his feet and help his crusading friend?",,Released,False,False,1933-08-24,18,0,0,0.4135,0.0,0,en,,tt0024138,/uEJL9bnrDDKMHLXywKCQLg5K7je.jpg,/jQlL4hkkyhVvYLOS4djBB4TGmTT.jpg,"[{""id"": 35, ""name"": ""Comedy""}]","[{""id"": 21769, ""logo_path"": null, ""name"": ""Educational Pictures"", ""origin_country"": ""US""}]","[{""iso_3166_1"": ""US"", ""name"": ""United States of America""}]","[{""english_name"": ""English"", ""iso_639_1"": ""en"", ""name"": ""English""}]","[""US""]",null
161964,Dawn to Dawn,Dawn to Dawn,"Weaves a Gothic spell with its account of love and death on an isolated farm, including a startling passage of sunstruck eroticism.",,Released,False,False,1933-11-30,31,0,0,0.1874,4.7,7,en,,tt0442593,,,"[{""id"": 18, ""name"": ""Drama""}]",[],"[{""iso_3166_1"": ""US"", ""name"": ""United States of America""}]","[{""english_name"": ""English"", ""iso_639_1"": ""en"", ""name"": ""English""}]","[""US""]",null
161965,Bosko in Dutch,Bosko in Dutch,"Set on a frozen pond in Holland, various animals attempt to skate on the slippery ice.",,Released,False,False,1933-01-14,7,0,0,0.5801,4.4,7,en,,tt0023829,/syf3ytxqADR6Kbme3wkd4QgXz7a.jpg,,"[{""id"": 35, ""name"": ""Comedy""}, {""id"": 16, ""name"": ""Animation""}]","[{""id"": 8298, ""logo_path"": ""/r6cuEYq7DqrHCNVa7vSanTS0cuw.png"", ""name"": ""Warner Bros. Cartoons"", ""origin_country"": ""US""}, {""id"": 9329, ""logo_path"": ""/aue5pVfj9TcjYEOufkcuCbAL5hE.png"", ""name"": ""The Vitaphone Corporation"", ""origin_country"": ""US""}, {""id"": 268171, ""logo_path"": null, ""name"": ""Bosko (US)"", ""origin_country"": """"}, {""id"": 106840, ""logo_path"": null, ""name"": ""Harman-Ising Productions"", ""origin_country"": ""US""}]","[{""iso_3166_1"": ""US"", ""name"": ""United States of America""}]","[{""english_name"": ""English"", ""iso_639_1"": ""en"", ""name"": ""English""}]","[""US""]",null
161966,Coo Coo the Magician,Coo Coo the Magician,"Flip The Frog goes head-to-head with a swami-type magician, both trying to top each other (with some funny results). This all happens after the latter pulls a disappearing act with Flip's girlfriend.",,Released,False,False,1933-01-21,7,0,0,0.1323,6.0,1,en,,tt0148040,/qloOG9EYf1OauYJ8thUFjkAwKKb.jpg,,"[{""id"": 35, ""name"": ""Comedy""}, {""id"": 16, ""name"": ""Animation""}]","[{""id"": 3197, ""logo_path"": null, ""name"": ""Celebrity Productions"", ""origin_country"": ""US""}]","[{""iso_3166_1"": ""US"", ""name"": ""United States of America""}]","[{""english_name"": ""English"", ""iso_639_1"": ""en"", ""name"": ""English""}]","[""US""]",null
161967,Sittin' on a Backyard Fence,Sittin' on a Backyard Fence,Male cats fight each other over a female cat around the backyard fence.,,Released,False,False,1933-12-16,7,0,0,0.2924,5.7,13,en,,tt0024569,/2PDNDJEhKNO1susGhMWBLRcMg7n.jpg,/lvYI0bPLJ5dYM6eG2BROizTSSXb.jpg,"[{""id"": 16, ""name"": ""Animation""}, {""id"": 35, ""name"": ""Comedy""}, {""id"": 10751, ""name"": ""Family""}]","[{""id"": 134798, ""logo_path"": null, ""name"": ""Leon Schlesinger Productions"", ""origin_country"": ""US""}]","[{""iso_3166_1"": ""US"", ""name"": ""United States of America""}]","[{""english_name"": ""English"", ""iso_639_1"": ""en"", ""name"": ""English""}]","[""US""]",null
161968,Tumble Down Town,Tumble Down Town,Dancing animals in a depression-era shanty town.,,Released,False,False,1933-01-26,6,0,0,0.0735,4.0,2,en,,tt0024702,,,"[{""id"": 16, ""name"": ""Animation""}]","[{""id"": 7515, ""logo_path"": null, ""name"": ""Van Beuren Studios"", ""origin_country"": ""US""}]","[{""iso_3166_1"": ""US"", ""name"": ""United States of America""}]",[],"[""US""]",null
161969,Betty Boop's Big Boss,Betty Boop's Big Boss,Betty takes a secretarial job where the boss sexually harasses her… but not without some encouragement from Betty.,,Released,False,False,1933-06-01,7,0,0,0.1269,6.0,10,en,,tt0023797,/5xrU13rqxDqbZSmwWMc4oJ3MIV9.jpg,/ybqLKCke3Pw1cFm7R7bI8JwIlfH.jpg,"[{""id"": 35, ""name"": ""Comedy""}, {""id"": 16, ""name"": ""Animation""}]","[{""id"": 8302, ""logo_path"": null, ""name"": ""Fleischer Studios"", ""origin_country"": ""US""}]","[{""iso_3166_1"": ""US"", ""name"": ""United States of America""}]","[{""english_name"": ""English"", ""iso_639_1"": ""en"", ""name"": ""English""}]","[""US""]",null
161970,Spite Flight,Spite Flight,Willie Whooper finds his girl Mary weeping because her mother is being hounded by the evil landlord who holds the mortgage on their house...,,Released,False,False,1933-10-13,7,0,0,0.0311,6.0,1,en,,tt0152561,/yWlxSADqRLtJQIAXDmgd8mCqKC1.jpg,/d8fKyFy1RS1REJLUeXbGNjvW2wy.jpg,"[{""id"": 16, ""name"": ""Animation""}]","[{""id"": 98051, ""logo_path"": null, ""name"": ""Ub Iwerks Studio"", ""origin_country"": """"}]","[{""iso_3166_1"": ""US"", ""name"": ""United States of America""}]",[],"[""US""]",null
161971,Bosko's Mechanical Man,Bosko's Mechanical Man,Bosko creates a robot. The only problem is that his creation goes mad wreaking havoc.,,Released,False,False,1933-09-27,6,0,0,0.1075,6.2,8,en,,tt0023835,/5clN9yDb825scWoxkAlSSmRduXZ.jpg,/j6TyWrZPRrM1AFr9T7qRs4bghv6.jpg,"[{""id"": 16, ""name"": ""Animation""}]","[{""id"": 9329, ""logo_path"": ""/aue5pVfj9TcjYEOufkcuCbAL5hE.png"", ""name"": ""The Vitaphone Corporation"", ""origin_country"": ""US""}, {""id"": 174, ""logo_path"": ""/zhD3hhtKB5qyv7ZeL4uLpNxgMVU.png"", ""name"": ""Warner Bros. Pictures"", ""origin_country"": ""US""}]","[{""iso_3166_1"": ""US"", ""name"": ""United States of America""}]","[{""english_name"": ""English"", ""iso_639_1"": ""en"", ""name"": ""English""}]","[""US""]",null
161973,Uomini senza donne,Uomini senza donne,"Alex and Max are two ""bachelors"" who share the same house: Alex, advertising copywriter, is boxing, is an impenitent dongiovanni and does not hesitate to betray his colleague and girlfriend Paola; Max, saxophonist, neglects his ulcer and is attracted, yes, but also scared, by women.",,Released,False,False,1996-03-08,100,0,0,0.5,4.4,11,it,,tt0118053,/rGUA6gdZRwTsR2TdloATwelNtWM.jpg,/5pmP44K1wyaiXHSq46iYTcu6D4B.jpg,"[{""id"": 35, ""name"": ""Comedy""}]","[{""id"": 371, ""logo_path"": ""/caz3eGyRd4OW7oR31Aij5ZwjOXD.png"", ""name"": ""Cecchi Gori Group Tiger Cinematografica"", ""origin_country"": ""IT""}, {""id"": 113004, ""logo_path"": null, ""name"": ""Thunder Film"", ""origin_country"": ""IT""}]","[{""iso_3166_1"": ""IT"", ""name"": ""Italy""}]","[{""english_name"": ""Italian"", ""iso_639_1"": ""it"", ""name"": ""Italiano""}]","[""IT""]",null
161974,Bosko's Knight-Mare,Bosko's Knight-Mare,"Bosko, after reading a book about medieval knighthood, falls asleep and has a nightmare where Honey, his girlfriend, in the role of a princess, gets captured. Bosko finds the villain, and wakes up in the midst of fighting him and destroys his knight replica.",,Released,False,False,1933-06-07,7,0,0,0.3,4.7,6,en,,tt0023834,/lgJctWLwjunfGZhwOEOhonWlozK.jpg,/42UXJPMLI53D8NmDtSzXPdzsluZ.jpg,"[{""id"": 35, ""name"": ""Comedy""}, {""id"": 16, ""name"": ""Animation""}]",[],"[{""iso_3166_1"": ""US"", ""name"": ""United States of America""}]",[],"[""US""]",null
161975,Fish Hooky,Fish Hooky,A truant officer spots the kids in an amusement park. They try to escape him.,,Released,False,False,1933-01-28,18,0,0,0.3843,7.2,5,en,,tt0024016,/7IKwburXuc8YnnTSO5MFdf2INXs.jpg,/fkpECWbpugjdmBltEgCbGvX0jpc.jpg,"[{""id"": 35, ""name"": ""Comedy""}, {""id"": 10751, ""name"": ""Family""}]","[{""id"": 2159, ""logo_path"": null, ""name"": ""Hal Roach Studios"", ""origin_country"": ""US""}]","[{""iso_3166_1"": ""US"", ""name"": ""United States of America""}]","[{""english_name"": ""English"", ""iso_639_1"": ""en"", ""name"": ""English""}]","[""US""]",null
161976,Techno-Cracked,Techno-Cracked,"Flip is a lazy frog who just wants to lounge around in his hammock. But being the great inventor he is (at least in this cartoon), he has it rigged up so that another animal below is running on a treadmill which gently rocks the hammock.",,Released,False,False,1933-05-07,8,0,0,0.0363,6.0,1,en,,tt0149248,/joliBHqQEyeYnYQ4AAXCIbXLCno.jpg,,"[{""id"": 16, ""name"": ""Animation""}]","[{""id"": 98051, ""logo_path"": null, ""name"": ""Ub Iwerks Studio"", ""origin_country"": """"}]","[{""iso_3166_1"": ""US"", ""name"": ""United States of America""}]","[{""english_name"": ""English"", ""iso_639_1"": ""en"", ""name"": ""English""}]","[""US""]",null
161978,We're in the Money,We're in the Money,"After the last human has left the department store, the toys proceed to the music department where they start performing the Warren/Dubin song ""We're in the money"". The money soon joins for a chorus, as well as display dolls in the wardrobe department.",,Released,False,False,1933-08-26,7,0,0,0.2743,5.8,16,en,,tt0024756,/nuWOtHeKFy50kUuW5fiDBgApV6y.jpg,/3t96KWhnJIvVzzwaMXzMT9NxUjz.jpg,"[{""id"": 16, ""name"": ""Animation""}, {""id"": 35, ""name"": ""Comedy""}, {""id"": 10402, ""name"": ""Music""}]","[{""id"": 106840, ""logo_path"": null, ""name"": ""Harman-Ising Productions"", ""origin_country"": ""US""}]","[{""iso_3166_1"": ""US"", ""name"": ""United States of America""}]","[{""english_name"": ""English"", ""iso_639_1"": ""en"", ""name"": ""English""}]","[""US""]",null
161979,Bedtime Worries,Bedtime Worries,Spanky's parents are trying unsuccessfully to get Spanky to spend a peaceful first night in his own room.,,Released,False,False,1933-09-08,20,0,0,0.3025,6.6,4,en,,tt0023788,/nnQYs2ItQqn8bWDnr9gNFc9X3Ab.jpg,/9pJKmlOjHVrTtoCipI7Zf8oMToJ.jpg,"[{""id"": 35, ""name"": ""Comedy""}]",[],[],[],"[""US""]",null
161980,Cubby's World Flight,Cubby's World Flight,"A Van Beuren ""Aesop Fable"" cartoon featuring Cubby Bear.",,Released,False,False,1933-08-24,8,0,0,0.0516,0.0,0,en,,tt0146594,/cH1gsQJt5dzMCtmBvcYuMtyrh59.jpg,,"[{""id"": 16, ""name"": ""Animation""}]",[],"[{""iso_3166_1"": ""US"", ""name"": ""United States of America""}]",[],"[""US""]",null
161981,Nertsery Rhymes,Nertsery Rhymes,"Three boys play are told some ""bedtime stories"" by their parents.",,Released,False,False,1933-07-06,20,0,0,0.3653,5.2,8,en,,tt0024379,/y8dgrgdvHGZItrXLLpyu9W7HTkT.jpg,,"[{""id"": 35, ""name"": ""Comedy""}]","[{""id"": 21, ""logo_path"": ""/usUnaYV6hQnlVAXP6r4HwrlLFPG.png"", ""name"": ""Metro-Goldwyn-Mayer"", ""origin_country"": ""US""}]","[{""iso_3166_1"": ""US"", ""name"": ""United States of America""}]","[{""english_name"": ""English"", ""iso_639_1"": ""en"", ""name"": ""English""}]","[""US""]",null
161983,Young and Healthy,Young and Healthy,A king is bored with the stupid people in his court. He goes out in search of young people.,,Released,False,False,1933-03-04,7,0,0,0.3193,4.7,9,en,,tt0024796,/aZd0pFo51EdBgY7QStgwvaMOrWF.jpg,,"[{""id"": 35, ""name"": ""Comedy""}, {""id"": 16, ""name"": ""Animation""}, {""id"": 10402, ""name"": ""Music""}]","[{""id"": 9329, ""logo_path"": ""/aue5pVfj9TcjYEOufkcuCbAL5hE.png"", ""name"": ""The Vitaphone Corporation"", ""origin_country"": ""US""}, {""id"": 174, ""logo_path"": ""/zhD3hhtKB5qyv7ZeL4uLpNxgMVU.png"", ""name"": ""Warner Bros. Pictures"", ""origin_country"": ""US""}, {""id"": 106840, ""logo_path"": null, ""name"": ""Harman-Ising Productions"", ""origin_country"": ""US""}]","[{""iso_3166_1"": ""US"", ""name"": ""United States of America""}]","[{""english_name"": ""English"", ""iso_639_1"": ""en"", ""name"": ""English""}]","[""US""]",null
161985,Soda Squirt,Soda Squirt,"Flip is the owner of a brand new drug store, and you'd think it was the Academy Awards night. There is a spotlight, a red carpet and a list of celebrities that all show up for this momentous occasion.",,Released,False,False,1933-10-11,6,0,0,0.111,5.0,3,en,,tt0024586,/4JUkuPSUiYT6V7l3phhW9Nf6Uuu.jpg,/8c4gMEll3YnjkPZ5vBKLPXRfAmX.jpg,"[{""id"": 16, ""name"": ""Animation""}]",[],"[{""iso_3166_1"": ""US"", ""name"": ""United States of America""}]","[{""english_name"": ""English"", ""iso_639_1"": ""en"", ""name"": ""English""}]","[""US""]",null
161987,The Shadow,The Shadow,"The Shadow battles a villain known as The Black Tiger, who has the power to make himself invisible and is trying to take over the world with his death ray.",WRAPPED IN MYSTERY! LOADED WITH THRILLS!,Released,False,False,1940-01-05,285,0,0,1.2789,6.5,6,en,,tt0033040,/ss2sHBgf6Ft6NHrJKbpfuQPXwH3.jpg,/3KdCN3eOS7UqQnCL0T8aB5Xqc3A.jpg,"[{""id"": 28, ""name"": ""Action""}, {""id"": 80, ""name"": ""Crime""}, {""id"": 878, ""name"": ""Science Fiction""}]","[{""id"": 5, ""logo_path"": ""/71BqEFAF4V3qjjMPCpLuyJFB9A.png"", ""name"": ""Columbia Pictures"", ""origin_country"": ""US""}]","[{""iso_3166_1"": ""US"", ""name"": ""United States of America""}]","[{""english_name"": ""English"", ""iso_639_1"": ""en"", ""name"": ""English""}]","[""US""]","{""id"": 105075, ""name"": ""The Shadow Collection"", ""poster_path"": ""/qTuxplQWxxwKPWaRSHk93rSbW6p.jpg"", ""backdrop_path"": ""/ntIfzZNGz2aHRumYM7P8vqLJv6W.jpg""}"
161989,Jack of Diamonds,Jack of Diamonds,"The story of Scallie, a modern Arsène Lupin.",,Released,False,False,2011-02-11,120,0,0,0.352,5.2,2,en,,tt1763628,,,[],[],[],[],"[""US""]",null
161991,Isle of Forgotten Sins,Isle of Forgotten Sins,An evil sea captain and the forces of nature threaten two divers' search for a fortune in gold in the South Pacific.,Tidal wave of torrid romance and thrills in the South Seas!,Released,False,False,1943-08-15,82,0,0,0.8221,4.6,7,en,,tt0036046,/za3tQoLD9ns38vKYXkGEVaPpWJQ.jpg,/9YRmURYabPwGok9kAWbC4XiWGZz.jpg,"[{""id"": 28, ""name"": ""Action""}, {""id"": 12, ""name"": ""Adventure""}, {""id"": 18, ""name"": ""Drama""}]","[{""id"": 16466, ""logo_path"": ""/4MT9eqAB0bHzhaFVVniMaxlJ5xS.png"", ""name"": ""PRC"", ""origin_country"": ""US""}, {""id"": 5564, ""logo_path"": null, ""name"": ""Atlantis Pictures"", ""origin_country"": """"}]","[{""iso_3166_1"": ""US"", ""name"": ""United States of America""}]","[{""english_name"": ""English"", ""iso_639_1"": ""en"", ""name"": ""English""}]","[""US""]",null
161992,The Girl from Monterrey,The Girl from Monterrey,"Mexican club singer Lita Valdez is amazed to find that her younger brother Alberto is a talented boxer and is even more thrilled by his consistent success in the ring. Till he is forced to fight Jerry O'Leary, the man she loves. Caught between her devotion to both men, Lita tries her best to have the match canceled, but there is much more to the boxing racket than she had ever imagined...",SHE'S SUGAR and SPICE and EVERYTHING NICE -- And a Dash of Tabasco To Boot!,Released,False,False,1943-10-04,58,0,0,1.3651,0.0,0,en,,tt0035943,/sxkFKH266GKImlL9IELb5eqvsLT.jpg,,"[{""id"": 10749, ""name"": ""Romance""}]","[{""id"": 16466, ""logo_path"": ""/4MT9eqAB0bHzhaFVVniMaxlJ5xS.png"", ""name"": ""PRC"", ""origin_country"": ""US""}]","[{""iso_3166_1"": ""US"", ""name"": ""United States of America""}]","[{""english_name"": ""English"", ""iso_639_1"": ""en"", ""name"": ""English""}]","[""US""]",null
162002,Panda Express,熊猫大侠,Comedy about a dancing pandas cabaret act.,,Released,False,False,2009-01-25,93,0,0,0.9692,4.3,6,zh,,tt2365970,/2FenclbqAecGgJWEsCj0aHrNGBC.jpg,,[],"[{""id"": 117815, ""logo_path"": null, ""name"": ""\u5317\u4eac\u5927\u5b89\u6620\u753b\u6587\u5316\u4f20\u5a92\u6709\u9650\u516c\u53f8"", ""origin_country"": """"}, {""id"": 117816, ""logo_path"": null, ""name"": ""\u8292\u679c\u5f71\u4e1a"", ""origin_country"": ""CN""}]","[{""iso_3166_1"": ""CN"", ""name"": ""China""}]","[{""english_name"": ""Mandarin"", ""iso_639_1"": ""zh"", ""name"": ""\u666e\u901a\u8bdd""}]","[""CN""]",null
162004,Behind the Mask,Behind the Mask,"Falsely accused of murdering a crooked newspaper reporter, suave detective Lamont Cranston -- aka the Shadow -- vows to track down the real killer.",,Released,False,False,1946-05-25,68,0,0,1.1028,5.0,7,en,,tt0038347,/gnUt5b0PcPTqO61IGVwPqrkykdc.jpg,/yuHKLRVdMErSkGnnyZCDiuPwLF0.jpg,"[{""id"": 9648, ""name"": ""Mystery""}, {""id"": 878, ""name"": ""Science Fiction""}]","[{""id"": 4395, ""logo_path"": null, ""name"": ""Monogram Pictures"", ""origin_country"": ""US""}]","[{""iso_3166_1"": ""US"", ""name"": ""United States of America""}]","[{""english_name"": ""English"", ""iso_639_1"": ""en"", ""name"": ""English""}]","[""US""]","{""id"": 105075, ""name"": ""The Shadow Collection"", ""poster_path"": ""/qTuxplQWxxwKPWaRSHk93rSbW6p.jpg"", ""backdrop_path"": ""/ntIfzZNGz2aHRumYM7P8vqLJv6W.jpg""}"
162006,Brave Hearts: Umizaru,BRAVE HEARTS 海猿,"Mika is a flight attendant on board an airplane scheduled to land at Haneda Airport. On the way to the airport the airplane's engine starts to burn. In order to save the 346 people on board the airplane, sea marshall Daisuke Senzaki and his team are called into action ...",,Released,False,False,2012-07-12,116,0,0,0.8946,6.2,25,ja,,tt2053339,/9cSybCAkcyO9FnK5TsVhEfLzyhg.jpg,/mV9LMzZsGfbwVnU5HCEwbDdOjd0.jpg,"[{""id"": 28, ""name"": ""Action""}, {""id"": 18, ""name"": ""Drama""}]","[{""id"": 882, ""logo_path"": ""/fRSWWjquvzcHjACbtF53utZFIll.png"", ""name"": ""TOHO"", ""origin_country"": ""JP""}, {""id"": 12386, ""logo_path"": ""/oxvw2Mrq3GcTxFc2mlT7E5tpek7.png"", ""name"": ""Robot Communications"", ""origin_country"": ""JP""}, {""id"": 9148, ""logo_path"": ""/rtW3NadfF4kR5mTW00ahiFxw6k7.png"", ""name"": ""Pony Canyon"", ""origin_country"": ""JP""}, {""id"": 9149, ""logo_path"": ""/isLUpud9N56ifftJZ4XvzwBBpoG.png"", ""name"": ""Shogakukan"", ""origin_country"": ""JP""}, {""id"": 6128, ""logo_path"": ""/wU8SIWpTDTKOVqCEn3LLaoHpHdo.png"", ""name"": ""A-Team"", ""origin_country"": ""JP""}, {""id"": 271660, ""logo_path"": ""/gRUUO3lBYddcSqQPfFruXVDAlv2.png"", ""name"": ""Okinawa Television Broadcasting"", ""origin_country"": ""JP""}, {""id"": 256951, ""logo_path"": ""/ujL1zgs40tJMxNfc3p0QFHMSc1P.png"", ""name"": ""Kagoshima Television Station"", ""origin_country"": ""JP""}, {""id"": 271661, ""logo_path"": ""/aF0IqmBNwbVlzzGB4iytFtiyxI2.png"", ""name"": ""Miyazaki Telecasting"", ""origin_country"": ""JP""}, {""id"": 271659, ""logo_path"": ""/9dD3buakf1nS6XQVBwEtm50izs4.png"", ""name"": ""Television Oita System"", ""origin_country"": ""JP""}, {""id"": 141954, ""logo_path"": ""/n1FLFPquZKFQcvhvA17AygdTOXe.png"", ""name"": ""Kumamoto Kenmin Televisions"", ""origin_country"": ""JP""}, {""id"": 150349, ""logo_path"": ""/heN61U2vwH9x0Nn0c0tw3Iwkd5P.png"", ""name"": ""Television Nagasaki"", ""origin_country"": ""JP""}, {""id"": 256953, ""logo_path"": ""/fo43SlMcaXaGtNI8XwizcFAssID.png"", ""name"": ""Saga Television Station"", ""origin_country"": ""JP""}, {""id"": 73265, ""logo_path"": ""/thh0SqE1oh7oOH08ISphk6cRghq.png"", ""name"": ""Television Nishinippon Corporation"", ""origin_country"": ""JP""}, {""id"": 271658, ""logo_path"": ""/rqwhg5baZjvlTx6K0qrrlSVPH34.png"", ""name"": ""Kochi Sun Sun Broadcasting"", ""origin_country"": ""JP""}, {""id"": 111399, ""logo_path"": ""/or1QRrZ05cC9c2IareIMxhA0oLk.png"", ""name"": ""Ehime Broadcasting"", ""origin_country"": ""JP""}, {""id"": 210199, ""logo_path"": ""/yEXKHunpx1r8N3QSpXBWoLo7Irz.png"", ""name"": ""Television Shin-Hiroshima System"", ""origin_country"": ""JP""}, {""id"": 230186, ""logo_path"": ""/nTjewOVL2tJ05yszs1TkclAr55L.png"", ""name"": ""Okayama Broadcasting"", ""origin_country"": ""JP""}, {""id"": 227745, ""logo_path"": ""/g7oDDXGmva5FSLgmkIadeeuDnrw.png"", ""name"": ""San-in Chuo Television Broadcasting"", ""origin_country"": ""JP""}, {""id"": 7549, ""logo_path"": ""/bXc1vp0lER6PDHtsVe12pSPwNkv.png"", ""name"": ""Kansai Television"", ""origin_country"": ""JP""}, {""id"": 112322, ""logo_path"": ""/zRIirBccCjxhtgDtLPJyvoXc5b0.png"", ""name"": ""Tokai Television Broadcasting"", ""origin_country"": ""JP""}, {""id"": 129534, ""logo_path"": ""/mb8FmPnl6fr9333PvVd1rC9f4h7.png"", ""name"": ""Fukui Television Broadcasting"", ""origin_country"": ""JP""}, {""id"": 256949, ""logo_path"": ""/he4yt9JBQQSi3F8a6YSrsTQYNvP.png"", ""name"": ""Ishikawa Television Broadcasting"", ""origin_country"": ""JP""}, {""id"": 271657, ""logo_path"": ""/cRh0LumtZvBibbVOyB3F69MemaN.png"", ""name"": ""Toyama Television"", ""origin_country"": ""JP""}, {""id"": 256955, ""logo_path"": ""/g2RAvblSZWcNxI4dD4u9rPfCauc.png"", ""name"": ""Shizuoka Telecasting"", ""origin_country"": ""JP""}, {""id"": 111400, ""logo_path"": ""/jepB1AQxLUKjs9ManubfTUETE6B.png"", ""name"": ""Nagano Broadcasting System"", ""origin_country"": ""JP""}, {""id"": 210801, ""logo_path"": ""/fjenNun3vCLtnHHsTpAgVYkubMl.png"", ""name"": ""Niigata Sogo Television"", ""origin_country"": ""JP""}, {""id"": 256957, ""logo_path"": ""/1YQFkvU0ngLVHiJvI8ydtFf6bji.png"", ""name"": ""Fukushima Television Broadcasting"", ""origin_country"": ""JP""}, {""id"": 3341, ""logo_path"": ""/dTG5dXE1kU2mpmL9BNnraffckLU.png"", ""name"": ""Fuji Television Network"", ""origin_country"": ""JP""}, {""id"": 216022, ""logo_path"": ""/hNbCO6N6F4o09DCGAoz7g0G2E9F.png"", ""name"": ""Akita Television"", ""origin_country"": ""JP""}, {""id"": 257270, ""logo_path"": ""/lRkTj6Sz2YemMN3DWQ3uewq3NGw.png"", ""name"": ""Sakuranbo Television Broadcasting Corporation"", ""origin_country"": ""JP""}, {""id"": 135680, ""logo_path"": ""/zU7JbY0k9I5nF6LEaHVL2IZERV.png"", ""name"": ""Sendai Television"", ""origin_country"": ""JP""}, {""id"": 256950, ""logo_path"": ""/20HAUojTA26vnWJ8oTYTfAsSU1v.png"", ""name"": ""Iwate Menkoi Television"", ""origin_country"": ""JP""}, {""id"": 8384, ""logo_path"": ""/vkOmMDoyA8Jj8gDJOyP6CjD06Kj.png"", ""name"": ""Hokkaido Cultural Broadcasting"", ""origin_country"": ""JP""}]","[{""iso_3166_1"": ""JP"", ""name"": ""Japan""}]","[{""english_name"": ""Japanese"", ""iso_639_1"": ""ja"", ""name"": ""\u65e5\u672c\u8a9e""}]","[""JP""]","{""id"": 185627, ""name"": ""Umizaru Collection"", ""poster_path"": ""/ntg0TTEajCcqKbFUSFoUcFhmhyE.jpg"", ""backdrop_path"": ""/eD6LC6lv0W372P1TXq6yJXcHzp7.jpg""}"
162007,Proprietors: Kammath & Kammath,കമ്മത്ത് & കമ്മത്ത്,Raja Raja Kammath and Deva Raja Kammath are two brothers who owns a chain of restaurants that specializes in making Dosa. The story begins when they come to Palakkad to open a new restaurant.,,Released,False,False,2013-01-24,147,0,0,1.2326,3.5,11,ml,,tt2667690,/30mBak44xIKLAZ7d9Ny2jDsymwC.jpg,/qIXWrYYFgtyf7pZ84zThESBZifZ.jpg,"[{""id"": 28, ""name"": ""Action""}, {""id"": 35, ""name"": ""Comedy""}]","[{""id"": 16399, ""logo_path"": ""/vKbSOtfudV2QTN1wfPqRSilvbBO.png"", ""name"": ""Anto Joseph Film Company"", ""origin_country"": ""IN""}]","[{""iso_3166_1"": ""IN"", ""name"": ""India""}]","[{""english_name"": ""Malayalam"", ""iso_639_1"": ""ml"", ""name"": """"}]","[""IN""]",null
162009,The Missing Lady,The Missing Lady,"While investigating the theft of a valuable jade statue known as ""The Missing Lady"" -- and the subsequent murder of an art dealer -- imperceptible sleuth Lamont Cranston aka the Shadow (Kane Richmond) finds himself being blamed for the crime. It doesn't help the Shadow's claims of innocence when more bodies begin piling up. Good thing he knows exactly who's guilty among an increasingly smaller group of suspects.",A Mystery Thrill-Treat from the Annals of The Shadow,Released,False,False,1946-08-17,60,0,0,1.2237,4.6,11,en,,tt0038743,/bbrfDmO2ea7qnGe8Kd6PHFmLfih.jpg,/tfRSY6RfYnR2SIfRRl3YPtFqMn3.jpg,"[{""id"": 878, ""name"": ""Science Fiction""}, {""id"": 80, ""name"": ""Crime""}, {""id"": 18, ""name"": ""Drama""}, {""id"": 9648, ""name"": ""Mystery""}]",[],[],"[{""english_name"": ""English"", ""iso_639_1"": ""en"", ""name"": ""English""}]","[""US""]","{""id"": 105075, ""name"": ""The Shadow Collection"", ""poster_path"": ""/qTuxplQWxxwKPWaRSHk93rSbW6p.jpg"", ""backdrop_path"": ""/ntIfzZNGz2aHRumYM7P8vqLJv6W.jpg""}"
162010,Nobody Gets Out Alive,Nobody Gets Out Alive,A group of college students escape their troubled lives but only to find themselves fighting for their lives from a revenge seeking mad man.,,Released,False,False,2013-01-31,77,0,0,0.4769,3.6,32,en,,tt1770675,/sZWl0n657IlvWIu0OV3NQElC9JZ.jpg,,"[{""id"": 27, ""name"": ""Horror""}, {""id"": 53, ""name"": ""Thriller""}]",[],"[{""iso_3166_1"": ""US"", ""name"": ""United States of America""}]","[{""english_name"": ""English"", ""iso_639_1"": ""en"", ""name"": ""English""}]","[""US""]",null
162012,Who Cares,Who Cares,Documentarian Nick Broomfield examines the problems of slum demolition and the removal of residents to new housing blocks.,,Released,False,False,1971-01-01,17,0,0,0.0996,7.2,4,en,,tt0147703,/c7I7KKgVaftMp6z4fbU5lCOLA68.jpg,,"[{""id"": 99, ""name"": ""Documentary""}]",[],"[{""iso_3166_1"": ""GB"", ""name"": ""United Kingdom""}]","[{""english_name"": ""English"", ""iso_639_1"": ""en"", ""name"": ""English""}]","[""GB""]",null
162013,Shalom Hanoch - 4 Stations,Shalom Hanoch - 4 Stations,"4 Stations is a series of performances that moves between the stations of Shalom Hanoch's time. Each show returns to a different station in Shalom Hanoch's extensive career. The unique live performance series ""4 Stations"", which Shalom Hanoch embarked on in the winter of 2010. The series accompanied the stations of his work and his mythological albums: ""Snail"", ""Plasticine"", ""Adam Boch Atzm"", ""End of Orange Season"", ""White Wedding"", ""Waiting for the Messiah"" and more... During the series, guests included, among others, Rita, Ehud Banai, Ninet, Aviv Geffen, The Jews, Yizhar Ashdot, Keren Peles and many more..",,Released,False,True,2011-06-01,317,0,0,0.0,0.0,0,he,,,,,[],[],[],"[{""english_name"": ""Hebrew"", ""iso_639_1"": ""he"", ""name"": ""\u05e2\u05b4\u05d1\u05b0\u05e8\u05b4\u05d9\u05ea""}]","[""IL""]",null
162015,The Shadow Returns,The Shadow Returns,"The Shadow (Kane Richmond) cracks a case of missing jewels, murder and plastics.",HIS GUNS SPEAK A SONG OF DEATH!,Released,False,False,1946-02-16,61,0,0,0.9695,5.3,10,en,,tt0038926,/wPH9tIzOnPJmzC3KXUrx9uIap4F.jpg,/zOUFq8Ki8rjl8KBMMdj2v5nnReb.jpg,"[{""id"": 9648, ""name"": ""Mystery""}, {""id"": 878, ""name"": ""Science Fiction""}]","[{""id"": 4395, ""logo_path"": null, ""name"": ""Monogram Pictures"", ""origin_country"": ""US""}]","[{""iso_3166_1"": ""US"", ""name"": ""United States of America""}]","[{""english_name"": ""English"", ""iso_639_1"": ""en"", ""name"": ""English""}]","[""US""]","{""id"": 105075, ""name"": ""The Shadow Collection"", ""poster_path"": ""/qTuxplQWxxwKPWaRSHk93rSbW6p.jpg"", ""backdrop_path"": ""/ntIfzZNGz2aHRumYM7P8vqLJv6W.jpg""}"
162016,Laughing at Life,Laughing at Life,"Easter, a soldier of fortune and gunrunner, leaves his family behind escaping from the authorities and an American detective named Mason. His globe hopping escape leads him finally to South America, where he is hired to organize a band of revolutionaries, unaware that they plan to eliminate him when his job is done.",A Soldier of Fortune-A Price on his head!,Released,False,False,1933-07-12,71,0,0,1.0089,6.0,2,en,,tt0024245,/617YnD9BMGAbHJGISxYJYtzIuUl.jpg,/yt5JFdnt6TiHtEkEBT4P8sm37XR.jpg,"[{""id"": 12, ""name"": ""Adventure""}, {""id"": 18, ""name"": ""Drama""}]","[{""id"": 4743, ""logo_path"": null, ""name"": ""Mascot Pictures"", ""origin_country"": ""US""}]","[{""iso_3166_1"": ""US"", ""name"": ""United States of America""}]","[{""english_name"": ""English"", ""iso_639_1"": ""en"", ""name"": ""English""}]","[""US""]",null
162017,HaYehudim - Live,היהודים - LIVE,"היהודים בהופעה, כפי שהוקלטה במועדון התיאטרון ביפו בינואר 2003. ה-DVD כולל שעתיים וחצי של ההופעה (הלהקה ידועה בעיקר בזכות הופעותיה האנרגטיות).  ההופעה כוללת את להיטי הלהקה (כגון ""הימים שלנו"", שהופיע במקור באלבומם הראשון והמצליח ביותר, ""מציאות נפרדת""), חלקם בעיבודים מיוחדים וגם שירים בהשמעת בכורה בימתית.",,Released,False,False,2003-08-13,128,0,0,0.0,0.0,0,he,,,,,[],[],[],"[{""english_name"": ""Hebrew"", ""iso_639_1"": ""he"", ""name"": ""\u05e2\u05b4\u05d1\u05b0\u05e8\u05b4\u05d9\u05ea""}]","[""IL""]",null
162018,Make Every Second Count 3D,Make Every Second Count 3D,"“Make Every Second Count 3D” is an extreme mountain bike and bmx documentary featuring the best riders in the world! See the best slopestyle trick riders battle it out at the Teva Mountain Games in Vail, Colorado and experience World Cup downhill racing with the world’s fastest riders. Fly along the best dirt jump trails and much more in true 3D!  Best 3D Cinematography 2011  Jury 3rd Place 7th Annual LA 3D Movie Festival",Life is short and bike riding is just one passion that allows riders to live in the moment.,Released,False,False,2011-01-02,67,0,0,0.0071,0.0,0,en,http://principalmedia.com/portfolio/make-every-second-count-3d/,,,,[],[],[],"[{""english_name"": ""English"", ""iso_639_1"": ""en"", ""name"": ""English""}]","[""US""]",null
162020,Partners in Crime,Partners in Crime,"Gene Reardon (Hauer) is a twice-divorced police detective who lives with his daughter. When a well-heeled local man is kidnapped, the FBI is called in, which introduces Longsworth (played by Paulina Porizkova). Longsworth happens to have been Reardon's first wife. Reardon's police reputation stinks because he botched a high-profile kidnapping case many years ago, which resulted in a baby who was never found. When ransom demands are finally heard, Reardon must try to solve the case without repeating his mistakes.",,Released,False,False,2000-01-07,90,0,0,0.7068,6.333,6,en,,tt0197753,/iGHtlMzmAg1sREY3woQUYgx765S.jpg,,"[{""id"": 53, ""name"": ""Thriller""}]",[],"[{""iso_3166_1"": ""US"", ""name"": ""United States of America""}]","[{""english_name"": ""English"", ""iso_639_1"": ""en"", ""name"": ""English""}]","[""US""]",null
162022,Guests of the Ayatollah,Guests of the Ayatollah,"Twenty-five years after the end of the Iran hostage crisis, Wild Eyes Productions & Discovery Times Channel bring you the definitive portrait of one of the most important events of the 20th century. Based on the book, Guests of the Ayatollah: The First Battle in America's War With Militant Islam, by Mark Bowden (Black Hawk Down, 1999; Killing Pablo, 2001), this four-part documentary series offers a comprehensive, detailed account of the events through the eyes and words of the key players. Go inside the daily lives of the hostages, and hear from the Iranian student captors, the U.S. soldiers sent on the impossible rescue mission and the diplomats working to end the crisis. Guests of the Ayatollah is a suspenseful account of a crisis that gripped and ultimately changed the world.",,Released,False,False,2005-06-25,184,0,0,0.0745,0.0,0,en,,tt0390066,,,"[{""id"": 99, ""name"": ""Documentary""}]","[{""id"": 48042, ""logo_path"": null, ""name"": ""Wild Eyes Productions"", ""origin_country"": ""US""}]","[{""iso_3166_1"": ""US"", ""name"": ""United States of America""}]","[{""english_name"": ""English"", ""iso_639_1"": ""en"", ""name"": ""English""}]","[""US""]",null
162023,The Universe: Nemesis - The Sun's Evil Twin,The Universe: Nemesis - The Sun's Evil Twin,The theory of a Nemesis star that orbits the sun and causes catastrophic events every 26 million years is explored.,,Released,False,False,2011-11-01,45,0,0,0.0214,5.0,1,en,,tt2094663,/tu5iIDXk6ZC8BOat1vDjL673WaV.jpg,/jULIEgKNbQ4i4ctPdiRaCWQGeuR.jpg,"[{""id"": 99, ""name"": ""Documentary""}, {""id"": 36, ""name"": ""History""}, {""id"": 878, ""name"": ""Science Fiction""}]",[],[],"[{""english_name"": ""English"", ""iso_639_1"": ""en"", ""name"": ""English""}]","[""US""]",null
162024,The Universe: How the Solar System was Made,The Universe: How the Solar System was Made,"At 4.6 billion years old, the Solar System is our solid, secure home in the Universe. But how did it come to be? In this episode we trace the system's birth from a thin cloud of dust and gas. Shocked by a nearby supernova, the pull of gravity and natural rotation spun it into a flat disc from which the Sun and planets coalesced. It all happened in the space of 700 million years, during which the planets jockeyed for position, dodging the brutal bombardment of deadly asteroids and setting into the neat, stable system that we now realize might be a rarity in the universe.",,Released,False,False,2011-11-08,45,0,0,0.206,0.0,0,en,,tt2098491,/5WWbPtavrXidpUfAupRjzJoGBMT.jpg,/e2QfsHxyz4DdFvaINT5WoA1y20H.jpg,"[{""id"": 99, ""name"": ""Documentary""}, {""id"": 36, ""name"": ""History""}, {""id"": 878, ""name"": ""Science Fiction""}]",[],[],"[{""english_name"": ""English"", ""iso_639_1"": ""en"", ""name"": ""English""}]","[""US""]",null
162025,Mashina - LIVE,משינה - LIVE,"משינה live 2003 הוא אלבום הופעה שיצא לאחר סיבוב הופעות של להקת הרוק הישראלית משינה בשנת 2004 מיד לאחר איחודהּ מחדש לאחר שמונה שנים שבהן לא הופיעו חברי הלהקה יחדיו. האלבום יצא בפברואר 2004 על ידי חברת התקליטים הליקון.  האלבום הופץ בגרסת תקליטור אודיו או כ-DVD. התקליטור כולל 14 מלהיטי העבר של משינה ועוד שני שירי חדשים, ""משהו קטן וטוב"" ו""ואולי עכשיו"", שכתבו והלחינו יובל בנאי ושלומי ברכה במשותף לרגל איחוד הלהקה.",,Released,False,False,2003-09-14,81,0,0,0.0,0.0,0,he,,,,,[],[],[],"[{""english_name"": ""Hebrew"", ""iso_639_1"": ""he"", ""name"": ""\u05e2\u05b4\u05d1\u05b0\u05e8\u05b4\u05d9\u05ea""}]","[""IL""]",null
162030,You're an Education,You're an Education,The brochures in a travel agency spring to life.,,Released,False,False,1938-11-04,7,0,0,0.3768,4.8,8,en,,tt0030999,/bf6i9uHxdH5qfrmzfwUMqQXA4s3.jpg,/j20YMF9eku3DMzWhDbfZCZpV6qy.jpg,"[{""id"": 16, ""name"": ""Animation""}, {""id"": 35, ""name"": ""Comedy""}]","[{""id"": 9329, ""logo_path"": ""/aue5pVfj9TcjYEOufkcuCbAL5hE.png"", ""name"": ""The Vitaphone Corporation"", ""origin_country"": ""US""}, {""id"": 134798, ""logo_path"": null, ""name"": ""Leon Schlesinger Productions"", ""origin_country"": ""US""}]","[{""iso_3166_1"": ""US"", ""name"": ""United States of America""}]","[{""english_name"": ""English"", ""iso_639_1"": ""en"", ""name"": ""English""}]","[""US""]",null
162031,Breaking the Code: Behind the Walls of Chris Jericho,Breaking the Code: Behind the Walls of Chris Jericho,"Chris Jericho has stolen the spotlight for nearly twenty years, becoming one of the most recognized WWE Superstars in sports-entertainment history. From his early days in Germany, Mexico, and Japan through ECW, WCW, and ultimately, WWE, Chris Jericho has demonstrated he is an exceptional talent in the ring and on the mic.",,Released,False,True,2010-09-27,540,0,0,1.4732,7.5,6,en,,tt1712167,/ehIfmRsYLxVrXX3UDaDAnOV0cgU.jpg,,"[{""id"": 28, ""name"": ""Action""}, {""id"": 18, ""name"": ""Drama""}]","[{""id"": 13651, ""logo_path"": ""/rVJkMs9cSaE1BQoPiDcH6OxmaVZ.png"", ""name"": ""WWE Home Video"", ""origin_country"": ""US""}]","[{""iso_3166_1"": ""US"", ""name"": ""United States of America""}]","[{""english_name"": ""English"", ""iso_639_1"": ""en"", ""name"": ""English""}]","[""US""]",null
162033,The Setting Sun,落陽,A Japanese soldier is forced to question alliances when he meets and falls in love with the leader of the rebel movement.,,Released,False,False,1992-09-15,152,0,0,1.217,5.2,4,ja,,tt0191428,/oYto0GiZJ9Oyi3Qqnib7l1rBwBv.jpg,,"[{""id"": 18, ""name"": ""Drama""}, {""id"": 10752, ""name"": ""War""}, {""id"": 10749, ""name"": ""Romance""}]","[{""id"": 25345, ""logo_path"": ""/pFRF57Hp5x8EKIqmWHv1t34dWVR.png"", ""name"": ""Central Motion Picture Corporation"", ""origin_country"": ""TW""}, {""id"": 2269, ""logo_path"": null, ""name"": ""China Film Co-Production"", ""origin_country"": ""CN""}, {""id"": 955, ""logo_path"": ""/5xnXD3PJI1HqOJceSAKZ3fDqO1V.png"", ""name"": ""Nikkatsu Corporation"", ""origin_country"": ""JP""}]","[{""iso_3166_1"": ""CN"", ""name"": ""China""}, {""iso_3166_1"": ""JP"", ""name"": ""Japan""}, {""iso_3166_1"": ""TW"", ""name"": ""Taiwan""}]","[{""english_name"": ""English"", ""iso_639_1"": ""en"", ""name"": ""English""}, {""english_name"": ""Japanese"", ""iso_639_1"": ""ja"", ""name"": ""\u65e5\u672c\u8a9e""}]","[""JP""]",null
162038,WWE: McMahon,WWE: McMahon,"Just who is Vincent Kennedy McMahon? To some he is the sports entertainment innovator and visionary corporate leader of a multimillion dollar company. To others he is evil personified- the manipulative sadistic boss of a corral of WWE Superstars who takes great personal pleasure in making others suffer. Mr. McMahon has achieved stunning successes and experienced humiliating defeats and yet keeps coming back for more. What other boss requires his employees to literally kiss his bare ass on national television? This 2 disc production takes a look back at what caused Vince McMahon to come out of the announcer booth and right into some of the most controversial moments ever seen on television. For the first time ever the onscreen and offscreen intrigues of the world’s most notorious boss are broken down by the people who know the man best. Exclusive interviews with Shane, Stephanie and Linda McMahon, Triple H, Hulk Hogan, Kurt Angle, Eric Bischoff, Paul Heyman, and more.",,Released,False,True,2006-08-22,120,0,0,0.9896,8.3,3,en,,tt0865361,/dhZWXa4F0NmK5q39uNp6f7gJ9xW.jpg,/pyYqXZs6LSojrA343sWUsq04UgO.jpg,"[{""id"": 99, ""name"": ""Documentary""}]",[],"[{""iso_3166_1"": ""US"", ""name"": ""United States of America""}]","[{""english_name"": ""English"", ""iso_639_1"": ""en"", ""name"": ""English""}]","[""US""]",null
162040,Too Hot to Handle,Too Hot to Handle,A French reporter working on a steamy story about the secret strip joints found in London's Soho district becomes involved in the lives of the owner and star of a famous club.,The sizzler you read about in Playboy magazine! It strips the secrets from the intimate key clubs.,Released,False,False,1960-12-01,90,0,0,1.1262,4.6,22,en,,tt0053365,/ytw9sldnsbrJly4WvbejJ3BcXJL.jpg,/86whq876ye7aOqx60WLhdU1ZpOa.jpg,"[{""id"": 80, ""name"": ""Crime""}, {""id"": 18, ""name"": ""Drama""}]","[{""id"": 88017, ""logo_path"": null, ""name"": ""Wigmore Productions"", ""origin_country"": ""GB""}, {""id"": 1441, ""logo_path"": ""/28DJnfE2ZaR5oNJVlZ38uvnLaCH.png"", ""name"": ""Associated British Picture Corporation"", ""origin_country"": ""GB""}]","[{""iso_3166_1"": ""GB"", ""name"": ""United Kingdom""}]","[{""english_name"": ""English"", ""iso_639_1"": ""en"", ""name"": ""English""}]","[""GB""]",null
162042,Riding with Death,Riding with Death,"Agent Sam Casey is in a satellite explosion and the radiation turns him invisible. He gets a watch that keeps him visible, and he uses it to switch from visible to invisible. He is assigned to transport a chemical called Tripolydine, which is purported to be the most efficient fuel; when the cover is blown on that and he uncovers and stops the Tripolydine fraud, he must then stop a terrorist from blowing up race cars.",An unforgettable excursion into adventure.,Released,False,False,1976-01-01,97,0,0,1.2186,2.6,20,en,,tt0075142,/s0AF31hJxRrsrtbyPfylYJfIA4e.jpg,,"[{""id"": 878, ""name"": ""Science Fiction""}, {""id"": 10770, ""name"": ""TV Movie""}, {""id"": 28, ""name"": ""Action""}, {""id"": 53, ""name"": ""Thriller""}]",[],"[{""iso_3166_1"": ""US"", ""name"": ""United States of America""}]","[{""english_name"": ""English"", ""iso_639_1"": ""en"", ""name"": ""English""}]","[""US""]",null
162043,Madonna: A Case of Blood Ambition,Madonna: A Case of Blood Ambition,"A man is convicted of raping and murdering a child and sent to prison. He is shortly afterwards beaten to death by other inmates. His daughter blames the jurors who convicted him for his death, and she hatches a scheme to murder each of the jury members, often seducing them herself first",,Released,False,False,1990-06-08,90,0,0,0.3049,3.4,5,en,,tt0100088,/xwLUQYWguGMSwmOA75J0Y1jQHdH.jpg,,"[{""id"": 27, ""name"": ""Horror""}]","[{""id"": 102568, ""logo_path"": null, ""name"": ""Vice Regent Video"", ""origin_country"": """"}]","[{""iso_3166_1"": ""CA"", ""name"": ""Canada""}]","[{""english_name"": ""English"", ""iso_639_1"": ""en"", ""name"": ""English""}]","[""US"", ""CA""]",null
162044,Batista - I Walk Alone,Batista - I Walk Alone,"One of WWE s most popular Superstars, Batista is truly a study in contrasts. On one hand, Batista is the smoothest of operators, known for his stylish appearance and laid-back attitude. He has the air and presence of a champion. Exploding with fury in the ring, however, Batista embodies his nickname The Animal. That power has served him well where he has won five world championships. For the first time ever, fans of The Animal can relive his storied career with this 3-DVD set that includes a biography of Batista s life both inside the ring and out. In addition to this revealing look at The Animal, this 3-DVD set will feature dozens of the greatest matches and moments from Batista s career.",,Released,False,True,2009-10-19,87,0,0,1.2129,7.0,7,en,,,/gGZVn5YcKFawLTzgNioejis8M5T.jpg,/uvjUrB6ULJzpwl8f7Mf99g4VzNe.jpg,"[{""id"": 99, ""name"": ""Documentary""}]","[{""id"": 13651, ""logo_path"": ""/rVJkMs9cSaE1BQoPiDcH6OxmaVZ.png"", ""name"": ""WWE Home Video"", ""origin_country"": ""US""}]",[],[],"[""US""]",null
162046,Voodoo Dolls,Voodoo Dolls,Students at a girls' college are terrorized by spirits that haunt the institution. A haunted and disturbing horror about TV star Gina Phillips who goes to a private school and join a sorority in Montreal only to realize there is some voodoo and killer dolls in the basement.,Old curses do not die...,Released,False,False,1991-10-04,89,0,0,0.4611,3.3,6,en,,tt0249232,/nfL24K9RpaDrfTauGiF8rwiISL.jpg,/umBBMAVbyraAesGryra4stMM2IV.jpg,"[{""id"": 27, ""name"": ""Horror""}, {""id"": 53, ""name"": ""Thriller""}]",[],"[{""iso_3166_1"": ""CA"", ""name"": ""Canada""}]","[{""english_name"": ""English"", ""iso_639_1"": ""en"", ""name"": ""English""}]","[""US"", ""CA""]",null
162049,Recommendation for Mercy,Recommendation for Mercy,"Inspired by true events, a 14 year-old boy is accused of raping and murdering a little girl",,Released,False,False,1975-08-12,92,0,0,0.4159,3.8,4,en,,tt0227352,/shDl7HAgidPbAyBryJV3aNGOYa3.jpg,/dPeTGquVjOhmsGz9VIHe8ktG6xm.jpg,"[{""id"": 18, ""name"": ""Drama""}]","[{""id"": 10645, ""logo_path"": null, ""name"": ""Paradise Films"", ""origin_country"": ""BE""}]","[{""iso_3166_1"": ""CA"", ""name"": ""Canada""}]","[{""english_name"": ""English"", ""iso_639_1"": ""en"", ""name"": ""English""}]","[""CA""]",null
162050,Drying Up the Streets,Drying Up the Streets,An ex-junkie takes on seedy urban culture to try and locate his daughter.,,Released,False,False,1978-08-26,85,0,0,0.6527,1.0,2,en,,tt0074438,/4D7o9wUTf2SsGdWNn7KdUXx28L5.jpg,,"[{""id"": 18, ""name"": ""Drama""}]","[{""id"": 12113, ""logo_path"": ""/lwnLVleFG0sRAYBq5IObgN30r9F.png"", ""name"": ""CBC"", ""origin_country"": ""CA""}, {""id"": 35839, ""logo_path"": null, ""name"": ""Moviestore Entertainment"", ""origin_country"": ""US""}]","[{""iso_3166_1"": ""CA"", ""name"": ""Canada""}]","[{""english_name"": ""English"", ""iso_639_1"": ""en"", ""name"": ""English""}]","[""US""]",null
162052,The Girl Next Door,The Girl Next Door,"Based on a true story. Annie Nolan is saved from domestic violence by Officer Craig Mitchell. Craig wants to be with Annie, and manipulates her into falling in love with him. He then persuades her to kill his wife, Wendy so that he does not have to go through the inconveniences of a divorce.",,Released,False,False,1998-10-19,87,0,0,1.2615,5.0,1,en,,tt0119198,/xdLrn3ERb7isPTh7h9VHQxxYRPe.jpg,/8T83o4E3JToINCfax5QUnHDCEJB.jpg,"[{""id"": 10770, ""name"": ""TV Movie""}, {""id"": 53, ""name"": ""Thriller""}]",[],"[{""iso_3166_1"": ""GB"", ""name"": ""United Kingdom""}, {""iso_3166_1"": ""US"", ""name"": ""United States of America""}]","[{""english_name"": ""English"", ""iso_639_1"": ""en"", ""name"": ""English""}]","[""GB"", ""US""]",null
162056,The Soup,Il minestrone,"Two homeless men in Rome are arrested due to a misunderstanding. In jail, they meet a man who has been arrested for eating and running from restaurants. Together they embark on a series of escapades around Tuscany.",,Released,False,False,1981-02-20,170,0,0,0.768,6.9,18,it,,tt0082752,/enylEGKYiFYNc5Qv46pPh1H8lzx.jpg,/u22YyJRrGlp3lIdFdrFXqcJu2cs.jpg,"[{""id"": 35, ""name"": ""Comedy""}]","[{""id"": 15868, ""logo_path"": null, ""name"": ""Medusa Distribuzione"", ""origin_country"": ""IT""}, {""id"": 1583, ""logo_path"": ""/gKP4egMJOi5rksdnplfPV1wa0sd.png"", ""name"": ""RAI"", ""origin_country"": ""IT""}]","[{""iso_3166_1"": ""IT"", ""name"": ""Italy""}]","[{""english_name"": ""Italian"", ""iso_639_1"": ""it"", ""name"": ""Italiano""}]","[""IT""]",null
162057,Tarzan in Istanbul,Tarzan İstanbul'da,,,Released,False,False,1952-11-02,90,0,0,0.2518,4.0,1,tr,,tt0324167,/72uS5faW51bFHcD8JZT3FmRT5gT.jpg,/koLvN5j3dSKCeic8pWebJQesLsK.jpg,"[{""id"": 12, ""name"": ""Adventure""}]","[{""id"": 41633, ""logo_path"": null, ""name"": ""Kunt Film"", ""origin_country"": ""TR""}]","[{""iso_3166_1"": ""TR"", ""name"": ""Turkey""}]","[{""english_name"": ""Turkish"", ""iso_639_1"": ""tr"", ""name"": ""T\u00fcrk\u00e7e""}]","[""TR""]",null
162059,Front Page Woman,Front Page Woman,"Ace reporter Curt Devlin and fellow reporter Ellen Garfield love one another, but Curt believes women are ""bum newspapermen"". When a murder investigation ensues, the two compete every step of the way, determined to not be scooped by the other.","A woman reporter tries to prove she's just as good as any man, but runs into trouble along the way.",Released,False,False,1935-07-11,82,0,0,0.9397,5.8,16,en,,tt0026388,/g6NTqQQDneq6IUATIooYjcYRoVl.jpg,/gdMvSKnBzOtjESSyLiL7tj9C35l.jpg,"[{""id"": 35, ""name"": ""Comedy""}, {""id"": 10749, ""name"": ""Romance""}]","[{""id"": 174, ""logo_path"": ""/zhD3hhtKB5qyv7ZeL4uLpNxgMVU.png"", ""name"": ""Warner Bros. Pictures"", ""origin_country"": ""US""}]","[{""iso_3166_1"": ""US"", ""name"": ""United States of America""}]","[{""english_name"": ""English"", ""iso_639_1"": ""en"", ""name"": ""English""}]","[""US""]",null
162061,Happy-Go-Lucky,夏時間の大人たち,"Takashi and four of his classmates, fourth-grade students, cannot succeed in doing a back pullover around a horizontal bar. Their gym teacher warns them: they have one week to succeed; if they resign now, then, tomorrow, facing life difficulties, they will always run away and become bums.",,Released,False,False,1997-03-17,73,0,0,1.6376,7.5,6,ja,,tt0113937,/3wW9aLZVp8gScHqaZ6GEmo7i4xy.jpg,/2a4nMzCFkHoiLipglr24jBybfR8.jpg,"[{""id"": 18, ""name"": ""Drama""}]","[{""id"": 48476, ""logo_path"": null, ""name"": ""Cinequanon Pictures International Inc."", ""origin_country"": ""US""}]","[{""iso_3166_1"": ""JP"", ""name"": ""Japan""}]","[{""english_name"": ""Japanese"", ""iso_639_1"": ""ja"", ""name"": ""\u65e5\u672c\u8a9e""}]","[""JP""]",null
162062,Joan Crawford: The Ultimate Movie Star,Joan Crawford: The Ultimate Movie Star,"In this documentary on the life of Joan Crawford, we learn why she should be remembered as the great actress she was, and not only as ""mommie dearest."" caricature she has become. Friends, fellow actors, directors, and others reminisce about their association with her, and numerous film clips show off her talent from her start in silents to bad science fiction/horror movies at the end of her career.",,Released,False,False,2002-08-01,87,0,0,1.4309,6.6,10,en,,tt0329241,/5IiruADmzDPc8u9cix0q3ieAEpI.jpg,/fgXxdirsF3UbH2qMOI8GlqgGsmS.jpg,"[{""id"": 99, ""name"": ""Documentary""}, {""id"": 10770, ""name"": ""TV Movie""}]","[{""id"": 8922, ""logo_path"": ""/yZWehAyjfKi4KvKeg1bkJ1bm5H8.png"", ""name"": ""Turner Entertainment Co."", ""origin_country"": ""US""}, {""id"": 47978, ""logo_path"": null, ""name"": ""Fitzfilm"", ""origin_country"": """"}, {""id"": 10915, ""logo_path"": ""/9NERkCpElyvb6RWNnWp4G4XWAKa.png"", ""name"": ""Turner Classic Movies"", ""origin_country"": ""US""}]","[{""iso_3166_1"": ""US"", ""name"": ""United States of America""}]","[{""english_name"": ""English"", ""iso_639_1"": ""en"", ""name"": ""English""}]","[""US""]",null
162064,Letty Lynton,Letty Lynton,"Socialite Letty Lynton is returning to New York, abandoning one-time lover Emile Renaul in South America, when she strikes up a shipboard romance with Jerry Darrow. Renault is waiting for her in New York and will not leave her alone, so she poisons him. When detectives take her to the D.A.s office, Jerry cooks up an alibi.","Put yourself in her place- a girl's dream of love realized- only to be menaced by a past indiscretion! It's thrilling- it's full of tears and laughs, it rings true because it IS true!",Released,False,False,1932-04-30,84,0,0,0.5243,6.8,8,en,,tt0023132,/1Sx9mRtdzW3M61134h72NjWHiJ4.jpg,/a7yqMDdDXNL2KjXznswNRkWeNhI.jpg,"[{""id"": 18, ""name"": ""Drama""}]","[{""id"": 21, ""logo_path"": ""/usUnaYV6hQnlVAXP6r4HwrlLFPG.png"", ""name"": ""Metro-Goldwyn-Mayer"", ""origin_country"": ""US""}]","[{""iso_3166_1"": ""US"", ""name"": ""United States of America""}]","[{""english_name"": ""English"", ""iso_639_1"": ""en"", ""name"": ""English""}]","[""US""]",null
162065,Sex in a Cold Climate,Sex in a Cold Climate,"Interlocking interviews of 4 women interred in various Magdalene asylums and/or orphanages because of out-of-wedlock pregnancies, being sexually assaulted, or just being ""too pretty"".",,Released,False,False,1998-03-16,52,0,0,0.354,7.0,13,en,https://embryo.asu.edu/pages/sex-cold-climate-1998,tt0380703,/m4BgimISjRK7buiJ2MNBgxaKe8V.jpg,,"[{""id"": 99, ""name"": ""Documentary""}, {""id"": 10770, ""name"": ""TV Movie""}]","[{""id"": 84783, ""logo_path"": ""/FgUZnTXfLk2X4AN3QXisg7lAhb.png"", ""name"": ""Testimony Films"", ""origin_country"": ""GB""}]","[{""iso_3166_1"": ""IE"", ""name"": ""Ireland""}]","[{""english_name"": ""English"", ""iso_639_1"": ""en"", ""name"": ""English""}]","[""IE""]",null
162066,Muskurahat,Muskurahat,"Gopichand Verma is a retired Judge of the Supreme Court of India. He re-locates to scenic Ooty and decides to live there in a palatial home. He has a cook/servant in Badriprasad Chaurasia. When Chaurasia wins a lottery, he quits, and Verma hires a woman by the name of Nandini in his place. He soon finds out that there is a mystery behind Nandini and her presence in his house, apart from the fact that she is mentally imbalanced. When he probes further, he finds that she is claiming to be his illegitimate daughter. He does accept her and decides to let her live there, but his wife, his son, his sister, his son-in-law, and daughter have other plans - for they have hired notorious hit-man Samar Khan to abduct and kill Nandini at any cost. Is Nandini really Verma's daughter? Why would the Verma family want her dead?",,Released,False,False,1992-10-30,180,0,0,0.7762,7.7,7,hi,,tt0255401,/pH2nYZxXvcm2GHbtoWy9fsUmqSC.jpg,,[],[],[],"[{""english_name"": ""Hindi"", ""iso_639_1"": ""hi"", ""name"": ""\u0939\u093f\u0928\u094d\u0926\u0940""}]","[""IN""]",null
162069,Doraemon: Nobita's Diary on the Creation of the World,映画ドラえもん のび太の創世日記,"To help him with his summer vacation project, Doraemon gives Nobita a kit which allows him to create a new world. The duo and their friends then go on a journey to witness the evolution of life.",,Released,False,False,1995-03-04,98,0,20200000,2.2533,7.2,19,ja,,tt1147512,/qemtaCXwo9sP6bYO8Hqc0o96JIy.jpg,/cpBarSyvJSf8xeZbfeL0w4CUcKg.jpg,"[{""id"": 16, ""name"": ""Animation""}, {""id"": 878, ""name"": ""Science Fiction""}, {""id"": 14, ""name"": ""Fantasy""}, {""id"": 12, ""name"": ""Adventure""}, {""id"": 10751, ""name"": ""Family""}, {""id"": 35, ""name"": ""Comedy""}]","[{""id"": 9300, ""logo_path"": ""/9sSD1XufVCJWAadNiC9Mwu994VD.png"", ""name"": ""TV Asahi"", ""origin_country"": ""JP""}, {""id"": 5141, ""logo_path"": ""/fK2QKfHdSdw42Xx4MiD7KhDufBV.png"", ""name"": ""Shin-Ei Animation"", ""origin_country"": ""JP""}, {""id"": 9149, ""logo_path"": ""/isLUpud9N56ifftJZ4XvzwBBpoG.png"", ""name"": ""Shogakukan"", ""origin_country"": ""JP""}]","[{""iso_3166_1"": ""JP"", ""name"": ""Japan""}]","[{""english_name"": ""Japanese"", ""iso_639_1"": ""ja"", ""name"": ""\u65e5\u672c\u8a9e""}]","[""JP""]","{""id"": 148065, ""name"": ""Doraemon Movies"", ""poster_path"": ""/4TLSP1KD1uAlp2q1rTrc6SFlktX.jpg"", ""backdrop_path"": ""/ii3bjKdqurBH8OZAGnKyfsZTde7.jpg""}"
162072,Doraemon: Nobita Drifts in the Universe,映画ドラえもん のび太の宇宙漂流記,"Nobita and his friends embark on a rescue mission to save Gian and Suneo, whom, after playing one of Doraemon's futuristic video games, are held captive by an evil alien force.",,Released,False,False,1999-03-06,93,0,31200000,2.7231,6.6,15,ja,,tt1147514,/fyIYQ8nTNccBz9lGeDDGu4foLCJ.jpg,/nSd3t1z36cgd572tui5P0KlQGVz.jpg,"[{""id"": 16, ""name"": ""Animation""}, {""id"": 12, ""name"": ""Adventure""}, {""id"": 10751, ""name"": ""Family""}, {""id"": 878, ""name"": ""Science Fiction""}, {""id"": 35, ""name"": ""Comedy""}, {""id"": 14, ""name"": ""Fantasy""}]","[{""id"": 5141, ""logo_path"": ""/fK2QKfHdSdw42Xx4MiD7KhDufBV.png"", ""name"": ""Shin-Ei Animation"", ""origin_country"": ""JP""}, {""id"": 12655, ""logo_path"": ""/dfGqf2NoMVPrDywDL90D5HAhBlW.png"", ""name"": ""Shogakukan-Shueisha Productions"", ""origin_country"": ""JP""}, {""id"": 9300, ""logo_path"": ""/9sSD1XufVCJWAadNiC9Mwu994VD.png"", ""name"": ""TV Asahi"", ""origin_country"": ""JP""}, {""id"": 4720, ""logo_path"": ""/7wQgZTA4FCkFMDedBYVZiVE87c7.png"", ""name"": ""ADK"", ""origin_country"": ""JP""}]","[{""iso_3166_1"": ""JP"", ""name"": ""Japan""}]","[{""english_name"": ""Japanese"", ""iso_639_1"": ""ja"", ""name"": ""\u65e5\u672c\u8a9e""}]","[""JP""]","{""id"": 148065, ""name"": ""Doraemon Movies"", ""poster_path"": ""/4TLSP1KD1uAlp2q1rTrc6SFlktX.jpg"", ""backdrop_path"": ""/ii3bjKdqurBH8OZAGnKyfsZTde7.jpg""}"
162075,Undone,Undone,Stop-motion film about a fisher who struggles to pull object up since they keep slipping through his fingers.,,Released,False,False,2008-01-01,6,0,0,0.0071,0.0,0,en,,tt1550674,,,"[{""id"": 16, ""name"": ""Animation""}]",[],"[{""iso_3166_1"": ""US"", ""name"": ""United States of America""}]",[],"[""US""]",null
162076,The Clocktower,The Clocktower,Short film about a girl that runs the world by being part of a clocktower machinery and that can therefore never be part of that world that wouldn't exist without her.,,Released,False,False,2008-06-18,0,0,0,0.0,0.0,0,en,,tt2105007,/rAK3AeoXIra3JOXs7fTA4xw4qFh.jpg,,[],[],[],[],"[""US""]",null
162085,Cuisine Jap,Cuisine Jap,The true story of the creation of japanese cuisine presented in a short animation film.,,Released,False,False,,0,0,0,0.0,0.0,0,en,,,,,[],[],[],[],"[""US""]",null
162086,Dehraadun Diary,Dehraadun Diary,"In the era of large scale corruption, where everyone seated on a chair that holds power is neck deep in corruption, exist unlikely heroes",,Released,False,False,2013-01-04,110,0,0,0.2727,5.0,1,hi,,tt2613942,/aun7v46MMgUWTXF9kYjxGiZyK0y.jpg,,"[{""id"": 53, ""name"": ""Thriller""}]",[],[],"[{""english_name"": ""Hindi"", ""iso_639_1"": ""hi"", ""name"": ""\u0939\u093f\u0928\u094d\u0926\u0940""}]","[""IN""]",null
162090,Mumbai Mirror,Mumbai Mirror,"Being a police officer in this big-bad city called Mumbai can be quite some task. Mumbai, contrary to the other parts of the country, works on its own unique little philosophy...",,Released,False,False,2013-01-18,136,0,0,0.3134,7.0,1,hi,,tt2633826,/jqF9RHSD5blpvIo6PUwBHIQHaZO.jpg,,"[{""id"": 28, ""name"": ""Action""}, {""id"": 80, ""name"": ""Crime""}, {""id"": 53, ""name"": ""Thriller""}]",[],[],"[{""english_name"": ""Hindi"", ""iso_639_1"": ""hi"", ""name"": ""\u0939\u093f\u0928\u094d\u0926\u0940""}]","[""IN""]",null
162091,A Backbone Tale,Une histoire vertébrale,A man whose physique forces him to look down tries to find love.,,Released,False,False,2005-06-06,9,0,0,0.0805,6.2,11,fr,,tt3321358,/m7Xl19X0qSQxCq1ecQl1oGPx3QO.jpg,/5WwBQtiWLIR9AnHsNLRSphigJmY.jpg,"[{""id"": 10749, ""name"": ""Romance""}, {""id"": 16, ""name"": ""Animation""}, {""id"": 18, ""name"": ""Drama""}]","[{""id"": 127701, ""logo_path"": null, ""name"": ""Strapontin"", ""origin_country"": ""FR""}]","[{""iso_3166_1"": ""FR"", ""name"": ""France""}]","[{""english_name"": ""French"", ""iso_639_1"": ""fr"", ""name"": ""Fran\u00e7ais""}]","[""FR""]",null
162092,Doraemon: Nobita and the Winged Braves,のび太と翼の勇者たち,Doraemon and his friends have to rescue the people of Birdopia from the wrongdoing of vengeful former bird troopers before they unleash a wicked ancient dragon.,,Released,False,False,2001-03-10,91,0,30700000,3.3033,7.2,39,ja,,tt0306741,/yrxoFlx8b8rPQz3BbQq0Wj8d1ya.jpg,/iW4dd1BuAhtYSKMLtt3vGX4C1um.jpg,"[{""id"": 10751, ""name"": ""Family""}, {""id"": 16, ""name"": ""Animation""}, {""id"": 12, ""name"": ""Adventure""}, {""id"": 878, ""name"": ""Science Fiction""}, {""id"": 14, ""name"": ""Fantasy""}]","[{""id"": 5141, ""logo_path"": ""/fK2QKfHdSdw42Xx4MiD7KhDufBV.png"", ""name"": ""Shin-Ei Animation"", ""origin_country"": ""JP""}, {""id"": 882, ""logo_path"": ""/fRSWWjquvzcHjACbtF53utZFIll.png"", ""name"": ""TOHO"", ""origin_country"": ""JP""}, {""id"": 9300, ""logo_path"": ""/9sSD1XufVCJWAadNiC9Mwu994VD.png"", ""name"": ""TV Asahi"", ""origin_country"": ""JP""}, {""id"": 9149, ""logo_path"": ""/isLUpud9N56ifftJZ4XvzwBBpoG.png"", ""name"": ""Shogakukan"", ""origin_country"": ""JP""}]","[{""iso_3166_1"": ""JP"", ""name"": ""Japan""}]","[{""english_name"": ""Japanese"", ""iso_639_1"": ""ja"", ""name"": ""\u65e5\u672c\u8a9e""}]","[""JP""]","{""id"": 148065, ""name"": ""Doraemon Movies"", ""poster_path"": ""/4TLSP1KD1uAlp2q1rTrc6SFlktX.jpg"", ""backdrop_path"": ""/ii3bjKdqurBH8OZAGnKyfsZTde7.jpg""}"
162095,Doraemon: Nobita and the Robot Kingdom,映画ドラえもん のび太とロボット王国,"Nobita, Doraemon, and the rest travel to the far future, on an inhabited planet where humans and robots coexist. The Empress of the Robot Kingdom is plotting to strip the robot inhabitants of their emotions, so it's up to Nobita and his friends to stop the plan, while also helping a robot boy named Poko from getting caught in the middle.",,Released,False,False,2002-03-09,81,0,21100000,3.3422,6.6,24,ja,,tt1147526,/qsr4Hcdh2xWtUDQumjiML5cirNW.jpg,/oYp4mptxvVaJTutVXSS9Akzet5j.jpg,"[{""id"": 16, ""name"": ""Animation""}, {""id"": 12, ""name"": ""Adventure""}, {""id"": 14, ""name"": ""Fantasy""}, {""id"": 878, ""name"": ""Science Fiction""}, {""id"": 10751, ""name"": ""Family""}]","[{""id"": 9149, ""logo_path"": ""/isLUpud9N56ifftJZ4XvzwBBpoG.png"", ""name"": ""Shogakukan"", ""origin_country"": ""JP""}, {""id"": 9300, ""logo_path"": ""/9sSD1XufVCJWAadNiC9Mwu994VD.png"", ""name"": ""TV Asahi"", ""origin_country"": ""JP""}, {""id"": 5141, ""logo_path"": ""/fK2QKfHdSdw42Xx4MiD7KhDufBV.png"", ""name"": ""Shin-Ei Animation"", ""origin_country"": ""JP""}]","[{""iso_3166_1"": ""JP"", ""name"": ""Japan""}]","[{""english_name"": ""Japanese"", ""iso_639_1"": ""ja"", ""name"": ""\u65e5\u672c\u8a9e""}]","[""JP""]","{""id"": 148065, ""name"": ""Doraemon Movies"", ""poster_path"": ""/4TLSP1KD1uAlp2q1rTrc6SFlktX.jpg"", ""backdrop_path"": ""/ii3bjKdqurBH8OZAGnKyfsZTde7.jpg""}"
162096,Metal on Metal 'Bastard',Metal on Metal 'Bastard',Short film about two table tennis players playing with a grenade.,,Released,False,False,,4,0,0,0.0,0.0,0,en,http://vimeo.com/8026411,,,,[],[],[],[],"[""US""]",null
162098,Pyrats,Pyrats,Animated short film about a group of pirates.,,Released,False,False,2006-06-13,1,0,0,0.2263,0.0,0,en,,tt10473082,/rZ7sOrbFB2EDcUNl7jEyLH6DoZm.jpg,,"[{""id"": 16, ""name"": ""Animation""}, {""id"": 28, ""name"": ""Action""}, {""id"": 10751, ""name"": ""Family""}]","[{""id"": 71552, ""logo_path"": ""/hmFPR24kEVCPi6A47x2j6n7qfza.png"", ""name"": ""Gobelins"", ""origin_country"": ""FR""}]","[{""iso_3166_1"": ""FR"", ""name"": ""France""}]",[],"[""US""]",null
162100,Snowflakes,Snowflakes,Japanese animated short film showing different stereotypical anime motives.,,Released,False,False,,0,0,0,0.0,0.0,0,en,,,,,[],[],[],[],"[""US""]",null
162103,"Doraemon: The Record of Nobita, Spaceblazer",映画ドラえもん のび太の宇宙開拓史,"Lopple and Chammy, two runaway aliens, recruit Doraemon and Nobita to help save their planet from destruction.",,Released,False,False,1981-03-14,96,0,27300000,2.2766,6.8,35,ja,,tt1147515,/k3JzxjbBojrcs9LxFmSnOgCEzkT.jpg,/9m00IVxGymmltmbYlWOyBAFCE9B.jpg,"[{""id"": 16, ""name"": ""Animation""}, {""id"": 10751, ""name"": ""Family""}, {""id"": 12, ""name"": ""Adventure""}, {""id"": 35, ""name"": ""Comedy""}, {""id"": 14, ""name"": ""Fantasy""}, {""id"": 878, ""name"": ""Science Fiction""}]","[{""id"": 5141, ""logo_path"": ""/fK2QKfHdSdw42Xx4MiD7KhDufBV.png"", ""name"": ""Shin-Ei Animation"", ""origin_country"": ""JP""}]","[{""iso_3166_1"": ""JP"", ""name"": ""Japan""}]","[{""english_name"": ""Japanese"", ""iso_639_1"": ""ja"", ""name"": ""\u65e5\u672c\u8a9e""}]","[""JP""]","{""id"": 148065, ""name"": ""Doraemon Movies"", ""poster_path"": ""/4TLSP1KD1uAlp2q1rTrc6SFlktX.jpg"", ""backdrop_path"": ""/ii3bjKdqurBH8OZAGnKyfsZTde7.jpg""}"
162104,Can You Keep It Up for a Week?,Can You Keep It Up for a Week?,"Accident-prone Gil wants a steady job but is dismissed by every company that recruits him due to his unfortunate habit of ending up in sexually embarrassing situations. His girlfriend Annette says that she will marry him only if he can stay employed for at least a week. Hired by Mr Grimwood's cleaning company ""Here To Service You"", Gil is unwittingly drawn into a series of bawdy misadventures: sharing a bath with a married woman and getting caught by her husband; having a threesome with a hospital patient and a woman doctor, followed by a foursome with Annette, Grimwood and a woman psychologist; awkward encounters with a gay man and a lesbian; and getting caught by Annette playing strip poker with a group of women. Incredibly, Gil remains in his job and Annette marries him, but before the couple can have their wedding night Gil collapses on the bed and passes out from exhaustion.",,Released,False,False,1975-06-04,90,0,0,0.4728,4.2,11,en,,tt0071273,/1ZMXmMhR5bqlKa2mJLAh3CJcb7.jpg,/lAFPqEg3XvG1uqooIJEorHDcVwC.jpg,"[{""id"": 35, ""name"": ""Comedy""}]","[{""id"": 88352, ""logo_path"": null, ""name"": ""Pyramid Films"", ""origin_country"": ""GB""}]","[{""iso_3166_1"": ""GB"", ""name"": ""United Kingdom""}]","[{""english_name"": ""English"", ""iso_639_1"": ""en"", ""name"": ""English""}]","[""GB""]",null
162106,Bear Country,Bear Country,Bear Country is a 1953 American short documentary film directed by James Algar. It won an Academy Award at the 26th Academy Awards in 1954 for Best Short Subject (Two-Reel).[1] The film was produced by Walt Disney as part of the True-Life Adventures series of nature documentaries.,,Released,False,False,1953-02-05,33,0,0,0.2815,7.4,14,en,,tt0045545,/iBovkMfembshuPKX31o0nqlqiTY.jpg,/23EgD5jpeKJTlhlmHnf76ZONHLo.jpg,"[{""id"": 99, ""name"": ""Documentary""}]","[{""id"": 3166, ""logo_path"": ""/jmPS1qPfKnISciDF7RnUbh48jvK.png"", ""name"": ""Walt Disney Productions"", ""origin_country"": ""US""}]","[{""iso_3166_1"": ""US"", ""name"": ""United States of America""}]","[{""english_name"": ""English"", ""iso_639_1"": ""en"", ""name"": ""English""}]","[""US""]","{""id"": 505998, ""name"": ""True-Life Adventures Collection"", ""poster_path"": ""/53fkawXcZO1ncvQ01C0JFCF7lpQ.jpg"", ""backdrop_path"": ""/sezbhklbMEvhhE8sP4G8s9jDBtf.jpg""}"
162109,Demon,夜叉,"Shuji was once a feared member of the Yakuza crime syndicate, but he's reformed his ways, abandoned his old life and left the city for a small coastal fishing town where he's become an honest fisherman.","One man, Two lives.",Released,False,False,1985-08-31,127,0,0,1.8965,7.0,5,ja,,tt0090349,/qYyAnMJmKvDY81ANKbDGrbDANV.jpg,/8DH9fdrTwi74mNMXbbw0DTVOcaj.jpg,"[{""id"": 18, ""name"": ""Drama""}]","[{""id"": 882, ""logo_path"": ""/fRSWWjquvzcHjACbtF53utZFIll.png"", ""name"": ""TOHO"", ""origin_country"": ""JP""}, {""id"": 118780, ""logo_path"": null, ""name"": ""Group Encounter"", ""origin_country"": """"}]","[{""iso_3166_1"": ""JP"", ""name"": ""Japan""}]","[{""english_name"": ""Japanese"", ""iso_639_1"": ""ja"", ""name"": ""\u65e5\u672c\u8a9e""}]","[""JP""]",null
162110,Flight for Freedom,Flight for Freedom,"A fictionalized biopic about aviation pioneer Amelia Earhart. A female pilot breaks the Los Angeles to New York record and attracts the interest of the U.S. Navy, who want to send her on a spy mission.",EVERY WOMAN WILL UNDERSTAND WHAT THIS ONE WOMAN DID FOR LOVE!,Released,False,False,1943-04-14,102,0,0,1.6328,5.4,7,en,,tt0035888,/kCwi44zZAZ1M4IqgPNUxxLBgZRg.jpg,/oWyztJEgNcJsqEep2tMayZi7FgN.jpg,"[{""id"": 18, ""name"": ""Drama""}]","[{""id"": 6, ""logo_path"": ""/n53F7K9scQWFXYbrCablqLKqJdp.png"", ""name"": ""RKO Radio Pictures"", ""origin_country"": ""US""}]","[{""iso_3166_1"": ""US"", ""name"": ""United States of America""}]","[{""english_name"": ""English"", ""iso_639_1"": ""en"", ""name"": ""English""}]","[""US""]",null
162115,The Dummy,The Dummy,"Anticipating having her in-laws over for dinner, a woman attempts to clean up her apartment and comes across her husband's creepy old ventriloquist dummy, which he refuses to let her throw out.",,Released,False,False,1982-01-01,7,0,0,0.1302,6.6,7,en,,tt2338710,/nCalJLGGFlhrlv7kcSIbvB7NGrR.jpg,/3CdSs9lffOvVOHO9TCvSVnoyZLl.jpg,"[{""id"": 14, ""name"": ""Fantasy""}, {""id"": 27, ""name"": ""Horror""}]",[],"[{""iso_3166_1"": ""US"", ""name"": ""United States of America""}]","[{""english_name"": ""English"", ""iso_639_1"": ""en"", ""name"": ""English""}]","[""US""]",null
162117,Secrets of Life,Secrets of Life,"A feature-length documentary showing the changing world of nature, the sky, the sea, the sun, planets, insects and volcanic action. A story of nature's strange and intricate designs for survival and her many methods of perpetuating life.",THE WONDROUS Mysteries of Nature Brought to the Screen for the First Time in a Motion Picture You Will Never Forget!,Released,False,False,1956-11-06,70,0,0,0.4114,7.1,16,en,,tt0049733,/1iv5z819Ce8EOvEg7nZ9Jon9mKQ.jpg,/44obidFbpFWbqSDMHzwOk3a3wwd.jpg,"[{""id"": 99, ""name"": ""Documentary""}]","[{""id"": 3166, ""logo_path"": ""/jmPS1qPfKnISciDF7RnUbh48jvK.png"", ""name"": ""Walt Disney Productions"", ""origin_country"": ""US""}]","[{""iso_3166_1"": ""US"", ""name"": ""United States of America""}]","[{""english_name"": ""English"", ""iso_639_1"": ""en"", ""name"": ""English""}]","[""US""]","{""id"": 505998, ""name"": ""True-Life Adventures Collection"", ""poster_path"": ""/53fkawXcZO1ncvQ01C0JFCF7lpQ.jpg"", ""backdrop_path"": ""/sezbhklbMEvhhE8sP4G8s9jDBtf.jpg""}"
162124,Eating Alabama,Eating Alabama,"In search of a simpler life, a young couple returns home to Alabama where they set out to eat the way their grandparents did – locally and seasonally. But as they navigate the agro-industrial gastronomical complex, they soon realize that nearly everything about the food system has changed since farmers once populated their family histories. A thoughtful and often funny essay on community, the South and sustainability, “Eating Alabama” is a story about why food matters.",A story about why food matters.,Released,False,False,2012-03-10,62,0,0,0.0745,6.3,5,en,http://www.eatingalabama.com/,tt2386170,/3DokY5YxxvmMd08Eo7P8DOjrNRC.jpg,,"[{""id"": 99, ""name"": ""Documentary""}]",[],[],"[{""english_name"": ""English"", ""iso_639_1"": ""en"", ""name"": ""English""}]","[""US""]",null
162132,Drought,Canícula,"The life on Zapotal Santa Cruz, a little town in Veracruz, Mexico. Canícula follows the school of the Dance of the Flyers and the people who surrounds the zone where youngs learn an ancient Mesoamerican ceremony performed by  totonacs during the summer.",,Released,False,False,2011-10-17,65,0,0,0.0491,5.8,4,es,,tt2307020,/y88nwmQc2LjgcGynJWkjUEx2sjs.jpg,,"[{""id"": 99, ""name"": ""Documentary""}]",[],"[{""iso_3166_1"": ""MX"", ""name"": ""Mexico""}]","[{""english_name"": ""Spanish"", ""iso_639_1"": ""es"", ""name"": ""Espa\u00f1ol""}]","[""MX""]",null
162133,Bug Off!,Bug Off!,"Big sister Krista angrily wishes her little brother Tyler would just turn into a bug and buzz off. She gets her wish, courtesy of Mrs. Pickle Nickle, an alien babysitter. Can Krista find her missing bug of a brother and get him back to normal?",,Released,False,False,2001-08-01,84,0,0,0.5261,4.0,3,en,,tt0292996,/mPnXg2ZqTxuRj2Hwp9IwQVh88O9.jpg,/lQBQo2yfcHXoKA0emAlD7l3QTFm.jpg,"[{""id"": 35, ""name"": ""Comedy""}, {""id"": 10751, ""name"": ""Family""}, {""id"": 14, ""name"": ""Fantasy""}]","[{""id"": 69439, ""logo_path"": null, ""name"": ""The Visual Transit Authority"", ""origin_country"": """"}]","[{""iso_3166_1"": ""US"", ""name"": ""United States of America""}]","[{""english_name"": ""English"", ""iso_639_1"": ""en"", ""name"": ""English""}]","[""US""]",null
162135,Las sufragistas,Las sufragistas,"Eufrosina Cruz was the first woman that became Congress President in Oaxaca. This is the story about women in politics in Mexico and their fight to reach their right to vote, their right to be in power. A journey that just started.",,Released,False,False,2012-10-17,77,0,0,0.1636,5.1,8,es,http://www.sufragistas.com/,tt2146130,/68SLBotIxbxKKLh7aKUEF9iJr9b.jpg,,"[{""id"": 99, ""name"": ""Documentary""}]","[{""id"": 299, ""logo_path"": ""/elssmtHcogGtF8Gxokh9phZvLKi.png"", ""name"": ""Instituto Mexicano de Cinematograf\u00eda"", ""origin_country"": ""MX""}]","[{""iso_3166_1"": ""MX"", ""name"": ""Mexico""}]","[{""english_name"": ""Spanish"", ""iso_639_1"": ""es"", ""name"": ""Espa\u00f1ol""}]","[""MX""]",null
162137,The Black Rider,The Black Rider,"When young reporter and amateur biker Jerry Marsh investigates a mysterious hooded figure on a motorbike, he discovers crooks hiding out in a ruined castle with atomic sabotage on their minds...",What was his evil mission?,Released,False,False,1954-12-01,65,0,0,0.4354,6.2,4,en,,tt0046788,/94XBtZ5Sp0InkAnDmWd4QMdd45r.jpg,/iP2Ne2CKT2uLPMzFdJ2rpYNF722.jpg,"[{""id"": 53, ""name"": ""Thriller""}, {""id"": 80, ""name"": ""Crime""}]","[{""id"": 31244, ""logo_path"": null, ""name"": ""Balblair Productions"", ""origin_country"": """"}]","[{""iso_3166_1"": ""GB"", ""name"": ""United Kingdom""}]","[{""english_name"": ""English"", ""iso_639_1"": ""en"", ""name"": ""English""}]","[""GB""]",null
162139,Perri,Perri,"This True Life Fantasy follows and shows how the life of a female squirrel, Perri, in the forest is filled with danger and fraught with peril. When not fleeing her natural enemy, the Marten, Perri finds time to fall in love with her prince-charming male squirrel.",BEWITCHING! BEAUTIFUL! BREATHLESSLY EXCITING,Released,False,False,1957-08-28,75,0,0,0.7267,6.5,24,en,,tt0050837,/nUZ1p2ZZEtaJR5RobN39zYOqDRr.jpg,/m3wJRmcrwEejMyFjXBrw0VZ1266.jpg,"[{""id"": 10751, ""name"": ""Family""}, {""id"": 14, ""name"": ""Fantasy""}, {""id"": 12, ""name"": ""Adventure""}]","[{""id"": 3166, ""logo_path"": ""/jmPS1qPfKnISciDF7RnUbh48jvK.png"", ""name"": ""Walt Disney Productions"", ""origin_country"": ""US""}]","[{""iso_3166_1"": ""US"", ""name"": ""United States of America""}]","[{""english_name"": ""English"", ""iso_639_1"": ""en"", ""name"": ""English""}]","[""US""]","{""id"": 505998, ""name"": ""True-Life Adventures Collection"", ""poster_path"": ""/53fkawXcZO1ncvQ01C0JFCF7lpQ.jpg"", ""backdrop_path"": ""/sezbhklbMEvhhE8sP4G8s9jDBtf.jpg""}"
162140,Le monde à l'envers,Le monde à l'envers,"Mado works at a supermarket. At 56 years old, she needs the job, but after being forced to use a goofy hat, she escapes to visit her son.",,Released,False,False,2012-01-01,37,0,0,0.401,3.0,3,en,,tt2274562,/pHovDEqISiOAXZuewjSNT07Xejq.jpg,,[],[],"[{""iso_3166_1"": ""FR"", ""name"": ""France""}]","[{""english_name"": ""French"", ""iso_639_1"": ""fr"", ""name"": ""Fran\u00e7ais""}]","[""US""]",null
162141,So Good To Be Home!,So Good To Be Home!,Movie version of Mary Mellow's autobiographical one woman show of a spiritual knockdown with almost happy but enlightening ending and a lot of tea.,Have a cup with your mind.,Released,False,False,2014-06-16,53,0,0,0.0393,0.0,0,en,http://twitter.com/behomeshow,tt3483024,,,"[{""id"": 35, ""name"": ""Comedy""}, {""id"": 99, ""name"": ""Documentary""}]",[],[],[],"[""US""]",null
162143,It's Not a Cowboy Movie,Ce n'est pas un film de cow-boys,"Last night, Brokeback Mountain aired on TV, Vincent watched it and found himself emotionally compelled by the story. Whilst chatting with a classmate in the school toilets, he takes advantage of the break to describe the film as only an adolescent can.",,Released,False,False,2012-02-25,12,0,0,0.2196,6.7,20,fr,,tt2271243,/vmTKDQ1NxS5I7bAKn2HhFERPWYn.jpg,/yaaEpOHbyDduAKKJkNOwtr8DYlq.jpg,"[{""id"": 18, ""name"": ""Drama""}, {""id"": 35, ""name"": ""Comedy""}]","[{""id"": 72670, ""logo_path"": null, ""name"": ""Synecdoche"", ""origin_country"": ""FR""}]","[{""iso_3166_1"": ""FR"", ""name"": ""France""}]","[{""english_name"": ""French"", ""iso_639_1"": ""fr"", ""name"": ""Fran\u00e7ais""}]","[""FR""]",null
162145,The Liability,The Liability,"When 19-year-old Adam agrees to do a day's driving for his mum's gangster boyfriend Peter, it takes him on a 24-hour journey into a nightmarish world of murder, sex trafficking and revenge, in the company of aging hit man Roy.",They had their turn... now it's his,Released,False,False,2012-11-24,86,0,0,1.0567,5.7,212,en,,tt2081437,/4TdsXzigS6xYYO9Qn8oOQrZqX1M.jpg,/9qWT9XN6ei6edEIwmIZDGnqb7x4.jpg,"[{""id"": 53, ""name"": ""Thriller""}, {""id"": 35, ""name"": ""Comedy""}, {""id"": 80, ""name"": ""Crime""}]","[{""id"": 12905, ""logo_path"": null, ""name"": ""Corona Pictures"", ""origin_country"": """"}, {""id"": 12906, ""logo_path"": null, ""name"": ""Starchild Pictures"", ""origin_country"": """"}]","[{""iso_3166_1"": ""GB"", ""name"": ""United Kingdom""}]","[{""english_name"": ""English"", ""iso_639_1"": ""en"", ""name"": ""English""}]","[""GB"", ""US""]",null
162146,National Security,남영동1985,"On September 4, 1984, democracy movement leader Kim Jong Tae is arrested and taken to an infamous interrogation facility in Namyeong-dong. For the next 22 days, he would be cruelly and continuously tortured in all manners by interrogators intent on forcing him to confess to communist collaboration.",For the sake of my country.,Released,False,False,2012-11-22,106,0,0,1.6406,7.313,24,ko,,tt2466786,/tA8rDKlPd7S8roqL9kf1bP2Ygep.jpg,/abyzHDhaxmnC4iGYWPedXVRyPcm.jpg,"[{""id"": 18, ""name"": ""Drama""}, {""id"": 36, ""name"": ""History""}, {""id"": 53, ""name"": ""Thriller""}]","[{""id"": 111908, ""logo_path"": null, ""name"": ""Atnine Film"", ""origin_country"": ""KR""}, {""id"": 20212, ""logo_path"": ""/qfsoWI4d0vKzXIvmgrxGQfaS2jj.png"", ""name"": ""Aura Pictures"", ""origin_country"": ""KR""}, {""id"": 19773, ""logo_path"": null, ""name"": ""Cinus Entertainment"", ""origin_country"": ""KR""}]","[{""iso_3166_1"": ""KR"", ""name"": ""South Korea""}]","[{""english_name"": ""Korean"", ""iso_639_1"": ""ko"", ""name"": ""\ud55c\uad6d\uc5b4/\uc870\uc120\ub9d0""}]","[""KR""]",null
162150,The Phantom Broadcast,The Phantom Broadcast,"A handsome radio singer has it all--fame, money, adoring fans--but what no one knows is that his accompanist, a hunchbacked piano player, is actually the voice behind the arrogant, abusive ""singer""'s fame. The two men fall for the same girl, and when the singer turns up dead, suspicion falls upon his assistant and the girl.","The Crooner Lay Dead...Yet His Voice Haunted 20,000,000 People!",Released,False,False,1933-03-14,72,0,0,0.3585,4.3,6,en,,tt0024443,/68B22zwrBcypPYjcbCoIQBMsjp1.jpg,/3snIdyJimj07RaiTJpsBcV6a6kX.jpg,"[{""id"": 9648, ""name"": ""Mystery""}, {""id"": 80, ""name"": ""Crime""}]","[{""id"": 17129, ""logo_path"": null, ""name"": ""W.T. Lackey Productions"", ""origin_country"": """"}]","[{""iso_3166_1"": ""US"", ""name"": ""United States of America""}]","[{""english_name"": ""English"", ""iso_639_1"": ""en"", ""name"": ""English""}]","[""US""]",null
162152,Skyway,Skyway,"A cocky young pilot, at the urging of his girlfriend, takes a nice, ""safe"" job at the bank where her father is president.",IT HITS THE HIGH SPOTS IN ACTION THRILLS ROMANCE!,Released,False,False,1933-08-29,69,0,0,0.4969,5.2,5,en,,tt0024573,/kzTSU3BGOCb9y8Eids0QkavS3r3.jpg,/zcuqu3UuEtiycd0uosUWVGMpf4z.jpg,"[{""id"": 28, ""name"": ""Action""}, {""id"": 35, ""name"": ""Comedy""}, {""id"": 18, ""name"": ""Drama""}]","[{""id"": 17129, ""logo_path"": null, ""name"": ""W.T. Lackey Productions"", ""origin_country"": """"}]","[{""iso_3166_1"": ""US"", ""name"": ""United States of America""}]","[{""english_name"": ""English"", ""iso_639_1"": ""en"", ""name"": ""English""}]","[""US""]",null
162156,Josie Gibson's 30-Second Slim,Josie Gibson's 30-Second Slim,"Big Brother’s Josie Gibson is more of a little sister now! She’s dropped 5 dress sizes and 3 stone using 30-Second Slim. Personal trainer James Stark created this Short Sharp Slim workout based on the latest science of High Intensity Interval Training. It’s just 30 seconds of sweat, followed by an active rest.  ""Laboratory tests show it burns fat faster than any other form of exercise,"" says James.  Plus, Josie reckons, ""it’s great if you’re a bit lazy like me ‘cos the hard bit only lasts 30 seconds at a time!""  Three 20-minute workouts build in intensity from Level 1 to Level 3. In each there’s…  WARM-UP: 4 minutes of easy calorie-burning moves.  MAIN WORKOUT: 12 minutes of fat-burning intervals &amp; moves to tone up the bum, arms and belly.  COOL DOWN: 4 minutes of stretches to lengthen the muscles.  ""Let’s face it I was a real porker,"" says Josie. ""But this did it for me--so go for it. All you’ve got to lose is your love handles!""",,Released,False,False,2012-12-24,0,0,0,0.0071,0.0,0,en,,,,,[],[],[],[],"[""US""]",null
162168,Butterfly Man,Butterfly Man,Adventure romance about an English backpacker whose world falls apart when he meets and falls in love with a beautiful girl on an exotic Thai island.,,Released,False,False,2002-12-06,95,0,0,0.6642,3.2,4,en,,tt0283972,/wI8eFPz9x7UHl52I6azkyEbaOE4.jpg,/f8Gjkl34FkHy0SDxUNZdTyV0gvX.jpg,"[{""id"": 10749, ""name"": ""Romance""}, {""id"": 18, ""name"": ""Drama""}]","[{""id"": 49835, ""logo_path"": null, ""name"": ""De Warrenne Pictures"", ""origin_country"": """"}, {""id"": 3255, ""logo_path"": null, ""name"": ""GMM Pictures Co."", ""origin_country"": """"}]","[{""iso_3166_1"": ""TH"", ""name"": ""Thailand""}, {""iso_3166_1"": ""GB"", ""name"": ""United Kingdom""}]","[{""english_name"": ""English"", ""iso_639_1"": ""en"", ""name"": ""English""}]","[""GB"", ""TH""]",null
162173,"No me pidas que te bese, porque te besaré","No me pidas que te bese, porque te besaré",,,Released,False,False,2008-10-03,0,0,0,0.1571,7.4,8,es,,tt1003026,/8ZMS9LWUUnhZgEPoLGffhVIDJYt.jpg,,"[{""id"": 10749, ""name"": ""Romance""}, {""id"": 35, ""name"": ""Comedy""}]","[{""id"": 11651, ""logo_path"": ""/i5JILeNrP9piqdJWmfQCbTHQKJf.png"", ""name"": ""Rodar y Rodar"", ""origin_country"": ""ES""}]","[{""iso_3166_1"": ""ES"", ""name"": ""Spain""}]","[{""english_name"": ""Spanish"", ""iso_639_1"": ""es"", ""name"": ""Espa\u00f1ol""}]","[""ES""]",null
162174,Noche de reyes,Noche de reyes,"Miguel Bardem's Christmas comedy Noche de Reyes (Twelfth Night) intercuts a variety of story lines. Ernesto Cuspineda (Joaquin Climent) is a businessman whose life comes unglued during a party. His wife learns of his affair, and his daughter is expecting a baby. There are wise men who have nefarious motives, and scam artist Santa Clauses.",,Released,False,False,2001-12-21,105,0,0,0.577,4.8,8,es,,tt0305902,/6jO8OXBrCCEB1Prw8DENaSMrHOu.jpg,,"[{""id"": 35, ""name"": ""Comedy""}]","[{""id"": 23490, ""logo_path"": null, ""name"": ""Gestevisi\u00f3n Telecinco S.A."", ""origin_country"": ""ES""}, {""id"": 692, ""logo_path"": ""/mKVxLKcaUmevZUfxsuKzfIoeSw.png"", ""name"": ""Sogecine"", ""origin_country"": ""ES""}]","[{""iso_3166_1"": ""ES"", ""name"": ""Spain""}]","[{""english_name"": ""Spanish"", ""iso_639_1"": ""es"", ""name"": ""Espa\u00f1ol""}]","[""ES""]",null
162180,Wales - Grand Slam 2008,Wales - Grand Slam 2008,"They defied all the odds and all the doubters to perform a sporting miracle! Out of the rubble of their Rugby World Cup, Wales are Grand Slam champions once again! And they did it in style - they ran, they stepped and they lit up the Six Nations. The Red Dragon belching out fire and flame on the way to an extraordinary second Slam in four years!",Relive all the best moments from those five magnificent Welsh victories.,Released,False,False,2008-05-31,268,0,0,0.0471,4.8,2,en,,,/xTTxdCkFnCRYwkNKSWINxQFV2nD.jpg,,"[{""id"": 99, ""name"": ""Documentary""}]",[],[],[],"[""US""]",null
162183,The Mystery Squadron,The Mystery Squadron,"Hank Davis, foreman on a huge dam project, enlists the aid of his two flyer friends when a sinister figure known as The Black Ace leads his Mystery Squadron of masked pilots in an attempt to destroy the dam.",,Released,False,False,1933-12-21,227,0,0,0.6963,6.0,1,en,,tt0024367,/tVOtGXK7rNJ9iOtbHQTzq6iy1se.jpg,/bfRqimUi46JPhLN7PGRYWwqyM0g.jpg,"[{""id"": 28, ""name"": ""Action""}, {""id"": 9648, ""name"": ""Mystery""}]","[{""id"": 4743, ""logo_path"": null, ""name"": ""Mascot Pictures"", ""origin_country"": ""US""}]","[{""iso_3166_1"": ""US"", ""name"": ""United States of America""}]","[{""english_name"": ""English"", ""iso_639_1"": ""en"", ""name"": ""English""}]","[""US""]",null
162186,Reflections on Black,Reflections on Black,A series of terrifying dramas of male-female relationships offset against the background of a New York tenement.  Preserved by the Academy Film Archive in partnership with The Film Foundation in 2012.,,Released,False,False,1955-01-25,12,0,0,0.052,5.0,17,en,,tt0214052,,,"[{""id"": 18, ""name"": ""Drama""}]",[],"[{""iso_3166_1"": ""US"", ""name"": ""United States of America""}]","[{""english_name"": ""English"", ""iso_639_1"": ""en"", ""name"": ""English""}]","[""US""]",null
162208,The Gentleman Tramp,The Gentleman Tramp,"A film about the life and work of the master comedy filmmaker, Charles Chaplin.",,Released,False,False,1976-10-10,78,0,0,0.8088,6.6,4,en,,tt0073039,/1cbtIWAyXlCjlJGNeRcrP00fCNc.jpg,/nXieFkVC7MVD4VABszMZyAU0fsL.jpg,"[{""id"": 99, ""name"": ""Documentary""}]",[],"[{""iso_3166_1"": ""US"", ""name"": ""United States of America""}]","[{""english_name"": ""English"", ""iso_639_1"": ""en"", ""name"": ""English""}]","[""US""]",null
162210,Men for Sale,Hommes à louer,An intimate and unflinching look over 12 months at the hardscrabble lives of hustlers in downtown Montreal.,,Released,False,False,2008-09-30,145,0,0,0.0953,5.5,11,fr,,tt1589448,/hOXzzw7FIm0kO0vfjfz1zrKSpDR.jpg,/3JuIb909sDSiaW2bZUPHs8Vy33m.jpg,"[{""id"": 99, ""name"": ""Documentary""}]","[{""id"": 10473, ""logo_path"": ""/lMUDQZVtg8On4PAW5XFQPaQy6UK.png"", ""name"": ""ONF | NFB"", ""origin_country"": ""CA""}]","[{""iso_3166_1"": ""CA"", ""name"": ""Canada""}]","[{""english_name"": ""French"", ""iso_639_1"": ""fr"", ""name"": ""Fran\u00e7ais""}]","[""CA"", ""FR""]",null
162214,Paper Boats 2,Perahu Kertas 2,"While working on a project together, two friends face the feelings they've long had for each other. Now, however, they're both seeing other people.",,Released,False,False,2012-10-04,100,0,0,0.2541,7.7,3,id,,tt2668926,/1dXsRaGKPne02tNB3o4644DMjZM.jpg,/5EU5PtGaq9xRzaPnvrPpHU48ey.jpg,"[{""id"": 18, ""name"": ""Drama""}, {""id"": 10749, ""name"": ""Romance""}]","[{""id"": 37348, ""logo_path"": ""/188CvB5x5cnl8B6OcPocFbeB8zs.png"", ""name"": ""Dapur Film"", ""origin_country"": ""ID""}, {""id"": 14140, ""logo_path"": ""/tYujZw7UWP1mjWv48eqsjutjqeN.png"", ""name"": ""Starvision Plus"", ""origin_country"": ""ID""}, {""id"": 37349, ""logo_path"": null, ""name"": ""Bentang Pictures"", ""origin_country"": ""ID""}]","[{""iso_3166_1"": ""ID"", ""name"": ""Indonesia""}]","[{""english_name"": ""Indonesian"", ""iso_639_1"": ""id"", ""name"": ""Bahasa indonesia""}]","[""ID""]","{""id"": 1049097, ""name"": ""Perahu Kertas - Collection"", ""poster_path"": null, ""backdrop_path"": null}"
162215,How I Live Now,How I Live Now,"An American girl, sent to the English countryside to stay with relatives, finds love and purpose while fighting for her survival as war envelops the world around her.",Love will lead you home,Released,False,False,2013-09-10,101,0,0,2.4594,6.632,934,en,,tt1894476,/63TMTCmz6Z0qpE21CDgwwTrZAzI.jpg,/tCdypgid7Meg3qpmvquUA9qqLNH.jpg,"[{""id"": 18, ""name"": ""Drama""}, {""id"": 10749, ""name"": ""Romance""}, {""id"": 878, ""name"": ""Science Fiction""}]","[{""id"": 11594, ""logo_path"": ""/4w31g1L8zrpOuZ7s7f83qkmfOVZ.png"", ""name"": ""Passion Pictures"", ""origin_country"": ""GB""}, {""id"": 245, ""logo_path"": ""/9oyhlRJFKrGPmhbRseNbuD9H6dN.png"", ""name"": ""Cowboy Films"", ""origin_country"": ""GB""}, {""id"": 7281, ""logo_path"": ""/iI7qdR1OFPo0U41BlpKBLD3xesh.png"", ""name"": ""BFI"", ""origin_country"": ""GB""}, {""id"": 6705, ""logo_path"": ""/iNB1FCwT4XjO6wkN3PnpPnwr9GX.png"", ""name"": ""Film4 Productions"", ""origin_country"": ""GB""}, {""id"": 8147, ""logo_path"": ""/q6HOAdSNgCbeOqwoMVRc6REgbXF.png"", ""name"": ""Entertainment One"", ""origin_country"": ""CA""}, {""id"": 20277, ""logo_path"": ""/aomeUwZLIBjGXHfuZq7HTVk7UNb.png"", ""name"": ""Protagonist Pictures"", ""origin_country"": ""GB""}, {""id"": 234110, ""logo_path"": null, ""name"": ""Prospect Entertainment"", ""origin_country"": ""CA""}]","[{""iso_3166_1"": ""CA"", ""name"": ""Canada""}, {""iso_3166_1"": ""GB"", ""name"": ""United Kingdom""}]","[{""english_name"": ""English"", ""iso_639_1"": ""en"", ""name"": ""English""}]","[""GB""]",null
162223,The Wild Chase,The Wild Chase,"Speedy Gonzales and the Road Runner are racing each other, with Sylvester Cat and Wile E. Coyote in hot pursuit.",Who's the fastest? and Who's the hungriest?- Hashir,Released,False,False,1965-02-26,6,0,0,0.4391,6.0,16,en,,tt0059911,/oy6v5gB5Orrsb9WyvjEDRhf0ZWj.jpg,/re6391t4KnAIoFJbdN8OcTIi6XV.jpg,"[{""id"": 16, ""name"": ""Animation""}, {""id"": 35, ""name"": ""Comedy""}]","[{""id"": 8402, ""logo_path"": null, ""name"": ""DePatie-Freleng Enterprises"", ""origin_country"": ""US""}]","[{""iso_3166_1"": ""US"", ""name"": ""United States of America""}]","[{""english_name"": ""English"", ""iso_639_1"": ""en"", ""name"": ""English""}]","[""US""]",null
162225,Heroes in Hell,Eroi all'inferno,"In World War II, guerrillas kidnap a German general.",,Released,False,False,1974-09-12,83,0,0,0.4481,2.7,3,it,,tt0070036,/3FsSL76xh6t418EA353TdHRAvQD.jpg,,"[{""id"": 18, ""name"": ""Drama""}, {""id"": 10752, ""name"": ""War""}]","[{""id"": 75286, ""logo_path"": null, ""name"": ""UTI Produzioni Associate"", ""origin_country"": ""IT""}]","[{""iso_3166_1"": ""IT"", ""name"": ""Italy""}]","[{""english_name"": ""Italian"", ""iso_639_1"": ""it"", ""name"": ""Italiano""}]","[""IT""]",null
162227,The Singing Kid,The Singing Kid,"Neurotic Broadway star Al Jackson faces professional ruin when he loses his voice. While recuperating in the country, he falls in love with farm girl Ruth Haines, the pretty aunt of precocious little Sybil Haines.",HIS BEST !,Released,False,False,1936-04-10,85,0,0,1.5613,4.0,1,en,,tt0028257,/uYXv5PlYaJJgr3RYRfdUCmw1T8g.jpg,/yscIF7jem4LB4LpkFYeTn1aaCFp.jpg,"[{""id"": 18, ""name"": ""Drama""}, {""id"": 10402, ""name"": ""Music""}]","[{""id"": 3245, ""logo_path"": ""/9dBTQp9XitrHkx20i1r9HhZ3Q6B.png"", ""name"": ""First National Pictures"", ""origin_country"": ""US""}]","[{""iso_3166_1"": ""US"", ""name"": ""United States of America""}]","[{""english_name"": ""English"", ""iso_639_1"": ""en"", ""name"": ""English""}]","[""US""]",null
162229,Sing Your Worries Away,Sing Your Worries Away,"This package for comedy and the musical numbers has Luke Brown being drugged by the gangster operators of the swank Boathouse Inn; most notably Roxie a sexy pickpocket. Brown has information that Chow Brewster and his cousin have inherited $3,000,000. The owner of the Inn intends to keep Brown under wraps until they can drive Chow to suicide. He will then marry Chow's cousin before she finds out about her inheritance.",,Released,False,False,1942-03-06,70,0,0,0.5696,5.5,2,en,,tt0035338,/oMmwmQZXSjTt8dkFCq43kReYj4b.jpg,,"[{""id"": 35, ""name"": ""Comedy""}, {""id"": 10402, ""name"": ""Music""}]","[{""id"": 6, ""logo_path"": ""/n53F7K9scQWFXYbrCablqLKqJdp.png"", ""name"": ""RKO Radio Pictures"", ""origin_country"": ""US""}]","[{""iso_3166_1"": ""US"", ""name"": ""United States of America""}]","[{""english_name"": ""English"", ""iso_639_1"": ""en"", ""name"": ""English""}]","[""US""]",null
162231,The Photograph,Zdjęcie,"After looking at a photograph from the end of World War II of two young boys holding guns, celebrating the liberation of Warsaw, a documentarian for Polish television tries to find the boys and discover how their lives have went.",,Released,False,False,1968-01-25,32,0,0,0.2059,6.9,8,pl,,tt0163915,/kUhmsgKNJSNDMVRCqc8vGTDs7G0.jpg,,"[{""id"": 99, ""name"": ""Documentary""}]",[],"[{""iso_3166_1"": ""PL"", ""name"": ""Poland""}]","[{""english_name"": ""Polish"", ""iso_639_1"": ""pl"", ""name"": ""Polski""}]","[""PL""]",null
162234,Lola and Billy the Kid,Lola und Bilidikid,"Lola is part of “The Migrant Workers”, a Turkish drag queen troupe who perform to great acclaim. Lola’s gay little brother Murat, on the other hand, is just beginning his search for an identity. An intense family drama set in “Anatolian” Berlin-Kreuzberg.",,Released,False,False,1999-02-21,93,0,0,0.9185,6.4,32,de,,tt0137079,/5hgHYisTryPMx6GIG2o5BUXURUt.jpg,/qqGBIb9N5b7mXFAxwbF1vKLk2OH.jpg,"[{""id"": 18, ""name"": ""Drama""}]","[{""id"": 2511, ""logo_path"": null, ""name"": ""Zero Film"", ""origin_country"": ""DE""}, {""id"": 10565, ""logo_path"": ""/5djnxodjmgbzdXiNRllwhQPxANY.png"", ""name"": ""Good Machine"", ""origin_country"": ""US""}]","[{""iso_3166_1"": ""DE"", ""name"": ""Germany""}]","[{""english_name"": ""German"", ""iso_639_1"": ""de"", ""name"": ""Deutsch""}, {""english_name"": ""Turkish"", ""iso_639_1"": ""tr"", ""name"": ""T\u00fcrk\u00e7e""}]","[""DE""]",null
162236,Sweet and Low-Down,Sweet and Low-Down,"After their annual free concert at Chicago's Dearborn Settlement, Benny Goodman and his band are packing up to go to their next engagement when a kid steals Goodman's clarinet. Goodman and Popsie pursue him to a tenement flat where he has led them to hear his brother play the trombone. Shenanigans ensue following Goodman's offering the brother a job with the band.",Hot on every note!,Released,False,False,1944-09-21,76,0,0,0.8464,5.2,6,en,,tt0037333,/g2K7AFbgPnugNHbkJJdngHOyCvd.jpg,/jmNIU8l3hkAcEhIIC1pMakjElKF.jpg,"[{""id"": 10402, ""name"": ""Music""}, {""id"": 10749, ""name"": ""Romance""}]","[{""id"": 25, ""logo_path"": ""/qZCc1lty5FzX30aOCVRBLzaVmcp.png"", ""name"": ""20th Century Fox"", ""origin_country"": ""US""}]","[{""iso_3166_1"": ""US"", ""name"": ""United States of America""}]","[{""english_name"": ""English"", ""iso_639_1"": ""en"", ""name"": ""English""}]","[""US""]",null
162240,Die Abenteuer des Grafen Bobby,Die Abenteuer des Grafen Bobby,"Count Bobby assumes the identity and dresses of his sick aunt because they desperately need the money for chaperoning Mary, a wealthy American heiress, on her trip through Europe. Bobby falls in love with Mary, but his dress is a handicap.",,Released,False,False,1961-04-01,94,0,0,0.6576,4.4,8,de,,tt0054592,/yqQER5qJkm8fiCDBj937kQAKh0l.jpg,/iSJJfuXVQwuEDV7isH1I0H2Wr6i.jpg,"[{""id"": 10402, ""name"": ""Music""}, {""id"": 35, ""name"": ""Comedy""}]","[{""id"": 11900, ""logo_path"": null, ""name"": ""Sascha-Film Produktions GmbH"", ""origin_country"": ""AT""}]","[{""iso_3166_1"": ""AT"", ""name"": ""Austria""}]","[{""english_name"": ""German"", ""iso_639_1"": ""de"", ""name"": ""Deutsch""}]","[""AT"", ""DE""]","{""id"": 162268, ""name"": ""Graf Bobby Collection"", ""poster_path"": ""/lDbEqCO5Jm0hvm3lFW4nQFnVeKC.jpg"", ""backdrop_path"": null}"
162246,Aerosmith: Live Texxas Jam '78,Aerosmith: Live Texxas Jam '78,Footage of Aerosmith's gig at Texxas World Music Festival in Dallas on 4th Juli 1978.,,Released,False,False,2006-12-30,45,0,0,0.23,0.0,0,en,,,/vSlmR2GCAXsynuYpVQWdpiFzBoE.jpg,,[],[],[],"[{""english_name"": ""English"", ""iso_639_1"": ""en"", ""name"": ""English""}]","[""US""]",null
162247,The Spell of Amy Nugent,Spellbound,"A young man's fiancé dies after contracting a terminal illness, and in his efforts to contact her he gets involved with a group of spiritualists.",Do we survive after death?,Released,False,False,1941-05-10,82,0,0,0.6073,5.0,3,en,,tt0033088,/r6VQA2TAOJhAMIfKFroKl7SdZO9.jpg,/s6NPxmhZ4WIzd2bDjk87voWPjOk.jpg,"[{""id"": 27, ""name"": ""Horror""}, {""id"": 18, ""name"": ""Drama""}]","[{""id"": 89035, ""logo_path"": null, ""name"": ""Pyramid Amalgamated Productions"", ""origin_country"": ""GB""}]","[{""iso_3166_1"": ""GB"", ""name"": ""United Kingdom""}]",[],"[""GB"", ""US""]",null
162253,Laura Pausini: Live World Tour 09,Laura Pausini: Live World Tour 09,,,Released,False,False,2009-11-26,102,0,0,0.0787,6.8,3,it,,,/uOyJsUPpq7pj3hyd5ErpRRLkLic.jpg,/5QAWgWRReCKABfylNveDBfanBch.jpg,"[{""id"": 10402, ""name"": ""Music""}]","[{""id"": 12700, ""logo_path"": ""/1oyIA1tQWgAbARPsqMFUUjESRpB.png"", ""name"": ""Warner Music Group"", ""origin_country"": ""US""}]","[{""iso_3166_1"": ""IT"", ""name"": ""Italy""}, {""iso_3166_1"": ""ES"", ""name"": ""Spain""}, {""iso_3166_1"": ""BR"", ""name"": ""Brazil""}, {""iso_3166_1"": ""CL"", ""name"": ""Chile""}, {""iso_3166_1"": ""US"", ""name"": ""United States of America""}, {""iso_3166_1"": ""CH"", ""name"": ""Switzerland""}]","[{""english_name"": ""Italian"", ""iso_639_1"": ""it"", ""name"": ""Italiano""}, {""english_name"": ""Spanish"", ""iso_639_1"": ""es"", ""name"": ""Espa\u00f1ol""}]","[""BR"", ""DE"", ""CH""]",null
162255,"Count Bobby, the Terror of the Wild West","Graf Bobby, der Schrecken des Wilden Westens","An Austrian earl learns that he has inherited land in Arizona, in the American wild west. The count and his friend journey to America to claim the inheritance. There, they encounter danger, desperados, and the none-too-friendly daughter of the local sheriff.",,Released,False,False,1965-12-31,92,0,0,0.4981,6.0,4,de,,tt0059240,/l1rr2uW6NWwAq6HidysoLuK1UAe.jpg,/appe32FlL4T5rWuB8ZYl8Ej68Ki.jpg,"[{""id"": 37, ""name"": ""Western""}, {""id"": 35, ""name"": ""Comedy""}, {""id"": 10402, ""name"": ""Music""}]","[{""id"": 5940, ""logo_path"": ""/pJR6Hhx3FsRPzoh4LyJyHEa6cD3.png"", ""name"": ""Avala Film"", ""origin_country"": ""YU""}, {""id"": 11900, ""logo_path"": null, ""name"": ""Sascha-Film Produktions GmbH"", ""origin_country"": ""AT""}, {""id"": 94599, ""logo_path"": null, ""name"": ""Dr. Herbert Gruber Produktion"", ""origin_country"": ""AT""}]","[{""iso_3166_1"": ""AT"", ""name"": ""Austria""}, {""iso_3166_1"": ""YU"", ""name"": ""Yugoslavia""}]","[{""english_name"": ""German"", ""iso_639_1"": ""de"", ""name"": ""Deutsch""}]","[""AT"", ""DE""]","{""id"": 162268, ""name"": ""Graf Bobby Collection"", ""poster_path"": ""/lDbEqCO5Jm0hvm3lFW4nQFnVeKC.jpg"", ""backdrop_path"": null}"
162257,Not My Daughter,Meine Tochter nicht,"The fall is so rapid that it seems like a bad dream. Just a moment ago, 16-year-old Nadja was a carefree, cheerful young girl, but shortly afterwards the horror follows: the older boy she falls in love with is a junkie who also drags Nadja into misery. Her wealthy parents learn in an extremely painful way about a world they had previously only known from hearsay: their search for their daughter literally becomes a journey into the underworld.",,Released,False,False,2010-04-13,0,0,0,0.5341,7.0,1,de,,tt1503720,/g8qTivRx6Xwvkg8AGVt0Qs3i99U.jpg,,"[{""id"": 18, ""name"": ""Drama""}]","[{""id"": 27448, ""logo_path"": null, ""name"": ""ProSiebenSat.1 Media GmbH"", ""origin_country"": """"}, {""id"": 3391, ""logo_path"": ""/t0QBs2fI3mE3HxgoH1n39bYuzNu.png"", ""name"": ""ORF"", ""origin_country"": ""AT""}, {""id"": 1478, ""logo_path"": ""/plHEkpGkULYqiLRpYsUak8uYmhU.png"", ""name"": ""Sat.1"", ""origin_country"": ""DE""}]","[{""iso_3166_1"": ""AT"", ""name"": ""Austria""}]","[{""english_name"": ""German"", ""iso_639_1"": ""de"", ""name"": ""Deutsch""}]","[""AT""]",null
162270,Tarawa Beachhead,Tarawa Beachhead,"A soldier is expected to never question the actions of his commanding officer, but when a Marine sees his CO breaking the law, he finds himself facing a difficult dilemma in this provocative war drama.",Beachheading Into Hell!,Released,False,False,1958-11-02,77,0,0,0.6498,6.0,2,en,,tt0052272,/psTdztEcxFeHcOaMKAxldkJoubT.jpg,/2OTYVTDl67SrqUDXlYu0nAJsXKk.jpg,"[{""id"": 10752, ""name"": ""War""}, {""id"": 18, ""name"": ""Drama""}]","[{""id"": 5040, ""logo_path"": null, ""name"": ""Morningside Productions"", ""origin_country"": ""US""}]","[{""iso_3166_1"": ""US"", ""name"": ""United States of America""}]","[{""english_name"": ""English"", ""iso_639_1"": ""en"", ""name"": ""English""}]","[""US""]",null
162272,Chattakaari,Chattakaari,"Chattakaari (English: The Anglo Indian Girl) is a 2012 Malayalam romantic drama film written by Thoppil Bhasi based on Pamman's famous novel of the same name and directed by Santosh Sethumadhavan. It is the remake of the 1974 film of the same name, directed by K. S. Sethumadhavan.[2] The film was produced by Suresh Kumar under the banner of Revathy Kalamandir. It stars Shamna Kasim in the title roles.",,Released,False,False,2012-09-22,0,0,0,0.2805,4.5,3,ml,,tt2955542,/y0kUulTHHKUVCo6eto4wHjWauiy.jpg,,"[{""id"": 10749, ""name"": ""Romance""}, {""id"": 18, ""name"": ""Drama""}]",[],"[{""iso_3166_1"": ""IN"", ""name"": ""India""}]","[{""english_name"": ""Malayalam"", ""iso_639_1"": ""ml"", ""name"": """"}]","[""IN""]",null
162279,Schleuderprogramm,Schleuderprogramm,"From one day to the next, the diva falls from the Olympus of the opera world when she rushes to the aid of her sick father Karl and cancels a performance at the Cologne Opera. The audience and, above all, the management are furious, as ""Die Herbst"" has been harassing the directors of the major opera houses for years with her whims and demands. The second cast is now to be given their chance.",,Released,False,False,2012-09-08,90,0,0,0.4513,0.0,0,de,,tt2356572,/g1aKRqcTglxYG4DltPfCELWrPSD.jpg,,"[{""id"": 35, ""name"": ""Comedy""}]","[{""id"": 425, ""logo_path"": null, ""name"": ""teamWorx"", ""origin_country"": ""DE""}]","[{""iso_3166_1"": ""DE"", ""name"": ""Germany""}]","[{""english_name"": ""German"", ""iso_639_1"": ""de"", ""name"": ""Deutsch""}, {""english_name"": ""Italian"", ""iso_639_1"": ""it"", ""name"": ""Italiano""}]","[""DE""]",null
162281,WTC Haikus,WTC Haikus,"A lyrical diary film composed of fleeting images of the World Trade Center, filmed over decades as the towers appeared in Jonas Mekas’s everyday life—from street scenes and rooftop gatherings to family outings by the waterfront. Together, these fragments form a poetic memorial of presence and absence.",,Released,False,False,2010-01-25,14,0,0,0.0379,7.9,6,en,,tt2088011,/zu0I5Wg1sKVroQO8l76JzRUjXaE.jpg,,"[{""id"": 99, ""name"": ""Documentary""}]",[],"[{""iso_3166_1"": ""US"", ""name"": ""United States of America""}]","[{""english_name"": ""No Language"", ""iso_639_1"": ""xx"", ""name"": ""No Language""}]","[""US""]",null
162282,A Perfect Family,Una famiglia perfetta,"Leone is a rich and powerful man whose loneliness drives him to hire a cast of actors to play the family he never had. On Christmas Eve, reality and make-believe start to get blurred.",Money can't buy happiness... but it can rent it.,Released,False,False,2012-11-29,120,0,4621441,0.7636,6.5,226,it,,tt2427968,/tkmvXoqQnzqkF66315TrsjSDilG.jpg,/pNPYEC5hTUAQkzgDsnKu4ti4qaR.jpg,"[{""id"": 35, ""name"": ""Comedy""}]","[{""id"": 21649, ""logo_path"": ""/6Ji6E59Wt9O4VA6nqwAd6RW7ijs.png"", ""name"": ""Sky Cinema"", ""origin_country"": ""IT""}, {""id"": 6246, ""logo_path"": ""/7X6pfxldTiOD7MLo2EQqUQlmOUw.png"", ""name"": ""Medusa Film"", ""origin_country"": ""IT""}, {""id"": 19916, ""logo_path"": ""/dOQ7UtUAqydn5zmx3qElFIMqn6t.png"", ""name"": ""Lotus Production"", ""origin_country"": ""IT""}, {""id"": 154035, ""logo_path"": null, ""name"": ""Mediaset Premium"", ""origin_country"": ""IT""}]","[{""iso_3166_1"": ""IT"", ""name"": ""Italy""}]","[{""english_name"": ""Italian"", ""iso_639_1"": ""it"", ""name"": ""Italiano""}]","[""IT""]",null
162284,Guilty Hands,Guilty Hands,A district attorney commits the perfect murder when he kills his daughter's womanizing fiancé and then tries framing the fiancé's lover.,Mystery... chills... an ending that you'll never guess!,Released,False,False,1931-08-22,69,0,0,0.7387,5.9,14,en,,tt0021933,/nhS05fuQJ2lbtEZKkAXd2vOikY8.jpg,/oyKOOiNaS9FJv6Hlzq4xu3LpYPJ.jpg,"[{""id"": 80, ""name"": ""Crime""}, {""id"": 18, ""name"": ""Drama""}]","[{""id"": 21, ""logo_path"": ""/usUnaYV6hQnlVAXP6r4HwrlLFPG.png"", ""name"": ""Metro-Goldwyn-Mayer"", ""origin_country"": ""US""}]","[{""iso_3166_1"": ""US"", ""name"": ""United States of America""}]","[{""english_name"": ""English"", ""iso_639_1"": ""en"", ""name"": ""English""}]","[""US""]",null
162285,Traffic Troubles,Traffic Troubles,"Mickey is driving a taxi. His first fare is a very large gentleman. Mickey stops traffic and gets a tongue-lashing from the officer. The cab runs into some bad road, bounces the fare down to almost nothing, then bounces the customer right out of the cab. Mickey pulls up to the curb and picks up his second passenger, Minnie. She plays her accordion while they ride. The cab gets a flat tire, and Mickey uses a pig to pump it up.",,Released,False,False,1931-03-14,7,0,0,0.444,6.3,27,en,,tt0022496,/fLiX2VmVxxIKTE3veBQgQHt6sxO.jpg,/pW79nMDmXwYIKjKUMlbf6PhgG6w.jpg,"[{""id"": 16, ""name"": ""Animation""}, {""id"": 35, ""name"": ""Comedy""}]","[{""id"": 3166, ""logo_path"": ""/jmPS1qPfKnISciDF7RnUbh48jvK.png"", ""name"": ""Walt Disney Productions"", ""origin_country"": ""US""}]","[{""iso_3166_1"": ""US"", ""name"": ""United States of America""}]","[{""english_name"": ""English"", ""iso_639_1"": ""en"", ""name"": ""English""}]","[""US""]",null
162291,Brothers,Brüder,"Ernst Stadler is a successful, award-winning chef with his own gourmet restaurant. His older brother Ludwig is also a chef, but is currently in prison. Adrian, the youngest of the three, is a nurse and gay. When their mother dies, they travel together to the funeral in Saxony-Anhalt. There they find a clue about Wickerl's biological father. They track down Ernst's father in Hungary. He had once abandoned his pregnant mother. Adrian is not a brother in the biological sense; he was adopted by his mother as a foundling. Nevertheless, they come to the conclusion: ""And the three of us are still brothers.""",,Released,False,False,2002-06-02,90,0,0,0.5453,7.7,3,de,,tt0321536,/jbywpNT6BPajOoocsi89i41zhEg.jpg,,"[{""id"": 10770, ""name"": ""TV Movie""}, {""id"": 18, ""name"": ""Drama""}, {""id"": 35, ""name"": ""Comedy""}]","[{""id"": 608, ""logo_path"": ""/dD2Do4GHXAql5c4LjXCbEOvxbFg.png"", ""name"": ""Dor Film"", ""origin_country"": ""AT""}]","[{""iso_3166_1"": ""AT"", ""name"": ""Austria""}]","[{""english_name"": ""German"", ""iso_639_1"": ""de"", ""name"": ""Deutsch""}]","[""AT""]","{""id"": 162309, ""name"": ""Br\u00fcder Filmreihe"", ""poster_path"": ""/zrItbVUSltMmLj4TWRcMSa6OiHG.jpg"", ""backdrop_path"": null}"
162296,In me non c'è che futuro,In me non c'è che futuro,,,Released,False,False,2011-01-04,0,0,0,0.0,0.0,0,it,,tt2154824,,,"[{""id"": 99, ""name"": ""Documentary""}]","[{""id"": 188744, ""logo_path"": null, ""name"": ""Sattva Films"", ""origin_country"": """"}]","[{""iso_3166_1"": ""IT"", ""name"": ""Italy""}]","[{""english_name"": ""Italian"", ""iso_639_1"": ""it"", ""name"": ""Italiano""}]","[""IT""]",null
162303,Tweet Tweet Tweety,Tweet Tweet Tweety,"Sylvester Cat leaves a trailer in a National Forest Camping Ground to go bird hunting and discovers an egg in a nest. Sylvester decides to sit on the egg to hatch it, and when it hatches, out crawls Tweety Bird! Sylvester chases Tweety into a geyser and down a river in a boat toward a waterfall.",,Released,False,False,1951-12-14,7,0,0,0.3894,6.6,18,en,,tt0044153,/voT2ZzVzKwnjshiNcS2yvOMi3IL.jpg,/6EY69ykHuGnBsgCDOrpZPUdmSaC.jpg,"[{""id"": 16, ""name"": ""Animation""}, {""id"": 35, ""name"": ""Comedy""}]","[{""id"": 174, ""logo_path"": ""/zhD3hhtKB5qyv7ZeL4uLpNxgMVU.png"", ""name"": ""Warner Bros. Pictures"", ""origin_country"": ""US""}, {""id"": 8298, ""logo_path"": ""/r6cuEYq7DqrHCNVa7vSanTS0cuw.png"", ""name"": ""Warner Bros. Cartoons"", ""origin_country"": ""US""}]","[{""iso_3166_1"": ""US"", ""name"": ""United States of America""}]","[{""english_name"": ""English"", ""iso_639_1"": ""en"", ""name"": ""English""}]","[""US""]",null
162305,Brüder II,Brüder II,"Four years have passed since the unsuccessful search of the ""brothers"" Ernst, Ludwig and Adrian Stadler ended after a common father with the determination: ""I have three still brothers"". Ernst has now acquired fame with a cooking program on television. He lives separately from Iris The mother of his twins. Ludwig operates a well -walking bourgeois restaurant. Adrian helps in the kitchen there and, because of a side jump by friend Michael, moves from the shared apartment to Ludwig into the mother's house. The ratio of the three fake brothers still shapes the ratio of the three fake brothers. When Adrian processes the experiences of the father search in a novel and develop between Ludwig and Iris tender gang, even the resilience of Stadlerscher family gang seems to have finally exceeded their limits and their lust for the argument have lost the unifying force.",,Released,False,False,2003-11-23,90,0,0,0.5606,2.7,3,de,,tt0389822,/tYLEK3tz9EHbXfL2ojOKOn3HtbF.jpg,,[],"[{""id"": 608, ""logo_path"": ""/dD2Do4GHXAql5c4LjXCbEOvxbFg.png"", ""name"": ""Dor Film"", ""origin_country"": ""AT""}]","[{""iso_3166_1"": ""AT"", ""name"": ""Austria""}]","[{""english_name"": ""German"", ""iso_639_1"": ""de"", ""name"": ""Deutsch""}]","[""AT""]","{""id"": 162309, ""name"": ""Br\u00fcder Filmreihe"", ""poster_path"": ""/zrItbVUSltMmLj4TWRcMSa6OiHG.jpg"", ""backdrop_path"": null}"
162307,Brüder III - Auf dem Jakobsweg,Brüder III - Auf dem Jakobsweg,"After the death of his partner, Adrian experiences a serious existential crisis. He decides to walk to Santiago de Compostela to come to terms with himself and his life. Against Adrian's will, his brother Ludwig joins him on the pilgrimage. And Ernst, who initially has no intention of going, is forced to leave Vienna for a while due to a scandal he caused. At first, it is not a particularly pious pilgrimage, but in the end, they stand on the beach of the Atlantic Ocean in Finisterre, where the world seemed to end for pilgrims of earlier times, enriched by many insights and (self-)discoveries.",,Released,False,False,2006-05-09,93,0,0,0.2016,6.0,1,de,,tt0793480,/9IVisjFfWO1WuqSK23uFfhUwKFe.jpg,,"[{""id"": 35, ""name"": ""Comedy""}]","[{""id"": 608, ""logo_path"": ""/dD2Do4GHXAql5c4LjXCbEOvxbFg.png"", ""name"": ""Dor Film"", ""origin_country"": ""AT""}]","[{""iso_3166_1"": ""AT"", ""name"": ""Austria""}]",[],"[""AT""]","{""id"": 162309, ""name"": ""Br\u00fcder Filmreihe"", ""poster_path"": ""/zrItbVUSltMmLj4TWRcMSa6OiHG.jpg"", ""backdrop_path"": null}"
162311,Janine,Janine,"During a desultory night on the town, two men talk about their experiences with women. One of them disparages his ex-wife, while the other is enamored of the prostitute he was with earlier in the evening. Without realizing it, both men are talking about Janine.",,Released,False,False,1962-01-01,16,0,0,0.5979,6.6,7,fr,https://icarusfilms.com/if-janine,tt0209056,/eeFj7E4QnZNF5VQuLaeUiFnz2e5.jpg,,"[{""id"": 18, ""name"": ""Drama""}]","[{""id"": 77233, ""logo_path"": null, ""name"": ""France Opera Film"", ""origin_country"": """"}, {""id"": 745, ""logo_path"": null, ""name"": ""Les Films de la Pl\u00e9iade"", ""origin_country"": ""FR""}]","[{""iso_3166_1"": ""FR"", ""name"": ""France""}]","[{""english_name"": ""French"", ""iso_639_1"": ""fr"", ""name"": ""Fran\u00e7ais""}]","[""FR""]",null
162312,The Sweetheart of Sigma Chi,The Sweetheart of Sigma Chi,"A campus flirt who has been ""pinned"" by most of the boys of Sigma Chi fraternity falls for a no-nonsense athlete who doesn't have time for such diversions as women.",THE SCREEN'S HANDSOMENEST HE-MAN AS A COLLGE HERO WHO SUBCUMBS TO THE SIREN OF THE CAMPUS!,Released,False,False,1933-10-25,78,0,0,0.586,4.5,2,en,,tt0024635,/c2htZR3vLrVVN9qfAzbmDcyvZq8.jpg,/zceTmVimwh6FllIRmjseyjGB0Qc.jpg,"[{""id"": 35, ""name"": ""Comedy""}, {""id"": 18, ""name"": ""Drama""}, {""id"": 10402, ""name"": ""Music""}]","[{""id"": 17129, ""logo_path"": null, ""name"": ""W.T. Lackey Productions"", ""origin_country"": """"}]","[{""iso_3166_1"": ""US"", ""name"": ""United States of America""}]","[{""english_name"": ""English"", ""iso_639_1"": ""en"", ""name"": ""English""}]","[""US""]",null
162314,Me and Rubyfruit,Me and Rubyfruit,Interpretation of Rita Mae Brown's groundbreaking lesbian coming-of-age novel Rubyfruit Jungle.,,Released,False,False,1989-01-04,4,0,0,0.1265,4.3,3,en,,tt0206928,,,"[{""id"": 18, ""name"": ""Drama""}]",[],"[{""iso_3166_1"": ""US"", ""name"": ""United States of America""}]","[{""english_name"": ""English"", ""iso_639_1"": ""en"", ""name"": ""English""}]","[""US""]",null
162316,Mo'Nique: One Night Stand,Mo'Nique: One Night Stand,"Mo'Nique is a shining star that gets brighter as she continues to illuminate the world of entertainment. UPN sitcom star, stand- up comedienne, author, model and designer, Mo'Nique is the first female host of the historic late night variety show, ""It's Showtime at the Apollo!""",Mo'Nique is a shining star that gets brighter as she continues to illuminate the world of entertainment,Released,False,False,2004-04-07,63,0,0,0.189,10.0,1,en,,tt10790652,/jtLKl2eWQrvHZ2seynQpw0LcLve.jpg,,"[{""id"": 35, ""name"": ""Comedy""}]",[],[],[],"[""US""]",null
162317,The Edge,La lisière,"After studying in Paris, the young doctor François moves to Beauval, where single-family houses are lined up monotonously. He quickly becomes the focus of a group of young people, led by the charismatic Cédric and Matthieu, his assistant. The gang tries to escape their boredom with dangerous games at the edge of the forest. But things become bitterly serious when the body of a twelve-year-old girl is found and François is suspected.",,Released,False,False,2011-04-27,101,1800000,0,0.5977,5.9,4,fr,,tt1581634,/tyKswwsinaIibwzkeAY44Wrj2RJ.jpg,/a3JDCmtqRILfNDgaBNJO8qnGIMV.jpg,"[{""id"": 18, ""name"": ""Drama""}]","[{""id"": 292, ""logo_path"": null, ""name"": ""23/5 Filmproduktion"", ""origin_country"": ""DE""}, {""id"": 7823, ""logo_path"": ""/48TJ35Nr82qLhJ9rcGrGStIshqi.png"", ""name"": ""Cin\u00e9ma Defacto"", ""origin_country"": ""FR""}]","[{""iso_3166_1"": ""FR"", ""name"": ""France""}, {""iso_3166_1"": ""DE"", ""name"": ""Germany""}]","[{""english_name"": ""French"", ""iso_639_1"": ""fr"", ""name"": ""Fran\u00e7ais""}, {""english_name"": ""English"", ""iso_639_1"": ""en"", ""name"": ""English""}]","[""FR""]",null
162320,Love Exists,L'Amour existe,An essay film critiquing post-war France's urban developments- Pialat states that modernity and suburban convenience have limited Parisian freedom and widened class gaps.,,Released,False,False,1960-02-11,20,0,0,0.1897,7.0,29,fr,,tt0208683,/kbpsr3Si6LbErmdOxDOtPVTu2Co.jpg,/5BAsm39TGviVr7BD48nDSMYkSSC.jpg,"[{""id"": 99, ""name"": ""Documentary""}]","[{""id"": 745, ""logo_path"": null, ""name"": ""Les Films de la Pl\u00e9iade"", ""origin_country"": ""FR""}]","[{""iso_3166_1"": ""FR"", ""name"": ""France""}]","[{""english_name"": ""French"", ""iso_639_1"": ""fr"", ""name"": ""Fran\u00e7ais""}]","[""FR""]",null
162321,The Barnyard Broadcast,The Barnyard Broadcast,"Mickey runs radio station ICU from his barn. His friends play various musical numbers. A cat wanders in and starts yowling (which sets Pluto, who was listing from his doghouse, off). Mickey puts it out, but it, and several kittens, keep coming back in, playing with the equipment, running through the musicians (chased by a broom-wielding Mickey, who does a great deal of damage himself), and generally making a mess of things.",,Released,False,False,1931-10-09,8,0,0,0.3193,6.0,28,en,,tt0021642,/dZ0t6ttRR6ETQRhyGM13PDTjs78.jpg,/hJNPdAF5EzHfTIhqeHFeSSEjOLV.jpg,"[{""id"": 16, ""name"": ""Animation""}, {""id"": 10402, ""name"": ""Music""}, {""id"": 35, ""name"": ""Comedy""}]","[{""id"": 3166, ""logo_path"": ""/jmPS1qPfKnISciDF7RnUbh48jvK.png"", ""name"": ""Walt Disney Productions"", ""origin_country"": ""US""}]","[{""iso_3166_1"": ""US"", ""name"": ""United States of America""}]","[{""english_name"": ""English"", ""iso_639_1"": ""en"", ""name"": ""English""}]","[""US""]",null
162322,The Familiar Shadow,L'Ombre familière,"Impressive sound design, non-linear editing, great ‘expressionistic’ locations and b&w cinematography, this is an experimental piece for Pialat, a psychological/gothic thriller of sorts...",,Released,False,False,1958-12-31,24,0,0,0.1085,5.8,3,fr,,tt1866992,/19QoZKWYoMNNaXP1QV6pZExzwXH.jpg,/gZJGiO2dtG0UKXpBR6B6LksLWx7.jpg,"[{""id"": 18, ""name"": ""Drama""}]",[],[],"[{""english_name"": ""French"", ""iso_639_1"": ""fr"", ""name"": ""Fran\u00e7ais""}]","[""FR""]",null
162324,Funny Reels,Drôles de bobines,"Ruby Alcow becomes assistant manager of a factory, twenty years after failing his baccalaureate five times, engaging in absurdist shenanigans with his coworkers. Pialat's early short film made for Olivetti's end-of-year party, where the filmmaker was then a sales representative; an homage to silent era slapstick comedy.",,Released,False,False,1957-01-01,17,0,0,0.1048,5.5,2,fr,,tt1866954,/8xy0nP0pA37dfaQQ0pISOTQCYil.jpg,,"[{""id"": 35, ""name"": ""Comedy""}]",[],"[{""iso_3166_1"": ""FR"", ""name"": ""France""}]","[{""english_name"": ""No Language"", ""iso_639_1"": ""xx"", ""name"": ""No Language""}]","[""FR""]",null
162325,Congrès eucharistique diocésain,Congrès eucharistique diocésain,"A Catholic holiday in a rural village in Auzelles, the filmmaker's native region in the Massif Central.",,Released,False,False,1953-01-01,8,0,0,0.0507,5.0,2,fr,,tt1861302,/q04l8lmB3uJhcrK0iMIzY9Hj3Ca.jpg,,"[{""id"": 99, ""name"": ""Documentary""}]",[],"[{""iso_3166_1"": ""FR"", ""name"": ""France""}]","[{""english_name"": ""No Language"", ""iso_639_1"": ""xx"", ""name"": ""No Language""}]","[""FR""]",null
162326,Isabelle aux Dombes,Isabelle aux Dombes,"Pialat's first film was the short Isabelle aux Dombes, shot in 1951 when the director was 26 years old. The film is an entirely silent montage of documentary footage, ragged experimental techniques — mainly some negative-image inserts — and symbolic psychodrama that's surprisingly not too different from the work that Stan Brakhage would begin making just a year or two later. Images of death proliferate throughout the film, and what started as a loose documentary soon becomes an eerie psuedo-horror piece that's obsessed with death and decay.",,Released,False,False,1951-01-01,9,0,0,0.1258,5.4,5,fr,,tt1861353,/w3wf6vHudTGY4Qy9hlQMqATqMJJ.jpg,,"[{""id"": 27, ""name"": ""Horror""}, {""id"": 9648, ""name"": ""Mystery""}, {""id"": 18, ""name"": ""Drama""}]",[],"[{""iso_3166_1"": ""FR"", ""name"": ""France""}]","[{""english_name"": ""No Language"", ""iso_639_1"": ""xx"", ""name"": ""No Language""}]","[""FR""]",null
162329,She Spent So Many Hours Under the Sun Lamps,Elle a passé tant d'heures sous les sunlights...,"A young film director is making a movie with his friend Christa. In the film-within-the-film there are two couples, one real, one imagined, and the film - told through five dreams - is as much the story of a film in-production, as the birth of a child.",,Released,False,False,1985-10-09,130,0,0,0.6015,7.4,8,fr,,tt0089081,/hUlxkaFgnkynnHNo87jGm7eXuaf.jpg,/qi7bQOzftLlwilkE9oAQIxhyVDQ.jpg,"[{""id"": 10749, ""name"": ""Romance""}, {""id"": 18, ""name"": ""Drama""}]","[{""id"": 81877, ""logo_path"": null, ""name"": ""G.I.E."", ""origin_country"": ""FR""}]","[{""iso_3166_1"": ""FR"", ""name"": ""France""}]","[{""english_name"": ""French"", ""iso_639_1"": ""fr"", ""name"": ""Fran\u00e7ais""}]","[""FR""]",null
162331,The Castaway,The Castaway,"Mickey, apparently shipwrecked, is on a raft; he washes up on a tropical island, where a banana tree takes care of his hunger. He then discovers a piano that washed ashore, and begins playing it. The animals come around; a gorilla, after playing a 4-hands piece with his feet, destroys the piano. Mickey runs away and accidentally wakes a lion. The lion chases Mickey to a stream, where he jumps onto a rock that turns out to be right next to a crocodile.",,Released,False,False,1931-04-05,7,0,0,0.4253,6.1,31,en,,tt0021718,/uvEjqk1lXDUstu6v9g8c0JfaAxQ.jpg,/hg853rNiL5Zgq0c1HAj01cR6YCZ.jpg,"[{""id"": 16, ""name"": ""Animation""}]","[{""id"": 3166, ""logo_path"": ""/jmPS1qPfKnISciDF7RnUbh48jvK.png"", ""name"": ""Walt Disney Productions"", ""origin_country"": ""US""}]","[{""iso_3166_1"": ""US"", ""name"": ""United States of America""}]","[{""english_name"": ""English"", ""iso_639_1"": ""en"", ""name"": ""English""}]","[""US""]",null
162333,Gow,Gow,"Explorer Edward Salisbury takes an expedition across the Pacific Ocean to such exotic locales as Fiji, Samoa, Papua New Guinea and the New Hebrides Islands, and record the lives of the various natives they encounter there.",,Released,False,False,1931-04-17,61,0,0,0.3501,5.0,1,en,,tt0347107,/5iW0xyR4ezTiV03nJV1O2Vm4uSL.jpg,,"[{""id"": 99, ""name"": ""Documentary""}]",[],[],[],"[""US""]",null
162335,The Thaw,Ледолом,A story about capitalistic corruption in a small village and the personal struggles of Anka (Vera Marinich) as she is pregnant and abandoned by her lover.,,Released,False,False,1931-06-20,65,0,0,0.2811,5.5,8,ru,,tt0022065,/vQ9b4qJA8Eg3gadL8p3Cxk9DpKn.jpg,,"[{""id"": 18, ""name"": ""Drama""}]","[{""id"": 8970, ""logo_path"": null, ""name"": ""Mezhrabpomfilm"", ""origin_country"": ""SU""}]","[{""iso_3166_1"": ""SU"", ""name"": ""Soviet Union""}]","[{""english_name"": ""No Language"", ""iso_639_1"": ""xx"", ""name"": ""No Language""}]","[""SU""]",null
162336,Hatchetman,Hatchetman,"Claudia Wagner dreams of being a lawyer and, along with her boyfriend Sonny, must put all her knowledge into use when, one by one, her girlfriends become victim to a serial killer. Can she uncover his identity before she becomes the next victim?",He's got an axe to grind with you...,Released,False,False,2003-06-06,96,0,0,0.5913,3.4,15,en,,tt0364396,/ubTDlPELM0jib2yGTX2e3AEiqlr.jpg,/45DujfmqR2ryhcOrOkujdlTTunU.jpg,"[{""id"": 27, ""name"": ""Horror""}, {""id"": 53, ""name"": ""Thriller""}]","[{""id"": 10700, ""logo_path"": null, ""name"": ""American Cinema International"", ""origin_country"": ""US""}]","[{""iso_3166_1"": ""US"", ""name"": ""United States of America""}]","[{""english_name"": ""English"", ""iso_639_1"": ""en"", ""name"": ""English""}, {""english_name"": ""Portuguese"", ""iso_639_1"": ""pt"", ""name"": ""Portugu\u00eas""}]","[""US""]","{""id"": 1548928, ""name"": ""Hatchetman Collection"", ""poster_path"": null, ""backdrop_path"": null}"
162339,Four in a Jeep,Die Vier im Jeep,"Soviet, British, French and American allies patrol post-war Vienna.",Four Flags...One Struggle for Freedom,Released,False,False,1951-03-30,95,0,0,0.8071,5.4,5,fr,,tt0044192,/iAcPAvaciAsb3Bw4wiTDG7dJyX9.jpg,/cmvgIMiheTMXwFmBI1IrCBr4iIC.jpg,"[{""id"": 18, ""name"": ""Drama""}]","[{""id"": 483, ""logo_path"": ""/uL6KIolH7ehyNrfvpKr83YpyCC2.png"", ""name"": ""Praesens-Film"", ""origin_country"": ""CH""}]","[{""iso_3166_1"": ""CH"", ""name"": ""Switzerland""}]","[{""english_name"": ""French"", ""iso_639_1"": ""fr"", ""name"": ""Fran\u00e7ais""}, {""english_name"": ""English"", ""iso_639_1"": ""en"", ""name"": ""English""}]","[""FR"", ""CH""]",null
162341,Hilde's Journey,Hildes Reise,"Upon learning that his deceased ex-lover has willed him a substantial sum of money after succumbing to AIDS, a young Swiss man finds his life endlessly complicated by the deceased man's homophobic mother and headstrong recent boyfriend in director Christof Vorster's heart-rending drama. Steff and his ex-lover Martin Hilder had some great times together before parting ways, and when Steff learns that Martin has named him as the sole beneficiary to his substantial fortune, Steff finally begins to consider fulfilling his lifelong dream of starting his own business. It's not going to be as easy as it sounds, though, because in order to get the money, Steff is going to have to go through Martin's controlling, vehemently anti-gay mother. Add to that the fact that Martin's most recent ex-boyfriend, Rex, is determined to fulfill the deceased's wishes of having his ashes scattered in the Atlantic and Steff soon finds himself forced to reexamine his life and reassess his priorities.",A Journey to the Heart...,Released,False,False,2004-05-26,86,0,0,0.2166,4.5,8,de,,tt0396637,/f1rMahT9wRVoexjDfIaNPz3ISzz.jpg,/73ElYut8tyKKBnUOy19HbpYzpbS.jpg,"[{""id"": 18, ""name"": ""Drama""}]","[{""id"": 21274, ""logo_path"": null, ""name"": ""Triluna Film AG"", ""origin_country"": """"}]","[{""iso_3166_1"": ""CH"", ""name"": ""Switzerland""}]","[{""english_name"": ""German"", ""iso_639_1"": ""de"", ""name"": ""Deutsch""}]","[""CH""]",null
162344,Without Leaving an Address,Sans laisser d'adresse,"A woman in Paris hires a taxi driver to locate her ex-lover, father to her newborn child, who left her without leaving an address.",,Released,False,False,1951-01-17,90,0,0,1.1337,6.1,15,fr,,tt0042923,/y0bsxvBSQWa4ZnDPjVsHxVxRc5J.jpg,/tKZJg1cq4nbSkGXXsYr5CpG4eGx.jpg,"[{""id"": 18, ""name"": ""Drama""}, {""id"": 35, ""name"": ""Comedy""}]","[{""id"": 9055, ""logo_path"": null, ""name"": ""Les Films Raoul Ploquin"", ""origin_country"": """"}, {""id"": 142, ""logo_path"": null, ""name"": ""Silver Films"", ""origin_country"": ""FR""}, {""id"": 48098, ""logo_path"": ""/fWIaTm5r2j6WHgatBFLn1ioZxSB.png"", ""name"": ""Roche Productions"", ""origin_country"": ""FR""}]","[{""iso_3166_1"": ""FR"", ""name"": ""France""}]","[{""english_name"": ""French"", ""iso_639_1"": ""fr"", ""name"": ""Fran\u00e7ais""}]","[""FR""]",null
162346,Byzance,Byzance,"Byzance uses a text by Stefan Zweig to describe the Ottoman conquest of the city in 1453. Before he turned to feature filmmaking in 1968 with Naked Childhood, Pialat worked on a series of short films, many of them financed by French television. Byzance is one of Pialat’s six Turkish shorts.",,Released,False,False,1964-01-01,11,0,0,0.4145,6.3,13,en,,tt0325139,/p0qDDNYwT6x6GuY11emImN9Bhhu.jpg,,"[{""id"": 99, ""name"": ""Documentary""}]","[{""id"": 1542, ""logo_path"": null, ""name"": ""Como Film"", ""origin_country"": """"}]","[{""iso_3166_1"": ""FR"", ""name"": ""France""}]","[{""english_name"": ""French"", ""iso_639_1"": ""fr"", ""name"": ""Fran\u00e7ais""}]","[""US""]","{""id"": 1473904, ""name"": ""Turkish Chronicles"", ""poster_path"": null, ""backdrop_path"": null}"
162348,Istanbul,Istanbul,"All of Pialat's Turkish films are uniquely interested in the country — especially Istanbul — as it was, not just as it is at the precise moment that Pialat is filming it. History informs these films in a big way, with the voiceover narration (which incorporates excerpts from various authors) introducing tension between the images of the modern-day city and the descriptions of incidents from its long and rich history.  Istanbul is probably the most conventional documentary of Pialat's Turkish series, providing a general profile of the titular city, its different neighborhoods, and the different cultures and ways of living that coexist within its sprawling borders. As the other films in the series also suggest, Pialat sees Turkey, and Istanbul in particular, as a junction point between Europe and the East, between the old and the new, between history and modernity.",,Released,False,False,1964-01-01,13,0,0,0.4149,6.7,7,fr,,tt0422504,/hAFGX9mTREViRORYaoXvsSDnPTf.jpg,,"[{""id"": 99, ""name"": ""Documentary""}]","[{""id"": 1542, ""logo_path"": null, ""name"": ""Como Film"", ""origin_country"": """"}]","[{""iso_3166_1"": ""FR"", ""name"": ""France""}]","[{""english_name"": ""French"", ""iso_639_1"": ""fr"", ""name"": ""Fran\u00e7ais""}]","[""FR""]","{""id"": 1473904, ""name"": ""Turkish Chronicles"", ""poster_path"": null, ""backdrop_path"": null}"
162350,Maître Galip,Maître Galip,"Maître Galip is the most poetic and powerful of Pialat's Turkish Chronicles, using the poems of Nazim Hikmet to accompany a series of evocative images of ordinary working class people in Istanbul. This was the film that Pialat himself claimed was the most complete realization of what he was aiming for with his Turkish documentaries. It's not difficult to see why this was his favorite: here he abandons the historical commentary and documentary observation of the other shorts in favor of an emotional emphasis on the lives of the poor and the unemployed.",,Released,False,False,1964-01-01,11,0,0,0.2268,7.0,6,fr,,tt0209140,/8ETmaFdL2j5XQyNvgz2AGPM7V04.jpg,,"[{""id"": 99, ""name"": ""Documentary""}]","[{""id"": 1542, ""logo_path"": null, ""name"": ""Como Film"", ""origin_country"": """"}]","[{""iso_3166_1"": ""FR"", ""name"": ""France""}]","[{""english_name"": ""French"", ""iso_639_1"": ""fr"", ""name"": ""Fran\u00e7ais""}]","[""FR""]","{""id"": 1473904, ""name"": ""Turkish Chronicles"", ""poster_path"": null, ""backdrop_path"": null}"
162352,Beaver Valley,Beaver Valley,"The film depicts a young male beaver who must defend his new family against hungry predators, mischievous river otters, and the ever-impending threat of winter.",,Released,False,False,1950-07-19,32,0,0,0.4734,6.8,18,en,,tt0042592,/5EDLL0pyKlc8LuOFJUpWzwWMpFE.jpg,/xNsUJNkSnGTzFJqPnY6BBRlUWzv.jpg,"[{""id"": 99, ""name"": ""Documentary""}, {""id"": 10751, ""name"": ""Family""}]","[{""id"": 3166, ""logo_path"": ""/jmPS1qPfKnISciDF7RnUbh48jvK.png"", ""name"": ""Walt Disney Productions"", ""origin_country"": ""US""}]","[{""iso_3166_1"": ""US"", ""name"": ""United States of America""}]","[{""english_name"": ""English"", ""iso_639_1"": ""en"", ""name"": ""English""}]","[""US""]","{""id"": 505998, ""name"": ""True-Life Adventures Collection"", ""poster_path"": ""/53fkawXcZO1ncvQ01C0JFCF7lpQ.jpg"", ""backdrop_path"": ""/sezbhklbMEvhhE8sP4G8s9jDBtf.jpg""}"
162354,Golden Horn,La corne d'or,"La Corne d'or is mostly concerned with religious ritual, examining the mosque (and former cathedral) discussed in Byzance. As a contrast against Istanbul's status as a center of historical religious conflict, Pialat — drawing here on texts by the French poet Gérard de Nerval — also describes the city as a place of strange ethnic and religious harmony, with representatives of various cultures and religions living in close contact. He emphasizes the city's hybrid culture, its blend of Southern European and Arab influences, reflected in both its people and its very construction.",,Released,False,False,1964-01-01,12,0,0,0.2929,6.1,9,fr,,tt0810373,/cr79G4QHedNxXdUbzVQbaGFFPQa.jpg,,"[{""id"": 99, ""name"": ""Documentary""}]","[{""id"": 46570, ""logo_path"": null, ""name"": ""Como Films"", ""origin_country"": ""FR""}, {""id"": 12243, ""logo_path"": ""/hztlrOaMK77kKdErDwogso0m2YS.png"", ""name"": ""Lux Compagnie Cin\u00e9matographique de France"", ""origin_country"": ""FR""}]","[{""iso_3166_1"": ""FR"", ""name"": ""France""}]","[{""english_name"": ""French"", ""iso_639_1"": ""fr"", ""name"": ""Fran\u00e7ais""}]","[""FR""]","{""id"": 1473904, ""name"": ""Turkish Chronicles"", ""poster_path"": null, ""backdrop_path"": null}"
162361,Pehlivan,Pehlivan,"Pehlivan focuses on a three-day wrestling competition, an ancient tradition that dates back over a thousand years to the time of the Ottoman Empire, originating in the games the soldiers would play to entertain themselves in between battles. Maybe that's why there's more than a hint of homoeroticism in the way the wrestlers oil themselves up with grease, making sure to cover every inch of their bodies so that their opponents will be unable to get a grip. Pialat's closeups emphasize the men's muscular bodies jammed together and sliding off one another, posed in intimate, twisted arrangements, struggling desperately for a grip on each other's bodies. Arms are jammed down pants, one of the only places there's some potential for a handhold, and the whole thing is very suggestive and sensual, a form of intimate male contact that's sanctioned as a show of strength and masculinity.",,Released,False,False,1964-01-01,13,0,0,0.391,6.7,9,en,,tt0325964,/hT1zfHHB8SetAg0bN90aC416xwN.jpg,,"[{""id"": 99, ""name"": ""Documentary""}]","[{""id"": 1542, ""logo_path"": null, ""name"": ""Como Film"", ""origin_country"": """"}]","[{""iso_3166_1"": ""FR"", ""name"": ""France""}]","[{""english_name"": ""French"", ""iso_639_1"": ""fr"", ""name"": ""Fran\u00e7ais""}]","[""US""]","{""id"": 1473904, ""name"": ""Turkish Chronicles"", ""poster_path"": null, ""backdrop_path"": null}"
162362,Ob ihr wollt oder nicht,Ob ihr wollt oder nicht,"The film starts with the main character Laura, a young woman with advanced cancer, entering quite upset the home of her parents and claiming to have stopped chemo therapy and having left her husband. The worried parents call the other three adult daughters into the house and they arrive one by one. For the first time in 6 years the entire family is united again. The characters are drawn as tensions rise from old conflicts and as the situation sinks in that Laura might be terminally ill. The movie eventually shifts from a lively sometimes comical beginning into the serious theme of dying and does handle this quite tactfully and moving. While the film touches on many areas surrounding death (including religion, graveyard, care, eutanasia) the main focus is on the transformation of the characters that are thrown out of their busy lifes into this situation, eventually accepting it and dealing with it.",,Released,False,False,2009-12-09,0,0,0,0.8622,4.3,3,de,,tt1227529,/mE5yt1l5LMP9FCHHMTfVYzghWHJ.jpg,/gdEuuUnhSPgZ3HbeIEqITRh930O.jpg,"[{""id"": 18, ""name"": ""Drama""}, {""id"": 35, ""name"": ""Comedy""}]","[{""id"": 1761, ""logo_path"": ""/41POd5EM9CPUZvsNfzPMTFITclq.png"", ""name"": ""Elsani Film"", ""origin_country"": ""DE""}, {""id"": 702, ""logo_path"": null, ""name"": ""3L Filmproduktion"", ""origin_country"": ""DE""}, {""id"": 4411, ""logo_path"": null, ""name"": ""MMC Independent"", ""origin_country"": ""DE""}, {""id"": 1251, ""logo_path"": ""/fc0O0mvjl8PbHgZXXY2VgPYos1Z.png"", ""name"": ""ARD"", ""origin_country"": ""DE""}]","[{""iso_3166_1"": ""DE"", ""name"": ""Germany""}, {""iso_3166_1"": ""NL"", ""name"": ""Netherlands""}]","[{""english_name"": ""German"", ""iso_639_1"": ""de"", ""name"": ""Deutsch""}]","[""DE""]",null
162363,Bosphore,Bosphore,"Short doc by Maurice Pialat. The first film in the series set at Turkey, Bosphore, is also the only one that was shot in color.",,Released,False,False,1964-01-01,14,0,0,0.2902,6.7,11,fr,,tt1866932,/xYH9za1ebOKFYmabxe9zzhoDwfG.jpg,,"[{""id"": 99, ""name"": ""Documentary""}]","[{""id"": 1542, ""logo_path"": null, ""name"": ""Como Film"", ""origin_country"": """"}]","[{""iso_3166_1"": ""FR"", ""name"": ""France""}]","[{""english_name"": ""French"", ""iso_639_1"": ""fr"", ""name"": ""Fran\u00e7ais""}]","[""FR""]","{""id"": 1473904, ""name"": ""Turkish Chronicles"", ""poster_path"": null, ""backdrop_path"": null}"
162364,La Camargue,La Camargue,A short 6-minute essay-documentary by Maurice Pialat on the region in which much of the action of Nous ne vieillirons pas ensemble unfolds.,,Released,False,False,1966-01-01,6,0,0,0.068,5.5,2,fr,,tt2231347,/27zgSeopP2wFbBFBImr3TY0hxzq.jpg,,"[{""id"": 99, ""name"": ""Documentary""}]",[],"[{""iso_3166_1"": ""FR"", ""name"": ""France""}]","[{""english_name"": ""French"", ""iso_639_1"": ""fr"", ""name"": ""Fran\u00e7ais""}]","[""FR""]",null
162366,Van Gogh,Van Gogh,"The biography of Dutch artist Van Gogh, illustrated only with images of his paintings and drawings, or details of those, and according dramatic musical score.",,Released,False,False,1948-09-01,20,0,0,0.3385,6.7,19,fr,,tt0040930,/AvAkNz5b4Xu3YFuZR5yJmqjt2xl.jpg,,"[{""id"": 99, ""name"": ""Documentary""}]","[{""id"": 44715, ""logo_path"": null, ""name"": ""Panth\u00e9on Productions"", ""origin_country"": """"}, {""id"": 254949, ""logo_path"": null, ""name"": ""Les Amis de l'Art"", ""origin_country"": """"}, {""id"": 254950, ""logo_path"": null, ""name"": ""Canton-Weiner"", ""origin_country"": """"}]","[{""iso_3166_1"": ""FR"", ""name"": ""France""}]","[{""english_name"": ""French"", ""iso_639_1"": ""fr"", ""name"": ""Fran\u00e7ais""}]","[""FR""]",null
162368,El Lazarillo de Tormes,El Lazarillo de Tormes,"An adaptation of the anonymous sixteenth century novel Lazarillo de Tormes (1554), it tells the story of Lazarillo, a poor boy who has to live by his wits after being sold to a series of cruel masters.",,Released,False,False,1959-11-16,114,0,0,0.5724,5.9,9,es,,tt0052995,/4RONKUIOwM8AMDydVUDFe3ustCc.jpg,,"[{""id"": 18, ""name"": ""Drama""}, {""id"": 35, ""name"": ""Comedy""}]","[{""id"": 4780, ""logo_path"": null, ""name"": ""Hesperia Films"", ""origin_country"": ""ES""}]","[{""iso_3166_1"": ""ES"", ""name"": ""Spain""}, {""iso_3166_1"": ""IT"", ""name"": ""Italy""}]","[{""english_name"": ""Spanish"", ""iso_639_1"": ""es"", ""name"": ""Espa\u00f1ol""}]","[""ES""]",null
162372,Fugitives,Fugitivas,"Tony is a young crook preparing for a bank robbery with her boyfriend Juanjo and their low-life partners Maxi and Moco. Right before they commit the crime, Juanjo informs Tony that his prostitute sister wants him to take her young daughter Laura to visit the girl's father, a flamenco singer in the Spanish southern coastal town of Tarifa. Juanjo persuades the initially reluctant Tony that Laura will provide the couple with a perfect cover after they relieve their partners of the robbery's earnings. Unfortunately, though the robbery comes off without a hitch, the duplicitous Juanjo absconds with the cash, making Tony and Laura fugitives both from the law and from the psychotically angry Maxi and Moco.",,Released,False,False,2000-10-06,98,0,0,0.3845,3.6,5,es,,tt0263363,/qfwvI8SkaU6pxOrsFZanpMm6cQ5.jpg,/7EaU6EYpDX3iTMbyegjQ3xkqCwT.jpg,"[{""id"": 18, ""name"": ""Drama""}, {""id"": 80, ""name"": ""Crime""}]",[],"[{""iso_3166_1"": ""ES"", ""name"": ""Spain""}]","[{""english_name"": ""Spanish"", ""iso_639_1"": ""es"", ""name"": ""Espa\u00f1ol""}]","[""ES""]",null
162374,Top Floor Left Wing,Dernier étage gauche gauche,"Like every morning, François Echeveria, a bailiff, should have been able to make a seizure in a suburban city, then quietly return home. But that day, fate decided otherwise. Due to a misunderstanding, he is taken hostage by an impoverished father and his wild son...",,Released,False,False,2010-11-15,94,0,0,0.3493,5.8,10,fr,,tt1509842,/1IpaxOzmdqRWfGiiNbbDvqthjEi.jpg,/9fHgOyGizzbfRs6AfvPGNoyCaxB.jpg,"[{""id"": 18, ""name"": ""Drama""}, {""id"": 35, ""name"": ""Comedy""}]","[{""id"": 17469, ""logo_path"": ""/miAQau5aAXbJ82rriLgst7jtiNb.png"", ""name"": ""Tu Vas Voir"", ""origin_country"": ""FR""}]","[{""iso_3166_1"": ""FR"", ""name"": ""France""}]","[{""english_name"": ""French"", ""iso_639_1"": ""fr"", ""name"": ""Fran\u00e7ais""}]","[""FR"", ""LU""]",null
162382,To Bed or Not to Bed,Il diavolo,An Italian fur merchant who is going to Sweden for the first time to attend the annual fur auctions in Stockholm.,,Released,False,False,1963-04-13,103,0,0,0.4969,5.1,15,it,,tt0056995,/2fzZoD49WyHtdx1Awxz8CvRtDje.jpg,/eIbgrn8Worl7xBLGlAJcFsR5QlP.jpg,"[{""id"": 35, ""name"": ""Comedy""}]","[{""id"": 1216, ""logo_path"": null, ""name"": ""DDL Cinematografica"", ""origin_country"": ""IT""}]","[{""iso_3166_1"": ""IT"", ""name"": ""Italy""}]","[{""english_name"": ""English"", ""iso_639_1"": ""en"", ""name"": ""English""}, {""english_name"": ""French"", ""iso_639_1"": ""fr"", ""name"": ""Fran\u00e7ais""}, {""english_name"": ""German"", ""iso_639_1"": ""de"", ""name"": ""Deutsch""}, {""english_name"": ""Italian"", ""iso_639_1"": ""it"", ""name"": ""Italiano""}, {""english_name"": ""Swedish"", ""iso_639_1"": ""sv"", ""name"": ""svenska""}]","[""IT""]",null
162383,The Bridge,Un pont entre deux rives,"Mina is a movie buff with a husband, Georges, who's out of work, and a 15-year-old son, Tommy. While Mina works part-time as a domestic for Claire Daboval, the family is terribly short on money, so when Georges is offered construction work on a massive bridge project, he immediately accepts, even though the job site is far  away. One day, while taking in a matinee screening of West Side Story, Mina meets a man named Matthias, an engineer associated with the bridge project. It's love at first sight for the both of them, and while Mina has no desire to hurt Georges, who is a good and decent man, she has found another good and decent man whom she loves even more. Tommy, on the other hand, has to deal with this crisis in his parents' marriage while he's sorting out his own infatuation with Ms. Daboval's daughter, Lisbeth.",,Released,False,False,1999-04-06,95,0,0,0.6779,5.3,17,fr,,tt0191610,/g06nWE9KrAuoak3BCF8iCxDrLZy.jpg,/fgsKjR0lV5XQgSuOQCo99lX1KAO.jpg,"[{""id"": 10749, ""name"": ""Romance""}, {""id"": 18, ""name"": ""Drama""}]",[],"[{""iso_3166_1"": ""FR"", ""name"": ""France""}]","[{""english_name"": ""French"", ""iso_639_1"": ""fr"", ""name"": ""Fran\u00e7ais""}]","[""FR""]",null
162387,Post Mortem,Post Mortem,A mother who supports her child with a credit card scam and an accused rapist meet and form a unique bond.,,Released,False,False,1999-03-28,92,0,0,0.6112,7.0,4,fr,,tt0210915,/foJSP3kNQR0wfqizzRdfjcHcbqM.jpg,/pHXycdwFMulqkCrN7D9Hp4V4wHT.jpg,"[{""id"": 18, ""name"": ""Drama""}, {""id"": 80, ""name"": ""Crime""}]","[{""id"": 20181, ""logo_path"": ""/51PVTqYHBEl5AFJKwjT4uPsslpq.png"", ""name"": ""Coop Vid\u00e9o de Montr\u00e9al"", ""origin_country"": ""CA""}]","[{""iso_3166_1"": ""CA"", ""name"": ""Canada""}]","[{""english_name"": ""French"", ""iso_639_1"": ""fr"", ""name"": ""Fran\u00e7ais""}]","[""CA""]",null
162389,Moment,Moment,"A static camera records, in one single continuous shot, a woman's face before, during and after orgasm. The act of looking and the limits of the film frame are highlighted in this intimate sexual episode with Tina Fraser. Artist Stephen Dwoskin presents a powerful, personal moment while maintaining a distance and resisting the viewer being subsumed into the action on screen.",,Released,False,False,1968-01-01,13,0,0,0.409,8.0,1,en,,tt0063318,/7F1O1Y4zidiZvnnm8wuO27zD8Ip.jpg,,"[{""id"": 99, ""name"": ""Documentary""}]",[],"[{""iso_3166_1"": ""GB"", ""name"": ""United Kingdom""}]","[{""english_name"": ""No Language"", ""iso_639_1"": ""xx"", ""name"": ""No Language""}]","[""US"", ""GB""]",null
162393,The Incredible Journey of the Monarch Butterfly,The Incredible Journey of the Monarch Butterfly,"Known for their stunningly beautiful colours and mystical powers of transformation, the humble butterfly is revered by many. In one small creature lays the mystery of creation as in a short lifetime a full evolution occurs. Amongst the most captivating is the Monarch Butterfly. Known as the wandered , this striking orange insect undertakes a mammoth voyage that many of its larger counterparts could not even fathom. Follow this incredible creature and allow yourself to be lost in its magic as this 3D feature allows you to have a firsthand experience of the glorious Monarch Butterfly. A captivating journey for the whole family!",The Incredible Journey of the Monarch Butterfly,Released,False,False,2012-10-22,41,0,0,0.0947,7.0,1,en,,,/awLsDTe3q2y4RessNjbMzR6YIp7.jpg,,"[{""id"": 99, ""name"": ""Documentary""}]","[{""id"": 10435, ""logo_path"": null, ""name"": ""Los Banditos Films"", ""origin_country"": """"}]","[{""iso_3166_1"": ""DE"", ""name"": ""Germany""}]","[{""english_name"": ""English"", ""iso_639_1"": ""en"", ""name"": ""English""}]","[""US""]",null
162394,Procter,Procter,When Charles Procter witnesses a stranger burn to death he doesn’t expect to become part of the gruesome event. Then he discovers a video camera has captured him at the scene. What he discovers on the tape is more disturbing than the stranger’s death.,Was he your friend?,Released,False,False,2002-08-30,18,0,0,0.4412,5.375,12,en,,tt0335363,/7dECTHB0or1EyZ0VunZ6NHaMvdy.jpg,/2osHlaJP90Ri9jHJcNXTwILOd5B.jpg,"[{""id"": 18, ""name"": ""Drama""}, {""id"": 9648, ""name"": ""Mystery""}]","[{""id"": 6705, ""logo_path"": ""/iNB1FCwT4XjO6wkN3PnpPnwr9GX.png"", ""name"": ""Film4 Productions"", ""origin_country"": ""GB""}, {""id"": 17700, ""logo_path"": ""/30KETxKJcX7cm65WymAKMYPP6C4.png"", ""name"": ""NFTS"", ""origin_country"": ""GB""}]","[{""iso_3166_1"": ""NO"", ""name"": ""Norway""}, {""iso_3166_1"": ""GB"", ""name"": ""United Kingdom""}]","[{""english_name"": ""English"", ""iso_639_1"": ""en"", ""name"": ""English""}]","[""GB""]",null
162396,The Big Swap,The Big Swap,"In this British drama, Ellen (Sorcha Brooks) and Jack (Antony Edridge) recall a time when they traded partners, and their remarks set a partner-swapping party in motion among four other couples. As the long night's journey into sex progresses, various fears and anxieties surface. Shown at Montreal's 1997 World Film Festival and the 1997 San Sebastian Film Festival.",,Released,False,False,1998-06-11,116,50,60,1.324,4.1,7,en,,tt0118717,/yAg2bhuRaWvs3nYViIGtp6efkbF.jpg,/tu0fwVF7mX3oeGaH2rNDNhBowA9.jpg,"[{""id"": 18, ""name"": ""Drama""}]",[],"[{""iso_3166_1"": ""GB"", ""name"": ""United Kingdom""}]","[{""english_name"": ""English"", ""iso_639_1"": ""en"", ""name"": ""English""}]","[""US"", ""GB""]",null
162399,Through the Eyes of a Painter,Through the Eyes of a Painter,"Made by M. F. Hussain who belongs to the progressive group of painters, this experimental film presents the painter's images of Rajasthan, through cinema.",,Released,False,False,1967-06-01,18,0,0,0.0357,6.0,1,en,,tt0232801,/cCwobyTrhTqq2C4f0EhNKpZT0Xk.jpg,,[],"[{""id"": 30155, ""logo_path"": ""/uBXqjnuyj05N5xefcG67wt8g7hh.png"", ""name"": ""Films Division of India"", ""origin_country"": ""IN""}]","[{""iso_3166_1"": ""IN"", ""name"": ""India""}]","[{""english_name"": ""English"", ""iso_639_1"": ""en"", ""name"": ""English""}, {""english_name"": ""Hindi"", ""iso_639_1"": ""hi"", ""name"": ""\u0939\u093f\u0928\u094d\u0926\u0940""}]","[""IN""]",null
162401,Behindert,Behindert,A portrait of a relationship between a physically disabled man and an able-bodied woman.,,Released,False,False,1974-11-14,96,0,0,0.4607,6.8,4,de,,tt0071201,/99irw8jKHsqvnNujzUO90unEk6B.jpg,/vjlvNrDV62xbpkK2xnRyqMpyhlI.jpg,"[{""id"": 18, ""name"": ""Drama""}, {""id"": 10770, ""name"": ""TV Movie""}]",[],"[{""iso_3166_1"": ""DE"", ""name"": ""Germany""}]","[{""english_name"": ""German"", ""iso_639_1"": ""de"", ""name"": ""Deutsch""}]","[""DE""]",null
162406,Embracing,につつまれて,"A diary film about Kawase's relationship with her grandma and her search for her father, whom she has not seen since her parents divorced during her early childhood.",,Released,False,False,1992-01-01,40,0,0,0.49,6.2,9,ja,,tt0191310,/xCGql76fEvOLVuzAPCSeawTATnz.jpg,/zSGvhuzlkTxGgX90tm52ahrnUd5.jpg,"[{""id"": 99, ""name"": ""Documentary""}]","[{""id"": 18933, ""logo_path"": ""/u5OLlbkRkxK1b92SY8Iklezo5fj.png"", ""name"": ""Kumie"", ""origin_country"": ""JP""}]","[{""iso_3166_1"": ""JP"", ""name"": ""Japan""}]","[{""english_name"": ""Japanese"", ""iso_639_1"": ""ja"", ""name"": ""\u65e5\u672c\u8a9e""}]","[""JP""]",null
162416,Go West,Go West,"In the 1990s, the Yugoslavia Federation falls apart in bloody wars. Perpetual student Milan, a Serb from a patriarchal community, and Kenan, a Muslim cellist, are a gay couple living in Sarajevo. Their lives, intimate and public, are shaken up by the aggression in Bosnia and Herzegovina, whose devastating consequences unfold in inter-ethnic hatred.",,Released,False,False,2005-08-18,96,0,0,0.2614,5.9,10,sr,,tt0426470,/fbkP08UEaIBWyIFpaRIKf1K6tSI.jpg,/bMfPjUtgaRmgQ82JOBOC9p9hOdJ.jpg,"[{""id"": 35, ""name"": ""Comedy""}, {""id"": 18, ""name"": ""Drama""}, {""id"": 10752, ""name"": ""War""}]","[{""id"": 91909, ""logo_path"": null, ""name"": ""Comprex"", ""origin_country"": ""BA""}]","[{""iso_3166_1"": ""BA"", ""name"": ""Bosnia and Herzegovina""}]","[{""english_name"": ""Bosnian"", ""iso_639_1"": ""bs"", ""name"": ""Bosanski""}, {""english_name"": ""French"", ""iso_639_1"": ""fr"", ""name"": ""Fran\u00e7ais""}, {""english_name"": ""Serbian"", ""iso_639_1"": ""sr"", ""name"": ""Srpski""}]","[""BA""]",null
162419,Dyn Amo,Dyn Amo,"'Dyn Amo' is a 'drama' exploring the distinction between a person's self and his projection of that self to others; and it's a 'horror movie' tragically suggesting how a projection can become more substantial than the self behind it. Its subjects are role-playing (especially sexual role-playing), and the masochism of playing a role that conforms to others' exploitative interests.",,Released,False,False,1972-06-27,120,0,0,0.231,5.3,11,en,,tt0068518,/ifQgVHUWP4VHnxJfF9eZPo10o1m.jpg,/5IcfddwC137xhtsJpwjtGtbCbLc.jpg,"[{""id"": 18, ""name"": ""Drama""}]",[],"[{""iso_3166_1"": ""GB"", ""name"": ""United Kingdom""}]","[{""english_name"": ""English"", ""iso_639_1"": ""en"", ""name"": ""English""}]","[""US"", ""GB""]",null
162420,La magie du cosmos et l'univers élégant,La magie du cosmos et l'univers élégant,,,Released,False,False,,0,0,0,0.0409,9.5,1,fr,,,/qbIvsHGeqj3LZ3ADN6KqgoRXR2j.jpg,,"[{""id"": 99, ""name"": ""Documentary""}]",[],[],[],"[""FR""]",null
162421,Early Works,Рани радови,"Inspired by Karl Marx's ""Das Kapital"", three men and a girl named Jugoslava decide to wake up the conscience within the working class and peasants. Faced with the primitivism and a lack of morale, their revolution fails and the girl is the one to be sacrificed as a witness of their unsuccessful attempt.",,Released,False,False,1971-03-12,87,0,0,0.3492,5.8,8,sh,,tt0064874,/hCogNNXuSjwscpoaGlxaRxGnoJn.jpg,/FEs0bx6uAHEF3PrdqgtEILmDqj.jpg,"[{""id"": 18, ""name"": ""Drama""}]","[{""id"": 5940, ""logo_path"": ""/pJR6Hhx3FsRPzoh4LyJyHEa6cD3.png"", ""name"": ""Avala Film"", ""origin_country"": ""YU""}, {""id"": 28567, ""logo_path"": null, ""name"": ""Neoplanta Film"", ""origin_country"": ""RS""}]","[{""iso_3166_1"": ""YU"", ""name"": ""Yugoslavia""}]","[{""english_name"": ""Serbo-Croatian"", ""iso_639_1"": ""sh"", ""name"": """"}]","[""YU""]",null
162423,Death and Devil,Tod und Teufel,"Evolves around the rooms of a house as one of the main characters, Lisiska, is waiting and is studied in depth as she prepares herself for a meeting. The film attempts to display sexual barriers and misconceptions, and about the role-playing and the confusion around the whole question of sexual and sensual involvement. The essence is the confrontation with self-deception, lies and the real fear of contact with both sexes.",,Released,False,False,1973-09-14,92,0,0,0.2692,6.0,2,de,,tt0070813,/jiBzB04zm101HEX9rpNQsZpm4XI.jpg,,"[{""id"": 18, ""name"": ""Drama""}]","[{""id"": 121964, ""logo_path"": null, ""name"": ""Q Production"", ""origin_country"": """"}]","[{""iso_3166_1"": ""DE"", ""name"": ""Germany""}, {""iso_3166_1"": ""GB"", ""name"": ""United Kingdom""}]","[{""english_name"": ""German"", ""iso_639_1"": ""de"", ""name"": ""Deutsch""}]","[""DE"", ""GB""]",null
162426,Deichking,Deichking,,,Released,False,False,2007-11-10,83,0,0,0.132,0.0,0,de,,tt1087887,/uEMDUweGpi23QrHqpaHabXSWrgr.jpg,,"[{""id"": 35, ""name"": ""Comedy""}]",[],"[{""iso_3166_1"": ""DE"", ""name"": ""Germany""}]","[{""english_name"": ""German"", ""iso_639_1"": ""de"", ""name"": ""Deutsch""}]","[""DE""]",null
162427,Open Bodies,Les corps ouverts,"Born to a North African father and a French mother, 18-year-old Parisian high school senior Rémi works part-time in an Arab grocery store while studying management and commerce. He responds to a school ad seeking subjects for a film, and Marc, who placed the ad, auditions Rémi by filming an interview with him. Rémi and Marc wind up in bed, and Rémi soon has other sexual experiences – with a guy in a men's room and with a young woman who grabs him while she's dancing in the street.",,Released,False,False,1998-06-23,44,0,0,0.1514,4.4,5,fr,,tt0156427,/zWopMJorg5MNbw7HZh6OHKXaOrS.jpg,/oQRZBajV3a7zzSUfOftDlbt4QEm.jpg,"[{""id"": 18, ""name"": ""Drama""}]","[{""id"": 18982, ""logo_path"": null, ""name"": ""Lancelot Films"", ""origin_country"": """"}, {""id"": 213572, ""logo_path"": null, ""name"": ""Michka Productions"", ""origin_country"": """"}]","[{""iso_3166_1"": ""FR"", ""name"": ""France""}]","[{""english_name"": ""French"", ""iso_639_1"": ""fr"", ""name"": ""Fran\u00e7ais""}]","[""FR""]",null
162435,Sun on the Horizon,陽は傾ぶき,"The last piece of the trilogy, following 'Katatsumori' and 'See Heaven', filming her grandma and herself. Her gazes and insights are cast on the lovable beings in front of her eyes.",,Released,False,False,1996-01-01,45,0,0,0.2603,7.0,1,ja,,tt1798638,/7eXgGyMHXytqyAMs7hSnrhwk9d5.jpg,,"[{""id"": 99, ""name"": ""Documentary""}]","[{""id"": 18933, ""logo_path"": ""/u5OLlbkRkxK1b92SY8Iklezo5fj.png"", ""name"": ""Kumie"", ""origin_country"": ""JP""}]","[{""iso_3166_1"": ""JP"", ""name"": ""Japan""}]","[{""english_name"": ""Japanese"", ""iso_639_1"": ""ja"", ""name"": ""\u65e5\u672c\u8a9e""}]","[""JP""]",null
162437,Katatsumori,かたつもり,"Filmmaker Naomi Kawase captures the love, loss, and loneliness felt as she prepares to move out of her foster mother's home.",,Released,False,False,1994-05-22,39,0,0,0.5184,7.3,13,ja,,tt0191227,/eSYV631DXWAxxXbC9dFgqhMZGyx.jpg,/qdDDjhLDmfMg4Ur92mhxmrsm5XL.jpg,"[{""id"": 99, ""name"": ""Documentary""}]","[{""id"": 18933, ""logo_path"": ""/u5OLlbkRkxK1b92SY8Iklezo5fj.png"", ""name"": ""Kumie"", ""origin_country"": ""JP""}]","[{""iso_3166_1"": ""JP"", ""name"": ""Japan""}]","[{""english_name"": ""Japanese"", ""iso_639_1"": ""ja"", ""name"": ""\u65e5\u672c\u8a9e""}]","[""JP""]",null
162438,Trout,Las truchas,"In a restaurant they're preparing a grand banquet in honor of a sports association of anglers, but several circumstances seem to have conspired to boycott the event.",,Released,False,False,1978-02-01,99,0,0,0.8208,5.2,10,es,,tt0078421,/7hzEG7NJnKYAurCl9jQMZEpIXiO.jpg,,"[{""id"": 35, ""name"": ""Comedy""}]","[{""id"": 42813, ""logo_path"": null, ""name"": ""Arandano S.A."", ""origin_country"": """"}]","[{""iso_3166_1"": ""ES"", ""name"": ""Spain""}]","[{""english_name"": ""Spanish"", ""iso_639_1"": ""es"", ""name"": ""Espa\u00f1ol""}]","[""ES""]",null
162439,What Max Said,Las palabras de Max,"A mature man tries to ease his loneliness with fleeting encounters with friends, his lover, old acquaintances and his teenage daughter.",,Released,False,False,1978-06-01,97,0,0,0.1954,4.3,7,es,,tt0076520,/c7qXC4p2z5HxRuE8FatzGbb4rpX.jpg,,"[{""id"": 18, ""name"": ""Drama""}]",[],"[{""iso_3166_1"": ""ES"", ""name"": ""Spain""}]","[{""english_name"": ""Spanish"", ""iso_639_1"": ""es"", ""name"": ""Espa\u00f1ol""}]","[""ES""]",null
162442,See Heaven,天、見たけ,"The sequel to Naomi Kawase's Katatsumori. The film revisits Kawase’s relationship with her ""grandma"", capturing their love and attachment towards each other.",,Released,False,False,1995-06-06,10,0,0,0.2868,5.0,4,ja,,tt1253594,/sLPhMZyPw6lzEyIrCmhbjQIVHh9.jpg,/xm9OlUUVR5hB79fqQWee7V5PRlD.jpg,"[{""id"": 99, ""name"": ""Documentary""}]","[{""id"": 18933, ""logo_path"": ""/u5OLlbkRkxK1b92SY8Iklezo5fj.png"", ""name"": ""Kumie"", ""origin_country"": ""JP""}]","[{""iso_3166_1"": ""JP"", ""name"": ""Japan""}]","[{""english_name"": ""Japanese"", ""iso_639_1"": ""ja"", ""name"": ""\u65e5\u672c\u8a9e""}]","[""JP""]",null
162443,Ascensor,Ascensor,,,Released,False,False,1978-05-01,11,0,0,0.128,4.2,4,it,,tt0425756,,,[],[],"[{""iso_3166_1"": ""ES"", ""name"": ""Spain""}]","[{""english_name"": ""Spanish"", ""iso_639_1"": ""es"", ""name"": ""Espa\u00f1ol""}]","[""IT""]",null
162445,"Ah, Liberty!","Ah, Liberty!","A family's place in the wilderness, outside of time; free-range animals and children, junk and nature, all within the most sublime landscape. The work aims at an idea of freedom, which is reflected in the hand-processed Scope format, but is undercut with a sense of foreboding. There's no particular story; beginning, middle or end, just fragments of lives lived, rituals performed.",,Released,False,False,2008-06-21,19,0,0,0.0409,6.6,5,en,,tt1801029,/yI5spv1sccMarSNzKXuC0woXkeI.jpg,/aSuCxO1OHiFoh8VXVkNv552Jkk0.jpg,[],[],"[{""iso_3166_1"": ""GB"", ""name"": ""United Kingdom""}]",[],"[""US"", ""GB""]",null
162450,A Girl Is a Gun,Une aventure de Billy le Kid,"The intense and twisted relationship between a man and a woman in a bizarre wilderness, as a seductress accompanies a gunslinger fleeing from a posse.",,Released,False,False,1971-01-24,75,0,0,0.2112,4.6,7,fr,,tt0067903,/ubyOIzqgUCoktOTWVc8r9cNsofN.jpg,/5h7JKgPN1TNH6zElagfMxAryztu.jpg,"[{""id"": 37, ""name"": ""Western""}]","[{""id"": 29593, ""logo_path"": null, ""name"": ""Les Films Luc Moullet"", ""origin_country"": """"}]","[{""iso_3166_1"": ""FR"", ""name"": ""France""}]","[{""english_name"": ""French"", ""iso_639_1"": ""fr"", ""name"": ""Fran\u00e7ais""}]","[""FR""]",null
162451,Portrait: Werner Herzog,Werner Herzog: Filmemacher,"An autobiographical short film by Werner Herzog made in 1986. Herzog tells stories about his life and career.  The film contains excerpts and commentary on several Herzog films, including Signs of Life, Heart of Glass, Fata Morgana, Aguirre, the Wrath of God, The Great Ecstasy of Woodcarver Steiner, Fitzcarraldo, and the Les Blank documentary Burden of Dreams.  Notable is footage of a conversation between Herzog and his mentor Lotte Eisner, a photographer. In another section, he talks with mountaineer Reinhold Messner, in which they discuss a potential film project in the Himalayas to star Klaus Kinski.",,Released,False,False,1986-03-27,28,0,0,0.8267,7.1,12,de,,tt0796829,/7FlBcT50GARAxBDZrNO8XfLMC4W.jpg,/t4DOvBKUTcUFjkDtVfxjrRPEPwJ.jpg,"[{""id"": 99, ""name"": ""Documentary""}]","[{""id"": 843, ""logo_path"": ""/2OHdsgrtHxa9CtFlkxnbyrZv8Jy.png"", ""name"": ""Werner Herzog Filmproduktion"", ""origin_country"": ""DE""}]","[{""iso_3166_1"": ""DE"", ""name"": ""Germany""}]","[{""english_name"": ""German"", ""iso_639_1"": ""de"", ""name"": ""Deutsch""}, {""english_name"": ""English"", ""iso_639_1"": ""en"", ""name"": ""English""}]","[""DE""]",null
162453,Kairat,Қайрат,"Living in Almaty, Kazakhstan, a young man is preparing to become a bus conductor. One day, in between wandering the city streets and going to the movies, he makes the acquaintance of a female student.",,Released,False,False,1992-08-01,72,0,0,0.4334,6.1,17,kk,,tt0104587,/pzEYrQkRZaofAupeAB6ZVJNGYO3.jpg,/tH2g3OV58CWfgaUlvI15WJVqgaB.jpg,"[{""id"": 18, ""name"": ""Drama""}]","[{""id"": 3623, ""logo_path"": ""/v3XJT8ci1OScqcMOqd6uAExJCcV.png"", ""name"": ""Kazakhfilm Studios"", ""origin_country"": ""KZ""}]","[{""iso_3166_1"": ""KZ"", ""name"": ""Kazakhstan""}]","[{""english_name"": ""Russian"", ""iso_639_1"": ""ru"", ""name"": ""P\u0443\u0441\u0441\u043a\u0438\u0439""}, {""english_name"": ""Kazakh"", ""iso_639_1"": ""kk"", ""name"": ""\u049b\u0430\u0437\u0430\u049b""}]","[""KZ""]",null
162455,Angel Terminators 2,火種,When teens help a friend who's been forced into prostitution they upset some very dangerous people. With the help of a renegade cop a bloody war ensues with tragic consequences.,,Released,False,False,1992-11-07,93,0,0,1.9367,6.3,30,cn,,tt0102079,/gD8S9el4DLuDriRw3OjEgfOIMNp.jpg,/45fofvQm0YEAzpgrOuISqNoF66Y.jpg,"[{""id"": 18, ""name"": ""Drama""}, {""id"": 28, ""name"": ""Action""}, {""id"": 80, ""name"": ""Crime""}]",[],"[{""iso_3166_1"": ""HK"", ""name"": ""Hong Kong""}]","[{""english_name"": ""Cantonese"", ""iso_639_1"": ""cn"", ""name"": ""\u5e7f\u5dde\u8bdd / \u5ee3\u5dde\u8a71""}]","[""HK""]","{""id"": 324142, ""name"": ""Angel Terminators Collection"", ""poster_path"": ""/1Fqkez03S0rYUrVRu8jyxFoUcNY.jpg"", ""backdrop_path"": ""/oKV1jGBYeq7W3AVN9R2xUpgqE3n.jpg""}"
162458,Mods,Mods,"A college stands in the middle of verdant grounds. One day, Édouard, a student, suddenly falls sick. The college doctor is unable to diagnose the young man's illness. Anna, the college director, calls in Édouard's two brothers, professional soldiers, in the hope that they will help her discover what the mysterious illness is.",,Released,False,False,2002-10-25,59,0,0,0.2134,4.6,7,fr,,tt0351369,/iwZEBFll5WkV6XTzMUK2npsq15t.jpg,,"[{""id"": 10402, ""name"": ""Music""}, {""id"": 18, ""name"": ""Drama""}]","[{""id"": 77195, ""logo_path"": null, ""name"": ""Elena Films"", ""origin_country"": ""FR""}]","[{""iso_3166_1"": ""FR"", ""name"": ""France""}]","[{""english_name"": ""French"", ""iso_639_1"": ""fr"", ""name"": ""Fran\u00e7ais""}]","[""FR""]",null
162462,Take Me,Take Me,Short experimental film focusing on body paint and the female form.,,Released,False,False,1969-07-15,30,0,0,0.0368,5.1,10,en,,tt0063669,/aB37uuwoe7YMiA7hMdR2c3aKPDn.jpg,/oM0GSvYhsaQVnslm9HZN1BFFFU9.jpg,[],[],[],[],"[""US""]",null
162464,Origin of the Species,Origin of the Species,"Charting the beginnings of the time, through the descent of man, on to an uncertain future - all shot throughout the seasons in the garden of S, who lives in the wilderness and builds contraptions.",,Released,False,False,2008-10-01,16,0,0,0.0286,7.0,3,en,,tt2238788,,/juZcDKxuJWquPyi7zZiYnEwvxeB.jpg,[],[],[],[],"[""US""]",null
162466,The Rocking Horse Winner,The Rocking Horse Winner,A gambler comes to live with his sister and discovers his young nephew can predict the winner of horse races by riding on his rocking horse.,,Released,False,False,1997-01-01,23,0,0,0.5136,6.3,6,en,,tt0156024,/2tWhVOy84EAyh8ndXqWLaAHPwKN.jpg,,[],[],[],[],"[""US""]",null
162468,At Sundance,At Sundance,"A group portrait of filmmakers attend the 1995 Sundance Film Festival. Featuring Matthew Harrison, Richard Linklater, Ethan Hawke, Todd Haynes, Greg Araki, Abel Ferrara, Atom Egoyan, James Gray, Robert Redford, Haskell Wexler, among many others. Co-directed by Amy Hobby. [Filmed in Pixelvision and blown-up to evocatively grainy 16mm.]",,Released,False,False,1995-01-01,71,0,0,1.3197,5.5,4,en,,tt0112404,/98NrZESTpZn6UgJ2jfwkbVBCihy.jpg,,"[{""id"": 99, ""name"": ""Documentary""}]",[],"[{""iso_3166_1"": ""US"", ""name"": ""United States of America""}]","[{""english_name"": ""English"", ""iso_639_1"": ""en"", ""name"": ""English""}]","[""US""]",null
162471,A Son,Un Fils,"Selim, a young man adrift, is a transvestite and a prostitute who desperately longs for his father's love. Omar, his father, lives a secluded life of grief and has never recovered from the loss of his wife. Like two lonely ships, they pass silently without ever really connecting. Only destiny will bring father and son together... a little too late.",,Released,False,False,2004-08-25,58,0,0,0.7597,4.0,8,fr,,tt0389473,/iiH5Q3mZ4mo9USlTraNex58Wxhv.jpg,/m3HeAm7XdubyOhx5HseEkvaSkMD.jpg,"[{""id"": 18, ""name"": ""Drama""}]","[{""id"": 212482, ""logo_path"": null, ""name"": ""ML Productions"", ""origin_country"": """"}]","[{""iso_3166_1"": ""FR"", ""name"": ""France""}]","[{""english_name"": ""French"", ""iso_639_1"": ""fr"", ""name"": ""Fran\u00e7ais""}]","[""FR""]",null
162472,Anemone,Anémone,"The portrait of a young girl from the Parisian bourgeoisie. As a brief shot indicates us, it could have been called ""Portrait of the artist as a young girl."" though probably ""young girl"" is just a previous title, but the style and the presence of the Father leaves no doubt about who paints and who's hiding behind the young girl.",,Released,False,False,1968-02-13,60,0,0,0.3658,5.4,5,fr,,tt0060114,/jFVWClNwY0HdSR63LNSsRH2M7Q7.jpg,/hQIK3Yt5e93Sb9wMnZp3c5vUSK5.jpg,"[{""id"": 18, ""name"": ""Drama""}]","[{""id"": 1293, ""logo_path"": ""/4r2EdENtYK1Ddxmciod3XvmfA9k.png"", ""name"": ""ORTF"", ""origin_country"": ""FR""}]","[{""iso_3166_1"": ""FR"", ""name"": ""France""}]","[{""english_name"": ""French"", ""iso_639_1"": ""fr"", ""name"": ""Fran\u00e7ais""}]","[""FR""]",null
162476,Cinematic Correspondences: Jonas Mekas - J.L. Guerin,Correspondencia Jonas Mekas - J.L. Guerin,A series of video letters between José Luis Guerín and Jonas Mekas.,,Released,False,False,2011-04-09,111,0,0,0.1563,7.0,12,en,,tt2007936,/kKEFGM6c1MuzOTTVHm6ClsY4YpO.jpg,/wQzLsPbPscGzAk4n8TUOXTfTC68.jpg,[],[],[],[],"[""US""]",null
162480,Ambition,Ambition,"Follows a day in the life of a young artist who longs for professional success and the attention of beautiful women, but who encounters only frustration and violence.",,Released,False,False,1992-01-31,9,0,0,0.7822,5.5,12,en,,tt0101321,/fCpXVBhpChgS8U5tTume0zVkZhp.jpg,,"[{""id"": 35, ""name"": ""Comedy""}, {""id"": 18, ""name"": ""Drama""}]",[],"[{""iso_3166_1"": ""US"", ""name"": ""United States of America""}]","[{""english_name"": ""English"", ""iso_639_1"": ""en"", ""name"": ""English""}]","[""US""]",null
162481,Angelo Tsarouchas - Bigger Is Better,Angelo Tsarouchas - Bigger Is Better,Angelo draws on his family experiences growing up Greek mixed with his travels of the world and the people he encounters.,,Released,False,False,2009-08-14,60,0,0,0.0286,0.0,0,en,,tt1487864,/4SFQWlrb5VoXcVDg9AvCYKPcXsM.jpg,/zgrEco6dznBF9z8zMaDMUKdBWpB.jpg,[],[],[],[],"[""US""]",null
162484,Angel,Άγγελος,"Twenty-year-old homosexual Angelos, who works in a jewelry shop, lives very discreetly in a rather hostile social environment. When he falls in love with a sailor, Michalis, he decides to leave home, abandoning his alcoholic father, his hysterical mother and his disabled sister, to live with his lover.",,Released,False,False,1982-10-15,126,0,0,0.5761,4.6,7,el,,tt0252820,/wSzdqBRvWxLaLP2SWklrHDZP7Bi.jpg,/9bb1mzcEc4eoCxBzawc33EFwuLg.jpg,"[{""id"": 18, ""name"": ""Drama""}]","[{""id"": 7254, ""logo_path"": ""/hDJO96mUfqtB9ia7ef7mEvguPxl.png"", ""name"": ""Greek Film Centre"", ""origin_country"": ""GR""}]","[{""iso_3166_1"": ""GR"", ""name"": ""Greece""}]","[{""english_name"": ""Greek"", ""iso_639_1"": ""el"", ""name"": ""\u03b5\u03bb\u03bb\u03b7\u03bd\u03b9\u03ba\u03ac""}]","[""GR""]",null
162486,Daughters of Lesbos,Daughters of Lesbos,Exploitative look at a secret club for women where they can go to be with other women.,A New Experience in Erotica,Released,False,False,1968-10-10,64,0,0,0.2356,4.2,10,en,,tt0217375,/wnawQY6QVfcJhYLtHsK9UfvcgB8.jpg,,"[{""id"": 18, ""name"": ""Drama""}]","[{""id"": 127016, ""logo_path"": null, ""name"": ""Chancellor Films"", ""origin_country"": """"}]","[{""iso_3166_1"": ""US"", ""name"": ""United States of America""}]","[{""english_name"": ""English"", ""iso_639_1"": ""en"", ""name"": ""English""}]","[""US""]",null
162490,Epoch of Lotus,Epoch of Lotus,"The story takes place in the distant future, when the planet has been de-faced and human civilization is in its darkest throes. The government is on a crusade to destroy the old culture, to destroy all books, edifices, artifacts, and even persons connected to it. Religions die, one by one. Races of people are rendered extinct through genocide. In the midst of this bloodshed, a savior leading a secret society of seven bodyguards enters.",,Released,False,False,2000-10-10,0,77000,0,0.4512,0.0,0,en,,tt0282466,/9OqS3eMaazAK5HmBlGYuuXnXzrG.jpg,,[],[],[],"[{""english_name"": ""English"", ""iso_639_1"": ""en"", ""name"": ""English""}]","[""US""]",null
162491,Children Out of Tune,Les Enfants désaccordés,A young couple skip school to spend time together in a mansion.,,Released,False,False,1964-01-25,15,0,0,0.417,5.9,8,fr,,tt0058058,/zOgNloHNQXti33Ow60GeiFqWPib.jpg,/enAlB2TKhe7ViivtP1nwaU8Xq76.jpg,"[{""id"": 18, ""name"": ""Drama""}]",[],"[{""iso_3166_1"": ""FR"", ""name"": ""France""}]","[{""english_name"": ""French"", ""iso_639_1"": ""fr"", ""name"": ""Fran\u00e7ais""}]","[""FR""]",null
162494,Crisis: Behind a Presidential Commitment,Crisis: Behind a Presidential Commitment,"During a two-day period before and after the University of Alabama integration crisis, the film uses five camera crews to follow President John F. Kennedy, attorney general Robert F. Kennedy, Alabama governor George Wallace, deputy attorney general Nicholas Katzenbach and the students Vivian Malone and James Hood. As Wallace has promised to personally block the two black students from enrolling in the university, the JFK administration discusses the best way to react to it, without rousing the crowd or making Wallace a martyr for the segregationist cause.  Preserved by the Academy Film Archive in partnership with The Film Foundation in 1999.",,Released,False,False,1963-10-21,52,0,0,0.4385,6.9,22,en,,tt0263238,/fkBQDLYzGM23Hz7pLDKoAqYwdpz.jpg,/fxWaI1sqdiYHCUt8oXSM8UolVZY.jpg,"[{""id"": 99, ""name"": ""Documentary""}]","[{""id"": 25992, ""logo_path"": ""/6s8EPSIUw1APohH6lV2bsA9o3Xz.png"", ""name"": ""ABC News"", ""origin_country"": ""US""}, {""id"": 2401, ""logo_path"": null, ""name"": ""Drew Associates"", ""origin_country"": ""US""}]","[{""iso_3166_1"": ""US"", ""name"": ""United States of America""}]","[{""english_name"": ""English"", ""iso_639_1"": ""en"", ""name"": ""English""}]","[""US""]",null
162495,The Blue of the Origins,Le Bleu des origines,"A survival, silent black & white film shot with a hand camera, a journey into Philippe Garrel's intimate family album featuring the two women who counted in his cinematographic life: Nico and Zouzou.",,Released,False,False,1979-02-21,52,0,0,0.4282,7.9,7,fr,,tt0077242,/7WAL1COitf8BpLKxvZHpYx1Aqc9.jpg,,"[{""id"": 18, ""name"": ""Drama""}]","[{""id"": 81877, ""logo_path"": null, ""name"": ""G.I.E."", ""origin_country"": ""FR""}]","[{""iso_3166_1"": ""FR"", ""name"": ""France""}]","[{""english_name"": ""No Language"", ""iso_639_1"": ""xx"", ""name"": ""No Language""}]","[""FR""]",null
162498,Fate,阿飛,"Everyone passes through ""Cross Street"" at some point or another in their youth, but how many people find their way out?",,Released,False,False,2008-08-15,85,0,0,1.3025,0.0,0,cn,,tt8298530,/odxgVHC0mbc2Dz4pjCdR1S7UPDK.jpg,/j5qFzsniaLnwZ0BDmURKXmBRf9H.jpg,"[{""id"": 80, ""name"": ""Crime""}]","[{""id"": 78353, ""logo_path"": null, ""name"": ""Fortune Star Films Co. (H.K.)"", ""origin_country"": """"}, {""id"": 51470, ""logo_path"": null, ""name"": ""Basic Pictures"", ""origin_country"": ""HK""}]","[{""iso_3166_1"": ""HK"", ""name"": ""Hong Kong""}]","[{""english_name"": ""Cantonese"", ""iso_639_1"": ""cn"", ""name"": ""\u5e7f\u5dde\u8bdd / \u5ee3\u5dde\u8a71""}]","[""HK""]",null
162500,The Crystal Cradle,Le Berceau de cristal,An androgynous poet/dreamer sits and writes and meditates on the aching void that is her life.,,Released,False,False,1976-05-18,81,0,0,0.3081,7.7,10,fr,,tt0072692,/gHsFJYIUC6ddmke9UMoAxRARnMY.jpg,/yJDckoDxctF1KFZFX0ruFaC8pBK.jpg,"[{""id"": 18, ""name"": ""Drama""}]","[{""id"": 1577, ""logo_path"": null, ""name"": ""Filmoblic"", ""origin_country"": ""FR""}]","[{""iso_3166_1"": ""FR"", ""name"": ""France""}]","[{""english_name"": ""French"", ""iso_639_1"": ""fr"", ""name"": ""Fran\u00e7ais""}]","[""FR""]",null
162503,Black Rider,Schwarzfahrer,"A young black man is verbally harassed by an older woman on a streetcar, while the other passengers remain silent. He finally exacts his revenge.",,Released,False,False,1993-02-10,12,0,0,0.2692,7.1,50,de,,tt0108056,/c0F6oLd1Ik1l0pbZC6g03b0Iv29.jpg,/vA4ocqTHP7zIDNAhuMWb1JEEDXD.jpg,"[{""id"": 35, ""name"": ""Comedy""}]","[{""id"": 2662, ""logo_path"": null, ""name"": ""Trans-Film"", ""origin_country"": """"}]","[{""iso_3166_1"": ""DE"", ""name"": ""Germany""}]","[{""english_name"": ""German"", ""iso_639_1"": ""de"", ""name"": ""Deutsch""}, {""english_name"": ""Turkish"", ""iso_639_1"": ""tr"", ""name"": ""T\u00fcrk\u00e7e""}]","[""DE""]",null
162505,One Way or Another,De cierta manera,"In Miraflores, Cuba, the growing romance between Mario, a factory worker, and Yolanda, a schoolteacher, throws into relief the differences in their perspectives and values in Revolutionary Cuba.",,Released,False,False,1977-06-01,75,0,0,0.2328,6.3,29,es,,tt0075915,/omNcTxVIYGHSFEgqBsU1LnPwstw.jpg,/c2o0T7HvHPZvM7d2lIQtY9If5t9.jpg,"[{""id"": 18, ""name"": ""Drama""}, {""id"": 10749, ""name"": ""Romance""}]","[{""id"": 5175, ""logo_path"": ""/sEc4VmMYh1G09ySm8ThZ5S3gcUS.png"", ""name"": ""ICAIC"", ""origin_country"": ""CU""}]","[{""iso_3166_1"": ""CU"", ""name"": ""Cuba""}]","[{""english_name"": ""Spanish"", ""iso_639_1"": ""es"", ""name"": ""Espa\u00f1ol""}]","[""CU""]",null
162507,All the Fine Promises,Toutes ces belles promesses,"Marianne, a young cellist discovers that her father had a mistress who is still alive. Her journey to find this mysterious woman takes her to places and people from her childhood that she thought she'd left behind forever.",,Released,False,False,2003-01-25,85,0,0,0.4296,4.0,6,fr,,tt0344485,/jZbB5LsCF1qarsoHTfbcKVi2YGR.jpg,,"[{""id"": 18, ""name"": ""Drama""}, {""id"": 10749, ""name"": ""Romance""}]","[{""id"": 12389, ""logo_path"": ""/6yilbEvoHtPcTb4LwAueAq091iT.png"", ""name"": ""Les Films Pell\u00e9as"", ""origin_country"": ""FR""}, {""id"": 94, ""logo_path"": ""/huC7HqorvUThGIrENrbcHmQVUA0.png"", ""name"": ""ARTE France Cin\u00e9ma"", ""origin_country"": ""FR""}, {""id"": 310, ""logo_path"": ""/4Gp5A4YdjPBfsHT47ngHMaXWmb9.png"", ""name"": ""CNC"", ""origin_country"": ""FR""}]","[{""iso_3166_1"": ""BE"", ""name"": ""Belgium""}, {""iso_3166_1"": ""FR"", ""name"": ""France""}]","[{""english_name"": ""French"", ""iso_639_1"": ""fr"", ""name"": ""Fran\u00e7ais""}]","[""FR""]",null
162508,Guns N' Roses: Live in Paradise City,Guns N' Roses: Live in Paradise City,Concert of  the Guns N' Roses Live in Paradise City,,Released,False,False,2012-11-12,0,0,0,0.0143,0.0,0,en,,,/zmnkdNGq0H5yyKPBj5NFL9CDPwO.jpg,,[],[],[],[],"[""US""]",null
162509,Marie for Memory,Marie pour mémoire,"Parallel lives of two couples destined to suicide, one, and unhappiness, the other.",,Released,False,False,1968-04-22,74,0,0,0.4157,6.8,4,fr,,tt0061954,/c9OKlDy0WtnxQVPMewl0eV3oyIi.jpg,/2K7mRYl8L2n26t5frws2c4UDo4o.jpg,"[{""id"": 18, ""name"": ""Drama""}]","[{""id"": 1293, ""logo_path"": ""/4r2EdENtYK1Ddxmciod3XvmfA9k.png"", ""name"": ""ORTF"", ""origin_country"": ""FR""}]","[{""iso_3166_1"": ""FR"", ""name"": ""France""}]","[{""english_name"": ""Russian"", ""iso_639_1"": ""ru"", ""name"": ""P\u0443\u0441\u0441\u043a\u0438\u0439""}, {""english_name"": ""French"", ""iso_639_1"": ""fr"", ""name"": ""Fran\u00e7ais""}, {""english_name"": ""English"", ""iso_639_1"": ""en"", ""name"": ""English""}]","[""FR""]",null
162510,Strange Voyage,El extraño viaje,"In a small town near Madrid, Paquita and her brother Venancio, both single and with a childish personality, live under the shadow of their bossy older sister, Ignacia, a grumpy old maid.",,Released,False,False,1964-08-09,89,0,0,0.8166,7.3,49,es,,tt0061633,/qR34wM5e8tDuE1u5o1G8alP5AKo.jpg,/v9tnOguGFRmLFIjnFLuOq3EPTZj.jpg,"[{""id"": 35, ""name"": ""Comedy""}, {""id"": 53, ""name"": ""Thriller""}]","[{""id"": 1377, ""logo_path"": ""/u8x0iP8gaMALleG8l681d6RULI1.png"", ""name"": ""\u00cdzaro Films"", ""origin_country"": ""ES""}, {""id"": 71840, ""logo_path"": null, ""name"": ""Pro Artis Ib\u00e9rica"", ""origin_country"": ""ES""}]","[{""iso_3166_1"": ""ES"", ""name"": ""Spain""}]","[{""english_name"": ""Spanish"", ""iso_639_1"": ""es"", ""name"": ""Espa\u00f1ol""}]","[""ES""]",null
162511,Hare Brush,Hare Brush,"The corporate board has Elmer committed to an asylum because he thinks he's a rabbit. At the sanitarium, Bugs agrees to trade places with Elmer.",,Released,False,False,1955-05-07,7,0,0,0.3452,6.7,18,en,,tt0048148,/9ZqZcCQIhL0MRKZcTVw7BqWym3k.jpg,/5g6FEaIPcPk78HtY1SC3BeTJAax.jpg,"[{""id"": 16, ""name"": ""Animation""}, {""id"": 35, ""name"": ""Comedy""}]","[{""id"": 174, ""logo_path"": ""/zhD3hhtKB5qyv7ZeL4uLpNxgMVU.png"", ""name"": ""Warner Bros. Pictures"", ""origin_country"": ""US""}, {""id"": 8298, ""logo_path"": ""/r6cuEYq7DqrHCNVa7vSanTS0cuw.png"", ""name"": ""Warner Bros. Cartoons"", ""origin_country"": ""US""}]","[{""iso_3166_1"": ""US"", ""name"": ""United States of America""}]","[{""english_name"": ""English"", ""iso_639_1"": ""en"", ""name"": ""English""}]","[""US""]",null
162514,Merry-Go-Round,Merry-Go-Round,"New Yorker Ben Phillips and mysterious Léo Hoffmann are strangers who are summoned to Paris by a mutual acquaintance.  Upon arrival, they meet and soon find themselves tangled in a complex mystery.",,Released,False,False,1981-10-08,160,0,0,1.1968,7.133,15,fr,,tt0085934,/frtob9k7ZK7uvezhXVZ8fc4hjPC.jpg,/t1F9EzcmpT4K0PMyq06UX2Lv2P8.jpg,"[{""id"": 9648, ""name"": ""Mystery""}, {""id"": 18, ""name"": ""Drama""}, {""id"": 80, ""name"": ""Crime""}]","[{""id"": 17763, ""logo_path"": null, ""name"": ""Sunchild Productions"", ""origin_country"": ""FR""}]","[{""iso_3166_1"": ""FR"", ""name"": ""France""}]","[{""english_name"": ""English"", ""iso_639_1"": ""en"", ""name"": ""English""}, {""english_name"": ""French"", ""iso_639_1"": ""fr"", ""name"": ""Fran\u00e7ais""}]","[""FR""]",null
162515,When a Woman Strikes,When a Woman Strikes,"A story of the West in the days when the sheriff was more powerful than the mayor or governor. It tells of the sacrifices made by a sister for a brother and the virile, big-hearted nature of a stage-driver who is made sheriff and solves a mystery that hangs over the lives of two innocent people.",The Melodramatic Sensation Of The Season,Released,False,False,1919-04-01,50,0,0,0.1885,0.0,0,en,,tt0348386,/awbSRq9glNO1k5vlvXBtea7lWNW.jpg,/m5g8BuQwZO6wDNGRlnsiFVP6t6B.jpg,"[{""id"": 18, ""name"": ""Drama""}, {""id"": 37, ""name"": ""Western""}]","[{""id"": 42262, ""logo_path"": null, ""name"": ""Ben Wilson Productions"", ""origin_country"": """"}]","[{""iso_3166_1"": ""US"", ""name"": ""United States of America""}]","[{""english_name"": ""No Language"", ""iso_639_1"": ""xx"", ""name"": ""No Language""}]","[""US""]",null
162518,Kimono,Kimono,"A hot summer day on a country road. A young woman in her bridal dress gets kicked out of a car. Lost and frustrated, she wanders off across a sea of grass into a dark wood - and discovers an abandoned house. Tired and worn out, she lies down on a bed. When she is awakened from her nap by a clap of thunder, she sees a cup of steaming hot tea and a package on the floor. She opens it - and finds a kimono. The bride knows she no longer is alone ... but should she put on the kimono?",,Released,False,False,2000-06-04,28,0,0,0.3197,4.9,8,en,,tt0248136,/mykxDoxKwsArdjyb32d9mZUNT4t.jpg,/xzsEwpwKocvGzDjKF3aROKsQxRK.jpg,"[{""id"": 18, ""name"": ""Drama""}]","[{""id"": 13587, ""logo_path"": ""/e1xxYKGJ9WjnjvkAWDUwmwruuuG.png"", ""name"": ""Ziegler Film"", ""origin_country"": ""DE""}, {""id"": 68886, ""logo_path"": null, ""name"": ""P-Kino"", ""origin_country"": """"}, {""id"": 46, ""logo_path"": ""/3xFdKHLXPGHEbrAkmsepGE8974Y.png"", ""name"": ""WDR"", ""origin_country"": ""DE""}]","[{""iso_3166_1"": ""DE"", ""name"": ""Germany""}]",[],"[""US""]",null
162519,A Good Little Devil,A Good Little Devil,"A partially lost film, with only one surviving reel. A movie released in 1914 directed by Edwin S. Porter.",Juliet's Heart Call To Charles Through The Darkness,Released,False,False,1914-03-01,50,0,0,0.7407,0.0,0,en,,tt0004027,/u5IWaLAsK2LduWEG4qHlEd4G8px.jpg,/ko62eLTHbBuDyKnRLRyZBToINj1.jpg,"[{""id"": 18, ""name"": ""Drama""}]","[{""id"": 25599, ""logo_path"": ""/sPZZwYvN3xEGo7q8E9iYKrggjDz.png"", ""name"": ""Famous Players Film Company"", ""origin_country"": ""US""}]","[{""iso_3166_1"": ""US"", ""name"": ""United States of America""}]","[{""english_name"": ""No Language"", ""iso_639_1"": ""xx"", ""name"": ""No Language""}]","[""US""]",null
162521,The Sisters of Mercy,The Sisters of Mercy,"A documentary concerning the periods between the actual takes during the production of Hartley's short film ""Iris,"" revealing the imagination, diligence and patience that goes into composing a shot.",,Released,False,False,2004-11-23,17,0,0,0.3353,5.5,2,en,,tt0437477,/ybSpysSxCr4j37AJuuI58axY50o.jpg,,"[{""id"": 18, ""name"": ""Drama""}]","[{""id"": 5247, ""logo_path"": null, ""name"": ""Possible Films"", ""origin_country"": ""US""}]","[{""iso_3166_1"": ""US"", ""name"": ""United States of America""}]",[],"[""US""]",null
162523,The New Math(s),The New Math(s),This film is the visual component of the multi-media collaboration between the composer Louis Andriessen and Hal Hartley.,,Released,False,False,2001-03-12,15,0,0,0.2886,4.0,2,en,,tt0280987,/jMtDPJZmuGMGwYw313qkGwhMfHw.jpg,,[],[],[],[],"[""US""]",null
162524,NYC 3/94,NYC 3/94,The mundane circumstances of a city under siege.,,Released,False,False,1994-03-01,10,0,0,0.1984,5.7,3,en,,tt0208316,/79P3wSaFJCaUg6csQ4waawjilvc.jpg,,[],"[{""id"": 5247, ""logo_path"": null, ""name"": ""Possible Films"", ""origin_country"": ""US""}]","[{""iso_3166_1"": ""US"", ""name"": ""United States of America""}]",[],"[""US""]",null
162525,Opera No. 1,Opera No. 1,"A comical mini opera following the exploits of two goddesses interfering with the lives of mortals. Mistaken identities, miscast spells, and rollerblades abound.",,Released,False,False,1994-01-02,8,0,0,0.3657,5.8,5,en,https://www.halhartley.com/opera-no-1,tt0230595,/xUX1nyu3LiadGtEbm0CIlvIKGR1.jpg,/bjUemnadVnySGkilGSoWrEqVZk8.jpg,"[{""id"": 35, ""name"": ""Comedy""}, {""id"": 18, ""name"": ""Drama""}, {""id"": 10402, ""name"": ""Music""}]","[{""id"": 5247, ""logo_path"": null, ""name"": ""Possible Films"", ""origin_country"": ""US""}]","[{""iso_3166_1"": ""US"", ""name"": ""United States of America""}]",[],"[""US""]",null
162528,The Little Soldier,Le Petit Soldat,A budding romance between two toy dancers is put into dangers when the boy is conscripted into the toy army.,,Released,False,False,1947-08-27,11,0,0,0.4745,6.3,27,fr,,tt0354806,/t1Go6ryBUhl4D2d6iQTt42jk5qq.jpg,/wJsp2KlPE9mpINVKN9LIn3K3BE9.jpg,"[{""id"": 16, ""name"": ""Animation""}, {""id"": 10751, ""name"": ""Family""}, {""id"": 10749, ""name"": ""Romance""}]","[{""id"": 111608, ""logo_path"": null, ""name"": ""Les G\u00e9meaux"", ""origin_country"": ""FR""}]","[{""iso_3166_1"": ""FR"", ""name"": ""France""}]","[{""english_name"": ""French"", ""iso_639_1"": ""fr"", ""name"": ""Fran\u00e7ais""}]","[""FR""]",null
162529,Paris s'en va,Paris s'en va,"Before Le Pont du Nord Rivette films Paris s'en va, a short film of approximately 25 minutes. He works with the same actors and the same technical team on both films. Henry Chapier who produced the short: ""At the beginning of the '80s nobody was interested in Rivette's highly imaginative project Le Pont du Nord. Therefore Rivette came up with a kind of 'transposition' of the themes of Le Pont du Nord in the shape of Paris s'en va. Just like a painter in the Renaissance who does a sketch for a future project.""",,Released,False,False,1981-01-25,30,0,0,0.3534,4.7,3,fr,,tt0209221,/yadSyMEKE2h0yq08zuWgCQi0XBv.jpg,,"[{""id"": 18, ""name"": ""Drama""}]","[{""id"": 99929, ""logo_path"": null, ""name"": ""Paris Audiovisuel"", ""origin_country"": """"}]","[{""iso_3166_1"": ""FR"", ""name"": ""France""}]","[{""english_name"": ""French"", ""iso_639_1"": ""fr"", ""name"": ""Fran\u00e7ais""}]","[""FR""]",null
162531,Daughter Rite,Daughter Rite,"A feminist documentary about female relationships, especially between mother and daughter.",,Released,False,False,1979-05-19,49,0,0,0.0071,4.3,7,en,,tt0216664,/z2ITaRJ1pMi4Ugbg0x5jCzUdk6m.jpg,/5DfgbEMRkjErBZQ1AQjg3IveFMj.jpg,"[{""id"": 99, ""name"": ""Documentary""}]","[{""id"": 69767, ""logo_path"": ""/5gsKSVQSFVcE6RtGtBHrUhTYekd.png"", ""name"": ""Iris Films"", ""origin_country"": ""US""}]","[{""iso_3166_1"": ""US"", ""name"": ""United States of America""}]","[{""english_name"": ""English"", ""iso_639_1"": ""en"", ""name"": ""English""}]","[""US""]",null
162532,Sarraounia,Sarraounia,"On 2 January 1899, starting from the French Sudan, a French column under the command of the captains Voulet and Chanoine is sent against the black Sultan Rabah in what is now the Cameroon. Those captains and their African mercenary troops destroy and kill everything they find on their path. The French authorities try to stop them sending orders and a second troop but the captains kill the emissaries who reach them. Sarraounia, queen of the Aznas, have heard about the exactions. Clever in war tactics and in witchcraft, she decides to resist and stop those mad men.",,Released,False,False,1986-07-01,120,0,0,0.379,6.4,8,fr,,tt0091892,/cq1oZW3y0naFBZapo8c7RlwpbsY.jpg,/q2ZVqQOotDeMn6Q3x3gSI9dJ8vE.jpg,"[{""id"": 10752, ""name"": ""War""}, {""id"": 18, ""name"": ""Drama""}, {""id"": 36, ""name"": ""History""}]","[{""id"": 75511, ""logo_path"": null, ""name"": ""Direction de la Cinematographie Nationale"", ""origin_country"": ""BF""}, {""id"": 80354, ""logo_path"": null, ""name"": ""Les Films Soleil O"", ""origin_country"": """"}, {""id"": 10901, ""logo_path"": ""/8dNHWgUlJNz9HHLtcdsz04jRtyi.png"", ""name"": ""Minist\u00e8re de la culture"", ""origin_country"": ""FR""}, {""id"": 93773, ""logo_path"": null, ""name"": ""Minist\u00e8re de l'information et de la culture du Burkina"", ""origin_country"": """"}]","[{""iso_3166_1"": ""BF"", ""name"": ""Burkina Faso""}, {""iso_3166_1"": ""FR"", ""name"": ""France""}, {""iso_3166_1"": ""MR"", ""name"": ""Mauritania""}]","[{""english_name"": ""French"", ""iso_639_1"": ""fr"", ""name"": ""Fran\u00e7ais""}]","[""FR""]",null
162533,A Spy in the House That Ruth Built,A Spy in the House That Ruth Built,"Using the male-dominated backdrop of baseball, Green explores her conflicted passion for the sport- more specifically, how her sexuality factors into her interest.",,Released,False,False,1990-01-04,30,0,0,0.0143,4.6,5,en,,tt1859440,/kICGYFWNy1f1HieueZKkFCfZ780.jpg,,"[{""id"": 99, ""name"": ""Documentary""}]",[],"[{""iso_3166_1"": ""US"", ""name"": ""United States of America""}]","[{""english_name"": ""English"", ""iso_639_1"": ""en"", ""name"": ""English""}]","[""US""]",null
162534,Hearts and Planets,Hearts and Planets,A 1915 short film directed by Walter Wright.,,Released,False,False,1915-02-20,10,0,0,0.571,0.0,0,en,,tt0005458,,,[],[],[],[],"[""US""]",null
162536,Outside In,Outside In,A personal film by experimental director Stephen Dwoskin.,,Released,False,False,1981-01-01,115,0,0,0.2337,0.0,0,en,,tt0082871,/qs0j7dH6Vw67s7ZSl6B0HPOcB6n.jpg,,[],"[{""id"": 162808, ""logo_path"": null, ""name"": ""Stephen Dwoskin Films"", ""origin_country"": """"}, {""id"": 4606, ""logo_path"": ""/otZHbf1HmzLRQsZFSqJXkf8EHz7.png"", ""name"": ""ZDF"", ""origin_country"": ""DE""}]","[{""iso_3166_1"": ""DE"", ""name"": ""Germany""}, {""iso_3166_1"": ""GB"", ""name"": ""United Kingdom""}]",[],"[""US"", ""GB""]",null
162537,The Cinema Murder,The Cinema Murder,"Aspiring actress Elizabeth Dalston, after rehearsing a murder scene for a movie, is fired by her director at the request of the company's Wall Street backer, Sylvanus Power. Although married, Power plans to make Elizabeth his mistress and offers the unsuspecting girl a dramatic education in England, to be followed by his building a theater for her. Traveling across England after school, Elizabeth witnesses a fight between two brothers, Philip and Douglas Romilly, which ends in Douglas' supposed death. On the steamer to America, Philip, disguised as Douglas, confides in Elizabeth that he was fighting to persuade Douglas not to leave his pregnant lover. Elizabeth believes him and in New York they fall in love. After she convinces Power to produce Philip's play, both the play and her acting are hits. When Power propositions Elizabeth and discovers her passion for Philip, he summons Scotland Yard detectives, but Douglas reappears and clears Philip. Power then graciously admits his defeat.",,Released,False,False,1919-12-14,60,0,0,0.4766,0.0,0,en,,tt0010008,/wEIpn5CQGI2u8tcISyvWxFnm72Q.jpg,/14Y8Q9zVwmRG9nsDpgygm9bT99G.jpg,"[{""id"": 18, ""name"": ""Drama""}]","[{""id"": 41791, ""logo_path"": null, ""name"": ""International Film Service"", ""origin_country"": """"}, {""id"": 1442, ""logo_path"": null, ""name"": ""Cosmopolitan Productions"", ""origin_country"": ""US""}]","[{""iso_3166_1"": ""US"", ""name"": ""United States of America""}]","[{""english_name"": ""No Language"", ""iso_639_1"": ""xx"", ""name"": ""No Language""}]","[""US""]",null
162538,Metaphor: King Vidor Meets with Andrew Wyeth,Metaphor: King Vidor Meets with Andrew Wyeth,Vidor and Wyeth discuss the influence of The Big Parade on Wyeth and the use of metaphors in art,,Released,False,False,1980-01-01,36,0,0,0.1091,6.0,6,en,,tt0489762,/wxYag14cgiJI98RovYJYo5dWZdB.jpg,,"[{""id"": 99, ""name"": ""Documentary""}]","[{""id"": 104020, ""logo_path"": null, ""name"": ""King W. Vidor Productions"", ""origin_country"": ""US""}]","[{""iso_3166_1"": ""US"", ""name"": ""United States of America""}]",[],"[""US""]",null
162539,Surname Viêt Given Name Nam,Surname Viêt Given Name Nam,"The film evolves around questions of identity, popular memory and culture. While focusing on aspects of Vietnamese reality as seen through the lives and history of women resistance in Vietnam and in the U.S, it raises questions on the politics of interviewing and documenting.",,Released,False,False,1989-04-01,108,0,0,0.1401,5.2,11,en,http://trinhminh-ha.com/films,tt0098414,/tlvMUtwV4epz57VvL1nE6JcM2xd.jpg,/z8M0lUFo0JHan5jZGFdMDyNIMPQ.jpg,"[{""id"": 99, ""name"": ""Documentary""}, {""id"": 36, ""name"": ""History""}, {""id"": 10752, ""name"": ""War""}]","[{""id"": 24488, ""logo_path"": ""/qR7gDm9nMYdrqnVpksmNMhwI1ZI.png"", ""name"": ""Women Make Movies"", ""origin_country"": ""US""}]","[{""iso_3166_1"": ""US"", ""name"": ""United States of America""}, {""iso_3166_1"": ""VN"", ""name"": ""Vietnam""}]","[{""english_name"": ""English"", ""iso_639_1"": ""en"", ""name"": ""English""}, {""english_name"": ""Vietnamese"", ""iso_639_1"": ""vi"", ""name"": ""Ti\u1ebfng Vi\u1ec7t""}]","[""US"", ""VN""]",null
162540,Vive la France!,Vive la France!,"A couple's suffering finally comes to an end when Jean, having lost his memory through shell shock, sees the cross of shame on Jenevieve's breast, gets his memory back and the two pledge their troth.",,Released,False,False,1918-09-15,50,0,0,0.7229,5.0,2,en,,tt0009766,/6qvxdwYMiL2qubAN7t94L6gx9RD.jpg,,"[{""id"": 18, ""name"": ""Drama""}, {""id"": 10752, ""name"": ""War""}]","[{""id"": 31782, ""logo_path"": null, ""name"": ""Thomas H. Ince Corporation"", ""origin_country"": """"}]","[{""iso_3166_1"": ""US"", ""name"": ""United States of America""}]","[{""english_name"": ""No Language"", ""iso_639_1"": ""xx"", ""name"": ""No Language""}]","[""US""]",null
162543,Work,Baara,"A young manager of a factory encounters a man walking along a road who says his family traditionally are servants to the manager's family. The manager offers him a job, and as he watches out for the other man's welfare, begins to see how the company mistreats its workers. The manager is challenged between his ethics and the pressure from others to protect his own interests as dire problems surface at the factory",,Released,False,False,1978-08-07,90,0,0,0.1514,6.4,9,bm,,tt0077198,/ovP0fh0WpjPemxlXkmbCwcSr1fj.jpg,,"[{""id"": 18, ""name"": ""Drama""}]",[],"[{""iso_3166_1"": ""ML"", ""name"": ""Mali""}]","[{""english_name"": ""Bambara"", ""iso_639_1"": ""bm"", ""name"": ""Bamanankan""}]","[""BM""]",null
162545,The Snowman,Der Schneemann,"Dorn, a young adventurer and survivalist, is trying to sell 50,000 porn magazines in a flophouse in Malta when he is interrupted by the police. On the run, he finds a luggage storage ticket from Frankfurt Central Station. Together with his friend Lazlo, he sets out to retrieve the contents of the locker - 5 kilograms of pure cocaine. Dorn, who is completely out of his mind, does not hesitate for a second to turn the substance into money. In doing so, he completely overlooks the danger he is putting himself in. Two rival gangs are hunting him down and trying to seize the drugs with all their might.",,Released,False,False,1985-03-22,100,0,0,0.2102,6.0,7,de,,tt0088058,/bKibn2o4uVzbk8ekuyoauZhAMy.jpg,/fCFsclMPgE3VoC1U5uPn2edQ2MW.jpg,[],"[{""id"": 14075, ""logo_path"": null, ""name"": ""NF Geria II Filmgesellschaft m.b.H."", ""origin_country"": ""DE""}, {""id"": 1704, ""logo_path"": ""/sb3PuMTgJgpPUY7x634etBAhodu.png"", ""name"": ""Bavaria Film"", ""origin_country"": ""DE""}]","[{""iso_3166_1"": ""DE"", ""name"": ""Germany""}]","[{""english_name"": ""German"", ""iso_639_1"": ""de"", ""name"": ""Deutsch""}]","[""DE""]",null
162547,Swimmer,Swimmer,"A young man swims across the rivers and lakes of Britain to a soundtrack of assorted nationalistic music. As he passes people on the banksides including children, lovers and a tramp their thoughts and conversations are also heard. Ultimately, after walking through a wood at night, the boy returns to the water and appears to sink below the surface.",,Released,False,False,2012-06-24,17,0,0,0.5738,7.0,31,en,,tt2149702,/kdwAAlHAzNgIs6Zm8mYVVPdgJQU.jpg,/6VL7kJiT0x4EiRcxpo5FXofSFEk.jpg,"[{""id"": 18, ""name"": ""Drama""}]","[{""id"": 12180, ""logo_path"": ""/ye2vKF2MZbVPzof7YZjeRUkL7Up.png"", ""name"": ""Warp Films"", ""origin_country"": ""GB""}, {""id"": 6705, ""logo_path"": ""/iNB1FCwT4XjO6wkN3PnpPnwr9GX.png"", ""name"": ""Film4 Productions"", ""origin_country"": ""GB""}, {""id"": 288, ""logo_path"": ""/aW0IpM9d4Zjj978EqgDVSxXXhTj.png"", ""name"": ""BBC Film"", ""origin_country"": ""GB""}, {""id"": 224044, ""logo_path"": null, ""name"": ""London Organising Committee of the Olympic and Paralympic Games"", ""origin_country"": """"}]","[{""iso_3166_1"": ""GB"", ""name"": ""United Kingdom""}]","[{""english_name"": ""English"", ""iso_639_1"": ""en"", ""name"": ""English""}]","[""GB""]",null
162549,Rodeo,Rodeo,"Shot in four days during the 1968 National Rodeo Finals in Oklahoma City, this lyrical documentary takes you inside the arena atop a 2800 lb bull. Watch Freckles Brown, a legendary cowboy, conferring with a young Larry Mahan, the previous year's champion and see crowd favorite Myrtis Dightman trying to hold his own in a dramatic ride. ""Rodeo"" shows the classic struggle of man against beast, a matter of life and death. Dick Rosmini's hypnotizing folk-fusion soundtrack and an intricate sound mix add to the climatic result.",A view of the 1968 National Rodeo Finals in Oklahoma City.,Released,False,False,1969-07-10,20,20000,0,0.5613,6.1,7,en,,tt2041455,/uBcqLJsJVFXc0Of72tY1TOVRMMN.jpg,/4ecTtdrqosPJBYY8DcqqN1ZHjqK.jpg,"[{""id"": 99, ""name"": ""Documentary""}, {""id"": 28, ""name"": ""Action""}]","[{""id"": 60045, ""logo_path"": null, ""name"": ""Concepts Unlimited"", ""origin_country"": """"}]","[{""iso_3166_1"": ""US"", ""name"": ""United States of America""}]","[{""english_name"": ""English"", ""iso_639_1"": ""en"", ""name"": ""English""}]","[""US""]",null
162550,The Outlaw Stallion,The Outlaw Stallion,"A young boy and a veterinarian in a red convertible help thwart a gang of horse thieves.  Director Fred F. Sears' 1954 outdoor drama stars Billy Gray, Phil Carey, Roy Roberts, Dorothy Patrick, Gordon Jones, Trevor Bardette and Morris Ankrum.",ONE OF THE GREAT LEGENDS OF THE WEST!,Released,False,False,1954-07-03,64,0,0,0.7875,5.0,1,en,,tt0047321,/xcXFvQ9MPYSilUYN81z8Xgnvm9V.jpg,/gIt1XZXFYjJNxx8N5XlvRb8XhR0.jpg,"[{""id"": 37, ""name"": ""Western""}]","[{""id"": 5, ""logo_path"": ""/71BqEFAF4V3qjjMPCpLuyJFB9A.png"", ""name"": ""Columbia Pictures"", ""origin_country"": ""US""}]","[{""iso_3166_1"": ""US"", ""name"": ""United States of America""}]","[{""english_name"": ""English"", ""iso_639_1"": ""en"", ""name"": ""English""}]","[""US""]",null
162551,Composition in Blue,Komposition in Blau,An abstract film in which every motion of coloured shapes is in strict synchronization with music.  Preserved by the Academy Film Archive in 2000.,,Released,False,False,1935-06-28,4,0,0,0.0985,6.6,36,de,,tt0026580,/8yEYxQcV2FqHbE7fNzNhQ40tnOp.jpg,/iSkvH94YmHkEkvJLxXm1NIxteIc.jpg,"[{""id"": 16, ""name"": ""Animation""}]","[{""id"": 71694, ""logo_path"": null, ""name"": ""Fischinger Studio"", ""origin_country"": """"}]","[{""iso_3166_1"": ""DE"", ""name"": ""Germany""}]","[{""english_name"": ""No Language"", ""iso_639_1"": ""xx"", ""name"": ""No Language""}]","[""DE""]",null
162552,Universal Hotel,Universal Hotel,"Universal Hotel combines objective and subjective elements. In it, Thompson chronicles his research into experiments by Dr. Sigmund Rascher at Dachau in 1942, in which he nearly froze a Polish prisoner and then got a German prostitute to warm him up; Thompson uses photographs from archives in six countries and recounts a subjective dream set in what he calls the Universal Hotel.",,Released,False,False,1986-12-31,20,0,0,0.0261,6.2,9,en,,tt1808636,/iILrLni9AYk9TuknOarI2hD5ZAw.jpg,,"[{""id"": 18, ""name"": ""Drama""}]","[{""id"": 74005, ""logo_path"": null, ""name"": ""Thompson Films"", ""origin_country"": """"}]","[{""iso_3166_1"": ""US"", ""name"": ""United States of America""}]","[{""english_name"": ""English"", ""iso_639_1"": ""en"", ""name"": ""English""}]","[""US""]",null
162553,All That She Surveys,All That She Surveys,A short film by Gary Mairs written by James Benning. Stars Amy Seimetz.,,Released,False,False,2012-01-01,15,0,0,0.1724,0.0,0,en,,tt1947957,/5pVu13syBlngFpdDfKViqMMgN90.jpg,,[],[],[],[],"[""US""]",null
162556,Love Business,Love Business,"Miss Crabtree, the teacher Jackie has a crush on, rents a room at Jackie's house.",,Released,False,False,1931-02-14,20,0,0,0.275,6.6,6,en,,tt0022088,/3mYexUuyouxjBwqxhhgDSn99TOD.jpg,/xHVhGmouUruLhxWgqzIbWH99z7f.jpg,"[{""id"": 35, ""name"": ""Comedy""}]",[],[],"[{""english_name"": ""English"", ""iso_639_1"": ""en"", ""name"": ""English""}]","[""US""]",null
162559,The Beach Party,The Beach Party,"A fun day at the beach. While Mickey, Horace, and Clarabelle go swimming, or try to, Minnie lays out a picnic. Pluto discovers why you shouldn't chase a crab. Everyone digs in to lunch. Mickey throws Pluto a string of sausages; he dives after them, and comes up with an angry octopus instead, who crashes into the picnic. Everyone fights the octopus, and Mickey finally manages to send it out to sea by throwing an anchor like a lasso.",,Released,False,False,1931-11-04,7,0,0,0.5237,6.1,32,en,,tt0021645,/eMrTIFlEK7vD4Umt9bVGRkJSyVz.jpg,/phi63Bp6iRgtk8R9uFCHyfI1WAT.jpg,"[{""id"": 16, ""name"": ""Animation""}, {""id"": 35, ""name"": ""Comedy""}]","[{""id"": 3166, ""logo_path"": ""/jmPS1qPfKnISciDF7RnUbh48jvK.png"", ""name"": ""Walt Disney Productions"", ""origin_country"": ""US""}]","[{""iso_3166_1"": ""US"", ""name"": ""United States of America""}]","[{""english_name"": ""English"", ""iso_639_1"": ""en"", ""name"": ""English""}]","[""US""]",null
162561,The Moose Hunt,The Moose Hunt,"Mickey's hunting, along with a characteristically playful and distracted (and uncharacteristically talkative) Pluto. Pluto fetches a forked branch, and Mickey shoots, mistaking it for antlers, but Pluto is OK. Then they find a moose, and Mickey's gun fails but they escape when Pluto does an impression of Dumbo, with Mickey riding.",,Released,False,False,1931-05-02,7,0,0,0.6341,5.5,26,en,,tt0022160,/5Cv8zqtQebvlhzi1EAjV4q8TIez.jpg,/7ru1D2JZXI7KhuEHsZXvaveb8gS.jpg,"[{""id"": 16, ""name"": ""Animation""}]","[{""id"": 3166, ""logo_path"": ""/jmPS1qPfKnISciDF7RnUbh48jvK.png"", ""name"": ""Walt Disney Productions"", ""origin_country"": ""US""}]","[{""iso_3166_1"": ""US"", ""name"": ""United States of America""}]","[{""english_name"": ""English"", ""iso_639_1"": ""en"", ""name"": ""English""}]","[""US""]",null
162563,The Male Man,The Male Man,"Like most Fleischer cartoons from the early '30s, there are lots of stream-of-conscious gags here. They are related by Bimbo's adventures as a mailman.",,Released,False,False,1931-04-24,6,0,0,0.2074,7.0,2,en,,tt0022110,/39a60K1zgdw5l9THJjt9cyyLeB7.jpg,,"[{""id"": 16, ""name"": ""Animation""}, {""id"": 35, ""name"": ""Comedy""}]","[{""id"": 8302, ""logo_path"": null, ""name"": ""Fleischer Studios"", ""origin_country"": ""US""}]","[{""iso_3166_1"": ""US"", ""name"": ""United States of America""}]","[{""english_name"": ""English"", ""iso_639_1"": ""en"", ""name"": ""English""}]","[""US""]",null
162564,Bimbo's Express,Bimbo's Express,"Betty Boop (with dog's ears) is moving; Bimbo comes with his moving van and is smitten with her. Songs: ""Moving Day,"" ""Hello Beautiful.""",,Released,False,False,1931-08-21,6,0,0,0.1264,5.4,8,en,,tt0021663,/72lEJnluYAHMtFTA0jOqZPpNEl7.jpg,,"[{""id"": 35, ""name"": ""Comedy""}, {""id"": 16, ""name"": ""Animation""}]","[{""id"": 8302, ""logo_path"": null, ""name"": ""Fleischer Studios"", ""origin_country"": ""US""}]","[{""iso_3166_1"": ""US"", ""name"": ""United States of America""}]","[{""english_name"": ""English"", ""iso_639_1"": ""en"", ""name"": ""English""}]","[""US""]",null
162565,Wot a Night,Wot a Night,"Two passengers, Tom and Jerry (not to be confused with the cat and mouse duo) refuse to pay their cab fare, so the taxi drives chase after them.",,Released,False,False,1931-08-01,9,0,0,0.1719,5.4,7,en,,tt0153942,/sYS1MsMrxtJNBLk7FT6ZXr0fqS0.jpg,/y7uHftAeQBMXxHBjceHkYLD4tP.jpg,"[{""id"": 16, ""name"": ""Animation""}, {""id"": 10751, ""name"": ""Family""}, {""id"": 35, ""name"": ""Comedy""}]","[{""id"": 7515, ""logo_path"": null, ""name"": ""Van Beuren Studios"", ""origin_country"": ""US""}]","[{""iso_3166_1"": ""US"", ""name"": ""United States of America""}]","[{""english_name"": ""English"", ""iso_639_1"": ""en"", ""name"": ""English""}]","[""US""]",null
162566,100% Service,100% Service,"George registers at the Jefferson Hotel; after the desk clerk gives him the runaround, he meets Gracie at the cigar counter.",,Released,False,False,1931-08-01,11,0,0,0.1178,6.3,3,en,,tt0021579,/b9ET9oCDKI7h6rDU3yckSsuiYET.jpg,,"[{""id"": 35, ""name"": ""Comedy""}]","[{""id"": 4, ""logo_path"": ""/jay6WcMgagAklUt7i9Euwj1pzTF.png"", ""name"": ""Paramount Pictures"", ""origin_country"": ""US""}, {""id"": 148667, ""logo_path"": null, ""name"": ""Kino Video"", ""origin_country"": """"}, {""id"": 9122, ""logo_path"": ""/hwrOt7ZHLrZFEbkIU4ortVhUqXl.png"", ""name"": ""Cohen Media Group"", ""origin_country"": ""US""}]","[{""iso_3166_1"": ""US"", ""name"": ""United States of America""}]",[],"[""US""]",null
162567,You Don't Know What You're Doin'!,You Don't Know What You're Doin'!,Piggy picks up his girlfriend and takes her to a theater where a hot jazz orchestra is playing.,,Released,False,False,1931-10-21,7,0,0,0.5061,5.5,16,en,,tt0022587,/yKAFh3jtVKnNzxSa6wmHYsoYqVX.jpg,,"[{""id"": 16, ""name"": ""Animation""}, {""id"": 35, ""name"": ""Comedy""}, {""id"": 10751, ""name"": ""Family""}, {""id"": 10402, ""name"": ""Music""}]","[{""id"": 106840, ""logo_path"": null, ""name"": ""Harman-Ising Productions"", ""origin_country"": ""US""}, {""id"": 9329, ""logo_path"": ""/aue5pVfj9TcjYEOufkcuCbAL5hE.png"", ""name"": ""The Vitaphone Corporation"", ""origin_country"": ""US""}, {""id"": 134798, ""logo_path"": null, ""name"": ""Leon Schlesinger Productions"", ""origin_country"": ""US""}]","[{""iso_3166_1"": ""US"", ""name"": ""United States of America""}]","[{""english_name"": ""English"", ""iso_639_1"": ""en"", ""name"": ""English""}]","[""US""]",null
162568,Natural Born Lovers,天生愛情狂,"Popular pastry chef (Chi-lam) meets a nurse (Annie) and falls in love with her. Soon he realizes that she is an overly sensitive girlfriend who is also suspicious, jealous, controlling and slightly violent. She checks up on him 24-7 and screens his computer, phone, blogs and Facebook contents and messages. Desperate to get rid of his crazy love, he decides to start an investigation into her past to find out the secret behind her crazy behavior...",,Released,False,False,2012-10-25,106,0,0,1.6633,4.7,3,cn,,tt2372584,/yAKt14nMacUgPdcD5FOfXM8WsKG.jpg,/cm4li4AB6N5NoAxDLq2Ad0xY3S1.jpg,"[{""id"": 10749, ""name"": ""Romance""}, {""id"": 35, ""name"": ""Comedy""}]","[{""id"": 33634, ""logo_path"": null, ""name"": ""China 3D Digital Entertainment"", ""origin_country"": ""HK""}]","[{""iso_3166_1"": ""HK"", ""name"": ""Hong Kong""}]",[],"[""HK""]",null
162569,"Oh, My Operation","Oh, My Operation","George is mistaken for an accident victim and taken to the hospital. After his needless operation, he meets Nurse Gracie, who adds insanity to injury.",,Released,False,False,1931-12-23,10,0,0,0.4545,0.0,0,en,,tt0023290,/gia4VdzFiRRGtlfkgwa6HXwbpV5.jpg,,[],[],[],[],"[""US""]",null
162570,In My Merry Oldsmobile,In My Merry Oldsmobile,"A lady is rescued from a villain by a heroic young man, who then takes her for a spin in his Oldsmobile.",,Released,False,False,1931-03-14,7,0,0,0.1152,6.2,9,en,,tt0021996,,,"[{""id"": 10402, ""name"": ""Music""}, {""id"": 35, ""name"": ""Comedy""}, {""id"": 16, ""name"": ""Animation""}]","[{""id"": 8302, ""logo_path"": null, ""name"": ""Fleischer Studios"", ""origin_country"": ""US""}]","[{""iso_3166_1"": ""US"", ""name"": ""United States of America""}]",[],"[""US""]",null
162571,The Herring Murder Case,The Herring Murder Case,"The Herring is murdered, and detective Bimbo is trying to find his killer.",,Released,False,False,1931-06-26,7,0,0,0.1315,7.0,2,en,,tt0021956,/yfcrGmNU0cEmdIhOVwPBNpf7ll7.jpg,,"[{""id"": 16, ""name"": ""Animation""}, {""id"": 80, ""name"": ""Crime""}, {""id"": 35, ""name"": ""Comedy""}]","[{""id"": 8302, ""logo_path"": null, ""name"": ""Fleischer Studios"", ""origin_country"": ""US""}]","[{""iso_3166_1"": ""US"", ""name"": ""United States of America""}]","[{""english_name"": ""English"", ""iso_639_1"": ""en"", ""name"": ""English""}]","[""US""]",null
162572,Up for Murder,Up for Murder,"Young reporter accidentially kills his newspaper's editor in a fight over the publisher's mistress, who is also the paper's society editor.",The man who kills for a woman's honor must die to defend his own!,Released,False,False,1931-05-26,68,0,0,0.9308,3.5,4,en,,tt0021868,/eHW9HjkdkKV9AxvlY8lJZEBZA3b.jpg,/8hlzzNqIhsgZNF4TC9tdTydlxEi.jpg,"[{""id"": 18, ""name"": ""Drama""}]","[{""id"": 33, ""logo_path"": ""/8lvHyhjr8oUKOOy2dKXoALWKdp0.png"", ""name"": ""Universal Pictures"", ""origin_country"": ""US""}]","[{""iso_3166_1"": ""US"", ""name"": ""United States of America""}]","[{""english_name"": ""English"", ""iso_639_1"": ""en"", ""name"": ""English""}]","[""US""]",null
162573,Bosko the Doughboy,Bosko the Doughboy,"Bosko is a doughboy in the Great War. Bullets and bombs are everywhere. (A bomb even blows up the title card.) Bosko and his fellow infantrymen are hardly safe in their trench. Bosko is happily eating from a pan full of beans when a bomb hits the pan and destroys his meal. Bosko misses Honey; he pulls out her picture and kisses it. A cannonball tears through it, making her head a gaping hole. Now Bosko is angry. He vows revenge but the moment his helmet appears above the trench, it’s hit with dozens of bullets, knocking him back down. Another soldier briefly cheers him up with harmonica music. Bosko gets his chance to be a hero when his buddy swallows a cannonball.",,Released,False,False,1931-10-17,7,0,0,0.2998,5.8,17,en,,tt0021687,/3la2ZvAJKmvh4DptxKmO5iLwvl5.jpg,,"[{""id"": 10752, ""name"": ""War""}, {""id"": 16, ""name"": ""Animation""}, {""id"": 35, ""name"": ""Comedy""}]","[{""id"": 9329, ""logo_path"": ""/aue5pVfj9TcjYEOufkcuCbAL5hE.png"", ""name"": ""The Vitaphone Corporation"", ""origin_country"": ""US""}, {""id"": 106840, ""logo_path"": null, ""name"": ""Harman-Ising Productions"", ""origin_country"": ""US""}, {""id"": 134798, ""logo_path"": null, ""name"": ""Leon Schlesinger Productions"", ""origin_country"": ""US""}]","[{""iso_3166_1"": ""US"", ""name"": ""United States of America""}]","[{""english_name"": ""English"", ""iso_639_1"": ""en"", ""name"": ""English""}]","[""US""]",null
162575,Net Aid,Net Aid,"The organization began with a concert event on October 9, 1999 with simultaneous activities meant to harness the Internet to raise money and awareness for the Jubilee 2000 campaign. Concerts took place at Wembley Stadium in London, Giants Stadium in New Jersey and the Palais des Nations in Geneva. The Wembley show was at capacity; the U.S. show suffered from very poor ticket sales. The concert was considered a flop by many observers, failing to raise nearly as much cash as Live Aid.",,Released,False,False,1999-10-08,90,0,0,0.0,4.0,1,en,,,,,[],[],[],[],"[""US""]",null
162576,The Reckless Hour,The Reckless Hour,"Seduced and abandoned, with child, by a charming cad, a former New York fashion model learns to detest the male race in general until befriended by a warm-hearted artist-type who shows her that life -- and men -- ain't so bad in this early talkie drama.",Her Love Lived an Hour- Her Penalty Lasted a Life Time!,Released,False,False,1931-08-15,71,0,0,0.5996,7.0,2,en,,tt0022297,/gQEJXdVlF2PjmDNYGywBEIxmeCO.jpg,/xcH3LomxsR8ZNwSBIUbIUkvAuEl.jpg,"[{""id"": 18, ""name"": ""Drama""}]","[{""id"": 3245, ""logo_path"": ""/9dBTQp9XitrHkx20i1r9HhZ3Q6B.png"", ""name"": ""First National Pictures"", ""origin_country"": ""US""}]","[{""iso_3166_1"": ""US"", ""name"": ""United States of America""}]","[{""english_name"": ""English"", ""iso_639_1"": ""en"", ""name"": ""English""}]","[""US""]",null
162577,Mickey Cuts Up,Mickey Cuts Up,"Mickey and Minnie are next-door neighbors tending their yards. When Minnie is captured by a bird's song, Mickey hides in his bird-house and pretends to be a bird himself, until a cat attacks and blows his cover. Then he does a dance while wearing the house; their song attracts more birds, and again the cat. Pluto chases, but he's still pulling the lawnmower, and it causes much destruction.",,Released,False,False,1931-12-01,7,0,0,0.265,5.7,36,en,,tt0022145,/x7UourOTTB9KZKnWBkzg7xHcjPu.jpg,/3w1XGik2qM55HLFuH4muSIrLIWM.jpg,"[{""id"": 16, ""name"": ""Animation""}, {""id"": 35, ""name"": ""Comedy""}]","[{""id"": 3166, ""logo_path"": ""/jmPS1qPfKnISciDF7RnUbh48jvK.png"", ""name"": ""Walt Disney Productions"", ""origin_country"": ""US""}]","[{""iso_3166_1"": ""US"", ""name"": ""United States of America""}]","[{""english_name"": ""English"", ""iso_639_1"": ""en"", ""name"": ""English""}]","[""US""]",null
162578,Shiver My Timbers,Shiver My Timbers,The Gang plays hooky from school so they can listen to the tall tales of a friendly sea captain.,,Released,False,False,1931-10-09,21,0,0,0.2182,6.8,4,en,,tt0022378,/sBzkDwYF3nOCJwIwBuIKuC47sHv.jpg,/2PWB6g1lPSebwr0ybZkYR0qeazR.jpg,"[{""id"": 10751, ""name"": ""Family""}, {""id"": 35, ""name"": ""Comedy""}]",[],[],"[{""english_name"": ""English"", ""iso_639_1"": ""en"", ""name"": ""English""}]","[""US""]",null
162580,Spooks,Spooks,Flip the Frog finds himself in a house haunted by crazy skeletons.,,Released,False,False,1931-12-20,8,0,0,0.1767,6.8,6,en,,tt0022423,/tEKe6KxYo00t6q3LhpBH3o7geVO.jpg,,"[{""id"": 16, ""name"": ""Animation""}, {""id"": 35, ""name"": ""Comedy""}, {""id"": 27, ""name"": ""Horror""}, {""id"": 14, ""name"": ""Fantasy""}]","[{""id"": 3197, ""logo_path"": null, ""name"": ""Celebrity Productions"", ""origin_country"": ""US""}, {""id"": 98051, ""logo_path"": null, ""name"": ""Ub Iwerks Studio"", ""origin_country"": """"}]","[{""iso_3166_1"": ""US"", ""name"": ""United States of America""}]","[{""english_name"": ""English"", ""iso_639_1"": ""en"", ""name"": ""English""}]","[""US""]",null
162581,Silly Scandals,Silly Scandals,"In a vaudeville act, Betty Boop (with dog's ears) sings ""You're Drivin' Me Crazy;"" Bimbo sneaks into the show and runs afoul of a stage hypnotist.",,Released,False,False,1931-05-22,6,0,0,0.2094,5.6,10,en,,tt0022385,/lQNngDwFUiuP9gteKB0UQpfNkDO.jpg,,"[{""id"": 16, ""name"": ""Animation""}]","[{""id"": 8302, ""logo_path"": null, ""name"": ""Fleischer Studios"", ""origin_country"": ""US""}]","[{""iso_3166_1"": ""US"", ""name"": ""United States of America""}]",[],"[""US""]",null
162582,Ragtime Romeo,Ragtime Romeo,"Flip the Frog serenades his feline sweetheart to the delight of everyone in her building-- Everyone, that is, except a homely cow, who is trying to get some sleep.",,Released,False,False,1931-05-01,8,0,0,0.121,6.5,2,en,,tt0148655,/cwKBjh5mFB37lcB10hGiYY1aVk7.jpg,,"[{""id"": 16, ""name"": ""Animation""}]","[{""id"": 3197, ""logo_path"": null, ""name"": ""Celebrity Productions"", ""origin_country"": ""US""}]","[{""iso_3166_1"": ""US"", ""name"": ""United States of America""}]","[{""english_name"": ""English"", ""iso_639_1"": ""en"", ""name"": ""English""}]","[""US""]",null
162584,Blue Rhythm,Blue Rhythm,"Mickey plays a bluesy tune on a piano on a stage. Minnie sings. Then an unseen band plays while both sing and dance. Mickey then leads the 9-piece band in an uptempo number, with Pluto on trombone, Horace on percussion, and Clarabelle on bass, among others. Mickey steps out for a clarinet solo.",,Released,False,False,1931-08-17,7,0,0,0.3402,5.4,26,en,,tt0021676,/4xEjYaVqaS27j6FrUJuVKHrzmTs.jpg,/hxZoOL0ox3UYNp0d3514zWjTcj6.jpg,"[{""id"": 16, ""name"": ""Animation""}, {""id"": 10402, ""name"": ""Music""}, {""id"": 35, ""name"": ""Comedy""}]","[{""id"": 3166, ""logo_path"": ""/jmPS1qPfKnISciDF7RnUbh48jvK.png"", ""name"": ""Walt Disney Productions"", ""origin_country"": ""US""}]","[{""iso_3166_1"": ""US"", ""name"": ""United States of America""}]","[{""english_name"": ""English"", ""iso_639_1"": ""en"", ""name"": ""English""}]","[""US""]",null
162589,Blue Eyed,Blue Eyed,"In BLUE-EYED, we join a group of 40 teachers, police, school administrators and social workers in Kansas City - blacks, Hispanics, whites, women and men. The blue-eyed members are subjected to pseudo-scientific explanations of their inferiority, culturally biased IQ tests and blatant discrimination. In just a few hours under Ms. Elliott's withering regime, we watch grown professionals become despondent and distracted, stumbling over the simplest commands.",,Released,False,False,1996-09-08,90,0,0,0.2104,6.9,12,de,,tt0115716,/6jZNOx7ISjDNc1krQuKEXNcJI7U.jpg,,"[{""id"": 99, ""name"": ""Documentary""}]","[{""id"": 28376, ""logo_path"": null, ""name"": ""DENKmal Filmgesellschaft"", ""origin_country"": """"}, {""id"": 199, ""logo_path"": null, ""name"": ""3 Sat"", ""origin_country"": """"}, {""id"": 46, ""logo_path"": ""/3xFdKHLXPGHEbrAkmsepGE8974Y.png"", ""name"": ""WDR"", ""origin_country"": ""DE""}, {""id"": 162, ""logo_path"": ""/pIK5tsFVxjoXTJGcd0nYhiL1kn1.png"", ""name"": ""BR"", ""origin_country"": ""DE""}]","[{""iso_3166_1"": ""DE"", ""name"": ""Germany""}, {""iso_3166_1"": ""US"", ""name"": ""United States of America""}]","[{""english_name"": ""English"", ""iso_639_1"": ""en"", ""name"": ""English""}, {""english_name"": ""German"", ""iso_639_1"": ""de"", ""name"": ""Deutsch""}]","[""DE""]",null
162591,Jack and the Beanstalk,Jack and the Beanstalk,A Max &amp; Dave Fleischer cartoon from 1931. Bimbo climbs a beanstalk to find Betty Boop enslaved by the giant.,,Released,False,False,1931-11-20,7,0,0,0.1204,6.0,10,en,,tt0022009,/amNK4kTzPDrSkgOkju92HgaJgWT.jpg,,"[{""id"": 16, ""name"": ""Animation""}]","[{""id"": 8302, ""logo_path"": null, ""name"": ""Fleischer Studios"", ""origin_country"": ""US""}]","[{""iso_3166_1"": ""US"", ""name"": ""United States of America""}]",[],"[""US""]",null
162592,The Lumière Brothers' First Films,The Lumière Brothers' First Films,"A collection of short films made by the Lumiere brothers, a team of pioneering filmmakers in turn-of-the-century France, narrated by Bertrand Tavernier.",,Released,False,True,1996-07-18,61,0,0,0.1772,6.9,11,en,,tt0151416,/nCveHAuN1Du5UwUBRwFT0qruuQG.jpg,,"[{""id"": 99, ""name"": ""Documentary""}]","[{""id"": 11862, ""logo_path"": null, ""name"": ""Lumiere Film Company"", ""origin_country"": """"}]","[{""iso_3166_1"": ""US"", ""name"": ""United States of America""}]","[{""english_name"": ""English"", ""iso_639_1"": ""en"", ""name"": ""English""}]","[""US""]",null
162593,Fishin' Around,Fishin' Around,"Mickey takes Pluto fishing in a boat on a lake, but they aren't too successful. The fish mock them, and even steal the bait can. Finally, the game warden spots them (Mickey had ignored the ""no fishing"" sign) and gives chase.",,Released,False,False,1931-09-14,7,0,0,0.2889,6.3,25,en,,tt0021871,/qeApUZ8kpl1DoPJnZ1ZefQ5Zm6u.jpg,/qabcqq6fs7mCmZmZvE8QTNczKR7.jpg,"[{""id"": 16, ""name"": ""Animation""}, {""id"": 35, ""name"": ""Comedy""}]","[{""id"": 3166, ""logo_path"": ""/jmPS1qPfKnISciDF7RnUbh48jvK.png"", ""name"": ""Walt Disney Productions"", ""origin_country"": ""US""}]","[{""iso_3166_1"": ""US"", ""name"": ""United States of America""}]","[{""english_name"": ""English"", ""iso_639_1"": ""en"", ""name"": ""English""}]","[""US""]",null
162594,"Offers Herself as Bride for $10,000","Offers Herself as Bride for $10,000","In an on-camera interview, Ohio working girl Mary Clowes explains that she is offering her hand in marriage to whoever can provide $10,000 to support her parents, who have since lost their farm and who, following the deaths of her two brothers, rely on her as their lone source of financial support.",,Released,False,False,1931-04-15,2,0,0,0.0404,5.0,1,en,,tt1187031,/b5gyZNtxyCtz6F6OWflsrHBmy8y.jpg,,[],"[{""id"": 67810, ""logo_path"": null, ""name"": ""Hearst Metrotone News"", ""origin_country"": ""US""}]","[{""iso_3166_1"": ""US"", ""name"": ""United States of America""}]","[{""english_name"": ""English"", ""iso_639_1"": ""en"", ""name"": ""English""}]","[""US""]",null
162595,Hoover Board's Dry Law Stirs Nation,Hoover Board's Dry Law Stirs Nation,"G.W. Wickersham, head of Commission, sums up it's findings for Metrotone.",,Released,False,False,1931-01-24,2,0,0,0.0834,0.0,0,en,,tt1181444,,,[],"[{""id"": 67810, ""logo_path"": null, ""name"": ""Hearst Metrotone News"", ""origin_country"": ""US""}]","[{""iso_3166_1"": ""US"", ""name"": ""United States of America""}]","[{""english_name"": ""English"", ""iso_639_1"": ""en"", ""name"": ""English""}]","[""US""]",null
162596,Madeira: A Garden in the Sea,Madeira: A Garden in the Sea,"A Traveltalk visit to Portugal's autonomous island group in the Atlantic Ocean. We learn that many of the things associated with the islands were actually instituted by British explorers who visited the island several hundred years before the Portuguese. This includes embroidered fabrics, wicker chairs, and the islands' world famous wine.",,Released,False,False,1931-09-15,8,0,0,0.0409,0.0,0,en,,tt0130836,/80ljrIyLLuG4NwNlkLYlbOFHfhR.jpg,,[],[],"[{""iso_3166_1"": ""PT"", ""name"": ""Portugal""}, {""iso_3166_1"": ""US"", ""name"": ""United States of America""}]","[{""english_name"": ""English"", ""iso_639_1"": ""en"", ""name"": ""English""}]","[""US""]",null
162597,How to Tell,How to Tell,"How To Tell was produced to advise parents on how to equip their children with the truth about reproduction, without the worry of putting the family off their dinner. The title cards encourage parents to explain the process openly and scientifically by reinforcing the school's biology lessons with the assistance of plants and pet rabbits.",,Released,False,False,1931-02-08,20,0,0,0.0546,0.0,0,en,,tt1830639,/7AxFuXSp8yd1BrEsIDRhnFjPmhW.jpg,,"[{""id"": 99, ""name"": ""Documentary""}]",[],[],"[{""english_name"": ""English"", ""iso_639_1"": ""en"", ""name"": ""English""}]","[""GB""]","{""id"": 1156872, ""name"": ""The Joy of Sex Education"", ""poster_path"": ""/y4YU4jcZnimSnKtMptk0UUGwm5n.jpg"", ""backdrop_path"": null}"
162599,An Ambiguous Report About the End of the World,Nejasná zpráva o konci světa,"Set over a two-decade period in a tiny Central European village, this drama not only chronicles a couple's tragic star-crossed love, it also serves as a metaphor for the tragedy of lost traditions. After opening in the snowy wilds as two people spectacularly die, the story jumps back 20 years as young Verona prepares to marry. Unfortunately, voracious wolves descend upon the ceremony and all but Verona and her courageous 10-year-old brother-in-law Goran, who saves her, perish. That day, Verona gives birth to Veronika and promptly betroths her daughter to the heroic Goran. A decade passes and on Veronika's 10th birthday, her engagement to Goran is formally announced at a big party. Festivities halt when a troupe of female circus performers and their sly employer Madina show up. Veronika soon finds herself more interested in Madina's young son Michal than she is in the adult Goran. Meanwhile, the worldly Madina attempts to adjust to life in an old-fashioned village.",,Released,False,False,1997-02-13,154,0,0,0.7501,6.5,15,cs,,tt0119771,/6c9PunuVD7IRVeFaLntn5pPxCkU.jpg,/wBa8rnN4MmmWxru9QnnigukU2Uj.jpg,"[{""id"": 9648, ""name"": ""Mystery""}, {""id"": 14, ""name"": ""Fantasy""}]","[{""id"": 26773, ""logo_path"": null, ""name"": ""J&J Jakubisko Film"", ""origin_country"": ""CZ""}, {""id"": 487, ""logo_path"": ""/x3BUIowxU2skXOpnOeOkl7kIYDo.png"", ""name"": ""\u010cesk\u00e1 televize"", ""origin_country"": ""CZ""}]","[{""iso_3166_1"": ""CZ"", ""name"": ""Czech Republic""}]","[{""english_name"": ""Czech"", ""iso_639_1"": ""cs"", ""name"": ""\u010cesk\u00fd""}]","[""CZ""]",null
162600,Sport Slants #4,Sport Slants #4,"Host Ted Husing provides his slant on three different sports. The first is cricket. The main action takes place on what is called the pitch, which is the playing field. The bowler tries to knock the bales off the wickets with the ball, while the batter tries to prevent that by hitting the ball. The fielders - called the longs and the shorts - can also try to knock off the bales. The batting team can score by the batter hitting the ball and running the length of the pitch to the opposite crease without being dismissed. The second is sailing. Husing follows the sailing boat, the Fifi, as it competes in a regatta on Long Island Sound. It ends up being an exciting and difficult race because of the high winds. The third is polo. The game, which entails players mounted on horse, trying to score by hitting a ball with a mallet into the opposing team's goal. Husing follows a match on International Field in Westbury...",,Released,False,False,1931-04-15,10,0,0,0.1091,0.0,0,en,,tt1557702,,,"[{""id"": 99, ""name"": ""Documentary""}]",[],[],"[{""english_name"": ""English"", ""iso_639_1"": ""en"", ""name"": ""English""}]","[""US""]",null
162603,Australian Wines,Australian Wines,"Propaganda - advertising. Animated titles spelling out the message - ""Australian wines:- In the sunlit vineyards of Australia grow luscious grapes for wines, pressed and bottled into sweet, dry, or sparkling vintages. Stock your cellar with Australian wines because they are cheaper and best"".",,Released,False,False,1931-09-18,3,0,0,0.0901,0.0,0,en,,tt2016854,,,[],"[{""id"": 23226, ""logo_path"": null, ""name"": ""Empire Marketing Board"", ""origin_country"": ""GB""}]","[{""iso_3166_1"": ""GB"", ""name"": ""United Kingdom""}]",[],"[""GB""]",null
162604,Some Opinions on Hoover Board's Dry Law Report,Some Opinions on Hoover Board's Dry Law Report,People give their opinion to the report on the unpopular Dry Law.,,Released,False,False,1931-01-28,2,0,0,0.0614,0.0,0,en,,tt1181481,,,[],"[{""id"": 67810, ""logo_path"": null, ""name"": ""Hearst Metrotone News"", ""origin_country"": ""US""}]","[{""iso_3166_1"": ""US"", ""name"": ""United States of America""}]","[{""english_name"": ""English"", ""iso_639_1"": ""en"", ""name"": ""English""}]","[""US""]",null
162607,Mahatma Gandhi Talks,Mahatma Gandhi Talks,Fox Movietone newsreel featuring the first ever sound film footage of 'Mahatma Gandhi' ever recorded.,,Released,False,False,1931-05-15,0,0,0,0.0577,10.0,1,en,,tt1996314,,,[],[],[],[],"[""US""]",null
162610,Surf and Seaweed,Surf and Seaweed,"Shoreline images: first small breakers and the swirls they leave, then water running up the shore on a sandy beech, then water hitting pebbles and rocks. The second half is a close look at a sluggish eddy of seaweed, moving to and fro on the surface, like sodden twigs. The ocean's tide creates patterns of small surges and circles. The music of the soundtrack is more dramatic than the more gentle movements of the seaweed. Final closeups show the bulbs and leaves of the plants, then the tide takes over.",,Released,False,False,1931-04-15,13,0,0,0.1281,6.5,8,en,,tt0192648,/jZObFWWZG6o1QOuD4MblVtAQK89.jpg,,[],[],"[{""iso_3166_1"": ""US"", ""name"": ""United States of America""}]","[{""english_name"": ""No Language"", ""iso_639_1"": ""xx"", ""name"": ""No Language""}]","[""US""]",null
162611,Portrait of a Young Man in Three Movements,Portrait of a Young Man in Three Movements,"This is a non-narrative film, comprised of shots that  ""portray a certain young man in the terms of the things that he likes"", such as the flow of the tide on a seashore, the motion of finely-tuned machinery, and sunlight shining through the fronds of a palm.",,Released,False,False,1931-04-15,53,0,0,0.1743,6.4,11,en,,tt0875140,/yddfCJXkKDcAoxd6bxZtwZmcEo3.jpg,/4M8mXS4DbbmwF3Lk1s8NoSX5Ulc.jpg,"[{""id"": 99, ""name"": ""Documentary""}]",[],"[{""iso_3166_1"": ""US"", ""name"": ""United States of America""}]","[{""english_name"": ""No Language"", ""iso_639_1"": ""xx"", ""name"": ""No Language""}]","[""US""]",null
162612,Light Rhythms,Light Rhythms,Avant-garde piece making use of trick lighting.,,Released,False,False,1931-03-05,5,0,0,0.0143,5.3,7,en,,tt0022075,/f3BBAmFMny8xMiWFr94m1eRXCQk.jpg,,[],[],"[{""iso_3166_1"": ""GB"", ""name"": ""United Kingdom""}]","[{""english_name"": ""No Language"", ""iso_639_1"": ""xx"", ""name"": ""No Language""}]","[""US"", ""GB""]",null
162614,The Disaster in Oaxaca,El desastre en Oaxaca,"Footage of the aftermath of the January 14 1931 earthquake in Oaxaca, Mexico.",,Released,False,False,1931-01-22,12,0,0,0.2616,6.0,13,es,,tt0406703,/A5Tak1RZB2IS6nlmJXUBxlRFAp6.jpg,,"[{""id"": 99, ""name"": ""Documentary""}]","[{""id"": 73855, ""logo_path"": null, ""name"": ""Mexican Film Trust"", ""origin_country"": """"}]","[{""iso_3166_1"": ""MX"", ""name"": ""Mexico""}]","[{""english_name"": ""Spanish"", ""iso_639_1"": ""es"", ""name"": ""Espa\u00f1ol""}]","[""MX""]",null
162616,She and He,彼女と彼,"As her husband Eiichi becomes more entangled in his life as businessman, Naoko looks for ways to expand her own life even as her husband's life shrinks in scope and intimacy. She finds new interests, new love, and a greater sense of her place in the world.",,Released,False,False,1963-10-18,109,0,0,1.0403,6.7,10,ja,,tt0057218,/4Hw8E7xvrHtHBtCwf2D2OvuVr05.jpg,,"[{""id"": 18, ""name"": ""Drama""}]","[{""id"": 77483, ""logo_path"": null, ""name"": ""Iwanami Productions"", ""origin_country"": ""JP""}]","[{""iso_3166_1"": ""JP"", ""name"": ""Japan""}]","[{""english_name"": ""Japanese"", ""iso_639_1"": ""ja"", ""name"": ""\u65e5\u672c\u8a9e""}]","[""JP""]",null
162618,"Dinosaurs, Dinosaurs, Dinosaurs","Dinosaurs, Dinosaurs, Dinosaurs","Gary is turning into a dinosaur, and Eric must find the cure.  This becomes a globetrotting journey into everything dino while searching for the magic waters needed to stop Gary's odd transformation.  Will Eric be too late? Get ready to meet the Garysaurus!",,Released,False,True,1985-05-16,30,0,0,0.4515,8.2,2,en,http://dinosaursx3dvd.devhub.com/,tt1302170,/lDjUnOw1V1HSJXmYYFUIAdGejOz.jpg,/lzvnaEIpyMkfXNfCvsK6Z3NJXQi.jpg,"[{""id"": 35, ""name"": ""Comedy""}, {""id"": 99, ""name"": ""Documentary""}, {""id"": 10770, ""name"": ""TV Movie""}]","[{""id"": 48720, ""logo_path"": null, ""name"": ""Twin Tower Enterprises"", ""origin_country"": """"}, {""id"": 48586, ""logo_path"": null, ""name"": ""Midwich Entertainment"", ""origin_country"": """"}]","[{""iso_3166_1"": ""GB"", ""name"": ""United Kingdom""}, {""iso_3166_1"": ""US"", ""name"": ""United States of America""}]","[{""english_name"": ""English"", ""iso_639_1"": ""en"", ""name"": ""English""}]","[""US"", ""GB""]","{""id"": 331088, ""name"": ""The Dinosaur Shows with Gary Owens and Eric Boardman"", ""poster_path"": ""/duIWonliKiJlxhj1JKwxQ4rlxUd.jpg"", ""backdrop_path"": null}"
162620,The Christmas Party,The Christmas Party,"In this holiday short, Jackie Cooper wants to throw a Christmas party for his friends on his football team but doesn't know how to go about it. His fellow stars at MGM help him out.",,Released,False,False,1931-12-17,9,0,0,1.1075,4.9,7,en,,tt0021745,/xnnaN6KYuuSj4mTTnfDmG3ty0wQ.jpg,,"[{""id"": 10751, ""name"": ""Family""}]","[{""id"": 21, ""logo_path"": ""/usUnaYV6hQnlVAXP6r4HwrlLFPG.png"", ""name"": ""Metro-Goldwyn-Mayer"", ""origin_country"": ""US""}]","[{""iso_3166_1"": ""US"", ""name"": ""United States of America""}]","[{""english_name"": ""English"", ""iso_639_1"": ""en"", ""name"": ""English""}]","[""US""]",null
162621,Air-Tight,Air-Tight,"The college aerial club is at the airfield to inaugurate a new glider. Alabam gets a lot of teasing for being a ""land lizard,"" never wanting to fly. Mary takes him aside to boost his spirits and offers to take his photo if he'll sit on a glider parked nearby. Dave is ready to take the club's glider up, but Mickey hooks the wrong rope to his car and pulls Alabam into the air. He hasn't a clue what to do; below, Mickey and Dave try to shout instructions while the glider's owner gives chase. What goes up . . .",,Released,False,False,1931-05-09,17,0,0,0.6075,4.0,3,en,,tt0021593,/kwg3WFeVrDJ7iCLi6Ydc7TNeFA1.jpg,,"[{""id"": 35, ""name"": ""Comedy""}]","[{""id"": 2159, ""logo_path"": null, ""name"": ""Hal Roach Studios"", ""origin_country"": ""US""}]","[{""iso_3166_1"": ""US"", ""name"": ""United States of America""}]",[],"[""US""]",null
162622,A Broadway Romeo,A Broadway Romeo,"Jack Benny, his finances at a low ebb, watches a newsstand for a friend and picks up a young lady customer, equally broke.",,Released,False,False,1931-03-28,15,0,0,0.2391,5.7,3,en,,tt0021698,/yD26Y8BLJ4dMHLaAQ76ZtAYTvLM.jpg,,"[{""id"": 35, ""name"": ""Comedy""}]","[{""id"": 4, ""logo_path"": ""/jay6WcMgagAklUt7i9Euwj1pzTF.png"", ""name"": ""Paramount Pictures"", ""origin_country"": ""US""}]","[{""iso_3166_1"": ""US"", ""name"": ""United States of America""}]","[{""english_name"": ""English"", ""iso_639_1"": ""en"", ""name"": ""English""}]","[""US""]",null
162624,"The French, They Are a Funny Race",Les Carnets du Major Thompson,An Englishman tries to adapt to life in France,His English wife was a distinguished horsewoman. His French wife distinguished herself in other fields.,Released,False,False,1955-12-09,105,0,0,0.6047,5.0,2,fr,,tt0047921,/pxtND4YdopX33KZcR6WISviRamS.jpg,/hfVc7KeeT7WRrSBnBMytqSDjc0B.jpg,"[{""id"": 35, ""name"": ""Comedy""}]","[{""id"": 22396, ""logo_path"": null, ""name"": ""Soci\u00e9t\u00e9 Nouvelle des \u00c9tablissements Gaumont (SNEG)"", ""origin_country"": ""FR""}]","[{""iso_3166_1"": ""FR"", ""name"": ""France""}]","[{""english_name"": ""French"", ""iso_639_1"": ""fr"", ""name"": ""Fran\u00e7ais""}, {""english_name"": ""English"", ""iso_639_1"": ""en"", ""name"": ""English""}]","[""FR""]",null
162625,Bosko's Holiday,Bosko's Holiday,Bosko and Honey go on a picnic that ends badly.,,Released,False,False,1931-05-20,7,0,0,0.1445,5.1,11,en,,tt0021689,/kJViKTsMCcrEzLA1sXreeaGNFU.jpg,/f02aw4RJCcbUOJ4V9y4TvRsfr0l.jpg,"[{""id"": 35, ""name"": ""Comedy""}, {""id"": 16, ""name"": ""Animation""}]","[{""id"": 106840, ""logo_path"": null, ""name"": ""Harman-Ising Productions"", ""origin_country"": ""US""}, {""id"": 9329, ""logo_path"": ""/aue5pVfj9TcjYEOufkcuCbAL5hE.png"", ""name"": ""The Vitaphone Corporation"", ""origin_country"": ""US""}, {""id"": 134798, ""logo_path"": null, ""name"": ""Leon Schlesinger Productions"", ""origin_country"": ""US""}]","[{""iso_3166_1"": ""US"", ""name"": ""United States of America""}]","[{""english_name"": ""English"", ""iso_639_1"": ""en"", ""name"": ""English""}]","[""US""]",null
162626,The Skulls,Los calaveras,"This Spanish language film was produced simultaneously with the filming of the two English language Laurel and Hardy shorts Be Big! and Laughing Gravy. The two shorts were edited together into one continuous film. Laurel and Hardy read their lines from cue cards on which Spanish was written phonetically. At the time of early talkies, dubbing was not yet perfected.",,Released,False,False,1931-04-18,63,0,0,0.2157,6.1,9,es,,tt0021707,/z5IujAsU2jQf7vx8ddcfqZO5WSE.jpg,,"[{""id"": 35, ""name"": ""Comedy""}]","[{""id"": 2159, ""logo_path"": null, ""name"": ""Hal Roach Studios"", ""origin_country"": ""US""}]","[{""iso_3166_1"": ""US"", ""name"": ""United States of America""}]","[{""english_name"": ""Spanish"", ""iso_639_1"": ""es"", ""name"": ""Espa\u00f1ol""}]","[""ES""]",null
162629,Cowboy Cabaret,Cowboy Cabaret,"A menagerie of animals in Western gear converges at the Red Gulch Cafe for an old-fashioned hoedown. The performers include a goofy barbershop quartet and sexy chorus line, a shimmying cowgirl and a Hoagy Carmichael-like piano player.",,Released,False,False,1931-10-25,7,0,0,0.0261,0.0,0,en,,tt0146582,,,"[{""id"": 16, ""name"": ""Animation""}]",[],"[{""iso_3166_1"": ""US"", ""name"": ""United States of America""}]",[],"[""US""]",null
162630,Nine O'clock Folks,Nine O'clock Folks,"In this short, multiple acts perform before an audience in a town hall. Performers  include The Aaron Sisters singing trio and the Mound City Blue Blowers musicians. Another act features a tap dancer whose shoes have extensions on them that allow him to balance on the ends as one might use stilts. In the finale, an ""inebriated"" dog in the audience performs tricks. The short's title refers to the curfew in the town.",,Released,False,False,1931-04-15,11,0,0,0.3375,7.0,1,en,,tt0280994,/86apLjdwbNhHZlcO16los0t6Hsh.jpg,,"[{""id"": 10402, ""name"": ""Music""}, {""id"": 35, ""name"": ""Comedy""}]","[{""id"": 9329, ""logo_path"": ""/aue5pVfj9TcjYEOufkcuCbAL5hE.png"", ""name"": ""The Vitaphone Corporation"", ""origin_country"": ""US""}, {""id"": 174, ""logo_path"": ""/zhD3hhtKB5qyv7ZeL4uLpNxgMVU.png"", ""name"": ""Warner Bros. Pictures"", ""origin_country"": ""US""}]","[{""iso_3166_1"": ""US"", ""name"": ""United States of America""}]","[{""english_name"": ""English"", ""iso_639_1"": ""en"", ""name"": ""English""}]","[""US""]",null
162631,Taxi Tangle,Taxi Tangle,"Caught in a 5th Avenue traffic jam, as they are riding in side-by-side taxicab and limousine, Jack Benny (Jack Benny) and Helen Hunt (Francetta Malloy), engage in conversation that leads to a hasty marriage. It isn't long before Benny is calling on the justice-of-peace again to sever the marriage.",,Released,False,False,1931-12-18,10,0,0,0.1939,1.0,1,en,,tt0022464,,,"[{""id"": 35, ""name"": ""Comedy""}]","[{""id"": 4, ""logo_path"": ""/jay6WcMgagAklUt7i9Euwj1pzTF.png"", ""name"": ""Paramount Pictures"", ""origin_country"": ""US""}]","[{""iso_3166_1"": ""US"", ""name"": ""United States of America""}]","[{""english_name"": ""English"", ""iso_639_1"": ""en"", ""name"": ""English""}]","[""US""]",null
162632,The Bandmaster,The Bandmaster,A well composed series of gags run from ones involving simply frame composition all the way out to Keaton-like surrealism in this well-ordered and executed series of gags-on-a-theme Oswald the Lucky Rabbit cartoon from Walter Lantz' cartoon team.,,Released,False,False,1931-05-17,6,0,0,0.0724,5.8,4,en,,tt0142101,/iGvonq5Zsfu701e6NSFq3FuLN7d.jpg,/sDC8pzxoEzg6MEHvamoBuE7gBmS.jpg,"[{""id"": 16, ""name"": ""Animation""}]","[{""id"": 8520, ""logo_path"": ""/x6HLTQILKcImVQ3GvVCwy35W5fz.png"", ""name"": ""Walter Lantz Productions"", ""origin_country"": ""US""}]","[{""iso_3166_1"": ""US"", ""name"": ""United States of America""}]",[],"[""US""]",null
162633,The Soup Song,The Soup Song,"Flip the Frog is a café employee who performs with the band, makes soup and delivers food to patrons.",,Released,False,False,1931-01-30,7,0,0,0.2434,5.0,1,en,,tt0149017,/AlseEsxVwSM0zUQZFqxNbrSMDdG.jpg,,"[{""id"": 16, ""name"": ""Animation""}]","[{""id"": 3197, ""logo_path"": null, ""name"": ""Celebrity Productions"", ""origin_country"": ""US""}, {""id"": 98051, ""logo_path"": null, ""name"": ""Ub Iwerks Studio"", ""origin_country"": """"}]","[{""iso_3166_1"": ""US"", ""name"": ""United States of America""}]","[{""english_name"": ""English"", ""iso_639_1"": ""en"", ""name"": ""English""}]","[""US""]",null
162634,"How I Play Golf, by Bobby Jones No. 3: 'The Niblick'","How I Play Golf, by Bobby Jones No. 3: 'The Niblick'",Bobby Jones shows Huntley Gordon and Vivian Oakland some tips on the use of the niblick (9 iron),,Released,False,False,1931-05-15,9,0,0,0.7515,5.0,1,en,,tt0770212,/ueQXoj9zPIThwlJMH9e2FgScjFZ.jpg,,[],"[{""id"": 9329, ""logo_path"": ""/aue5pVfj9TcjYEOufkcuCbAL5hE.png"", ""name"": ""The Vitaphone Corporation"", ""origin_country"": ""US""}, {""id"": 174, ""logo_path"": ""/zhD3hhtKB5qyv7ZeL4uLpNxgMVU.png"", ""name"": ""Warner Bros. Pictures"", ""origin_country"": ""US""}]","[{""iso_3166_1"": ""US"", ""name"": ""United States of America""}]","[{""english_name"": ""English"", ""iso_639_1"": ""en"", ""name"": ""English""}]","[""US""]",null
162635,"How I Play Golf, by Bobby Jones No. 11: 'Practice Shots'","How I Play Golf, by Bobby Jones No. 11: 'Practice Shots'","Golf expert Bobby Jones arrives on the golf course to join actors James Cagney, Anthony Bushell, Donald Cook, Evalyn Knapp, and Louise Fazenda in shooting a golf instruction film. Louise Fazenda however has no knowledge of golf and her ongoing commentary disrupts Jones's attempts to practice. While Cagney and Bushell hold Louise's mouth shut, Jones demonstrates his approach to golf. Later, upon arrival of director George Marshall, Louise is sent off ""to practice"" alone while the cast and crew go about shooting the film.",,Released,False,False,1931-04-15,11,0,0,1.1175,6.3,3,en,,tt0310019,/2eDwLPhC9ScHs5rtex8BDYmrrJh.jpg,,"[{""id"": 99, ""name"": ""Documentary""}]","[{""id"": 174, ""logo_path"": ""/zhD3hhtKB5qyv7ZeL4uLpNxgMVU.png"", ""name"": ""Warner Bros. Pictures"", ""origin_country"": ""US""}]","[{""iso_3166_1"": ""US"", ""name"": ""United States of America""}]","[{""english_name"": ""English"", ""iso_639_1"": ""en"", ""name"": ""English""}]","[""US""]",null
162637,Steve Martin Live!,Steve Martin Live!,"This video contains three segments. First, the Oscar-nominated short 'The Absent-Minded Waiter' (1977). Then a fake interview with Steve Martin about his art, 'Homage to Steve'. Finally, a full live performance from 28 September 1979, taped at the Universal Amphitheatre.",,Released,False,False,1984-09-06,60,0,0,1.2196,6.4,4,en,,tt0092014,/xwxjiwv5SRzqY4PtT9b3UgByKvn.jpg,,"[{""id"": 35, ""name"": ""Comedy""}, {""id"": 10770, ""name"": ""TV Movie""}, {""id"": 99, ""name"": ""Documentary""}]","[{""id"": 32326, ""logo_path"": ""/zY6GIHwPipSz85cBYtr9N7ukQhw.png"", ""name"": ""Vestron Video"", ""origin_country"": ""US""}]","[{""iso_3166_1"": ""US"", ""name"": ""United States of America""}]","[{""english_name"": ""English"", ""iso_639_1"": ""en"", ""name"": ""English""}]","[""US""]",null
162638,Ain't Nature Grand!,Ain't Nature Grand!,"Bosko fishes, and sings and dances with frogs. But two ladybugs use a wasp as an airplane, and a beehive and tree branch as a machine gun to drive him away.",,Released,False,False,1931-02-01,7,0,0,0.1391,5.0,13,en,,tt0021590,/kDKkGfLiOBTbWxTXhYsA5M1SUQT.jpg,/6rO0wT37YVor30OAFMZbupOXu1U.jpg,"[{""id"": 35, ""name"": ""Comedy""}, {""id"": 16, ""name"": ""Animation""}]","[{""id"": 106840, ""logo_path"": null, ""name"": ""Harman-Ising Productions"", ""origin_country"": ""US""}, {""id"": 9329, ""logo_path"": ""/aue5pVfj9TcjYEOufkcuCbAL5hE.png"", ""name"": ""The Vitaphone Corporation"", ""origin_country"": ""US""}, {""id"": 134798, ""logo_path"": null, ""name"": ""Leon Schlesinger Productions"", ""origin_country"": ""US""}]","[{""iso_3166_1"": ""US"", ""name"": ""United States of America""}]","[{""english_name"": ""English"", ""iso_639_1"": ""en"", ""name"": ""English""}]","[""US""]",null
162639,Scenes from a Gay Marriage,Scenes from a Gay Marriage,A recently single man finds solace in his upstairs neighbors' seemingly perfect relationship - until he suspects one of them is cheating.,Love is in the air ducts.,Released,False,False,2012-01-26,83,0,0,0.2531,5.2,14,en,,tt2011223,/mDX7kwqbd2FrJeVViGDtoaWGbLW.jpg,/1qrc1Y25ioRwTj5piPkXATcPbSB.jpg,"[{""id"": 35, ""name"": ""Comedy""}, {""id"": 18, ""name"": ""Drama""}, {""id"": 10749, ""name"": ""Romance""}]","[{""id"": 11309, ""logo_path"": null, ""name"": ""Bring Chase Productions"", ""origin_country"": """"}, {""id"": 2324, ""logo_path"": null, ""name"": ""Empire Films"", ""origin_country"": ""IT""}]","[{""iso_3166_1"": ""US"", ""name"": ""United States of America""}]","[{""english_name"": ""English"", ""iso_639_1"": ""en"", ""name"": ""English""}]","[""US""]","{""id"": 1415255, ""name"": ""Scenes from a Gay Marriage Collection"", ""poster_path"": ""/sCliKSm1c3tFzBIEF6fPkkoLeLv.jpg"", ""backdrop_path"": ""/pk4RxuHJtLFrzu7O8xzpolo2ak0.jpg""}"
162641,China,China,"Shortly before Pearl Harbor, American opportunist Jones and partner Johnny are in China to sell oil to the invading Japanese army. Cynical about the sufferings of the Chinese, Jones meets compassionate teacher Carolyn Grant while travelling cross-country to Shanghai. Sparks fly between these strong-willed characters, neither budging an inch. But when Jones witnesses a Japanese atrocity, his feelings toward his customers (and Carolyn) begin to change...",Alan Ladd and twenty girls - trapped by the rapacious Japs!,Released,False,False,1943-04-21,79,0,0,1.3562,6.8,14,en,,tt0035735,/eaYa9wBgmePr7mWvvlxKkB1hKSI.jpg,/rRfBJ3lcW68mv2JCQ3LwCYTXq3h.jpg,"[{""id"": 10752, ""name"": ""War""}, {""id"": 18, ""name"": ""Drama""}, {""id"": 12, ""name"": ""Adventure""}]","[{""id"": 4, ""logo_path"": ""/jay6WcMgagAklUt7i9Euwj1pzTF.png"", ""name"": ""Paramount Pictures"", ""origin_country"": ""US""}]","[{""iso_3166_1"": ""US"", ""name"": ""United States of America""}]","[{""english_name"": ""English"", ""iso_639_1"": ""en"", ""name"": ""English""}]","[""US""]",null
162643,Snow and Ashes,Snow and Ashes,"Blaise Dumas, war correspondent, covers an armed conflict in Eastern Europe. When he wakes from a temporary coma in his home town of Quebec City, Blaise discovers that his long time collaborator and photographer has not come back with him. He then sets out to recapture the events that led to his friend's disappearance and his own narrow escape from the war zone.",Two war correspondents. Only one comes back.,Released,False,False,2010-05-16,110,600000,0,0.5198,3.2,4,en,,tt1441084,/2ugqksidlsUEUh99MK2wsRhyqL6.jpg,,"[{""id"": 18, ""name"": ""Drama""}, {""id"": 53, ""name"": ""Thriller""}, {""id"": 10752, ""name"": ""War""}]","[{""id"": 159542, ""logo_path"": null, ""name"": ""Fullum Films Studios"", ""origin_country"": """"}, {""id"": 201462, ""logo_path"": null, ""name"": ""StudiosIkuwa Films"", ""origin_country"": """"}]","[{""iso_3166_1"": ""CA"", ""name"": ""Canada""}]","[{""english_name"": ""English"", ""iso_639_1"": ""en"", ""name"": ""English""}, {""english_name"": ""French"", ""iso_639_1"": ""fr"", ""name"": ""Fran\u00e7ais""}, {""english_name"": ""Russian"", ""iso_639_1"": ""ru"", ""name"": ""P\u0443\u0441\u0441\u043a\u0438\u0439""}]","[""CA""]",null
162644,A Swiss Trick,A Swiss Trick,"Tom and Jerry are aboard a train making its way up a mountain in the Swiss Alps. When their train breaks down, they're spotted by a very thin St. Bernard, who brings the engine some liquor. The engine zips through the Alps, but leaves the pair behind.",,Released,False,False,1931-12-18,7,0,0,0.1725,5.4,7,en,,tt0152780,/wpiJcS54QuX60pbW5mBtSo1FGy0.jpg,,"[{""id"": 16, ""name"": ""Animation""}]","[{""id"": 7515, ""logo_path"": null, ""name"": ""Van Beuren Studios"", ""origin_country"": ""US""}]","[{""iso_3166_1"": ""US"", ""name"": ""United States of America""}]","[{""english_name"": ""English"", ""iso_639_1"": ""en"", ""name"": ""English""}]","[""US""]",null
162645,Windy Riley Goes Hollywood,Windy Riley Goes Hollywood,"A driver on a non-stop race from New York to San Francisco gets detoured to Hollywood, where he winds up working as a publicity man for a movie studio and assigned to revive the career of a beautiful but fading star.",,Released,False,False,1931-05-02,18,0,0,0.5906,5.0,3,en,,tt0022565,/siWCoP8jfTXQKyDxKM2frJfCRgG.jpg,/xaIXPgRWhorO5GAApTAWevYhQPx.jpg,"[{""id"": 35, ""name"": ""Comedy""}]","[{""id"": 38916, ""logo_path"": null, ""name"": ""Jack White"", ""origin_country"": """"}]","[{""iso_3166_1"": ""US"", ""name"": ""United States of America""}]","[{""english_name"": ""No Language"", ""iso_639_1"": ""xx"", ""name"": ""No Language""}]","[""US""]",null
162646,Betty Co-ed,Betty Co-ed,"A young dog calls on Betty but fraternity hazers kidnap him. With a Bouncing Ball, Rudy Vallee sings the title tune.",,Released,False,False,1931-08-01,7,0,0,0.2167,5.0,5,en,,tt0021655,/6xA6HUseMkuSdZjPc3xGFr3oL46.jpg,,"[{""id"": 16, ""name"": ""Animation""}]","[{""id"": 8302, ""logo_path"": null, ""name"": ""Fleischer Studios"", ""origin_country"": ""US""}]","[{""iso_3166_1"": ""US"", ""name"": ""United States of America""}]",[],"[""US""]",null
162648,Weenie Roast,Weenie Roast,Krazy Kat and his unidentified female companion go to the beach for a picnic,,Released,False,False,1931-09-13,6,0,0,0.0327,6.0,1,en,,tt0153687,,,"[{""id"": 16, ""name"": ""Animation""}]",[],"[{""iso_3166_1"": ""US"", ""name"": ""United States of America""}]",[],"[""US""]",null
162651,The Farmer,The Farmer,"In this one, Oswald, his girlfriend Kitty, and Pete are working on a farm.",,Released,False,False,1931-03-22,6,0,0,0.045,5.5,1,en,,tt0142282,/jDP9Omg6dfTVwoyXQwQ1OveKceH.jpg,,"[{""id"": 16, ""name"": ""Animation""}]","[{""id"": 8520, ""logo_path"": ""/x6HLTQILKcImVQ3GvVCwy35W5fz.png"", ""name"": ""Walter Lantz Productions"", ""origin_country"": ""US""}]","[{""iso_3166_1"": ""US"", ""name"": ""United States of America""}]",[],"[""US""]",null
162652,Bob the Builder: Bob's Big Plan,Bob the Builder: Bob's Big Plan,"Bob the Builder is about to take on his biggest project ever in the all- new series Bob the Builder Project: Build It. Bob hears of a contest to design a new settlement in Sunflower Valley, a place he would often visit with his twin brother Tom during their childhoods. He decides to enter it and have his concept be as environmentally friendly as possible. He wins the contest, only to discover that the main prize is the job of constructing it.",The Story Behind the New Series,Released,False,False,2005-05-15,49,0,0,0.6394,0.0,0,en,,,/krXY3td4w7OnqcEA3Ax7If34FnL.jpg,/gTcfCjsngOfjcxHw2VXL337JCXM.jpg,"[{""id"": 16, ""name"": ""Animation""}, {""id"": 10751, ""name"": ""Family""}]","[{""id"": 28159, ""logo_path"": ""/vi4Y2pr4P7Yk38EjEuEm59ebaaU.png"", ""name"": ""HiT Entertainment"", ""origin_country"": ""GB""}, {""id"": 105086, ""logo_path"": null, ""name"": ""HOT Animation LTD"", ""origin_country"": """"}]","[{""iso_3166_1"": ""GB"", ""name"": ""United Kingdom""}, {""iso_3166_1"": ""US"", ""name"": ""United States of America""}]","[{""english_name"": ""English"", ""iso_639_1"": ""en"", ""name"": ""English""}]","[""US""]",null
162654,La Yuma,La Yuma,This is the story of Yuma a strong-willed and rebellious girl from the poor neighborhoods of Managua who dreams of being a boxer.,,Released,False,False,2009-09-30,90,500,0,0.232,5.8,12,es,,tt1581322,/bR1KpfOuPoQLIfiwoPkp64aNDjJ.jpg,/838LNclhiimk27WcpEajIII4JVn.jpg,"[{""id"": 28, ""name"": ""Action""}, {""id"": 18, ""name"": ""Drama""}]","[{""id"": 10046, ""logo_path"": ""/3guxqdOBP4xtfmSy6YMZPVGTfro.png"", ""name"": ""Wanda Visi\u00f3n"", ""origin_country"": ""ES""}, {""id"": 53249, ""logo_path"": null, ""name"": ""Ivania Films"", ""origin_country"": ""MX""}, {""id"": 76979, ""logo_path"": null, ""name"": ""Camila Films"", ""origin_country"": ""NI""}]","[{""iso_3166_1"": ""NI"", ""name"": ""Nicaragua""}, {""iso_3166_1"": ""FR"", ""name"": ""France""}, {""iso_3166_1"": ""MX"", ""name"": ""Mexico""}, {""iso_3166_1"": ""ES"", ""name"": ""Spain""}]","[{""english_name"": ""Spanish"", ""iso_639_1"": ""es"", ""name"": ""Espa\u00f1ol""}]","[""NI""]",null
162655,Schubert's Dream of Spring,Schuberts Frühlingstraum,"An episode in the life of the Austrian composer Franz Schubert, who wrote the most beautiful love songs, but whose love life was very unhappy:  The timid, myopic and rather portly Schubert falls for the beautiful, blond Countess Maria Esterhazy and has impossibly unrealistic fantasies about the two of them as she only admires him for his music.  When he’s fired from his position as a teacher in the parish school, the village innkeeper Therese, who secretly has the hots for Schubert, gets him an engagement at a concert in Palace Esterhazy.",,Released,False,False,1931-01-29,0,0,0,0.2862,6.0,1,de,,tt0021340,/ld2l9a3REA6qGEdIYTJzwV7cBWA.jpg,,"[{""id"": 18, ""name"": ""Drama""}, {""id"": 10749, ""name"": ""Romance""}, {""id"": 10402, ""name"": ""Music""}]","[{""id"": 4853, ""logo_path"": null, ""name"": ""Richard Oswald Produktion"", ""origin_country"": ""DE""}]","[{""iso_3166_1"": ""DE"", ""name"": ""Germany""}]","[{""english_name"": ""German"", ""iso_639_1"": ""de"", ""name"": ""Deutsch""}]","[""DE""]",null
162656,Tanghi Argentini,Tanghi Argentini,An office clerk with a hankering to tango enlists the support of a workplace colleague as he prepares for a date. It's Christmas time and the concept of giving assumes fairy tale proportions in this beguiling modern story.,,Released,False,False,2006-06-01,14,0,0,0.2907,7.0,18,nl,,tt0812387,/mtTzIOfEuoaY1PS8exgFjhfI645.jpg,/5GCzs4nAnJi5XmA3CyvY9XCgVj7.jpg,[],[],"[{""iso_3166_1"": ""BE"", ""name"": ""Belgium""}]","[{""english_name"": ""Dutch"", ""iso_639_1"": ""nl"", ""name"": ""Nederlands""}]","[""BE""]",null
162657,I'll Wait for the Next One...,J'attendrai le suivant...,"On a subway train, a man announces that he's looking for someone who might be interested in him; the usual dating methods have not worked, though there's nothing wrong with him. He explains that any interested woman can just get off at the next stop. One woman looks interested...",Man falls in love while in a subway station.,Released,False,False,2002-07-31,4,0,0,0.4104,7.02,49,fr,,tt0325638,/iTu72Gxt4f1iqNH2bw5Qh9O9G3e.jpg,/lMeS0kh4yUSb5quGzgEl2q9gNI0.jpg,"[{""id"": 35, ""name"": ""Comedy""}, {""id"": 10749, ""name"": ""Romance""}]","[{""id"": 11902, ""logo_path"": ""/wMQ3S5V1Balc9JuG7lb9aAQExyx.png"", ""name"": ""LaBo\u00eete Films"", ""origin_country"": ""FR""}]","[{""iso_3166_1"": ""FR"", ""name"": ""France""}]","[{""english_name"": ""French"", ""iso_639_1"": ""fr"", ""name"": ""Fran\u00e7ais""}]","[""FR""]",null
162659,Primrose Hill,Primrose Hill,"On Christmas Eve, a West suburb of Paris. Stéphane, Joëlle, Xavier and Sonia (25 years old) decide to take a stroll down the big park overhanging the city of their youth, musing on pop music, their work, sex and their disappointed ambitions.",,Released,False,False,2007-01-26,57,0,0,0.245,5.6,10,fr,,tt1076847,/vdxb7949pjL3pttbLx4KfjE1lF8.jpg,/vCpwpotLviUZo1TT87GO1z1UKue.jpg,"[{""id"": 18, ""name"": ""Drama""}]","[{""id"": 42899, ""logo_path"": ""/np2ywA3ISrEwwvZxodRhwEtdWUH.png"", ""name"": ""Grande Ourse Films"", ""origin_country"": ""FR""}]","[{""iso_3166_1"": ""FR"", ""name"": ""France""}]","[{""english_name"": ""French"", ""iso_639_1"": ""fr"", ""name"": ""Fran\u00e7ais""}]","[""FR""]",null
162660,Illusions,Illusions,A woman in a Hollywood dubbing studio struggles with race and preconceptions.  The short film depicts the life of an African American woman passing as a white woman working in the film industry during the 1940s. It calls attention to the lack of African Americans in the film industry during that era.,,Released,False,False,1982-08-30,34,0,0,0.63,5.6,14,en,,tt0084120,/f7jJlhShXKs1kMs9cxMstebUrPo.jpg,/o53nqtKlH1ePdKZx0rydbd0CvBF.jpg,"[{""id"": 18, ""name"": ""Drama""}]",[],"[{""iso_3166_1"": ""US"", ""name"": ""United States of America""}]","[{""english_name"": ""English"", ""iso_639_1"": ""en"", ""name"": ""English""}]","[""US""]",null
162661,Honeymoon Trio,Honeymoon Trio,"This Educational Comedies one-reeler is all about Walter Catlett in his obnoxious mode as he somehow imposes himself completely on Al St. John and Dorothy Granger as they go on their honeymoon. Dorothy never seems to notice anything odd about this situation -- which renders it all the funnier -- while Al St. John builds up quite a head of steam in what amounts to a ten-minute slow burn, worthy of Edgar Kennedy at his best.",,Released,False,False,1931-08-29,10,0,0,0.2612,4.0,1,en,,tt0242528,,,"[{""id"": 35, ""name"": ""Comedy""}]","[{""id"": 174163, ""logo_path"": null, ""name"": ""Educational Films Corporation of America"", ""origin_country"": """"}]","[{""iso_3166_1"": ""US"", ""name"": ""United States of America""}]","[{""english_name"": ""English"", ""iso_639_1"": ""en"", ""name"": ""English""}]","[""US""]",null
162662,"On the Marriage Broker Joke as Cited by Sigmund Freud in Wit and Its Relation to the Unconscious, or Can the Avant-Garde Artist Be Wholed?","On the Marriage Broker Joke as Cited by Sigmund Freud in Wit and Its Relation to the Unconscious, or Can the Avant-Garde Artist Be Wholed?","“Freud established that jokes were structurally akin to dreams in their use of condensation, displacement, representation by opposites, punning and ‘nonsense’. All of these strategies are much in evidence in (Land’s) marvelously duplicitous ON THE MARRIAGE BROKER JOKE… [...] so clever and original a filmmaker as to make most others – not to mention his critics – seem flat-footed by comparison. ON THE MARRIAGE BROKER JOKE harks back to Bunuel’s early work. Not only is it structured like a dream and filled with sexual imagery, but like Un Chien Andalou, it smacks of being an insider’s joke played upon the avant-garde. Where Bunuel used the insights of psychoanalysis to satirize Christianity, Land– with an almost equal perversity – reverses the process and uses Christianity to send up Freud.” – J. Hoberman, American Film",,Released,False,False,1977-01-01,18,0,0,0.1243,4.9,10,en,,tt0478010,/q2ZFmNAy2qhOGp1muVPAwtnZA6Q.jpg,,[],[],"[{""iso_3166_1"": ""US"", ""name"": ""United States of America""}]","[{""english_name"": ""English"", ""iso_639_1"": ""en"", ""name"": ""English""}]","[""US""]",null
162663,Musical Justice,Musical Justice,"Rudy Vallee and His Connecticut Yankees, as judge and jury, try three musical misdemeanors; the last defendant is a live-action Betty Boop, who sings a duet with Rudy.",,Released,False,False,1931-12-25,11,0,0,0.0286,1.0,1,en,,tt0022174,/jmL2Gqew6sGwW4DwiaAKubusafc.jpg,,[],[],[],[],"[""US""]",null
162666,I Am Joaquin,I Am Joaquin,Experimental film woven around a poem about Chicano culture in the U.S.  Preserved by the Academy Film Archive in 2017.,,Released,False,False,1969-01-01,20,0,0,0.1496,5.0,6,en,,tt0215864,/q3P66G0Vu6SJlI9UkbmzzM0dLQd.jpg,,"[{""id"": 99, ""name"": ""Documentary""}]",[],[],[],"[""US""]",null
162668,I'd Climb the Highest Mountain,I'd Climb the Highest Mountain,"After some slapstick mountain climbing, the title song is sung with the Bouncing Ball, then spoofed with humorous images. All animated.",,Released,False,False,1931-03-06,7,0,0,0.0143,1.5,2,en,,tt0021990,,,"[{""id"": 16, ""name"": ""Animation""}, {""id"": 10402, ""name"": ""Music""}]","[{""id"": 8302, ""logo_path"": null, ""name"": ""Fleischer Studios"", ""origin_country"": ""US""}]","[{""iso_3166_1"": ""US"", ""name"": ""United States of America""}]",[],"[""US""]",null
162669,Elisabeth of Austria,Elisabeth von Österreich,Elisabeth of Austria is a German movie with Lil Dagover as royalty Elisabeth who has many men to choose from.,,Released,False,False,1931-07-20,84,0,0,0.6671,5.0,1,de,,tt0021835,/uQzJlibkFO4HUuqN4vbEPssPh6C.jpg,/sToJMdJAUSeYFs6SkQj1pTXiUi2.jpg,"[{""id"": 36, ""name"": ""History""}, {""id"": 18, ""name"": ""Drama""}]","[{""id"": 68898, ""logo_path"": null, ""name"": ""Gottschalk Tonfilm"", ""origin_country"": """"}]","[{""iso_3166_1"": ""DE"", ""name"": ""Germany""}]","[{""english_name"": ""German"", ""iso_639_1"": ""de"", ""name"": ""Deutsch""}]","[""DE""]",null
162671,Never Again,Nunca más,"A documentary about the struggles of Colombian peasants in the province of Chocó who are caught in the middle of an armed conflict between the military, guerrillas and other paramilitary groups.",,Released,False,False,2001-01-02,56,0,0,0.0941,8.0,2,es,,tt1708494,/k1ehZdTPRQMac6HAwOgMzY5lhmi.jpg,/7T2sFPOo2eQaNvxNSVKGOIq0EJS.jpg,"[{""id"": 99, ""name"": ""Documentary""}]","[{""id"": 202157, ""logo_path"": null, ""name"": ""Fundaci\u00f3n Cine Documental"", ""origin_country"": ""CO""}]","[{""iso_3166_1"": ""CO"", ""name"": ""Colombia""}]","[{""english_name"": ""Spanish"", ""iso_639_1"": ""es"", ""name"": ""Espa\u00f1ol""}]","[""ES""]",null
162672,Mr. Frenhofer and the Minotaur,Mr. Frenhofer and the Minotaur,"Peterson based this romantic piece on Balzac’s Le Chef-d'oeuvre inconnu and Picasso’s Minotauromachie. The film combines a story of the competition for the love of a woman with images of a young girl with a candle wandering through a corridor, a modern adaptation of the mythological Minoan labyrinths.",,Released,False,False,1949-10-07,20,0,0,0.3104,4.5,8,en,,tt0279966,,,[],"[{""id"": 123898, ""logo_path"": null, ""name"": ""Workshop 20"", ""origin_country"": """"}]","[{""iso_3166_1"": ""US"", ""name"": ""United States of America""}]","[{""english_name"": ""English"", ""iso_639_1"": ""en"", ""name"": ""English""}]","[""US""]",null
162674,Showing Off,Showing Off,"Young Scrappy tries to impress a girl by smoking a cigar made out of cabbage, but he only succeeds in accidentally swallowing the cigar and setting her panties on fire.",,Released,False,False,1931-11-15,6,0,0,0.2029,0.0,0,en,,tt0152429,/1nsxZAA2jJyvNrOk3jaYer08dhI.jpg,,"[{""id"": 16, ""name"": ""Animation""}]",[],"[{""iso_3166_1"": ""US"", ""name"": ""United States of America""}]","[{""english_name"": ""English"", ""iso_639_1"": ""en"", ""name"": ""English""}]","[""US""]",null
162676,Yodeling Yokels,Yodeling Yokels,Bosko and Honey yodel happily in the Alps until a series of disasters end with Honey rushing downriver on an ice floe.,,Released,False,False,1931-06-01,7,0,0,0.0803,4.8,12,en,,tt0022584,/qMkJQwgl1Mkd3cy2BnaznmfRP1U.jpg,,"[{""id"": 35, ""name"": ""Comedy""}, {""id"": 16, ""name"": ""Animation""}]","[{""id"": 106840, ""logo_path"": null, ""name"": ""Harman-Ising Productions"", ""origin_country"": ""US""}, {""id"": 9329, ""logo_path"": ""/aue5pVfj9TcjYEOufkcuCbAL5hE.png"", ""name"": ""The Vitaphone Corporation"", ""origin_country"": ""US""}, {""id"": 134798, ""logo_path"": null, ""name"": ""Leon Schlesinger Productions"", ""origin_country"": ""US""}]","[{""iso_3166_1"": ""US"", ""name"": ""United States of America""}]","[{""english_name"": ""English"", ""iso_639_1"": ""en"", ""name"": ""English""}]","[""US""]",null
162678,London After Midnight,London After Midnight,"A reconstruction, made from still photographs, of the lost 1927 Tod Browning film London After Midnight (1927) starring Lon Chaney.",The Man of a Thousand Faces in a great detective thriller!,Released,False,False,2002-11-01,47,0,0,0.8663,6.9,15,en,,tt0339312,/9oTvoOtAdA048U46OnbsTEfTnjz.jpg,/7a5VBhBwl9s2LVTSxeOCsrnD33H.jpg,"[{""id"": 27, ""name"": ""Horror""}, {""id"": 18, ""name"": ""Drama""}, {""id"": 10770, ""name"": ""TV Movie""}]","[{""id"": 8922, ""logo_path"": ""/yZWehAyjfKi4KvKeg1bkJ1bm5H8.png"", ""name"": ""Turner Entertainment Co."", ""origin_country"": ""US""}, {""id"": 10915, ""logo_path"": ""/9NERkCpElyvb6RWNnWp4G4XWAKa.png"", ""name"": ""Turner Classic Movies"", ""origin_country"": ""US""}]","[{""iso_3166_1"": ""US"", ""name"": ""United States of America""}]","[{""english_name"": ""No Language"", ""iso_639_1"": ""xx"", ""name"": ""No Language""}]","[""US""]",null
162679,Kitty from Kansas City,Kitty from Kansas City,"Sun bonneted Betty Boop takes a train to ""Rudy Valley"" where she gains weight and Rudy Vallee performs the title song with Bouncing Ball.",,Released,False,False,1931-11-01,8,0,0,0.4193,4.5,7,en,,tt0022031,/3IkLZ6CkjG7vAnmtHDaCKa6EBzm.jpg,/gmBztxxHZbN383VcfE91CE2XOp1.jpg,"[{""id"": 16, ""name"": ""Animation""}, {""id"": 10402, ""name"": ""Music""}, {""id"": 35, ""name"": ""Comedy""}]","[{""id"": 8302, ""logo_path"": null, ""name"": ""Fleischer Studios"", ""origin_country"": ""US""}]","[{""iso_3166_1"": ""US"", ""name"": ""United States of America""}]","[{""english_name"": ""English"", ""iso_639_1"": ""en"", ""name"": ""English""}]","[""US""]",null
162680,Nitrate Kisses,Nitrate Kisses,"Essay documentary explores eroded emulsions and images for lost vestiges of lesbian and gay culture. First feature by a pioneer of lesbian cinema, Hammer weaves gay and lesbian couples with footage that unearths the forbidden and invisible history of a marginalized people.","Gay Memories, Lost then Found, Erotic Sensibilities Wakened",Released,False,False,1992-09-12,67,0,0,0.1415,4.7,12,en,,tt0107693,/z5dy2LpDzKLYqKN3HCf3X4XZMW3.jpg,/icJsWMcYx9vckaLSiPpNaz1Yskp.jpg,"[{""id"": 99, ""name"": ""Documentary""}]",[],"[{""iso_3166_1"": ""US"", ""name"": ""United States of America""}]","[{""english_name"": ""English"", ""iso_639_1"": ""en"", ""name"": ""English""}, {""english_name"": ""French"", ""iso_639_1"": ""fr"", ""name"": ""Fran\u00e7ais""}]","[""US""]",null
162682,Rodeo Dough,Rodeo Dough,"This was a Krazy Kat cartoon made for Charles Mintz and distributed by Columbia. While the studio originally based the character on the comic strip created by George Herriman, by 1931 he was changed in design and personality to be more like Walt Disney's popular Mickey Mouse (whose cartoons, ironically, were also distributed by Columbia at the time).",,Released,False,False,1931-02-12,6,0,0,0.2449,0.0,0,en,,tt0152219,/sCw6LBrnKGEwS2XqeQHvx6kxcml.jpg,,"[{""id"": 16, ""name"": ""Animation""}]","[{""id"": 5, ""logo_path"": ""/71BqEFAF4V3qjjMPCpLuyJFB9A.png"", ""name"": ""Columbia Pictures"", ""origin_country"": ""US""}, {""id"": 125735, ""logo_path"": null, ""name"": ""Charles Mintz Productions"", ""origin_country"": ""US""}]","[{""iso_3166_1"": ""US"", ""name"": ""United States of America""}]","[{""english_name"": ""English"", ""iso_639_1"": ""en"", ""name"": ""English""}]","[""US""]",null
162683,I'm Cold,I'm Cold,"Chilly Willy is freezing in his igloo home (he lives in Coldernell, Alaska) and burning everything he owns in the fireplace to keep warm",,Released,False,False,1954-12-20,7,0,0,0.6244,7.1,14,en,,tt0047108,/u8tGMcZrJFasolT5MsBxdOeuExo.jpg,/1aHCLwTdRN37Daf2MKmM7BBwTv3.jpg,"[{""id"": 16, ""name"": ""Animation""}]","[{""id"": 8520, ""logo_path"": ""/x6HLTQILKcImVQ3GvVCwy35W5fz.png"", ""name"": ""Walter Lantz Productions"", ""origin_country"": ""US""}]","[{""iso_3166_1"": ""US"", ""name"": ""United States of America""}]","[{""english_name"": ""English"", ""iso_639_1"": ""en"", ""name"": ""English""}]","[""US""]",null
162684,The Cuckoo Murder Case,The Cuckoo Murder Case,The Cuckoo Bird residing in an old clock in a creepy old mansion is shot dead by an unknown assailant; Flip the Frog is called in to investigate (and finds more than he bargained for).,,Released,False,False,1930-10-17,8,0,0,0.1543,5.2,8,en,,tt0020798,/zhQLKpKFnMM7o1yNPZxuFxfOOQp.jpg,,"[{""id"": 9648, ""name"": ""Mystery""}, {""id"": 35, ""name"": ""Comedy""}, {""id"": 80, ""name"": ""Crime""}, {""id"": 16, ""name"": ""Animation""}]",[],"[{""iso_3166_1"": ""US"", ""name"": ""United States of America""}]","[{""english_name"": ""English"", ""iso_639_1"": ""en"", ""name"": ""English""}]","[""US""]",null
162685,Bargain Day,Bargain Day,"Wheezer and Stymie, door-to-door salesmen, meet a lonely little rich girl.",,Released,False,False,1931-05-01,20,0,0,0.4839,5.8,4,en,,tt0021640,/npMiU58Jfjj2IDNtZTCh1RWTVXb.jpg,/7XdyszMitwpABHiXu6Bm7saRl5b.jpg,"[{""id"": 35, ""name"": ""Comedy""}]",[],[],"[{""english_name"": ""English"", ""iso_639_1"": ""en"", ""name"": ""English""}]","[""US""]",null
162686,Voyage to the Sky,Voyage dans le ciel,"We begin on planet Earth, with a demonstration of measuring distances using triangulation. Then, an imaginary voyage begins from earth to the moon, on to Mars, Saturn, the closest star (besides the sun), and beyond to the edge of our universe. The film depicts imagined landscapes, and it speculates on universes beyond ours. It ends with philosophical musings about the significance of Earth.",,Released,False,False,1937-05-25,11,0,0,0.2227,6.0,21,fr,,tt0130355,/4mGKLzMuyAo3X1gBvcUFaHByLEY.jpg,,"[{""id"": 99, ""name"": ""Documentary""}, {""id"": 878, ""name"": ""Science Fiction""}]",[],"[{""iso_3166_1"": ""FR"", ""name"": ""France""}]","[{""english_name"": ""French"", ""iso_639_1"": ""fr"", ""name"": ""Fran\u00e7ais""}]","[""FR""]",null
162687,The Astor Tramp,The Astor Tramp,"""A side splitting subject, showing the mistaken tramp's arrival at the Wm. Waldorf Astor mansion and being discovered comfortably asleep in bed, by the lady of the house.""",,Released,False,False,1899-11-20,2,0,0,0.0214,4.0,5,en,,tt0262245,/m0BBnQHE5pbpJ3iAtKNnT2EWBL1.jpg,,"[{""id"": 35, ""name"": ""Comedy""}]","[{""id"": 18758, ""logo_path"": ""/fe3cMUJLhbkTM9PDxdDA8hQpAxp.png"", ""name"": ""Edison Studios"", ""origin_country"": ""US""}]","[{""iso_3166_1"": ""US"", ""name"": ""United States of America""}]","[{""english_name"": ""No Language"", ""iso_639_1"": ""xx"", ""name"": ""No Language""}]","[""US""]",null
162688,Cab Waiting,Cab Waiting,"In an erudite driver's taxi, Jack Benny shares a ride with a very pretty and delightfully flirtatious young lady.",,Released,False,False,1931-06-19,0,0,0,0.0368,0.0,0,en,,tt0021706,,,[],[],[],[],"[""US""]",null
162690,Radio Racket,Radio Racket,"The Aesop Sound Fables, while almost forgotten today, produced some of the strangest cartoons during the Depression with dream-like backgrounds, surreal imagery and some of the best cartoon scores.",,Released,False,False,1931-03-01,9,0,0,0.0311,3.0,3,en,,tt0147206,,,"[{""id"": 10402, ""name"": ""Music""}, {""id"": 35, ""name"": ""Comedy""}, {""id"": 16, ""name"": ""Animation""}]","[{""id"": 7515, ""logo_path"": null, ""name"": ""Van Beuren Studios"", ""origin_country"": ""US""}]","[{""iso_3166_1"": ""US"", ""name"": ""United States of America""}]",[],"[""US""]",null
162691,Fox Movietone News: Jenkins Orphanage Band,Fox Movietone News: Jenkins Orphanage Band,"The Jenkins Orphanage Band - comprised of young African-Americans in Charleston, South Carolin performs for the newsreel.",,Released,False,False,1928-04-29,10,0,0,0.0,4.6,13,en,,tt0392017,/qdwmVq26TYy23TohnFBcIUSCdAb.jpg,,[],[],[],[],"[""US""]",null
162692,Kentucky Belles,Kentucky Belles,Oswald the Rabbit and a horse race.,,Released,False,False,1931-09-01,6,0,0,0.0873,4.0,1,en,,tt0142430,,,"[{""id"": 16, ""name"": ""Animation""}]","[{""id"": 8520, ""logo_path"": ""/x6HLTQILKcImVQ3GvVCwy35W5fz.png"", ""name"": ""Walter Lantz Productions"", ""origin_country"": ""US""}]","[{""iso_3166_1"": ""US"", ""name"": ""United States of America""}]",[],"[""US""]",null
162693,Bosko's Fox Hunt,Bosko's Fox Hunt,"Bosko joins a wacky fox hunt. But if the hunt worries anyone, it isn't the fox.",,Released,False,False,1931-12-12,6,0,0,0.2953,5.0,9,en,,tt0021688,/j7aRymlFwdfGiccg2TTrFs7a6Si.jpg,,"[{""id"": 35, ""name"": ""Comedy""}, {""id"": 16, ""name"": ""Animation""}]","[{""id"": 8298, ""logo_path"": ""/r6cuEYq7DqrHCNVa7vSanTS0cuw.png"", ""name"": ""Warner Bros. Cartoons"", ""origin_country"": ""US""}, {""id"": 9329, ""logo_path"": ""/aue5pVfj9TcjYEOufkcuCbAL5hE.png"", ""name"": ""The Vitaphone Corporation"", ""origin_country"": ""US""}]","[{""iso_3166_1"": ""US"", ""name"": ""United States of America""}]","[{""english_name"": ""English"", ""iso_639_1"": ""en"", ""name"": ""English""}]","[""US""]",null
162694,Any Little Girl That's a Nice Little Girl,Any Little Girl That's a Nice Little Girl,A Bouncing-Ball rendition of the title song features animated cats.,,Released,False,False,1931-04-17,7,0,0,0.071,4.2,7,en,,tt0021612,/6OgNzdTj5WwZZAWZCFO9WP63sVF.jpg,,"[{""id"": 16, ""name"": ""Animation""}, {""id"": 10402, ""name"": ""Music""}, {""id"": 35, ""name"": ""Comedy""}]","[{""id"": 8302, ""logo_path"": null, ""name"": ""Fleischer Studios"", ""origin_country"": ""US""}]","[{""iso_3166_1"": ""US"", ""name"": ""United States of America""}]","[{""english_name"": ""English"", ""iso_639_1"": ""en"", ""name"": ""English""}]","[""US""]",null
162695,Africa Squeaks,Africa Squeaks,Flip the Frog is a game hunter in Africa. He has an encounter with some cannibals who take him to their king for dinner ...,,Released,False,False,1931-10-16,8,0,0,0.1108,6.0,1,en,,tt0021587,/vhsnQ2RaCq3BuqfWAhKBPEMfcaf.jpg,,"[{""id"": 16, ""name"": ""Animation""}]","[{""id"": 3197, ""logo_path"": null, ""name"": ""Celebrity Productions"", ""origin_country"": ""US""}]","[{""iso_3166_1"": ""US"", ""name"": ""United States of America""}]","[{""english_name"": ""English"", ""iso_639_1"": ""en"", ""name"": ""English""}]","[""US""]",null
162696,A Toytown Tale,A Toytown Tale,"Late night in the toy shop. The toymaker goes up to bed, leaving his wind-up policeman to guard the shop, and the other toys come to life. First order of business: throw that pesky cop into the glue pot. The wind-up soldiers march around. They pass a doll, and the lead soldier stops them so he can go woo her. He has some success, until they are threatened by an elephant; he sucks up the other soldiers, and our hero cowers in fear. Then a monkey attacks, and our soldier continues not to be brave.",,Released,False,False,1931-01-03,8,0,0,0.0402,4.2,4,en,,tt0147620,/tlnUKbSdgcTUXMgpuLIC7n5KaVN.jpg,,"[{""id"": 16, ""name"": ""Animation""}]","[{""id"": 7515, ""logo_path"": null, ""name"": ""Van Beuren Studios"", ""origin_country"": ""US""}]","[{""iso_3166_1"": ""US"", ""name"": ""United States of America""}]",[],"[""US""]",null
162698,Bare Naked Desires,Bare Naked Desires,"Misty, a call girl working at a cathouse run by Tamiko. Tamiko runs her house like a mini-dictatorship, making all the girls follow a strict set of rules: No boyfriends, no orgasms, no taking tips, etc. Misty is the top girl in the house and is making the most money. Tamiko does her best to keep Misty in line, however. Tamiko asks, sensing Misty may be thinking about starting her own house. Of course Misty denies it, but she really wants more….especially when she finds out the customers are paying $100,000 a year each in membership fees",,Released,False,False,2006-09-23,98,0,0,1.1561,4.7,6,en,,tt1212400,/qwPXrwnUiM9QuxUUZsBsr0WB9pK.jpg,,"[{""id"": 18, ""name"": ""Drama""}]","[{""id"": 15232, ""logo_path"": null, ""name"": ""MRG Entertainment"", ""origin_country"": ""US""}]","[{""iso_3166_1"": ""US"", ""name"": ""United States of America""}]","[{""english_name"": ""English"", ""iso_639_1"": ""en"", ""name"": ""English""}]","[""US""]",null
162700,Made in U.S.A.,Made in U.S.A.,"Two men from Pennsylvania give up hope in their small run down coal mining town, and head off in search of the beaches of California. The two steal cars as they travel across the USA and are joined by a wild young woman.",They hit the road in search of thrills and excitement... They got more than they bargained for...,Released,False,False,1987-10-15,82,0,0,1.351,5.6,14,en,,tt0095565,/zEfzGJXf9k8uiq82fYK7322N0Wi.jpg,/itXts0kPFiUPcdlmtWM6nGMJak6.jpg,"[{""id"": 80, ""name"": ""Crime""}, {""id"": 18, ""name"": ""Drama""}, {""id"": 12, ""name"": ""Adventure""}]","[{""id"": 484, ""logo_path"": ""/y3jYroFE9tjDTx5aSOgecXV732c.png"", ""name"": ""DEG"", ""origin_country"": ""US""}, {""id"": 16593, ""logo_path"": null, ""name"": ""Hemdale"", ""origin_country"": ""US""}]","[{""iso_3166_1"": ""US"", ""name"": ""United States of America""}]","[{""english_name"": ""English"", ""iso_639_1"": ""en"", ""name"": ""English""}, {""english_name"": ""Navajo"", ""iso_639_1"": ""nv"", ""name"": """"}]","[""US""]",null
162701,That Old Gang of Mine,That Old Gang of Mine,An alley cat pining for her tom is cheered up by a friendly mouse; the title song is presented with a Bouncing Ball. All-animated.,,Released,False,False,1931-06-10,7,0,0,0.072,1.0,1,en,,tt0022475,/6D0QShW6a6rayUnmZlSfOUEhJM1.jpg,,"[{""id"": 16, ""name"": ""Animation""}]","[{""id"": 8302, ""logo_path"": null, ""name"": ""Fleischer Studios"", ""origin_country"": ""US""}]","[{""iso_3166_1"": ""US"", ""name"": ""United States of America""}]",[],"[""US""]",null
162702,Bosko Shipwrecked!,Bosko Shipwrecked!,Bosko is shipwrecked on an island where he is chased by a lion and pursued by simian cannibals.,,Released,False,False,1931-09-19,7,0,0,0.1375,5.4,12,en,,tt0021685,/s56JVzcz1BaeJUdNpBiCwPzrEeN.jpg,,"[{""id"": 16, ""name"": ""Animation""}, {""id"": 35, ""name"": ""Comedy""}]","[{""id"": 9329, ""logo_path"": ""/aue5pVfj9TcjYEOufkcuCbAL5hE.png"", ""name"": ""The Vitaphone Corporation"", ""origin_country"": ""US""}, {""id"": 106840, ""logo_path"": null, ""name"": ""Harman-Ising Productions"", ""origin_country"": ""US""}, {""id"": 134798, ""logo_path"": null, ""name"": ""Leon Schlesinger Productions"", ""origin_country"": ""US""}]","[{""iso_3166_1"": ""US"", ""name"": ""United States of America""}]","[{""english_name"": ""English"", ""iso_639_1"": ""en"", ""name"": ""English""}]","[""US""]",null
162704,One More Time,One More Time,"Foxy the Cop is trying to enforce the law in town, but dangerous drivers and strangers who also kidnap Roxy are making this difficult.",,Released,False,False,1931-10-03,7,0,0,0.3197,5.6,18,en,,tt0022231,/6axXNBvFYoO3LYEusIk15PlS8SZ.jpg,,"[{""id"": 10402, ""name"": ""Music""}, {""id"": 16, ""name"": ""Animation""}, {""id"": 35, ""name"": ""Comedy""}]","[{""id"": 106840, ""logo_path"": null, ""name"": ""Harman-Ising Productions"", ""origin_country"": ""US""}, {""id"": 9329, ""logo_path"": ""/aue5pVfj9TcjYEOufkcuCbAL5hE.png"", ""name"": ""The Vitaphone Corporation"", ""origin_country"": ""US""}, {""id"": 134798, ""logo_path"": null, ""name"": ""Leon Schlesinger Productions"", ""origin_country"": ""US""}]","[{""iso_3166_1"": ""US"", ""name"": ""United States of America""}]","[{""english_name"": ""English"", ""iso_639_1"": ""en"", ""name"": ""English""}]","[""US""]",null
162705,Bosko's Soda Fountain,Bosko's Soda Fountain,"Bosko is a soda jerk, who gives poor service to a mouse and to his former schoolteacher. Later, he must contend with Honey's bratty Wilbur.",,Released,False,False,1931-11-14,7,0,0,0.311,4.8,10,en,,tt0021690,/xLUngR1hjGmVVbzK1PSx2KxiKpy.jpg,,"[{""id"": 35, ""name"": ""Comedy""}, {""id"": 16, ""name"": ""Animation""}]","[{""id"": 106840, ""logo_path"": null, ""name"": ""Harman-Ising Productions"", ""origin_country"": ""US""}]","[{""iso_3166_1"": ""US"", ""name"": ""United States of America""}]","[{""english_name"": ""English"", ""iso_639_1"": ""en"", ""name"": ""English""}]","[""US""]",null
162706,Red-Headed Baby,Red-Headed Baby,"The old toymaker goes to sleep, and his toys immediately come to life and sing ""Red-Headed Baby."" A red-haired baby doll begins the song. She's soon joined by her sweetheart, a toy soldier named Napoleon. A spider briefly spoils the fun when he descends upon the toys and grabs the doll. It's up to Napoleon to save her.",,Released,False,False,1931-12-26,7,0,0,0.164,5.2,10,en,,tt0022300,/9jiPUiDKOqrMDySSNkDNo6mT5x4.jpg,,"[{""id"": 10402, ""name"": ""Music""}, {""id"": 16, ""name"": ""Animation""}, {""id"": 35, ""name"": ""Comedy""}]","[{""id"": 8298, ""logo_path"": ""/r6cuEYq7DqrHCNVa7vSanTS0cuw.png"", ""name"": ""Warner Bros. Cartoons"", ""origin_country"": ""US""}]","[{""iso_3166_1"": ""US"", ""name"": ""United States of America""}]","[{""english_name"": ""English"", ""iso_639_1"": ""en"", ""name"": ""English""}]","[""US""]",null
162707,Mickey Steps Out,Mickey Steps Out,"Mickey heads over to see Minnie, but Pluto won't leave him alone. He gets there and watches through the window, standing on Pluto, while Minnie plays piano. Pluto runs off to chase a cat and leaves Mickey stuck in the window. Minnie has him in, and he dances to her playing. Pluto chases the cat into the house and causes havoc. The chase leads into the piano, where Pluto picks up the player-piano roll as an extended tail, and the destruction continues.",,Released,False,False,1931-07-06,7,0,0,0.3487,5.4,30,en,,tt0022146,/6w7lETuaYWdS7D91TQy1LY4fY6e.jpg,/cuWkS62UzAztF5raptLcfZPZmOE.jpg,"[{""id"": 16, ""name"": ""Animation""}, {""id"": 35, ""name"": ""Comedy""}]","[{""id"": 3166, ""logo_path"": ""/jmPS1qPfKnISciDF7RnUbh48jvK.png"", ""name"": ""Walt Disney Productions"", ""origin_country"": ""US""}]","[{""iso_3166_1"": ""US"", ""name"": ""United States of America""}]","[{""english_name"": ""English"", ""iso_639_1"": ""en"", ""name"": ""English""}]","[""US""]",null
162708,Hittin' the Trail for Hallelujah Land,Hittin' the Trail for Hallelujah Land,Piggy and Fluffy have adventures on a riverboat and Uncle Tom is chased by skeletons promising to take him to Hallelujah Land.,,Released,False,False,1931-11-28,7,0,0,0.8512,5.1,21,en,,tt0021964,/79OM2qBQhZM4xtI12moKkElnneE.jpg,/cjDhLIuWncYhM7ylRQ7aJHGjvpH.jpg,"[{""id"": 35, ""name"": ""Comedy""}, {""id"": 16, ""name"": ""Animation""}, {""id"": 27, ""name"": ""Horror""}]","[{""id"": 8298, ""logo_path"": ""/r6cuEYq7DqrHCNVa7vSanTS0cuw.png"", ""name"": ""Warner Bros. Cartoons"", ""origin_country"": ""US""}, {""id"": 106840, ""logo_path"": null, ""name"": ""Harman-Ising Productions"", ""origin_country"": ""US""}]","[{""iso_3166_1"": ""US"", ""name"": ""United States of America""}]","[{""english_name"": ""English"", ""iso_639_1"": ""en"", ""name"": ""English""}]","[""US""]",null
162711,Dumb Patrol,Dumb Patrol,"During the Great War, Bosko and a fearsome beast are in a dogfight. Bosko loses, but that's only the first battle.",,Released,False,False,1931-05-19,7,0,0,0.3276,6.1,8,en,,tt0021824,/zOmGdZUvczd7Mrw1tKWNcm1k0In.jpg,/xZpoxR4GaAV4p5Cpuo67HwbFrFs.jpg,"[{""id"": 35, ""name"": ""Comedy""}, {""id"": 16, ""name"": ""Animation""}]","[{""id"": 106840, ""logo_path"": null, ""name"": ""Harman-Ising Productions"", ""origin_country"": ""US""}]","[{""iso_3166_1"": ""US"", ""name"": ""United States of America""}]","[{""english_name"": ""English"", ""iso_639_1"": ""en"", ""name"": ""English""}]","[""US""]",null
162712,"Lady, Play Your Mandolin!","Lady, Play Your Mandolin!",Things are hopping at a certain Mexican cafe and then Foxy walks in and the customers go really wild.,,Released,False,False,1931-08-02,7,0,0,0.1432,6.1,19,en,,tt0022045,/e0A4bVbrgtmgQ70pecCOcXUBV74.jpg,/fv7h3DQVyrIds2Ta9qfCW2uJITo.jpg,"[{""id"": 10402, ""name"": ""Music""}, {""id"": 16, ""name"": ""Animation""}, {""id"": 35, ""name"": ""Comedy""}, {""id"": 37, ""name"": ""Western""}]","[{""id"": 9329, ""logo_path"": ""/aue5pVfj9TcjYEOufkcuCbAL5hE.png"", ""name"": ""The Vitaphone Corporation"", ""origin_country"": ""US""}, {""id"": 106840, ""logo_path"": null, ""name"": ""Harman-Ising Productions"", ""origin_country"": ""US""}, {""id"": 134798, ""logo_path"": null, ""name"": ""Leon Schlesinger Productions"", ""origin_country"": ""US""}]","[{""iso_3166_1"": ""US"", ""name"": ""United States of America""}]","[{""english_name"": ""English"", ""iso_639_1"": ""en"", ""name"": ""English""}]","[""US""]",null
162714,Movie Mad,Movie Mad,"FLIP THE FROG, who is basically a walking, talking, white glove, bow- tie & short-pants wearing little black frog. In this outing, Flip is introduced to us as he is reading up on how to become a movie director, which essentially comes down to dressing up like Charlie Chaplin!",,Released,False,False,1931-08-28,7,0,0,0.1922,6.4,5,en,,tt0148499,/peNmVLlhQtyzzulpE32QIrNBtWN.jpg,,"[{""id"": 16, ""name"": ""Animation""}]","[{""id"": 3197, ""logo_path"": null, ""name"": ""Celebrity Productions"", ""origin_country"": ""US""}]","[{""iso_3166_1"": ""US"", ""name"": ""United States of America""}]","[{""english_name"": ""English"", ""iso_639_1"": ""en"", ""name"": ""English""}]","[""US""]",null
162715,Twenty Legs Under the Sea,Twenty Legs Under the Sea,"Bimbo is out on the ocean, fishing in a lifeboat, when he catches a big one -- or it catches him and drags him down to the bottom of the ocean.",,Released,False,False,1931-06-05,6,0,0,0.0281,7.0,2,en,,tt0022510,/66eRP5NYlnpc2uu6nisu3YqdqCo.jpg,,"[{""id"": 16, ""name"": ""Animation""}]","[{""id"": 8302, ""logo_path"": null, ""name"": ""Fleischer Studios"", ""origin_country"": ""US""}]","[{""iso_3166_1"": ""US"", ""name"": ""United States of America""}]",[],"[""US""]",null
162716,Bric a Brac and Company,Bric-à-brac et compagnie,"If Fernandel did not appear in a supporting part ,another short (by E.Chotin who made dozens of them)which would not have been restored.But Fernandel is here ,playing a street pedlar selling luxury (sic) clothes on the flea market with a gorgeous girl as a model.This is a rather desultory script but Fernandel's presence makes the short worthwhile.He sings one song: ""le Père Lapuce"". A wealthy antique dealer, having started in the flea market in the past, settles his son there, an unrepentant nuke, to teach him how to work. There he meets a treasure: his future wife.",,Released,False,False,1931-04-14,48,0,0,0.327,4.8,5,fr,,tt0182855,/bZQQ1Ws5Uw8tVzLYR87c0LfR7Bh.jpg,/7sUiHSNaKWWq2F8ktMabEEhphQh.jpg,"[{""id"": 10749, ""name"": ""Romance""}, {""id"": 35, ""name"": ""Comedy""}]",[],[],"[{""english_name"": ""French"", ""iso_639_1"": ""fr"", ""name"": ""Fran\u00e7ais""}]","[""FR""]",null
162717,The Village Specialist,The Village Specialist,"This cartoon about how Flip, the village handyman gets called in to deal with a piece of plumbing that won't stop leaking is well constructed, paced and drawn -- the Rube Goldberg pipes in the cellar are quite a sight.",,Released,False,False,1931-09-12,6,0,0,0.0717,5.0,1,en,,tt0022538,/4zt253uWtVaSDvDdphsENJoUSIh.jpg,,"[{""id"": 16, ""name"": ""Animation""}]","[{""id"": 3197, ""logo_path"": null, ""name"": ""Celebrity Productions"", ""origin_country"": ""US""}]","[{""iso_3166_1"": ""US"", ""name"": ""United States of America""}]","[{""english_name"": ""English"", ""iso_639_1"": ""en"", ""name"": ""English""}]","[""US""]",null
162718,The Village Smitty,The Village Smitty,"When a cat's horse throws a shoe while pulling her carriage, she enlists in the help of a blacksmith in re-shoeing her horse.",,Released,False,False,1931-01-30,7,0,0,0.125,5.0,1,en,,tt0149335,/dkS8WEVIVOQ0DNozV5rV4jSw7Tj.jpg,,"[{""id"": 16, ""name"": ""Animation""}]","[{""id"": 3197, ""logo_path"": null, ""name"": ""Celebrity Productions"", ""origin_country"": ""US""}, {""id"": 98051, ""logo_path"": null, ""name"": ""Ub Iwerks Studio"", ""origin_country"": """"}]","[{""iso_3166_1"": ""US"", ""name"": ""United States of America""}]","[{""english_name"": ""English"", ""iso_639_1"": ""en"", ""name"": ""English""}]","[""US""]",null
162719,The Tree's Knees,The Tree's Knees,Bosko the woodsman spurns cutting down trees and plays music instead. The trees and animals dance and make their own music.,,Released,False,False,1931-08-01,7,0,0,0.2567,4.8,10,en,,tt0022506,/4ykdLoG8p1VDQOt3nIQwhBqPFg9.jpg,,"[{""id"": 35, ""name"": ""Comedy""}, {""id"": 16, ""name"": ""Animation""}]","[{""id"": 106840, ""logo_path"": null, ""name"": ""Harman-Ising Productions"", ""origin_country"": ""US""}, {""id"": 9329, ""logo_path"": ""/aue5pVfj9TcjYEOufkcuCbAL5hE.png"", ""name"": ""The Vitaphone Corporation"", ""origin_country"": ""US""}, {""id"": 134798, ""logo_path"": null, ""name"": ""Leon Schlesinger Productions"", ""origin_country"": ""US""}]","[{""iso_3166_1"": ""US"", ""name"": ""United States of America""}]","[{""english_name"": ""English"", ""iso_639_1"": ""en"", ""name"": ""English""}]","[""US""]",null
162720,The Antique Shop,The Antique Shop,George is distracted from buying a statue by scatterbrained Gracie.,,Released,False,False,1931-03-06,9,0,0,0.0979,1.0,1,en,,tt0021611,/1edkhpJTwqTJxldrXeBwiEoBnkv.jpg,,"[{""id"": 35, ""name"": ""Comedy""}]",[],[],[],"[""US""]",null
162722,Big Ears,Big Ears,Wheezer pretends to be sick in order to get his parents to stop fighting.,,Released,False,False,1931-08-28,21,0,0,0.7303,4.7,3,en,,tt0021658,/enWa4mAZjfXOTibZNydzOMPY8SU.jpg,/yQsJlQoUE63MTxipJKoF4qgNApA.jpg,"[{""id"": 35, ""name"": ""Comedy""}]",[],[],"[{""english_name"": ""English"", ""iso_639_1"": ""en"", ""name"": ""English""}]","[""US""]",null
162723,In Spring,Навесні,"Kyiv, 1929. Shots of the city as it wakes up... its awakening echoes with the lyrical pictures of the rebirth of nature. Kaufman’s attentive camera pauses for a long time on the smiling faces of children, painting a lyrical picture, a confession of love for Kyiv.",,Released,False,False,1929-10-25,54,0,0,0.1525,6.5,12,uk,https://vufku.org/found/navesni/,tt0226590,/eQC7K63ez8MaotarWsJPtj5F0VQ.jpg,/pBoZpe3oWzXql6iYw8S3zDD2nII.jpg,"[{""id"": 99, ""name"": ""Documentary""}]","[{""id"": 25065, ""logo_path"": ""/ugfX3cgasxoDtUjkmWqlthK4hja.png"", ""name"": ""VUFKU"", ""origin_country"": ""SU""}]","[{""iso_3166_1"": ""SU"", ""name"": ""Soviet Union""}]","[{""english_name"": ""No Language"", ""iso_639_1"": ""xx"", ""name"": ""No Language""}]","[""SU""]",null
162724,The High School Hoofer,The High School Hoofer,"Leroy's dance is an eccentric one performed to the tune ""Dinah"", played to a fast, jazzy beat, and his feet certainly keep up. More than that, while he is dancing, he looks like a John Held Jr. cartoon from the New Yorker, a young sheik who wears clothes in a manner than makes him look like he is posing languidly at an absurd angle, even while he is moving fast. There are a couple of cuts to focus on his feet, and he is very good.",,Released,False,False,1931-12-14,10,0,0,0.1387,5.0,1,en,,tt1816674,,,[],[],[],[],"[""US""]",null
162726,Little Annie Rooney,Little Annie Rooney,"Features a short screen song about a fictional character called little Annie Rooney, this version is the Fleischer studios version the voice of little annie rooney is done by little ann little. Betty Boop makes a cameo appearance as a stature figure &amp; she wears the same hat as little annie rooney. This cartoon has a similarity to Betty Boop's Birthday, which was released in (1933) One of the same Quotes were used for both cartoons,(Oh I'm So Happy) Also the music is alike.",,Released,False,False,1931-10-09,7,0,0,0.0977,1.0,1,en,,tt0022082,/iM2Bg0p3BEDYtuEByzEZ3lVqoWd.jpg,,"[{""id"": 16, ""name"": ""Animation""}]","[{""id"": 8302, ""logo_path"": null, ""name"": ""Fleischer Studios"", ""origin_country"": ""US""}]","[{""iso_3166_1"": ""US"", ""name"": ""United States of America""}]",[],"[""US""]",null
162728,Jail Birds,Jail Birds,"Flip is a jail warden who has to deal with an escaped convict. Working with his horse, who seems almost as intelligent as he is, it has some amazing moments. Look in the background for two goats playing horseshoes, using their wooden legs as the pegs- not quite politically correct today. It even includes a scene where the convict is hiding as a store dummy, a routine lifted from Buster Keaton, and later used by the Three Stooges, although not quite as ""rubbery"" as Flip does it.",,Released,False,False,1931-09-22,8,0,0,0.1581,6.0,1,en,,tt0022011,/4zt253uWtVaSDvDdphsENJoUSIh.jpg,,"[{""id"": 16, ""name"": ""Animation""}]","[{""id"": 98051, ""logo_path"": null, ""name"": ""Ub Iwerks Studio"", ""origin_country"": """"}, {""id"": 3197, ""logo_path"": null, ""name"": ""Celebrity Productions"", ""origin_country"": ""US""}]","[{""iso_3166_1"": ""US"", ""name"": ""United States of America""}]","[{""english_name"": ""English"", ""iso_639_1"": ""en"", ""name"": ""English""}]","[""US""]",null
162729,Fly My Kite,Fly My Kite,A greedy man tries to get rid of his mother by putting her in an old folks home until he discovers she has a fortune in stock certificates.,,Released,False,False,1931-05-30,21,0,0,0.3252,6.6,8,en,,tt0021878,/cPcqy8jqwIEdun5RSChwM4KzFWo.jpg,/wjXG0Lml0QZMrzkzGfXKRKHVYut.jpg,"[{""id"": 35, ""name"": ""Comedy""}]","[{""id"": 2159, ""logo_path"": null, ""name"": ""Hal Roach Studios"", ""origin_country"": ""US""}]","[{""iso_3166_1"": ""US"", ""name"": ""United States of America""}]","[{""english_name"": ""English"", ""iso_639_1"": ""en"", ""name"": ""English""}]","[""US""]","{""id"": 563999, ""name"": ""Our Gang: The MGM talkies (1929-1938)"", ""poster_path"": ""/5VNIKJHZsOAQBCrlQqGa2ctNv6X.jpg"", ""backdrop_path"": ""/q03jaa9TZea4a85AidDYm6KKidN.jpg""}"
162730,Mask-A-Raid,Mask-A-Raid,"Betty Boop is queen of the Masquerade Ball where, among other antics, Bimbo and a lecherous old man vie for her affections.",,Released,False,False,1931-11-06,7,0,0,0.0999,6.1,9,en,,tt0022127,/fLxwGPKwQaTl6akuevnT3VGaP5Y.jpg,/b9sXpvXDJ7uOf39gjWSZxs1tjfB.jpg,"[{""id"": 16, ""name"": ""Animation""}]","[{""id"": 8302, ""logo_path"": null, ""name"": ""Fleischer Studios"", ""origin_country"": ""US""}]","[{""iso_3166_1"": ""US"", ""name"": ""United States of America""}]","[{""english_name"": ""English"", ""iso_639_1"": ""en"", ""name"": ""English""}]","[""US""]",null
162732,Little Daddy,Little Daddy,Farina plans a going-away party for Stymie as authorities prepare to place him in an orphanage.,,Released,False,False,1931-03-28,21,0,0,0.4498,6.7,8,en,,tt0022083,/dfZcUUs8sms6Xdag4lkDU5c3lJO.jpg,/euuNkWdcL8coRbNn4px2XBu2pHm.jpg,"[{""id"": 35, ""name"": ""Comedy""}]","[{""id"": 2159, ""logo_path"": null, ""name"": ""Hal Roach Studios"", ""origin_country"": ""US""}]","[{""iso_3166_1"": ""US"", ""name"": ""United States of America""}]","[{""english_name"": ""English"", ""iso_639_1"": ""en"", ""name"": ""English""}]","[""US""]",null
162733,Sunday Clothes,Sunday Clothes,"In this one, the boy character is getting ready to go to Sunday school with his dog. On the way, he encounters bullies not to mention a stereotypical Italian in a manhole.",,Released,False,False,1931-09-23,7,0,0,0.124,5.0,1,en,,tt0152653,/mUpDUbj34YThhy138DRDDCDJVn7.jpg,,"[{""id"": 16, ""name"": ""Animation""}]",[],"[{""iso_3166_1"": ""US"", ""name"": ""United States of America""}]","[{""english_name"": ""English"", ""iso_639_1"": ""en"", ""name"": ""English""}]","[""US""]",null
162734,Doctors' Wives,Doctors' Wives,"The trials of being a doctor's wife are presented in this drama. The story centers upon the problematic marriage of one couple. Their troubles begin when the doctor makes a housecall to a seductive woman with designs upon him. His suspicious wife follows him and spies on him. She thinks they are getting romantic when he is actually trying to extricate himself from his predatory patient. She decides to get revenge with his best friend, but nothing happens.",Is Every Doctor's Wife Jealous of Her Husband's Pretty Patients?,Released,False,False,1931-03-14,80,0,0,0.6644,0.0,1,en,,tt0021804,/nkUXw9QtDOtyTz5u4LVOzLCrFXc.jpg,/m88LUc0EwixoLhs2kiyuIW768qX.jpg,"[{""id"": 18, ""name"": ""Drama""}]","[{""id"": 5488, ""logo_path"": ""/3O2mAL8Z32SbKtQK7h9ePZjtzSu.png"", ""name"": ""Fox Film Corporation"", ""origin_country"": ""US""}]","[{""iso_3166_1"": ""US"", ""name"": ""United States of America""}]","[{""english_name"": ""English"", ""iso_639_1"": ""en"", ""name"": ""English""}]","[""US""]",null
162736,Ups 'n Downs,Ups 'n Downs,Bosko runs a hot dog stand at an amusement park; but Bosko sneaks away to the racetrack to ride his mechanical horse.,,Released,False,False,1931-03-02,7,0,0,0.2077,5.1,12,en,,tt0022528,/34Anh5XeADU46T9eXuTBjhC4H1N.jpg,,"[{""id"": 35, ""name"": ""Comedy""}, {""id"": 16, ""name"": ""Animation""}]","[{""id"": 106840, ""logo_path"": null, ""name"": ""Harman-Ising Productions"", ""origin_country"": ""US""}, {""id"": 9329, ""logo_path"": ""/aue5pVfj9TcjYEOufkcuCbAL5hE.png"", ""name"": ""The Vitaphone Corporation"", ""origin_country"": ""US""}, {""id"": 134798, ""logo_path"": null, ""name"": ""Leon Schlesinger Productions"", ""origin_country"": ""US""}]","[{""iso_3166_1"": ""US"", ""name"": ""United States of America""}]","[{""english_name"": ""English"", ""iso_639_1"": ""en"", ""name"": ""English""}]","[""US""]",null
162737,"Once Over, Light","Once Over, Light","In the barbershop, a costumer contends with a barber hard-selling hair tonic, an obnoxious customer with a theory about World War I, and a dizzy manicurist (Grace) who engages him in typically crazy conversation.",,Released,False,False,1931-05-22,10,0,0,0.6672,7.0,1,en,,tt0022225,/8ZtKFvseRExEA6McqUE8Ch2xzN9.jpg,,"[{""id"": 35, ""name"": ""Comedy""}]",[],[],[],"[""US""]",null
162738,The Bum Bandit,The Bum Bandit,"Masked bandit Bimbo holds up a train carrying someone tougher… Betty Boop (with dog's ears), played by a different, deeper-voiced actress.",,Released,False,False,1931-04-03,6,0,0,0.1126,4.7,9,en,,tt0021701,/nm3mAx9nMXcmuy6MUM2qCBLuocb.jpg,/d1dyvUdyBkWTSwoRy8MD39sc8c9.jpg,"[{""id"": 35, ""name"": ""Comedy""}, {""id"": 16, ""name"": ""Animation""}, {""id"": 10402, ""name"": ""Music""}, {""id"": 80, ""name"": ""Crime""}]","[{""id"": 8302, ""logo_path"": null, ""name"": ""Fleischer Studios"", ""origin_country"": ""US""}]","[{""iso_3166_1"": ""US"", ""name"": ""United States of America""}]","[{""english_name"": ""English"", ""iso_639_1"": ""en"", ""name"": ""English""}]","[""US""]",null
162741,And Quiet Flows the Don,Тихий Дон,"The first screen adaptation of an epic Russian novel about a village of Cossacks on the Don River, covering the last days of peace on the riverside before the beginning of the First World War.",,Released,False,False,1931-05-14,87,0,0,0.4852,4.9,7,ru,,tt0021476,/nmwh2O0liormDDbHL8j5mSU7o5p.jpg,,"[{""id"": 18, ""name"": ""Drama""}, {""id"": 36, ""name"": ""History""}]","[{""id"": 114474, ""logo_path"": null, ""name"": ""Soyuzkino"", ""origin_country"": ""SU""}]","[{""iso_3166_1"": ""SU"", ""name"": ""Soviet Union""}]","[{""english_name"": ""No Language"", ""iso_639_1"": ""xx"", ""name"": ""No Language""}]","[""SU""]",null
162743,Laughing Gas,Laughing Gas,Flip is a dentist. A walrus in the waiting room is apprehensive when he hears the screams of earlier patients...,,Released,False,False,1931-03-13,6,0,0,0.0379,7.0,2,en,,tt0022057,/gCVbOHwKNpQ8ulwc4gAEt4DOXir.jpg,,"[{""id"": 16, ""name"": ""Animation""}]","[{""id"": 3197, ""logo_path"": null, ""name"": ""Celebrity Productions"", ""origin_country"": ""US""}]","[{""iso_3166_1"": ""US"", ""name"": ""United States of America""}]","[{""english_name"": ""English"", ""iso_639_1"": ""en"", ""name"": ""English""}]","[""US""]",null
162744,The Wall Street Mystery,The Wall Street Mystery,"When the apparent murder of two stockbrokers are discovered in their Wall Street office. Police Inspector Crane summons forensic expert Dr. Crabtree to the crime scene. A beautiful woman found in the closet, a frightened African-American elevator operator, and a suspicious business associate are among the witnesses questioned.",,Released,False,False,1931-11-04,17,0,0,0.169,6.0,4,en,,tt0021530,/1K60PlRbzDiYYgnQi91G7ermwdm.jpg,/jRc3pQjXTlbtQ5hmr3zoWZOmrGQ.jpg,"[{""id"": 9648, ""name"": ""Mystery""}, {""id"": 35, ""name"": ""Comedy""}]","[{""id"": 174, ""logo_path"": ""/zhD3hhtKB5qyv7ZeL4uLpNxgMVU.png"", ""name"": ""Warner Bros. Pictures"", ""origin_country"": ""US""}]","[{""iso_3166_1"": ""US"", ""name"": ""United States of America""}]","[{""english_name"": ""English"", ""iso_639_1"": ""en"", ""name"": ""English""}]","[""US""]",null
162745,L'italiana in Algeri,L'italiana in Algeri,"L'ITALIANA IN ALGERI is an operatic dramma giocoso in two acts by Gioachino Rossini to an Italian libretto by Angelo Anelli. Rossini composed L'italiana in Algeri when he was 21 in either 18 or 27 days, depending on which source one believes (Rossini, not surprisingly, pegged it at 18). It premiered at the Teatro San Benedetto in Venice on 22 May 1813. The music is characteristic of Rossini's style, remarkable for its fusion of sustained, manic energy with elegant, pristine melodies.  The plot, in brief: Isabella’s lover Lindoro has been kidnapped, and in her search for him she is shipwrecked and taken captive by Mustafa, Bey of Algiers. To her amazement and delight, she finds Lindoro among the Bey’s prisoners. Isabella hatches a plot that involves flirtation and stealth, and together she and Lindoro escape.  Marilyn Horne, Pablo Montarsolo, Douglas Ahistedt, and Allan Monk star in this legendary Metropolitan Opera production conducted by James Levine.",,Released,False,True,1986-01-30,150,0,0,0.411,10.0,1,it,,tt1214968,/jlD2xncpIFxej22RAgVgQlYg6AQ.jpg,,"[{""id"": 10402, ""name"": ""Music""}]","[{""id"": 15005, ""logo_path"": null, ""name"": ""The Metropolitan Opera"", ""origin_country"": ""US""}]","[{""iso_3166_1"": ""US"", ""name"": ""United States of America""}]","[{""english_name"": ""Italian"", ""iso_639_1"": ""it"", ""name"": ""Italiano""}]","[""IT""]",null
162746,Danses espagnoles,Danses espagnoles,"Carmencita Garcia, a Spanish flamenco dancer, performs two dances.",,Released,False,False,1928-04-29,7,0,0,0.0239,5.8,8,fr,,tt0132076,/xf1QbNlwNhLFciAucxJh4mC6dad.jpg,,"[{""id"": 10402, ""name"": ""Music""}]",[],"[{""iso_3166_1"": ""FR"", ""name"": ""France""}]","[{""english_name"": ""No Language"", ""iso_639_1"": ""xx"", ""name"": ""No Language""}]","[""FR""]",null
162747,So Quiet on the Canine Front,So Quiet on the Canine Front,"During anatomy class, students learn that war has broken out. Several enlist and are sent to Camp Poodle, for rookie training. At first the constant shelling bothers them, but within a week they are veterans, unfazed. Barker sort of volunteers to parachute behind enemy lines disguised as a nurse to get the enemy's troop movements. He's captured and sentenced to die, so his mates in the Airdale Army attempt a rescue. Will they succeed?",,Released,False,False,1931-01-31,16,0,0,1.1927,7.0,1,en,,tt0216533,/iIeOcwDKwA2FhvNlj1vD5W4ChVi.jpg,,"[{""id"": 35, ""name"": ""Comedy""}]","[{""id"": 21, ""logo_path"": ""/usUnaYV6hQnlVAXP6r4HwrlLFPG.png"", ""name"": ""Metro-Goldwyn-Mayer"", ""origin_country"": ""US""}]","[{""iso_3166_1"": ""US"", ""name"": ""United States of America""}]","[{""english_name"": ""English"", ""iso_639_1"": ""en"", ""name"": ""English""}]","[""US""]","{""id"": 1380450, ""name"": ""Dogville Shorts Collection"", ""poster_path"": ""/5zCCySpBbp8HVBwUCfTu2kV3sBr.jpg"", ""backdrop_path"": ""/hm9HUQcurxCjycHc160wxe1aHEY.jpg""}"
162749,Invisible Ink,Invisible Ink,"Koko The Clown continually interrupts an animator, who turns his attention to trapping the clown.",,Released,False,False,1921-12-03,8,0,0,0.0404,6.8,27,en,,tt0012320,/8qZFjysDuCckYwpFp9VziV8SXfT.jpg,/bP7jMikRUX5s1vA17yQ8AGtT16g.jpg,"[{""id"": 35, ""name"": ""Comedy""}, {""id"": 16, ""name"": ""Animation""}]","[{""id"": 40656, ""logo_path"": null, ""name"": ""Out of the Inkwell Films"", ""origin_country"": """"}]","[{""iso_3166_1"": ""US"", ""name"": ""United States of America""}]","[{""english_name"": ""No Language"", ""iso_639_1"": ""xx"", ""name"": ""No Language""}]","[""US""]",null
162750,Tree Saps,Tree Saps,A series of blackout gags organized around a lumber camp.,,Released,False,False,1931-02-20,7,0,0,0.0534,1.0,1,en,,tt0022505,/pVvIAhe6fGj5RYw2ANRH2dqlhhz.jpg,,"[{""id"": 35, ""name"": ""Comedy""}, {""id"": 16, ""name"": ""Animation""}]","[{""id"": 8302, ""logo_path"": null, ""name"": ""Fleischer Studios"", ""origin_country"": ""US""}]","[{""iso_3166_1"": ""US"", ""name"": ""United States of America""}]",[],"[""US""]",null
162751,Those Who Worry,Celles qui s'en font,"A destitute, drunk woman appears to yearn for the life of a streetwalker.",,Released,False,False,1930-07-29,6,0,0,0.0214,6.3,14,fr,,tt0132024,/zRA4vkb9XgzaOp48s3YknBe4uI6.jpg,/iaJ9KaSpXyylxXOd8T0qqZ2jzYL.jpg,"[{""id"": 10402, ""name"": ""Music""}, {""id"": 18, ""name"": ""Drama""}]","[{""id"": 71995, ""logo_path"": null, ""name"": ""Isis Films"", ""origin_country"": ""FR""}]","[{""iso_3166_1"": ""FR"", ""name"": ""France""}]","[{""english_name"": ""No Language"", ""iso_639_1"": ""xx"", ""name"": ""No Language""}]","[""FR""]",null
162752,Before We Fall in Love Again,念你如昔,It has been a month Chang's wife Ling Yue has been missing. With no reasons one fine day she went to work as usual and then never returns. No one knows where she went or what had happened to her. Chang could not figure out why she disappears out of the sudden. She left no message of whatever kind or clues. One day a man named Tong shows up and claims to be Ling Yues lover. Apparently Tong is looking for Ling Yue too. In a turn of event both men formed an uneasy alliance in order to find Ling Yue,,Released,False,False,2006-04-03,99,0,0,0.1769,5.0,3,zh,https://www.doghouse73pictures.tv/post/before-we-fall-in-love-again-%E5%BF%B5%E4%BD%A0%E5%A6%82%E6%98%94,tt0877327,/iacVaS79sxq9INSDxVm0sEiIvyO.jpg,,"[{""id"": 18, ""name"": ""Drama""}]","[{""id"": 33521, ""logo_path"": ""/e306zQJWEbMegODEB0cRJHIfaLT.png"", ""name"": ""Da Huang Pictures"", ""origin_country"": ""MY""}]","[{""iso_3166_1"": ""MY"", ""name"": ""Malaysia""}]","[{""english_name"": ""Mandarin"", ""iso_639_1"": ""zh"", ""name"": ""\u666e\u901a\u8bdd""}]","[""MY""]",null
162753,Helping Grandma,Helping Grandma,"The kids' adopted grandma decides to sell her store, but can't decide whom to sell it to. The kids try to help her out.",,Released,False,False,1931-01-03,21,0,0,0.2423,6.6,8,en,,tt0021951,/fXbpPvjxiTkk3lTghG0BAXm3uej.jpg,/rwibCiTPoyLFtu7pfkihwgOJVf0.jpg,"[{""id"": 35, ""name"": ""Comedy""}]","[{""id"": 2159, ""logo_path"": null, ""name"": ""Hal Roach Studios"", ""origin_country"": ""US""}]","[{""iso_3166_1"": ""US"", ""name"": ""United States of America""}]","[{""english_name"": ""English"", ""iso_639_1"": ""en"", ""name"": ""English""}]","[""US""]",null
162755,Blackbird,Le merle,"To the tune of a classic French-Canadian nonsense song,  surreal blackbird made of lines loses body parts and gets them back threefold.",,Released,False,False,1958-12-01,4,0,0,0.0214,6.2,21,fr,,tt0051923,,,"[{""id"": 16, ""name"": ""Animation""}, {""id"": 10402, ""name"": ""Music""}]","[{""id"": 10473, ""logo_path"": ""/lMUDQZVtg8On4PAW5XFQPaQy6UK.png"", ""name"": ""ONF | NFB"", ""origin_country"": ""CA""}]","[{""iso_3166_1"": ""CA"", ""name"": ""Canada""}]","[{""english_name"": ""French"", ""iso_639_1"": ""fr"", ""name"": ""Fran\u00e7ais""}]","[""CA"", ""FR""]",null
162756,Think of Me First as a Person,Think of Me First as a Person,"Documentary film and home movie about Dwight Core, Jr., a boy with Down syndrome. The footage was originally shot throughout the 1960s and 1970s by Core's father, Dwight Core, Sr. The footage was later discovered and completed by the filmmaker's grandson, George Ingmire.",,Released,False,False,1975-01-01,9,0,0,0.1704,5.9,10,en,,tt0929482,/gWPKscqgy2ni5hRc6uVwxr2Tfj6.jpg,,"[{""id"": 99, ""name"": ""Documentary""}]",[],"[{""iso_3166_1"": ""US"", ""name"": ""United States of America""}]","[{""english_name"": ""English"", ""iso_639_1"": ""en"", ""name"": ""English""}]","[""US""]",null
162757,A British Picture: Portrait of an Enfant Terrible,A British Picture: Portrait of an Enfant Terrible,"The updated autobiography of Britain’s most controversial film director, the maker of Women in Love, The Devils, The Music Lovers, Tommy and The Rainbow, is as unconventional and brilliant as his best films.  Moving with astonishing assurance through time and space, Russell recreates his life in a series of interconnected episodes – his thirties childhood in Southampton, his first sexual experience (watching Disney’s Pinocchio), his schooldays at the Nautical College, Pangbourne, early careers in the Merchant Marine and the Royal Air Force, dancing days at the Shepherds Bush Ballet Club and of course his career as a film-maker, beginning with an extraordinary interview with Huw Weldon for a job on Monitor.  Full of marvellously funny anecdotes and fascinating insights into the realities of the film director's life, A British Picture is a remarkable autobiography.",Portrait of an Enfant Terrible,Released,False,False,1989-03-20,50,0,0,0.3616,5.8,7,en,,tt0096982,/dhO2vBiC7uJ4xpP6EQM1fhMebTt.jpg,,"[{""id"": 99, ""name"": ""Documentary""}]","[{""id"": 6197, ""logo_path"": ""/6LFn6YTFLtqNFkWw85csFErB2dv.png"", ""name"": ""LWT"", ""origin_country"": ""GB""}]","[{""iso_3166_1"": ""GB"", ""name"": ""United Kingdom""}]","[{""english_name"": ""English"", ""iso_639_1"": ""en"", ""name"": ""English""}]","[""GB""]",null
162759,Red Riding Hood,Red Riding Hood,"Some ""jazz tonic"" restores Grandma's youth. When the Big Bad Wolf pays a visit, he and Grandma decide to marry on the spot; but Little Red Riding Hood finds a way to stop the wedding.",,Released,False,False,1931-01-17,8,0,0,0.0662,6.0,3,en,,tt0022301,/tbVGYgWsW0VZAh4AqotmTv1ua37.jpg,,"[{""id"": 10749, ""name"": ""Romance""}, {""id"": 35, ""name"": ""Comedy""}, {""id"": 16, ""name"": ""Animation""}]",[],"[{""iso_3166_1"": ""US"", ""name"": ""United States of America""}]",[],"[""US""]",null
162761,Domingo,Domingo,The story of a couple's nice Sunday picnic that turns into science fiction in the blink of an eye.,,Released,False,False,2007-03-07,4,0,0,0.297,5.2,9,es,,tt1318057,/aO44eMnpH52rglUR06tNQkPXEYB.jpg,,"[{""id"": 10749, ""name"": ""Romance""}, {""id"": 878, ""name"": ""Science Fiction""}, {""id"": 35, ""name"": ""Comedy""}]","[{""id"": 10086, ""logo_path"": null, ""name"": ""Ars\u00e9nico Producciones"", ""origin_country"": """"}]","[{""iso_3166_1"": ""ES"", ""name"": ""Spain""}]","[{""english_name"": ""Spanish"", ""iso_639_1"": ""es"", ""name"": ""Espa\u00f1ol""}]","[""ES""]",null
162762,The Bat,かうもり,"Once upon a time, the birds and the beasts fought each other in a war. It was a terrible conflict, and the clever bats would side with the birds when the birds were looking victorious, and then they would become allies of the beasts when that side was winning battles. At last the war came to an end, the two parties reached an amicable settlement, and a great party of friendship was held. But when it came to the turn of the bats to perform in the program, their fence-straddling tactics were exposed, and everyone refused to associate with them. Since that time, the bats have been too ashamed to show their faces during the day, coming out only at night to flit silently around.",,Released,False,False,1930-05-12,10,0,0,0.1697,5.4,7,ja,,tt0418862,,,"[{""id"": 16, ""name"": ""Animation""}]","[{""id"": 34465, ""logo_path"": null, ""name"": ""Yokohama Cinema Shokai"", ""origin_country"": ""JP""}]","[{""iso_3166_1"": ""JP"", ""name"": ""Japan""}]","[{""english_name"": ""Japanese"", ""iso_639_1"": ""ja"", ""name"": ""\u65e5\u672c\u8a9e""}]","[""JP""]",null
162764,Pineapple,Ananas,Documentary about the process canned pineapple takes from cultivation to sale.,,Released,False,False,1984-01-01,76,0,0,0.1015,5.0,3,fr,,tt0166979,,,"[{""id"": 99, ""name"": ""Documentary""}]",[],[],"[{""english_name"": ""French"", ""iso_639_1"": ""fr"", ""name"": ""Fran\u00e7ais""}]","[""FR""]",null
162765,La Cabale des oursins,La Cabale des oursins,A travelogue of abandoned strip mining sites in France extolling their potential for recreational use.,,Released,False,False,1992-02-14,17,0,0,0.2507,5.5,11,fr,,tt0101528,/GA4JmrW7pobnFYxLNmCfyt1K3n.jpg,/37ug59SvnJh1GwAY2U7qVR7Xyp5.jpg,"[{""id"": 99, ""name"": ""Documentary""}, {""id"": 35, ""name"": ""Comedy""}]","[{""id"": 76921, ""logo_path"": ""/dkPpGhEL2uQ5bmNDAqSZRFp894g.png"", ""name"": ""Les Films d'Ici"", ""origin_country"": ""FR""}]","[{""iso_3166_1"": ""FR"", ""name"": ""France""}]","[{""english_name"": ""French"", ""iso_639_1"": ""fr"", ""name"": ""Fran\u00e7ais""}]","[""FR""]",null
162767,Serpentine Dance,Danse serpentine,"Angelic and demonic serpentine dance from dawn of cinema.  Hand-colored frame by frame. Lumière no. 765 or 765.1 (colorized, different dancer?).",,Released,False,False,1897-12-31,1,0,0,0.0533,6.5,75,fr,,tt1219047,/umI8go82CGenKJGMca4zkm8DvWV.jpg,/bAssPWtifLHEb0H0vLq8LMGp68c.jpg,"[{""id"": 99, ""name"": ""Documentary""}]","[{""id"": 11793, ""logo_path"": null, ""name"": ""Lumi\u00e8re"", ""origin_country"": ""FR""}]","[{""iso_3166_1"": ""FR"", ""name"": ""France""}]","[{""english_name"": ""No Language"", ""iso_639_1"": ""xx"", ""name"": ""No Language""}]","[""FR""]",null
162769,"Help Wanted, Female","Help Wanted, Female","A new housekeeper, her son, and two not-too-bright burglars wreak havoc at a doctor's office.",,Released,False,False,1931-01-11,19,0,0,0.1338,0.0,0,en,,tt0020965,,,[],[],[],[],"[""US""]",null
162770,Voyage to Next,Voyage to Next,Mother Earth and Father Time converse about the choices humans make.  Preserved by the Academy Film Archive in 2010.,,Released,False,False,1974-10-01,9,0,0,0.431,4.6,7,en,,tt0072380,/8BwJBwryoqCMabz6nk0Gk4nRlwU.jpg,,"[{""id"": 16, ""name"": ""Animation""}]","[{""id"": 37739, ""logo_path"": null, ""name"": ""Hubley Studios"", ""origin_country"": """"}]","[{""iso_3166_1"": ""US"", ""name"": ""United States of America""}]","[{""english_name"": ""English"", ""iso_639_1"": ""en"", ""name"": ""English""}]","[""US""]",null
162771,Oil Gobblers,Ropáci,A zoologist and a biochemist go out into an oilfield with a cameraman and filmmaker to observe and study the elusive oil gobblers.,,Released,False,False,1988-04-16,20,0,0,0.3378,6.4,15,cs,,tt0096010,/vN3JNjMg5rJNT8k5JuPjru2doD2.jpg,/600EcdDAeQlLORqA3fVMDcg5Gpi.jpg,"[{""id"": 99, ""name"": ""Documentary""}]","[{""id"": 123934, ""logo_path"": null, ""name"": ""FAMU"", ""origin_country"": ""XC""}, {""id"": 53921, ""logo_path"": null, ""name"": ""Kr\u00e1tk\u00fd film Praha \u2013 Studio Ji\u0159\u00edho Trnky"", ""origin_country"": ""XC""}]","[{""iso_3166_1"": ""XC"", ""name"": ""Czechoslovakia""}]","[{""english_name"": ""Czech"", ""iso_639_1"": ""cs"", ""name"": ""\u010cesk\u00fd""}]","[""XC""]",null
162772,Teacher's Pest,Teacher's Pest,"Elementary school-aged Bimbo is late to school, where he presents a note signed my father to his leonine bespectacled teacher.",,Released,False,False,1931-02-06,7,0,0,0.0538,4.8,5,en,,tt0022466,/dIboI4vAUnLvskVoDhigBAYJXSu.jpg,,"[{""id"": 35, ""name"": ""Comedy""}, {""id"": 16, ""name"": ""Animation""}]","[{""id"": 8302, ""logo_path"": null, ""name"": ""Fleischer Studios"", ""origin_country"": ""US""}]","[{""iso_3166_1"": ""US"", ""name"": ""United States of America""}]",[],"[""US""]",null
162776,The Delivery Boy,The Delivery Boy,"Delivery boy Mickey encounters Minnie washing clothes and singing. He stops for a quick song and dance with her. Meanwhile, Pluto gets tangled up in tar. Mickey sends a beehive flying; it lands on his mule, who kicks Mickey's instrument-filled wagon into the air. He plays a march or two on the piano with Minnie, with many animals playing along.",,Released,False,False,1931-06-06,8,0,0,0.3129,5.8,24,en,,tt0021794,/giPM446YVwgfxK7eEYC8Po2eHnX.jpg,/sgpmFHrDw2WJzi52Ny4JxkhNVGS.jpg,"[{""id"": 16, ""name"": ""Animation""}, {""id"": 10402, ""name"": ""Music""}, {""id"": 35, ""name"": ""Comedy""}]","[{""id"": 3166, ""logo_path"": ""/jmPS1qPfKnISciDF7RnUbh48jvK.png"", ""name"": ""Walt Disney Productions"", ""origin_country"": ""US""}]","[{""iso_3166_1"": ""US"", ""name"": ""United States of America""}]","[{""english_name"": ""English"", ""iso_639_1"": ""en"", ""name"": ""English""}]","[""US""]",null
162778,Improvisation,Improvisation,"Improvisational jazz performance filmed in 1950 by Gjon Mili plus Duke Ellington Trio filmed in July 1966, Count Basie at the Montreux Jazz Festival 1977, Joe Pass 1979, Ella Fitzgerald 1979, and Oscar Peterson at the Montreux Jazz Festival 1977.",,Released,False,False,2004-01-01,75,0,0,0.2019,0.0,0,en,,tt1375544,/yTwU0wNNQbI73S9ill7xwrF87RA.jpg,,"[{""id"": 10402, ""name"": ""Music""}, {""id"": 99, ""name"": ""Documentary""}]",[],"[{""iso_3166_1"": ""US"", ""name"": ""United States of America""}]","[{""english_name"": ""English"", ""iso_639_1"": ""en"", ""name"": ""English""}]","[""US""]",null
162780,Bought!,Bought!,Working-class girl dreams of living a better life and forsakes her friends when she has a chance to break into high society.,,Released,False,False,1931-08-22,92,0,0,0.6782,6.0,1,en,,tt0021691,/h2GY1vXFA4cZp2jPQX9DJNKGfxd.jpg,/9VvT5CcmtNoSMLwFp7ZOKG9bGCd.jpg,"[{""id"": 18, ""name"": ""Drama""}, {""id"": 10749, ""name"": ""Romance""}]","[{""id"": 174, ""logo_path"": ""/zhD3hhtKB5qyv7ZeL4uLpNxgMVU.png"", ""name"": ""Warner Bros. Pictures"", ""origin_country"": ""US""}]","[{""iso_3166_1"": ""US"", ""name"": ""United States of America""}]","[{""english_name"": ""English"", ""iso_639_1"": ""en"", ""name"": ""English""}]","[""US""]",null
162784,Pigeons in the Square,Les pigeons du square,"An enthusiastic grandfather sits with children in a Parisian park talking about pigeons. First. their physical appearance—eye, wings and tail, and color—and their varieties. Then, he encourages the children to imitate their walk. He points out courtship and mating rituals, then provides an illustrated discussion of how they eat. This section is punctuated by a flock of pigeons fighting over a small, hard ball each wants to eat; the narrator's describes it as if it were a soccer match. He concludes with a discussion of pigeons taking off, landing, and flying; he uses slow motion and stop-time photography to show his audience.",,Released,False,False,1982-01-01,27,0,0,0.0611,6.2,16,fr,,tt1446096,/dbqpuPUAyRk4WY8PP80FkCzoFek.jpg,,"[{""id"": 99, ""name"": ""Documentary""}]","[{""id"": 75870, ""logo_path"": null, ""name"": ""Les Documents Cin\u00e9matographiques"", ""origin_country"": """"}]","[{""iso_3166_1"": ""FR"", ""name"": ""France""}]","[{""english_name"": ""French"", ""iso_639_1"": ""fr"", ""name"": ""Fran\u00e7ais""}]","[""FR""]",null
162785,Submarine D-1,Submarine D-1,"Butch Rogers and Sock McGillis are old submarine hands stationed in Panama. On land, Butch and Sock battle over pretty Ann Sawyer. At sea and underwater, however, our two heroes are inseparable.",A Battle of Wits and Hearts becomes a Battle of Life beneath the sea!,Released,False,False,1937-11-27,94,0,0,1.2885,4.7,6,en,,tt0029617,/tpt1ER5OzN5oN4kOwYdXh8TUOx4.jpg,/s23TC0pgf1PJvAIOnIORHwdOd6Y.jpg,"[{""id"": 28, ""name"": ""Action""}, {""id"": 18, ""name"": ""Drama""}]","[{""id"": 174, ""logo_path"": ""/zhD3hhtKB5qyv7ZeL4uLpNxgMVU.png"", ""name"": ""Warner Bros. Pictures"", ""origin_country"": ""US""}]","[{""iso_3166_1"": ""US"", ""name"": ""United States of America""}]","[{""english_name"": ""English"", ""iso_639_1"": ""en"", ""name"": ""English""}]","[""US""]",null
162787,The Second Death,The Second Death,"On a lonely country road, James Mangan hears a voice from his past and comes to realise he is damned.",,Released,False,False,2000-01-29,11,0,0,0.5155,5.909,11,en,,tt0433637,/pSL1q1k0vJTj3UpHOgutH4sGIgi.jpg,/drB3HaaOqu0QEfnGJC3A48LR4tD.jpg,[],[],"[{""iso_3166_1"": ""IE"", ""name"": ""Ireland""}]",[],"[""US"", ""IE""]",null
162788,The Phantom of the Air,The Phantom of the Air,"An adventure serial presented in 12 chapters. Inventor Thomas Edmunds uses a super plane, 'The Phantom,' to protect his new anti-gravity invention, the Contragrav, from theft.",Whiriling Propellars ! Screeching Struts! Billowing Parachutes! Roaring Engines! Barking Guns!,Released,False,False,1933-05-21,240,0,0,1.0126,6.0,3,en,,tt0024445,/3VMSGD3MvUqNV2WAkYfugsdLnNq.jpg,/ycogat2jVquZwcRJ4EA2KaDS8CV.jpg,"[{""id"": 28, ""name"": ""Action""}]","[{""id"": 33, ""logo_path"": ""/8lvHyhjr8oUKOOy2dKXoALWKdp0.png"", ""name"": ""Universal Pictures"", ""origin_country"": ""US""}]","[{""iso_3166_1"": ""US"", ""name"": ""United States of America""}]","[{""english_name"": ""English"", ""iso_639_1"": ""en"", ""name"": ""English""}]","[""US""]",null
162791,The Gorilla Mystery,The Gorilla Mystery,"A gorilla has escaped; Mickey, panicked, calls Minnie, but she plays a song to show she is not afraid. That is, until the gorilla comes up behind her and grabs her. Mickey rushes right over to save her.",,Released,False,False,1930-09-03,7,0,0,0.4281,6.2,36,en,,tt0020932,/qHSvBnz0o7OSUWMZmPI5CTEfUKS.jpg,/5lgV00vuE40Z1lybq0uJiLq9EMA.jpg,"[{""id"": 16, ""name"": ""Animation""}]","[{""id"": 3166, ""logo_path"": ""/jmPS1qPfKnISciDF7RnUbh48jvK.png"", ""name"": ""Walt Disney Productions"", ""origin_country"": ""US""}]","[{""iso_3166_1"": ""US"", ""name"": ""United States of America""}]","[{""english_name"": ""English"", ""iso_639_1"": ""en"", ""name"": ""English""}]","[""US""]",null
162792,The Shindig,The Shindig,"Another barn dance. Minnie plays piano; Mickey plays fiddle, then percussion, then harmonica. Mickey dances with the huge Patricia Pig.",,Released,False,False,1930-07-09,7,0,0,0.1962,5.5,32,en,,tt0021364,/wP2RN3sl8OcJeXpQeMgoKr7ufrI.jpg,/3cVPD3uRlfd2HfJm5fAm3Ip2Nsx.jpg,"[{""id"": 16, ""name"": ""Animation""}]","[{""id"": 3166, ""logo_path"": ""/jmPS1qPfKnISciDF7RnUbh48jvK.png"", ""name"": ""Walt Disney Productions"", ""origin_country"": ""US""}]","[{""iso_3166_1"": ""US"", ""name"": ""United States of America""}]","[{""english_name"": ""English"", ""iso_639_1"": ""en"", ""name"": ""English""}]","[""US""]",null
162794,The Fire Fighters,The Fire Fighters,"Mickey and others are firemen; they slide down an ostrich's neck when the alarm sounds. A squealing cat whose tail Mickey pulls acts as the siren. The nearest hydrant isn't working too well, so Horace Horsecollar takes drinks from a pond and uses that water to put out the fire. Minnie is trapped on an upper floor; Mickey climbs the neighboring building fire escape and uses a clothesline to cross to Minnie's building.",,Released,False,False,1930-07-24,7,0,0,0.434,6.3,38,en,,tt0020885,/pAVh6yei36Km97H8uHFhOEuuPoy.jpg,/70Xhz2DsjtCE1R6aE5mE76DHfWB.jpg,"[{""id"": 16, ""name"": ""Animation""}, {""id"": 35, ""name"": ""Comedy""}]","[{""id"": 3166, ""logo_path"": ""/jmPS1qPfKnISciDF7RnUbh48jvK.png"", ""name"": ""Walt Disney Productions"", ""origin_country"": ""US""}]","[{""iso_3166_1"": ""US"", ""name"": ""United States of America""}]","[{""english_name"": ""English"", ""iso_639_1"": ""en"", ""name"": ""English""}]","[""US""]",null
162800,Viennese Nights,Viennese Nights,"In 1890, Gus Sascher joins the Austrian Army and romances the impoverished girl Elsa Hofner. Elsa instead marries the wealthier officer Franz von Renner, in an attempt at social climbing.",,Released,False,False,1930-11-25,92,0,0,0.3784,2.0,1,en,,tt0021522,/yr7D686NjHlxG0zsOM9Ecbd9imm.jpg,/gu4axZQaSGMiSvQGeEEuoEXgCeX.jpg,"[{""id"": 10402, ""name"": ""Music""}, {""id"": 10749, ""name"": ""Romance""}]","[{""id"": 174, ""logo_path"": ""/zhD3hhtKB5qyv7ZeL4uLpNxgMVU.png"", ""name"": ""Warner Bros. Pictures"", ""origin_country"": ""US""}]","[{""iso_3166_1"": ""US"", ""name"": ""United States of America""}]","[{""english_name"": ""English"", ""iso_639_1"": ""en"", ""name"": ""English""}]","[""US""]",null
162803,The Forties,La Quarantaine,A group of friends reunite after thirty years of separation.,,Released,False,False,1982-05-26,105,1200000,0,0.1711,6.0,1,fr,,tt0084560,/4XPTNc4TDtNUpig8fqXE05aeIQV.jpg,/p5NYkXncNPFJbMxjipi0f2f88BO.jpg,"[{""id"": 35, ""name"": ""Comedy""}, {""id"": 18, ""name"": ""Drama""}]","[{""id"": 10473, ""logo_path"": ""/lMUDQZVtg8On4PAW5XFQPaQy6UK.png"", ""name"": ""ONF | NFB"", ""origin_country"": ""CA""}]","[{""iso_3166_1"": ""CA"", ""name"": ""Canada""}]","[{""english_name"": ""French"", ""iso_639_1"": ""fr"", ""name"": ""Fran\u00e7ais""}]","[""CA""]",null
162804,Swing You Sinners!,Swing You Sinners!,"Bimbo is seen late at night, trying to steal a chicken. He runs away from a policeman and enters a haunted cemetery. Various ghosts and monsters tell him that he will be punished for his sin.",,Released,False,False,1930-09-23,9,0,0,0.1631,6.8,36,en,,tt0141869,/aLVdKwKN0evOlKkAoPGGatFEHIl.jpg,/nrwZfle4loE28b0nKjylVPBtSds.jpg,"[{""id"": 16, ""name"": ""Animation""}, {""id"": 27, ""name"": ""Horror""}, {""id"": 10402, ""name"": ""Music""}]","[{""id"": 8302, ""logo_path"": null, ""name"": ""Fleischer Studios"", ""origin_country"": ""US""}, {""id"": 4, ""logo_path"": ""/jay6WcMgagAklUt7i9Euwj1pzTF.png"", ""name"": ""Paramount Pictures"", ""origin_country"": ""US""}]","[{""iso_3166_1"": ""US"", ""name"": ""United States of America""}]","[{""english_name"": ""English"", ""iso_639_1"": ""en"", ""name"": ""English""}]","[""US""]",null
162807,Sand and Blood,De sable et de sang,"Bullfighting, music, medicine, change, and homoerotic possibilities mix in this study of friendship. Francisco is a bullfighter on his way up, so focused even sex doesn't hold his interest. After a minor road accident, he meets a doctor, Manuel, who attends a bullfight, leaving early, retching. His wife, who is also his partner in a string quartet, worries about him: Manuel has a history of breakdown. Manuel, for his part, hates bullfighting and the memories it brings of Franco's Spain. His harsh views undermine Francisco's focus. He accompanies the young fighter to Spain for an important corrida. Will Francisco succeed? And what becomes of this friendship?",,Released,False,False,1988-05-26,101,0,0,0.4313,1.0,2,fr,,tt0092839,/Tavrc84dIlDDcXziLQZMtmSVyj.jpg,/gHfspbunnCdJp1EZMpcmbs4qn6d.jpg,"[{""id"": 18, ""name"": ""Drama""}]",[],"[{""iso_3166_1"": ""FR"", ""name"": ""France""}]",[],"[""FR""]",null
162808,The Gold Rimmed Glasses,Gli occhiali d'oro,A Jewish couple and a homosexual doctor fall to prejudice and scandal in 1938 Italy.,,Released,False,False,1987-09-25,110,0,0,0.462,6.1,31,it,,tt0093453,/nCfTYHcEdEpGP4txRP7Ejm8npvm.jpg,/byPrXNtoWia3rlrhd7vAQiBwkaZ.jpg,"[{""id"": 18, ""name"": ""Drama""}]","[{""id"": 1242, ""logo_path"": ""/qOvcm1WCLlAdNoQ1kCkk2J7bhWk.png"", ""name"": ""Reteitalia"", ""origin_country"": ""IT""}, {""id"": 8927, ""logo_path"": null, ""name"": ""L.P. Film"", ""origin_country"": ""IT""}, {""id"": 255, ""logo_path"": ""/b1zTOpnNn5g0nHjhpn3Dx17QaoP.png"", ""name"": ""Paradis Films"", ""origin_country"": ""FR""}, {""id"": 5940, ""logo_path"": ""/pJR6Hhx3FsRPzoh4LyJyHEa6cD3.png"", ""name"": ""Avala Film"", ""origin_country"": ""YU""}, {""id"": 96675, ""logo_path"": null, ""name"": ""Les Films de l'Ouest"", ""origin_country"": ""FR""}, {""id"": 11244, ""logo_path"": ""/gCHH1xt3dKjlm9NuMPF9ekpPWD6.png"", ""name"": ""France 3"", ""origin_country"": ""FR""}, {""id"": 12740, ""logo_path"": null, ""name"": ""DMV Distribuzione"", ""origin_country"": ""IT""}]","[{""iso_3166_1"": ""FR"", ""name"": ""France""}, {""iso_3166_1"": ""IT"", ""name"": ""Italy""}, {""iso_3166_1"": ""YU"", ""name"": ""Yugoslavia""}]","[{""english_name"": ""German"", ""iso_639_1"": ""de"", ""name"": ""Deutsch""}, {""english_name"": ""Italian"", ""iso_639_1"": ""it"", ""name"": ""Italiano""}]","[""IT""]",null
162810,Straight for the Heart,À corps perdu,"Pierre is a Montreal photojournalist who returns from Nicaragua to find that his ten-year menage a trois is over. Haunted by his mid-life crisis, he becomes obsessed with trying to find out why his two lovers, Sarah and David, have left him.",,Released,False,False,1988-09-30,92,0,0,0.6688,3.8,6,en,,tt0096516,/hBn1K1J22zlXGNrDtE4AHTKXuVg.jpg,/tSfBlMbMGajlxswXLeY7z6DnyBS.jpg,"[{""id"": 18, ""name"": ""Drama""}, {""id"": 10749, ""name"": ""Romance""}, {""id"": 10752, ""name"": ""War""}]",[],"[{""iso_3166_1"": ""CA"", ""name"": ""Canada""}, {""iso_3166_1"": ""CH"", ""name"": ""Switzerland""}]","[{""english_name"": ""French"", ""iso_639_1"": ""fr"", ""name"": ""Fran\u00e7ais""}]","[""CA""]",null
162811,Not Since Casanova,Not Since Casanova,A man tries to find the perfect woman for himself while refusing to act like an adult.,,Released,False,False,1988-05-26,80,0,0,0.0694,0.0,0,en,,tt0095755,/5oshnMLnomy5To6abFkCIwAoIlQ.jpg,/a3oKdN1kp5iixcntTukmwDwiJLT.jpg,[],[],[],"[{""english_name"": ""English"", ""iso_639_1"": ""en"", ""name"": ""English""}]","[""US""]",null
162818,The Women on the Roof,Kvinnorna på taket,"An innocent and beautiful girl, Linnea rents an apartment in Stockholm just before WWI. As she works for an old man who owns a photography studio she meets Anna, a photographer with whom she develops a complex friendship. Anna’s circus-performer boyfriend and European politics complicate Linnea’s routine.",,Released,False,False,1989-09-15,89,0,0,0.383,4.1,10,sv,,tt0097695,/99947SQgPzQAd294DuQEleTeg5G.jpg,/wyJSiEONa5SqCBjl6ZUr5UNV2Ot.jpg,"[{""id"": 10749, ""name"": ""Romance""}, {""id"": 18, ""name"": ""Drama""}]","[{""id"": 157, ""logo_path"": ""/s537keIoi6wUOU8E9ztWaV2DY1H.png"", ""name"": ""SVT Drama"", ""origin_country"": ""SE""}, {""id"": 92850, ""logo_path"": null, ""name"": ""Channel One"", ""origin_country"": """"}, {""id"": 17593, ""logo_path"": null, ""name"": ""Filmhuset"", ""origin_country"": ""SE""}]","[{""iso_3166_1"": ""SE"", ""name"": ""Sweden""}]","[{""english_name"": ""Swedish"", ""iso_639_1"": ""sv"", ""name"": ""svenska""}]","[""SE""]",null
162820,The Philosopher,Der Philosoph,"The obscure philosopher Georg Hermes almost withdrew from the world to concentrate on his studies, especially Heraclitus, having no relationship since his mother's death. When he wants a new suit for a lecture (actually very minor) about his new book, he meets the sisters Franziska, Breate and Marthe, who run a boutique, share a house and have a lover each. Those invite Georg to dinner, Franziska even on dates. Falling off a boat he gets naked with her, and they become lovers. The girls all take to Hermes and get him to move in, spoiled by all and offered polygamy.",,Released,False,False,1989-05-26,83,0,0,0.2858,5.3,13,de,,tt0095864,/doCGjgUA5yZO2izxnAZL0gbUQ62.jpg,/5EgrzxnUn4RuyiRyCdYNBNSLCPX.jpg,"[{""id"": 10749, ""name"": ""Romance""}, {""id"": 35, ""name"": ""Comedy""}]","[{""id"": 1251, ""logo_path"": ""/fc0O0mvjl8PbHgZXXY2VgPYos1Z.png"", ""name"": ""ARD"", ""origin_country"": ""DE""}]","[{""iso_3166_1"": ""DE"", ""name"": ""Germany""}]","[{""english_name"": ""German"", ""iso_639_1"": ""de"", ""name"": ""Deutsch""}]","[""DE""]",null
162821,Nocturne Indien,Nocturne Indien,"The enigmatic but vivid imagery of this loosely plotted film is based on a similarly evocative novel by the Italian author Antonio Tabucchi, Noturno Indiano. An old friend of the hero's has been living in Bombay with a prostitute. His friend Peter Schlemihl (Otto Tausig) is a concentration camp survivor, who went to India after being captivated by a photograph he saw there. When the prostitute writes to him in Europe asking that he rescue his friend from a mysterious malaise, he flies into India to try and help. When he gets to Bombay, he discovers that his friend has disappeared. Following the clues left behind by the friend, and based on his acquaintance with him, he journeys to Madras to speak to a Theosophist dignitary there, and then journeys on to Portugues Goa. With each step of his journey, the hero (Jean-Hugues Anglade) becomes more identified with his friend, and re-enacts in his own person the transformations he must have experienced.",,Released,False,False,1989-05-26,110,0,0,0.4596,6.9,14,en,,tt0098000,/j7pgTh5ANW7zdN0OqQZ3ryiGONF.jpg,/jw2NhtctJs6TNmMexnW8LEeCfKS.jpg,"[{""id"": 18, ""name"": ""Drama""}]","[{""id"": 25678, ""logo_path"": null, ""name"": ""AFC"", ""origin_country"": ""FR""}, {""id"": 34852, ""logo_path"": null, ""name"": ""Christian Bourgois Productions"", ""origin_country"": """"}, {""id"": 1179, ""logo_path"": null, ""name"": ""Cin\u00e9 Cinq"", ""origin_country"": """"}, {""id"": 876, ""logo_path"": null, ""name"": ""Sara Films"", ""origin_country"": ""FR""}]","[{""iso_3166_1"": ""FR"", ""name"": ""France""}]","[{""english_name"": ""English"", ""iso_639_1"": ""en"", ""name"": ""English""}, {""english_name"": ""French"", ""iso_639_1"": ""fr"", ""name"": ""Fran\u00e7ais""}]","[""US""]",null
162824,Deux,Deux,"The manager of a contemporary music composer falls in love with the real estate agent with whom he is looking for a house in Paris. But both have been used to living an independent life: they want to marry but at the same time, are afraid of marriage",,Released,False,False,1989-05-26,113,0,0,0.5876,5.2,9,fr,,tt0095008,/eCvux66eflbZcU8nP2pEds32k96.jpg,/kn1aIZtVd3c3n80Nfx5aqLzdDIA.jpg,"[{""id"": 18, ""name"": ""Drama""}, {""id"": 10749, ""name"": ""Romance""}]",[],"[{""iso_3166_1"": ""FR"", ""name"": ""France""}]","[{""english_name"": ""French"", ""iso_639_1"": ""fr"", ""name"": ""Fran\u00e7ais""}]","[""FR""]",null
162826,Men in Love,Men in Love,"Mark Huestis' low-budget, shot-on-video feature casts Doug Self as Steven, a young San Francisco man whose lover Victor has just died of AIDS. Following Victor's dying wishes to have his ashes scattered in Maui, Steven travels to the Hawaii-based New Age community founded by Victor's former partner Robert (Emerald Starr). Despite an edgy relationship with Robert, who never visited Victor in his final months, Steven finds romance with the camp gardener Peter (Joe Tolbe), a matter complicated by the fact that Steven has never undergone an HIV test. Robert admits that he, too, has never had an AIDS test--his fear of death is the reason why he built his closed-off island community. After hearing of another friend's AIDS-related death, Steven leaves Peter behind to return to California",,Released,False,False,1990-05-26,85,0,0,0.3465,2.0,2,en,,tt0097863,/ekCSBIsrEzd9DDap8Ld1Is2wlTi.jpg,/1wh75oRdCWvLkY2hwb0EiUmBTSU.jpg,"[{""id"": 10749, ""name"": ""Romance""}]",[],"[{""iso_3166_1"": ""US"", ""name"": ""United States of America""}]","[{""english_name"": ""English"", ""iso_639_1"": ""en"", ""name"": ""English""}]","[""US""]",null
162827,The Little Gangster,Le Petit Criminel,"Marc, a troubled teenager, is bored in his native, depressing city of Sete. One day, a simple phone call makes him aware of the existence of Stephanie, a sister he has never met. Armed with a pistol his mother found, he goes out to find her. He steals money from a perfume shop, and is then stopped by a policeman who wants to search him. In the car, Marc threatens the policeman with his gun, demanding that he helps him find his sister...",,Released,False,False,1990-12-19,100,0,0,0.6958,6.6,28,fr,,tt0100357,/11Rof8z20wAl6efs001ydiZMRvw.jpg,/ni1GcJPf7zcoYee1NeQiaclRKWg.jpg,"[{""id"": 18, ""name"": ""Drama""}]","[{""id"": 876, ""logo_path"": null, ""name"": ""Sara Films"", ""origin_country"": ""FR""}, {""id"": 310, ""logo_path"": ""/4Gp5A4YdjPBfsHT47ngHMaXWmb9.png"", ""name"": ""CNC"", ""origin_country"": ""FR""}, {""id"": 104, ""logo_path"": ""/9aotxauvc9685tq9pTcRJszuT06.png"", ""name"": ""Canal+"", ""origin_country"": ""FR""}]","[{""iso_3166_1"": ""FR"", ""name"": ""France""}]","[{""english_name"": ""French"", ""iso_639_1"": ""fr"", ""name"": ""Fran\u00e7ais""}]","[""FR""]",null
162832,Montreal Stories,Montréal vu par…,"Six stories about Montreal. 1: A young housewife from Toronto samples the nightlife using basic French. 2: The tale of a painting of Montreal's first mayor, Jacques Viger. 3: During a hockey game, Madeleine tries to tell Roger she wants a divorce after forty years of marriage. 4: A visitor to a conference on pictographs arrives at the airport, where the female customs officer steals a momento from each person. 5: As she is being driven to the hospital in an ambulance after an auto accident, Sarah recalls her life. 6: At a diplomatic reception, an older woman reminisces about her grand love in Montreal.",,Released,False,False,1991-11-08,125,0,0,2.1173,4.7,10,fr,,tt0102468,/jVYeReqYMZxFlZUc1PlAO8yfPpr.jpg,/6Podcu8q01Mn19lNfnLQXXS57YI.jpg,"[{""id"": 35, ""name"": ""Comedy""}, {""id"": 18, ""name"": ""Drama""}]","[{""id"": 280, ""logo_path"": ""/1rwkrpgsc0pWmkvEOabbPzEsGLi.png"", ""name"": ""Cin\u00e9maginaire"", ""origin_country"": ""CA""}, {""id"": 10473, ""logo_path"": ""/lMUDQZVtg8On4PAW5XFQPaQy6UK.png"", ""name"": ""ONF | NFB"", ""origin_country"": ""CA""}, {""id"": 4350, ""logo_path"": null, ""name"": ""Atlantis Films"", ""origin_country"": ""CA""}]","[{""iso_3166_1"": ""CA"", ""name"": ""Canada""}]","[{""english_name"": ""English"", ""iso_639_1"": ""en"", ""name"": ""English""}, {""english_name"": ""French"", ""iso_639_1"": ""fr"", ""name"": ""Fran\u00e7ais""}]","[""CA""]",null
162833,A Beating Heart,Un cœur qui bat,"Mado is followed in the street by an unknown man. He offers her to go the hotel. She accepts, they sleep together and then split. Mado does not want to see him again, because she is married with Jean, and has a teenager son, Stephane. But Yves gave her his phone number. One day, Mado calls him.... An unusual love story.",,Released,False,False,1991-05-26,95,0,0,0.3321,5.5,0,fr,,tt0103153,/9d0PlIvt8xJJHoKFDih3sxT0FqD.jpg,/lMApDaI4Z6VjgT6XatpiBltayKn.jpg,"[{""id"": 18, ""name"": ""Drama""}]","[{""id"": 582, ""logo_path"": ""/bEORFnCh6xQ3oQuY6yX6mRRCLvW.png"", ""name"": ""Hachette Premi\u00e8re"", ""origin_country"": ""FR""}, {""id"": 581, ""logo_path"": ""/pzJLNyKypqwAgLR4OjmaxA5WEjm.png"", ""name"": ""UGC"", ""origin_country"": ""FR""}]","[{""iso_3166_1"": ""FR"", ""name"": ""France""}]","[{""english_name"": ""French"", ""iso_639_1"": ""fr"", ""name"": ""Fran\u00e7ais""}]","[""FR""]",null
162836,Being at Home with Claude,Being at Home with Claude,"The relationship between lovers Yves and Claude comes to an abrupt conclusion when, as the couple are making love, Yves slices Claude's throat, killing him. After being taken into custody for his crime, the police inspector demands to know the reason behind Yves' actions. Yves then weaves the tale of his life with Claude, explaining the origins of their relationship and how it reached a point where murder was the only possible conclusion.",,Released,False,False,1992-05-26,85,0,0,0.2931,5.1,11,fr,,tt0103787,/mPUDKYudqqJCg9NqVpsbaLQ3utY.jpg,/6AOaiOgaow0XkknK8xpFR0D4PtP.jpg,"[{""id"": 53, ""name"": ""Thriller""}, {""id"": 80, ""name"": ""Crime""}]","[{""id"": 10473, ""logo_path"": ""/lMUDQZVtg8On4PAW5XFQPaQy6UK.png"", ""name"": ""ONF | NFB"", ""origin_country"": ""CA""}]",[],"[{""english_name"": ""French"", ""iso_639_1"": ""fr"", ""name"": ""Fran\u00e7ais""}]","[""CA""]",null
162837,Amazing Grace,חסד מופלא,"A drama about two families, each with a gay son. Jonathan is splitting from Miki because the more experienced Miki is playing around. Then Jonathan sees Thomas, the son and grandson of his neighbors, who is back in Israel after failing to make it as a musician in New York: Thomas is ill, detached, in search of hard drugs. Jonathan tries to connect with him. Meanwhile, Thomas's grandmother, facing old age, has become bitter, particularly toward her hard-working daughter. They worry about Thomas. A few blocks away, Jonathan's mother, brother and sister maintain their sometimes bickering relationships, watching Jonathan brave adulthood.",,Released,False,False,1992-09-09,95,0,0,0.4003,5.2,9,he,,tt0104414,/7Lg5lk8JPimsTWhFdNEXx8LHW9j.jpg,/AoOXRytZd1idDkFlleKyK8b6JJY.jpg,"[{""id"": 18, ""name"": ""Drama""}]",[],"[{""iso_3166_1"": ""IL"", ""name"": ""Israel""}]","[{""english_name"": ""Hebrew"", ""iso_639_1"": ""he"", ""name"": ""\u05e2\u05b4\u05d1\u05b0\u05e8\u05b4\u05d9\u05ea""}]","[""IL""]",null
162838,Okoge,おこげ,A straight young woman living in Tokyo becomes involved in the lives of a gay man and his married lover.,"Pronounded ""Oh-Ko-Gay""",Released,False,False,1992-05-26,120,0,0,2.1037,5.8,8,ja,,tt0107739,/fqdIOSsJK6l6XKbzK9P1DfnQ76x.jpg,/gjw6Ivhx57Z9x0t3SgachLepREU.jpg,"[{""id"": 35, ""name"": ""Comedy""}, {""id"": 18, ""name"": ""Drama""}]",[],"[{""iso_3166_1"": ""JP"", ""name"": ""Japan""}]","[{""english_name"": ""Japanese"", ""iso_639_1"": ""ja"", ""name"": ""\u65e5\u672c\u8a9e""}]","[""JP""]",null
162839,Krapatchouk,Krapatchouk,"Two young men have left their obscure Balkan country to earn some money as ""guest workers"" in western Europe. On their way back home, they attempt to change trains in Paris but encounter surprising difficulties from the ticket authorities there. It seems that political changes have rendered their homeland nonexistent, and their passports are no good. Before long, they are stranded in Paris without passports, without a country, and soon even their luggage is stolen. Their fumbling efforts to straighten out the mess result in the French press getting into the act, labeling them as Russian spies. The Parisian expatriate community takes them into its bosom, and romance blooms between one of the lads and a Spanish hatmaker, before they finally achieve a (highly improbable) solution for their difficulties.",,Released,False,False,1993-04-07,91,0,0,0.4945,0.0,0,fr,,tt0104638,/qFU582xssMIi0vNcKBkXe3p97Qg.jpg,,"[{""id"": 35, ""name"": ""Comedy""}]","[{""id"": 65904, ""logo_path"": null, ""name"": ""Alain Keytsman Production"", ""origin_country"": """"}, {""id"": 141455, ""logo_path"": null, ""name"": ""Aries TV-92"", ""origin_country"": """"}, {""id"": 121672, ""logo_path"": null, ""name"": ""Legend"", ""origin_country"": ""FR""}, {""id"": 27139, ""logo_path"": null, ""name"": ""Soci\u00e9t\u00e9 G\u00e9n\u00e9rale de Gestion Cin\u00e9matographique (SGGC)"", ""origin_country"": ""FR""}]","[{""iso_3166_1"": ""BE"", ""name"": ""Belgium""}, {""iso_3166_1"": ""ES"", ""name"": ""Spain""}, {""iso_3166_1"": ""FR"", ""name"": ""France""}]","[{""english_name"": ""French"", ""iso_639_1"": ""fr"", ""name"": ""Fran\u00e7ais""}]","[""FR""]",null
162841,Women from the Lake of Scented Souls,香魂女,"If money can't buy happiness, can it at least buy control over others? Xiang is hard-working, running a small sesame oil business. Her husband is lazy and drinks; her son is blood simple. When Japanese investors provide capital to expand Xiang's business, she has the wealth to raise her social standing and buy a wife for her son, Dunzi. When money and a forceful personality fail to bend others to her will, including daughter-in-law Huanhuan, Xiang must find another way to tranquillity.",,Released,False,False,1993-11-04,105,0,0,0.8994,6.8,14,zh,,tt0108608,/ia8HCqjRhto8lvtRY7pVFsJVjOO.jpg,/98RgFuivnGWGxC97mn2L94JDU9O.jpg,"[{""id"": 18, ""name"": ""Drama""}]","[{""id"": 48805, ""logo_path"": null, ""name"": ""Changchun Film Studio"", ""origin_country"": ""CN""}, {""id"": 14181, ""logo_path"": null, ""name"": ""Tianjin Film Studio"", ""origin_country"": ""CN""}, {""id"": 2270, ""logo_path"": ""/7osqu50JpFIh0klZU0s1CrnNqcc.png"", ""name"": ""China Film Group Corporation"", ""origin_country"": ""CN""}]","[{""iso_3166_1"": ""CN"", ""name"": ""China""}]","[{""english_name"": ""Mandarin"", ""iso_639_1"": ""zh"", ""name"": ""\u666e\u901a\u8bdd""}]","[""CN""]",null
162850,The China Lake Murders,The China Lake Murders,A small town sheriff has his suspicions in a murder case which involves a rogue cop who goes on a murder spree.,"Every year, Officer Donnelly goes to China Lake to unwind, do a little fishing... Kill a few people",Released,False,False,1990-01-31,97,0,0,1.1481,5.2,9,en,,tt0099259,/bd5P7ld0qm8hRLeeMoTcG5Q6qfK.jpg,/cgiTLcW62tgfe6KlWKjoU2ykhkh.jpg,"[{""id"": 53, ""name"": ""Thriller""}, {""id"": 9648, ""name"": ""Mystery""}, {""id"": 80, ""name"": ""Crime""}, {""id"": 10770, ""name"": ""TV Movie""}]",[],"[{""iso_3166_1"": ""US"", ""name"": ""United States of America""}]","[{""english_name"": ""English"", ""iso_639_1"": ""en"", ""name"": ""English""}]","[""US""]",null
162852,Tim Frazer Hunts the Mysterious Mr. X,Tim Frazer jagt den geheimnisvollen Mr. X,British detective Tim Frazer hunts a myserious murderer who kills smugglers in the city of Antwerpen.,,Released,False,False,1964-06-11,87,0,0,0.2266,8.0,1,de,,tt0122758,/fQyuKKQ3xk9Ronm7RgvIYzR4rSg.jpg,/ldfV07aO25W1jznHPbTTpnI2QMj.jpg,"[{""id"": 28, ""name"": ""Action""}, {""id"": 80, ""name"": ""Crime""}]","[{""id"": 30279, ""logo_path"": null, ""name"": ""Melba Film Wien"", ""origin_country"": """"}]","[{""iso_3166_1"": ""BE"", ""name"": ""Belgium""}, {""iso_3166_1"": ""AT"", ""name"": ""Austria""}]","[{""english_name"": ""German"", ""iso_639_1"": ""de"", ""name"": ""Deutsch""}]","[""AT""]",null
162853,Pan-American Exposition by Night,Pan-American Exposition by Night,"A great feature of the Pan-American Exposition, as unanimously conceded by all visitors, was the electric illumination of the Exposition grounds at night. After a great deal of experimenting and patience, we succeeded in securing an excellent picture of the buildings at the Pan-American as they appeared when lighted up at night.",,Released,False,False,1901-10-18,1,0,0,0.1253,5.8,30,en,,tt0232263,/pRw4Fr2MoV2U8N503HRcDJi07tW.jpg,/bdTbqXu4OEFwd3VGyW7i6zEVgjs.jpg,"[{""id"": 99, ""name"": ""Documentary""}]",[],[],[],"[""US""]",null
162859,Hired!,Hired!,"A middle-aged auto sales manager is having poor results with his staff, so he gets some advice from his hanky-wearing father.",,Released,False,False,1940-08-04,19,0,0,0.0463,2.2,6,en,,tt0282562,,,[],"[{""id"": 40639, ""logo_path"": ""/nU0ovz95ndqTlf1W7JihT9D09rQ.png"", ""name"": ""Jam Handy Organization (JHO)"", ""origin_country"": ""US""}]","[{""iso_3166_1"": ""US"", ""name"": ""United States of America""}]","[{""english_name"": ""English"", ""iso_639_1"": ""en"", ""name"": ""English""}]","[""US""]",null
