id,title,original_title,overview,tagline,status,adult,video,release_date,runtime,budget,revenue,popularity,vote_average,vote_count,original_language,homepage,imdb_id,poster_path,backdrop_path,genres,production_companies,production_countries,spoken_languages,origin_country,belongs_to_collection
21662,America Unchained,America Unchained,"British Comedian Dave Gorman travels across America without supporting the 'Man'. In other words, no Holiday Inns, no Best Westerns and no Comfort Suites. No Shells, no Arcos and no BP gas stations. No MacDonalds, no Starbucks and no chains of any kind. Just Mom &amp; Pop business all the way.",,Released,False,False,2007-10-14,76,0,0,0.2841,6.7,9,en,http://www.davegorman.com/projects_america_unchained.html,tt1153075,/7RzTi6NHUYIpVK5XEsMNiqCbnSP.jpg,,"[{""id"": 12, ""name"": ""Adventure""}, {""id"": 35, ""name"": ""Comedy""}, {""id"": 99, ""name"": ""Documentary""}]",[],[],"[{""english_name"": ""English"", ""iso_639_1"": ""en"", ""name"": ""English""}]","[""US""]",null
21664,Peter Bell II: The Hunt for the Czar Crown,Pietje Bell 2: De Jacht op de Tsarenkroon,"Peter Bell and his Black Hand gang tangle with evil newspaper tycoon Stark once again, as the latter schemes to steal a priceless royal crown with his two cronies.",,Released,False,False,2003-12-18,112,0,0,0.3669,5.2,18,nl,,tt0357959,/56DePyKy4ZNYA7pU1JJTHBP6Cw7.jpg,/le2CZe9qvrikydSvZ16vUQlihqz.jpg,"[{""id"": 10751, ""name"": ""Family""}]","[{""id"": 1259, ""logo_path"": ""/6a5XUQ1c8h8dJragfFs1fpd7SqW.png"", ""name"": ""Shooting Star Filmcompany"", ""origin_country"": ""NL""}]","[{""iso_3166_1"": ""NL"", ""name"": ""Netherlands""}]","[{""english_name"": ""Dutch"", ""iso_639_1"": ""nl"", ""name"": ""Nederlands""}]","[""NL""]","{""id"": 177695, ""name"": ""Peter Bell Collection"", ""poster_path"": ""/8Zau9p4Ms8Dpf2Kn3H6QfrTUjXt.jpg"", ""backdrop_path"": ""/g296K2ibpJcmZD7EP6Qdd0VPJT8.jpg""}"
21665,Khakee,ख़ाकी,"DCP Anant and his team get tasked with escorting an alleged terrorist to Mumbai. However, a rogue ex-police officer makes their task difficult as he tries to stop them from reaching their destination.",,Released,False,False,2004-01-23,180,3344039,6546059,1.3579,6.389,81,hi,,tt0347332,/dMsqwWFl51t8jXR0tWzjEuO8H4l.jpg,/lbqlG7AmXjBW10f0ESj1oUrz1s7.jpg,"[{""id"": 28, ""name"": ""Action""}]","[{""id"": 87370, ""logo_path"": null, ""name"": ""DMS Films Private Limited"", ""origin_country"": """"}]","[{""iso_3166_1"": ""IN"", ""name"": ""India""}]","[{""english_name"": ""Hindi"", ""iso_639_1"": ""hi"", ""name"": ""\u0939\u093f\u0928\u094d\u0926\u0940""}]","[""IN""]",null
21666,Yanks,Yanks,"During WWII, the United States set up army bases in Great Britain as part of the war effort. Against their proper sensibilities, many of the Brits don't much like the brash Yanks, especially when it comes to the G.I.s making advances on the lonely British girls. One relationship that develops is between married John, an Army Captain, and the aristocratic Helen, whose naval husband is away at war. Helen loves her husband, but Helen and John are looking for some comfort during the difficult times.",In 1942 everyone loved a soldier,Released,False,False,1979-09-19,138,0,0,1.2581,5.8,61,en,,tt0080157,/zsTyD3U9iiFDYGWW3Xix4Q2Opuf.jpg,/joqEPQ9O4bCxDVEse55rtmS9ENf.jpg,"[{""id"": 10749, ""name"": ""Romance""}, {""id"": 18, ""name"": ""Drama""}, {""id"": 10752, ""name"": ""War""}]","[{""id"": 14309, ""logo_path"": null, ""name"": ""CIP Filmproduktion GmbH"", ""origin_country"": """"}]","[{""iso_3166_1"": ""DE"", ""name"": ""Germany""}, {""iso_3166_1"": ""GB"", ""name"": ""United Kingdom""}, {""iso_3166_1"": ""US"", ""name"": ""United States of America""}]","[{""english_name"": ""English"", ""iso_639_1"": ""en"", ""name"": ""English""}]","[""GB"", ""US""]",null
21671,The Comedians of Comedy: Live at The Troubadour,The Comedians of Comedy: Live at The Troubadour,"It's a night of comic anarchy as 15 of today's edgiest comedians perform at Los Angeles' legendary Troubadour rock 'n' roll club! You're guaranteed to laugh, and occasionally gasp with shock, as new comic frontiers are crossed. Staring; Patton Oswalt, Brian Posehn, Zach Galifianakis, Maria Bamford, David Cross, Sarah Silverman, and many more.",,Released,False,False,2007-09-18,135,0,0,0.8754,7.1,14,en,,tt1094584,/ckakDy9eHw6H9pjyhTYF5QkPRDp.jpg,,"[{""id"": 35, ""name"": ""Comedy""}, {""id"": 99, ""name"": ""Documentary""}]","[{""id"": 20942, ""logo_path"": null, ""name"": ""Sixth Way Productions"", ""origin_country"": """"}, {""id"": 20943, ""logo_path"": null, ""name"": ""Generate"", ""origin_country"": """"}, {""id"": 20944, ""logo_path"": null, ""name"": ""Wabi Pictures"", ""origin_country"": """"}]","[{""iso_3166_1"": ""US"", ""name"": ""United States of America""}]","[{""english_name"": ""English"", ""iso_639_1"": ""en"", ""name"": ""English""}]","[""US""]",null
21683,Batman: Mystery of the Batwoman,Batman: Mystery of the Batwoman,"As if the Penguin wasn't enough to contend with, a new vigilante has surfaced in Gotham City, and her strong-arm tactics give Batman cause for concern. Being the World's Greatest Detective and The Dark Knight, he sets out to uncover her identity while stopping a dangerous criminal plot.",Gotham City's newest hero... or criminal?,Released,False,False,2003-10-21,74,0,0,2.1504,6.7,435,en,,tt0346578,/mlmhpUArJdpRPO211v3lETe3uzg.jpg,/2Li2vaWeCIMYwcgC9yU3Z99LDVL.jpg,"[{""id"": 14, ""name"": ""Fantasy""}, {""id"": 16, ""name"": ""Animation""}, {""id"": 12, ""name"": ""Adventure""}, {""id"": 80, ""name"": ""Crime""}, {""id"": 28, ""name"": ""Action""}, {""id"": 18, ""name"": ""Drama""}]","[{""id"": 2785, ""logo_path"": ""/l5zW8jjmQOCx2dFmvnmbYmqoBmL.png"", ""name"": ""Warner Bros. Animation"", ""origin_country"": ""US""}]","[{""iso_3166_1"": ""US"", ""name"": ""United States of America""}, {""iso_3166_1"": ""KR"", ""name"": ""South Korea""}]","[{""english_name"": ""English"", ""iso_639_1"": ""en"", ""name"": ""English""}]","[""US""]","{""id"": 421904, ""name"": ""Batman (DC Universe Animated) Collection"", ""poster_path"": ""/4fDffWkGuIt62GQVAUTUgRoZxT2.jpg"", ""backdrop_path"": ""/l0udVVfpZ1LzeH5IxC3U2UI5EiI.jpg""}"
21685,As I Lay Dying: This Is Who We Are,As I Lay Dying: This Is Who We Are,"The metal band As I Lay Dying perform a number of songs culled from various concerts on this release. The song list includes live renditions of ""Falling Upon Deaf Ears,"" ""The Darkest Nights,"" ""An Ocean Between Us,"" and ""The Sound of Truth."" This title also includes a documentary about the band, as well as a number of music videos.",,Released,False,False,2009-04-14,92,0,0,0.0673,8.0,1,en,http://www.asilaydying.com,,/eUOklJHugxiNVK0jGt1p7OT42Qr.jpg,/rC8M9TO7e0fgFlRW8kzrWi8KrAH.jpg,"[{""id"": 99, ""name"": ""Documentary""}, {""id"": 10402, ""name"": ""Music""}]","[{""id"": 3999, ""logo_path"": null, ""name"": ""Metal Blade"", ""origin_country"": """"}]","[{""iso_3166_1"": ""US"", ""name"": ""United States of America""}]","[{""english_name"": ""English"", ""iso_639_1"": ""en"", ""name"": ""English""}]","[""US""]",null
21700,Airbag,Airbag,"Mommy's boy Juantxo is engaged. Dragged to the party by his friends Konradin and Paco, he loses his expensive wedding ring inside the body of a prostitute. Mafioso whorehouse owner Villambrosa finds the ring. Meanwhile Villambrosa's rival gangster Souza sends femme fatale Fatima to check things out. Juantxo and his friends are trying to get the ring back and in the process get involved in the war between gangs.",,Released,False,False,1997-06-20,125,3350000,8000000,1.5139,6.541,109,es,,tt0115487,/sjvz7mxHsygeO4K09GoSgWR4dfy.jpg,/uI7Wxl9RMthNtSPOCfTNvPW6oWs.jpg,"[{""id"": 35, ""name"": ""Comedy""}, {""id"": 28, ""name"": ""Action""}, {""id"": 80, ""name"": ""Crime""}, {""id"": 53, ""name"": ""Thriller""}]","[{""id"": 982, ""logo_path"": null, ""name"": ""Road Movies Dritte Produktionen"", ""origin_country"": ""DE""}, {""id"": 986, ""logo_path"": ""/qDV8nLH9pjElZSnPmg29mzzNlTo.png"", ""name"": ""ARD Degeto"", ""origin_country"": ""DE""}, {""id"": 1419, ""logo_path"": null, ""name"": ""Virgin Vision"", ""origin_country"": """"}, {""id"": 2846, ""logo_path"": null, ""name"": ""MGN Filmes"", ""origin_country"": ""PT""}, {""id"": 24914, ""logo_path"": null, ""name"": ""Marea Films"", ""origin_country"": """"}, {""id"": 25429, ""logo_path"": null, ""name"": ""Asegarce Zinema"", ""origin_country"": """"}, {""id"": 104, ""logo_path"": ""/9aotxauvc9685tq9pTcRJszuT06.png"", ""name"": ""Canal+"", ""origin_country"": ""FR""}, {""id"": 981, ""logo_path"": ""/pkrdO9ykplO4Zc8edikoSX5APUN.png"", ""name"": ""TVE"", ""origin_country"": ""ES""}, {""id"": 31123, ""logo_path"": ""/Q9F9wXH9XRsSwvR9eA0Yn8P1wT.png"", ""name"": ""EiTB"", ""origin_country"": ""ES""}]","[{""iso_3166_1"": ""FR"", ""name"": ""France""}, {""iso_3166_1"": ""DE"", ""name"": ""Germany""}, {""iso_3166_1"": ""PT"", ""name"": ""Portugal""}, {""iso_3166_1"": ""ES"", ""name"": ""Spain""}]","[{""english_name"": ""Spanish"", ""iso_639_1"": ""es"", ""name"": ""Espa\u00f1ol""}]","[""ES""]",null
21701,Take a Chance,Take a Chance,"It's a classic boy-meets-girl story, boy-loses-girl, boy gets mistaken for an escaped convict and ruthlessly chased by armies of cops across the countryside in a thrill-packed stunt-addled climax.",,Released,False,False,1918-12-15,10,0,0,0.2839,6.1,20,en,,tt0009678,/qV5mni2Kwyp6XAybtUZ3h5NHkBh.jpg,/k9jMHXE03KWNuvRzSfW6oiT6DID.jpg,"[{""id"": 35, ""name"": ""Comedy""}, {""id"": 18, ""name"": ""Drama""}, {""id"": 10749, ""name"": ""Romance""}]","[{""id"": 18789, ""logo_path"": null, ""name"": ""Rolin Films"", ""origin_country"": ""US""}]","[{""iso_3166_1"": ""US"", ""name"": ""United States of America""}]","[{""english_name"": ""No Language"", ""iso_639_1"": ""xx"", ""name"": ""No Language""}]","[""US""]",null
21704,Sam's Lake,Sam's Lake,"Inspired by a murder-mystery-turned-legend surrounding a massacre near ""Sam's Lake,"" the film follows Sam, a young woman who, every summer, returns home to the secluded lakeside cottage she grew up in, to reconnect with her traditions and memories of the past deep within an isolated forest.",,Released,False,False,2006-04-29,87,0,0,0.7561,4.4,15,en,,tt0423116,/iFEkBWMLKkkwG7Uz2ZZfeUYTPpr.jpg,,"[{""id"": 27, ""name"": ""Horror""}, {""id"": 53, ""name"": ""Thriller""}]","[{""id"": 4001, ""logo_path"": null, ""name"": ""One Eye Open"", ""origin_country"": """"}, {""id"": 4002, ""logo_path"": null, ""name"": "".40 Caliber"", ""origin_country"": """"}]","[{""iso_3166_1"": ""KR"", ""name"": ""South Korea""}, {""iso_3166_1"": ""CA"", ""name"": ""Canada""}, {""iso_3166_1"": ""US"", ""name"": ""United States of America""}]","[{""english_name"": ""English"", ""iso_639_1"": ""en"", ""name"": ""English""}]","[""US"", ""CA""]",null
21705,The Barbie Diaries,The Barbie Diaries,"Barbie is disheartened when Todd breaks her heart and goes back to his former girlfriend. But things change when she comes across a diary, which makes her wishes come true.","Friends, Dreams, and a Rockin' Adventure!",Released,False,False,2006-05-17,70,0,0,1.3005,6.447,390,en,,tt0795338,/zSCQBfNWsdiKaqDj7LQUgxnSaFi.jpg,/bACImU2OK8iFwDIIRBzLX4KOPL1.jpg,"[{""id"": 10751, ""name"": ""Family""}, {""id"": 16, ""name"": ""Animation""}]","[{""id"": 85521, ""logo_path"": ""/c20EAoyrowat03V7colUeaojCW7.png"", ""name"": ""Curious Pictures"", ""origin_country"": ""US""}, {""id"": 6220, ""logo_path"": ""/cAj69EL1zSXmZH6STbMGZrunyMD.png"", ""name"": ""Mattel"", ""origin_country"": ""US""}]","[{""iso_3166_1"": ""CA"", ""name"": ""Canada""}, {""iso_3166_1"": ""US"", ""name"": ""United States of America""}]","[{""english_name"": ""English"", ""iso_639_1"": ""en"", ""name"": ""English""}]","[""US""]",null
21707,My Wife Is a Gangster,조폭 마누라,"Eun-jin who is a living legend among the gangsters dominates the male-centered underworld wielding only a pair of her trademark blades. One day, Eun-jin finds her sister from whom she was separated at an orphanage during childhood, and her sister tells Eun-jin that her last dying wish is to see that Eun-jin gets married.",She can't clean or cook. But she can kick your ass.,Released,False,False,2001-04-19,110,0,0,2.3633,5.9,74,ko,,tt0296696,/cmg4E3GLJpx6cDOLslFeCZ2ZZRN.jpg,/98yi4Me1hFdp4sxhROAv1NVEXLC.jpg,"[{""id"": 28, ""name"": ""Action""}, {""id"": 35, ""name"": ""Comedy""}]","[{""id"": 90466, ""logo_path"": null, ""name"": ""Hyun Jin Films"", ""origin_country"": ""KR""}, {""id"": 11554, ""logo_path"": null, ""name"": ""Korea Pictures"", ""origin_country"": ""KR""}, {""id"": 135135, ""logo_path"": null, ""name"": ""Suh Se-Won Production Co. Ltd."", ""origin_country"": """"}]","[{""iso_3166_1"": ""KR"", ""name"": ""South Korea""}]","[{""english_name"": ""Korean"", ""iso_639_1"": ""ko"", ""name"": ""\ud55c\uad6d\uc5b4/\uc870\uc120\ub9d0""}]","[""KR""]","{""id"": 101676, ""name"": ""My Wife is a Gangster Collection"", ""poster_path"": ""/8qznG3tTUNgL0FKKjKIDVZtujS5.jpg"", ""backdrop_path"": ""/lvjsjmCB66XUR0l9h3vFZ7OiJXx.jpg""}"
21708,My Wife Is A Gangster 2,조폭 마누라 2: 돌아온 전설,"Former Scissor Gang leader Eun-jin, who now suffers from amnesia, nevertheless defends Jae-cheol, a restaurateur who employs her, from a gangster who wants his business.",Return of the Godmother.,Released,False,False,2003-09-05,110,0,0,1.9348,5.7,39,ko,,tt0364447,/nS3nSiaHzM6fc7yT8Yu7vThNnl9.jpg,/2ae9oj1XDQPPyfO0luvL1HufUhk.jpg,"[{""id"": 28, ""name"": ""Action""}, {""id"": 35, ""name"": ""Comedy""}]","[{""id"": 7036, ""logo_path"": ""/javbyY0ZCvlFJtly3tpZqf2NwLX.png"", ""name"": ""CJ Entertainment"", ""origin_country"": ""KR""}, {""id"": 36282, ""logo_path"": null, ""name"": ""Hyeon-jin Films"", ""origin_country"": """"}]","[{""iso_3166_1"": ""KR"", ""name"": ""South Korea""}]","[{""english_name"": ""Korean"", ""iso_639_1"": ""ko"", ""name"": ""\ud55c\uad6d\uc5b4/\uc870\uc120\ub9d0""}]","[""KR""]","{""id"": 101676, ""name"": ""My Wife is a Gangster Collection"", ""poster_path"": ""/8qznG3tTUNgL0FKKjKIDVZtujS5.jpg"", ""backdrop_path"": ""/lvjsjmCB66XUR0l9h3vFZ7OiJXx.jpg""}"
21709,Orkney Snorkie 2 - Nog n Movie,Orkney Snorkie 2 - Nog n Movie,,,Released,False,False,2003-09-05,110,0,0,0.0,0.0,0,en,,,,,[],[],[],[],"[""US""]",null
21710,Fuck,Fuck,"A documentary on the expletive's origin, why it offends some people so deeply, and what can be gained from its use.",The one word that brings all people together - and then sets them apart,Released,False,False,2006-11-10,93,0,19791,1.7217,6.4,87,en,,tt0486585,/26KoTqt7297hMcyU98hzlENhZJc.jpg,/gBzrll2riZVBQIq9MhlRuK2vmYV.jpg,"[{""id"": 99, ""name"": ""Documentary""}]","[{""id"": 97358, ""logo_path"": null, ""name"": ""Mudflap Films"", ""origin_country"": """"}, {""id"": 21957, ""logo_path"": null, ""name"": ""Rainstorm Entertainment"", ""origin_country"": ""US""}]","[{""iso_3166_1"": ""US"", ""name"": ""United States of America""}]","[{""english_name"": ""English"", ""iso_639_1"": ""en"", ""name"": ""English""}]","[""US""]",null
21711,The Candidate,The Candidate,"Bill McKay is a candidate for the U.S. Senate from California. He has no hope of winning, so he is willing to tweak the establishment.",Bill McKay has a lot going for him...but nothing compared to what's coming.,Released,False,False,1972-06-29,110,1600000,2500000,1.6216,6.5,181,en,,tt0068334,/6zcDSOe1akUXsc2Q1APfchKcVaI.jpg,/rd6IEzxIx3I066DeXPg4K861f4D.jpg,"[{""id"": 35, ""name"": ""Comedy""}, {""id"": 18, ""name"": ""Drama""}]","[{""id"": 8776, ""logo_path"": null, ""name"": ""Redford-Ritchie Productions"", ""origin_country"": """"}, {""id"": 174, ""logo_path"": ""/zhD3hhtKB5qyv7ZeL4uLpNxgMVU.png"", ""name"": ""Warner Bros. Pictures"", ""origin_country"": ""US""}]","[{""iso_3166_1"": ""US"", ""name"": ""United States of America""}]","[{""english_name"": ""English"", ""iso_639_1"": ""en"", ""name"": ""English""}, {""english_name"": ""Spanish"", ""iso_639_1"": ""es"", ""name"": ""Espa\u00f1ol""}]","[""US""]",null
21712,Mind Game,マインド・ゲーム,"Nishi is a loser who has a crush on his childhood girlfriend. After an encounter with the Japanese mafia, he journeys to heaven and back, and ends up trapped in an even more unlikely place.",This Story Has Never Ended.,Released,False,False,2004-08-07,103,0,36613,3.1988,7.463,325,ja,http://www.mindgame.jp,tt0452039,/e5mV1iVcjg7nkpJrskQOnFCR4H9.jpg,/tuaEh2FkPiUO7djMD6vGbiOSpLy.jpg,"[{""id"": 16, ""name"": ""Animation""}, {""id"": 10749, ""name"": ""Romance""}, {""id"": 35, ""name"": ""Comedy""}, {""id"": 18, ""name"": ""Drama""}, {""id"": 14, ""name"": ""Fantasy""}]","[{""id"": 10868, ""logo_path"": ""/9779IFPDaVxYmmWOHHfRyH17qnx.png"", ""name"": ""STUDIO4\u2103"", ""origin_country"": ""JP""}, {""id"": 194517, ""logo_path"": ""/nZaVIrCY0pIopTLScuRr9XAUj4G.png"", ""name"": ""Asmik Ace Entertainment"", ""origin_country"": ""JP""}, {""id"": 71921, ""logo_path"": null, ""name"": ""Rentrak Japan"", ""origin_country"": ""JP""}, {""id"": 29177, ""logo_path"": null, ""name"": ""Beyond C."", ""origin_country"": ""JP""}]","[{""iso_3166_1"": ""JP"", ""name"": ""Japan""}]","[{""english_name"": ""Japanese"", ""iso_639_1"": ""ja"", ""name"": ""\u65e5\u672c\u8a9e""}]","[""JP""]",null
21714,Coven,Coven,An alcohol/drug abuser re-examines his life until he nearly dies from an overdose. Then a friend convinces him to join a self-help group which turns out to be demonic.,,Released,False,False,1997-06-12,37,0,0,0.2624,5.5,24,en,,tt0225434,/z7AzUriysDApYoz6YGZmA6m1y26.jpg,/ndWxPThSoPdFjMMULCNIspzdQsA.jpg,"[{""id"": 18, ""name"": ""Drama""}, {""id"": 27, ""name"": ""Horror""}]","[{""id"": 54279, ""logo_path"": null, ""name"": ""Northwest Productions"", ""origin_country"": """"}]","[{""iso_3166_1"": ""US"", ""name"": ""United States of America""}]","[{""english_name"": ""English"", ""iso_639_1"": ""en"", ""name"": ""English""}]","[""US""]",null
21717,Big Jake,Big Jake,An aging Texas cattle man who has outlived his time swings into action when outlaws kidnap his grandson.,They wanted gold. They gave them lead instead!,Released,False,False,1971-05-26,110,4800000,7500000,4.1897,6.9,238,en,,tt0066831,/wcmxYNuM9akm0Qjs86quqMAUX6C.jpg,/n5ajL8GUn8QHLWiOmVU0LwMfYDI.jpg,"[{""id"": 37, ""name"": ""Western""}]","[{""id"": 2532, ""logo_path"": ""/qxGytGpK9htSl6xxv9qP1dG656e.png"", ""name"": ""Batjac Productions"", ""origin_country"": ""US""}, {""id"": 3070, ""logo_path"": ""/HpLKMqrVxDIm3k6WE33aqN0H5M.png"", ""name"": ""Cinema Center Films"", ""origin_country"": """"}]","[{""iso_3166_1"": ""US"", ""name"": ""United States of America""}]","[{""english_name"": ""English"", ""iso_639_1"": ""en"", ""name"": ""English""}, {""english_name"": ""Spanish"", ""iso_639_1"": ""es"", ""name"": ""Espa\u00f1ol""}]","[""US""]",null
21719,The Minus Man,The Minus Man,"When the quiet and amiable Vann Siegert drifts into town, no one suspects the evil that lies beneath the surface. Despite his easy charm, Vann is merely a reflection of what those he encounters want him to be. Soon, as locals start to disappear, it becomes clear that an eerie subtraction is at work in the sleepy hamlet.",Keep your eyes open for anything too ordinary.,Released,False,False,1999-09-24,111,0,370668,2.7788,5.4,105,en,,tt0151582,/xrui0mDUWY3poirLrjHtoOU1rGA.jpg,/3rVtoCyClDZh6vt7tRUBWVoIOnR.jpg,"[{""id"": 18, ""name"": ""Drama""}, {""id"": 53, ""name"": ""Thriller""}]","[{""id"": 91526, ""logo_path"": null, ""name"": ""Fida Attieh Productions"", ""origin_country"": """"}, {""id"": 1596, ""logo_path"": null, ""name"": ""The Shooting Gallery"", ""origin_country"": ""US""}, {""id"": 1632, ""logo_path"": ""/cisLn1YAUuptXVBa0xjq7ST9cH0.png"", ""name"": ""Lionsgate"", ""origin_country"": ""US""}]","[{""iso_3166_1"": ""US"", ""name"": ""United States of America""}]","[{""english_name"": ""English"", ""iso_639_1"": ""en"", ""name"": ""English""}]","[""US""]",null
21721,Eddie and the Cruisers,Eddie and the Cruisers,"A television newswoman picks up the story of a 1960s rock band whose long-lost leader — Eddie Wilson — may still be alive, while searching for the missing tapes of the band's never-released album.",Rebel. Rocker. Lover. Idol. Vanished.,Released,False,False,1983-09-23,95,0,4786789,1.5794,6.7,94,en,,tt0085475,/qohqTtk33FlEoeb3zYLEAUGSO0E.jpg,/jXND39wsOOjWoE7FrpAFJ60OaLM.jpg,"[{""id"": 18, ""name"": ""Drama""}, {""id"": 10402, ""name"": ""Music""}]","[{""id"": 1087, ""logo_path"": null, ""name"": ""Aurora"", ""origin_country"": ""US""}, {""id"": 112748, ""logo_path"": ""/lGUJXMRuudPSl4SrmXUaag0d8oj.png"", ""name"": ""Embassy Pictures"", ""origin_country"": ""US""}]","[{""iso_3166_1"": ""US"", ""name"": ""United States of America""}]","[{""english_name"": ""English"", ""iso_639_1"": ""en"", ""name"": ""English""}]","[""US""]","{""id"": 186102, ""name"": ""Eddie and the Cruisers Collection"", ""poster_path"": ""/bbRjlTuNCgHdisHarToVHrrWDrd.jpg"", ""backdrop_path"": ""/bE1DpItD9fagKDmdDBU5NBmRKYy.jpg""}"
21724,Dance Flick,Dance Flick,"Street dancer Thomas Uncles is from the wrong side of the tracks, but his bond with the beautiful Megan White might help the duo realize their dreams as they enter in the mother of all dance battles.",The funniest dance movie of all time.,Released,False,False,2009-05-22,83,25000000,31439140,2.4475,4.968,296,en,,tt1153706,/qqaM8jQhALhULwvm3eEepkBTQHJ.jpg,/yTg0O6dYknEp3yPDnsI1jp4Aj8T.jpg,"[{""id"": 10402, ""name"": ""Music""}, {""id"": 35, ""name"": ""Comedy""}, {""id"": 28, ""name"": ""Action""}]","[{""id"": 4, ""logo_path"": ""/jay6WcMgagAklUt7i9Euwj1pzTF.png"", ""name"": ""Paramount Pictures"", ""origin_country"": ""US""}, {""id"": 746, ""logo_path"": ""/kc7bdIVTBkJYy9aDK1QDDTAL463.png"", ""name"": ""MTV Films"", ""origin_country"": ""US""}, {""id"": 1608, ""logo_path"": null, ""name"": ""Wayans Bros. Entertainment"", ""origin_country"": ""US""}]","[{""iso_3166_1"": ""US"", ""name"": ""United States of America""}]","[{""english_name"": ""English"", ""iso_639_1"": ""en"", ""name"": ""English""}]","[""US""]",null
21725,Mein Kampf,Den blodiga tiden,"Using exclusively archival footage, Erwin Leiser traces the rise and collapse of the Third Reich, from Adolf Hitler’s early years to the devastation of Europe and his suicide in 1945. The film draws heavily on material produced and preserved by the Nazi propaganda apparatus to confront the mechanisms, imagery, and consequences of totalitarian power.",The Never Before Shown Truth of Hitler's Reich,Released,False,False,1960-04-24,197,0,1450000,0.1306,7.5,6,sv,,tt0052635,/siLnrXxsbAdYvlOG8Nt8uKyevul.jpg,/i6iUp5TTt7hDjMZ0fFHp45vmzB.jpg,"[{""id"": 99, ""name"": ""Documentary""}]","[{""id"": 153, ""logo_path"": null, ""name"": ""Minerva Film"", ""origin_country"": ""IT""}]","[{""iso_3166_1"": ""DE"", ""name"": ""Germany""}, {""iso_3166_1"": ""SE"", ""name"": ""Sweden""}]","[{""english_name"": ""Swedish"", ""iso_639_1"": ""sv"", ""name"": ""svenska""}, {""english_name"": ""German"", ""iso_639_1"": ""de"", ""name"": ""Deutsch""}]","[""SE""]",null
21733,Dragons Forever,飛龍猛將,"A hot-shot lawyer is hired by a Hong Kong chemical plant to dispose of opposition to their polluting ways. But when he falls for a beautiful woman out to stop the plant, he is torn in a conflict of interest and asks his trusty friends Samo and Biao to help out at least until they discover the true purpose of the plant.",Don't mess with these dragons!,Released,False,False,1988-02-11,93,0,0,5.4233,7.247,298,cn,,tt0093015,/lt94C482UqyVlq1UdK5nvXukaw7.jpg,/wacsE7Ofc3JAqY7JzVgHCLHkh6G.jpg,"[{""id"": 28, ""name"": ""Action""}, {""id"": 35, ""name"": ""Comedy""}, {""id"": 10749, ""name"": ""Romance""}]","[{""id"": 2734, ""logo_path"": null, ""name"": ""Paragon Films"", ""origin_country"": ""HK""}, {""id"": 2521, ""logo_path"": ""/e9lXexogBN1nOXA8axzASggea8B.png"", ""name"": ""Orange Sky Golden Harvest"", ""origin_country"": ""HK""}]","[{""iso_3166_1"": ""HK"", ""name"": ""Hong Kong""}]","[{""english_name"": ""Cantonese"", ""iso_639_1"": ""cn"", ""name"": ""\u5e7f\u5dde\u8bdd / \u5ee3\u5dde\u8a71""}]","[""HK""]",null
21734,Shadow of a Doubt,Shadow of a Doubt,"In sleepy Santa Rosa, restless young Charlie’s world brightens when her sophisticated Uncle Charlie arrives for a long visit. But as his behavior grows increasingly strange, she begins to suspect that her beloved uncle may be hiding a terrible secret—and that danger has quietly entered her home.",What horror did her secret life hold… that made her dread this man of her dreams?,Released,False,False,1943-01-12,107,0,0,3.4652,7.5,1138,en,,tt0036342,/ptyWagbWE8jSGyV2tGEzAdVbRCj.jpg,/1p78xI6mywlqhb3tfw6oTJt7X3t.jpg,"[{""id"": 53, ""name"": ""Thriller""}, {""id"": 9648, ""name"": ""Mystery""}]","[{""id"": 33, ""logo_path"": ""/8lvHyhjr8oUKOOy2dKXoALWKdp0.png"", ""name"": ""Universal Pictures"", ""origin_country"": ""US""}, {""id"": 4005, ""logo_path"": null, ""name"": ""Skirball Productions"", ""origin_country"": ""US""}]","[{""iso_3166_1"": ""US"", ""name"": ""United States of America""}]","[{""english_name"": ""English"", ""iso_639_1"": ""en"", ""name"": ""English""}]","[""US""]",null
21735,49th Parallel,49th Parallel,"In the early days of World War II, a German U-boat is sunk in Canada's Hudson Bay. Hoping to evade capture, a small band of German soldiers led by commanding officer Lieutenant Hirth attempts to cross the border into the United States, which has not yet entered the war and is officially neutral. Along the way, the German soldiers encounter brave men such as a French-Canadian fur trapper, Johnnie, a leader of a Hutterite farming community, Peter, an author, Philip and a soldier, Andy Brock.",THE MIGHTEST MANHUNT THAT EVER SWEPT THE SCREEN!,Released,False,False,1941-11-24,123,140000,5275000,2.2959,6.945,118,en,,tt0033627,/m4YTQv9fHYB2nZ7M2Al6wzOmrYe.jpg,/nvuaUT8kDUyjsRUcNemwuJjTVWD.jpg,"[{""id"": 10752, ""name"": ""War""}, {""id"": 53, ""name"": ""Thriller""}]","[{""id"": 13877, ""logo_path"": null, ""name"": ""Ortus Films"", ""origin_country"": ""GB""}]","[{""iso_3166_1"": ""GB"", ""name"": ""United Kingdom""}]","[{""english_name"": ""German"", ""iso_639_1"": ""de"", ""name"": ""Deutsch""}, {""english_name"": ""French"", ""iso_639_1"": ""fr"", ""name"": ""Fran\u00e7ais""}, {""english_name"": ""English"", ""iso_639_1"": ""en"", ""name"": ""English""}]","[""GB""]",null
21736,Everest,Everest,"An international team of climbers ascends Mt. Everest in the spring of 1996. The film depicts their lengthy preparations for the climb, their trek to the summit, and their successful return to Base Camp. It also shows many of the challenges the group faced, including avalanches, lack of oxygen, treacherous ice walls, and a deadly blizzard.",Towering above everything you have seen before.,Released,False,False,1998-03-06,44,0,127990128,1.1639,6.6,77,en,http://www.everestfilm.com,tt0120661,/a104Pkm7cHsztZK2wGiZFJmMqDs.jpg,/s1GaFIYPSUfdk3v7c0RaULIxJ5t.jpg,"[{""id"": 99, ""name"": ""Documentary""}]","[{""id"": 2753, ""logo_path"": ""/zlL22wCmcblgNo68WyFu6nYghKT.png"", ""name"": ""MacGillivray Freeman Films"", ""origin_country"": ""US""}, {""id"": 3447, ""logo_path"": ""/yBdvUlunhXyUowuy0XaEPuBtYTo.png"", ""name"": ""IMAX"", ""origin_country"": ""CA""}, {""id"": 4157, ""logo_path"": null, ""name"": ""Arcturus Motion Pictures"", ""origin_country"": """"}, {""id"": 4158, ""logo_path"": null, ""name"": ""Polartec"", ""origin_country"": """"}, {""id"": 14, ""logo_path"": ""/m6AHu84oZQxvq7n1rsvMNJIAsMu.png"", ""name"": ""Miramax"", ""origin_country"": ""US""}]","[{""iso_3166_1"": ""US"", ""name"": ""United States of America""}]","[{""english_name"": ""English"", ""iso_639_1"": ""en"", ""name"": ""English""}]","[""US""]",null
21737,Extreme,Extreme,"EXTREME is a visually stunning 45-minute journey into the soul of adventure featuring a cast of world champion athletes. Combining incredible extreme sport action with narration from the athletes and an eclectic, contemporary soundtrack, EXTREME explores the paradox of human nature: facing fear from the edge of life.",,Released,False,False,1999-03-25,45,0,0,0.6026,5.9,4,en,,tt0193925,/h45lPP6K75tluxXq4ZVrxCpfgAB.jpg,/btlnCnwjirdD7dCudPN2Z4tnnSR.jpg,"[{""id"": 99, ""name"": ""Documentary""}]",[],"[{""iso_3166_1"": ""CA"", ""name"": ""Canada""}]","[{""english_name"": ""English"", ""iso_639_1"": ""en"", ""name"": ""English""}]","[""CA"", ""US""]",null
21738,The Great American West,The Great American West,,,Released,False,False,1995-01-01,41,0,0,0.2163,8.5,2,en,,tt0119221,,,"[{""id"": 99, ""name"": ""Documentary""}, {""id"": 36, ""name"": ""History""}]",[],"[{""iso_3166_1"": ""US"", ""name"": ""United States of America""}]","[{""english_name"": ""English"", ""iso_639_1"": ""en"", ""name"": ""English""}]","[""US""]",null
21739,Great North,Great North,"This film takes viewers through the rich, white majesty of the Inuit Great North. Along with doing justice to the breathtaking and awesome landscape of the freezing, snow-covered environment, Great North also looks into the long-standing traditions, such as fishing and hunting, of the Inuit tribes.",,Released,False,False,2001-05-11,42,0,0,0.2997,5.8,6,en,,tt0285154,/r1cKHShkZvitzhbugVKQWvfKs4w.jpg,/zD2rlkgPpIJ5Jp3WsH72AZlu2S4.jpg,"[{""id"": 99, ""name"": ""Documentary""}]","[{""id"": 3447, ""logo_path"": ""/yBdvUlunhXyUowuy0XaEPuBtYTo.png"", ""name"": ""IMAX"", ""origin_country"": ""CA""}]","[{""iso_3166_1"": ""CA"", ""name"": ""Canada""}]","[{""english_name"": ""English"", ""iso_639_1"": ""en"", ""name"": ""English""}]","[""CA"", ""US""]",null
21740,The Greatest Places,The Greatest Places,"A journey to seven of the most geographically dynamic locations on earth. The film features spectacular land forms, diverse wildlife and the people and cultures indigenous to these places. Distinct geographic places include the great island of Madagascar, home to unique limestone pinnacles and the playful lemur; and the greatest desert—the Namib—home of the largest sand dunes in the world that tower majestically over its western border, the Atlantic Ocean. Other locations featured are the great icecap of Greenland, Iguazu Falls in Brazil, the Okavango Delta in Botswana, the Chang Tang Plateau in Tibet, and the Amazon River in South America.",,Released,False,False,1998-06-30,40,0,0,0.575,5.3,8,en,,tt0157721,/p5vFEOaN3vC7y3Y70swzK9WR3e1.jpg,/afUU3Pw2ygkxph9XfxC3cVMfsay.jpg,"[{""id"": 99, ""name"": ""Documentary""}]","[{""id"": 3447, ""logo_path"": ""/yBdvUlunhXyUowuy0XaEPuBtYTo.png"", ""name"": ""IMAX"", ""origin_country"": ""CA""}]","[{""iso_3166_1"": ""US"", ""name"": ""United States of America""}]","[{""english_name"": ""English"", ""iso_639_1"": ""en"", ""name"": ""English""}]","[""US""]",null
21741,Hail Columbia!,Hail Columbia!,"An IMAX documentary that follows the first flight of Space Shuttle Columbia, from launch preparations to its historic return to Earth.",,Released,False,False,1982-06-15,37,0,0,0.5773,7.3,3,en,,tt0084043,/egK3eNQG8zadFBRBLFrTbOGp0nu.jpg,,"[{""id"": 99, ""name"": ""Documentary""}]","[{""id"": 3447, ""logo_path"": ""/yBdvUlunhXyUowuy0XaEPuBtYTo.png"", ""name"": ""IMAX"", ""origin_country"": ""CA""}]","[{""iso_3166_1"": ""US"", ""name"": ""United States of America""}]","[{""english_name"": ""English"", ""iso_639_1"": ""en"", ""name"": ""English""}]","[""US""]",null
21742,Into the Deep,Into the Deep,"An underwater exploration beneath kelp forests in the Pacific Ocean off the coast of Southern California. The film captures the birth of a shark, squids mating, a lobster molting, a fish protecting its nest from an octopus and a sea urchin, and the sea bed covered with brittle stars.",Someday all movies will be this real.,Released,False,False,1994-11-02,34,0,0,0.6646,5.1,4,en,,tt0110150,/kibf6EfGyWyYCRC2PcgAUCoHWQu.jpg,/oCVdQiXQmohfZYY8UeA39eqKd7C.jpg,"[{""id"": 99, ""name"": ""Documentary""}]","[{""id"": 48696, ""logo_path"": null, ""name"": ""3D Sea Inc."", ""origin_country"": """"}, {""id"": 3447, ""logo_path"": ""/yBdvUlunhXyUowuy0XaEPuBtYTo.png"", ""name"": ""IMAX"", ""origin_country"": ""CA""}]","[{""iso_3166_1"": ""CA"", ""name"": ""Canada""}, {""iso_3166_1"": ""US"", ""name"": ""United States of America""}]","[{""english_name"": ""English"", ""iso_639_1"": ""en"", ""name"": ""English""}]","[""CA"", ""US""]",null
21743,Mountain Gorilla,Mountain Gorilla,"Mountain Gorilla takes us to a remote range of volcanic mountains in Africa, described by those who have been there as """"one of the most beautiful places in the world"""", and home to the few hundred remaining mountain gorillas. In spending a day with a gorilla family in the mountain forest, audiences will be captivated by these intelligent and curious animals, as they eat, sleep, play and interact with each other. Although gorillas have been much-maligned in our popular culture, viewers will finally """"meet the legend"""" face to face, and learn about their uncertain future.",,Released,False,False,1992-03-25,38,0,0,0.3894,7.0,2,en,,tt0104923,/kdSKo73EjKFKESR3RHCaQDpqLfR.jpg,/majfaeIj33USmJxsArVkeOngKGv.jpg,"[{""id"": 99, ""name"": ""Documentary""}]","[{""id"": 3447, ""logo_path"": ""/yBdvUlunhXyUowuy0XaEPuBtYTo.png"", ""name"": ""IMAX"", ""origin_country"": ""CA""}, {""id"": 7521, ""logo_path"": ""/fRqMjLjyAqThtEg9P9WKCXLmCpJ.png"", ""name"": ""National Geographic"", ""origin_country"": ""US""}]","[{""iso_3166_1"": ""US"", ""name"": ""United States of America""}, {""iso_3166_1"": ""CA"", ""name"": ""Canada""}]","[{""english_name"": ""English"", ""iso_639_1"": ""en"", ""name"": ""English""}]","[""CA"", ""US""]",null
21744,"Ocean Men, Extreme Dive","Ocean Men, Extreme Dive","For more than 10 years, world champion freedivers Pipin Ferreras and Umberto Pelizzari have been vying for world records. Their love of the sea without compromise is what unites these two rivals. However, it is their different personalities and opposing diving philosophies that separate them. Pipin is the ""No Limits"" man who wants to go deeper and deeper. Umberto, the purist, seeks harmony in the ocean's depth. Ocean Men takes you into the world of these two awe-inspiring freedivers through the use of breathtaking underwater photography, enchanting music, and insightful animation.",,Released,False,False,2002-07-20,40,0,0,0.5307,6.7,3,en,,tt0330713,/ptl45UZ0IXHDYDMn81oSfVOcjKf.jpg,/b6ODELroa9xBnP9uTQIi9e2lmH2.jpg,"[{""id"": 99, ""name"": ""Documentary""}]","[{""id"": 54382, ""logo_path"": null, ""name"": ""Haifisch Entertainment"", ""origin_country"": """"}, {""id"": 54383, ""logo_path"": null, ""name"": ""HB5B Media AG"", ""origin_country"": """"}]","[{""iso_3166_1"": ""DE"", ""name"": ""Germany""}]","[{""english_name"": ""English"", ""iso_639_1"": ""en"", ""name"": ""English""}]","[""US""]",null
21745,Search for the Great Sharks,Search for the Great Sharks,"A journey into the land of sharks. The old myth of swimming killing machines is put against the true nature of those rather peaceful hunters, whose evolution ended in biological perfection millions of years ago. We accompany expeditions of Dr. Eugenie Clark and Rodney Fox, who have studied sharks since the 1950's.",,Released,False,False,1992-01-01,40,0,0,0.4372,5.5,7,en,,tt0108064,/d1BTu0J4r9x3pnQ9YLd7c9zuB7X.jpg,,"[{""id"": 99, ""name"": ""Documentary""}]","[{""id"": 54691, ""logo_path"": null, ""name"": ""Science Museum of Minnesota"", ""origin_country"": """"}, {""id"": 54932, ""logo_path"": null, ""name"": ""Cincinnati Museum of Natural History"", ""origin_country"": """"}, {""id"": 54933, ""logo_path"": null, ""name"": ""Goto Optical Manufacturing Company"", ""origin_country"": """"}, {""id"": 7506, ""logo_path"": null, ""name"": ""Graphic Films"", ""origin_country"": """"}]","[{""iso_3166_1"": ""US"", ""name"": ""United States of America""}]","[{""english_name"": ""English"", ""iso_639_1"": ""en"", ""name"": ""English""}]","[""US""]",null
21746,The Secret of Life on Earth,The Secret of Life on Earth,A breathtaking adventure across five continents and through time to reveal nature's most vital secret. Watch a flying fox gorge itself on a midnight snack of figs. Climb into the prickly jaws of insect-eating plants. Witness a mantis disguised as a flower petal lure its prey to doom.,,Released,False,False,1993-10-14,42,0,0,0.8311,6.0,1,en,,tt0111111,/baa6T6noxiFUZcb6Jz8TjjlOoCH.jpg,,"[{""id"": 99, ""name"": ""Documentary""}]","[{""id"": 3447, ""logo_path"": ""/yBdvUlunhXyUowuy0XaEPuBtYTo.png"", ""name"": ""IMAX"", ""origin_country"": ""CA""}, {""id"": 137016, ""logo_path"": null, ""name"": ""Ssangyong Corporation"", ""origin_country"": """"}]","[{""iso_3166_1"": ""US"", ""name"": ""United States of America""}]","[{""english_name"": ""English"", ""iso_639_1"": ""en"", ""name"": ""English""}]","[""US""]",null
21748,Stormchasers,Stormchasers,"Track monsoons, hurricanes, blizzards, and tornadoes. Take a journey around the planet to experience our most extreme storms and to witness the dramatic--and often perilous--efforts of scientists in the pursuit of understanding weather.Join meteorologists in the cockpit of a P-3 weather plane as they penetrate the eye of a hurricane; and in the tense, decisive moments on the road as they focus their radar on an approaching tornado, traveling to the heart of severe storms to learn what makes weather systems tick. Experience the bumpy ride into the sudden and spectacular calm of a hurricane’s eye, or the commando-like raid to the very brink of a killer tornado, and experience one of the elemental joys of doing science: that of confronting nature head-on to divine its awesome secrets.","Succeeds in allowing one to get a good view of Mother Nature’s ferocity, up close and personal",Released,False,False,1995-10-02,38,0,0,0.4492,6.0,5,en,http://www.macgillivrayfreemanfilms.com/site/our-films/film-library/stormchasers.html,tt0114553,/rUgd4PWzggnzpFgOZm8yJDOWXyG.jpg,,"[{""id"": 99, ""name"": ""Documentary""}]","[{""id"": 2753, ""logo_path"": ""/zlL22wCmcblgNo68WyFu6nYghKT.png"", ""name"": ""MacGillivray Freeman Films"", ""origin_country"": ""US""}]","[{""iso_3166_1"": ""US"", ""name"": ""United States of America""}]","[{""english_name"": ""English"", ""iso_639_1"": ""en"", ""name"": ""English""}]","[""US""]",null
21749,Super Speedway,Super Speedway,"We follow the Newman-Haas (Andretti) racing team through the process of building, testing, and racing for a season. This includes extensive race speed on-track footage, including some pre-race footage with a full squad of cars. From time to time, we check in with a small shop building/restoring one of the first roadsters Mario Andretti raced; the finale includes him taking it for a spin.",,Released,False,False,1997-01-01,50,7000000,0,0.5911,8.7,10,en,http://www.stephenlow.com/project/super-speedway/,tt0120245,/dogxWRraOTn9KG5N9xJNC1BFwaa.jpg,/c7YQrQqUlDIXIYgXFmPZU95DiFt.jpg,"[{""id"": 99, ""name"": ""Documentary""}]","[{""id"": 4537, ""logo_path"": null, ""name"": ""Openwheel Productions"", ""origin_country"": """"}]","[{""iso_3166_1"": ""CA"", ""name"": ""Canada""}, {""iso_3166_1"": ""US"", ""name"": ""United States of America""}]","[{""english_name"": ""English"", ""iso_639_1"": ""en"", ""name"": ""English""}]","[""CA"", ""US""]",null
21750,Pearl Jam: Touring Band 2000,Pearl Jam: Touring Band 2000,"28 songs filmed entirely with handheld cameras by Pearl Jam crew members across 19 different cities from the bands' 2000 North American tour.  Reflecting the time and composition of an actual concert set list, this video is, in the words of Eddie Vedder, ""in some ways the visual equivalent of the bootlegs that have been released in the past year... a basic document of what may occur at any given Pearl Jam concert.""",,Released,False,False,2001-05-01,177,0,0,0.4935,7.4,19,en,,tt0277949,/mrJpJG7R2itvmQcIXMaAse966RD.jpg,/gJqxDFCwHoiGmdPVIx8Z5D8PiTO.jpg,"[{""id"": 10402, ""name"": ""Music""}]",[],[],"[{""english_name"": ""English"", ""iso_639_1"": ""en"", ""name"": ""English""}]","[""US""]",null
21751,Spoon,Lepel,"Years ago, Lepel's parents left an hot air balloon world tour. He stays with granny Koppenol, who constantly exploits him for domestic chores, in her buttons shop and even as accomplice in the department store where she steals the buttons from clothes. After she won't even leave him the balloon kind salesman Max gave him, Lepel, now 9, runs away. He meets Max's slightly older daughter Pleun. Schoolmaster Bijts is also looking for him, but only as arithmetics talent for an academic schools contest. Max accidentally finds out the sad truth about Lepel's family.",,Released,False,False,2005-02-02,96,0,1589109,0.6462,6.3,9,nl,http://wwws.nl.warnerbros.com/movies/lepel/,tt0400598,/qdQyWDqvQADphbJBDMCzXexINWB.jpg,/j5doF20ZTafjdAyE5dj0n34hIkF.jpg,"[{""id"": 10751, ""name"": ""Family""}, {""id"": 18, ""name"": ""Drama""}]","[{""id"": 2345, ""logo_path"": ""/nozBgqHmM9A22IHkghTnLiUrM7Q.png"", ""name"": ""Lemming Film"", ""origin_country"": ""NL""}]","[{""iso_3166_1"": ""DE"", ""name"": ""Germany""}, {""iso_3166_1"": ""NL"", ""name"": ""Netherlands""}, {""iso_3166_1"": ""GB"", ""name"": ""United Kingdom""}]","[{""english_name"": ""French"", ""iso_639_1"": ""fr"", ""name"": ""Fran\u00e7ais""}, {""english_name"": ""Dutch"", ""iso_639_1"": ""nl"", ""name"": ""Nederlands""}]","[""GB"", ""NL""]",null
21752,If I Were You 2,Se Eu Fosse Você 2,"Claudio and Helena are on the verge of breaking up, until the couple experiences another strange phenomenon that looks to help them understand one another more.",,Released,False,False,2009-02-01,96,0,0,0.489,6.104,245,pt,http://www.seeufossevoce.com.br/,tt1099227,/jruDMExMKeUz7PHgkk4ROlWwCFO.jpg,/vF94nDYvUSjZb5MAi8WOXifcktI.jpg,"[{""id"": 35, ""name"": ""Comedy""}, {""id"": 14, ""name"": ""Fantasy""}]","[{""id"": 6446, ""logo_path"": ""/bzINKKiM2w4mUU2TAEU7FqnP7xa.png"", ""name"": ""Total Entertainment"", ""origin_country"": ""BR""}, {""id"": 13969, ""logo_path"": ""/bEpiJ2zXGIH70JT16asjWNFtOEv.png"", ""name"": ""Globo Filmes"", ""origin_country"": ""BR""}, {""id"": 11446, ""logo_path"": null, ""name"": ""Lereby Produ\u00e7\u00f5es"", ""origin_country"": ""BR""}, {""id"": 89438, ""logo_path"": ""/qZCc1lty5FzX30aOCVRBLzaVmcp.png"", ""name"": ""20th Century Fox Brazil"", ""origin_country"": ""BR""}]","[{""iso_3166_1"": ""BR"", ""name"": ""Brazil""}]","[{""english_name"": ""Portuguese"", ""iso_639_1"": ""pt"", ""name"": ""Portugu\u00eas""}]","[""BR""]","{""id"": 369380, ""name"": ""If I Were You Collection"", ""poster_path"": ""/vFH5SmHa7dJbRd5jDIVDBOylJXC.jpg"", ""backdrop_path"": null}"
21753,Everything You Want,Everything You Want,A visionary and artistic young woman finds her love torn between her imaginary boyfriend and a real boy from one of her classes.,Love is Just An Illusion. Until the Real Thing Comes along,Released,False,False,2005-04-17,93,0,0,0.501,4.9,25,en,,tt0403237,/19Ii8uFaODwEDHwR4b6Ppin3bjX.jpg,/flrkGVqgR6ILTh8ZL8u1ojvdIxo.jpg,"[{""id"": 35, ""name"": ""Comedy""}, {""id"": 18, ""name"": ""Drama""}, {""id"": 10749, ""name"": ""Romance""}, {""id"": 10770, ""name"": ""TV Movie""}]","[{""id"": 76942, ""logo_path"": null, ""name"": ""Dream Guy Productions"", ""origin_country"": """"}]","[{""iso_3166_1"": ""US"", ""name"": ""United States of America""}]","[{""english_name"": ""English"", ""iso_639_1"": ""en"", ""name"": ""English""}]","[""US""]",null
21754,Fahrenhype 9/11,Fahrenhype 9/11,"A documentary which refutes and debunks facts made by Michael Moore in his film ""Fahrenheit 9/11"".",Unraveling the Truth About Fahrenheit 9/11 & Michael Moore,Released,False,False,2004-10-05,80,0,0,1.0418,3.7,7,en,,tt0427228,/s48v4v5zJ4oy18XB5cqQMsql7Zp.jpg,,"[{""id"": 99, ""name"": ""Documentary""}]",[],[],"[{""english_name"": ""English"", ""iso_639_1"": ""en"", ""name"": ""English""}]","[""US""]",null
21755,The Brothers Bloom,The Brothers Bloom,"The Brothers Bloom are the best con men in the world, swindling millionaires with complex scenarios of lust and intrigue. Now they've decided to take on one last job – showing a beautiful and eccentric heiress the time of her life with a romantic adventure that takes them around the world.",They'd never let the truth come between them.,Released,False,False,2008-09-09,114,20000000,5530764,2.7759,6.5,701,en,http://www.brothersbloom.com/,tt0844286,/xIz8iwzyjgWGzcIwHKpqhBs77ML.jpg,/pPoaq7dEGA2xP1FNXTCECRuG4JS.jpg,"[{""id"": 12, ""name"": ""Adventure""}, {""id"": 35, ""name"": ""Comedy""}, {""id"": 18, ""name"": ""Drama""}, {""id"": 10749, ""name"": ""Romance""}]","[{""id"": 491, ""logo_path"": ""/5LvDUt3KmvRnXQ4NrdWJYHeuA8J.png"", ""name"": ""Summit Entertainment"", ""origin_country"": ""US""}, {""id"": 1205, ""logo_path"": ""/wQX3t4qtxm7gBQE3RHuoLghgb73.png"", ""name"": ""Endgame Entertainment"", ""origin_country"": ""US""}, {""id"": 11092, ""logo_path"": null, ""name"": ""Ram Bergman Productions"", ""origin_country"": ""US""}]","[{""iso_3166_1"": ""US"", ""name"": ""United States of America""}]","[{""english_name"": ""English"", ""iso_639_1"": ""en"", ""name"": ""English""}, {""english_name"": ""French"", ""iso_639_1"": ""fr"", ""name"": ""Fran\u00e7ais""}, {""english_name"": ""Czech"", ""iso_639_1"": ""cs"", ""name"": ""\u010cesk\u00fd""}, {""english_name"": ""Japanese"", ""iso_639_1"": ""ja"", ""name"": ""\u65e5\u672c\u8a9e""}]","[""US""]",null
21756,The Indian,De Indiaan,"An adopted eight-year-old Peruvian boy wants to look like his typically Dutch father; however, an encounter with a band of Peruvian-Indian street musicians will inspire him to find his roots.",What do you do when you don't look like your father?,Released,False,False,2009-08-09,90,0,0,0.246,6.3,5,nl,http://www.de-indiaan.nl/indiaan/,tt1267493,/4vq0Eg8ziRN7lTXlLXnLDkdRn0n.jpg,/cYR1bLycqUIP5aLiGDJ03QBSeOq.jpg,"[{""id"": 12, ""name"": ""Adventure""}, {""id"": 10751, ""name"": ""Family""}]","[{""id"": 2345, ""logo_path"": ""/nozBgqHmM9A22IHkghTnLiUrM7Q.png"", ""name"": ""Lemming Film"", ""origin_country"": ""NL""}, {""id"": 9054, ""logo_path"": ""/zb7XWmOcLTLmat8ZjybzJrAwBrP.png"", ""name"": ""BosBros"", ""origin_country"": ""NL""}, {""id"": 239, ""logo_path"": ""/96hCWEsfmTZQsoUap0CcG21qaA.png"", ""name"": ""VPRO"", ""origin_country"": ""NL""}]","[{""iso_3166_1"": ""NL"", ""name"": ""Netherlands""}]","[{""english_name"": ""Dutch"", ""iso_639_1"": ""nl"", ""name"": ""Nederlands""}]","[""NL""]",null
21757,Toss,Toss,This hair raising theme that revolves around an unpredictable human psyche keeps you on tenterhooks and its any one's guess who will survive the testing grounds... After all...It's a flip of destiny.,,Released,False,False,2009-08-28,0,0,0,0.1511,6.0,1,hi,,tt1992257,/1dGooZjRbe9NXOnbOtdcnxzQiTD.jpg,/62UGCFtHdyw1EUfYuBKB8Y1kS3J.jpg,[],[],"[{""iso_3166_1"": ""IN"", ""name"": ""India""}]","[{""english_name"": ""Hindi"", ""iso_639_1"": ""hi"", ""name"": ""\u0939\u093f\u0928\u094d\u0926\u0940""}]","[""IN""]",null
21763,Landspeed,Landspeed,Two teams are in a heated race for the money and the honor that comes with breaking the land speed world record.,,Released,False,False,2002-06-11,90,0,0,1.0428,4.8,5,en,,tt0277790,/hsJoVzATz5gmBq9hvlcxdtZjs0T.jpg,,"[{""id"": 28, ""name"": ""Action""}, {""id"": 18, ""name"": ""Drama""}]","[{""id"": 4008, ""logo_path"": null, ""name"": ""Landspeed Productions LLC"", ""origin_country"": """"}, {""id"": 1164, ""logo_path"": null, ""name"": ""City Heat Productions"", ""origin_country"": """"}, {""id"": 3903, ""logo_path"": ""/scJ51vavJ3t27v5zqlSbtnMv8u3.png"", ""name"": ""Unified Film Organization"", ""origin_country"": ""US""}]","[{""iso_3166_1"": ""US"", ""name"": ""United States of America""}]","[{""english_name"": ""English"", ""iso_639_1"": ""en"", ""name"": ""English""}]","[""US""]",null
21764,Gregory's Girl,Gregory's Girl,A teenager falls hard for the female soccer player who has replaced him on the team and attempts to pursue her.,This has to be the match of the day...,Released,False,False,1980-11-29,91,0,7710,1.0775,6.771,144,en,,tt0082477,/vVOdKnervWwvxIeJzLCqQzQPs7o.jpg,/fEiOrpMvC4IXVWhZPfJd53sclUJ.jpg,"[{""id"": 35, ""name"": ""Comedy""}, {""id"": 10749, ""name"": ""Romance""}]","[{""id"": 13765, ""logo_path"": null, ""name"": ""Lake Films"", ""origin_country"": ""GB""}, {""id"": 11493, ""logo_path"": null, ""name"": ""National Film Finance Corporation (NFFC)"", ""origin_country"": """"}, {""id"": 13766, ""logo_path"": ""/lyb0s330Tw0fccHNB4SMBUR1IOc.png"", ""name"": ""Scottish Television (STV)"", ""origin_country"": ""GB""}]","[{""iso_3166_1"": ""GB"", ""name"": ""United Kingdom""}]","[{""english_name"": ""English"", ""iso_639_1"": ""en"", ""name"": ""English""}, {""english_name"": ""Italian"", ""iso_639_1"": ""it"", ""name"": ""Italiano""}]","[""GB""]","{""id"": 648242, ""name"": ""Gregory's Girl Collection"", ""poster_path"": ""/wScFXU9LsLlBaRbCFK7uUivWyOF.jpg"", ""backdrop_path"": null}"
21765,Good Boy!,Good Boy!,"An intergalactic dog pilot from Sirius (the dog star), visits Earth to verify the rumors that dogs have failed to take over the planet.",Rover is about to take over.,Released,False,False,2003-10-10,88,17000000,0,1.4059,5.5,145,en,http://www.goodboy.com/,tt0326900,/kZDXSPfeKNtai6l8yE4J5LwVQMY.jpg,/5unbVMlqYsgNPEzct6UBo2mVD6A.jpg,"[{""id"": 35, ""name"": ""Comedy""}, {""id"": 10751, ""name"": ""Family""}, {""id"": 878, ""name"": ""Science Fiction""}]","[{""id"": 6255, ""logo_path"": ""/kEHqVVnhAa26OA8FtGbRCBHUgOA.png"", ""name"": ""Jim Henson Pictures"", ""origin_country"": ""US""}, {""id"": 21, ""logo_path"": ""/usUnaYV6hQnlVAXP6r4HwrlLFPG.png"", ""name"": ""Metro-Goldwyn-Mayer"", ""origin_country"": ""US""}]","[{""iso_3166_1"": ""US"", ""name"": ""United States of America""}]","[{""english_name"": ""English"", ""iso_639_1"": ""en"", ""name"": ""English""}]","[""US""]",null
21766,Dorm,เด็กหอ,"When 12-year-old Ton transfers to an all-boys boarding school, he's taunted by his peers and terrified by their tales about the ghosts that inhabit the school. Ton is utterly miserable until he befriends a mysterious fellow pupil.",Every dorm has a tale but this tale you will never forget.,Released,False,False,2006-02-23,111,0,0,1.1596,6.5,91,th,,tt0495824,/d20Sxlt4JqZFiQFZnay7rih3OCY.jpg,/6eJ8ch6F2S09TBzb0d0JopAHUN0.jpg,"[{""id"": 27, ""name"": ""Horror""}, {""id"": 9648, ""name"": ""Mystery""}]","[{""id"": 5369, ""logo_path"": ""/tjuwCtH2mVCEFCYBT6CTytdiqot.png"", ""name"": ""GMM Tai Hub (GTH)"", ""origin_country"": ""TH""}, {""id"": 4007, ""logo_path"": null, ""name"": ""Phenomena Motion Pictures"", ""origin_country"": ""TH""}, {""id"": 310, ""logo_path"": ""/4Gp5A4YdjPBfsHT47ngHMaXWmb9.png"", ""name"": ""CNC"", ""origin_country"": ""FR""}]","[{""iso_3166_1"": ""TH"", ""name"": ""Thailand""}, {""iso_3166_1"": ""FR"", ""name"": ""France""}]","[{""english_name"": ""Thai"", ""iso_639_1"": ""th"", ""name"": ""\u0e20\u0e32\u0e29\u0e32\u0e44\u0e17\u0e22""}]","[""FR"", ""TH""]",null
21767,A Chipmunk Christmas,A Chipmunk Christmas,Alvin learns the true meaning of Christmas.,,Released,False,False,1981-12-14,24,0,0,1.3987,6.9,41,en,,tt1146433,/gIXY4hzgOimIwnvE4n8XX1LrqWx.jpg,/rUzNnM6nDR7qSno4MZWF5QTzQJu.jpg,"[{""id"": 16, ""name"": ""Animation""}, {""id"": 10751, ""name"": ""Family""}]","[{""id"": 10930, ""logo_path"": ""/gTl5zq214ifd2qW7sp7to0aHS6C.png"", ""name"": ""Bagdasarian Productions"", ""origin_country"": ""US""}]","[{""iso_3166_1"": ""US"", ""name"": ""United States of America""}]","[{""english_name"": ""English"", ""iso_639_1"": ""en"", ""name"": ""English""}]","[""US""]",null
21769,Armitage: Dual Matrix,アミテージ・ザ・サード DUAL-MATRIX,Naomi Armitage and Ross Sylibus have changed their names and live with their daughter Yoko as a happy and normal family on Mars — until an android riot breaks out at an anti-matter plant on Earth.,,Released,False,False,2002-03-22,90,0,0,1.6082,6.3,57,ja,,tt0303678,/p5nd9VPKxpow5MFAQfZy2DEatPI.jpg,/t6qYLZStr1wBxsUb9O9dTpbtOm6.jpg,"[{""id"": 53, ""name"": ""Thriller""}, {""id"": 28, ""name"": ""Action""}, {""id"": 16, ""name"": ""Animation""}, {""id"": 878, ""name"": ""Science Fiction""}, {""id"": 12, ""name"": ""Adventure""}]","[{""id"": 7776, ""logo_path"": ""/o9UOdyrm0MqMzkRCQNGxJzTPG6Z.png"", ""name"": ""Pioneer LDC"", ""origin_country"": ""JP""}, {""id"": 4690, ""logo_path"": ""/bQXkraSwoBDVd8xEAOkxGQLBB1S.png"", ""name"": ""Anime International Company"", ""origin_country"": ""JP""}, {""id"": 12105, ""logo_path"": null, ""name"": ""Jay Film"", ""origin_country"": ""JP""}]","[{""iso_3166_1"": ""JP"", ""name"": ""Japan""}]","[{""english_name"": ""Japanese"", ""iso_639_1"": ""ja"", ""name"": ""\u65e5\u672c\u8a9e""}]","[""JP""]","{""id"": 182371, ""name"": ""Armitage III Collection"", ""poster_path"": ""/A2IWkK3H5IzwofleMlIvtcKlLOx.jpg"", ""backdrop_path"": ""/LAhWYorSc7C45IZeteGiPUzUUd.jpg""}"
21770,City Hunter Special: Goodbye My Sweetheart,シティーハンタースペシャル グッド・バイ・マイ・スイート・ハート,"A mysterious soldier known only as Professor takes his revenge on the government that betrayed him - and Tokyo is brought to its knees! Unless the government pays the Professor an impossible ransom, downtown Tokyo will be completely destroyed, and the Professor's beautiful sister will be the first to go! Only City Hunter, expert detective and shameless ladies' man, can keep Tokyo from being blown sky high!The bullets fly furiously, and the women have never been tempting as City Hunter takes it to the edge in this action-packed animated feature. Explosive action will rock your senses as you witness City Hunter's greatest challenge ever!",,Released,False,False,1997-04-01,90,0,0,2.8842,6.192,26,ja,,tt0159361,/e7TtB5CEhaA8umkk0c6RHgh6njQ.jpg,/zsh7WFrzKSjZ5p0EPziPAA29Vrg.jpg,"[{""id"": 28, ""name"": ""Action""}, {""id"": 16, ""name"": ""Animation""}, {""id"": 35, ""name"": ""Comedy""}, {""id"": 80, ""name"": ""Crime""}]","[{""id"": 3153, ""logo_path"": ""/yKZ9UarLSu9Y4Gpw33nKRQOPM7z.png"", ""name"": ""SUNRISE"", ""origin_country"": ""JP""}]","[{""iso_3166_1"": ""JP"", ""name"": ""Japan""}]","[{""english_name"": ""Japanese"", ""iso_639_1"": ""ja"", ""name"": ""\u65e5\u672c\u8a9e""}]","[""JP""]","{""id"": 216545, ""name"": ""City Hunter Collection"", ""poster_path"": ""/zgjpSWkYv3SmravBM6OjmwJttLY.jpg"", ""backdrop_path"": ""/jayO3TVppDj23TRsLDWM9yS82ja.jpg""}"
21772,Being Jacques Chirac,Dans la peau de Jacques Chirac,"Since 1967, Jacques Chirac has appeared everyday on television : millions of hours of automatic gestures, jerky speeches and feverish cavalcades.  This mockumentary is based on archival footage and told at the first person (the voice of the French president is provided by imitator Didier Gustin). The main comic effect comes from the contradictions between the various speeches of the French President. The title comes from the title of the French-language version of Being John Malkovich.",When reality is worst than fiction.,Released,False,False,2006-05-31,90,0,0,0.8464,4.9,8,fr,,tt0798417,/ylJaVybZjvOliJaXvCYLdlJLqK8.jpg,/nviwDJ7KfGC8rPOztdEirxZbovo.jpg,"[{""id"": 35, ""name"": ""Comedy""}]","[{""id"": 66331, ""logo_path"": ""/n2gAOEA4q6bUiaHwo2mKWHGA1wm.png"", ""name"": ""Bonne Pioche"", ""origin_country"": ""FR""}]","[{""iso_3166_1"": ""FR"", ""name"": ""France""}]","[{""english_name"": ""French"", ""iso_639_1"": ""fr"", ""name"": ""Fran\u00e7ais""}]","[""FR""]",null
21773,J'invente rien,J'invente rien,"Paul has no specific life goal, and Mathilde, who provides for their household, despairs that he can find one. If he continues like this, she may well drop him. So Paul thinks he's got to invent something.",Not easy to be a genius!,Released,False,False,2006-08-16,87,0,0,1.2522,4.929,21,fr,,tt0465207,/ibW8RznVKi3eVFBtBlw940dTwVx.jpg,/lzzoinAihQo9OMSvrw2Bo4ZMdNc.jpg,"[{""id"": 35, ""name"": ""Comedy""}]",[],[],"[{""english_name"": ""French"", ""iso_639_1"": ""fr"", ""name"": ""Fran\u00e7ais""}]","[""FR""]",null
21774,L'Entente cordiale,L'Entente cordiale,"The upper-class secret agent teaming up accidentally with an easily-corrupted, sly interpreter...",,Released,False,False,2006-06-21,100,0,0,1.2053,4.7,53,fr,http://wwws.warnerbros.fr/ententecordiale/,tt0450615,/iK5NMzfMZr5kM5mHT5RKYnbTdPK.jpg,/3Ye3tOBxRpKDqNaSqfkLlQXkP5Z.jpg,"[{""id"": 35, ""name"": ""Comedy""}]","[{""id"": 461, ""logo_path"": ""/reM5HtbhqjZnefmDSToF0zT0zd7.png"", ""name"": ""Les Films Christian Fechner"", ""origin_country"": ""FR""}]","[{""iso_3166_1"": ""FR"", ""name"": ""France""}]","[{""english_name"": ""French"", ""iso_639_1"": ""fr"", ""name"": ""Fran\u00e7ais""}]","[""FR""]",null
21775,The Stone Council,Le Concile de Pierre,"In France, the single translator Diane Siprien adopts an Asian baby named Liu-San in a foundation directed by Sybille Weber. Years later, a weird mark appears on the boy's chest and Diane and Liu share their dreadful nightmares. Diane is assigned for a three-day job in Germany and she leaves Liu with her friend Sybille. However, while going to the airport, Diane finds Liu hidden in the backseat and startles with an eagle flying toward the windshield, crashing her car. Liu falls into a coma and his digital recorder records the boy speaking in an unknown dialect. When Diane searches the translation and the origins of Liu, she is surrounded by mysterious murders. She discovers that the dialect is from the mystic Mongolian Tseven tribe and that Liu is a powerful Observer; further, he is in danger, threatened by sorcerers that need the boy for their Council of the Stone..",,Released,False,False,2006-11-15,102,22000000,0,1.3194,4.4,55,fr,http://www.leconciledepierre-lefilm.com/,tt0447619,/9hFKhOI7bUnkXjE2gbG2bpFSVh9.jpg,/vwL1iuYXJC8CNwKijazMRTCPA4P.jpg,"[{""id"": 12, ""name"": ""Adventure""}, {""id"": 80, ""name"": ""Crime""}, {""id"": 18, ""name"": ""Drama""}, {""id"": 14, ""name"": ""Fantasy""}, {""id"": 9648, ""name"": ""Mystery""}, {""id"": 53, ""name"": ""Thriller""}]",[],"[{""iso_3166_1"": ""FR"", ""name"": ""France""}, {""iso_3166_1"": ""IT"", ""name"": ""Italy""}, {""iso_3166_1"": ""DE"", ""name"": ""Germany""}]","[{""english_name"": ""English"", ""iso_639_1"": ""en"", ""name"": ""English""}, {""english_name"": ""French"", ""iso_639_1"": ""fr"", ""name"": ""Fran\u00e7ais""}]","[""FR""]",null
21776,Cash Truck,Le Convoyeur,"Vigilante, a small armored truck company, is in full crisis mode. Victim of three violent hold-ups in a year, which left no survivors, the company is on the verge of bankruptcy and its employees are extremely worried. Some even suggest a complicity between the robbers and the firm.  It is in this difficult context that a man, Alexandre Demarre, one morning presents himself to start his first day of work at Vigilante.",,Released,False,False,2004-04-14,95,0,0,1.1174,6.3,204,fr,,tt0347330,/huGODrOTIElqmV3WuOHwo2IFZVv.jpg,/kjP6ghSTQAJmN0zzva0PuwLiK88.jpg,"[{""id"": 28, ""name"": ""Action""}, {""id"": 18, ""name"": ""Drama""}, {""id"": 80, ""name"": ""Crime""}, {""id"": 53, ""name"": ""Thriller""}]","[{""id"": 6301, ""logo_path"": ""/jma8ZaHq1KAzlXW3v0RswVOWSdn.png"", ""name"": ""Cin\u00e9Cin\u00e9ma"", ""origin_country"": ""FR""}, {""id"": 22683, ""logo_path"": null, ""name"": ""Contre Prod."", ""origin_country"": """"}, {""id"": 616, ""logo_path"": ""/aeBPwUMUqIOFnt3Fxv9fC91hBuq.png"", ""name"": ""Eskwad"", ""origin_country"": ""FR""}, {""id"": 104, ""logo_path"": ""/9aotxauvc9685tq9pTcRJszuT06.png"", ""name"": ""Canal+"", ""origin_country"": ""FR""}]","[{""iso_3166_1"": ""FR"", ""name"": ""France""}]","[{""english_name"": ""French"", ""iso_639_1"": ""fr"", ""name"": ""Fran\u00e7ais""}]","[""FR""]",null
21777,Blood Brothers,Bloedbroeders,"Two wealthy young brothers living on a plush estate give refuge to a petty criminal who is on the run from the police. Neither the boys' parents or their staff know about the fugitive's presence, which leads them open to exploitation. Sure enough, they soon discover the fugitive has no intention of leaving.",,Released,False,False,2008-01-10,90,0,0,0.2486,5.5,10,nl,http://www.bloedbroedersdefilm.com/,tt1071201,/dWCPxy8d1TRlAcvcy1q7wLDE7vM.jpg,/cTpipigL3DYW1zueW1H2uquFYh6.jpg,"[{""id"": 53, ""name"": ""Thriller""}]","[{""id"": 24306, ""logo_path"": ""/hPg4b9OMampptQ6UtnsdVL0bbCU.png"", ""name"": ""Rinkel Film"", ""origin_country"": ""NL""}]","[{""iso_3166_1"": ""NL"", ""name"": ""Netherlands""}]",[],"[""NL""]",null
21778,RRRrrrr!!!,RRRrrrr!!!,"In 35,000 BC, the tribe of the Dirty Hairs is at war against the tribe of the Clean Hairs for eight hundred years, trying to get their shampoo. The chief of the Dirty Hairs sends his daughter Guy disguised to the enemy tribe to get some shampoo for his tribe. When the healer of the Clean Hairs tribe surprisingly kills two cavemen of his tribe, their imbecile chief assigns Pierre with curled hair and Pierre blonde to investigate the murder and find the criminal.",,Released,False,False,2004-01-28,98,17820000,14054361,3.5639,6.292,1243,fr,,tt0357111,/qsGU6myn85MfqpNAxzJtxJ3VgrM.jpg,/rZPpxJhROE2Q6umzH6nxDUi1x9M.jpg,"[{""id"": 35, ""name"": ""Comedy""}]","[{""id"": 694, ""logo_path"": ""/5LEHONGkZBIoWvp1ygHOF8iyi1M.png"", ""name"": ""StudioCanal"", ""origin_country"": ""FR""}, {""id"": 8005, ""logo_path"": null, ""name"": ""Les Robins des Bois Airlines"", ""origin_country"": """"}, {""id"": 356, ""logo_path"": ""/9tW5wZEGotn1Ei5pErA88m47XiD.png"", ""name"": ""TF1 Films Production"", ""origin_country"": ""FR""}, {""id"": 6900, ""logo_path"": null, ""name"": ""Chez Wam"", ""origin_country"": ""FR""}]","[{""iso_3166_1"": ""FR"", ""name"": ""France""}]","[{""english_name"": ""French"", ""iso_639_1"": ""fr"", ""name"": ""Fran\u00e7ais""}]","[""FR""]",null
21779,The Silencers,The Silencers,"Matt Helm is called out of retirement to stop the evil Big O organization who plan to explode an atomic bomb over Alamagordo, NM, and start WW III.",The Best Spy Thriller of Nineteen Sexty-Sex!,Released,False,False,1966-02-18,102,0,16318124,2.1154,6.0,48,en,,tt0060980,/eLxVPMCV3IWiOKwxRKoSZqpT8lY.jpg,/j3c6qh98WZ2bQ9tibE573ifeB6u.jpg,"[{""id"": 35, ""name"": ""Comedy""}, {""id"": 28, ""name"": ""Action""}, {""id"": 12, ""name"": ""Adventure""}]","[{""id"": 5, ""logo_path"": ""/71BqEFAF4V3qjjMPCpLuyJFB9A.png"", ""name"": ""Columbia Pictures"", ""origin_country"": ""US""}, {""id"": 13993, ""logo_path"": null, ""name"": ""Meadway-Claude Productions Company"", ""origin_country"": """"}]","[{""iso_3166_1"": ""US"", ""name"": ""United States of America""}]","[{""english_name"": ""English"", ""iso_639_1"": ""en"", ""name"": ""English""}]","[""US""]","{""id"": 157890, ""name"": ""Matt Helm Collection"", ""poster_path"": ""/kZYAYSsMfJ0UTGEckdLxLnaXhnW.jpg"", ""backdrop_path"": ""/lzBvyOWVm6pj608QZUlcHLid0FN.jpg""}"
21780,Annie: A Royal Adventure,Annie: A Royal Adventure,"Annie is back! Along with her friends Molly, Hannah, her dog Sandy, and her wealthy father Oliver Warbucks. They take a trip to England where Warbucks is going to be Knighted by the King. Annie and the gang stumbles onto a wicked scheme led by an evil noblewoman who plans to blow up Buckingham Palace so she can become Queen and claim the throne for herself! And now it is up to Annie and her friends to stop her!",Leapin' lizards!,Released,False,False,1995-11-18,92,0,0,1.32,6.0,55,en,,tt0112374,/hXSZSwjHf8NZ0d6pnfS7dVhifVf.jpg,/rmBXb9M13dSPbtpE1VMjQlPkvzW.jpg,"[{""id"": 10402, ""name"": ""Music""}, {""id"": 10751, ""name"": ""Family""}]","[{""id"": 1177, ""logo_path"": ""/gxvrQWG6byKMVEHMjTJjGhRlARQ.png"", ""name"": ""Rastar Productions"", ""origin_country"": ""US""}, {""id"": 8609, ""logo_path"": ""/aX7HQqzdIV7ttd90u4L1H643ZNa.png"", ""name"": ""TriStar Television"", ""origin_country"": ""US""}]","[{""iso_3166_1"": ""US"", ""name"": ""United States of America""}]","[{""english_name"": ""English"", ""iso_639_1"": ""en"", ""name"": ""English""}]","[""US""]","{""id"": 312735, ""name"": ""Annie Collection"", ""poster_path"": ""/jAv0XNYOlYJgXA0wup4prM0QrqH.jpg"", ""backdrop_path"": ""/30HYJdFA59AIW1625BXdwpZW3hK.jpg""}"
21781,Spider Forest,거미숲,TV Producer Kang Min enters Spider Forest for a documentary. He enters a cabin and discovers two brutally murdered bodies. One is his girlfriend Hwang Soo-Young and the other is his colleague Choi Jong-Pil. Kang Min also senses someone watching him and runs after that person into to the forest. He's soon knocked unconscious. When he awakens again he continues his chase into a tunnel. Kang Min is then struck by a speeding car.,In that forest… memories get lost.,Released,False,False,2004-09-03,112,0,0,1.993,6.584,89,ko,,tt0407821,/jBEkJPSxwptnt2fjkrHQnqtc4WY.jpg,/3n64ecD4Sissex4f4GGSikKQ9hV.jpg,"[{""id"": 53, ""name"": ""Thriller""}, {""id"": 27, ""name"": ""Horror""}, {""id"": 9648, ""name"": ""Mystery""}, {""id"": 18, ""name"": ""Drama""}]","[{""id"": 199133, ""logo_path"": null, ""name"": ""OAK Films"", ""origin_country"": ""KR""}, {""id"": 7036, ""logo_path"": ""/javbyY0ZCvlFJtly3tpZqf2NwLX.png"", ""name"": ""CJ Entertainment"", ""origin_country"": ""KR""}, {""id"": 118802, ""logo_path"": null, ""name"": ""Egg Film"", ""origin_country"": ""KR""}]","[{""iso_3166_1"": ""KR"", ""name"": ""South Korea""}]","[{""english_name"": ""Korean"", ""iso_639_1"": ""ko"", ""name"": ""\ud55c\uad6d\uc5b4/\uc870\uc120\ub9d0""}]","[""KR""]",null
21784,Exte: Hair Extensions,エクステ,"An aspiring hairdresser becomes the infatuation of a tricophilic man who sells hair extensions to nearby salons. The source is the corpse of a girl whose corpse continues to grow beautiful, voluminous, black hair that comes alive, either driving the extension user insane or killing them.","Wear them, and they will come after you…",Released,False,False,2007-02-17,108,0,0,2.6273,5.898,122,ja,,tt0904049,/hhfjXQxMoZkknfO0TVQGZrGzIk5.jpg,/cqD0SYxePs5oQOqDcM1HQRhB9iB.jpg,"[{""id"": 35, ""name"": ""Comedy""}, {""id"": 27, ""name"": ""Horror""}, {""id"": 9648, ""name"": ""Mystery""}, {""id"": 53, ""name"": ""Thriller""}]","[{""id"": 5822, ""logo_path"": ""/qyTbRgCyU9NLKvKaiQVbadtr7RY.png"", ""name"": ""Toei Company"", ""origin_country"": ""JP""}]","[{""iso_3166_1"": ""JP"", ""name"": ""Japan""}]","[{""english_name"": ""Japanese"", ""iso_639_1"": ""ja"", ""name"": ""\u65e5\u672c\u8a9e""}]","[""JP""]",null
21785,Body,บอดี้ ศพ #19,"A man tries to prove that his nightmares about a girl who screams for help and is then murdered are real, and contain a message reaching out to her murderer.",Every little piece will return...,Released,False,False,2007-10-04,125,0,0,0.902,6.0,38,th,http://www.bodythemovie.com/,tt1160315,/aM2YWL7U7wwa4AoiW59h6TXZssC.jpg,/8ye2cE8SsE8vkFkmUrcWiBFidP9.jpg,"[{""id"": 27, ""name"": ""Horror""}, {""id"": 9648, ""name"": ""Mystery""}, {""id"": 53, ""name"": ""Thriller""}]","[{""id"": 5369, ""logo_path"": ""/tjuwCtH2mVCEFCYBT6CTytdiqot.png"", ""name"": ""GMM Tai Hub (GTH)"", ""origin_country"": ""TH""}, {""id"": 8450, ""logo_path"": ""/A9Fyxru0SLt09ygbqahW4z2i6y4.png"", ""name"": ""Jor Kwang Films"", ""origin_country"": ""TH""}, {""id"": 4007, ""logo_path"": null, ""name"": ""Phenomena Motion Pictures"", ""origin_country"": ""TH""}]","[{""iso_3166_1"": ""TH"", ""name"": ""Thailand""}]","[{""english_name"": ""Thai"", ""iso_639_1"": ""th"", ""name"": ""\u0e20\u0e32\u0e29\u0e32\u0e44\u0e17\u0e22""}]","[""TH""]",null
21786,Cold Prey,Fritt vilt,"When one of them breaks a leg, five friends snowboarding in the Norwegian mountains take shelter in an abandoned ski lodge and soon realize they’re not alone.",You'll Catch Your Death.,Released,False,False,2006-10-13,97,0,0,1.5785,6.256,457,no,http://www.frittvilt.com/frittvilt/,tt0808276,/sxYjsslcs5FSsAkEfjr50gAQWNo.jpg,/99xMo0iXjCUzV1sYuANA4eUujXv.jpg,"[{""id"": 27, ""name"": ""Horror""}, {""id"": 9648, ""name"": ""Mystery""}, {""id"": 53, ""name"": ""Thriller""}]","[{""id"": 3079, ""logo_path"": ""/12cb7xhHlYnW4uksoVR8hp48psC.png"", ""name"": ""Fantefilm"", ""origin_country"": ""NO""}]","[{""iso_3166_1"": ""NO"", ""name"": ""Norway""}]","[{""english_name"": ""Norwegian"", ""iso_639_1"": ""no"", ""name"": ""Norsk""}]","[""NO""]","{""id"": 86553, ""name"": ""Cold Prey Collection"", ""poster_path"": ""/xIpFtZacjn0VOcLi2iVcFKVeJIy.jpg"", ""backdrop_path"": ""/kBK4qx9YGQ1wq3KC2Xzj98TZLdk.jpg""}"
21788,Trouble at Timpetill,Les Enfants de Timpelbach,"The children of a small European mountain village end up being its only residents, soon after the adults cannot take their behavior any longer.",,Released,False,False,2008-12-17,133,0,0,1.2416,6.126,392,fr,,tt0953382,/fpM57XnYSWwUk4Xvkx8KLBJ0ESR.jpg,/jE6zByZk2XohEUDi6GW6zHJB5k2.jpg,"[{""id"": 14, ""name"": ""Fantasy""}, {""id"": 12, ""name"": ""Adventure""}, {""id"": 10751, ""name"": ""Family""}]","[{""id"": 20339, ""logo_path"": ""/zPj4RPXztwznZcKDef583wqKERy.png"", ""name"": ""Chapter 2"", ""origin_country"": ""FR""}, {""id"": 31374, ""logo_path"": ""/fpTYf7mYfJUlPJ4SUKIxho9r6X8.png"", ""name"": ""LuxAnimation"", ""origin_country"": ""LU""}, {""id"": 11199, ""logo_path"": ""/tWXanyy8XwpcOPannNJ33QUcXp5.png"", ""name"": ""SCOPE Pictures"", ""origin_country"": ""BE""}, {""id"": 2203, ""logo_path"": null, ""name"": ""Onyx Films"", ""origin_country"": ""CA""}, {""id"": 1115, ""logo_path"": ""/ntH7T5gsN6wtyrfHGHJDTuneQ7o.png"", ""name"": ""M6 Films"", ""origin_country"": ""FR""}]","[{""iso_3166_1"": ""BE"", ""name"": ""Belgium""}, {""iso_3166_1"": ""FR"", ""name"": ""France""}, {""iso_3166_1"": ""LU"", ""name"": ""Luxembourg""}]","[{""english_name"": ""French"", ""iso_639_1"": ""fr"", ""name"": ""Fran\u00e7ais""}]","[""FR""]",null
21789,Massacre,Massacro,"A prostitute is brutally killed by the road side by a maniancal killer. Nearby a horror film is being produced but the director is worried that the script is too passé for a modern audience and so he plans to include a séance scene - he hires a real medium to carry out a ceremony with the cast and crew to help inspire the script but she is attacked by an evil spirit. Meanwhile members of the cast are being picked off one by one and police detective Walter is desperate to stop his girlfriend, the lead actress Jennifer, becoming the next victim...",,Released,False,False,1989-10-27,89,0,0,0.6056,3.8,11,it,,tt0097845,/4HIzwMclxfZnXVp21D7SavfkGLz.jpg,/l7SFhmqfjHH4EB8ggwrNYbXEJ9x.jpg,"[{""id"": 27, ""name"": ""Horror""}]",[],"[{""iso_3166_1"": ""IT"", ""name"": ""Italy""}]","[{""english_name"": ""Italian"", ""iso_639_1"": ""it"", ""name"": ""Italiano""}]","[""IT""]",null
21790,Killing Ariel,Killing Ariel,"One night, a female demon attacks Rick, a contentedly married man. Under the spell of the demon, he takes a beautiful young woman, Ariel, off to an isolated house for a weekend fling. There, bizarre and frightening things happen, and accidentally Rick kills Ariel. But she won't stay dead. He soon realizes that she is the demon that first attacked him. He defends himself by killing her again. And again. But no matter how many times he kills her, she keeps coming back",It Won't Stay Dead.,Released,False,False,2008-02-29,86,1500000,0,0.7397,4.9,18,en,http://www.killingariel.com/,tt0485924,/8LQILrj7jyCbeCO1IOpSGs6nVz5.jpg,/aCAlLOMfQuQzMIMRwvhger7uDNA.jpg,"[{""id"": 27, ""name"": ""Horror""}, {""id"": 53, ""name"": ""Thriller""}]","[{""id"": 4011, ""logo_path"": null, ""name"": ""DJN Studios Inc."", ""origin_country"": """"}]","[{""iso_3166_1"": ""US"", ""name"": ""United States of America""}]","[{""english_name"": ""English"", ""iso_639_1"": ""en"", ""name"": ""English""}]","[""US""]",null
21791,Drop Dead Sexy,Drop Dead Sexy,"When their money scam runs aground, a group of would-be thieves turn to kidnapping in an attempt to blackmail their target.",Small time crooks... Big time idiots!,Released,False,False,2005-03-12,83,0,0,1.1718,4.8,58,en,,tt0397401,/pIsp5FUgPGJdQT6jVKtjQ94puz.jpg,/kE1wEeZxNlHiOiknZyrYyTFS4ZG.jpg,"[{""id"": 35, ""name"": ""Comedy""}, {""id"": 80, ""name"": ""Crime""}]","[{""id"": 21067, ""logo_path"": null, ""name"": ""Arrival Pictures"", ""origin_country"": """"}, {""id"": 21068, ""logo_path"": null, ""name"": ""Mythos Studios ND"", ""origin_country"": """"}, {""id"": 21069, ""logo_path"": null, ""name"": ""Nichol Moon Films"", ""origin_country"": """"}]","[{""iso_3166_1"": ""US"", ""name"": ""United States of America""}]","[{""english_name"": ""English"", ""iso_639_1"": ""en"", ""name"": ""English""}]","[""US""]",null
21792,The Ghost,령,"Min Ji-won is suffering from amnesia. Her memory slowly comes back, after she discovers that all her friends mysteriously drowned recently. She begins piecing together her past, revealing the event that caused her memory loss.",Don't remember... Take it to your grave.,Released,False,False,2004-06-18,98,0,0,1.6445,6.0,72,ko,,tt0410537,/xQVyDiVfrfT7ZDFMh4FA2AoH425.jpg,/wJnCNd46Gp0k42j4aE41TVaYNCN.jpg,"[{""id"": 53, ""name"": ""Thriller""}, {""id"": 27, ""name"": ""Horror""}]","[{""id"": 10872, ""logo_path"": null, ""name"": ""Popcorn Film"", ""origin_country"": ""KR""}, {""id"": 22008, ""logo_path"": null, ""name"": ""IM Pictures"", ""origin_country"": ""KR""}]","[{""iso_3166_1"": ""KR"", ""name"": ""South Korea""}]","[{""english_name"": ""Korean"", ""iso_639_1"": ""ko"", ""name"": ""\ud55c\uad6d\uc5b4/\uc870\uc120\ub9d0""}]","[""KR""]",null
21793,The Chipmunk Adventure,The Chipmunk Adventure,"The Chipmunks and the Chipettes go head to head in a hot air balloon race, and the winner gets $100,000. Unbeknownst to the participants, the ""race"" is actually a diamond smuggling ring!",At last! Alvin's first motion picture.,Released,False,False,1987-05-22,77,0,6804312,2.2492,6.8,111,en,,tt0092752,/o0d8qJL8anmGG14UfjBC7HHATJK.jpg,/ung9i4OVPj3keSAAjzbtI4xRdTi.jpg,"[{""id"": 16, ""name"": ""Animation""}, {""id"": 10751, ""name"": ""Family""}, {""id"": 12, ""name"": ""Adventure""}, {""id"": 35, ""name"": ""Comedy""}, {""id"": 10402, ""name"": ""Music""}]","[{""id"": 10930, ""logo_path"": ""/gTl5zq214ifd2qW7sp7to0aHS6C.png"", ""name"": ""Bagdasarian Productions"", ""origin_country"": ""US""}, {""id"": 798, ""logo_path"": ""/nQgX1MOLySgug7FDONdIkht3xob.png"", ""name"": ""The Samuel Goldwyn Company"", ""origin_country"": ""US""}]","[{""iso_3166_1"": ""US"", ""name"": ""United States of America""}]","[{""english_name"": ""English"", ""iso_639_1"": ""en"", ""name"": ""English""}]","[""US""]",null
21794,In a Dark Place,In a Dark Place,"The disturbed arts teacher, Anna Veigh, is hired by Mr. Laing as a governess to raise Flora and her brother Miles. Anna believes that the ghosts of the former governess, Miss Jessel, and housekeeper, Peter Quint, are in the property haunting the children, and she decides to help them to face the spirits and get their souls free.",The real story is what haunts them,Released,False,False,2006-07-21,95,5000000,0,0.706,4.1,53,en,,tt0460435,/xBjix0cL0SKr8TwnPIYL2Oz6osp.jpg,/6uKa5AIzq2MQ6HOJj7ycs3ln7bj.jpg,"[{""id"": 27, ""name"": ""Horror""}, {""id"": 53, ""name"": ""Thriller""}]","[{""id"": 112836, ""logo_path"": ""/rfmlWuH9lxt9pgQetWbNwZKSXvZ.png"", ""name"": ""Tarantula"", ""origin_country"": ""LU""}, {""id"": 112880, ""logo_path"": null, ""name"": ""Fresh Media"", ""origin_country"": ""GB""}, {""id"": 112881, ""logo_path"": null, ""name"": ""Phantom Pictures"", ""origin_country"": ""GB""}]","[{""iso_3166_1"": ""LU"", ""name"": ""Luxembourg""}, {""iso_3166_1"": ""GB"", ""name"": ""United Kingdom""}]","[{""english_name"": ""English"", ""iso_639_1"": ""en"", ""name"": ""English""}]","[""GB"", ""US""]",null
21795,Voices,두 사람이다,A young woman tries to escape what seems to be a curse that is killing members of her family one by one.,Some memories never die.,Released,False,False,2007-08-22,85,0,1820534,1.6265,5.3,42,ko,,tt1213856,/yalgYDE3S5ewBZEZu0gsPhSPgEn.jpg,/goz6uK1xW52lrO3seoIgnWEsE8d.jpg,"[{""id"": 27, ""name"": ""Horror""}, {""id"": 53, ""name"": ""Thriller""}, {""id"": 80, ""name"": ""Crime""}]","[{""id"": 227, ""logo_path"": null, ""name"": ""Happy End Filmproductions"", ""origin_country"": ""SE""}, {""id"": 4012, ""logo_path"": null, ""name"": ""Mogabi Pictures"", ""origin_country"": """"}]","[{""iso_3166_1"": ""KR"", ""name"": ""South Korea""}]","[{""english_name"": ""Korean"", ""iso_639_1"": ""ko"", ""name"": ""\ud55c\uad6d\uc5b4/\uc870\uc120\ub9d0""}]","[""KR""]",null
21797,The Wig,가발,"Su-hyeon, a patient with terminal cancer, gets a wig as a present from her sister, Ji-hyeon. Strange things happen as Su-hyeon wears the wig and horror starts to sweep over Ji-hyeon as she watches her sister getting slowly possessed.",Some memories are more than permanent.,Released,False,False,2005-08-12,106,0,2146621,1.246,5.5,66,ko,,tt0475590,/bkonX3gOXQ1KC7kr6ufITli4h3o.jpg,/i9zP3Ie65He6WaeYSZ1RRaUiwob.jpg,"[{""id"": 27, ""name"": ""Horror""}, {""id"": 9648, ""name"": ""Mystery""}]","[{""id"": 64382, ""logo_path"": null, ""name"": ""Corea Entertainment"", ""origin_country"": ""KR""}, {""id"": 7036, ""logo_path"": ""/javbyY0ZCvlFJtly3tpZqf2NwLX.png"", ""name"": ""CJ Entertainment"", ""origin_country"": ""KR""}]","[{""iso_3166_1"": ""KR"", ""name"": ""South Korea""}]","[{""english_name"": ""Korean"", ""iso_639_1"": ""ko"", ""name"": ""\ud55c\uad6d\uc5b4/\uc870\uc120\ub9d0""}]","[""KR""]",null
21798,Belly 2: Millionaire Boyz Club,Belly 2: Millionaire Boyz Club,"Born into a life of crime, G has just spent 8 years in the pen. Now out on the streets he's back to his old ways wondering if a con can ever really straighten out. Things become more complex when G hooks up with Alexis who makes her living upholding the law.","Life is hard, the streets are harder.",Released,False,False,2008-08-12,76,0,0,0.7651,5.2,18,en,,tt1276940,/yDJo94dsjqP3TqLd700B6LsTdw6.jpg,/tYCWqXnTKQy2XAUU9QrXOrQa7aP.jpg,"[{""id"": 80, ""name"": ""Crime""}, {""id"": 18, ""name"": ""Drama""}]","[{""id"": 292462, ""logo_path"": null, ""name"": ""Too Easy Entertainment"", ""origin_country"": """"}, {""id"": 292463, ""logo_path"": null, ""name"": ""Czar Entertainment"", ""origin_country"": """"}, {""id"": 292464, ""logo_path"": null, ""name"": ""Blackout Productions"", ""origin_country"": """"}]","[{""iso_3166_1"": ""US"", ""name"": ""United States of America""}]","[{""english_name"": ""English"", ""iso_639_1"": ""en"", ""name"": ""English""}]","[""US""]","{""id"": 982423, ""name"": ""Belly Collection"", ""poster_path"": ""/mgdwc3isi1UgnUatSHxG7a6Jwgp.jpg"", ""backdrop_path"": ""/jeK1OkhxCA7rQOAdRBlO8uCBZFV.jpg""}"
21799,Cutting Class,Cutting Class,"High school student Paula Carson's affections are being sought after by two of her classmates: Dwight, the ""bad boy"", and Brian, a disturbed young man who has just been released from a mental hospital where he was committed following the suspicious death of his father. Soon after being released, more murders start happening. Is Brian back to his old tricks, or is Dwight just trying to eliminate the competition?",No one said surviving high school would be easy.,Released,False,False,1989-04-24,91,0,0,1.2603,5.081,123,en,,tt0097136,/zxJAqSdJTc9YaGKVq2SfJDVVVco.jpg,/kLtAh588N91zZup6UIubGPQMisJ.jpg,"[{""id"": 27, ""name"": ""Horror""}, {""id"": 35, ""name"": ""Comedy""}, {""id"": 80, ""name"": ""Crime""}, {""id"": 9648, ""name"": ""Mystery""}]","[{""id"": 3026, ""logo_path"": null, ""name"": ""April Productions"", ""origin_country"": """"}, {""id"": 15984, ""logo_path"": null, ""name"": ""Gower Street Pictures"", ""origin_country"": """"}, {""id"": 16512, ""logo_path"": null, ""name"": ""april films"", ""origin_country"": """"}]","[{""iso_3166_1"": ""US"", ""name"": ""United States of America""}]","[{""english_name"": ""English"", ""iso_639_1"": ""en"", ""name"": ""English""}]","[""US""]",null
21800,The Ungodly,The Ungodly,"When struggling filmmaker inadvertently records a notorious serial killer in the middle of a murderous act, he decides to use the footage to blackmail the madman into being the subject of a disturbing new documentary.",Do you fit his profile?,Released,False,False,2007-01-01,100,0,0,1.3384,4.9,24,en,,tt0489318,/69l0scoORONAILNDtcG2InPkt4w.jpg,,"[{""id"": 27, ""name"": ""Horror""}, {""id"": 53, ""name"": ""Thriller""}]","[{""id"": 23854, ""logo_path"": null, ""name"": ""Cliff Cow Films"", ""origin_country"": ""US""}, {""id"": 23855, ""logo_path"": null, ""name"": ""Dream7 Entertainment"", ""origin_country"": """"}, {""id"": 12955, ""logo_path"": null, ""name"": ""Zip Films"", ""origin_country"": ""ES""}]","[{""iso_3166_1"": ""US"", ""name"": ""United States of America""}]","[{""english_name"": ""English"", ""iso_639_1"": ""en"", ""name"": ""English""}]","[""US""]",null
21801,The Slaughter Rule,The Slaughter Rule,"A young man finds solace with a young woman, his mother, and a high-school football coach who recruits him to quarterback a six-man team.","In life, every season counts.",Released,False,False,2002-01-11,116,0,0,1.4787,5.6,48,en,,tt0266971,/menXGjXgiEaawdOUlxWI1youK6Q.jpg,/3B21dTZ5T1CaUoXl8KTjBEXrAfz.jpg,"[{""id"": 18, ""name"": ""Drama""}]",[],"[{""iso_3166_1"": ""US"", ""name"": ""United States of America""}]","[{""english_name"": ""English"", ""iso_639_1"": ""en"", ""name"": ""English""}]","[""US""]",null
21802,Morning Walk,Morning Walk,"One morning walk in Joymohan's life changes it all. After suffering a heart-attack one morning, on his birthday, Joymohan (Anupam Kher) realizes that he needs to spend more time with his family - son (Rajit Kapoor), daughter-in-law (Divya Dutta) and grand-daughter (Avika Gor) and mend broken bridges of the past. It is during his Morning Walk that his life changes forever. He meets his once-upon",a Journe called Life...,Released,False,False,2009-07-10,105,0,0,0.5458,7.0,1,en,http://www.morningwalkthefilm.com/,tt1501301,/1EMVnl5oFOcBeuGo6L2b7oXLqCl.jpg,/sU3bIuhct0XqtQGFCzrtEeRf66G.jpg,"[{""id"": 18, ""name"": ""Drama""}]","[{""id"": 4072, ""logo_path"": null, ""name"": ""INOX Motion Pictures"", ""origin_country"": """"}]","[{""iso_3166_1"": ""IN"", ""name"": ""India""}]","[{""english_name"": ""Hindi"", ""iso_639_1"": ""hi"", ""name"": ""\u0939\u093f\u0928\u094d\u0926\u0940""}]","[""US""]",null
21803,Loonies,Loenatik de Moevie,"The Loenatiks have to move. The old Zonnedael clinic has so many defects that the patients have to leave. Dr. Bomhoff has a good alternative: Binnenzorg. This is a closed institution, where many other patients reside. The new clinic has completely different rules than the five patients were used to at Zonnedael, and that provides enough craziness for a real feature film...",,Released,False,False,2002-10-10,90,0,0,0.2557,7.0,13,nl,,tt0285300,/1B5SkdKXvUl26b03rARGTJw70IS.jpg,/tK3FtBoKM9jYpro4aJO4LWDdfrj.jpg,"[{""id"": 35, ""name"": ""Comedy""}, {""id"": 10751, ""name"": ""Family""}]",[],"[{""iso_3166_1"": ""NL"", ""name"": ""Netherlands""}]","[{""english_name"": ""Dutch"", ""iso_639_1"": ""nl"", ""name"": ""Nederlands""}]","[""NL""]",null
21804,Depeche Mode: Touring the Angel — Live in Milan,Depeche Mode: Touring the Angel — Live in Milan,"Depeche Mode's 'Touring The Angel' was one of the most successful, highly grossing and critically acclaimed tours of 2006. Hailed as the greatest live performances of their career, it was recorded at Milan's Fila Forum on February 18th and 19th 2006 and sees the band at their live best with a pulsing sound, electric stage presence and ecstatic audience.",,Released,False,True,2006-09-22,126,0,0,0.1389,7.5,10,en,http://www.depechemode.com/discography/home_video/16_ttamilan.html,tt1217021,/6v95mrR7IaYA2SgDzKnBa6F2lvH.jpg,/bxMnqPsa4GzNMjGyxLzVMe8To2Q.jpg,"[{""id"": 10402, ""name"": ""Music""}]","[{""id"": 3776, ""logo_path"": null, ""name"": ""Splinter Films Ltd."", ""origin_country"": """"}]","[{""iso_3166_1"": ""GB"", ""name"": ""United Kingdom""}]","[{""english_name"": ""English"", ""iso_639_1"": ""en"", ""name"": ""English""}]","[""GB""]",null
21810,Adam & Paul,Adam & Paul,"Adam and Paul are two young junkies living in Dublin and perpetually on the lookout for their next fix. During their search, they encounter various unsavoury characters and make some futile attempts at petty theft. As their day progresses, Adam and Paul get into a good share of trouble as they do whatever they can to score heroin, eventually running afoul of an imposing thug—who only drags them into more shady activities.",...and you thought you were having a bad day...,Released,False,False,2004-08-27,86,0,0,0.74,6.9,40,en,,tt0419420,/o0AclBTFK6UIe536Q6WUethFsC4.jpg,/newa3OKEdK8YKz4loySfHcZNjpP.jpg,"[{""id"": 35, ""name"": ""Comedy""}, {""id"": 18, ""name"": ""Drama""}]","[{""id"": 1898, ""logo_path"": ""/8ix6SGlJiyuUDxLBtY8E0PY2G7w.png"", ""name"": ""F\u00eds \u00c9ireann/Screen Ireland"", ""origin_country"": ""IE""}, {""id"": 3353, ""logo_path"": ""/hUw1iTY3hdjyb2zXT9KxupHbL4M.png"", ""name"": ""Element Pictures"", ""origin_country"": ""IE""}]","[{""iso_3166_1"": ""IE"", ""name"": ""Ireland""}]","[{""english_name"": ""English"", ""iso_639_1"": ""en"", ""name"": ""English""}]","[""IE""]",null
21811,Ski School,Ski School,"Rival groups in a skiing school do battle on and off the piste. One gang are rich and serious, the other group are party animals.",The hottest action ever to hit the slopes.,Released,False,False,1991-01-11,88,0,18476,1.5227,5.1,102,en,,tt0102940,/gDlLWxvr6lMBRevo2RXb0eUF8RQ.jpg,/jRvsE4wR82sGzz5yIIOCRsoJJhM.jpg,"[{""id"": 35, ""name"": ""Comedy""}]","[{""id"": 3679, ""logo_path"": null, ""name"": ""Rose & Ruby Productions"", ""origin_country"": ""CA""}, {""id"": 35839, ""logo_path"": null, ""name"": ""Moviestore Entertainment"", ""origin_country"": ""US""}]","[{""iso_3166_1"": ""CA"", ""name"": ""Canada""}]","[{""english_name"": ""English"", ""iso_639_1"": ""en"", ""name"": ""English""}]","[""CA"", ""US""]","{""id"": 351228, ""name"": ""Ski School Collection"", ""poster_path"": ""/3OAVa6G0WKJTV0jIWAkh0QymZ54.jpg"", ""backdrop_path"": ""/zLqG75Hzzonjzogzg7y7cdvN21w.jpg""}"
21814,Earth 2100,Earth 2100,"Experts say over the next hundred years the ""perfect storm"" of population growth, resource depletion and climate change could converge with catastrophic results. The scenarios in Earth 2100 are not a prediction of what will happen but rather a warning about what might happen.","To change our future, first we must imagine it.",Released,False,False,2009-06-02,120,0,0,0.2139,6.4,23,en,http://abcnews.go.com/Technology/Earth2100,tt1471346,/w1oAJxkSCu47D6kmdKkmja8pQJx.jpg,/wE8YxYndPIKh1PsBeXOFtcw4br.jpg,"[{""id"": 99, ""name"": ""Documentary""}]",[],"[{""iso_3166_1"": ""US"", ""name"": ""United States of America""}]","[{""english_name"": ""English"", ""iso_639_1"": ""en"", ""name"": ""English""}]","[""US""]",null
21819,Mischief Night,Mischief Night,"Everyone has Halloween, but in Yorkshire, they have Mischief Night, where madness and mayhem rule. In the course of one night, the barriers that separate two families—one white, one Asian—come tumbling down in a blaze of crime, clubbing, love and fireworks—changing all their lives forever.",,Released,False,False,2006-11-03,93,0,0,0.8572,5.5,15,en,,tt0481581,/A0YRF7Vms5KOQfkJ760anETHkkI.jpg,/uPZgLuJGPZM6Ath3udLEHx91JXw.jpg,"[{""id"": 18, ""name"": ""Drama""}]","[{""id"": 11842, ""logo_path"": ""/eNw316EUzXBLVOzlZPVwOcPKoDw.png"", ""name"": ""Company Pictures"", ""origin_country"": ""GB""}]","[{""iso_3166_1"": ""GB"", ""name"": ""United Kingdom""}]","[{""english_name"": ""English"", ""iso_639_1"": ""en"", ""name"": ""English""}]","[""US"", ""GB""]","{""id"": 1255696, ""name"": ""Tina Trilogy"", ""poster_path"": null, ""backdrop_path"": null}"
21822,Yeh Mera India,ये मेरा इंडिया,"Every night we go home & turn on the news,to find headlines full of atrocities & we wonder how this world keeps moving in spite of so much multi-layered bias which is the root cause of all this. YMI is an attempt to explore the truth behind these headlines. These stories deal with racial,communal,caste,gender,lingual & immigrant bias that plaque the today's society and the outcome... Startling!!!!",,Released,False,False,2009-08-28,134,0,0,1.0093,8.5,2,hi,,tt1002963,/uoSyIUm93xS3xwAkX3OTip8gaUq.jpg,/arv3rbMBkVNfSyEz3ofUc8zL0hI.jpg,"[{""id"": 18, ""name"": ""Drama""}]",[],"[{""iso_3166_1"": ""IN"", ""name"": ""India""}]","[{""english_name"": ""Hindi"", ""iso_639_1"": ""hi"", ""name"": ""\u0939\u093f\u0928\u094d\u0926\u0940""}]","[""IN""]",null
21823,Quick Gun Murugan,Quick Gun Murugan,Quick Gun Murugun is an unlikely Superhero with Guntastic powers. He is a Sincere South Indian Cowboy who considers it his duty to serve and protect. The movie revolves around mis-adventures of Quick Gun Murugun and his fight with his arch villain Rice Plate Reddy!,Misadventures of an Indian Cowboy,Released,False,False,2009-08-28,97,0,0,0.4638,5.6,8,en,,tt1176911,/btD3ANVRVZMhL85RCnOCRqQ5Rx0.jpg,/k3QjgnnY7YNwSiJ9dTTK1IbJULM.jpg,"[{""id"": 18, ""name"": ""Drama""}, {""id"": 28, ""name"": ""Action""}, {""id"": 35, ""name"": ""Comedy""}]","[{""id"": 4013, ""logo_path"": null, ""name"": ""Phat Phish Motion Pictures"", ""origin_country"": """"}, {""id"": 12154, ""logo_path"": ""/dBjJavlqNxrYlqcbobDYYq9NuOq.png"", ""name"": ""Fox Star Studios"", ""origin_country"": ""IN""}]","[{""iso_3166_1"": ""IN"", ""name"": ""India""}]","[{""english_name"": ""English"", ""iso_639_1"": ""en"", ""name"": ""English""}]","[""IN""]",null
21826,"Three: Love, Lies, Betrayal","Three: Love, Lies, Betrayal","Three. Love. Lies. Betrayal. Into their house, They let in a stranger. Two lived happily Now, three live in danger.",,Released,False,False,2009-09-03,0,0,0,0.1562,0.0,0,en,,tt1388424,,,"[{""id"": 18, ""name"": ""Drama""}]",[],"[{""iso_3166_1"": ""IN"", ""name"": ""India""}]","[{""english_name"": ""Hindi"", ""iso_639_1"": ""hi"", ""name"": ""\u0939\u093f\u0928\u094d\u0926\u0940""}]","[""US""]",null
21828,Flirting,Flirting,Two freethinking teenagers - a boy and a girl - confront with authoritarian teachers in their boarding schools. The other students treat this differently.,Here's to risks.,Released,False,False,1991-03-20,99,20000000,2415396,1.3918,6.7,82,en,,tt0101898,/a4WVST3uUSzxwKR5wlsiREVj50d.jpg,/Ab96F3BQ5V4wf7JPdaIzTJnudhu.jpg,"[{""id"": 18, ""name"": ""Drama""}, {""id"": 10749, ""name"": ""Romance""}]","[{""id"": 2537, ""logo_path"": null, ""name"": ""Kennedy Miller Productions"", ""origin_country"": ""AU""}]","[{""iso_3166_1"": ""AU"", ""name"": ""Australia""}]","[{""english_name"": ""English"", ""iso_639_1"": ""en"", ""name"": ""English""}]","[""AU""]","{""id"": 1424011, ""name"": ""Danny Embling Collection"", ""poster_path"": null, ""backdrop_path"": null}"
21832,Neon Genesis Evangelion: Death and Rebirth,新世紀エヴァンゲリオン劇場版 シト新生,"Originally a collection of clips from the Neon Genesis Evangelion TV series, Death was created as a precursor to the re-worked ending of the series. Rebirth was intended as that re-worked ending, but after production overruns Rebirth became only the first half of the first part of The End of Evangelion, with some minor differences.",Welcome to the apocalypse.,Released,False,False,1997-03-15,101,0,15877,7.0107,7.389,488,ja,http://www.deathandrebirth.com/,tt0169880,/lXBjqzo6c4NyLuJtqOiH39kswji.jpg,/74wyAwiWTGLpJGQIPMKjYjvSyl4.jpg,"[{""id"": 16, ""name"": ""Animation""}, {""id"": 18, ""name"": ""Drama""}, {""id"": 878, ""name"": ""Science Fiction""}]","[{""id"": 3041, ""logo_path"": ""/j9VqEdiNqIkMJKku1UTGMAvmuRr.png"", ""name"": ""GAINAX"", ""origin_country"": ""JP""}, {""id"": 529, ""logo_path"": ""/rwB6w2aPENQbx756pBWSw44Ouk.png"", ""name"": ""Production I.G"", ""origin_country"": ""JP""}, {""id"": 13583, ""logo_path"": ""/3AcqA6uF49Auq43niCf9NQPGxsU.png"", ""name"": ""Tatsunoko Production"", ""origin_country"": ""JP""}, {""id"": 1194, ""logo_path"": ""/dwkHaFLgtA7CUNbgKK0wB6bospu.png"", ""name"": ""KADOKAWA Shoten"", ""origin_country"": ""JP""}, {""id"": 3034, ""logo_path"": ""/jnuO8pZNEBLEq5YaOP1f5OkmG91.png"", ""name"": ""TV Tokyo"", ""origin_country"": ""JP""}, {""id"": 113750, ""logo_path"": ""/A3QVZ9Ah0yI2d2GiXUFpdlbTgyr.png"", ""name"": ""SEGA"", ""origin_country"": ""JP""}, {""id"": 5822, ""logo_path"": ""/qyTbRgCyU9NLKvKaiQVbadtr7RY.png"", ""name"": ""Toei Company"", ""origin_country"": ""JP""}]","[{""iso_3166_1"": ""JP"", ""name"": ""Japan""}]","[{""english_name"": ""Japanese"", ""iso_639_1"": ""ja"", ""name"": ""\u65e5\u672c\u8a9e""}]","[""JP""]","{""id"": 96850, ""name"": ""Neon Genesis Evangelion Collection"", ""poster_path"": ""/1FHZmNWcyz5zzGH2PQf1w0S4JZ1.jpg"", ""backdrop_path"": ""/15H2qrFqK3EmomWXOiJwothqc5V.jpg""}"
21833,Body Armour,Body Armour,"A burned-out bodyguard is hired to protect the man he hates the most: an international assassin who destroyed his career and ruined his life. Forced to put his personal feelings on hold, the bodyguard must use all his skills and years of experience to keep the assassin alive in the face of constant danger.",,Released,False,False,2007-02-09,90,0,0,1.089,5.2,22,en,,tt0799951,/4Jbsxbn8m0UjrLzwUMtw9u72E9d.jpg,/s2xLlCcmM7HKaYnKBRT9bYfO7m.jpg,"[{""id"": 28, ""name"": ""Action""}, {""id"": 53, ""name"": ""Thriller""}]","[{""id"": 8935, ""logo_path"": null, ""name"": ""Zinc Entertainment Inc."", ""origin_country"": """"}, {""id"": 3509, ""logo_path"": null, ""name"": ""ApolloProMovie & Co. 2. Filmproduktion"", ""origin_country"": ""DE""}, {""id"": 39929, ""logo_path"": null, ""name"": ""Fausto Producciones"", ""origin_country"": ""ES""}, {""id"": 68670, ""logo_path"": null, ""name"": ""Pacific Coast Productions"", ""origin_country"": """"}, {""id"": 2055, ""logo_path"": null, ""name"": ""Skyline Films"", ""origin_country"": ""GB""}, {""id"": 1182, ""logo_path"": ""/vuKupgmTNw6VCx7RMEOhLz18LIl.png"", ""name"": ""Telecinco"", ""origin_country"": ""ES""}, {""id"": 5085, ""logo_path"": ""/mPuVc7m1Ki7OQQvAYwYfIlEI3vu.png"", ""name"": ""TV3"", ""origin_country"": ""ES""}, {""id"": 35559, ""logo_path"": ""/xLqNfq5xXETBKjq3jSSiNqqPiN7.png"", ""name"": ""ICEC"", ""origin_country"": ""ES""}]","[{""iso_3166_1"": ""AU"", ""name"": ""Australia""}, {""iso_3166_1"": ""DE"", ""name"": ""Germany""}, {""iso_3166_1"": ""ES"", ""name"": ""Spain""}, {""iso_3166_1"": ""GB"", ""name"": ""United Kingdom""}, {""iso_3166_1"": ""US"", ""name"": ""United States of America""}]","[{""english_name"": ""English"", ""iso_639_1"": ""en"", ""name"": ""English""}]","[""AU"", ""US"", ""GB""]",null
21835,A Chinese Odyssey Part Two: Cinderella,西遊記大結局之仙履奇緣,"This sequel to ""Pandora's Box"" continues director Jeffrey Lau's adaptation of the Buddhism saga ""Journey to the West"". Stranded five centuries in the past, Joker Monkey King must battle a variety of monsters, seductive women and super-powered villains to save the dying Pak Jing-Jing.","10,000-year promise, lifetime of regret.",Released,False,False,1995-02-04,99,0,2692748,6.7229,7.7,258,cn,,tt0114996,/ksloRonL1kOq4yErf9LOJ5qDhem.jpg,/deD4CXrfpF2gkSa6fWckVnduAk2.jpg,"[{""id"": 28, ""name"": ""Action""}, {""id"": 12, ""name"": ""Adventure""}, {""id"": 14, ""name"": ""Fantasy""}, {""id"": 35, ""name"": ""Comedy""}, {""id"": 10749, ""name"": ""Romance""}]","[{""id"": 4582, ""logo_path"": null, ""name"": ""Xi'an Film Studio"", ""origin_country"": ""CN""}, {""id"": 189364, ""logo_path"": null, ""name"": ""Color Star Films"", ""origin_country"": """"}]","[{""iso_3166_1"": ""HK"", ""name"": ""Hong Kong""}]","[{""english_name"": ""Cantonese"", ""iso_639_1"": ""cn"", ""name"": ""\u5e7f\u5dde\u8bdd / \u5ee3\u5dde\u8a71""}]","[""HK""]","{""id"": 201544, ""name"": ""A Chinese Odyssey Collection"", ""poster_path"": ""/s1CUmVe8aAJmaCqxoGspPw4HpXH.jpg"", ""backdrop_path"": ""/k2XLscwkUQVpEKmVcsu7Y3yHqaN.jpg""}"
21836,Humanity's End,Humanity's End,"The year is 3313. Mankind is being systematically massacred throughout the galaxy by an invading species. All hope is lost until the last strand of pure human DNA is found on a remote planet in the far reaches of the galaxy. Now, an epic battle will be waged across time and space to save and protect the last of the human race.",,Released,False,False,2009-01-01,86,0,0,0.1606,3.1,25,en,http://www.halcyonpix.com/view.php?id=50,tt1249453,/dPu1nyFsS76ROPbzzmBrkjgdKTZ.jpg,/voreEunaZiwhHsgUIwSvCOTH5f.jpg,"[{""id"": 878, ""name"": ""Science Fiction""}]","[{""id"": 4014, ""logo_path"": null, ""name"": ""Halcyon International Pictures"", ""origin_country"": """"}, {""id"": 21576, ""logo_path"": null, ""name"": ""Morphius Film"", ""origin_country"": """"}, {""id"": 5569, ""logo_path"": null, ""name"": ""Empire Motion Pictures"", ""origin_country"": """"}]","[{""iso_3166_1"": ""US"", ""name"": ""United States of America""}]","[{""english_name"": ""English"", ""iso_639_1"": ""en"", ""name"": ""English""}]","[""US""]",null
21837,Cop Dog,Cop Dog,"Ever since Robby's father was killed while on police duty, Robby has been angry and alone. His father's old partner, a police dog named Marlowe, suffers the same fate. So when Robby sees Marlowe alone and locked up in a cage he begs his mum to let him have him. Instantly, the two are best friends. But, being a cop dog, when Marlowe, sees two familiar criminals in the woods.",Don't Mess With Man's Best Friend.,Released,False,False,2008-08-08,88,0,0,1.4385,2.8,7,en,,tt1209380,/jr3DQ4zKn6iXicsskpfjXlzGQXi.jpg,,"[{""id"": 28, ""name"": ""Action""}, {""id"": 12, ""name"": ""Adventure""}, {""id"": 10751, ""name"": ""Family""}, {""id"": 80, ""name"": ""Crime""}]","[{""id"": 6504, ""logo_path"": ""/fSRVblJav5hzojqu50bgEAIkLCH.png"", ""name"": ""Maple Island Films"", ""origin_country"": ""US""}]","[{""iso_3166_1"": ""US"", ""name"": ""United States of America""}]","[{""english_name"": ""English"", ""iso_639_1"": ""en"", ""name"": ""English""}]","[""US""]",null
21838,Dead & Breakfast,Dead & Breakfast,"Six friends on a road trip stop for the night at a bed and breakfast in the sleepy town of Lovelock. After a night that leaves both the inn's owner and chef dead, the gang finds themselves under suspicion by the local sheriff. But that's only the beginning as nearly all of the town's quirky residents become possessed by an evil spirit and pin down the friends inside the B&B.","It's like a bad horror movie, only worse.",Released,False,False,2004-03-16,88,500000,0,1.6222,5.5,108,en,,tt0350774,/A10Ce0fJ4RvVvTGm2mbvG08Nc7N.jpg,/5ZTI26xvOKkht81rBHZBT4DJ5VT.jpg,"[{""id"": 27, ""name"": ""Horror""}, {""id"": 35, ""name"": ""Comedy""}, {""id"": 10402, ""name"": ""Music""}]","[{""id"": 16839, ""logo_path"": ""/wxIDEXG8COFTlY96jbgrIEgKQb3.png"", ""name"": ""Anchor Bay Entertainment"", ""origin_country"": ""US""}, {""id"": 14406, ""logo_path"": null, ""name"": ""Ambush Entertainment"", ""origin_country"": """"}, {""id"": 189629, ""logo_path"": null, ""name"": ""Goal Line Productions"", ""origin_country"": """"}]","[{""iso_3166_1"": ""US"", ""name"": ""United States of America""}]","[{""english_name"": ""French"", ""iso_639_1"": ""fr"", ""name"": ""Fran\u00e7ais""}, {""english_name"": ""English"", ""iso_639_1"": ""en"", ""name"": ""English""}]","[""US""]",null
21840,The Misfit Brigade,The Misfit Brigade,"War story of the 27th Panzers, Hitler's heavy-duty combat regiment composed of prisoners.",The German Dirty Dozen,Released,False,False,1987-07-02,99,0,0,1.4943,5.7,49,en,,tt0093546,/4gzKUnPsnPUz17566fCejSW1bMI.jpg,/lw8ea4yDdEYF3kA3qKcqE2Dp9K.jpg,"[{""id"": 10752, ""name"": ""War""}, {""id"": 28, ""name"": ""Action""}, {""id"": 12, ""name"": ""Adventure""}, {""id"": 18, ""name"": ""Drama""}]","[{""id"": 20722, ""logo_path"": null, ""name"": ""Panorama-Film"", ""origin_country"": ""DK""}]","[{""iso_3166_1"": ""DK"", ""name"": ""Denmark""}, {""iso_3166_1"": ""GB"", ""name"": ""United Kingdom""}, {""iso_3166_1"": ""US"", ""name"": ""United States of America""}, {""iso_3166_1"": ""YU"", ""name"": ""Yugoslavia""}]","[{""english_name"": ""English"", ""iso_639_1"": ""en"", ""name"": ""English""}]","[""DK"", ""US"", ""GB""]",null
21841,June 9,June 9,Terror strikes teenage pranksters armed with a video camera.,The first scream was for fun. The second scream was for help.,Released,False,False,2008-06-09,95,0,0,0.4974,4.9,15,en,,tt0933876,/91Tn5XGhKK3pDfDYLSkg4AhQzgl.jpg,/gBIK8OvIb53VoOvBtkyNHPYW6Oz.jpg,"[{""id"": 27, ""name"": ""Horror""}, {""id"": 9648, ""name"": ""Mystery""}, {""id"": 53, ""name"": ""Thriller""}]","[{""id"": 150757, ""logo_path"": null, ""name"": ""Legion Filmworks"", ""origin_country"": """"}]","[{""iso_3166_1"": ""US"", ""name"": ""United States of America""}]","[{""english_name"": ""English"", ""iso_639_1"": ""en"", ""name"": ""English""}]","[""US""]",null
21842,Once in a Lifetime,Livet är en schlager,"Mona Bergström is a sweet eurovision-obsessed woman in her 30s. She is married to a lazy husband and has four children, all named after her favorite Swedish Eurovision popstars. Her brother is a crossdressing guy self-titled ""Candy Darling"". Mona works in a retirement home for disabled people, where she is responsible for taking care of a young man named David who suffers a movement-restricting disease forcing him into a wheelchair. David's parents have abandoned him, as they wanted a normal child. Mona holds a big place in David's heart, and vica versa. David's goal is to get his parents to come and visit him, and he wants to show them that he is a great person, despite his handicap. Therefore he works with music on his computer, and his goal is to create a song, send it to ""The Cardigans"", a famous Swedish band and have them play the song and credit him, hoping his parents would spot it and want to visit him.",,Released,False,False,2000-11-10,108,0,0,0.5785,4.3,29,sv,,tt0265232,/9VwP8fMxTVErL4w5SUdPfe6cMCz.jpg,/mAtBBhpdBR3U3C23q00QrY9KmXd.jpg,"[{""id"": 35, ""name"": ""Comedy""}, {""id"": 18, ""name"": ""Drama""}]","[{""id"": 2999, ""logo_path"": ""/zGSqFee9aDgDuLD6vcs2mcJUem4.png"", ""name"": ""SVT"", ""origin_country"": ""SE""}, {""id"": 327, ""logo_path"": ""/vodjjKlAbwGeERPjrAhxZMBGPUc.png"", ""name"": ""Nordisk Film Sweden"", ""origin_country"": ""SE""}, {""id"": 1929, ""logo_path"": null, ""name"": ""Sonet Film"", ""origin_country"": ""SE""}, {""id"": 758, ""logo_path"": ""/fft3jrctrZNcgAxgN1w5Givtzip.png"", ""name"": ""TV 2"", ""origin_country"": ""DK""}]","[{""iso_3166_1"": ""SE"", ""name"": ""Sweden""}, {""iso_3166_1"": ""DK"", ""name"": ""Denmark""}]","[{""english_name"": ""Swedish"", ""iso_639_1"": ""sv"", ""name"": ""svenska""}]","[""DK"", ""SE""]",null
21843,Riot On!,Riot On!,"The year is 2000 and investors are going crazy about a new mobile phone company called Riot Entertainment. Many high profile companies, like Nokia, invest millions on this unknown firm. Two years later, when all the money has been spent and the company is bankrupt, the fun is over. What happened?",,Released,False,False,2004-11-12,78,0,0,0.419,4.7,10,en,,tt0427783,/tCiV6yYNXQVSKdwooujaMijrSN7.jpg,,"[{""id"": 99, ""name"": ""Documentary""}]","[{""id"": 4017, ""logo_path"": null, ""name"": ""Hakalax Productions"", ""origin_country"": """"}]","[{""iso_3166_1"": ""FI"", ""name"": ""Finland""}]","[{""english_name"": ""English"", ""iso_639_1"": ""en"", ""name"": ""English""}, {""english_name"": ""Finnish"", ""iso_639_1"": ""fi"", ""name"": ""suomi""}]","[""US""]",null
21845,Rookie of the Year,Rookie of the Year,"12-year-old Henry Rowengartner, whose late father was a minor league baseball player, grew up dreaming of playing baseball, despite his physical shortcomings. After Henry's arm is broken while trying to catch a baseball at school, the tendon in that arm heals too tightly, allowing Henry to throw pitches that are as fast as 103 mph. Henry is spotted at nearby Wrigley Field by Larry ""Fish"" Fisher, the general manager of the struggling Chicago Cubs, after Henry throws an opponent's home-run ball all the way from the outfield bleachers back to the catcher, and it seems that Henry may be the pitcher that team owner Bob Carson has been praying for.",The Chicago Cubs needed a miracle... They got Henry Rowengartner.,Released,False,False,1993-07-07,103,31000000,56500758,2.6541,6.2,382,en,,tt0107985,/9If8XnhBdEbQ2Q0ggAQC92CptjU.jpg,/AsiZIxTfcSSj2Ti9s88F17pzjrF.jpg,"[{""id"": 10751, ""name"": ""Family""}, {""id"": 35, ""name"": ""Comedy""}]","[{""id"": 25, ""logo_path"": ""/qZCc1lty5FzX30aOCVRBLzaVmcp.png"", ""name"": ""20th Century Fox"", ""origin_country"": ""US""}]","[{""iso_3166_1"": ""US"", ""name"": ""United States of America""}]","[{""english_name"": ""English"", ""iso_639_1"": ""en"", ""name"": ""English""}]","[""US""]",null
21846,Trinity and Beyond: The Atomic Bomb Movie,Trinity and Beyond: The Atomic Bomb Movie,"""Trinity and Beyond"" is an unsettling yet visually fascinating documentary presenting the history of nuclear weapons development and testing between 1945-1963. Narrated by William Shatner and featuring an original score performed by the Moscow Symphony Orchestra, this award-winning documentary reveals previously unreleased and classified government footage from several countries.",,Released,False,False,1995-09-29,92,0,0,1.6996,7.2,61,en,http://www.vce.com/trinity.html,tt0114728,/mkLY0SC2cBF3lE6bv3W0V4muJ4Q.jpg,/7v6kVboVfR5x4Y2TqRZhWTYSzQn.jpg,"[{""id"": 99, ""name"": ""Documentary""}, {""id"": 36, ""name"": ""History""}, {""id"": 10752, ""name"": ""War""}]","[{""id"": 4020, ""logo_path"": null, ""name"": ""Visual Concept Entertainment"", ""origin_country"": """"}, {""id"": 170493, ""logo_path"": null, ""name"": ""Documentary Film Works"", ""origin_country"": """"}]","[{""iso_3166_1"": ""US"", ""name"": ""United States of America""}]","[{""english_name"": ""English"", ""iso_639_1"": ""en"", ""name"": ""English""}]","[""US""]","{""id"": 126678, ""name"": ""The Atomic Bomb Collection"", ""poster_path"": ""/36dTtveXTuyNfFwor49UgLG8zqB.jpg"", ""backdrop_path"": null}"
21849,A Face in the Crowd,A Face in the Crowd,The rise of a raucous hayseed named Lonesome Rhodes from itinerant Ozark guitar picker to local media rabble-rouser to TV superstar and political king-maker. Marcia Jeffries is the innocent Sarah Lawrence girl who discovers the great man in a back-country jail and is the first to fall under his spell.,"POWER! He loved it! He took it raw in big gulpfuls … he liked the taste, the way it mixed with the bourbon and the sin in his blood!",Released,False,False,1957-05-29,125,0,0,2.1421,7.6,269,en,,tt0050371,/2dkl9CDynHbIHDkIiPzKPFqnwFy.jpg,/kTFXaktj0cRqshYzWvlhCQ1yAGy.jpg,"[{""id"": 18, ""name"": ""Drama""}]","[{""id"": 4299, ""logo_path"": null, ""name"": ""Newtown Productions"", ""origin_country"": """"}, {""id"": 174, ""logo_path"": ""/zhD3hhtKB5qyv7ZeL4uLpNxgMVU.png"", ""name"": ""Warner Bros. Pictures"", ""origin_country"": ""US""}]","[{""iso_3166_1"": ""US"", ""name"": ""United States of America""}]","[{""english_name"": ""English"", ""iso_639_1"": ""en"", ""name"": ""English""}]","[""US""]",null
21851,The Lost,The Lost,"Kevin, an American psychiatrist has just entered the bestseller list books. During the recent book promotion tour he meets a sister of a former patient he committed to a mental institution in Spain. She asks if he will visit her sister, as her current carers have given up on helping her. His return to the city that once he had lived and worked reawakens subconscious memories of the hidden history ... he begins to remember.","Two hearts, one fate.",Released,False,False,2009-01-01,94,0,0,0.8162,5.7,21,en,,tt0831916,/kaqziDs3hAixDLX9GQYFZlTwAct.jpg,,"[{""id"": 9648, ""name"": ""Mystery""}, {""id"": 53, ""name"": ""Thriller""}, {""id"": 10770, ""name"": ""TV Movie""}, {""id"": 27, ""name"": ""Horror""}]","[{""id"": 4018, ""logo_path"": null, ""name"": ""Drimtim Entertainment"", ""origin_country"": """"}]","[{""iso_3166_1"": ""ES"", ""name"": ""Spain""}]","[{""english_name"": ""English"", ""iso_639_1"": ""en"", ""name"": ""English""}]","[""US""]",null
21860,Born,Born,"Mary Elizabeth goes to bed alone one night, still a twenty one year old virgin, and wakes up the next morning pregnant. Possessed by the demon fetus growing within her womb, Mary Elizabeth obeys her homicidal cravings to kill, for the sake of her unborn spawn. Mary Elizabeth's dark transformation is controlled by her unborn demon child's deadly evil cravings.",Meet the little devil.,Released,False,False,2007-10-17,107,0,0,1.6423,3.9,29,en,http://www.born-2007.com,tt0852940,/l3b4OBwbtYiSOjMbWrVJVogj9xq.jpg,/7Rfx5s2kDl2ROgqkoF58G8QVCdC.jpg,"[{""id"": 27, ""name"": ""Horror""}]","[{""id"": 4019, ""logo_path"": null, ""name"": ""Devil's Child Picture Company"", ""origin_country"": """"}]","[{""iso_3166_1"": ""US"", ""name"": ""United States of America""}]","[{""english_name"": ""English"", ""iso_639_1"": ""en"", ""name"": ""English""}]","[""US""]",null
21861,LOL (Laughing Out Loud),LOL (Laughing Out Loud),"Lola is a striking teenaged girl who is on the cusp of adulthood and longs to rush into the adult world of independence, freedom and sexual exploits, but is tenaciously held back by her mother.",,Released,False,False,2009-02-04,103,10900000,31451622,1.2456,6.524,1340,fr,,tt1194616,/cqAlMlnCh2pTaM7us9bO2WlODEY.jpg,/kTsTU0cIZAh6lDOiA4PzNR68Xjg.jpg,"[{""id"": 35, ""name"": ""Comedy""}]","[{""id"": 7981, ""logo_path"": ""/6Yv1gIAuGkHS5Vis4UjnqHhCPWV.png"", ""name"": ""Path\u00e9"", ""origin_country"": ""FR""}, {""id"": 14628, ""logo_path"": null, ""name"": ""Bethsab\u00e9e Mucho"", ""origin_country"": ""FR""}, {""id"": 1115, ""logo_path"": ""/ntH7T5gsN6wtyrfHGHJDTuneQ7o.png"", ""name"": ""M6 Films"", ""origin_country"": ""FR""}, {""id"": 356, ""logo_path"": ""/9tW5wZEGotn1Ei5pErA88m47XiD.png"", ""name"": ""TF1 Films Production"", ""origin_country"": ""FR""}]","[{""iso_3166_1"": ""FR"", ""name"": ""France""}]","[{""english_name"": ""French"", ""iso_639_1"": ""fr"", ""name"": ""Fran\u00e7ais""}]","[""FR""]",null
21862,Deep in the Valley,Deep in the Valley,"Best friends, Carl and Lester, find themselves magically transported into an alternate universe straight out of a real-life adult movie. Hilarity ensues as they embark upon a journey of adult-themed mayhem while Carl ultimately finds true love in the most unlikely of places.",Where Every Fantasy Comes True,Released,False,False,2009-08-28,91,0,0,2.4689,4.9,151,en,,tt1078885,/obMNcO8izVF6Zv7crsmwvsDeyK9.jpg,/cB0hIQ08dAjg521bBJ1IUoggoAZ.jpg,"[{""id"": 35, ""name"": ""Comedy""}, {""id"": 10749, ""name"": ""Romance""}]","[{""id"": 810, ""logo_path"": null, ""name"": ""Persistent Entertainment"", ""origin_country"": """"}]","[{""iso_3166_1"": ""US"", ""name"": ""United States of America""}]","[{""english_name"": ""English"", ""iso_639_1"": ""en"", ""name"": ""English""}]","[""US""]",null
21863,Smile Pretty,Smile Pretty,"Nastalia is too young to have experienced many things in life, but as an abused child she has already experienced the darkest side of it. Now a young teen she takes it upon herself to change her life for the better, but the torment that is so interlaced with her childhood will haunt her every step forward.",Her innocence fades with each flash of the camera.,Released,False,False,2009-08-11,87,0,0,0.4783,5.3,9,en,,tt1447971,/xskaVJRntwCPlAqev0NmDY9xEUV.jpg,/3l7Qwo0ULnhc19NLFzula7TprrS.jpg,"[{""id"": 18, ""name"": ""Drama""}]","[{""id"": 192052, ""logo_path"": null, ""name"": ""Dorian"", ""origin_country"": """"}]","[{""iso_3166_1"": ""US"", ""name"": ""United States of America""}]","[{""english_name"": ""English"", ""iso_639_1"": ""en"", ""name"": ""English""}]","[""US""]",null
21864,Wyvern,Wyvern,The residents of a small Alaskan town find themselves under attack by a flying reptile known in medieval mythology as a Wyvern. It has thawed from its ancient slumber by melting icecaps caused by global warming.,Ancient evil has come to feed.,Released,False,False,2009-01-31,89,0,0,1.4644,5.0,68,en,,tt1331335,/fw84TWlyimwbUwyJixZXyXR0fSG.jpg,/9UmI7GyekhovpTnMJOIMjPxw7V3.jpg,"[{""id"": 14, ""name"": ""Fantasy""}, {""id"": 878, ""name"": ""Science Fiction""}, {""id"": 10770, ""name"": ""TV Movie""}, {""id"": 28, ""name"": ""Action""}, {""id"": 12, ""name"": ""Adventure""}]","[{""id"": 2865, ""logo_path"": ""/5O0gp5QS3n9ZPRvWFxaWa6QPpGX.png"", ""name"": ""Insight Film Studios"", ""origin_country"": ""CA""}, {""id"": 10399, ""logo_path"": null, ""name"": ""CineTel Films"", ""origin_country"": ""US""}]","[{""iso_3166_1"": ""CA"", ""name"": ""Canada""}, {""iso_3166_1"": ""US"", ""name"": ""United States of America""}]","[{""english_name"": ""English"", ""iso_639_1"": ""en"", ""name"": ""English""}]","[""CA"", ""US""]","{""id"": 1021155, ""name"": ""Maneater Collection"", ""poster_path"": ""/11OfydfbF1noP4tUCS5uwa2Auox.jpg"", ""backdrop_path"": ""/iKGoUiyYFiRq9jDh4s6pdmKmWwE.jpg""}"
21865,Santa vs. the Snowman,Santa vs. the Snowman,"A lonely snowman finds Santa's workshop. But when he sets off the perimeter alarms and is chased away, he wonders why he couldn't be Santa and get all the love and fun this year. With the aid of ""Snow Minions Made Easy"", he pits his snow army against Santa's elves and captures Santa. But can he really do Santa's job?",,Released,False,False,2002-11-01,32,0,0,0.975,7.2,5,en,,tt0135640,/y2xHNOeqsP0V6zi5KVAocBoQZwI.jpg,/y6QX7e0icgEAnuSe3y0KOTlCoCz.jpg,"[{""id"": 16, ""name"": ""Animation""}, {""id"": 35, ""name"": ""Comedy""}, {""id"": 10751, ""name"": ""Family""}]","[{""id"": 89136, ""logo_path"": ""/5w19JCYpAshGGSIh1fTgwswl4DC.png"", ""name"": ""DNA Productions"", ""origin_country"": """"}, {""id"": 5682, ""logo_path"": ""/r7Hqh8pdZ9XdjXuMdslT3cgphbG.png"", ""name"": ""O Entertainment"", ""origin_country"": """"}]","[{""iso_3166_1"": ""US"", ""name"": ""United States of America""}]","[{""english_name"": ""English"", ""iso_639_1"": ""en"", ""name"": ""English""}]","[""US""]",null
21866,Bronco Billy,Bronco Billy,"An idealistic, modern-day cowboy struggles to keep his Wild West show afloat in the face of hard luck and waning interest.",The most outrageous of 'em all.,Released,False,False,1980-06-11,116,6500000,24300000,1.9434,6.3,285,en,,tt0080472,/qiWVmWUq4M9Hc2Ui4jPkAnX6oAz.jpg,/nRFvxcviXSuKfVYBop7baLiGzr0.jpg,"[{""id"": 18, ""name"": ""Drama""}, {""id"": 10749, ""name"": ""Romance""}, {""id"": 35, ""name"": ""Comedy""}]","[{""id"": 89137, ""logo_path"": null, ""name"": ""Second Street Films"", ""origin_country"": """"}, {""id"": 174, ""logo_path"": ""/zhD3hhtKB5qyv7ZeL4uLpNxgMVU.png"", ""name"": ""Warner Bros. Pictures"", ""origin_country"": ""US""}]","[{""iso_3166_1"": ""US"", ""name"": ""United States of America""}]","[{""english_name"": ""English"", ""iso_639_1"": ""en"", ""name"": ""English""}]","[""US""]",null
21867,Lady Jane,Lady Jane,"The death of King Henry VIII throws his kingdom into chaos because of succession disputes. His weak son, Edward, is on his deathbed. Anxious to keep England true to the Reformation, a scheming minister John Dudley marries off his son, Guildford to Lady Jane Grey, whom he places on the throne after Edward dies. At first hostile to each other, Guildford and Jane fall in love, but they cannot withstand the course of power which will lead to their ultimate downfall.",Some of the greatest battles are fought with the heart.,Released,False,False,1986-02-07,142,8500000,0,2.46,6.9,110,en,,tt0091374,/h0N4lG6g2r77C4yGTuvOBHhGYXP.jpg,/dMx5BCbLI4NXiwdpf27YPlnjf1K.jpg,"[{""id"": 18, ""name"": ""Drama""}, {""id"": 10749, ""name"": ""Romance""}, {""id"": 36, ""name"": ""History""}]","[{""id"": 15125, ""logo_path"": null, ""name"": ""Capital Equipment Leasing"", ""origin_country"": """"}, {""id"": 4, ""logo_path"": ""/jay6WcMgagAklUt7i9Euwj1pzTF.png"", ""name"": ""Paramount Pictures"", ""origin_country"": ""US""}]","[{""iso_3166_1"": ""GB"", ""name"": ""United Kingdom""}]","[{""english_name"": ""English"", ""iso_639_1"": ""en"", ""name"": ""English""}]","[""US"", ""GB""]",null
21868,Evelyn,Evelyn,"Desmond Doyle is devastated when his wife abandons their family on the day after Christmas. His unemployment, and the fact that there is no woman in the house to care for the children—Evelyn, Dermot and Maurice—make it clear to the authorities this is an untenable situation. The Catholic Church and the Irish courts decide to put the Doyle children into Church-run orphanages.",The Story of a Father’s Love That Changed a Nation.,Released,False,False,2002-09-30,92,0,0,1.8541,6.4,110,en,,tt0298856,/kGsCpJcJj9JDsSLQRlfukNuZJgq.jpg,/q3P6P6yVij3i16B4F0sotx8IOzB.jpg,"[{""id"": 18, ""name"": ""Drama""}]","[{""id"": 4626, ""logo_path"": null, ""name"": ""CineEvelyn"", ""origin_country"": ""IE""}, {""id"": 597, ""logo_path"": null, ""name"": ""Irish Dreamtime"", ""origin_country"": ""US""}]","[{""iso_3166_1"": ""IE"", ""name"": ""Ireland""}, {""iso_3166_1"": ""US"", ""name"": ""United States of America""}]","[{""english_name"": ""English"", ""iso_639_1"": ""en"", ""name"": ""English""}]","[""IE""]",null
21871,Tank,Tank,"After relocating his family - and his prized restored Sherman tank - to a small Georgia town, Sargeant Major Zack Carey butts heads with the local sheriff. Zack doesn't agree with the ways of the local police, and when the sheriff goes after Zack's son, it's time for Zack to roll out the Sherman tank and wage a little war of his own.",A tank a day keeps the law away.,Released,False,False,1984-03-16,113,0,14134877,3.0501,5.7,89,en,,tt0088224,/3FIacxCzFP3eLndNVvhRlFjNVc6.jpg,/wDB7q0mAHEcGxh2LS5Xx0PfRXTG.jpg,"[{""id"": 35, ""name"": ""Comedy""}]","[{""id"": 33, ""logo_path"": ""/8lvHyhjr8oUKOOy2dKXoALWKdp0.png"", ""name"": ""Universal Pictures"", ""origin_country"": ""US""}, {""id"": 1887, ""logo_path"": null, ""name"": ""Lorimar Motion Pictures"", ""origin_country"": ""US""}]","[{""iso_3166_1"": ""US"", ""name"": ""United States of America""}]","[{""english_name"": ""English"", ""iso_639_1"": ""en"", ""name"": ""English""}]","[""US""]",null
21872,The Flying Liftboy,Abeltje,"Pupil Abel is the victim of Laura's nasty prank, yet gets accidentally blamed and overreacts. His ma withdraws him from school and gets him a job as lift-boy. But its' a special lift: when he pushes the forbidden green button, it takes him, Laura, Jozias Tump and Maria Klaterhoen to Manhattan. There he's mistaken by a rich woman who looks like his mother for her long missing son Johnny. When a police helicopter comes to tow the lift cabin, the Dutchmen get back in. It takes them to a Latin American country, Perugona. The new revolutionary leader realizes presidents live about one year, so he gives the job to Mr. Tump, who saved his life. The news coverage attracts Abel's and Johnny's family, in time for an even weirder finale.",,Released,False,False,1998-11-26,110,0,0,0.6256,5.7,33,nl,,tt0124272,/zEse3rAT4qUq1H7lfEcZ1Syld1x.jpg,/82QlrfE3Cdctd1cvfWOz8Y04n8b.jpg,"[{""id"": 12, ""name"": ""Adventure""}]","[{""id"": 9054, ""logo_path"": ""/zb7XWmOcLTLmat8ZjybzJrAwBrP.png"", ""name"": ""BosBros"", ""origin_country"": ""NL""}]","[{""iso_3166_1"": ""NL"", ""name"": ""Netherlands""}]","[{""english_name"": ""Dutch"", ""iso_639_1"": ""nl"", ""name"": ""Nederlands""}, {""english_name"": ""English"", ""iso_639_1"": ""en"", ""name"": ""English""}, {""english_name"": ""German"", ""iso_639_1"": ""de"", ""name"": ""Deutsch""}, {""english_name"": ""Spanish"", ""iso_639_1"": ""es"", ""name"": ""Espa\u00f1ol""}]","[""NL""]",null
21873,My Bodyguard,My Bodyguard,"Clifford Peache, an easygoing teenager, is finding less than easy to fit in at his new high school, where a tough-talking bully terrorizes his classmates and extorts their lunch money. Refusing to pay up, Clifford enlist the aid of an overgrown misfit whose mere presence intimidates students and teachers alike. But their ""business relationship"" soon turns personal as Clifford and the troubled loner forge a winning alliance against their intimidators - and a very special friendship with each other.",Terrorized in the Toilets? Chased after school? Shaken down for lunch money? GET A BODYGUARD,Released,False,False,1980-07-11,96,0,22482952,1.6591,6.329,126,en,,tt0081207,/agk3tSS6OLiSdyrieDhPpuQ7CEZ.jpg,/cd5ntfLmtqUqkUGn2B5s2zBLjde.jpg,"[{""id"": 35, ""name"": ""Comedy""}, {""id"": 18, ""name"": ""Drama""}, {""id"": 10751, ""name"": ""Family""}]","[{""id"": 2124, ""logo_path"": null, ""name"": ""Melvin Simon Productions"", ""origin_country"": ""US""}, {""id"": 8829, ""logo_path"": null, ""name"": ""Market Street Productions"", ""origin_country"": """"}, {""id"": 25, ""logo_path"": ""/qZCc1lty5FzX30aOCVRBLzaVmcp.png"", ""name"": ""20th Century Fox"", ""origin_country"": ""US""}]","[{""iso_3166_1"": ""US"", ""name"": ""United States of America""}]","[{""english_name"": ""English"", ""iso_639_1"": ""en"", ""name"": ""English""}]","[""US""]",null
21874,Looker,Looker,"Plastic surgeon Larry Roberts performs a series of minor alterations on a group of models who are seeking perfection. The operations are a resounding success. But when someone starts killing his beautiful patients, Dr. Roberts becomes suspicious and starts investigating. What he uncovers are the mysterious - and perhaps murderous - activities of a high-tech computer company called Digital Matrix.",If Looks Could Kill...,Released,False,False,1981-10-30,94,0,3282232,1.593,6.066,128,en,,tt0082677,/dQtdfoA0HKyI3YDHCngx6Rp8ePy.jpg,/xVcpaQwIoVPZq4zW1sNZdKa6nEQ.jpg,"[{""id"": 878, ""name"": ""Science Fiction""}, {""id"": 53, ""name"": ""Thriller""}]","[{""id"": 7965, ""logo_path"": ""/eZ6DeFO1mhHtzxB1aACcEzKqQ7L.png"", ""name"": ""The Ladd Company"", ""origin_country"": ""US""}]","[{""iso_3166_1"": ""US"", ""name"": ""United States of America""}]","[{""english_name"": ""English"", ""iso_639_1"": ""en"", ""name"": ""English""}]","[""US""]",null
21876,Von Ryan's Express,Von Ryan's Express,"Von Ryan's Express stars Frank Sinatra as a POW colonel who leads a daring escape from WWII Italy by taking over a freight train, but he has to win over the British soldiers he finds himself commanding.",,Released,False,False,1965-06-23,117,5760000,17111111,2.0799,7.07,236,en,,tt0059885,/kNIpEa4fe0RvgTqjkRrHFuSW8lz.jpg,/4nIEoIesbcW85iwgneg92a9xU2P.jpg,"[{""id"": 10752, ""name"": ""War""}, {""id"": 28, ""name"": ""Action""}, {""id"": 12, ""name"": ""Adventure""}, {""id"": 53, ""name"": ""Thriller""}]","[{""id"": 69791, ""logo_path"": null, ""name"": ""P-R Productions Picture"", ""origin_country"": """"}, {""id"": 25, ""logo_path"": ""/qZCc1lty5FzX30aOCVRBLzaVmcp.png"", ""name"": ""20th Century Fox"", ""origin_country"": ""US""}]","[{""iso_3166_1"": ""US"", ""name"": ""United States of America""}]","[{""english_name"": ""German"", ""iso_639_1"": ""de"", ""name"": ""Deutsch""}, {""english_name"": ""Italian"", ""iso_639_1"": ""it"", ""name"": ""Italiano""}, {""english_name"": ""English"", ""iso_639_1"": ""en"", ""name"": ""English""}]","[""US""]",null
21877,The Line,The Line,"Amidst a volatile underworld, a member of an Asian crime family is brutally murdered in cold blood. To prevent a gang war, recently promoted detective, James Jewel is teamed with rogue undercover cop Mike Calis. Against the clock, the officers must unravel the truth behind the killing. The deeper they delve, the greater the web of deceit grows. A place where the line between cop and criminal is constantly blurred.",Between cop and criminal... betrayal respects no line.,Released,False,False,2007-08-08,95,0,0,0.1935,6.0,2,en,,tt0479700,/by5NWiEaXJ66DByah5PWWoiGiOW.jpg,,"[{""id"": 28, ""name"": ""Action""}, {""id"": 80, ""name"": ""Crime""}, {""id"": 53, ""name"": ""Thriller""}]",[],"[{""iso_3166_1"": ""US"", ""name"": ""United States of America""}]","[{""english_name"": ""English"", ""iso_639_1"": ""en"", ""name"": ""English""}]","[""AU""]",null
21878,The Line,La Linea,"The story centers around veteran assassin Mark Shields as he tracks down, Pelon, the elusive head of the Salazar Crime Cartel. Through twists of fate, Shields ends up with a local woman, Olivia who is also fighting her own demons for the sake of her daughter. Set in the rich and atmospheric backdrop of Tijuana, Mexico, La Linea (The Line) is full of action and drama.",Stay on your side.,Released,False,False,2009-05-11,95,7500000,0,1.9681,4.821,81,en,,tt1111918,/nqFJRRM4uK3DWXEwsluAP1Pb5fH.jpg,/rGlBRCfxRHOJwGreTYu05Ez6I5b.jpg,"[{""id"": 28, ""name"": ""Action""}, {""id"": 80, ""name"": ""Crime""}, {""id"": 18, ""name"": ""Drama""}, {""id"": 53, ""name"": ""Thriller""}]","[{""id"": 16631, ""logo_path"": null, ""name"": ""Project One Films"", ""origin_country"": """"}, {""id"": 16632, ""logo_path"": null, ""name"": ""Baja Films Internacional"", ""origin_country"": """"}]","[{""iso_3166_1"": ""US"", ""name"": ""United States of America""}, {""iso_3166_1"": ""MX"", ""name"": ""Mexico""}]","[{""english_name"": ""Spanish"", ""iso_639_1"": ""es"", ""name"": ""Espa\u00f1ol""}, {""english_name"": ""English"", ""iso_639_1"": ""en"", ""name"": ""English""}]","[""US"", ""MX""]",null
21879,The Hollywood Knights,The Hollywood Knights,"Led by their comedic and pranking leader, Newbomb Turk, the Hollywood Knights car gang raise hell throughout Beverly Hills on Halloween Night, 1965. Everything from drag racing to Vietnam to high school love.",Beverly Hills and the civilized world will never forget them.,Released,False,False,1980-05-18,91,2500000,10000000,1.3948,5.662,65,en,,tt0080881,/nKTXjzFW52n61rlXT80MGIcnEG4.jpg,/y0evpko41DD8VObgDD7lENJgNgr.jpg,"[{""id"": 35, ""name"": ""Comedy""}]","[{""id"": 67889, ""logo_path"": ""/rgEZCUJeQFyVyOdXdSLSa9BsEq4.png"", ""name"": ""Polygram Pictures"", ""origin_country"": ""US""}, {""id"": 5, ""logo_path"": ""/71BqEFAF4V3qjjMPCpLuyJFB9A.png"", ""name"": ""Columbia Pictures"", ""origin_country"": ""US""}]","[{""iso_3166_1"": ""US"", ""name"": ""United States of America""}]","[{""english_name"": ""English"", ""iso_639_1"": ""en"", ""name"": ""English""}]","[""US""]",null
21880,E11,E11,"The story of the first ascent of Rhapsody at Dumbarton Rock, the world's first E11 and hardest traditional rock climb. Huge falls, injuries, tears and eventually success!",,Released,False,False,2006-10-26,41,0,0,0.2223,0.0,0,en,http://hotaches.com/climbing-films/e11/,tt3547728,/emzfnKS0Lmm8WeIqlYgZtvpIy4F.jpg,,"[{""id"": 12, ""name"": ""Adventure""}, {""id"": 99, ""name"": ""Documentary""}]","[{""id"": 12055, ""logo_path"": null, ""name"": ""Hot Aches"", ""origin_country"": """"}]","[{""iso_3166_1"": ""GB"", ""name"": ""United Kingdom""}]","[{""english_name"": ""English"", ""iso_639_1"": ""en"", ""name"": ""English""}]","[""US"", ""GB""]",null
21882,Gator,Gator,"After his release from prison, notorious ex-con and moonshine distiller Gator McKlusky moves in with his father in a cabin in the Okefenokee Swamp. His bootlegging plans are cut short, however, when a federal agent tells McKlusky that he will lose custody of his 9-year-old daughter unless he helps bring down local crime lord Bama McCall. McKlusky enlists the help of reporter Aggie Maybank and a few local eccentrics to bring down McCall's empire.",Come and get him.,Released,False,False,1976-08-25,115,0,11000000,1.6311,5.1,92,en,,tt0074564,/n7mBSRhiH3qPHNgXqTc2evCx186.jpg,/l7sNa1FYIEevAMu1pCWOj615dIu.jpg,"[{""id"": 18, ""name"": ""Drama""}, {""id"": 80, ""name"": ""Crime""}, {""id"": 28, ""name"": ""Action""}]","[{""id"": 60, ""logo_path"": ""/4YldLvCWQL9VIAHQ2Fu3Ffkh9Si.png"", ""name"": ""United Artists"", ""origin_country"": ""US""}, {""id"": 10463, ""logo_path"": null, ""name"": ""Levy-Gardner-Laven"", ""origin_country"": """"}]","[{""iso_3166_1"": ""US"", ""name"": ""United States of America""}]","[{""english_name"": ""English"", ""iso_639_1"": ""en"", ""name"": ""English""}]","[""US""]","{""id"": 289531, ""name"": ""Gator Collection"", ""poster_path"": ""/r9PrzJkLa60N2yTuoWGDPyBsg61.jpg"", ""backdrop_path"": ""/7yIaIwB5TFvhWpQtX0AkMUw6y8J.jpg""}"
21886,No Blade of Grass,No Blade of Grass,"A strange new virus has appeared, which only attacks strains of grasses such as wheat and rice, and the world is descending into famine and chaos. Architect John, along with his family and friends, is making his way from London to his brother's farm in northern England where there will hopefully be food and safety for all of them.",The creeping terror drifted towards them stamping out all civilization in its eerie path!,Released,False,False,1970-06-20,96,0,0,1.206,5.2,42,en,,tt0066154,/pJw5cPZHVo2phCIIIxgK0KOvauk.jpg,/5swiqOZKdJzJyOykcGYqx3nkE6I.jpg,"[{""id"": 12, ""name"": ""Adventure""}, {""id"": 878, ""name"": ""Science Fiction""}, {""id"": 28, ""name"": ""Action""}]","[{""id"": 4389, ""logo_path"": null, ""name"": ""Theodora Productions"", ""origin_country"": """"}, {""id"": 5579, ""logo_path"": ""/p3vXYhkpbws0QrdSAwI98ONX7Po.png"", ""name"": ""Metro-Goldwyn-Mayer British Studios"", ""origin_country"": ""GB""}, {""id"": 21, ""logo_path"": ""/usUnaYV6hQnlVAXP6r4HwrlLFPG.png"", ""name"": ""Metro-Goldwyn-Mayer"", ""origin_country"": ""US""}]","[{""iso_3166_1"": ""GB"", ""name"": ""United Kingdom""}]","[{""english_name"": ""English"", ""iso_639_1"": ""en"", ""name"": ""English""}]","[""GB""]",null
21887,The Great Santini,The Great Santini,"As he approaches manhood, Ben Meechum struggles to win the approval of his demanding alpha male father, an aggressively competitive, but frustrated marine pilot.",The bravest thing he would ever do was let his family love him.,Released,False,False,1979-10-26,115,4000000,4700000,1.7809,6.793,70,en,,tt0079239,/xvoHFQlSAq0696rvONsEAWj1fcm.jpg,/5ngHbTzsdIIp9vQG7jfUKnMDjho.jpg,"[{""id"": 18, ""name"": ""Drama""}]","[{""id"": 5409, ""logo_path"": null, ""name"": ""Bing Crosby Productions"", ""origin_country"": ""US""}, {""id"": 41, ""logo_path"": ""/em0rOXVRu3qprWZCx58uDDV2fze.png"", ""name"": ""Orion Pictures"", ""origin_country"": ""US""}]","[{""iso_3166_1"": ""US"", ""name"": ""United States of America""}]","[{""english_name"": ""English"", ""iso_639_1"": ""en"", ""name"": ""English""}]","[""US""]",null
21891,Confessions of a Sociopathic Social Climber,Confessions of a Sociopathic Social Climber,"Katya Livingston, a self-centered, obnoxious and conceited 28-year-old ad sales exec, won't let anything or anyone stand in her way in getting to the top of the San Francisco social ladder. When tax inspectors question her claims Katya is forced to keep a financial diary and finds time to add details about her friends, enemies and lovers all from her unique point of view.","When you're at the top, the only way is down.",Released,False,False,2005-03-12,96,0,0,1.1555,4.439,74,en,,tt0420560,/inZZVamQxP9NFHVWSAMh83RiPC4.jpg,/uIglVQLeizWyAOpM7l5s6pTL668.jpg,"[{""id"": 35, ""name"": ""Comedy""}, {""id"": 10749, ""name"": ""Romance""}, {""id"": 10770, ""name"": ""TV Movie""}]","[{""id"": 4060, ""logo_path"": null, ""name"": ""Confessions Productions (II)"", ""origin_country"": """"}, {""id"": 4062, ""logo_path"": null, ""name"": ""Once Upon a Time Films"", ""origin_country"": """"}, {""id"": 12467, ""logo_path"": ""/qxkYfDP05Rrwu8Msgieq6XbCX4K.png"", ""name"": ""Nomadic Pictures"", ""origin_country"": ""CA""}, {""id"": 4061, ""logo_path"": null, ""name"": ""Evolution Pictures"", ""origin_country"": ""CA""}]","[{""iso_3166_1"": ""CA"", ""name"": ""Canada""}, {""iso_3166_1"": ""US"", ""name"": ""United States of America""}]","[{""english_name"": ""English"", ""iso_639_1"": ""en"", ""name"": ""English""}]","[""US""]",null
21893,The Abduction Club,The Abduction Club,A group of Irish noblemen kidnap girls in order to marry into their fortune and avoid becoming priests or soldiers.,,Released,False,False,2002-07-19,96,0,0,1.183,5.7,23,en,,tt0264333,/bjsQB6FT4ewznTmO4A5G8Rx1NUh.jpg,/yiiUMuVRFkmZbuvt8awWh622yrb.jpg,"[{""id"": 35, ""name"": ""Comedy""}, {""id"": 36, ""name"": ""History""}]","[{""id"": 104, ""logo_path"": ""/9aotxauvc9685tq9pTcRJszuT06.png"", ""name"": ""Canal+"", ""origin_country"": ""FR""}, {""id"": 81792, ""logo_path"": null, ""name"": ""Gudrun Gruber Filmproduktion"", ""origin_country"": """"}, {""id"": 22182, ""logo_path"": null, ""name"": ""KC Medien"", ""origin_country"": ""DE""}, {""id"": 11571, ""logo_path"": ""/m8ANv8cvk8RfnYY3Cx3yTGjIAxd.png"", ""name"": ""Samson Films"", ""origin_country"": ""IE""}, {""id"": 10344, ""logo_path"": null, ""name"": ""UGC YM"", ""origin_country"": """"}]","[{""iso_3166_1"": ""FR"", ""name"": ""France""}, {""iso_3166_1"": ""DE"", ""name"": ""Germany""}, {""iso_3166_1"": ""IE"", ""name"": ""Ireland""}, {""iso_3166_1"": ""GB"", ""name"": ""United Kingdom""}]","[{""english_name"": ""English"", ""iso_639_1"": ""en"", ""name"": ""English""}]","[""IE"", ""GB"", ""US""]",null
21896,Yes Nurse! No Nurse!,"Ja Zuster, Nee Zuster","In the guest-house of sister Klivia, the inhabitants are very cheerful and good-hearted persons whose open communal lifestyle is contrasted with the life of somewhat nasty and complaining neighbour Mr Boordevool. Boordevool has spent ages looking for reasons to shut the guest-house. One day a girl from the guest-house meets a nice young guy Gerrit. Sister Klivia lets Gerrit stay regardless of him being a thief. Will that give a chance to the insinuations of the neighbour?",,Released,False,False,2002-09-06,102,0,0,0.5117,6.3,24,nl,,tt0309725,/pam1zGMb7M2Fy1qhXOQ9LhScASU.jpg,/nMzxuTv5ooUb3OBhRaBAVS39zgs.jpg,"[{""id"": 35, ""name"": ""Comedy""}, {""id"": 10402, ""name"": ""Music""}]",[],"[{""iso_3166_1"": ""NL"", ""name"": ""Netherlands""}]","[{""english_name"": ""Dutch"", ""iso_639_1"": ""nl"", ""name"": ""Nederlands""}]","[""NL""]",null
21899,SportsCentury Greatest Athletes: Wayne Gretzky,SportsCentury Greatest Athletes: Wayne Gretzky,,,Released,False,False,2000-11-10,48,0,0,0.3343,0.0,0,en,,tt0568374,/82iOHtxU1mZMQYaTR6hg74zNNfH.jpg,,"[{""id"": 99, ""name"": ""Documentary""}]",[],[],[],"[""US""]",null
21900,Shifty,Shifty,"Shifty, a young crack cocaine dealer in London, sees his life quickly spiral out of control when his best friend returns home. Stalked by a customer desperate to score at all costs, and with his family about to turn their back on him for good, Shifty must out-run and out-smart a rival drug dealer, intent on setting him up for a big fall.",,Released,False,False,2008-10-24,85,0,245426,0.9332,5.8,37,en,,tt1104126,/aY5cheVsRbFL3ukHv6IpjRFspNG.jpg,/qSzAkqjt4SSR5fw3UZBdkASH3Lh.jpg,"[{""id"": 53, ""name"": ""Thriller""}]",[],"[{""iso_3166_1"": ""GB"", ""name"": ""United Kingdom""}]","[{""english_name"": ""English"", ""iso_639_1"": ""en"", ""name"": ""English""}]","[""GB""]",null
21905,Shabd,Shabd,"Shaukat, a writer suffering from writer's block, prompts his wife to have an affair with a stranger as he seeks inspiration to write a new story. Will his wife help him write his dream novel?",,Released,False,False,2005-02-04,140,2500000,3100000,0.8858,5.5,12,hi,,tt0409527,/aNzaVnUGJsnFVLx4clDoLsnjkKX.jpg,/yLCv4aEHKXNRuFZMV2Rhuurl57N.jpg,"[{""id"": 10749, ""name"": ""Romance""}, {""id"": 53, ""name"": ""Thriller""}]",[],"[{""iso_3166_1"": ""IN"", ""name"": ""India""}]","[{""english_name"": ""Hindi"", ""iso_639_1"": ""hi"", ""name"": ""\u0939\u093f\u0928\u094d\u0926\u0940""}]","[""IN""]",null
21906,Gupt: The Hidden Truth,Gupt: The Hidden Truth,"When Governor Jaisingh Sinha is murdered, the needle of suspicion points towards his estranged step-son, Sahil. Now Sahil must prove his innocence and find out who the real killer is.",The Hidden Truth,Released,False,False,1997-07-04,155,0,0,1.5451,6.375,36,hi,,tt0119239,/cTRAfzb2p2bAD3QnM34mzE9mp1n.jpg,/jK4eIfTJowIqymwFizzgrrTmLxZ.jpg,"[{""id"": 53, ""name"": ""Thriller""}, {""id"": 28, ""name"": ""Action""}, {""id"": 10749, ""name"": ""Romance""}]","[{""id"": 4027, ""logo_path"": null, ""name"": ""Trimurti Films Pvt. Ltd."", ""origin_country"": """"}]","[{""iso_3166_1"": ""IN"", ""name"": ""India""}]","[{""english_name"": ""Hindi"", ""iso_639_1"": ""hi"", ""name"": ""\u0939\u093f\u0928\u094d\u0926\u0940""}]","[""IN""]",null
21910,I Sell the Dead,I Sell the Dead,"18th century justice catches up with a pair of grave robbers. With only a few hours to go before his date with the guillotine, Arthur Blake tells his life story to Father Francis Duffy. Before long, Arthur spills the beans on how he got started in the grim corpse peddling business with seasoned ghoul Willie Grimes.",Never trust a corpse.,Released,False,False,2008-08-07,85,750000,8050,1.0179,5.988,203,en,http://www.isellthedead.com,tt0902290,/1KjIGzUho6NCE7dDJP1QyRnMRRK.jpg,/9lPCj5JIgw5UJhtMOJ3L09vmS0H.jpg,"[{""id"": 35, ""name"": ""Comedy""}, {""id"": 18, ""name"": ""Drama""}, {""id"": 27, ""name"": ""Horror""}]","[{""id"": 1360, ""logo_path"": ""/lqVvISZwlXQpEl27erWszcPdPsR.png"", ""name"": ""Glass Eye Pix"", ""origin_country"": ""US""}]","[{""iso_3166_1"": ""US"", ""name"": ""United States of America""}]","[{""english_name"": ""English"", ""iso_639_1"": ""en"", ""name"": ""English""}]","[""US""]",null
21915,Booty Call,Booty Call,"Rushon is sexually pent-up and ready to take thing things to the next level with his girlfriend, Nikki. But when he calls for a date, she asks to make it a double — bringing along her brash friend, Lysterine, whom Rushon sets up with his lewd buddy, Bunz. Things go better than expected. As the evening transitions from the restaurant to the bedroom, the two men go on a madcap search for what will surely make the night complete: condoms.","Some guys will do anything for a little somethin', somethin'.",Released,False,False,1997-02-26,79,7000000,20050376,2.1439,5.3,126,en,,tt0118750,/1pQpHVm3AXIwbBUnwGEQ0q95E0L.jpg,/yDN1cTJk0JVMlbJ0dwOntEdOpvM.jpg,"[{""id"": 35, ""name"": ""Comedy""}]","[{""id"": 5, ""logo_path"": ""/71BqEFAF4V3qjjMPCpLuyJFB9A.png"", ""name"": ""Columbia Pictures"", ""origin_country"": ""US""}, {""id"": 924, ""logo_path"": null, ""name"": ""The Turman-Morrissey Company"", ""origin_country"": """"}]","[{""iso_3166_1"": ""US"", ""name"": ""United States of America""}]","[{""english_name"": ""English"", ""iso_639_1"": ""en"", ""name"": ""English""}]","[""US""]",null
21921,Richard Pryor: Here and Now,Richard Pryor: Here and Now,"One of comedian Richard Pryor's later stand-up performances. As foul-mouthed as ever, Pryor touches on most of the same topics as in his previous live shows. Filmed at the Saenger Theatre in New Orleans.",,Released,False,False,1983-10-28,94,0,0,0.6174,6.6,49,en,,tt0086194,/rgTgRmiMVbpWp9asrEvjj8Xdhwx.jpg,/lPc6DTz4OTRGyjOqYmNkaCghvR1.jpg,"[{""id"": 35, ""name"": ""Comedy""}, {""id"": 99, ""name"": ""Documentary""}, {""id"": 10770, ""name"": ""TV Movie""}]","[{""id"": 5, ""logo_path"": ""/71BqEFAF4V3qjjMPCpLuyJFB9A.png"", ""name"": ""Columbia Pictures"", ""origin_country"": ""US""}, {""id"": 4267, ""logo_path"": ""/cw6C1E64Ckf5jV8ppAIz9gHaho4.png"", ""name"": ""Delphi Films"", ""origin_country"": ""US""}]","[{""iso_3166_1"": ""US"", ""name"": ""United States of America""}]","[{""english_name"": ""English"", ""iso_639_1"": ""en"", ""name"": ""English""}]","[""US""]",null
21922,Sea Beast,Sea Beast,"In the fishing village of Cedar Bay, terror lies within the water. And now it has surfaced in search of something more substantial to devour than marine life: human flesh. A captain and a sea biologist must wage a terrifying battle against the deadly creatures in order to save mankind from total extinction.",,Released,False,False,2008-06-30,87,0,0,0.8735,4.4,54,en,,tt1314248,/ta56QLWqHo5G3u9tQw2cS5NEMsF.jpg,/t0GEyPe1hwabsCEdKe1KW5GoIZM.jpg,"[{""id"": 27, ""name"": ""Horror""}, {""id"": 878, ""name"": ""Science Fiction""}, {""id"": 10770, ""name"": ""TV Movie""}, {""id"": 53, ""name"": ""Thriller""}, {""id"": 28, ""name"": ""Action""}]","[{""id"": 2865, ""logo_path"": ""/5O0gp5QS3n9ZPRvWFxaWa6QPpGX.png"", ""name"": ""Insight Film Studios"", ""origin_country"": ""CA""}, {""id"": 10399, ""logo_path"": null, ""name"": ""CineTel Films"", ""origin_country"": ""US""}, {""id"": 5856, ""logo_path"": ""/gt83orZ6V0dYLB8gcyETXAvdlVQ.png"", ""name"": ""Sci-Fi Channel"", ""origin_country"": ""US""}, {""id"": 6438, ""logo_path"": ""/hQVRii7CRnfG0rowSEc6ibt2Pke.png"", ""name"": ""Muse Entertainment"", ""origin_country"": ""CA""}, {""id"": 207345, ""logo_path"": null, ""name"": ""NBC Universal Television"", ""origin_country"": """"}]","[{""iso_3166_1"": ""CA"", ""name"": ""Canada""}, {""iso_3166_1"": ""US"", ""name"": ""United States of America""}]","[{""english_name"": ""English"", ""iso_639_1"": ""en"", ""name"": ""English""}]","[""US""]","{""id"": 1021155, ""name"": ""Maneater Collection"", ""poster_path"": ""/11OfydfbF1noP4tUCS5uwa2Auox.jpg"", ""backdrop_path"": ""/iKGoUiyYFiRq9jDh4s6pdmKmWwE.jpg""}"
21923,Richard Pryor: Live on the Sunset Strip,Richard Pryor: Live on the Sunset Strip,"Richard Pryor's stand-up act includes his frank discussion about his freebasing addiction, as well as the infamous night on June 9, 1980 that he caught on fire.",,Released,False,False,1982-03-12,82,0,0,0.6452,7.4,97,en,,tt0084597,/rK9eAYCr68dwv1mw4weaJu6Lx3W.jpg,/tLhQsabJnYbs1oCK0JgcZ4DPRnL.jpg,"[{""id"": 35, ""name"": ""Comedy""}, {""id"": 99, ""name"": ""Documentary""}]","[{""id"": 1177, ""logo_path"": ""/gxvrQWG6byKMVEHMjTJjGhRlARQ.png"", ""name"": ""Rastar Productions"", ""origin_country"": ""US""}, {""id"": 5, ""logo_path"": ""/71BqEFAF4V3qjjMPCpLuyJFB9A.png"", ""name"": ""Columbia Pictures"", ""origin_country"": ""US""}]","[{""iso_3166_1"": ""US"", ""name"": ""United States of America""}]","[{""english_name"": ""English"", ""iso_639_1"": ""en"", ""name"": ""English""}]","[""US""]",null
21925,Naqoyqatsi,Naqoyqatsi,A visual montage portrait of our contemporary world dominated by globalized technology and violence.,Life as war,Released,False,False,2002-09-02,89,3000000,13000,2.0699,6.1,153,en,https://www.koyaanisqatsi.org/,tt0145937,/buDo6FcSlOVEQJomKB0IviNV0Do.jpg,/qhQCEwJNHlLqb7p7UHA2q0iWBMd.jpg,"[{""id"": 99, ""name"": ""Documentary""}]","[{""id"": 16645, ""logo_path"": null, ""name"": ""Santa Fe Institute for Regional Education"", ""origin_country"": """"}, {""id"": 4596, ""logo_path"": null, ""name"": ""Qatsi Productions"", ""origin_country"": """"}, {""id"": 16644, ""logo_path"": null, ""name"": ""IRE Productions"", ""origin_country"": """"}, {""id"": 14, ""logo_path"": ""/m6AHu84oZQxvq7n1rsvMNJIAsMu.png"", ""name"": ""Miramax"", ""origin_country"": ""US""}]","[{""iso_3166_1"": ""US"", ""name"": ""United States of America""}]","[{""english_name"": ""English"", ""iso_639_1"": ""en"", ""name"": ""English""}]","[""US""]","{""id"": 173344, ""name"": ""Qatsi Collection"", ""poster_path"": ""/fOi0oXDesuh9fZ2GRhJxDHb9WJW.jpg"", ""backdrop_path"": ""/52XiAVvxt8ZzjWkqEGmHPrHnzMz.jpg""}"
21927,Dark Corners,Dark Corners,A troubled young woman wakes up one day as a different person - someone who is stalked by creatures.,Terror Breeds in the Shadows of the Soul,Released,False,False,2006-05-10,92,0,0,0.5684,5.0,62,en,,tt0485376,/vVXNvAL2QoBfymaNsV0VgoLnX1V.jpg,/kAyWL8g6jkg9qehdpvkqTUgZxO3.jpg,"[{""id"": 27, ""name"": ""Horror""}, {""id"": 53, ""name"": ""Thriller""}]","[{""id"": 707, ""logo_path"": null, ""name"": ""Matador Pictures"", ""origin_country"": ""GB""}, {""id"": 12696, ""logo_path"": null, ""name"": ""Regent Capital"", ""origin_country"": ""GB""}, {""id"": 1093, ""logo_path"": ""/7GreTaRypmbOBoFYoCCRkYH3Wvc.png"", ""name"": ""Shoreline Entertainment"", ""origin_country"": ""US""}]","[{""iso_3166_1"": ""GB"", ""name"": ""United Kingdom""}]","[{""english_name"": ""English"", ""iso_639_1"": ""en"", ""name"": ""English""}]","[""US"", ""GB""]",null
21928,The Magic of Flight,The Magic of Flight,"Take a technological thrill ride The Magic of Flight takes you on a technological thrill ride faster, higher and wider than modern science or even your imagination! Relive the first flight of the Wright Brothers, then soar with the Blue Angels as they defy the laws of gravity. Narrated by Tom Selleck.",,Released,False,False,1996-01-01,40,0,0,0.4949,6.7,11,en,,tt0119595,/mhKYR15fW3kFTZrFPcks3ostNdl.jpg,/6HrVH1kYTKxqv1WJfVKIIgRPJ8o.jpg,"[{""id"": 99, ""name"": ""Documentary""}, {""id"": 36, ""name"": ""History""}]","[{""id"": 2753, ""logo_path"": ""/zlL22wCmcblgNo68WyFu6nYghKT.png"", ""name"": ""MacGillivray Freeman Films"", ""origin_country"": ""US""}]","[{""iso_3166_1"": ""US"", ""name"": ""United States of America""}, {""iso_3166_1"": ""CA"", ""name"": ""Canada""}]","[{""english_name"": ""English"", ""iso_639_1"": ""en"", ""name"": ""English""}]","[""CA"", ""US""]",null
21929,The Compass,The Compass,"In the tradition of The Secret, 24 of the worlds leading authorities on personal success have gathered for the first time to reveal the secrets to living a fulfilled life. Illustrated by the Travelers thrilling journey, and coupled with compelling life stories from four dynamic individuals, THE COMPASS will move you.",,Released,False,False,2009-01-01,90,0,0,0.0286,0.0,0,en,,tt1487272,/jMJnjdTKk7S5pOk2sD61hgtHTfd.jpg,,"[{""id"": 99, ""name"": ""Documentary""}]",[],"[{""iso_3166_1"": ""US"", ""name"": ""United States of America""}]","[{""english_name"": ""English"", ""iso_639_1"": ""en"", ""name"": ""English""}]","[""US""]",null
21930,"Gamera, the Giant Monster",大怪獣ガメラ,"A nuclear explosion in the far north unleashes Gamera, the legendary flying turtle, from his sleep under the ice. In his search for energy, Gamera wreaks havoc over the entire world, and it's up to the scientists, assisted by a young boy with a strange sympathic link to the monster, to put a stop to Gamera's rampage.","Striking down jets, grabbing hold of the Tokyo Tower, flying through the air breathing fire, the giant monster of the century!",Released,False,False,1965-11-27,79,360000,0,2.3614,5.9,140,ja,,tt0059080,/iwjp6qJaWNGOLDU9zzar0SMcPjl.jpg,/af2NRHoBUNKrPTQCBQ33yuv4Mw8.jpg,"[{""id"": 28, ""name"": ""Action""}, {""id"": 27, ""name"": ""Horror""}, {""id"": 878, ""name"": ""Science Fiction""}]","[{""id"": 880, ""logo_path"": ""/vwhPRAZ4lhUtSuaifk4Au2MIm92.png"", ""name"": ""Daiei Film"", ""origin_country"": ""JP""}]","[{""iso_3166_1"": ""JP"", ""name"": ""Japan""}]","[{""english_name"": ""English"", ""iso_639_1"": ""en"", ""name"": ""English""}, {""english_name"": ""Japanese"", ""iso_639_1"": ""ja"", ""name"": ""\u65e5\u672c\u8a9e""}]","[""JP""]","{""id"": 161766, ""name"": ""Gamera (Showa) Collection"", ""poster_path"": ""/oqS35Prn0Gib2vYLJFlkBezxJF2.jpg"", ""backdrop_path"": ""/8vNDD5NXSHhMEVJO4ItELGkZPNp.jpg""}"
21932,Pluk and His Tow Truck,Pluk van de Petteflet,"Pluk has a great red crane truck, but no home. Like every little boy, he needs a place to live. So it fits well that a tower room is available in the colorful Petteflet apartment block. Pluk can move in here and immediately makes new friends, but he also gets in a lot of trouble: With Ms. Sauberer, who always cleans, and the architect who wants to cut down the idyllic Turtelpark ...",,Released,False,False,2004-11-17,90,2668740,3530650,0.6478,5.8,18,nl,,tt0382912,/e9mXREQk8AWpcB1vc2XzdEX1qqQ.jpg,/yhGrm9UiE4wJ3Z1rOPcQaRxyYEu.jpg,"[{""id"": 10751, ""name"": ""Family""}, {""id"": 14, ""name"": ""Fantasy""}]","[{""id"": 9054, ""logo_path"": ""/zb7XWmOcLTLmat8ZjybzJrAwBrP.png"", ""name"": ""BosBros"", ""origin_country"": ""NL""}, {""id"": 4313, ""logo_path"": null, ""name"": ""AVRO Television"", ""origin_country"": """"}]","[{""iso_3166_1"": ""NL"", ""name"": ""Netherlands""}]","[{""english_name"": ""Dutch"", ""iso_639_1"": ""nl"", ""name"": ""Nederlands""}]","[""NL""]",null
21935,The Haunting Hour: Don't Think About It,The Haunting Hour: Don't Think About It,"Cassie, a 13 year old Gothic girl, is trying to fit in at her new school. To entertain herself, she plays a series of pranks on the popular kids and her younger brother, Max. When she goes to a Halloween store looking for new tricks, she finds a little book called ""The Evil Thing""",,Released,False,False,2007-09-04,87,3000000,0,1.4362,6.5,150,en,http://www.rlstineshauntinghour.com/home.html,tt0905994,/jqQfKmqR2qXjEjJ2F0cH5DbwIGv.jpg,/ax6ZseXXe26LL9VjKzXf529zHfr.jpg,"[{""id"": 27, ""name"": ""Horror""}, {""id"": 10770, ""name"": ""TV Movie""}, {""id"": 14, ""name"": ""Fantasy""}]","[{""id"": 7613, ""logo_path"": ""/gculJ4InOxw8E9aQ7nqorDxG2Us.png"", ""name"": ""The Hatchery"", ""origin_country"": ""US""}, {""id"": 3436, ""logo_path"": null, ""name"": ""Universal Studios Home Entertainment Family Productions"", ""origin_country"": """"}]","[{""iso_3166_1"": ""US"", ""name"": ""United States of America""}]","[{""english_name"": ""French"", ""iso_639_1"": ""fr"", ""name"": ""Fran\u00e7ais""}, {""english_name"": ""English"", ""iso_639_1"": ""en"", ""name"": ""English""}]","[""US""]",null
21936,UFC 102: Couture vs. Nogueira,UFC 102: Couture vs. Nogueira,"UFC 102: Couture vs. Nogueira was a mixed martial arts event held by the Ultimate Fighting Championship (UFC) on August 29, 2009 at the Rose Garden in Portland, Oregon. It featured former UFC Heavyweight and Light Heavyweight champion, Randy Couture, facing off against former PRIDE Heavyweight champion and former UFC Interim Heavyweight champion, Antonio Rodrigo Nogueira.",,Released,False,True,2009-08-29,180,1285000,1920000,0.446,5.9,5,en,http://www.ufc.com/index.cfm?fa=EventDetail.home&eid=2225,tt1512886,/rIsrUmWl2USNi6Pcw5QuBxjzMJm.jpg,,[],[],"[{""iso_3166_1"": ""US"", ""name"": ""United States of America""}]","[{""english_name"": ""English"", ""iso_639_1"": ""en"", ""name"": ""English""}]","[""US""]",null
21937,Alive 2007,Alive 2007,,,Released,False,False,1900-01-01,0,0,0,0.3071,0.0,0,en,,,,,"[{""id"": 18, ""name"": ""Drama""}, {""id"": 28, ""name"": ""Action""}, {""id"": 53, ""name"": ""Thriller""}, {""id"": 878, ""name"": ""Science Fiction""}]",[],[],[],"[""US""]",null
21940,"Harder, Better, Faster, Stronger - Live from Alive 2007","Harder, Better, Faster, Stronger - Live from Alive 2007",,,Released,False,True,2007-01-01,0,0,0,0.0071,0.0,0,en,,,/4VGIBLgoujaKmbWlLcIo91QxHpK.jpg,,[],[],[],[],"[""US""]",null
21941,Lee Evans: XL Tour Live 2005,Lee Evans: XL Tour Live 2005,"Comedy antics of Lee Evans on his live stand-up tour in Cardiff, Wales.",,Released,False,False,2005-11-28,141,0,0,0.1782,7.5,19,en,,tt0759926,/58BaCecVt6l8pqYkuem2vV84mi3.jpg,/pOM0D20Px8Mi06xt7IQtowl6mSi.jpg,"[{""id"": 35, ""name"": ""Comedy""}]","[{""id"": 4031, ""logo_path"": null, ""name"": ""Off The Wall Productions"", ""origin_country"": """"}, {""id"": 73080, ""logo_path"": null, ""name"": ""Little Mo Films Ltd."", ""origin_country"": """"}]","[{""iso_3166_1"": ""GB"", ""name"": ""United Kingdom""}]","[{""english_name"": ""English"", ""iso_639_1"": ""en"", ""name"": ""English""}]","[""US"", ""GB""]",null
21943,I Want You,Ho voglia di te,A macho type man becomes entangled with an independent-minded girl.,,Released,False,False,2007-03-09,106,0,0,0.6777,4.8,374,it,http://www.hovogliadite.it/,tt0877522,/cFGEqTIz82FjZbSY1U4M8O7WLhM.jpg,/flWQA4sdKEAUpUjyjsSEVMpqWxo.jpg,"[{""id"": 10749, ""name"": ""Romance""}, {""id"": 35, ""name"": ""Comedy""}]",[],"[{""iso_3166_1"": ""IT"", ""name"": ""Italy""}]","[{""english_name"": ""Italian"", ""iso_639_1"": ""it"", ""name"": ""Italiano""}]","[""IT""]","{""id"": 775220, ""name"": ""Tre metri sopra il cielo - Collezione"", ""poster_path"": null, ""backdrop_path"": null}"
21946,Counter Investigation,Contre-enquête,A cop investigates whether the man convicted of murdering his daughter is really guilty.,,Released,False,False,2007-03-07,85,0,8029345,1.3429,6.9,334,fr,,tt0825239,/huswFtH8wSaezEtGEs4AmgvhVw8.jpg,/geLvA85NzaIWcpkp3JoKLSkiT3o.jpg,"[{""id"": 53, ""name"": ""Thriller""}]","[{""id"": 866, ""logo_path"": ""/dEPHAPpbcgbOnBcJfqeCYVRUYF9.png"", ""name"": ""Path\u00e9 Renn Productions"", ""origin_country"": ""FR""}]","[{""iso_3166_1"": ""FR"", ""name"": ""France""}]","[{""english_name"": ""French"", ""iso_639_1"": ""fr"", ""name"": ""Fran\u00e7ais""}]","[""FR""]",null
21947,A.P.E.X.,A.P.E.X.,"A time-travel experiment in which a robot probe is sent from the year 2073 to the year 1973 goes terribly wrong thrusting one of the project scientists,into a plague ravaged alternate time-line whose war weary inhabitants are locked in a constant battle with killer robots from the future.",Trapped in a future they didn't create. Fighting an enemy they cannot stop.,Released,False,False,1994-02-01,98,0,49601,0.7969,4.7,31,en,,tt0109144,/2suttaVnNI3dhxBZ1jI9bHMf12m.jpg,/qMEcknq6zjo59rqjMf0v49Ba230.jpg,"[{""id"": 878, ""name"": ""Science Fiction""}, {""id"": 28, ""name"": ""Action""}]","[{""id"": 10348, ""logo_path"": ""/oNeA4Uu1NrvxshFuHAyVso7JFD2.png"", ""name"": ""Republic Pictures"", ""origin_country"": ""US""}, {""id"": 21786, ""logo_path"": null, ""name"": ""Green Communications"", ""origin_country"": """"}]","[{""iso_3166_1"": ""US"", ""name"": ""United States of America""}]","[{""english_name"": ""English"", ""iso_639_1"": ""en"", ""name"": ""English""}]","[""US""]",null
21948,Rolling Thunder,Rolling Thunder,"A Vietnam veteran, Charles Rane, returns home after years in a POW camp and is treated as a hero. He has a hard time adjusting, and things go badly. A movie about the walking dead, before that meant just flesh-eating zombies.",Major Charles Rane has come home to war!,Released,False,False,1977-11-02,100,2000000,0,1.6259,6.751,251,en,,tt0076637,/9iZjVn6Q5FJa92SQLcFMrskpES9.jpg,/y0BpUwUfeg27tSZN94Gj7sJIieX.jpg,"[{""id"": 28, ""name"": ""Action""}, {""id"": 18, ""name"": ""Drama""}, {""id"": 80, ""name"": ""Crime""}, {""id"": 53, ""name"": ""Thriller""}]","[{""id"": 9266, ""logo_path"": ""/lRinQ7scVye5N8qkUIoCB4QXbRh.png"", ""name"": ""American International Pictures"", ""origin_country"": ""US""}, {""id"": 840, ""logo_path"": null, ""name"": ""Lawrence Gordon Productions"", ""origin_country"": ""US""}]","[{""iso_3166_1"": ""US"", ""name"": ""United States of America""}]","[{""english_name"": ""English"", ""iso_639_1"": ""en"", ""name"": ""English""}]","[""US""]",null
21949,Trouble Man,Trouble Man,"It seems that masked men are knocking over the floating crap games of Chalky and Pete. Chalky and Pete hire the cool, loose, elegant Mr. T to fix things. Then, the masked manipulators set up the death of a collector for a rival gang lord. It looks like it's up to T to hold a gang war from breaking out, keep the police off his back, and earn his fee from Chalky and Pete.",His friends call him Mr. T. His enemies call for mercy!,Released,False,False,1972-11-01,99,0,0,1.4992,6.1,37,en,,tt0069414,/dJPPdWX6ghQVaYDnVE7txw1Zb4i.jpg,/6ZLsNzP4ActLYt8TV9g2u5ZnNtj.jpg,"[{""id"": 80, ""name"": ""Crime""}, {""id"": 28, ""name"": ""Action""}, {""id"": 53, ""name"": ""Thriller""}]","[{""id"": 25, ""logo_path"": ""/qZCc1lty5FzX30aOCVRBLzaVmcp.png"", ""name"": ""20th Century Fox"", ""origin_country"": ""US""}]","[{""iso_3166_1"": ""US"", ""name"": ""United States of America""}]","[{""english_name"": ""English"", ""iso_639_1"": ""en"", ""name"": ""English""}]","[""US""]",null
21950,Jackson County Jail,Jackson County Jail,A young woman stumbles into a nightmare land of hijacking and humiliation while driving cross-country from California to New York.,The cops are there to protect her… but who will protect her from the cops?,Released,False,False,1976-03-31,84,445000,2300000,1.3631,5.5,36,en,,tt0074706,/6oFezms8XgNvVdAWEB3abBpu6TP.jpg,/2ntPUgGWnSuw7DjftoJaaZhhBbK.jpg,"[{""id"": 80, ""name"": ""Crime""}, {""id"": 18, ""name"": ""Drama""}]","[{""id"": 1950, ""logo_path"": ""/eIoDtHIJKZaZ4hGbKgqC0PzlqJc.png"", ""name"": ""New World Pictures"", ""origin_country"": ""US""}]","[{""iso_3166_1"": ""US"", ""name"": ""United States of America""}]","[{""english_name"": ""English"", ""iso_639_1"": ""en"", ""name"": ""English""}]","[""US""]",null
21954,Sex Pot,Sex Pot,"“Half Baked” meets “Superbad” in this hilarious comedy following two young losers whose lives are unexpectedly turned upside down when they find some marijuana that has aphrodisiacal side effects. After deciding to use the wacky weed to their advantage, the guys meet an array of pot-loving beauties.",Getting High and Meeting Chicks is All in the Bag.,Released,False,False,2009-08-18,90,0,0,1.9931,4.3,58,en,http://newsite.theasylum.cc/index.php/titles/detail?id=7a556c3a-0ced-e311-80c1-782bcb56fee6,tt1473801,/kFMKRACYPy1uKTw3Ax8zoAf3IyT.jpg,/gdrRJk7TBJ1Glsec45oFENzZyuR.jpg,"[{""id"": 35, ""name"": ""Comedy""}]","[{""id"": 1311, ""logo_path"": ""/ic2bTizdzRLDVzAvN7MXdUg3WQV.png"", ""name"": ""The Asylum"", ""origin_country"": ""US""}]","[{""iso_3166_1"": ""US"", ""name"": ""United States of America""}]","[{""english_name"": ""English"", ""iso_639_1"": ""en"", ""name"": ""English""}]","[""US""]",null
21955,The Pom Pom Girls,The Pom Pom Girls,"A football player at Rosedale High School is amorous of one of the cheerleaders, who is going with another guy. Another player can't decide which of two cheerleaders he wants to be with. Meanwhile, the Big Game with Hardin High School is approaching, and a prank war is in full swing.",How can anyone forget the girls who really turned us on?,Released,False,False,1976-05-01,89,350000,0,1.2371,4.7,38,en,http://www.crownintlpictures.com/ostitles.html,tt0075086,/sZ8EfaSU41qBsLMQaokklygrcaW.jpg,/qu4xmzPj1FZG8hee1RlZVNVckuK.jpg,"[{""id"": 35, ""name"": ""Comedy""}]","[{""id"": 1009, ""logo_path"": null, ""name"": ""Crown International Pictures"", ""origin_country"": ""US""}]","[{""iso_3166_1"": ""US"", ""name"": ""United States of America""}]","[{""english_name"": ""English"", ""iso_639_1"": ""en"", ""name"": ""English""}]","[""US""]",null
21956,Scooby-Doo! and the Monster of Mexico,Scooby-Doo! and the Monster of Mexico,"A friend of Fred's, Alejo Otero, invites the Scooby gang to Veracruz, Mexico. There they find a monster, El Chupacabra, terrorizing the town.",A: Act macho. B: Eat tacos. C: Run!,Released,False,False,2003-09-30,75,0,0,2.0384,7.3,334,en,,tt0369903,/fv4e6pGhl4fDUdRt2WIDLDgEq7e.jpg,/3HX8idPAiLf3tFWMc9x8t8ukNI1.jpg,"[{""id"": 16, ""name"": ""Animation""}, {""id"": 35, ""name"": ""Comedy""}, {""id"": 10751, ""name"": ""Family""}, {""id"": 9648, ""name"": ""Mystery""}]","[{""id"": 1353, ""logo_path"": ""/yXhCcOFK5Fy3ZBQwhBYx8Zu9ZIw.png"", ""name"": ""Hanna-Barbera Cartoons"", ""origin_country"": ""US""}, {""id"": 2785, ""logo_path"": ""/l5zW8jjmQOCx2dFmvnmbYmqoBmL.png"", ""name"": ""Warner Bros. Animation"", ""origin_country"": ""US""}]","[{""iso_3166_1"": ""US"", ""name"": ""United States of America""}]","[{""english_name"": ""English"", ""iso_639_1"": ""en"", ""name"": ""English""}]","[""US""]",null
21959,Mushi-Shi: The Movie,蟲師,"Mushi are beings in touch with the essence of life, far more basic and pure than normal living things. Most humans are incapable of perceiving Mushi and are oblivious to their existence, but there are a few who possess the ability to see and interact with Mushi. One such person is Ginko who travels from place to place to research Mushi and aid people suffering from problems caused by them.",,Released,False,False,2007-09-20,131,0,0,2.1218,6.1,42,ja,,tt0862946,/ydEKy39NhjgVHF4hEcEEVo7FqXC.jpg,/qiKvPktpTdPKLDsuMeKsWo4l3Br.jpg,"[{""id"": 14, ""name"": ""Fantasy""}]","[{""id"": 1780, ""logo_path"": ""/4Qzhr7FxVtaMwmsh7118G3yvOhO.png"", ""name"": ""TFC"", ""origin_country"": ""JP""}, {""id"": 17392, ""logo_path"": ""/kqIFj3dASar2j9rm7jHph5493GB.png"", ""name"": ""Showgate"", ""origin_country"": ""JP""}, {""id"": 7542, ""logo_path"": ""/15mlqcBV6kxXSUbPvqxpeMMtzae.png"", ""name"": ""Yahoo! Japan"", ""origin_country"": ""JP""}, {""id"": 123663, ""logo_path"": ""/eEDRzJMgCeep9nLEbE08gdzwepc.png"", ""name"": ""Tokyu Recreation"", ""origin_country"": ""JP""}, {""id"": 12149, ""logo_path"": null, ""name"": ""Ogura Jimusyo"", ""origin_country"": ""JP""}, {""id"": 528, ""logo_path"": ""/fO3Aof3lXQclYpBByYC8aneTXwA.png"", ""name"": ""Bandai Visual"", ""origin_country"": ""JP""}]","[{""iso_3166_1"": ""JP"", ""name"": ""Japan""}]","[{""english_name"": ""Japanese"", ""iso_639_1"": ""ja"", ""name"": ""\u65e5\u672c\u8a9e""}]","[""JP""]",null
21964,Five Fingers of Death,天下第一拳,A young boxer joins a martial arts school to increase his skill so he can enter a martial arts competition. He leaves the school when he hears that a local gangster is terrorizing the town. He comes to the aid of a young singer and brings on the wrath of the local gang. He eventually enters the martial arts competition after learning iron palm technique and takes out all competition.,Come prepared for the thrill of a lifetime!,Released,False,False,1972-04-28,106,0,0,3.5899,6.7,112,zh,,tt0070800,/iAEd4aorPPLwbMNTYsQXLelHclo.jpg,/eBRRuOCpcmeWgp7DwsT4RXHtK1K.jpg,"[{""id"": 28, ""name"": ""Action""}, {""id"": 18, ""name"": ""Drama""}]","[{""id"": 5798, ""logo_path"": ""/tmuI9BGXgpWLmokhlxpnG3IGNQB.png"", ""name"": ""Shaw Brothers"", ""origin_country"": ""HK""}]","[{""iso_3166_1"": ""HK"", ""name"": ""Hong Kong""}]","[{""english_name"": ""Mandarin"", ""iso_639_1"": ""zh"", ""name"": ""\u666e\u901a\u8bdd""}]","[""HK""]",null
21965,Audie & the Wolf,Audie & the Wolf,"When the moon is full, a friendly WOLF turns into a savage, bloodthirsty MAN and goes on a kill spree in a starlet's Hollywood mansion.",,Released,False,False,2008-01-01,80,0,0,0.493,4.0,10,en,,tt1033468,/ojAYiu4L2UCgdM7141RmZQbFmdu.jpg,,"[{""id"": 35, ""name"": ""Comedy""}]","[{""id"": 4032, ""logo_path"": null, ""name"": ""Brooklyn Reptyle Productions"", ""origin_country"": """"}]","[{""iso_3166_1"": ""US"", ""name"": ""United States of America""}]","[{""english_name"": ""English"", ""iso_639_1"": ""en"", ""name"": ""English""}]","[""US""]",null
21966,Blood and Bones,血と骨,"In 1923, teenager Kim Shun-Pei moves from Cheju Island, in South Korea, to Osaka, in Japan. Along the years, he becomes a cruel, greedy and violent man and builds a factory of kamaboko, processed seafood products, in his poor Korean-Japanese community exploiting his employees.",,Released,False,False,2004-11-06,144,0,0,3.0369,6.6,55,ja,http://www.lhp.com.sg/blood/,tt0419515,/zngpZqvE9sLbHEGGXcotQVJ7BJV.jpg,/cpAgb6knQT3BZ7VtP9uyIg5kNRd.jpg,"[{""id"": 18, ""name"": ""Drama""}]","[{""id"": 6345, ""logo_path"": ""/pctomojbRLZNdYB0muFoZiaYdPI.png"", ""name"": ""Lighthouse Pictures"", ""origin_country"": ""CA""}, {""id"": 6346, ""logo_path"": ""/eHAy6yHalCgeo5pfErcO2XBzwB0.png"", ""name"": ""Artist Film"", ""origin_country"": ""TR""}, {""id"": 6348, ""logo_path"": null, ""name"": ""Be-Wild"", ""origin_country"": ""JP""}, {""id"": 6349, ""logo_path"": null, ""name"": ""Chi to Hone Seisaku Iinkai"", ""origin_country"": """"}, {""id"": 6350, ""logo_path"": ""/1gDEQrqC9jl9N0MGvnhmsYmng3d.png"", ""name"": ""Toshiba Entertainment"", ""origin_country"": ""JP""}, {""id"": 6351, ""logo_path"": null, ""name"": ""Xanadu"", ""origin_country"": """"}, {""id"": 4868, ""logo_path"": ""/3ExeT4zGXBFU7ei1crOvuzKnc1z.png"", ""name"": ""Asahi Broadcasting Corporation"", ""origin_country"": ""JP""}]","[{""iso_3166_1"": ""JP"", ""name"": ""Japan""}]","[{""english_name"": ""Japanese"", ""iso_639_1"": ""ja"", ""name"": ""\u65e5\u672c\u8a9e""}, {""english_name"": ""Korean"", ""iso_639_1"": ""ko"", ""name"": ""\ud55c\uad6d\uc5b4/\uc870\uc120\ub9d0""}]","[""JP""]",null
21967,Late Autumn,秋日和,"A woman and her daughter are each forced to contend with an increasing pressure to marry, particularly from three men who knew her late husband.",,Released,False,False,1960-11-13,128,0,0,2.728,7.7,171,ja,,tt0053579,/3f2dNFbDBjrGBo2iCW57TO4XeyR.jpg,/5YLdFrhWMcGUsvH511tuRNW8KVb.jpg,"[{""id"": 18, ""name"": ""Drama""}, {""id"": 35, ""name"": ""Comedy""}]","[{""id"": 192, ""logo_path"": ""/93eAKlnQecDdMtucfOprzcjMw9V.png"", ""name"": ""Shochiku"", ""origin_country"": ""JP""}]","[{""iso_3166_1"": ""JP"", ""name"": ""Japan""}]","[{""english_name"": ""Japanese"", ""iso_639_1"": ""ja"", ""name"": ""\u65e5\u672c\u8a9e""}]","[""JP""]",null
21968,Super Fly,Super Fly,"Priest, a New York City drug kingpin, devises a scheme to get out of the business and retire with a big payday, but his plans are complicated when a street dealer rats him out to the police.",Never a dude like this one! He's got a plan to stick it to The Man!,Released,False,False,1972-08-04,91,500000,30000000,1.4745,6.2,154,en,,tt0069332,/lCj4IZ9l8NfOEiM4zHq3BRF2LzX.jpg,/468tPHO5kZY6V1ceWxMKXrGMQy4.jpg,"[{""id"": 80, ""name"": ""Crime""}, {""id"": 18, ""name"": ""Drama""}, {""id"": 28, ""name"": ""Action""}, {""id"": 53, ""name"": ""Thriller""}]","[{""id"": 79635, ""logo_path"": null, ""name"": ""Superfly Ltd."", ""origin_country"": """"}, {""id"": 44610, ""logo_path"": null, ""name"": ""Sig Shore Productions"", ""origin_country"": """"}, {""id"": 174, ""logo_path"": ""/zhD3hhtKB5qyv7ZeL4uLpNxgMVU.png"", ""name"": ""Warner Bros. Pictures"", ""origin_country"": ""US""}]","[{""iso_3166_1"": ""US"", ""name"": ""United States of America""}]","[{""english_name"": ""English"", ""iso_639_1"": ""en"", ""name"": ""English""}]","[""US""]","{""id"": 786095, ""name"": ""Super Fly Trilogy"", ""poster_path"": ""/cBENJqJQGLWBLLKApMzzc6VpIbN.jpg"", ""backdrop_path"": ""/xMu1Xj5MlqMYbFzuTHi9mT1XrkA.jpg""}"
21970,The Watcher in the Woods,The Watcher in the Woods,"After an American family moves to an old country manor in rural England, one of the daughters is tormented by the spirit of the owner's long lost daughter, who mysteriously disappeared 30 years ago during a solar eclipse.",It was just an innocent game until a young girl vanished...for thirty years.,Released,False,False,1980-04-17,83,9000000,5000000,2.3311,5.9,151,en,,tt0081738,/eamuIAxT8SOZ4vmGINLS83z2PYw.jpg,/fEHTB66DuJFV1taEq2DOMGL08Pz.jpg,"[{""id"": 14, ""name"": ""Fantasy""}, {""id"": 27, ""name"": ""Horror""}, {""id"": 53, ""name"": ""Thriller""}]","[{""id"": 3166, ""logo_path"": ""/jmPS1qPfKnISciDF7RnUbh48jvK.png"", ""name"": ""Walt Disney Productions"", ""origin_country"": ""US""}]","[{""iso_3166_1"": ""GB"", ""name"": ""United Kingdom""}, {""iso_3166_1"": ""US"", ""name"": ""United States of America""}]","[{""english_name"": ""English"", ""iso_639_1"": ""en"", ""name"": ""English""}]","[""US"", ""GB""]",null
21971,The Watcher in the Woods,The Watcher in the Woods,"Wade, a young bootlegger discovers his partner's dead body in the woods and finds himself hunted by an urban criminal. Pushed to the limit Wade turns the tables and gets his revenge.",,Released,False,False,2009-01-01,12,0,0,0.1474,1.0,1,en,,tt1466534,,,"[{""id"": 12, ""name"": ""Adventure""}, {""id"": 28, ""name"": ""Action""}]",[],"[{""iso_3166_1"": ""US"", ""name"": ""United States of America""}]","[{""english_name"": ""English"", ""iso_639_1"": ""en"", ""name"": ""English""}]","[""US""]",null
21972,Like Mike,Like Mike,"Calvin and his friends, who all live in an orphanage, find old shoes with the faded letters MJ connected to a powerline. One stormy night, they go to get the shoes when Calvin and the shoes are struck by lightning. Calvin now has unbelievable basketball powers and has the chance to play for the NBA.","Think like Mike, achieve like Mike, be like Mike.",Released,False,False,2002-07-03,99,30000000,62300000,3.032,6.1,563,en,,tt0308506,/egRPomqjD4g2Ojwc7WKaHoylys5.jpg,/lh0uM88KjXsmRzWXUGAGWJ0AOJR.jpg,"[{""id"": 10751, ""name"": ""Family""}, {""id"": 35, ""name"": ""Comedy""}, {""id"": 14, ""name"": ""Fantasy""}]","[{""id"": 25, ""logo_path"": ""/qZCc1lty5FzX30aOCVRBLzaVmcp.png"", ""name"": ""20th Century Fox"", ""origin_country"": ""US""}, {""id"": 11015, ""logo_path"": null, ""name"": ""Heller Highwater Productions"", ""origin_country"": ""US""}, {""id"": 4396, ""logo_path"": ""/g76GCLOncS4SKIYfhWT70Zo4ypv.png"", ""name"": ""NBA Entertainment"", ""origin_country"": ""US""}, {""id"": 1894, ""logo_path"": ""/5yUCKe1VCBq53abMWdJtU1zY4lm.png"", ""name"": ""Josephson Entertainment"", ""origin_country"": ""US""}, {""id"": 11016, ""logo_path"": null, ""name"": ""Like Mike Productions"", ""origin_country"": """"}]","[{""iso_3166_1"": ""US"", ""name"": ""United States of America""}]","[{""english_name"": ""English"", ""iso_639_1"": ""en"", ""name"": ""English""}]","[""US""]","{""id"": 363014, ""name"": ""Like Mike Collection"", ""poster_path"": ""/rPs2WqoqpIL0VRPcBGK4MGrrdKT.jpg"", ""backdrop_path"": ""/t5izvGShK6rKH97LxIwfoYckdxH.jpg""}"
21973,Spring Tide,Springflod,"Franco lives in a rough part of Copenhagen. His hooker mother has little time for him. Franco drifts into a life of crime, repeatedly confronting the authorities. To give him a new start, he’s placed in a foster home far away from Copenhagen. His new family greets him with warm hospitality. There’s also the beautiful countryside and, last but not least, the teen-aged daughter",,Released,False,False,1990-10-05,104,0,0,0.7221,4.6,11,da,,tt0100674,/dUSi71L69LrzFBbhALBSVyAQPMe.jpg,/xgJ9eiLFvfNRaVlqsiVae3WgYO4.jpg,"[{""id"": 18, ""name"": ""Drama""}, {""id"": 35, ""name"": ""Comedy""}, {""id"": 10749, ""name"": ""Romance""}]","[{""id"": 9327, ""logo_path"": null, ""name"": ""Crone Film Produktion"", ""origin_country"": ""DK""}]","[{""iso_3166_1"": ""DK"", ""name"": ""Denmark""}]","[{""english_name"": ""Danish"", ""iso_639_1"": ""da"", ""name"": ""Dansk""}]","[""DK""]",null
21974,Money as Debt,Money as Debt,"Paul Grignon's 47-minute animated presentation of ""Money as Debt"" tells in very simple and effective graphic terms what money is and how it is being created",,Released,False,False,2006-01-01,47,0,0,0.1351,7.3,23,en,http://www.moneyasdebt.net,tt1828247,/3OBDzEXFlVuuT8gIt2tY3UsR40I.jpg,/h6QyhU8RBPI1NZmzyF8UuwYA2xc.jpg,"[{""id"": 99, ""name"": ""Documentary""}, {""id"": 16, ""name"": ""Animation""}]","[{""id"": 21193, ""logo_path"": null, ""name"": ""Lifeboat News"", ""origin_country"": """"}, {""id"": 21194, ""logo_path"": null, ""name"": ""Moonfire Studio"", ""origin_country"": """"}]","[{""iso_3166_1"": ""CA"", ""name"": ""Canada""}]","[{""english_name"": ""English"", ""iso_639_1"": ""en"", ""name"": ""English""}, {""english_name"": ""Spanish"", ""iso_639_1"": ""es"", ""name"": ""Espa\u00f1ol""}]","[""CA"", ""US""]","{""id"": 568076, ""name"": ""Money as Debt Collection"", ""poster_path"": ""/yIln0KFtbuejBSgC5xBlUD3ZX2S.jpg"", ""backdrop_path"": ""/y7gqwVOmBnDu529wWhz5PBSUi1l.jpg""}"
21982,Aankhen,Aankhen,"After his hatred of dishonesty costs him his job, an embittered man goes over to the dark side and plots to rob the bank he once managed.",A dangerous game is about to begin,Released,False,False,2002-03-27,165,0,0,1.0237,6.473,73,hi,,tt0306434,/sv9tCwXzvTFSbA2OmH9nqQZCNQ7.jpg,/nUad3fWp9m4G5tYdSUx6iWVwhJD.jpg,"[{""id"": 80, ""name"": ""Crime""}, {""id"": 53, ""name"": ""Thriller""}]",[],"[{""iso_3166_1"": ""IN"", ""name"": ""India""}]","[{""english_name"": ""Hindi"", ""iso_639_1"": ""hi"", ""name"": ""\u0939\u093f\u0928\u094d\u0926\u0940""}]","[""IN""]",null
21984,Angoor,अंगूर,"Two pairs of identical twins are separated following an unfortunate incident. However, years later, their lives intertwine, leading to confusion and misunderstandings. Based on William Shakespeare's 'A Comedy Of Errors'.",A Comedy Of Errors,Released,False,False,1982-03-05,136,0,0,0.987,7.367,30,hi,,tt0215517,/wijF2sW1MDq9c1u5m9ezealO9KC.jpg,/ztJF7L4n0F146U9agRbW13Eebkg.jpg,"[{""id"": 35, ""name"": ""Comedy""}]","[{""id"": 59622, ""logo_path"": null, ""name"": ""A.R. Movies"", ""origin_country"": """"}]","[{""iso_3166_1"": ""IN"", ""name"": ""India""}]","[{""english_name"": ""Hindi"", ""iso_639_1"": ""hi"", ""name"": ""\u0939\u093f\u0928\u094d\u0926\u0940""}]","[""IN""]",null
21988,Awaydays,Awaydays,"On the Wirral in the grim early years of Margaret Thatcher's premiership, the opportunities for thrill seeking young men looking to escape 9 to 5 drudgery are what they've always been: sex, drugs, rock n' roll, fashion, football and fighting.",,Released,False,False,2009-04-01,105,0,0,0.9517,5.3,50,en,http://www.awaydaysthemovie.com/,tt1137436,/uHLcTQs3u5kYGvSZl7xGEd6CJg8.jpg,/hbkKUwPxR3X7CtQXAEq6LUuLzqK.jpg,"[{""id"": 18, ""name"": ""Drama""}]","[{""id"": 4043, ""logo_path"": null, ""name"": ""Red Union Films"", ""origin_country"": """"}]","[{""iso_3166_1"": ""GB"", ""name"": ""United Kingdom""}]","[{""english_name"": ""English"", ""iso_639_1"": ""en"", ""name"": ""English""}]","[""GB""]",null
21989,Hot Dog... The Movie,Hot Dog... The Movie,"When a hopeful young American hot-dogger goes pole-to-pole with an arrogant Austrian pro, the snow really starts to fly! But as hot as it is on the mountain, it gets even hotter off when the pro's ex-girlfriend sets her eyes on the new blood. Who'll win the competition and the girl? Only a race to end all races can determine which skier can really cut the mustard!",There's more to do in snow than ski.,Released,False,False,1984-01-13,96,4506756,20307325,1.5414,4.8,74,en,,tt0087425,/qJ4tVNjjapCLigrVJi3ZXNX6xvB.jpg,/rQAx8h4Hh1bgsF9Mp8eytt5XoOX.jpg,"[{""id"": 35, ""name"": ""Comedy""}, {""id"": 10749, ""name"": ""Romance""}]","[{""id"": 60, ""logo_path"": ""/4YldLvCWQL9VIAHQ2Fu3Ffkh9Si.png"", ""name"": ""United Artists"", ""origin_country"": ""US""}, {""id"": 83938, ""logo_path"": null, ""name"": ""Hot Dog Partnership Productions"", ""origin_country"": """"}, {""id"": 21, ""logo_path"": ""/usUnaYV6hQnlVAXP6r4HwrlLFPG.png"", ""name"": ""Metro-Goldwyn-Mayer"", ""origin_country"": ""US""}]","[{""iso_3166_1"": ""US"", ""name"": ""United States of America""}]","[{""english_name"": ""German"", ""iso_639_1"": ""de"", ""name"": ""Deutsch""}, {""english_name"": ""English"", ""iso_639_1"": ""en"", ""name"": ""English""}, {""english_name"": ""Spanish"", ""iso_639_1"": ""es"", ""name"": ""Espa\u00f1ol""}]","[""US""]",null
21990,The Man from Hong Kong,The Man from Hong Kong,"Australian authorities arrest a man believed to be connected to the Sydney criminal underworld and send for Inspector Fang Sing Leng from Hong Kong to question him. After the alleged criminal is assassinated, Inspector Leng and the Sydney police try to hunt down those responsible and hope to solve their case along the way.",Fast! Fantastic! Fun! Nothing can stop him!,Released,False,False,1975-07-31,106,535000,0,2.3588,6.6,56,en,,tt0073343,/lCLUFxMNxcutYcSXbMySWDJvAUd.jpg,/gYEPqXoNwfAC4CCpEI18mhfu9go.jpg,"[{""id"": 28, ""name"": ""Action""}, {""id"": 80, ""name"": ""Crime""}, {""id"": 12, ""name"": ""Adventure""}, {""id"": 18, ""name"": ""Drama""}]","[{""id"": 42346, ""logo_path"": null, ""name"": ""The Movie Company Pty. Ltd."", ""origin_country"": ""AU""}, {""id"": 2521, ""logo_path"": ""/e9lXexogBN1nOXA8axzASggea8B.png"", ""name"": ""Orange Sky Golden Harvest"", ""origin_country"": ""HK""}]","[{""iso_3166_1"": ""AU"", ""name"": ""Australia""}, {""iso_3166_1"": ""HK"", ""name"": ""Hong Kong""}]","[{""english_name"": ""Mandarin"", ""iso_639_1"": ""zh"", ""name"": ""\u666e\u901a\u8bdd""}, {""english_name"": ""English"", ""iso_639_1"": ""en"", ""name"": ""English""}]","[""AU"", ""HK""]",null
21991,State and Main,State and Main,The residents of a small Vermont town don't know what hit them when a beleaguered Hollywood film crew brings a chaotic shoot to their quaint village.,Lock your windows. Hide your daughters. Say your prayers.,Released,False,False,2000-08-26,106,0,9206279,2.2548,6.258,291,en,,tt0120202,/348hvpWeSGdAQlCrGvKbpC0FpQN.jpg,/tuerGhZ1lA8wpBjUCEUpeTWDT5B.jpg,"[{""id"": 35, ""name"": ""Comedy""}, {""id"": 18, ""name"": ""Drama""}]","[{""id"": 8, ""logo_path"": ""/78ilmDNTpdCfsakrsLqmAUkFTrO.png"", ""name"": ""Fine Line Features"", ""origin_country"": ""US""}, {""id"": 21760, ""logo_path"": null, ""name"": ""Filmtown Entertainment Group"", ""origin_country"": """"}, {""id"": 23034, ""logo_path"": null, ""name"": ""El Dorado Pictures"", ""origin_country"": ""US""}, {""id"": 53672, ""logo_path"": null, ""name"": ""Green/Renzi"", ""origin_country"": """"}]","[{""iso_3166_1"": ""FR"", ""name"": ""France""}, {""iso_3166_1"": ""US"", ""name"": ""United States of America""}]","[{""english_name"": ""Italian"", ""iso_639_1"": ""it"", ""name"": ""Italiano""}, {""english_name"": ""English"", ""iso_639_1"": ""en"", ""name"": ""English""}]","[""US""]",null
21993,WEC 40: Torres vs. Mizugaki,WEC 40: Torres vs. Mizugaki,"WEC 40: Torres vs. Mizugaki was a mixed martial arts event held by World Extreme Cagefighting on April 5, 2009 at the UIC Pavilion in Chicago, Illinois. The event aired live on the Versus Network.",,Released,False,True,2009-04-05,131,0,0,0.0462,0.0,0,en,,,/hBkQ3MxlQJ8ejH5gtMILb52jhII.jpg,,[],[],"[{""iso_3166_1"": ""US"", ""name"": ""United States of America""}]","[{""english_name"": ""English"", ""iso_639_1"": ""en"", ""name"": ""English""}]","[""US""]",null
21994,WEC 38: Varner vs. Cerrone,WEC 38: Varner vs. Cerrone,"WEC 38: Varner vs. Cerrone was a mixed martial arts event held by World Extreme Cagefighting on January 25, 2009. It aired live on the Versus Network. In the main event WEC Lightweight Champion Jamie Varner defended his title against number one contender and undefeated Donald Cerrone. Also featured on the card was a rematch between former WEC Featherweight Champion Urijah Faber and Jens Pulver.",,Released,False,True,2009-01-25,103,0,0,0.2373,0.0,0,en,,,/dap01lthL6FBkgQntz1kkPrz93l.jpg,,[],[],"[{""iso_3166_1"": ""US"", ""name"": ""United States of America""}]","[{""english_name"": ""English"", ""iso_639_1"": ""en"", ""name"": ""English""}]","[""US""]",null
21995,WEC 34: Faber vs. Pulver,WEC 34: Faber vs. Pulver,"WEC 34: Faber vs. Pulver was a mixed martial arts event held by World Extreme Cagefighting that took place on June 1, 2008 at the ARCO Arena in Sacramento, California. The main event, announced on WEC 33, was a bout between Jens Pulver and Urijah Faber for WEC Featherweight Championship. WEC 34 was aired live on Versus.",,Released,False,True,2008-06-01,133,0,0,0.1507,0.0,0,en,,,,,[],[],"[{""iso_3166_1"": ""US"", ""name"": ""United States of America""}]","[{""english_name"": ""English"", ""iso_639_1"": ""en"", ""name"": ""English""}]","[""US""]",null
21997,In the Time of the Butterflies,In the Time of the Butterflies,Based on the book by Julia Alvarez. Three sisters become activists during the Dominican Republic's Trujillo regime when members of their family are killed by the government's troops.,Women had their place. Hers was in the revolution.,Released,False,False,2001-10-21,95,0,0,1.4816,6.3,42,en,,tt0263467,/jmR3r54oVqrVy0nGUwhbQs28lxl.jpg,/uTyxqPifbTnnBBTtWHN6zZLIQYj.jpg,"[{""id"": 10770, ""name"": ""TV Movie""}, {""id"": 53, ""name"": ""Thriller""}, {""id"": 18, ""name"": ""Drama""}, {""id"": 36, ""name"": ""History""}, {""id"": 10749, ""name"": ""Romance""}]","[{""id"": 81876, ""logo_path"": null, ""name"": ""Barnstorm Films"", ""origin_country"": ""US""}, {""id"": 689, ""logo_path"": null, ""name"": ""Ventanarosa"", ""origin_country"": ""US""}, {""id"": 30766, ""logo_path"": null, ""name"": ""Producciones Amaranta"", ""origin_country"": ""MX""}, {""id"": 21, ""logo_path"": ""/usUnaYV6hQnlVAXP6r4HwrlLFPG.png"", ""name"": ""Metro-Goldwyn-Mayer"", ""origin_country"": ""US""}, {""id"": 4343, ""logo_path"": ""/rXq1B1Hnkdnw6soz1zoGcslK3wb.png"", ""name"": ""Showtime Networks"", ""origin_country"": ""US""}]","[{""iso_3166_1"": ""MX"", ""name"": ""Mexico""}, {""iso_3166_1"": ""US"", ""name"": ""United States of America""}]","[{""english_name"": ""English"", ""iso_639_1"": ""en"", ""name"": ""English""}]","[""MX"", ""US""]",null
22000,Lee Evans: Live At Her Majesty's Theatre,Lee Evans: Live At Her Majesty's Theatre,Comedian Lee Evans captured at his hilarious best at London's Her Majesty's Theatre.,,Released,False,True,1994-10-10,66,0,0,0.2247,6.9,8,en,,tt0186296,/tOrWWZBrBfRBabq0ZSkS0tz76xZ.jpg,,"[{""id"": 35, ""name"": ""Comedy""}]",[],"[{""iso_3166_1"": ""GB"", ""name"": ""United Kingdom""}]","[{""english_name"": ""English"", ""iso_639_1"": ""en"", ""name"": ""English""}]","[""GB"", ""US""]",null
22004,Trespass,Trespass,"Two Arkansas firemen, Vince and Don, get hold of a map that leads to a cache of stolen gold in an abandoned factory in East St. Louis. What they don't know is that the factory is on the turf of a local gang, who come by to execute one of their enemies. Vince sees the shooting, the gang spots Vince, and extended mayhem ensues. As Vince and Don try to escape, gang leader King James argues with his subordinate Savon about how to get rid of the trespassers.",They all came to the wrong place at the wrong time.,Released,False,False,1992-12-25,101,14000000,13249535,2.2649,6.3,212,en,,tt0105636,/GSeicpK571uoM2ZCRb1YyW2YMG.jpg,/9eYY8elmuv69MOVTeZFPibeJELO.jpg,"[{""id"": 28, ""name"": ""Action""}, {""id"": 53, ""name"": ""Thriller""}, {""id"": 80, ""name"": ""Crime""}]","[{""id"": 33, ""logo_path"": ""/8lvHyhjr8oUKOOy2dKXoALWKdp0.png"", ""name"": ""Universal Pictures"", ""origin_country"": ""US""}]","[{""iso_3166_1"": ""US"", ""name"": ""United States of America""}]","[{""english_name"": ""English"", ""iso_639_1"": ""en"", ""name"": ""English""}]","[""US""]",null
22007,Train,Train,"After a night of wild partying and missing their train, the group of students is invited to board another which happens to be heading their way. Once on board, members of the team begin to go missing, and their would-be saviors claim to have no idea what could have happened to them... When they discover the truth, it is too late to escape and they must fight for their lives against their captors to put an end to their ride to hell.",You're in for a hell of a ride.,Released,False,False,2008-10-16,94,0,0,1.7368,5.321,215,en,,tt1015474,/inKMwh99qmVlMaO0spQ11DH2HdC.jpg,/6P8ccGV5aOwao9dGixCvAX7PZdK.jpg,"[{""id"": 27, ""name"": ""Horror""}, {""id"": 53, ""name"": ""Thriller""}]","[{""id"": 925, ""logo_path"": ""/dIb9hjXNOkgxu4kBWdIdK8nM4w.png"", ""name"": ""Nu Image"", ""origin_country"": ""US""}, {""id"": 1020, ""logo_path"": ""/kuUIHNwMec4dwOLghDhhZJzHZTd.png"", ""name"": ""Millennium Media"", ""origin_country"": ""US""}]","[{""iso_3166_1"": ""US"", ""name"": ""United States of America""}]","[{""english_name"": ""English"", ""iso_639_1"": ""en"", ""name"": ""English""}]","[""US""]",null
22009,The Marconi Bros,The Marconi Bros,"For the past 5 years, 3 months, and 26 days, (not that theyre counting) Anthony and Carmine Marconi have been dutifully serving out life sentences in the family carpet business. Fate intervenes during a routine carpet installation when the brothers step into the world of Louis Lou Burns, playboy and king of the Long Island wedding video business.",,Released,False,False,2008-01-01,83,0,0,0.9138,4.4,5,en,,tt0485675,/hq4GERolaLWhJpq30Ar6qHRSPfy.jpg,/tMUD5ZAT86F7yPmcysSjmTQETq9.jpg,"[{""id"": 35, ""name"": ""Comedy""}, {""id"": 18, ""name"": ""Drama""}]",[],[],"[{""english_name"": ""English"", ""iso_639_1"": ""en"", ""name"": ""English""}]","[""US""]",null
22010,Grass,Grass,"Marijuana is the most controversial drug of the 20th Century. Smoked by generations to little discernible ill effect, it continues to be reviled by many governments on Earth. In this Genie Award-winning documentary veteran Canadian director Ron Mann and narrator Woody Harrelson mix humour and historical footage together to recount how the United States has demonized a relatively harmless drug.",,Released,False,False,1999-09-15,80,0,0,1.9268,6.6,36,en,http://www.sphinxproductions.com/films/grass/,tt0214730,/hkWa0nrel8a1I5xDNHOX8S5q4zu.jpg,/bSGR2q1OlXp5j7lqDBeMe8BQ5Le.jpg,"[{""id"": 99, ""name"": ""Documentary""}]","[{""id"": 109947, ""logo_path"": null, ""name"": ""Sphinx Productions"", ""origin_country"": ""CA""}]","[{""iso_3166_1"": ""CA"", ""name"": ""Canada""}]","[{""english_name"": ""English"", ""iso_639_1"": ""en"", ""name"": ""English""}]","[""CA"", ""US""]",null
22013,Elmer Gantry,Elmer Gantry,A charismatic charlatan begins a business — and eventually romantic — relationship with a roadside evangelist to sell religion to 1920s America. Based on Sinclair Lewis' novel of the same name.,If there was a dollar to be made—Gantry would make it … If there was a soul to be saved—Gantry would save it …,Released,False,False,1960-07-07,146,3000000,10400000,1.6321,7.3,195,en,,tt0053793,/5vd031r08rrfSMqtB9UarwqCUOz.jpg,/tPMHXHKGl9bFCcByKO6M5mClKnE.jpg,"[{""id"": 18, ""name"": ""Drama""}]","[{""id"": 60, ""logo_path"": ""/4YldLvCWQL9VIAHQ2Fu3Ffkh9Si.png"", ""name"": ""United Artists"", ""origin_country"": ""US""}]","[{""iso_3166_1"": ""US"", ""name"": ""United States of America""}]","[{""english_name"": ""English"", ""iso_639_1"": ""en"", ""name"": ""English""}]","[""US""]",null
22014,Abouna,أبونا,"Two boys (Tamir & Amine) awake one morning to find that their father has abandoned their family. Shocked, they begin to misbehave. While surreptitiously watching a movie, they think they see their father speaking to them and steal the film to examine the frames. Their mother (Achta) eventually despairs and sends them to Koranic school. Unhappy, they plan their escape until the eldest boy falls in love with a deaf girl (Khalil).",,Released,False,False,2002-09-10,84,0,0,0.4737,5.8,16,ar,,tt0307913,/hoMRVQIEc8TNMG2AEEn54t0OUL6.jpg,/nSQLe4ZHM6CQWpDBcZ6e4aQnGJU.jpg,"[{""id"": 18, ""name"": ""Drama""}]","[{""id"": 94, ""logo_path"": ""/huC7HqorvUThGIrENrbcHmQVUA0.png"", ""name"": ""ARTE France Cin\u00e9ma"", ""origin_country"": ""FR""}, {""id"": 19263, ""logo_path"": null, ""name"": ""Commission Europ\u00e9enne"", ""origin_country"": """"}, {""id"": 16125, ""logo_path"": null, ""name"": ""Duo Films"", ""origin_country"": """"}, {""id"": 54781, ""logo_path"": null, ""name"": ""G\u00f6i-G\u00f6i Productions"", ""origin_country"": ""TD""}, {""id"": 13413, ""logo_path"": ""/eUVeNogxsgzL78KU5ugDvea2Cet.png"", ""name"": ""Hubert Bals Fund"", ""origin_country"": ""NL""}, {""id"": 148097, ""logo_path"": null, ""name"": ""Ministry of Promotion and Development"", ""origin_country"": """"}, {""id"": 29027, ""logo_path"": null, ""name"": ""Tele-Chad"", ""origin_country"": """"}, {""id"": 10901, ""logo_path"": ""/8dNHWgUlJNz9HHLtcdsz04jRtyi.png"", ""name"": ""Minist\u00e8re de la culture"", ""origin_country"": ""FR""}, {""id"": 310, ""logo_path"": ""/4Gp5A4YdjPBfsHT47ngHMaXWmb9.png"", ""name"": ""CNC"", ""origin_country"": ""FR""}, {""id"": 2588, ""logo_path"": null, ""name"": ""Minist\u00e8re des Affaires \u00c9trang\u00e8res"", ""origin_country"": ""FR""}, {""id"": 22625, ""logo_path"": null, ""name"": ""Fonds Sud Cin\u00e9ma"", ""origin_country"": ""FR""}, {""id"": 129052, ""logo_path"": null, ""name"": ""Agence Intergouvernementale de la Francophonie (AIF-CIREF)"", ""origin_country"": """"}, {""id"": 41988, ""logo_path"": null, ""name"": ""TVT"", ""origin_country"": """"}]","[{""iso_3166_1"": ""FR"", ""name"": ""France""}, {""iso_3166_1"": ""NL"", ""name"": ""Netherlands""}, {""iso_3166_1"": ""TD"", ""name"": ""Chad""}]","[{""english_name"": ""Arabic"", ""iso_639_1"": ""ar"", ""name"": ""\u0627\u0644\u0639\u0631\u0628\u064a\u0629""}, {""english_name"": ""French"", ""iso_639_1"": ""fr"", ""name"": ""Fran\u00e7ais""}]","[""TD"", ""FR""]",null
22016,Man on the Train,L'Homme du train,"A man, Milan steps off a train, into a small French village. As he waits for the day when he will rob the town bank, he runs into an old retired poetry teacher named M. Manesquier. The two men strike up a strange friendship and explore the road not taken, each wanting to live the other's life.",A poet. A thief. Two strangers with nothing in common are about to trade their lives for a chance to cheat their destinies.,Released,False,False,2002-10-02,90,0,7727906,1.4142,6.7,109,fr,,tt0301414,/3npd5xuegtcYc6HPt5NgdB27sRA.jpg,/yQB81KQw8XFX7CZgZx6hB7HGyul.jpg,"[{""id"": 80, ""name"": ""Crime""}, {""id"": 18, ""name"": ""Drama""}]","[{""id"": 4722, ""logo_path"": null, ""name"": ""Zoulou Films"", ""origin_country"": ""FR""}, {""id"": 37071, ""logo_path"": null, ""name"": ""Tubedale Films"", ""origin_country"": """"}, {""id"": 37074, ""logo_path"": null, ""name"": ""FCC"", ""origin_country"": ""FR""}, {""id"": 27196, ""logo_path"": ""/BQMN3MdMZWWab8Yn1IWl4N7a4c.png"", ""name"": ""Cin\u00e9 B"", ""origin_country"": ""FR""}, {""id"": 254, ""logo_path"": ""/ijBPMFIV5nWzjVupZWIlt4Limlf.png"", ""name"": ""Pandora Filmproduktion"", ""origin_country"": ""DE""}, {""id"": 37082, ""logo_path"": null, ""name"": ""Cin\u00e9ma Parisien"", ""origin_country"": """"}, {""id"": 37084, ""logo_path"": null, ""name"": ""Media Suits"", ""origin_country"": ""JP""}, {""id"": 104, ""logo_path"": ""/9aotxauvc9685tq9pTcRJszuT06.png"", ""name"": ""Canal+"", ""origin_country"": ""FR""}, {""id"": 850, ""logo_path"": ""/aF7qajGJGtMpdrtvssM9g90YanX.png"", ""name"": ""Eurimages"", ""origin_country"": ""FR""}, {""id"": 23446, ""logo_path"": null, ""name"": ""Sofica Sofinergie 5"", ""origin_country"": """"}, {""id"": 22366, ""logo_path"": null, ""name"": ""Natexis Banques Populaires Images 2"", ""origin_country"": """"}, {""id"": 310, ""logo_path"": ""/4Gp5A4YdjPBfsHT47ngHMaXWmb9.png"", ""name"": ""CNC"", ""origin_country"": ""FR""}, {""id"": 109756, ""logo_path"": ""/sudlIoNIIrKmVWaYD2ZVo9HGogW.png"", ""name"": ""Auvergne-Rh\u00f4ne-Alpes Cin\u00e9ma"", ""origin_country"": ""FR""}]","[{""iso_3166_1"": ""FR"", ""name"": ""France""}, {""iso_3166_1"": ""DE"", ""name"": ""Germany""}, {""iso_3166_1"": ""JP"", ""name"": ""Japan""}, {""iso_3166_1"": ""GB"", ""name"": ""United Kingdom""}]","[{""english_name"": ""French"", ""iso_639_1"": ""fr"", ""name"": ""Fran\u00e7ais""}]","[""FR"", ""GB""]",null
22020,Black Shampoo,Black Shampoo,A black hairdresser's sexual escapades with married customers lead to a confrontation with a jealous mobster.,He's bad…he's mean…he's a lovin' machine!,Released,False,False,1976-03-05,82,0,0,0.7354,4.5,24,en,,tt0074214,/3cl8zM8dTSSuvwOHWMpEx2BkfrO.jpg,/2xmcozLWBDgGBM6yZRRtzK1lsln.jpg,"[{""id"": 28, ""name"": ""Action""}, {""id"": 35, ""name"": ""Comedy""}, {""id"": 80, ""name"": ""Crime""}, {""id"": 18, ""name"": ""Drama""}, {""id"": 53, ""name"": ""Thriller""}]","[{""id"": 42843, ""logo_path"": null, ""name"": ""World Amusement Company"", ""origin_country"": """"}]","[{""iso_3166_1"": ""US"", ""name"": ""United States of America""}]","[{""english_name"": ""English"", ""iso_639_1"": ""en"", ""name"": ""English""}]","[""US""]",null
22021,Coffy,Coffy,"After her younger sister gets involved in drugs and is severely injured by contaminated heroin, a nurse sets out on a mission of vengeance and vigilante justice, killing drug dealers, pimps, and mobsters who cross her path.",The Baddest One-Chick Hit-Squad that ever hit town!,Released,False,False,1973-06-13,90,500000,4000000,1.974,6.6,287,en,,tt0069897,/sN00Cvlahl6JLC2TAUBL0jZOqD3.jpg,/jztSvvmOUEP8V85xadxMRoE5e2O.jpg,"[{""id"": 28, ""name"": ""Action""}, {""id"": 80, ""name"": ""Crime""}, {""id"": 53, ""name"": ""Thriller""}]","[{""id"": 9266, ""logo_path"": ""/lRinQ7scVye5N8qkUIoCB4QXbRh.png"", ""name"": ""American International Pictures"", ""origin_country"": ""US""}, {""id"": 24363, ""logo_path"": null, ""name"": ""Papazian-Hirsch Entertainment International"", ""origin_country"": """"}]","[{""iso_3166_1"": ""US"", ""name"": ""United States of America""}]","[{""english_name"": ""English"", ""iso_639_1"": ""en"", ""name"": ""English""}]","[""US""]",null
22023,The Border,The Border,A corrupted border agent decides to clean up his act when an impoverished woman's baby is put up for sale on the black market.,"When Charlie Smith went down to the border, he found more than a boundary between Texas and Mexico. He found a line within himself.",Released,False,False,1982-01-29,108,22000000,6118683,2.1187,6.1,139,en,,tt0083678,/73yotjKSU8QCxlhoPm1hATrFHvT.jpg,/fQXIjPiXwErUOyVvVK3mqXsD1Nc.jpg,"[{""id"": 80, ""name"": ""Crime""}, {""id"": 18, ""name"": ""Drama""}]","[{""id"": 33, ""logo_path"": ""/8lvHyhjr8oUKOOy2dKXoALWKdp0.png"", ""name"": ""Universal Pictures"", ""origin_country"": ""US""}, {""id"": 42385, ""logo_path"": null, ""name"": ""Efer Productions"", ""origin_country"": """"}, {""id"": 46976, ""logo_path"": ""/A8LyPh201AmDlyBley6r9R3SZYS.png"", ""name"": ""RKO Pictures"", ""origin_country"": ""US""}]","[{""iso_3166_1"": ""US"", ""name"": ""United States of America""}]","[{""english_name"": ""English"", ""iso_639_1"": ""en"", ""name"": ""English""}, {""english_name"": ""Spanish"", ""iso_639_1"": ""es"", ""name"": ""Espa\u00f1ol""}]","[""US""]",null
22024,Akihabara@DEEP,アキハバラ＠DEEP,"Set in Tokyo's otaku mecca Akihabara, ""Akihabara@DEEP"" tells the story of five otaku who drop out of society and end up founding their own successful IT venture called Crook. But Nakagomi, president of an influential electronics company called Digital Capital, will do anything to get his hands on Crook.",,Released,False,False,2006-09-02,119,0,0,1.6954,5.5,11,ja,,tt1024703,/7ySn21gaFKejhX6z0RODWi3tt1E.jpg,/qFI716p7GH8f11tcBfabKmt115k.jpg,"[{""id"": 28, ""name"": ""Action""}, {""id"": 18, ""name"": ""Drama""}, {""id"": 35, ""name"": ""Comedy""}]","[{""id"": 114023, ""logo_path"": null, ""name"": ""Akihabara @ DEEP Partners"", ""origin_country"": """"}, {""id"": 5822, ""logo_path"": ""/qyTbRgCyU9NLKvKaiQVbadtr7RY.png"", ""name"": ""Toei Company"", ""origin_country"": ""JP""}, {""id"": 15237, ""logo_path"": null, ""name"": ""Media Blasters"", ""origin_country"": ""JP""}, {""id"": 46956, ""logo_path"": null, ""name"": ""TIMES IN"", ""origin_country"": ""JP""}]","[{""iso_3166_1"": ""JP"", ""name"": ""Japan""}]","[{""english_name"": ""Japanese"", ""iso_639_1"": ""ja"", ""name"": ""\u65e5\u672c\u8a9e""}]","[""JP""]",null
22025,Detroit Metal City,デトロイト・メタル・シティ,"Soichi Negishi moved to Tokyo to chase his dream of becoming a musician playing stylish, Swedish-style pop. Instead, he finds himself leading the death metal band Detroit Metal City, or DMC, as the costumed and grotesquely made-up ""demon emperor"" Johannes Krauser II. Although he hates the role and the things he has to do as a member of the band, he has a definite talent for it.",,Released,False,False,2008-08-22,104,0,0,2.2764,6.4,67,ja,,tt1142972,/yDFAlS4KQsNBH7nRR2ktI5ADa5z.jpg,/mZabTaM3xmc7012c99tFHHB3cY3.jpg,"[{""id"": 35, ""name"": ""Comedy""}]","[{""id"": 882, ""logo_path"": ""/fRSWWjquvzcHjACbtF53utZFIll.png"", ""name"": ""TOHO"", ""origin_country"": ""JP""}, {""id"": 4330, ""logo_path"": ""/n8v5Ii8FCPHAg0KaIXviDRFSqhG.png"", ""name"": ""Horipro"", ""origin_country"": ""JP""}, {""id"": 131015, ""logo_path"": ""/1VWKUVt895d6Wwnjxu4I7APPM8X.png"", ""name"": ""Hakusensha"", ""origin_country"": ""JP""}, {""id"": 648, ""logo_path"": ""/s811As3dkcqSgl4nEWEVYfJVVxh.png"", ""name"": ""Sony Music Entertainment (Japan)"", ""origin_country"": ""JP""}, {""id"": 1778, ""logo_path"": ""/b5rT6VbYza3LyfltCmz1OcqzWJM.png"", ""name"": ""dentsu"", ""origin_country"": ""JP""}, {""id"": 12518, ""logo_path"": ""/qJZAVb8vx6qFLQJ6cunRkVUJVdB.png"", ""name"": ""d-rights"", ""origin_country"": ""JP""}, {""id"": 12150, ""logo_path"": ""/WdjrchcdBhMcdQU5wWrL60lPd7.png"", ""name"": ""PARCO"", ""origin_country"": ""JP""}, {""id"": 34951, ""logo_path"": ""/ltl63eccTZ7shohTrNE8ZHRNJlN.png"", ""name"": ""Stardust Pictures"", ""origin_country"": ""JP""}, {""id"": 569, ""logo_path"": ""/hOurQBeeFI4OTTdAEtvGflbJgXU.png"", ""name"": ""Tokyo FM"", ""origin_country"": ""JP""}, {""id"": 7542, ""logo_path"": ""/15mlqcBV6kxXSUbPvqxpeMMtzae.png"", ""name"": ""Yahoo! Japan"", ""origin_country"": ""JP""}, {""id"": 3032, ""logo_path"": ""/gaf3ez34cuvG9snphWGreB1WerA.png"", ""name"": ""Nippan Group Holdings"", ""origin_country"": ""JP""}, {""id"": 142097, ""logo_path"": ""/3iwWfwCNqnjQ2xrIPq3PRu1rwQx.png"", ""name"": ""TSUTAYA Group"", ""origin_country"": ""JP""}]","[{""iso_3166_1"": ""JP"", ""name"": ""Japan""}]","[{""english_name"": ""Japanese"", ""iso_639_1"": ""ja"", ""name"": ""\u65e5\u672c\u8a9e""}]","[""JP""]",null
22027,99 Pieces,99 Pieces,When Joshua Licet wakes up with his wife missing he must decide whether to lock himself in his house for forty days and 40 nights of torture or to leave her to die.,Your home is now your nightmare!,Released,False,False,2007-01-01,94,0,0,0.3801,2.0,2,en,,tt0914791,/j1PqhwrBUHm3mm8GyYwSv1NEkCP.jpg,,"[{""id"": 27, ""name"": ""Horror""}, {""id"": 9648, ""name"": ""Mystery""}, {""id"": 53, ""name"": ""Thriller""}]",[],"[{""iso_3166_1"": ""US"", ""name"": ""United States of America""}]","[{""english_name"": ""English"", ""iso_639_1"": ""en"", ""name"": ""English""}]","[""US""]",null
22029,Black Caesar,Black Caesar,"Raised in Harlem, Tommy Gibbs becomes a successful mob boss but he clashes with the rival Mafia and his old enemy, dirty cop McKinney.",Hail Caesar Godfather of Harlem!,Released,False,False,1973-02-07,95,0,0,2.2276,5.8,82,en,,tt0069792,/yq07GtsZiN1Ot2QkTWsKQypq65m.jpg,/jQoflqxtNO0v7m9XZsxEEzzBris.jpg,"[{""id"": 28, ""name"": ""Action""}, {""id"": 80, ""name"": ""Crime""}, {""id"": 18, ""name"": ""Drama""}, {""id"": 53, ""name"": ""Thriller""}]","[{""id"": 9266, ""logo_path"": ""/lRinQ7scVye5N8qkUIoCB4QXbRh.png"", ""name"": ""American International Pictures"", ""origin_country"": ""US""}, {""id"": 17069, ""logo_path"": null, ""name"": ""Larco Productions"", ""origin_country"": """"}]","[{""iso_3166_1"": ""US"", ""name"": ""United States of America""}]","[{""english_name"": ""English"", ""iso_639_1"": ""en"", ""name"": ""English""}]","[""US""]","{""id"": 534652, ""name"": ""Tommy Gibbs Collection"", ""poster_path"": ""/tqGTnDMKvntB9J9fDB1AiCjndzj.jpg"", ""backdrop_path"": ""/2ZFrfL94O8HGg1QQEsAs7jkYrg1.jpg""}"
22031,Synergy: Visions of Vibe,Synergy: Visions of Vibe,"This comprehensive documentary chronicles the underground rave culture in Southern California, one of its first American strongholds. With roots in a tribal past, this movement attempts to format the future of a truly global community by combining elements of electronic/percussive music, the psychedelic imagination, and mass dancing. From warehouses to mountain retreats to the deserts of the Mojave, an unseen world comes into clear focus; with kinetic camera work and candid interviews, this slice of visual anthropology probes the underbelly of a worldwide subculture with the help of some of electronic music's most acclaimed DJs, a technomusicologist, and a county sheriff. Open your mind to this moving entertainment experience and intimate portrait of a modern counter-culture that follows its own electronically induced beat.",,Released,False,False,1999-01-17,56,0,0,0.1161,0.0,0,en,,tt0189132,/tltFU0LZch48GQoZnyJDq2M6RHb.jpg,,"[{""id"": 99, ""name"": ""Documentary""}, {""id"": 10402, ""name"": ""Music""}]","[{""id"": 49150, ""logo_path"": null, ""name"": ""Wondrous Monster Productions"", ""origin_country"": """"}, {""id"": 49151, ""logo_path"": null, ""name"": ""Liturgy Productions"", ""origin_country"": """"}]","[{""iso_3166_1"": ""US"", ""name"": ""United States of America""}]",[],"[""US""]",null
22033,Cry of the Banshee,Cry of the Banshee,"In seventeenth century England Lord Whitman wages unending war on what he sees as the ever-present scourge of witchcraft, and many local villagers have suffered at his hands. But one victim uses her occult powers to curse his family, enlisting unknowing help from one of the household.",Hell hath no fury like a sorceress scorned!,Released,False,False,1970-07-22,91,500000,0,1.3543,5.3,71,en,,tt0065597,/urub0N7F8mZDEsMwORiN2T2vTXq.jpg,/bzXqKeKQUpFQkqyuxNseaNVTPkk.jpg,"[{""id"": 27, ""name"": ""Horror""}]","[{""id"": 9266, ""logo_path"": ""/lRinQ7scVye5N8qkUIoCB4QXbRh.png"", ""name"": ""American International Pictures"", ""origin_country"": ""US""}]","[{""iso_3166_1"": ""GB"", ""name"": ""United Kingdom""}]","[{""english_name"": ""English"", ""iso_639_1"": ""en"", ""name"": ""English""}]","[""GB""]",null
22034,Tangier,De Hel Van Tanger,"In August 1996, bus drivers Marcel Van Loock and Wim Moreels are apprehended by the Moroccan Customs for drug trafficking. Inside their bus, hidden behind a false compartment, they have discovered 700 pounds of hashish. Although the owner of the bus company is arrested as well and makes a full confession clearly indicating that both drivers were unaware of the hidden drugs, the Moroccan judge sentences both men to 5 years in the Moroccan prison of Tangiers. Nothing could have prepared the two men for life inside a Moroccan prison. Without food, clothes or medical care, they must learn how to take care of themselves to survive their stay in prison. Corrupt guards, corrupt lawyers and judges, a consul who doesn't care and frequent beatings are only part of the terrible prison. Meanwhile their families at home are left without any information, any help or any hope - finding out that their own government doesn't care for Belgian people in prisons abroad.",Hell in Tangier,Released,False,False,2006-03-15,105,0,0,0.8504,6.477,22,nl,http://www.dehelvantanger.be/,tt0473492,/klDfluixEz58gMQMGPw1LtNE9cO.jpg,/qDN9ebaXpLdyRvcN0LIX0sU6sMV.jpg,"[{""id"": 53, ""name"": ""Thriller""}, {""id"": 18, ""name"": ""Drama""}]","[{""id"": 30926, ""logo_path"": ""/vSy3s9HXr9ozeZfphYuwaPNIuMh.png"", ""name"": ""Skyline Entertainment"", ""origin_country"": ""BE""}]","[{""iso_3166_1"": ""BE"", ""name"": ""Belgium""}]","[{""english_name"": ""Arabic"", ""iso_639_1"": ""ar"", ""name"": ""\u0627\u0644\u0639\u0631\u0628\u064a\u0629""}, {""english_name"": ""French"", ""iso_639_1"": ""fr"", ""name"": ""Fran\u00e7ais""}, {""english_name"": ""Dutch"", ""iso_639_1"": ""nl"", ""name"": ""Nederlands""}]","[""NL""]",null
22043,The Profit,The Profit,This period piece is a fictional biography of a cult leader's rise to power and his subsequent descent into isolation and paranoia.,A dark journey into an evil mind where the only good is... The Profit.,Released,False,False,2001-04-01,128,0,0,0.6476,4.8,10,en,http://www.theprofit.org,tt0277255,/hY9kFSvg4h5wh3RZ3bHFtLJiWnw.jpg,/rnq4Eh9sYGxbe2eSOTKezuHtDnH.jpg,"[{""id"": 18, ""name"": ""Drama""}]",[],"[{""iso_3166_1"": ""US"", ""name"": ""United States of America""}]","[{""english_name"": ""English"", ""iso_639_1"": ""en"", ""name"": ""English""}]","[""US""]",null
22045,Asunder,Asunder,"When a freak accident destroys everything in a man's life, he invades the troubled marriage of his best friends.",,Released,False,False,1998-11-06,101,0,0,0.4591,8.2,5,en,,tt0160016,/mku03AULZHJt8bqmFNl5l8021un.jpg,/fPCJ8jWvtoQsGzVMUCxnKJhwBcW.jpg,"[{""id"": 18, ""name"": ""Drama""}, {""id"": 53, ""name"": ""Thriller""}, {""id"": 9648, ""name"": ""Mystery""}, {""id"": 10749, ""name"": ""Romance""}]","[{""id"": 236762, ""logo_path"": null, ""name"": ""New Millennium Releasing"", ""origin_country"": ""US""}]","[{""iso_3166_1"": ""US"", ""name"": ""United States of America""}]","[{""english_name"": ""English"", ""iso_639_1"": ""en"", ""name"": ""English""}]","[""US""]",null
22046,James May on the Moon,James May on the Moon,"Top Gear presenter James May presents this informative program that examines the historic moon missions. Traveling to America, May meets three of the men who walked on the surface of the moon, learning how it felt and how the now antiquated technology was used to achieve such an historic feat.",,Released,False,False,2009-06-21,60,0,0,0.2204,6.8,10,en,http://www.bbc.co.uk/programmes/b00lfdbv,tt1489904,/qY8XYQxeADdT1WRPYK23URg30oD.jpg,,"[{""id"": 99, ""name"": ""Documentary""}]","[{""id"": 3324, ""logo_path"": ""/dqT3yOTlfJRmtvk52Ccd1O6dZ0A.png"", ""name"": ""BBC"", ""origin_country"": ""GB""}]","[{""iso_3166_1"": ""US"", ""name"": ""United States of America""}]","[{""english_name"": ""English"", ""iso_639_1"": ""en"", ""name"": ""English""}]","[""US""]",null
22048,Foxy Brown,Foxy Brown,A voluptuous black woman takes a job as a high-class prostitute in order to get revenge on the mobsters who murdered her boyfriend.,She's brown sugar and spice but if you don't treat her nice she'll put you on ice!,Released,False,False,1974-04-05,94,500000,0,2.3015,6.258,254,en,,tt0071517,/lAeEDcBgEqnxl9l7n7i4936ERi8.jpg,/fBbaoVkZjzmF3Rea40xz87qwwf3.jpg,"[{""id"": 28, ""name"": ""Action""}, {""id"": 80, ""name"": ""Crime""}, {""id"": 53, ""name"": ""Thriller""}]","[{""id"": 9266, ""logo_path"": ""/lRinQ7scVye5N8qkUIoCB4QXbRh.png"", ""name"": ""American International Pictures"", ""origin_country"": ""US""}, {""id"": 140120, ""logo_path"": null, ""name"": ""Hollywood West Entertainment"", ""origin_country"": """"}]","[{""iso_3166_1"": ""US"", ""name"": ""United States of America""}]","[{""english_name"": ""English"", ""iso_639_1"": ""en"", ""name"": ""English""}]","[""US""]",null
22049,Starcrash,Starcrash,"A pair of smugglers manage to pick up a castaway while running from the authorities, who turns out to be the only survivor from a secret mission to destroy a mysterious superweapon designed by the evil Count Zartharn. The smugglers are soon recruited by the Emperor to complete the mission, as well as to rescue the Emperor's son, who has gone missing.",A galactic adventure beyond your wildest dreams!,Released,False,False,1978-12-21,92,0,0,1.3103,4.1,206,it,,tt0079946,/npJt35Q36aGcTYpcg9epbwQIIkz.jpg,/owpKSfeEtwQefx8XxxhmSpRVpwC.jpg,"[{""id"": 14, ""name"": ""Fantasy""}, {""id"": 878, ""name"": ""Science Fiction""}]","[{""id"": 86473, ""logo_path"": null, ""name"": ""Nat and Patrick Wachsberger Productions"", ""origin_country"": """"}, {""id"": 1950, ""logo_path"": ""/eIoDtHIJKZaZ4hGbKgqC0PzlqJc.png"", ""name"": ""New World Pictures"", ""origin_country"": ""US""}]","[{""iso_3166_1"": ""IT"", ""name"": ""Italy""}, {""iso_3166_1"": ""US"", ""name"": ""United States of America""}]","[{""english_name"": ""Italian"", ""iso_639_1"": ""it"", ""name"": ""Italiano""}, {""english_name"": ""English"", ""iso_639_1"": ""en"", ""name"": ""English""}]","[""IT""]","{""id"": 325798, ""name"": ""Star Crash Collection"", ""poster_path"": ""/7vxE2rzjCdh9Hz4dRBjgaOA8cRd.jpg"", ""backdrop_path"": ""/an2ceogCMamhYxluJFGcDSedAbu.jpg""}"
22051,Adam,Adam,"Adam, a lonely man with Asperger's Syndrome, develops a relationship with his upstairs neighbor, Beth.",A story about two strangers. One a little stranger than the other...,Released,False,False,2009-07-07,99,0,3037173,1.8879,6.813,476,en,https://www.filmsalescorp.com/adam,tt1185836,/sSN5ec7llAzv0Up7wAQ9qeOM0lS.jpg,/qTlWKxm3HP3i97CiUQEdpXPDZKr.jpg,"[{""id"": 18, ""name"": ""Drama""}, {""id"": 10749, ""name"": ""Romance""}]","[{""id"": 7400, ""logo_path"": null, ""name"": ""Olympus Pictures"", ""origin_country"": ""US""}, {""id"": 9352, ""logo_path"": null, ""name"": ""Deer Path Productions"", ""origin_country"": """"}, {""id"": 9353, ""logo_path"": null, ""name"": ""Northwood Productions"", ""origin_country"": ""CA""}, {""id"": 3459, ""logo_path"": null, ""name"": ""Serenade Films"", ""origin_country"": """"}, {""id"": 3279, ""logo_path"": null, ""name"": ""Vox3 Films"", ""origin_country"": """"}]","[{""iso_3166_1"": ""US"", ""name"": ""United States of America""}]","[{""english_name"": ""English"", ""iso_639_1"": ""en"", ""name"": ""English""}]","[""US""]",null
22052,Chintakayala Ravi,చింతకాయల రవి,"The film revolves around Chintakayala Ravi, a waiter in a New York bar, who has lied to his mother that he is a software engineer. When his mother arranges for a match for him in her village, the girl's friend Sunitha finds out the truth and informs everyone. Ravi is humiliated by the entire village after coming back.",,Released,False,False,2008-10-02,150,0,0,0.9984,5.5,9,te,,tt1187038,/pP2EtisSIo4mvYoISwGIK4jpJ8Y.jpg,,"[{""id"": 10751, ""name"": ""Family""}, {""id"": 35, ""name"": ""Comedy""}, {""id"": 18, ""name"": ""Drama""}]",[],"[{""iso_3166_1"": ""IN"", ""name"": ""India""}]","[{""english_name"": ""Telugu"", ""iso_639_1"": ""te"", ""name"": ""\u0c24\u0c46\u0c32\u0c41\u0c17\u0c41""}]","[""IN""]",null
22054,Angelus,Stan,,,Released,False,False,1999-01-01,0,0,0,0.2045,0.0,0,en,,tt0228893,,,[],[],[],[],"[""US""]",null
22056,Angélus,Angélus,,,Released,False,False,2005-01-01,18,0,0,0.0071,0.0,0,en,,tt0461132,,,[],[],[],[],"[""US""]",null
22057,David Gilmour: Remember That Night - Live at the Royal Albert Hall,David Gilmour: Remember That Night - Live at the Royal Albert Hall,"Pink Floyd guitarist David Gilmour plays a number of that band's most well known songs along with selections from his solo album On An Island. A number of special guest stars play with him over the course of the evening including David Bowie, and Graham Nash.",,Released,False,True,2007-09-06,313,0,0,0.629,7.7,23,en,,tt1132456,/8B2EoSrLdcO8JzxAXM3NbvTfy9g.jpg,/4lMwR7tOJEHkKVZWIrDZrt5FbwU.jpg,"[{""id"": 10402, ""name"": ""Music""}]","[{""id"": 5497, ""logo_path"": null, ""name"": ""Columbia Music Video"", ""origin_country"": """"}]","[{""iso_3166_1"": ""GB"", ""name"": ""United Kingdom""}]","[{""english_name"": ""English"", ""iso_639_1"": ""en"", ""name"": ""English""}]","[""US""]",null
22058,That Man Bolt,That Man Bolt,"Fred Williamson chop-sockeys his way through this popular blaxploitation adventure as Jefferson Bolt, a Kung Fu expert assigned to deliver a cool $1 million to Mexico City from Hong Kong with a stop in Los Angeles. When Bolt discovers the cash is dirty mob money and his gal has been killed, he heads back to the Far East to get even.","Got a super-hot delivery? Big, bad and beautiful - man's got it all!",Released,False,False,1973-12-01,103,0,0,1.1076,4.8,11,en,,tt0070787,/iOhAfB61HJud4sOXGRuilYpCVjq.jpg,/e8UpxePQDqAwP21wOxfIEnBgMVF.jpg,"[{""id"": 28, ""name"": ""Action""}, {""id"": 18, ""name"": ""Drama""}]","[{""id"": 33, ""logo_path"": ""/8lvHyhjr8oUKOOy2dKXoALWKdp0.png"", ""name"": ""Universal Pictures"", ""origin_country"": ""US""}]","[{""iso_3166_1"": ""US"", ""name"": ""United States of America""}]","[{""english_name"": ""English"", ""iso_639_1"": ""en"", ""name"": ""English""}]","[""US""]",null
22059,The Fantastic Four,The Fantastic Four,"When dosed with cosmic rays, four intrepid astronauts are given incredible powers. They decide to form a superhero group called the Fantastic Four to fight their arch-enemy, Dr. Doom.","Part muscle. Part elastic. Part fire. Part invisible. Together, it's clobberin' time!",Released,False,False,1994-05-31,90,1500000,0,1.7785,4.389,216,en,,tt0109770,/avJpIDOjyfdoOLINYficKvW9dEa.jpg,/2uCDSV7t4qyKyENzS0mipE6CYbc.jpg,"[{""id"": 28, ""name"": ""Action""}, {""id"": 878, ""name"": ""Science Fiction""}, {""id"": 12, ""name"": ""Adventure""}]","[{""id"": 47, ""logo_path"": ""/i7Z9ot2o3N5Sa3HrF09kniFs2y8.png"", ""name"": ""Constantin Film"", ""origin_country"": ""DE""}, {""id"": 51048, ""logo_path"": null, ""name"": ""New Concorde"", ""origin_country"": ""US""}]","[{""iso_3166_1"": ""DE"", ""name"": ""Germany""}, {""iso_3166_1"": ""US"", ""name"": ""United States of America""}]","[{""english_name"": ""English"", ""iso_639_1"": ""en"", ""name"": ""English""}]","[""US""]",null
22060,Spirit Trap,Spirit Trap,"When five young students move into an old unoccupied mansion an inexplicable chain of events is set into motion as a mysterious spirit clock begins to tick again. As the story unfolds, revealing each student's dark secrets, the boundary between the real world and the afterlife is no longer clear. Will they find a way to escape or will they be trapped with the spirits forever?",There's a thin line between life and death.,Released,False,False,2005-08-12,91,4500000,25245,0.9664,4.2,41,en,,tt0419160,/xYlBOIJOwUdgeSHDwk40RGSxSK5.jpg,/oOb25w2xFnU6gwh538N0p7nDPoI.jpg,"[{""id"": 53, ""name"": ""Thriller""}, {""id"": 27, ""name"": ""Horror""}]","[{""id"": 10780, ""logo_path"": null, ""name"": ""Archangel Filmworks"", ""origin_country"": """"}, {""id"": 1370, ""logo_path"": ""/uch218gB4XWNz3JNhlc65A5Q207.png"", ""name"": ""Castel Film"", ""origin_country"": ""RO""}]","[{""iso_3166_1"": ""US"", ""name"": ""United States of America""}]","[{""english_name"": ""English"", ""iso_639_1"": ""en"", ""name"": ""English""}, {""english_name"": ""Polish"", ""iso_639_1"": ""pl"", ""name"": ""Polski""}]","[""US""]",null
22066,The Marsh,The Marsh,Writer Claire Holloway is troubled by nightmares of Rose Marsh Farm. She decides to vacation at the farm which unbeknown to her is haunted by the ghost of a little girl and a teenage boy. Claire enlists the help of Geoffry Hunt to help uncover a decade old tragedy.,You can bury the past... but sometimes the past won't stay buried.,Released,False,False,2006-05-18,92,9000000,2429573,1.6628,5.061,69,en,,tt0496350,/kGZoo3qjhxMpl5GhsisFOeYyypn.jpg,/bxZIZZpRANCk6EzljWebpCm8pK7.jpg,"[{""id"": 27, ""name"": ""Horror""}, {""id"": 9648, ""name"": ""Mystery""}]","[{""id"": 4038, ""logo_path"": null, ""name"": ""Marshville Productions"", ""origin_country"": """"}, {""id"": 208564, ""logo_path"": null, ""name"": ""Norstar Filmed Entertainment"", ""origin_country"": ""US""}, {""id"": 208565, ""logo_path"": null, ""name"": ""Sonja Productions"", ""origin_country"": """"}, {""id"": 11569, ""logo_path"": null, ""name"": ""Chum Television"", ""origin_country"": ""CA""}, {""id"": 808, ""logo_path"": ""/4L1apH72jCx6Z5qyH7UOJUDlRoF.png"", ""name"": ""The Movie Network"", ""origin_country"": ""CA""}, {""id"": 2743, ""logo_path"": null, ""name"": ""Astral Media"", ""origin_country"": ""CA""}, {""id"": 11575, ""logo_path"": null, ""name"": ""Movie Central"", ""origin_country"": ""CA""}, {""id"": 137887, ""logo_path"": ""/r74GCVJh89fJ7Il8BuMivTOpfuS.png"", ""name"": ""Corus Studios"", ""origin_country"": ""CA""}]","[{""iso_3166_1"": ""CA"", ""name"": ""Canada""}]","[{""english_name"": ""English"", ""iso_639_1"": ""en"", ""name"": ""English""}]","[""CA""]",null
22067,Jason's Lyric,Jason's Lyric,The story of a young man who must confront his own fears about love as well as his relationships with family and friends.,Love is courage.,Released,False,False,1994-05-22,119,7000000,20851521,1.2402,6.7,55,en,,tt0110186,/2dXA5dNh3kqDQwRt08TxxgldTOW.jpg,/8yUVptQ82wWax8h3X9lURadGZ0d.jpg,"[{""id"": 80, ""name"": ""Crime""}, {""id"": 18, ""name"": ""Drama""}, {""id"": 10749, ""name"": ""Romance""}]","[{""id"": 1382, ""logo_path"": ""/8b5XGJ8YhZoEo9LgFP8KRQWHjYL.png"", ""name"": ""PolyGram Filmed Entertainment"", ""origin_country"": ""US""}]","[{""iso_3166_1"": ""US"", ""name"": ""United States of America""}]","[{""english_name"": ""English"", ""iso_639_1"": ""en"", ""name"": ""English""}]","[""US""]",null
22072,The Chair,The Chair,"Psychology student Danielle inadvertently wakes a evil spirit while renting a century old Victorian house. In setting out to prove his existence, Danielle inadvertently frees and becomes a puppet of the spirit of serial killer Edgar Crowe. Danielle's sister Anna now must find a way to stop Crowe without killing her sister.",Sit down and shut up,Released,False,False,2007-01-01,89,0,0,0.3035,3.9,30,en,,tt0772172,/2aJdvv488VkSEtCefQzaSw7oDQo.jpg,/4cTzdG8yJeX1eA9ZxijYnYSKr01.jpg,"[{""id"": 27, ""name"": ""Horror""}, {""id"": 53, ""name"": ""Thriller""}]","[{""id"": 4041, ""logo_path"": null, ""name"": ""Panic Pictures"", ""origin_country"": """"}]","[{""iso_3166_1"": ""CA"", ""name"": ""Canada""}]","[{""english_name"": ""English"", ""iso_639_1"": ""en"", ""name"": ""English""}]","[""US"", ""CA""]",null
22073,Hoodlum,Hoodlum,"In 1934, the second most lucrative business in New York City was running 'the numbers'. When Madam Queen—the powerful woman who runs the scam in Harlem—is arrested, Ellsworth 'Bumpy' Johnson takes over the business and must resist an invasion from a merciless mobster.",Power is measured in enemies.,Released,False,False,1997-08-27,130,30000000,23461013,2.9284,6.379,232,en,,tt0119311,/hZrwqVXLyxxsNJHVc6bJKSUDkXA.jpg,/4kr8dUmxSxCHQnaI6hYtEz49OvR.jpg,"[{""id"": 80, ""name"": ""Crime""}, {""id"": 18, ""name"": ""Drama""}]","[{""id"": 60, ""logo_path"": ""/4YldLvCWQL9VIAHQ2Fu3Ffkh9Si.png"", ""name"": ""United Artists"", ""origin_country"": ""US""}, {""id"": 216761, ""logo_path"": null, ""name"": ""Frank Mancuso Jr. Productions"", ""origin_country"": ""US""}, {""id"": 21, ""logo_path"": ""/usUnaYV6hQnlVAXP6r4HwrlLFPG.png"", ""name"": ""Metro-Goldwyn-Mayer"", ""origin_country"": ""US""}]","[{""iso_3166_1"": ""US"", ""name"": ""United States of America""}]","[{""english_name"": ""English"", ""iso_639_1"": ""en"", ""name"": ""English""}]","[""US""]",null
22074,Capitalism: A Love Story,Capitalism: A Love Story,"Michael Moore comes home to the issue he's been examining throughout his career: the disastrous impact of corporate dominance on the everyday lives of Americans (and by default, the rest of the world).","Ask not what your CEO can do for you, but what you can do for your CEO",Released,False,False,2009-09-06,128,20000000,17436509,2.0014,7.07,566,en,https://michaelmoore.com/movies/captialism-a-love-story,tt1232207,/zJBkIPakBXdu3cEgGqKCPHUNXVE.jpg,/wHS5l6wS1cJPdJQkYvBzomHB5vP.jpg,"[{""id"": 99, ""name"": ""Documentary""}, {""id"": 36, ""name"": ""History""}]","[{""id"": 308, ""logo_path"": ""/e8F3mQM7DkJ5SfYYDp8FYzPBOGX.png"", ""name"": ""The Weinstein Company"", ""origin_country"": ""US""}, {""id"": 838, ""logo_path"": ""/tcW3UqV46Mdq6GyaS1ydEDocEDF.png"", ""name"": ""Paramount Vantage"", ""origin_country"": ""US""}, {""id"": 26137, ""logo_path"": null, ""name"": ""Dog Eat Dog Films"", ""origin_country"": ""US""}, {""id"": 12807, ""logo_path"": ""/i1TyJLN5V53V6IKbugEzwM3tMvw.png"", ""name"": ""Overture Films"", ""origin_country"": ""US""}]","[{""iso_3166_1"": ""US"", ""name"": ""United States of America""}]","[{""english_name"": ""English"", ""iso_639_1"": ""en"", ""name"": ""English""}]","[""US""]",null
22075,Angelus,Angelus,A commune built around the pursuit of spiritual perfection through the occult begins to see its prophecies come true.,,Released,False,False,2001-11-02,103,0,0,0.5639,5.9,15,pl,,tt0295168,/8Ny27wDklGZ3Xxw09vKVc5njyYG.jpg,/4vVhnPxA8fXoZ4bV27fN6jkPE3d.jpg,"[{""id"": 35, ""name"": ""Comedy""}, {""id"": 14, ""name"": ""Fantasy""}, {""id"": 36, ""name"": ""History""}]","[{""id"": 266, ""logo_path"": null, ""name"": ""Agencja Produkcji Filmowej"", ""origin_country"": ""PL""}, {""id"": 68941, ""logo_path"": null, ""name"": ""Filmcontract"", ""origin_country"": ""PL""}, {""id"": 250, ""logo_path"": ""/evWKasiElVQywuKv2dI72P9twz8.png"", ""name"": ""CANAL+ Polska"", ""origin_country"": ""PL""}, {""id"": 2466, ""logo_path"": ""/596Eq7ivA0DpNfB5zzDU7yMeTB4.png"", ""name"": ""Wytw\u00f3rnia Film\u00f3w Dokumentalnych i Fabularnych"", ""origin_country"": ""PL""}]","[{""iso_3166_1"": ""PL"", ""name"": ""Poland""}]","[{""english_name"": ""Polish"", ""iso_639_1"": ""pl"", ""name"": ""Polski""}]","[""PL""]",null
22076,Alien Hunter,Alien Hunter,Government agents find evidence of extraterrestrial life at the South Pole.,Earth just got its final warning!,Released,False,False,2003-07-19,100,7000000,0,1.9063,5.1,145,en,,tt0327409,/cb58aaGnPJROoooFCXlR6o1ebw5.jpg,/hWTqjvMryjtCLMxo90iSqZ89tT4.jpg,"[{""id"": 878, ""name"": ""Science Fiction""}, {""id"": 28, ""name"": ""Action""}, {""id"": 12, ""name"": ""Adventure""}]","[{""id"": 2876, ""logo_path"": null, ""name"": ""Sandstorm Films"", ""origin_country"": """"}, {""id"": 1020, ""logo_path"": ""/kuUIHNwMec4dwOLghDhhZJzHZTd.png"", ""name"": ""Millennium Media"", ""origin_country"": ""US""}, {""id"": 925, ""logo_path"": ""/dIb9hjXNOkgxu4kBWdIdK8nM4w.png"", ""name"": ""Nu Image"", ""origin_country"": ""US""}]","[{""iso_3166_1"": ""BG"", ""name"": ""Bulgaria""}, {""iso_3166_1"": ""US"", ""name"": ""United States of America""}]","[{""english_name"": ""Russian"", ""iso_639_1"": ""ru"", ""name"": ""P\u0443\u0441\u0441\u043a\u0438\u0439""}, {""english_name"": ""English"", ""iso_639_1"": ""en"", ""name"": ""English""}]","[""US""]",null
22077,Alien Siege,Alien Siege,A scientist fights to save his daughter when she is chosen as one of the eight million human beings who are kept hostage by an alien species in order to save their planet.,,Released,False,False,2005-01-01,90,0,0,0.8993,4.5,18,en,,tt0437803,/o0AFDjc3EvNX2GiVZr5OfoU8XFI.jpg,/zCLNzf6mNZwrbp54KgWcqaem9m7.jpg,"[{""id"": 878, ""name"": ""Science Fiction""}, {""id"": 10770, ""name"": ""TV Movie""}]","[{""id"": 3903, ""logo_path"": ""/scJ51vavJ3t27v5zqlSbtnMv8u3.png"", ""name"": ""Unified Film Organization"", ""origin_country"": ""US""}, {""id"": 29185, ""logo_path"": ""/3SHlavyUJiZIn4ZS5h3B9ggP0Cf.png"", ""name"": ""BUFO"", ""origin_country"": ""BG""}]","[{""iso_3166_1"": ""US"", ""name"": ""United States of America""}, {""iso_3166_1"": ""BG"", ""name"": ""Bulgaria""}]","[{""english_name"": ""English"", ""iso_639_1"": ""en"", ""name"": ""English""}]","[""US""]",null
22080,Darklight,Darklight,"Captured by a secret society known as the Faith and mentally controlled with a powerful spell, ancient demoness Lilith now lives as a young woman with no memory of her agless past. However, the terrifying plague unleashed by a rampaging monster, the Demonicos, forces one human to recruit her mystical power known as the Darklight to fight this terrifying beast...",It's time to fight evil with evil.,Released,False,False,2004-01-01,90,0,0,1.0673,5.0,31,en,,tt0395512,/eG7IlRQyqsE6GAYFVuW6rjlwQlM.jpg,/trjFgRm60B8xNclQESWedaGI2DG.jpg,"[{""id"": 28, ""name"": ""Action""}, {""id"": 14, ""name"": ""Fantasy""}, {""id"": 878, ""name"": ""Science Fiction""}, {""id"": 10770, ""name"": ""TV Movie""}]","[{""id"": 6677, ""logo_path"": ""/iYfrkobwDhTOFJ4AXYPSLIEeaAT.png"", ""name"": ""Syfy"", ""origin_country"": ""US""}, {""id"": 20375, ""logo_path"": null, ""name"": ""Hammerhead Productions"", ""origin_country"": """"}, {""id"": 3903, ""logo_path"": ""/scJ51vavJ3t27v5zqlSbtnMv8u3.png"", ""name"": ""Unified Film Organization"", ""origin_country"": ""US""}, {""id"": 29185, ""logo_path"": ""/3SHlavyUJiZIn4ZS5h3B9ggP0Cf.png"", ""name"": ""BUFO"", ""origin_country"": ""BG""}]","[{""iso_3166_1"": ""US"", ""name"": ""United States of America""}, {""iso_3166_1"": ""BG"", ""name"": ""Bulgaria""}]","[{""english_name"": ""English"", ""iso_639_1"": ""en"", ""name"": ""English""}]","[""US""]",null
22081,Blizzard,Blizzard,A young girl's aunt tells her the tale of a young ice skater and an enchanted reindeer.,,Released,False,False,2003-05-15,93,0,0,1.662,5.9,81,en,,tt0309372,/uLGrJDBi67Bb4e3mMGoH3duefhw.jpg,/1hILrN2fe21IMYonRKN5OKTpnvF.jpg,"[{""id"": 10751, ""name"": ""Family""}, {""id"": 35, ""name"": ""Comedy""}]","[{""id"": 84756, ""logo_path"": null, ""name"": ""Ralph Winter Productions"", ""origin_country"": """"}, {""id"": 2757, ""logo_path"": null, ""name"": ""Holedigger Films"", ""origin_country"": """"}, {""id"": 36613, ""logo_path"": null, ""name"": ""Knightscove Entertainment"", ""origin_country"": """"}]","[{""iso_3166_1"": ""CA"", ""name"": ""Canada""}, {""iso_3166_1"": ""US"", ""name"": ""United States of America""}]","[{""english_name"": ""English"", ""iso_639_1"": ""en"", ""name"": ""English""}]","[""CA"", ""US""]",null
22082,Encrypt,Encrypt,"2068, the ozone layer is gone and the world is a wasteland. A band of mercenaries attempt to break into a Estate that is guarded by a automated defence system called ""Encrypt"" in order to steal priceless artwork.",One code. One future. One chance.,Released,False,False,2003-06-14,101,0,0,0.6197,5.1,15,en,,tt0338963,/lntsce7nOIdQ2lvYEj06aydqxQR.jpg,/wEKfvHbHfONf0QX4SuMdxpY1VcC.jpg,"[{""id"": 878, ""name"": ""Science Fiction""}, {""id"": 10770, ""name"": ""TV Movie""}]",[],"[{""iso_3166_1"": ""US"", ""name"": ""United States of America""}, {""iso_3166_1"": ""CA"", ""name"": ""Canada""}]","[{""english_name"": ""English"", ""iso_639_1"": ""en"", ""name"": ""English""}]","[""US""]",null
22084,Dadnapped,Dadnapped,"Melissa has a bad case of sibling rivalry, only her competition is a fictional character in her father's best-selling novel about a teenage super spy. When her father is ""dadnapped"" by a group of overzealous fans, it's up to Melissa to help him by tapping her inner superhero.",Melissa’s vacation just turned into a rescue mission.,Released,False,False,2009-02-16,84,4500000,0,1.4622,5.3,238,en,https://movies.disney.com/dadnapped,tt1090750,/xMuG07VLv8YHYT6OURunveDOdO.jpg,/p95z66NPdo66sQ5YJCuf32qocJA.jpg,"[{""id"": 35, ""name"": ""Comedy""}, {""id"": 12, ""name"": ""Adventure""}, {""id"": 28, ""name"": ""Action""}, {""id"": 10751, ""name"": ""Family""}, {""id"": 10770, ""name"": ""TV Movie""}, {""id"": 80, ""name"": ""Crime""}]","[{""id"": 42053, ""logo_path"": ""/q7VNAacEiPVzsgCrqtaMooxiPz.png"", ""name"": ""Salty Pictures"", ""origin_country"": ""US""}, {""id"": 670, ""logo_path"": ""/rRGi5UkwvdOPSfr5Xf42RZUsYgd.png"", ""name"": ""Walt Disney Television"", ""origin_country"": ""US""}, {""id"": 240533, ""logo_path"": ""/9AxUB1RdRnm0r5ki8Thb69Jo9Ma.png"", ""name"": ""Disney Channel"", ""origin_country"": ""US""}]","[{""iso_3166_1"": ""US"", ""name"": ""United States of America""}]","[{""english_name"": ""English"", ""iso_639_1"": ""en"", ""name"": ""English""}]","[""US""]",null
22085,The Last Casino,The Last Casino,"A University teacher finds three bright students and decides to teach them how to count cards to make lots of money. As they learn how to play the casinos, things get tricky when the debt owing teacher informs them that their front man wants restitution for loses in about a weeks time. The three students decide to hit all the major casinos in Ontario and Quebec until discovered.",,Released,False,False,2004-06-26,92,0,0,1.0014,6.9,36,en,,tt0419909,/hgcpfMJ59TbWKFgrPLzqTZqclN4.jpg,/zaQV7A4jFGKm4UjoNIgKtMxI1Qp.jpg,"[{""id"": 18, ""name"": ""Drama""}, {""id"": 35, ""name"": ""Comedy""}]","[{""id"": 4042, ""logo_path"": null, ""name"": ""Astral Films"", ""origin_country"": ""CA""}]","[{""iso_3166_1"": ""CA"", ""name"": ""Canada""}]","[{""english_name"": ""English"", ""iso_639_1"": ""en"", ""name"": ""English""}, {""english_name"": ""Hungarian"", ""iso_639_1"": ""hu"", ""name"": ""Magyar""}]","[""CA"", ""US""]",null
22090,Telefon,Telefon,"Nicolai Dalchimski, a mad KGB agent steals a notebook full of names of ""sleeping"" undercover KGB agents sent to the U.S. in the 1950's. These agents got their assignments under hypnosis, so they can't remember their missions until they're told a line of a Robert Frost poem. Dalchimski flees to the U.S. and starts phoning these agents who perform sabotage acts against military targets.",They'll do anything to stop Telefon. The operation that can trigger 51 human time bombs.,Released,False,False,1977-12-16,102,0,0,1.4486,6.6,127,en,,tt0076804,/dryfRzxf9lFuLI8UPJnjSoa3QxZ.jpg,/yheWWmGBLEf7lTePzl6cmXDOjEK.jpg,"[{""id"": 53, ""name"": ""Thriller""}, {""id"": 28, ""name"": ""Action""}, {""id"": 80, ""name"": ""Crime""}]","[{""id"": 21, ""logo_path"": ""/usUnaYV6hQnlVAXP6r4HwrlLFPG.png"", ""name"": ""Metro-Goldwyn-Mayer"", ""origin_country"": ""US""}]","[{""iso_3166_1"": ""US"", ""name"": ""United States of America""}]","[{""english_name"": ""English"", ""iso_639_1"": ""en"", ""name"": ""English""}]","[""US""]",null
22092,The Swinging Cheerleaders,The Swinging Cheerleaders,"In order to write an expose on how cheerleading demeans women, a reporter for a college newspaper infiltrates the cheerleading squad.",They gave their all for the team!,Released,False,False,1974-09-25,91,150000,0,0.9404,5.6,29,en,,tt0072236,/hIpmpPjDEezCzcR3omTqM0GYoUh.jpg,/xXfcDRQeNPYzKudbk3EhxAuLMZ8.jpg,"[{""id"": 28, ""name"": ""Action""}, {""id"": 35, ""name"": ""Comedy""}]","[{""id"": 17777, ""logo_path"": null, ""name"": ""Centaur Pictures Inc."", ""origin_country"": """"}]","[{""iso_3166_1"": ""US"", ""name"": ""United States of America""}]","[{""english_name"": ""English"", ""iso_639_1"": ""en"", ""name"": ""English""}]","[""US""]","{""id"": 308153, ""name"": ""The Cheerleaders Collection"", ""poster_path"": ""/9Qikcm0SgbrbMODduZlNXU0VfQs.jpg"", ""backdrop_path"": ""/2Y0V7Ds7bxSUtZesD4D7TKVEedr.jpg""}"
22093,Broken Sky,El cielo dividido,"Gerardo is deeply in love with longtime lover Jonas. When Jonas falls for a stranger he met at a local nightclub, heartbroken Gerardo soon seeks solace in the arms of Sergio. Despite other interests, Gerardo and Jonas can't bring themselves to end it.",,Released,False,False,2006-02-14,140,0,0,1.4924,4.9,25,es,,tt0783695,/bBvky76d5o578DLx3hkfWyVYsHJ.jpg,/5EdeVKfWyUOYkVqpD8S0cc7zBWu.jpg,"[{""id"": 18, ""name"": ""Drama""}, {""id"": 10749, ""name"": ""Romance""}]","[{""id"": 5439, ""logo_path"": ""/yzcxOpyPQs9bA5g6GPYRklImYQv.png"", ""name"": ""Consejo Nacional para la Cultura y las Artes"", ""origin_country"": ""MX""}]","[{""iso_3166_1"": ""MX"", ""name"": ""Mexico""}]","[{""english_name"": ""Spanish"", ""iso_639_1"": ""es"", ""name"": ""Espa\u00f1ol""}]","[""MX""]",null
22094,Hard Times,Hard Times,"In the depression, Chaney, a strong silent streetfighter, joins with Speed, a promoter of no-holds-barred street boxing bouts. They go to New Orleans where Speed borrows money to set up fights for Chaney, but Speed gambles away any winnings.","New Orleans, 1933. In those days words didn't say much.",Released,False,False,1975-08-13,93,2700000,5000000,2.9089,6.803,221,en,,tt0073092,/yWIh8cMGd9XubkdhJB2TJ7buGy3.jpg,/cjA8bxjXcw3I63DlO3qa6uFwrH4.jpg,"[{""id"": 18, ""name"": ""Drama""}, {""id"": 28, ""name"": ""Action""}, {""id"": 80, ""name"": ""Crime""}]","[{""id"": 5, ""logo_path"": ""/71BqEFAF4V3qjjMPCpLuyJFB9A.png"", ""name"": ""Columbia Pictures"", ""origin_country"": ""US""}, {""id"": 15667, ""logo_path"": null, ""name"": ""Claridge Productions"", ""origin_country"": """"}, {""id"": 445, ""logo_path"": null, ""name"": ""Major Studio Partners"", ""origin_country"": ""US""}]","[{""iso_3166_1"": ""US"", ""name"": ""United States of America""}]","[{""english_name"": ""English"", ""iso_639_1"": ""en"", ""name"": ""English""}]","[""US""]",null
22097,Rammstein: Völkerball,Rammstein: Völkerball,"Völkerball shows concert-performances by the band in England, France, Japan and Russia. The Special Edition is extended by a second DVD, which contains the documentaries ""Anaconda in the net"" by Mathilde Bonnefoy and the ""Making of the album Reise, Reise"" by Rammstein guitarist Paul Landers. The limited edition was released as a large black and white photo-book with photos by Frederic Batier.",,Released,False,False,2006-11-13,140,0,0,0.2343,8.231,26,de,,tt3960092,/bxosDzLNqNLKVuaqOZB0ycC0SKR.jpg,/1vIwkJpULsH6mFaTQG2Srl8Gh7r.jpg,"[{""id"": 10402, ""name"": ""Music""}, {""id"": 99, ""name"": ""Documentary""}]","[{""id"": 9339, ""logo_path"": ""/hwEpOrIYH7G4Rolt7s2thYquJnD.png"", ""name"": ""Universal Music Group"", ""origin_country"": ""US""}]",[],"[{""english_name"": ""German"", ""iso_639_1"": ""de"", ""name"": ""Deutsch""}]","[""DE""]",null
22099,Rammstein - Live aus Berlin,Rammstein - Live aus Berlin,"The Rammstein - Live aus Berlin DVD is a compilation of two live concerts filmed at Berlin's open-air Parkbühne (""park stage"") Wuhlheide in August 1998. The DVD offers 17 of the band's songs, most of which are found on the two CD albums ""Sehnsucht"" and ""Herzeleid."" The show itself is a very entertaining performance with plenty of the usual stunts, pyrotechnics, and lighting effects you'd expect from an industrial metal band.",,Released,False,True,1999-08-31,97,0,0,0.614,8.8,47,de,,tt0207697,/duxuIHR0L41ZjcGzRFRJN9B7pyR.jpg,/aMNeAGT8BccWgcEmmjv5JUDSBDA.jpg,"[{""id"": 10402, ""name"": ""Music""}, {""id"": 99, ""name"": ""Documentary""}]","[{""id"": 135335, ""logo_path"": null, ""name"": ""Motor Music"", ""origin_country"": """"}, {""id"": 33, ""logo_path"": ""/8lvHyhjr8oUKOOy2dKXoALWKdp0.png"", ""name"": ""Universal Pictures"", ""origin_country"": ""US""}]","[{""iso_3166_1"": ""DE"", ""name"": ""Germany""}]","[{""english_name"": ""German"", ""iso_639_1"": ""de"", ""name"": ""Deutsch""}]","[""DE""]",null
22100,Watching the Detectives,Watching the Detectives,"Neil, a self-proclaimed film geek and owner of Gumshoe video, has always been content to live vicariously through his favorite films noir. But when he meets Violet, a real-life femme fatale, his mundane world gets turned upside down and the line between reality and the movies quickly begins to blur.",Sometimes love is stranger than fiction.,Released,False,False,2007-05-01,94,2000000,0,2.0568,6.3,182,en,,tt0472205,/wm2TaGTXpy30WNLuZaqagIMbf1K.jpg,/4cOlWJbXPidJbwfEnHBzgUjvs3U.jpg,"[{""id"": 35, ""name"": ""Comedy""}, {""id"": 10749, ""name"": ""Romance""}]","[{""id"": 2393, ""logo_path"": null, ""name"": ""Peace Arch Entertainment Group"", ""origin_country"": """"}, {""id"": 39483, ""logo_path"": null, ""name"": ""Hart-Lunsford Pictures"", ""origin_country"": ""US""}, {""id"": 203484, ""logo_path"": null, ""name"": ""Plum Pictures"", ""origin_country"": ""US""}]","[{""iso_3166_1"": ""US"", ""name"": ""United States of America""}]","[{""english_name"": ""English"", ""iso_639_1"": ""en"", ""name"": ""English""}]","[""US""]",null
22101,Aagey Se Right,Aagey Se Right,"Aage Se Right is the story of chance, co-incidence and real life humor based in the present day Mumbai. The film spans over five days of panic, chaos and mayhem!!!",,Released,False,False,2009-09-04,117,0,0,0.4772,5.0,3,hi,http://gunontherun.com/,tt1479667,/w4ymbZfWZKhry49BOYSvvK6mR8j.jpg,/izicUps14bMwvPOM3yomap1HeLX.jpg,"[{""id"": 35, ""name"": ""Comedy""}]","[{""id"": 3773, ""logo_path"": null, ""name"": ""UTV SpotBoys"", ""origin_country"": """"}]","[{""iso_3166_1"": ""IN"", ""name"": ""India""}]","[{""english_name"": ""Hindi"", ""iso_639_1"": ""hi"", ""name"": ""\u0939\u093f\u0928\u094d\u0926\u0940""}]","[""IN""]",null
22102,Troop Beverly Hills,Troop Beverly Hills,A Beverly Hills housewife in the middle of a divorce tries to find focus in her life by taking over her daughter's Wilderness Girls troop.,"When the going gets tough, the tough go shopping!",Released,False,False,1989-03-24,106,18000000,8500000,1.6072,5.7,183,en,,tt0098519,/2HOzh7t2THdZ3r9BaDucEjfzLlL.jpg,/qL3ENRNsgygM3Z0ACV7lrU54kVz.jpg,"[{""id"": 10751, ""name"": ""Family""}, {""id"": 12, ""name"": ""Adventure""}, {""id"": 35, ""name"": ""Comedy""}]","[{""id"": 6313, ""logo_path"": ""/q56J42aZnGICXorcNsZ9w6VzD6O.png"", ""name"": ""Weintraub Entertainment Group"", ""origin_country"": ""US""}, {""id"": 21756, ""logo_path"": null, ""name"": ""Fries Entertainment"", ""origin_country"": ""US""}, {""id"": 79520, ""logo_path"": null, ""name"": ""Avanti Films"", ""origin_country"": """"}]","[{""iso_3166_1"": ""US"", ""name"": ""United States of America""}]","[{""english_name"": ""English"", ""iso_639_1"": ""en"", ""name"": ""English""}]","[""US""]",null
22105,Danika,Danika,"Traumatized since childhood by her brother's accidental death, Danika Merrick hallucinates a bank robbery and quits her job. Despite support from her three children and loving husband, Danika continues to experience unnerving visions. She seeks help from therapist Evelyn Harris but pervasive reports of violent incidents involving children make Danika fear for her own family, and she grows increasingly paranoid, worrying she may be going insane.",Her visions are beyond your worst fears...,Released,False,False,2006-06-10,79,5000000,0,1.4779,5.1,92,en,,tt0469062,/5Qk67gDdoR6eqJNYmb8ohBgbG1b.jpg,/a6fxRf2ZXAWC835noPSZP3z3XNo.jpg,"[{""id"": 18, ""name"": ""Drama""}, {""id"": 27, ""name"": ""Horror""}, {""id"": 53, ""name"": ""Thriller""}, {""id"": 9648, ""name"": ""Mystery""}]","[{""id"": 12228, ""logo_path"": null, ""name"": ""Blue Omega Entertainment"", ""origin_country"": """"}, {""id"": 12229, ""logo_path"": null, ""name"": ""Danika LLC"", ""origin_country"": """"}, {""id"": 12230, ""logo_path"": null, ""name"": ""Roberts/David Films"", ""origin_country"": """"}, {""id"": 12231, ""logo_path"": null, ""name"": ""Sententia Entertainment"", ""origin_country"": """"}]","[{""iso_3166_1"": ""US"", ""name"": ""United States of America""}]","[{""english_name"": ""English"", ""iso_639_1"": ""en"", ""name"": ""English""}]","[""US""]",null
22107,Australia's Animal Mysteries,Australia's Animal Mysteries,Enjoy some of the bizarre and unbelievable creatures unique to Australia's shores as investigators and scientists probe the secrets of this infinitely varied wildlife.,,Released,False,False,1984-01-01,54,0,0,0.1666,7.0,1,en,,tt0861344,/3ukfujYWtOLK5jswOmOJ4xgmJbE.jpg,,"[{""id"": 99, ""name"": ""Documentary""}, {""id"": 10770, ""name"": ""TV Movie""}]","[{""id"": 123388, ""logo_path"": ""/fAtGS8zDA5g2Qovf7uwPgiD2zID.png"", ""name"": ""National Geographic Channels International"", ""origin_country"": ""US""}]",[],[],"[""US""]",null
22109,Kingdom of the Blue Whale,Kingdom of the Blue Whale,"Supported by the National Geographic Society, the world's eminent blue whale scientists embark on a revolutionary mission: They'll find, identify, and tag California blue whales, use the DNA samples to confirm the sex of individual whales, then rejoin the massive creatures' stunning migration when they collect at a chimera known as the Costa Rica Dome.",,Released,False,False,2009-03-08,96,0,0,0.5069,6.6,16,en,http://channel.nationalgeographic.com/episode/kingdom-of-the-blue-whale-3302,tt1403075,/q2CFhgyiTeHfd7b0pyvHRDDBEUw.jpg,/5h0sqB9CWR8NM9dtzt5xgXbjyww.jpg,"[{""id"": 99, ""name"": ""Documentary""}, {""id"": 10770, ""name"": ""TV Movie""}]","[{""id"": 7521, ""logo_path"": ""/fRqMjLjyAqThtEg9P9WKCXLmCpJ.png"", ""name"": ""National Geographic"", ""origin_country"": ""US""}]","[{""iso_3166_1"": ""US"", ""name"": ""United States of America""}]","[{""english_name"": ""English"", ""iso_639_1"": ""en"", ""name"": ""English""}]","[""US""]",null
22112,Criss Cross,Criss Cross,An armored-car guard must join a robbery after being caught with his ex-wife by her gangster husband.,When you Double-Cross a Double-Crosser... It's a Criss Cross!,Released,False,False,1949-02-04,88,0,0,2.2469,7.1,180,en,,tt0041268,/AwmyVw6h3nZWvkZUuNpZYDA2Dly.jpg,/eVzCqwLk806hU6RN8sv9l1ilVL8.jpg,"[{""id"": 80, ""name"": ""Crime""}, {""id"": 53, ""name"": ""Thriller""}]","[{""id"": 10330, ""logo_path"": ""/vevakirICdmHxRPeZUdbjFqcFLM.png"", ""name"": ""Universal International Pictures"", ""origin_country"": ""US""}]","[{""iso_3166_1"": ""US"", ""name"": ""United States of America""}]","[{""english_name"": ""English"", ""iso_639_1"": ""en"", ""name"": ""English""}]","[""US""]",null
22114,Solo,Соло,"Lopushansky's second film focuses on a few hours in the life of a soloist musician during the siege of Leningrad, in WWII. The Leningrad philharmonic is going to play Tchaikovsky's 5th Symphony, which is to be broadcast to England. The soloist, like his fellow musicians, is weak and half-starved, and doubts whether he will be able to perform well enough.",,Released,False,False,1980-12-01,26,0,0,0.8514,4.8,15,ru,,tt0173226,/dnDYmpYaDclS1bw2DSmTBN8pX5X.jpg,,"[{""id"": 18, ""name"": ""Drama""}, {""id"": 10752, ""name"": ""War""}]","[{""id"": 10845, ""logo_path"": ""/8qh5BEyKYOQ0e81LPbvWHQvyOy5.png"", ""name"": ""Lenfilm"", ""origin_country"": ""SU""}]","[{""iso_3166_1"": ""SU"", ""name"": ""Soviet Union""}]","[{""english_name"": ""Russian"", ""iso_639_1"": ""ru"", ""name"": ""P\u0443\u0441\u0441\u043a\u0438\u0439""}]","[""SU""]",null
22116,Naked Boys Singing!,Naked Boys Singing!,"This whimsical Off-Broadway hit musical is aptly reworked and transferred to the screen. The self-descriptively titled Naked Boys Singing is a musical revue of songs that poke fun at gay life, body image, love, loss and yearning.",No dress code required,Released,False,False,2007-10-05,95,0,25526,1.0685,4.8,21,en,,tt0928413,/3vnWShWrSN15HaJyVR2uCKW9jGL.jpg,/cslbFrVH8J7uyTeJuHbvY6etZaB.jpg,"[{""id"": 35, ""name"": ""Comedy""}, {""id"": 10402, ""name"": ""Music""}, {""id"": 10749, ""name"": ""Romance""}]","[{""id"": 3103, ""logo_path"": null, ""name"": ""Funny Boy Films"", ""origin_country"": ""US""}]","[{""iso_3166_1"": ""US"", ""name"": ""United States of America""}]","[{""english_name"": ""English"", ""iso_639_1"": ""en"", ""name"": ""English""}]","[""US""]",null
22117,Women in the Night,Women in the Night,During WW2 six allied nations women at Shanghai University are arrested by the Germans accused of killing a German officer and forced to entertain the Japanese.,Unspeakable atrocities!,Released,False,False,1948-01-02,98,0,0,0.754,3.5,8,en,,tt0040003,/f4uVf0vl9H0hbdIU8mi40aIqcm2.jpg,/bxTiZbzUghgGRrUornI8PpbEeNi.jpg,"[{""id"": 18, ""name"": ""Drama""}, {""id"": 53, ""name"": ""Thriller""}]","[{""id"": 76631, ""logo_path"": null, ""name"": ""Louis K. Ansell Productions"", ""origin_country"": """"}]","[{""iso_3166_1"": ""US"", ""name"": ""United States of America""}]","[{""english_name"": ""English"", ""iso_639_1"": ""en"", ""name"": ""English""}, {""english_name"": ""French"", ""iso_639_1"": ""fr"", ""name"": ""Fran\u00e7ais""}]","[""US""]",null
22121,Truck Turner,Truck Turner,"Truck Turner and his partner Jerry, who make their living as bounty hunters in Los Angeles, are hired to hunt down Gator, a pimp who has skipped bail.","Black, bold and bloody mean!",Released,False,False,1974-06-26,91,0,0,1.1296,6.4,63,en,,tt0072325,/lMB0WY73s8AOns9cUmdAT3USreo.jpg,/9xm4km4yn93VxJBGweqWW4rNKAl.jpg,"[{""id"": 18, ""name"": ""Drama""}, {""id"": 28, ""name"": ""Action""}, {""id"": 53, ""name"": ""Thriller""}]","[{""id"": 9266, ""logo_path"": ""/lRinQ7scVye5N8qkUIoCB4QXbRh.png"", ""name"": ""American International Pictures"", ""origin_country"": ""US""}, {""id"": 4629, ""logo_path"": null, ""name"": ""Sequoia Pictures"", ""origin_country"": ""US""}]","[{""iso_3166_1"": ""US"", ""name"": ""United States of America""}]","[{""english_name"": ""English"", ""iso_639_1"": ""en"", ""name"": ""English""}]","[""US""]",null
22123,The Chosen One,The Chosen One,"...he's lost his job, totaled his car, and been attacked by a bear. Just when it seems like life can't get any worse, the leader of an eccentric church tells Lou that he's The Chosen One the man from prophecy who must travel to Kansas, talk to God and deliver the world into a new age. Together with his cantankerous old roommate Zeb, his scientist co-worker Donna, and a certain Prince of Hell know",,Released,False,False,2007-10-13,79,0,0,0.9476,5.8,4,en,http://www.thechosenonemovie.com/,tt0357545,/gb7DDSq9b7fhnrhUmJXnmydD9uy.jpg,/jvyergmd1uZtBbedHzAkTcace8T.jpg,"[{""id"": 28, ""name"": ""Action""}, {""id"": 16, ""name"": ""Animation""}, {""id"": 35, ""name"": ""Comedy""}]",[],"[{""iso_3166_1"": ""US"", ""name"": ""United States of America""}]","[{""english_name"": ""English"", ""iso_639_1"": ""en"", ""name"": ""English""}]","[""US""]",null
22124,Executioners from Shaolin,洪熙官,"After the destruction of the Temple, a Shaolin disciple devotes years to mastering the Tiger style in order to defeat the martial arts master who killed his teacher. His wife, a Crane style specialist, has a feeling one style won't be enough.",,Released,False,False,1977-02-16,100,0,0,3.1604,6.8,53,zh,,tt0076168,/9PJyuHP1nNDMyJDZMpZWpwEduSL.jpg,/5VDexRf65D6a2mnyVGzFNUNiV0k.jpg,"[{""id"": 28, ""name"": ""Action""}, {""id"": 18, ""name"": ""Drama""}, {""id"": 10749, ""name"": ""Romance""}, {""id"": 35, ""name"": ""Comedy""}]","[{""id"": 5798, ""logo_path"": ""/tmuI9BGXgpWLmokhlxpnG3IGNQB.png"", ""name"": ""Shaw Brothers"", ""origin_country"": ""HK""}]","[{""iso_3166_1"": ""HK"", ""name"": ""Hong Kong""}]","[{""english_name"": ""Mandarin"", ""iso_639_1"": ""zh"", ""name"": ""\u666e\u901a\u8bdd""}]","[""HK""]",null
22125,Madonna: Sticky & Sweet Tour,Madonna: Sticky & Sweet Tour,"A two-hour live concert from her Sticky & Sweet Tour from Buenos Aires, Argentina.",,Released,False,False,2010-04-06,125,0,0,0.6388,8.3,33,en,,tt1629336,/gYBPFld145Sfh74CVEbL6JTC6xS.jpg,/jbDHoz2atAIBTD4xjfrkDzTUzi1.jpg,"[{""id"": 10402, ""name"": ""Music""}]","[{""id"": 12700, ""logo_path"": ""/1oyIA1tQWgAbARPsqMFUUjESRpB.png"", ""name"": ""Warner Music Group"", ""origin_country"": ""US""}]","[{""iso_3166_1"": ""AR"", ""name"": ""Argentina""}, {""iso_3166_1"": ""US"", ""name"": ""United States of America""}]","[{""english_name"": ""English"", ""iso_639_1"": ""en"", ""name"": ""English""}]","[""US""]",null
22130,Zombie Lake,Le Lac des morts vivants,"In a small village, somewhere in France, German soldiers, killed and thrown into the lake by the Resistance during WWII, come back.",God help us if they rise again!,Released,False,False,1981-05-13,87,0,0,1.1353,3.2,70,fr,,tt0081027,/ui0yDzDLKVB3dQnZoy59RXCgsTc.jpg,/mlvN6Le0T2U1j0XyHGlaOKdU7kC.jpg,"[{""id"": 27, ""name"": ""Horror""}]","[{""id"": 4799, ""logo_path"": null, ""name"": ""Eurocin\u00e9"", ""origin_country"": ""FR""}, {""id"": 16119, ""logo_path"": null, ""name"": ""J.E. Films (Julian Esteban Films)"", ""origin_country"": """"}]","[{""iso_3166_1"": ""FR"", ""name"": ""France""}, {""iso_3166_1"": ""ES"", ""name"": ""Spain""}]","[{""english_name"": ""French"", ""iso_639_1"": ""fr"", ""name"": ""Fran\u00e7ais""}]","[""FR""]",null
22132,Mo,Mo,"Every kid wants to be cool and fit in - life's a blast even when you're different. When Mo's reflection is revealed, he sees a body that doesn't quite resemble any of his peers. Here, he tells the tale of his youth, growing up on the south shore of Long Island, New York",Life's a blast . . . even when you're different.,Released,False,False,2007-04-14,105,0,0,0.7555,7.3,5,en,,tt1010027,/wRAi5oi10Z9rBT5CRWPIebiBE84.jpg,,"[{""id"": 35, ""name"": ""Comedy""}, {""id"": 18, ""name"": ""Drama""}]",[],"[{""iso_3166_1"": ""US"", ""name"": ""United States of America""}]","[{""english_name"": ""English"", ""iso_639_1"": ""en"", ""name"": ""English""}]","[""US""]",null
22133,De udvalgte,De udvalgte,"Five of the country's best stand-up comedians, Michael Schøt, Tobias Dybvad, Brian Mørk, Anders Fjeldsted, and Christian Fühlendorff, perform together in the show ""De udvalgte"" (The Chosen Ones). Each with their own style, the five comedians deliver plenty of sharp opinions, dark humor, bizarre whims, embarrassments, insults, and, not least, a good dose of self-irony.",,Released,False,False,2009-08-29,120,0,0,0.2018,3.0,2,da,http://www.fbi.dk/index.php?option=com_jcalpro&Itemid=126&extmode=view&extid=129,,/d4S6NVvjO9QA3WAzqslK1OaJaJ1.jpg,,"[{""id"": 35, ""name"": ""Comedy""}]","[{""id"": 4044, ""logo_path"": null, ""name"": ""ART PEOPLE NORDIC A/S"", ""origin_country"": """"}]","[{""iso_3166_1"": ""DK"", ""name"": ""Denmark""}]","[{""english_name"": ""Danish"", ""iso_639_1"": ""da"", ""name"": ""Dansk""}]","[""DK""]",null
22134,Eric Clapton: One More Car One More Rider,Eric Clapton: One More Car One More Rider,"Clapton, live from Los Angeles' Staples Center on August 18, 2002, part of the sold-out worldwide tour that followed Clapton's 2001 album ""Reptile."" This concert DVD features live material spanning his entire career. Recorded in concert at The Staples Center in Los Angeles, August 18 2001, this performance spans Clapton's entire career and even throws in a cover of ""Somewhere Over the Rainbow"" for good measure. Based around the album REPTILE, which had just been released at the time, this footage also includes the songs ""Layla,"" ""Tears in Heaven,"" ""Sunshine of Your Love"" and many more.",,Released,False,False,2001-08-17,128,0,0,0.3438,7.3,8,en,,tt0473479,/bddSprkDHABCwqTneixGNsdw31.jpg,/axUHxayVL0GWx14lGcqMJG7MQDX.jpg,"[{""id"": 10402, ""name"": ""Music""}]","[{""id"": 3345, ""logo_path"": ""/9osXMsxl3h772MSO4CIFycy4MfV.png"", ""name"": ""Warner Music Entertainment"", ""origin_country"": ""US""}]","[{""iso_3166_1"": ""US"", ""name"": ""United States of America""}]","[{""english_name"": ""English"", ""iso_639_1"": ""en"", ""name"": ""English""}]","[""US""]",null
22135,Not Forgotten,Not Forgotten,"Set in a Tex-Mex border town, Not Forgotten is a classic psychological thriller about Jack and Amaya Bishop, a couple who must come to terms with their tortured pasts in order to save their kidnapped daughter. It is a tale taut with intrigue and steeped in Latino mysticism, where the line between what's real and what's imagined becomes hopelessly blurred.",,Released,False,False,2009-09-11,100,0,0,1.8384,5.0,104,en,,tt1127221,/hRFrQ7XeD25ErwZMRgawcPrWlTK.jpg,/4icuLvvNg5PvtLwzIPZXSZk53xm.jpg,"[{""id"": 53, ""name"": ""Thriller""}, {""id"": 27, ""name"": ""Horror""}]","[{""id"": 4068, ""logo_path"": ""/p7yVgp5hx4Qb94R2AJKYBEwazlT.png"", ""name"": ""Skyline Pictures"", ""origin_country"": ""US""}]","[{""iso_3166_1"": ""US"", ""name"": ""United States of America""}]","[{""english_name"": ""English"", ""iso_639_1"": ""en"", ""name"": ""English""}]","[""US""]",null
22136,Ricky,Ricky,"When Katie meets Paco, they fall in love. From this an extraordinary child is born; Ricky, who quickly develops into something wonderful and not so normal.",,Released,False,False,2009-02-11,90,0,2458036,0.8796,5.8,138,fr,http://www.rickylefilm.com/,tt1189076,/2n3UNhg9GhDK9aymmR2anM9rR3h.jpg,/jMioXFCbMiuE20nx6HQaqhJnFfQ.jpg,"[{""id"": 14, ""name"": ""Fantasy""}, {""id"": 35, ""name"": ""Comedy""}, {""id"": 18, ""name"": ""Drama""}, {""id"": 9648, ""name"": ""Mystery""}, {""id"": 10749, ""name"": ""Romance""}]","[{""id"": 7627, ""logo_path"": null, ""name"": ""Eurowide Film Production"", ""origin_country"": ""FR""}, {""id"": 149, ""logo_path"": null, ""name"": ""FOZ"", ""origin_country"": ""FR""}, {""id"": 65361, ""logo_path"": null, ""name"": ""Teodora Film"", ""origin_country"": ""IT""}, {""id"": 26064, ""logo_path"": ""/51tvARMVinVvdzttDRODYAUdgiY.png"", ""name"": ""BUF"", ""origin_country"": ""FR""}, {""id"": 83, ""logo_path"": ""/9OQ0rm55xtlgX7KcAKMUePJSrQc.png"", ""name"": ""France 2 Cin\u00e9ma"", ""origin_country"": ""FR""}, {""id"": 5125, ""logo_path"": ""/t3oWTsVukmEzrZzvfr37XRBibo5.png"", ""name"": ""Le Pacte"", ""origin_country"": ""FR""}, {""id"": 104, ""logo_path"": ""/9aotxauvc9685tq9pTcRJszuT06.png"", ""name"": ""Canal+"", ""origin_country"": ""FR""}, {""id"": 6301, ""logo_path"": ""/jma8ZaHq1KAzlXW3v0RswVOWSdn.png"", ""name"": ""Cin\u00e9Cin\u00e9ma"", ""origin_country"": ""FR""}, {""id"": 222984, ""logo_path"": null, ""name"": ""Coficup 3"", ""origin_country"": """"}, {""id"": 222985, ""logo_path"": null, ""name"": ""Uni \u00c9tolie 5"", ""origin_country"": """"}, {""id"": 5381, ""logo_path"": ""/m6vSpFeYtFoW1lNv5mpLHzH4eLL.png"", ""name"": ""Backup Media"", ""origin_country"": ""FR""}]","[{""iso_3166_1"": ""FR"", ""name"": ""France""}, {""iso_3166_1"": ""IT"", ""name"": ""Italy""}]","[{""english_name"": ""French"", ""iso_639_1"": ""fr"", ""name"": ""Fran\u00e7ais""}]","[""IT"", ""FR""]",null
22137,The Kingdom,Riget,"At The Kingdom, Denmark's most technologically advanced hospital, a number of strange and otherworldly events begin occurring, much to the dismay of its doctors and patients. A ghostly ambulance appears and disappears, the voice of a little girl calls to a patient in an elevator shaft, and a doctor's fetus begins growing at an alarming rate.",A baptism of fear awaits you.,Released,False,False,1994-11-24,275,1500000,0,1.1769,7.8,253,da,,,/zfXVe3dSvkR3YAp3g6E5q2R5swy.jpg,/nQ1woqbLcKjkpfEbfAEoAey6W3n.jpg,"[{""id"": 18, ""name"": ""Drama""}, {""id"": 14, ""name"": ""Fantasy""}, {""id"": 27, ""name"": ""Horror""}, {""id"": 9648, ""name"": ""Mystery""}]","[{""id"": 119, ""logo_path"": ""/1di2gITGUZr730AMuMKiCrP90Vl.png"", ""name"": ""DR"", ""origin_country"": ""DK""}, {""id"": 2999, ""logo_path"": ""/zGSqFee9aDgDuLD6vcs2mcJUem4.png"", ""name"": ""SVT"", ""origin_country"": ""SE""}]","[{""iso_3166_1"": ""DK"", ""name"": ""Denmark""}, {""iso_3166_1"": ""SE"", ""name"": ""Sweden""}]","[{""english_name"": ""Danish"", ""iso_639_1"": ""da"", ""name"": ""Dansk""}, {""english_name"": ""Swedish"", ""iso_639_1"": ""sv"", ""name"": ""svenska""}]","[""DK""]","{""id"": 205977, ""name"": ""The Kingdom"", ""poster_path"": ""/n6M8PoBGUcyo0p7esl4JGV1MQTw.jpg"", ""backdrop_path"": null}"
22140,The Kingdom II,Riget II,"The mutant fetus is born. Dr. Helmer comes under heavy scrutiny for a botched operation that left a patient braindead, and begins to dabble in the dark arts in order to ward off those seeking an end to his career. Hypochondriac Mrs. Drusse finally does have something bad happen to her medically when an ambulance hits her.",,Released,False,False,1998-07-17,280,0,0,1.4238,7.8,51,da,,tt0108906,/giq4mcpAeBduy6cPE6V1tvS6SuT.jpg,/cVovUpU6O2HtKFfg60QUK0mFa7Z.jpg,"[{""id"": 9648, ""name"": ""Mystery""}, {""id"": 14, ""name"": ""Fantasy""}, {""id"": 27, ""name"": ""Horror""}, {""id"": 35, ""name"": ""Comedy""}, {""id"": 18, ""name"": ""Drama""}]","[{""id"": 119, ""logo_path"": ""/1di2gITGUZr730AMuMKiCrP90Vl.png"", ""name"": ""DR"", ""origin_country"": ""DK""}, {""id"": 123980, ""logo_path"": null, ""name"": ""Greco"", ""origin_country"": """"}, {""id"": 11332, ""logo_path"": null, ""name"": ""La Sept-Arte"", ""origin_country"": ""FR""}, {""id"": 76, ""logo_path"": ""/nebkQYtQKhZyHJfh5v0oGpNbPzu.png"", ""name"": ""Zentropa Entertainments"", ""origin_country"": ""DK""}, {""id"": 201, ""logo_path"": ""/6UIpEURdjnmcJPwgTDRzVRuwADr.png"", ""name"": ""ARTE"", ""origin_country"": ""FR""}, {""id"": 6505, ""logo_path"": ""/tjpzIYXGAh8DXoMIzYtuuUpiqb3.png"", ""name"": ""Coproduction Office"", ""origin_country"": ""DK""}, {""id"": 118, ""logo_path"": ""/AiBorgNTCS1lT1FdFPYheax9jfF.png"", ""name"": ""Det Danske Filminstitut"", ""origin_country"": ""DK""}, {""id"": 2801, ""logo_path"": ""/bswb1PLLsKDUXMLgy42bZtCtIde.png"", ""name"": ""Film i V\u00e4st"", ""origin_country"": ""SE""}, {""id"": 11239, ""logo_path"": null, ""name"": ""Liberator Productions"", ""origin_country"": ""FR""}, {""id"": 851, ""logo_path"": ""/kieSA3GFVysJcAUXNRer06u6e5x.png"", ""name"": ""MEDIA Programme of the European Union"", ""origin_country"": ""BE""}, {""id"": 54900, ""logo_path"": ""/yCYeqZosRZFwBNJK4clARa3E4la.png"", ""name"": ""Nederlandse Omroepstichting (NOS)"", ""origin_country"": ""NL""}, {""id"": 5403, ""logo_path"": ""/fAz2WhTpoMxutBA92JqlfeHEGuz.png"", ""name"": ""Nordisk Film & TV Fond"", ""origin_country"": ""NO""}, {""id"": 109843, ""logo_path"": ""/iwkwIEXWIPApzedElW5sY8LFZSx.png"", ""name"": ""NRK"", ""origin_country"": ""NO""}, {""id"": 1583, ""logo_path"": ""/gKP4egMJOi5rksdnplfPV1wa0sd.png"", ""name"": ""RAI"", ""origin_country"": ""IT""}, {""id"": 2999, ""logo_path"": ""/zGSqFee9aDgDuLD6vcs2mcJUem4.png"", ""name"": ""SVT"", ""origin_country"": ""SE""}, {""id"": 97156, ""logo_path"": null, ""name"": ""SVT Malm\u00f6"", ""origin_country"": ""SE""}, {""id"": 221825, ""logo_path"": null, ""name"": ""TV Collaboration Fund"", ""origin_country"": """"}, {""id"": 46, ""logo_path"": ""/3xFdKHLXPGHEbrAkmsepGE8974Y.png"", ""name"": ""WDR"", ""origin_country"": ""DE""}]","[{""iso_3166_1"": ""BE"", ""name"": ""Belgium""}, {""iso_3166_1"": ""DK"", ""name"": ""Denmark""}, {""iso_3166_1"": ""FR"", ""name"": ""France""}, {""iso_3166_1"": ""DE"", ""name"": ""Germany""}, {""iso_3166_1"": ""IT"", ""name"": ""Italy""}, {""iso_3166_1"": ""NL"", ""name"": ""Netherlands""}, {""iso_3166_1"": ""NO"", ""name"": ""Norway""}, {""iso_3166_1"": ""SE"", ""name"": ""Sweden""}]","[{""english_name"": ""Danish"", ""iso_639_1"": ""da"", ""name"": ""Dansk""}, {""english_name"": ""Swedish"", ""iso_639_1"": ""sv"", ""name"": ""svenska""}]","[""DK""]","{""id"": 205977, ""name"": ""The Kingdom"", ""poster_path"": ""/n6M8PoBGUcyo0p7esl4JGV1MQTw.jpg"", ""backdrop_path"": null}"
22152,Lymelife,Lymelife,"A coming of age dramedy where infidelity, real estate, and Lyme disease have two families falling apart on Long Island in the early eighties. Scott, 15, is at the point in his life when he finds out that the most important people around him, his father, his mother, and his brother, are not exactly who he thought they were. They are flawed and they are human.",The American Dream Sucks,Released,False,False,2008-09-08,95,1500000,0,1.5636,6.083,163,en,http://www.screenmediafilms.net/lymelife,tt0363780,/jLo39N9UuiRJlL3cRytkM7BzZK5.jpg,/r92sUtYxfGTv1tAmqUwRQ0uhOGq.jpg,"[{""id"": 35, ""name"": ""Comedy""}, {""id"": 18, ""name"": ""Drama""}]","[{""id"": 23032, ""logo_path"": null, ""name"": ""Bartlett Films"", ""origin_country"": """"}, {""id"": 23033, ""logo_path"": null, ""name"": ""Cappa Defina Productions"", ""origin_country"": """"}, {""id"": 691, ""logo_path"": null, ""name"": ""Cappa Productions"", ""origin_country"": ""US""}, {""id"": 23034, ""logo_path"": null, ""name"": ""El Dorado Pictures"", ""origin_country"": ""US""}]","[{""iso_3166_1"": ""US"", ""name"": ""United States of America""}]","[{""english_name"": ""English"", ""iso_639_1"": ""en"", ""name"": ""English""}]","[""US""]",null
22154,Mosaic,Mosaic,"A break-in and murder at a New York City museum sparks an investigation by Interpol Agent Nathan Nelson. When he finds an ancient artifact, Nelson takes it home to conduct more research. A lightning storm, a pet chameleon and the artifact gives his daughter, Maggie, mystical powers to shape-shift her appearance at will which includes the ability to mimic other people and animals.",,Released,False,False,2007-01-09,72,0,0,0.8615,5.6,24,en,,tt0942896,/9bWLUjSYkrDcz0s7H4hHLkWhSix.jpg,/yghhtnzaKeQ8xVupnge2FxY9PSj.jpg,"[{""id"": 28, ""name"": ""Action""}, {""id"": 16, ""name"": ""Animation""}, {""id"": 14, ""name"": ""Fantasy""}]","[{""id"": 19, ""logo_path"": ""/2XbFiOpwgdG1P1wKLqfk2kvcTdE.png"", ""name"": ""Film Roman"", ""origin_country"": ""US""}]","[{""iso_3166_1"": ""US"", ""name"": ""United States of America""}]","[{""english_name"": ""English"", ""iso_639_1"": ""en"", ""name"": ""English""}]","[""US""]",null
22155,Fox,Fox,Fox is an edge-of-the-seat suspense thriller that moves at high speed between the bustling metropolis of Bombay and the beautiful beaches of Goa.,,Released,False,False,2009-09-04,0,0,0,0.5473,6.0,8,hi,,tt1324076,/cddhNK23HaP85IOc6TE3Zp7A389.jpg,,"[{""id"": 28, ""name"": ""Action""}, {""id"": 53, ""name"": ""Thriller""}]","[{""id"": 4046, ""logo_path"": null, ""name"": ""Tijori Entertainment"", ""origin_country"": """"}]","[{""iso_3166_1"": ""IN"", ""name"": ""India""}]","[{""english_name"": ""Hindi"", ""iso_639_1"": ""hi"", ""name"": ""\u0939\u093f\u0928\u094d\u0926\u0940""}]","[""IN""]",null
22156,The Nest,Nid de guêpes,"Laborie is a high-flying officer in the French special forces. Her mission is to escort Abedin Nexhep, a godfather of the Albanian mafia. Charged with heading a wide-reaching prostitution network, this formidable criminal is due to stand trial before a European court. During the transfer, killers hired by Nexhep set up an ambush to free their boss but Laborie and her men manage to escape...",,Released,False,False,2002-03-06,107,0,0,0.8631,6.5,146,fr,,tt0280990,/5mamCUxm8jaFVeMH7DFgrSticd5.jpg,/uCdHAMknWaR4PbSRlCqAcrN95f3.jpg,"[{""id"": 80, ""name"": ""Crime""}, {""id"": 28, ""name"": ""Action""}]","[{""id"": 171212, ""logo_path"": null, ""name"": ""Cin\u00e9mane Films"", ""origin_country"": ""FR""}, {""id"": 171211, ""logo_path"": null, ""name"": ""Carrere Group D.A."", ""origin_country"": ""FR""}, {""id"": 83, ""logo_path"": ""/9OQ0rm55xtlgX7KcAKMUePJSrQc.png"", ""name"": ""France 2 Cin\u00e9ma"", ""origin_country"": ""FR""}, {""id"": 37086, ""logo_path"": null, ""name"": ""Path\u00e9 Image"", ""origin_country"": ""FR""}, {""id"": 243809, ""logo_path"": null, ""name"": ""Embellie Productions"", ""origin_country"": ""FR""}, {""id"": 22777, ""logo_path"": null, ""name"": ""Pendrake Films"", ""origin_country"": ""FR""}]","[{""iso_3166_1"": ""FR"", ""name"": ""France""}]","[{""english_name"": ""French"", ""iso_639_1"": ""fr"", ""name"": ""Fran\u00e7ais""}]","[""FR""]",null
22157,Mohandas,Mohandas,"Meghna Sengupta, a correspondent working at a news channel in New Delhi, one day receives a videotape from a remote place in Madhya Pradesh, Anuppur. On the tape, a battered young man claims to be the real Mohandas and alleges that someone else has stolen his identity. Someone else is living as 'Mohandas'.",,Released,False,False,2009-09-04,112,0,0,0.0143,0.0,0,en,,tt1431729,,,"[{""id"": 18, ""name"": ""Drama""}]","[{""id"": 4047, ""logo_path"": null, ""name"": ""Vertika Films Pvt. Ltd."", ""origin_country"": """"}]","[{""iso_3166_1"": ""IN"", ""name"": ""India""}]","[{""english_name"": ""Hindi"", ""iso_639_1"": ""hi"", ""name"": ""\u0939\u093f\u0928\u094d\u0926\u0940""}]","[""US""]",null
22158,Chintu Ji,चिंटू जी,"Rishi 'Chintuji' Kapoor, the son of a legendary actor, decides to enter politics and go to Hadbahedi, a remote village. However, he creates havoc by misleading the villagers who trust him simply because he is famous.",,Released,False,False,2009-09-04,115,0,0,0.6111,2.8,4,hi,,tt1135931,/bKvETPlNQlvDCqeheirGknoYwa4.jpg,/ffOP04nfA0rLGCn4fRZx3kWBr43.jpg,"[{""id"": 35, ""name"": ""Comedy""}, {""id"": 18, ""name"": ""Drama""}]",[],"[{""iso_3166_1"": ""IN"", ""name"": ""India""}]","[{""english_name"": ""Hindi"", ""iso_639_1"": ""hi"", ""name"": ""\u0939\u093f\u0928\u094d\u0926\u0940""}]","[""IN""]",null
22159,Bachelor Party,Bachelor Party,A man decides to have a wild bachelor party before his marriage.,,Released,False,False,2009-09-04,108,0,0,0.2941,4.6,4,en,,tt1995257,/gjafS8tsbVzdfEIPUisf2cFS1l.jpg,/mrlYddJka6PD6SVpVlLaGIk3LKP.jpg,"[{""id"": 35, ""name"": ""Comedy""}]","[{""id"": 4048, ""logo_path"": null, ""name"": ""Globe Flimy Ent"", ""origin_country"": """"}]","[{""iso_3166_1"": ""IN"", ""name"": ""India""}]","[{""english_name"": ""Hindi"", ""iso_639_1"": ""hi"", ""name"": ""\u0939\u093f\u0928\u094d\u0926\u0940""}]","[""US""]",null
22160,Against All Odds,Against All Odds,"Having been cut from his professional football team, down-and-out athlete Terry Brogan is in desperate need of money. Crooked nightclub owner and bookie Jake Wise offers Terry a hefty sum to go to Mexico and find his girlfriend, Jessie Wyler. Terry cannot turn the offer down. When Terry locates Jessie, the two fall in love. Terry reports that he failed to find her, but Jake sends someone else. Terry and Jessie's love must endure unexpected twists.",Sometimes love is the most dangerous game of all.,Released,False,False,1984-03-02,121,0,0,2.901,5.7,239,en,,tt0086859,/Ac0m41QYoxYBfRoU4cL491vOfEv.jpg,/e04RvD1Ps5ptQ9zA3bmS3tWFkeM.jpg,"[{""id"": 80, ""name"": ""Crime""}, {""id"": 18, ""name"": ""Drama""}, {""id"": 10749, ""name"": ""Romance""}, {""id"": 53, ""name"": ""Thriller""}]","[{""id"": 5, ""logo_path"": ""/71BqEFAF4V3qjjMPCpLuyJFB9A.png"", ""name"": ""Columbia Pictures"", ""origin_country"": ""US""}, {""id"": 166897, ""logo_path"": null, ""name"": ""New Visions"", ""origin_country"": """"}, {""id"": 166898, ""logo_path"": null, ""name"": ""Columbia-Delphi Productions"", ""origin_country"": """"}]","[{""iso_3166_1"": ""US"", ""name"": ""United States of America""}]","[{""english_name"": ""English"", ""iso_639_1"": ""en"", ""name"": ""English""}]","[""US""]",null
22161,April in Love,Avril,"Avril is a novice in a convent of ""Baptistine"" sisters, a monastic order which was officially dissolved by the end of the nineteenth century but that is kept alive by Mère Marie Joseph, the sadistic superior. While Avril is on retreat, locked in for a fortnight in a chapel prior to taking her vows, Soeur Bernadette, a sympathetic sister, discloses a secret to her: she has a twin brother...",,Released,False,False,2006-06-13,96,2000000,0,0.6134,6.0,25,fr,,tt0399497,/4oW0GR3rtFmNQ4OWVh2o1Hvi9E2.jpg,/J9nLfxb9cUPLqT8jV8uAomin9P.jpg,"[{""id"": 35, ""name"": ""Comedy""}, {""id"": 18, ""name"": ""Drama""}]","[{""id"": 6937, ""logo_path"": null, ""name"": ""Dharamsala"", ""origin_country"": ""FR""}]","[{""iso_3166_1"": ""FR"", ""name"": ""France""}]","[{""english_name"": ""French"", ""iso_639_1"": ""fr"", ""name"": ""Fran\u00e7ais""}]","[""FR""]",null
22162,A Kid in Aladdin's Palace,A Kid in Aladdin's Palace,"Calvin, a young pizza delivery boy, is mistaken for the ""Great Deliverer"" by Aladdin, an eighth century genie imprisoned in a lamp. Thinking that the boy is his only hope for deliverance, the genie lures him back to the eigth century where he must join forces with Ali Baba in order to save Aladdin from the evil hands of Luxor.",The Kid is Back!,Released,False,False,1997-11-12,89,0,0,1.1396,5.2,29,en,,tt0127624,/8IqwqEwVDT569abnAfKlSirIqag.jpg,/hwZNEPIDinCin5NFWEbFwc7HApH.jpg,"[{""id"": 10751, ""name"": ""Family""}, {""id"": 12, ""name"": ""Adventure""}, {""id"": 14, ""name"": ""Fantasy""}]","[{""id"": 870, ""logo_path"": null, ""name"": ""Tapestry Films"", ""origin_country"": ""US""}, {""id"": 4063, ""logo_path"": ""/psOuT9ReSYhcBEB5ptnw7D2FdsE.png"", ""name"": ""Trimark Pictures"", ""origin_country"": ""US""}]","[{""iso_3166_1"": ""US"", ""name"": ""United States of America""}]","[{""english_name"": ""French"", ""iso_639_1"": ""fr"", ""name"": ""Fran\u00e7ais""}]","[""US""]","{""id"": 1007218, ""name"": ""A Kid in... Collection"", ""poster_path"": ""/5htXLJhnsvFRlHR68jhPQsQEP6Z.jpg"", ""backdrop_path"": ""/zI4hfQRvY7QrzHHrh4p1GKrK9YQ.jpg""}"
22164,Blood and Bone,Blood and Bone,"In Los Angeles, an ex-con takes the underground fighting world by storm in his quest to fulfill a promise to a dead friend.",Meet the last man standing.,Released,False,False,2009-02-07,93,3700000,3492,5.3813,7.3,874,en,http://www.bloodandbonemovie.com,tt0346631,/4XoqjwKhqN3GlGt0fQtcY2OhkZq.jpg,/1ecpXOwhQrMzoV3TrzqJELduQjo.jpg,"[{""id"": 28, ""name"": ""Action""}, {""id"": 80, ""name"": ""Crime""}, {""id"": 53, ""name"": ""Thriller""}, {""id"": 18, ""name"": ""Drama""}]","[{""id"": 62556, ""logo_path"": null, ""name"": ""Remarkable Films"", ""origin_country"": ""US""}, {""id"": 21899, ""logo_path"": null, ""name"": ""Michael Mailer Films"", ""origin_country"": """"}]","[{""iso_3166_1"": ""US"", ""name"": ""United States of America""}]","[{""english_name"": ""English"", ""iso_639_1"": ""en"", ""name"": ""English""}]","[""US""]",null
22165,The Bridge to Nowhere,The Bridge to Nowhere,"A group of 20-something blue-collar workers in Pittsburgh cook up a scheme to make extra money that involves prostitution. Their business takes off, then gets way out of hand.",,Released,False,False,2009-08-17,105,0,0,0.7308,4.0,26,en,,tt0973785,/hyxMeYptVoxusFuwuT7XycVgnI9.jpg,,"[{""id"": 80, ""name"": ""Crime""}, {""id"": 18, ""name"": ""Drama""}]",[],"[{""iso_3166_1"": ""US"", ""name"": ""United States of America""}]","[{""english_name"": ""English"", ""iso_639_1"": ""en"", ""name"": ""English""}]","[""US""]",null
22166,Jackers,Fast Lane,"A high-speed accident on the freeways of Los Angeles reveals a turf war between two competing car theft rings of sexy all-girl crews. Brandy Martinez, a young streetwise cop is assigned by lieutenant Baynes (Steven Bauer) to go undercover and infiltrate one of the crews. When Brandy falls for Carlo, an undercover cop also investigating the gangs, the two find themselves in the middle of a treacherous game of survival with everything exploding around them.",,Released,False,False,2011-11-18,74,5000000,0,0.3103,4.7,15,en,,tt1335992,/pk2S1wfkvD4HQp2DkGIQGdaw6Ra.jpg,/nafjEY57ezSENaxo8vPR4OkyLzy.jpg,"[{""id"": 28, ""name"": ""Action""}, {""id"": 53, ""name"": ""Thriller""}]","[{""id"": 144381, ""logo_path"": null, ""name"": ""Tristan Leostar Films"", ""origin_country"": """"}]","[{""iso_3166_1"": ""US"", ""name"": ""United States of America""}]","[{""english_name"": ""English"", ""iso_639_1"": ""en"", ""name"": ""English""}]","[""US""]",null
22167,Knightriders,Knightriders,"A medieval reenactment troupe struggles to maintain its family-like dynamic amid pressure from local authorities, interest from talent agents, and their so-called king's delusions of grandeur.",The Games... The Romance... The Spirit... Camelot is a state of mind.,Released,False,False,1981-04-10,147,3000000,0,1.6109,6.2,121,en,,tt0082622,/lawtQYZvwrjHMNkvrKWAF93tIoK.jpg,/kmZI8YxyYC0XDSEfehARUnCxAss.jpg,"[{""id"": 28, ""name"": ""Action""}, {""id"": 18, ""name"": ""Drama""}]","[{""id"": 2483, ""logo_path"": null, ""name"": ""Laurel Entertainment"", ""origin_country"": ""US""}, {""id"": 95947, ""logo_path"": null, ""name"": ""United Film Distribution Company (UFDC)"", ""origin_country"": ""US""}]","[{""iso_3166_1"": ""US"", ""name"": ""United States of America""}]","[{""english_name"": ""English"", ""iso_639_1"": ""en"", ""name"": ""English""}]","[""US""]",null
22170,"Robbie Williams - Live From Berlin, Germany / 2009","Robbie Williams - Live From Berlin, Germany / 2009","Robbie Williams performs some of his best known songs, including Angels and Feel, live at the Max-Schmeling-Halle, Berlin, Germany on 23rd October 2009.",,Released,False,False,2009-11-07,42,0,0,0.184,6.5,1,en,,,/qVhw3tDWxSZoPq4HHOj6i3wzxS7.jpg,/pwmg35dAxUdBk8OPmZVSMyYSsTv.jpg,"[{""id"": 10402, ""name"": ""Music""}]",[],[],"[{""english_name"": ""English"", ""iso_639_1"": ""en"", ""name"": ""English""}]","[""US""]",null
22171,Ms .45,Ms .45,"After being attacked and raped twice in one day, a timid, mute seamstress becomes a violent agent of revenge for wronged women.",She was abused and violated. It will never happen again!,Released,False,False,1981-04-24,81,62000,0,2.3029,6.7,394,en,,tt0082776,/9ulPP8hcBjIrWRqeXsZVjL0uX3E.jpg,/vXrZ7pyHHQGBSyfXC791b62Ouxv.jpg,"[{""id"": 80, ""name"": ""Crime""}, {""id"": 53, ""name"": ""Thriller""}, {""id"": 28, ""name"": ""Action""}]","[{""id"": 20858, ""logo_path"": null, ""name"": ""Navaron Films"", ""origin_country"": ""US""}]","[{""iso_3166_1"": ""US"", ""name"": ""United States of America""}]","[{""english_name"": ""English"", ""iso_639_1"": ""en"", ""name"": ""English""}]","[""US""]",null
22172,Street Trash,Street Trash,"A group of hobos begin melting into multicolored piles of goo after drinking sixty-year-old liquor. At the same time, the psychotic Vietnam War vet who rules the hobo camp snaps and begins killing at random. Two brothers set out to stop the liquor and the killer.",Things in New York are about to go down the toilet...,Released,False,False,1987-02-22,100,0,0,1.7525,6.1,328,en,,tt0094057,/vwy81HbDoSvccWvculRMUVY39dD.jpg,/owbWSs528xtvL2CTSi3ofMf0rfc.jpg,"[{""id"": 35, ""name"": ""Comedy""}, {""id"": 27, ""name"": ""Horror""}]","[{""id"": 16837, ""logo_path"": null, ""name"": ""Street Trash Joint Venture"", ""origin_country"": """"}]","[{""iso_3166_1"": ""US"", ""name"": ""United States of America""}]","[{""english_name"": ""English"", ""iso_639_1"": ""en"", ""name"": ""English""}]","[""US""]",null
22175,The Shortcut,The Shortcut,"When Derek moves to a new town and discovers a shortcut through the woods to his high school, he learns about a crazy old man who lives near its path: Legend has it that he abducted a group of teenagers years ago. Ignoring the warning, Derek and his friends set out to uncover the dark secret that's buried deep in the woods. But will they survive to tell it?",Some urban legends are real.,Released,False,False,2009-02-07,100,5000000,0,1.4146,4.7,139,en,,tt1243955,/wAW0WNevBmmyaN8m1QkQkWyZGW7.jpg,/jrcIMmpXsjStndWb3WJV8pqwtlB.jpg,"[{""id"": 9648, ""name"": ""Mystery""}, {""id"": 27, ""name"": ""Horror""}, {""id"": 53, ""name"": ""Thriller""}]","[{""id"": 8583, ""logo_path"": null, ""name"": ""Minds Eye Entertainment"", ""origin_country"": ""CA""}, {""id"": 243596, ""logo_path"": null, ""name"": ""Scary Madison Productions"", ""origin_country"": ""US""}]","[{""iso_3166_1"": ""US"", ""name"": ""United States of America""}]","[{""english_name"": ""English"", ""iso_639_1"": ""en"", ""name"": ""English""}]","[""US""]",null
22176,The Heart Is a Lonely Hunter,The Heart Is a Lonely Hunter,"Singer is a deaf-mute whose small world brings him in contact with a young girl, Mick, who cherishes a seemingly hopeless dream of becoming a concert pianist. At first hostile, Mick soon becomes friends with Singer, hoping to enlarge his small world. Three other central characters come to Singer for help also, each of them seeing in him a powerful force.","... and from this man who could not speak or hear, the girl heard many things.",Released,False,False,1968-07-31,123,0,0,1.6717,7.427,48,en,,tt0063050,/vOznrQ5x8IAnsY0P3T7Jz9EEGP7.jpg,/mDJd6YJJHKrSPB90bT70B4c9QQE.jpg,"[{""id"": 18, ""name"": ""Drama""}]","[{""id"": 4051, ""logo_path"": ""/cr7fvW3IZ1xQmlHTk0CHqoa038b.png"", ""name"": ""Warner Bros.-Seven Arts"", ""origin_country"": ""US""}]","[{""iso_3166_1"": ""US"", ""name"": ""United States of America""}]","[{""english_name"": ""English"", ""iso_639_1"": ""en"", ""name"": ""English""}]","[""US""]",null
22177,Autumn,Autumn,"The virus came so fast no one had time to prepare. Before the day was over, entire towns were decimated, and large cities became monumental tombs. Left with nothing but fading hope and the will to live, reclusive software consultant Michael (Dexter Fletcher) and temperamental mechanic Carl (Dickon Tolson) lead a small group of survivors into the country in hopes of riding out the coming winter. But now the decaying victims of the plague are reanimating, growing more smart and vicious with each passing day. Now, the only hope for the survival of the human race is Phillip (Carradine), a man who refused to leave the city, and has somehow avoided becoming food for the flesh-eating masses.",Silence is your savior.,Released,False,False,2009-10-24,110,0,0,0.7258,2.9,32,en,,tt1198333,/l3vNdN57edCqvbfxnNlHaQn11Ki.jpg,/mFKNCKxGqDES41XgFIY7JDMZRrH.jpg,"[{""id"": 27, ""name"": ""Horror""}, {""id"": 18, ""name"": ""Drama""}]","[{""id"": 8474, ""logo_path"": null, ""name"": ""Renegade Motion Picture"", ""origin_country"": """"}, {""id"": 8475, ""logo_path"": null, ""name"": ""Renegade Motion Picture Corporation"", ""origin_country"": """"}]","[{""iso_3166_1"": ""CA"", ""name"": ""Canada""}]","[{""english_name"": ""English"", ""iso_639_1"": ""en"", ""name"": ""English""}]","[""CA"", ""US""]",null
22178,Hangmen Also Die!,Hangmen Also Die!,"During the Nazi occupation of Czechoslovakia, surgeon Dr. Franticek Svoboda, a Czech patriot, assassinates the brutal ""Hangman of Europe"", Reichsprotektor Reinhard Heydrich, and is wounded in the process. In his attempt to escape, he is helped by history professor Stephen Novotny and his daughter Mascha.",The shot heard 'round the world!,Released,False,False,1943-04-01,134,0,0,2.1174,6.9,137,en,,tt0035966,/d9J86BpP7NLreJJ9VCbr1SDMRii.jpg,/7rL5tbuSmtpKeLAKcBTqQwmXAGj.jpg,"[{""id"": 18, ""name"": ""Drama""}, {""id"": 53, ""name"": ""Thriller""}, {""id"": 10752, ""name"": ""War""}]","[{""id"": 60, ""logo_path"": ""/4YldLvCWQL9VIAHQ2Fu3Ffkh9Si.png"", ""name"": ""United Artists"", ""origin_country"": ""US""}, {""id"": 1486, ""logo_path"": null, ""name"": ""Arnold Pressburger Films"", ""origin_country"": ""US""}]","[{""iso_3166_1"": ""US"", ""name"": ""United States of America""}]","[{""english_name"": ""English"", ""iso_639_1"": ""en"", ""name"": ""English""}, {""english_name"": ""German"", ""iso_639_1"": ""de"", ""name"": ""Deutsch""}]","[""US""]",null
22179,Aamras,Aamras,The friendship of four friends turns sour after one of them gets a love letter.,,Released,False,False,2009-09-04,0,0,0,0.3747,0.0,0,en,,tt1995245,/ufxWwn4C5mwcwHVwpubG8JFtSI2.jpg,/3ipn3dP0SDs3gVQEeWeBWgCfiQs.jpg,"[{""id"": 18, ""name"": ""Drama""}]","[{""id"": 63997, ""logo_path"": ""/9uKga6AVuuGzVszeQgjqVYdqWw9.png"", ""name"": ""PVR Inox Pictures"", ""origin_country"": ""IN""}]","[{""iso_3166_1"": ""IN"", ""name"": ""India""}]","[{""english_name"": ""Hindi"", ""iso_639_1"": ""hi"", ""name"": ""\u0939\u093f\u0928\u094d\u0926\u0940""}]","[""US""]",null
22181,Original Skateboards - Western Sessions,Original Skateboards - Western Sessions,"The Longboard Mini-Series; ""Western Sessions"" chronicles three friends, 12 longboards and one very small but fast VW R32 on a journey across 17 states and three mountain ranges in search of the best longboard locations in the United States.",,Released,False,False,2008-11-04,52,0,0,0.0521,0.0,0,en,https://originalskateboards.com,,,,"[{""id"": 99, ""name"": ""Documentary""}]","[{""id"": 100661, ""logo_path"": null, ""name"": ""original skateboards"", ""origin_country"": """"}]","[{""iso_3166_1"": ""US"", ""name"": ""United States of America""}]","[{""english_name"": ""English"", ""iso_639_1"": ""en"", ""name"": ""English""}]","[""US""]",null
22182,Lessons in Chocolate,Lessons in Chocolate,"Mattia, a building contractor on a promising career path, is about to close the biggest deal of his professional life, when his illegally-hired worker Kamal falls off some scaffolding, suffers a severe break and threatens to sue and press charges against Mattia unless... Unless Mattia takes his place in an advanced course for pastry makers! This is the reason Kamal came to Italy from his native Egypt and that will allow him to realize his dream of opening his own pastry shop... Mattia has no choice but to take Kamal’s place in the school and pretend to be him. Among laughs and mouth-watering recipes, Mattia will discover a way to bring his and Kamal's disparate cultures together.",,Released,False,False,2007-11-23,99,0,0,0.3953,5.9,203,en,http://www.lezionidicioccolato.com,tt1065305,/hc8slQloUKloVbUnGdRZk4CVd7p.jpg,/pwM1KLIT5SKHvcX1gJNJGkT4xGw.jpg,"[{""id"": 35, ""name"": ""Comedy""}]","[{""id"": 10102, ""logo_path"": ""/hdJq0LbqmBx6FJqnfTtfqvAsAkV.png"", ""name"": ""Cattleya"", ""origin_country"": ""IT""}]","[{""iso_3166_1"": ""IT"", ""name"": ""Italy""}]","[{""english_name"": ""Italian"", ""iso_639_1"": ""it"", ""name"": ""Italiano""}]","[""US""]","{""id"": 298187, ""name"": ""Lezioni di Cioccolato Collection"", ""poster_path"": ""/zAy8CZVf0lAyka6Wyuc0MK0ySud.jpg"", ""backdrop_path"": ""/mAvooB2bIuEtshkcNWUCZv3ysy.jpg""}"
22183,Angelique and the King,Angélique et le Roy,"Soon after her latest husband death, the King himself (Louis XIV) meets with our heroine and begs her to help convince the Persian Ambassador to agree to a treaty. However, what they didn't realize was that the handsome Persian was in fact a sexual sadist. So, it is up to the King's half- brother, some Hungarian prince, to save Angélique from the evil troll's clutches.",The dazzling mistress of rogues and royalty gambles her beauty for the favor of the most elegant Libertine in all of France - Louis XIV himself.,Released,False,False,1966-01-31,100,0,52800000,1.7099,6.5,138,fr,,tt0058909,/AtrK32Qdu7oaPqBiN7tGo1BhkJL.jpg,/zN1ICWg3iMimwWJm8g05qcgolcL.jpg,"[{""id"": 12, ""name"": ""Adventure""}, {""id"": 36, ""name"": ""History""}, {""id"": 10749, ""name"": ""Romance""}]","[{""id"": 12956, ""logo_path"": null, ""name"": ""Les Films Borderie"", ""origin_country"": ""FR""}, {""id"": 144, ""logo_path"": null, ""name"": ""Fono Roma"", ""origin_country"": ""IT""}, {""id"": 168396, ""logo_path"": null, ""name"": ""Francos Films"", ""origin_country"": """"}]","[{""iso_3166_1"": ""FR"", ""name"": ""France""}, {""iso_3166_1"": ""IT"", ""name"": ""Italy""}, {""iso_3166_1"": ""DE"", ""name"": ""Germany""}]","[{""english_name"": ""French"", ""iso_639_1"": ""fr"", ""name"": ""Fran\u00e7ais""}]","[""FR""]","{""id"": 91813, ""name"": ""Angelique Collection"", ""poster_path"": ""/7rdIKhxZjBtvoczIRzrZ6vrjPZU.jpg"", ""backdrop_path"": ""/ceXLA4k0yVyPocCSoDe7Qwq3TNL.jpg""}"
22187,The Wild Dog Dingo,Дикая собака Динго,"Things take an interesting turn for Tanya and her mother when her father arrives with his foster son Kolya and new wife. This film is about Kolya and Tanya's bright, pure and bitter first love.",,Released,False,False,1962-10-15,97,0,0,0.5575,6.0,12,ru,,tt0167896,/nzgjjjonOGSw74WkgjUedJ3vRR7.jpg,/mtmTtIpC6AohfsRY3N6CzJa5Yno.jpg,"[{""id"": 10751, ""name"": ""Family""}, {""id"": 10749, ""name"": ""Romance""}, {""id"": 18, ""name"": ""Drama""}]","[{""id"": 10845, ""logo_path"": ""/8qh5BEyKYOQ0e81LPbvWHQvyOy5.png"", ""name"": ""Lenfilm"", ""origin_country"": ""SU""}]","[{""iso_3166_1"": ""SU"", ""name"": ""Soviet Union""}]","[{""english_name"": ""Russian"", ""iso_639_1"": ""ru"", ""name"": ""P\u0443\u0441\u0441\u043a\u0438\u0439""}]","[""SU""]",null
22188,Animusic,Animusic,"Animusic draws you into its reality like no place you have ever been. You encounter new dimensions of sight and sound as you experience seven unique visual concerts. From the robotic laser-precision of Future Retro and rapid-fire ball bearings of Pipe Dream to the serene acoustic beauty of Aqua Harp, each animation is an intricate melding of music and visuals.",A Computer Animated Video Album,Released,False,True,2001-06-23,33,0,0,0.0861,6.9,16,en,http://www.animusic.com,tt0436071,/nYmQ7aBZF7YVThagJgDQk8KohqY.jpg,/zNZQCzq0PhA2uDOHFscJrSxYxuN.jpg,"[{""id"": 16, ""name"": ""Animation""}, {""id"": 10402, ""name"": ""Music""}, {""id"": 10751, ""name"": ""Family""}]","[{""id"": 161095, ""logo_path"": ""/A4j2XOW7wG0Ip2yN8jdfEF9OgVU.png"", ""name"": ""Animusic, LLC"", ""origin_country"": ""US""}]","[{""iso_3166_1"": ""US"", ""name"": ""United States of America""}]","[{""english_name"": ""English"", ""iso_639_1"": ""en"", ""name"": ""English""}]","[""US""]",null
22189,Havana,Havana,"During the revolution, a high-stakes gambler arrives in Cuba seeking to win big in poker games. Along the way, he meets and falls in love with the wife of a Communist revolutionary.",A gambler who trusted no one. A woman who risked everything. And a passion that brought them together in the most dangerous city in the world.,Released,False,False,1990-12-11,144,40000000,9243140,1.9353,5.8,160,en,,tt0099747,/7R7p63t7aQ7I6OHPgJDwD68PRLj.jpg,/bLqwSi2rAcm05XjsbWieOh3zKOh.jpg,"[{""id"": 18, ""name"": ""Drama""}, {""id"": 10749, ""name"": ""Romance""}]","[{""id"": 33, ""logo_path"": ""/8lvHyhjr8oUKOOy2dKXoALWKdp0.png"", ""name"": ""Universal Pictures"", ""origin_country"": ""US""}, {""id"": 932, ""logo_path"": ""/o7leiZVIDBHxODfK8pjGPV2SdMp.png"", ""name"": ""Mirage Enterprises"", ""origin_country"": ""US""}]","[{""iso_3166_1"": ""US"", ""name"": ""United States of America""}]","[{""english_name"": ""English"", ""iso_639_1"": ""en"", ""name"": ""English""}, {""english_name"": ""Spanish"", ""iso_639_1"": ""es"", ""name"": ""Espa\u00f1ol""}]","[""US""]",null
22191,Animusic 2,Animusic 2,Animusic draws you into its reality like no place you have ever been. You encounter new dimensions of sight and sound as you experience seven unique visual concerts,A New Computer Animation Video Album,Released,False,True,2005-11-19,30,0,0,0.0327,6.8,13,en,https://www.animusic.com/,tt1518189,/1toSMETuoVVncIBFnbaVxRUgSx9.jpg,/l0Xyf5LmC3QGszrxmvcKtZrxuKp.jpg,"[{""id"": 16, ""name"": ""Animation""}, {""id"": 10402, ""name"": ""Music""}, {""id"": 10751, ""name"": ""Family""}]","[{""id"": 161095, ""logo_path"": ""/A4j2XOW7wG0Ip2yN8jdfEF9OgVU.png"", ""name"": ""Animusic, LLC"", ""origin_country"": ""US""}]","[{""iso_3166_1"": ""US"", ""name"": ""United States of America""}]","[{""english_name"": ""English"", ""iso_639_1"": ""en"", ""name"": ""English""}]","[""US""]",null
22192,The Jönsson Gang Turns Up Again,Jönssonligan dyker upp igen,"As always, Sickan has come up with a new plan. This time he wants to rob the IKEA furniture store. During their nightly break-in Sickan discovers that the store is used as a secret smuggling central for sending American computers to the Soviet Union. The computers are picked up by Soviet submarines sneaking into the Swedish archipelago. Naturally, it is their arch enemy Wall-Enberg who is behind all of this.",,Released,False,False,1986-10-24,88,0,0,0.6278,6.046,65,sv,,tt0091314,/zz2lW37nwwl7wGBq7m9g85Q9jXx.jpg,/a45PIfrFjvtEgV8ZjyHHdgrzpGH.jpg,"[{""id"": 80, ""name"": ""Crime""}, {""id"": 35, ""name"": ""Comedy""}]","[{""id"": 6181, ""logo_path"": ""/gYyww91VI1jdH89xpZgFFc8zN3F.png"", ""name"": ""SF Studios"", ""origin_country"": ""SE""}, {""id"": 235, ""logo_path"": ""/obOynoztBEhDNfHsDXBqOuQLAZk.png"", ""name"": ""Nordisk Film Denmark"", ""origin_country"": ""DK""}]","[{""iso_3166_1"": ""DK"", ""name"": ""Denmark""}, {""iso_3166_1"": ""SE"", ""name"": ""Sweden""}]","[{""english_name"": ""Russian"", ""iso_639_1"": ""ru"", ""name"": ""P\u0443\u0441\u0441\u043a\u0438\u0439""}, {""english_name"": ""Swedish"", ""iso_639_1"": ""sv"", ""name"": ""svenska""}]","[""DK"", ""SE""]","{""id"": 63170, ""name"": ""J\u00f6nsson Gang Collection"", ""poster_path"": ""/dqYiTY0ctZEsckX8sfF2x3lekFV.jpg"", ""backdrop_path"": ""/jL9sAZ1p5EQuMKhFqJpgbdntefw.jpg""}"
22193,"All's Well, End's Well 2009",家有囍事2009,"Kei's eldest sister Sandra is a hot-tempered magazine editor and her temperament has left her single all this while. One of the family rules is that none of the siblings could get married before their eldest sister. Kei seeks help from the famous Casanova, Koo Chai, to pretend to court his eldest sister and lure her into the mood of love.",,Released,False,False,2009-01-22,95,0,0,2.6535,5.0,22,cn,,tt1305854,/j9pciEIo81q2FjOxrGB31qzLB9R.jpg,/6Nmjqx1bUQG5G6AWZDP5d3OpFCU.jpg,"[{""id"": 35, ""name"": ""Comedy""}, {""id"": 10749, ""name"": ""Romance""}]","[{""id"": 4053, ""logo_path"": null, ""name"": ""Enlight Pictures"", ""origin_country"": ""CN""}, {""id"": 4054, ""logo_path"": ""/3FRmZA2Mizdncwk8pqgy27xXjhP.png"", ""name"": ""Mandarin Films"", ""origin_country"": ""HK""}]","[{""iso_3166_1"": ""HK"", ""name"": ""Hong Kong""}]","[{""english_name"": ""Cantonese"", ""iso_639_1"": ""cn"", ""name"": ""\u5e7f\u5dde\u8bdd / \u5ee3\u5dde\u8a71""}, {""english_name"": ""Mandarin"", ""iso_639_1"": ""zh"", ""name"": ""\u666e\u901a\u8bdd""}]","[""HK""]","{""id"": 725154, ""name"": ""All's Well, End's Well Collection"", ""poster_path"": ""/77FuIp2fg7yACeQFWpM9NeU9t2z.jpg"", ""backdrop_path"": ""/A2oJHjZQTSS6Uuy2Jf0kpTin9KO.jpg""}"
22194,Possessed,Besat,A stranger arrives in Copenhagen from a plane from Romania. Shortly after the power is lost in the whole city.,,Released,False,False,1999-06-25,96,0,0,0.6986,4.7,15,da,,tt0193763,/rwEFNW4suBdJ141vUs3uoo7iA7V.jpg,,"[{""id"": 27, ""name"": ""Horror""}]",[],"[{""iso_3166_1"": ""DK"", ""name"": ""Denmark""}, {""iso_3166_1"": ""RO"", ""name"": ""Romania""}]","[{""english_name"": ""Danish"", ""iso_639_1"": ""da"", ""name"": ""Dansk""}]","[""DK""]",null
22195,Getting Hurt,Getting Hurt,"The safe, secure, boring life of Charlie Cross, a wealthy, successful solicitor is irretrievably shattered when he embarks on an illicit, passionate affair with the beautiful, mysterious Viola whom he meets one evening whilst investigating the background of her husband, Edgar Bosco.",,Released,False,False,1998-03-08,105,0,0,0.7157,2.7,3,en,,tt0138466,,,"[{""id"": 53, ""name"": ""Thriller""}, {""id"": 80, ""name"": ""Crime""}]","[{""id"": 288, ""logo_path"": ""/aW0IpM9d4Zjj978EqgDVSxXXhTj.png"", ""name"": ""BBC Film"", ""origin_country"": ""GB""}]","[{""iso_3166_1"": ""GB"", ""name"": ""United Kingdom""}]",[],"[""GB""]",null
22199,UFC 103: Franklin vs. Belfort,UFC 103: Franklin vs. Belfort,"UFC 103: Franklin vs. Belfort was a mixed martial arts event held by the Ultimate Fighting Championship (UFC) on September 19, 2009 in Dallas at the American Airlines Center.",,Released,False,True,2009-09-19,180,0,2400000,0.3775,6.1,6,en,,tt1517801,/2NJ2XSCVoBcu5Zm4fwBnPvLHPCF.jpg,,[],[],"[{""iso_3166_1"": ""US"", ""name"": ""United States of America""}]","[{""english_name"": ""English"", ""iso_639_1"": ""en"", ""name"": ""English""}]","[""US""]",null
22200,Once Upon a Time in the Midlands,Once Upon a Time in the Midlands,"Dek, a decent but somewhat dull man, enjoys a happy existence with beloved girlfriend Shirley. They live together with her 12-year-old, Marlene: her daughter by the delinquent Jimmy, who flew the coop years ago and hasn't been heard from since. Dek loves Shirley so much that he proposes to her on national television.",,Released,False,False,2002-09-06,104,0,0,1.1192,6.14,57,en,,tt0301684,/z4w08dm44L650QCegJQML4AyFTJ.jpg,/hD4Ok3fWe9gpGQlunPcCOO79Hlq.jpg,"[{""id"": 10749, ""name"": ""Romance""}, {""id"": 35, ""name"": ""Comedy""}, {""id"": 18, ""name"": ""Drama""}]","[{""id"": 191, ""logo_path"": ""/5Cz9SVf733VhCvKpaivl1jlAXAK.png"", ""name"": ""Senator Film"", ""origin_country"": ""DE""}, {""id"": 1917, ""logo_path"": null, ""name"": ""EM Media"", ""origin_country"": ""GB""}, {""id"": 3519, ""logo_path"": null, ""name"": ""Big Arty Productions"", ""origin_country"": ""GB""}, {""id"": 6705, ""logo_path"": ""/iNB1FCwT4XjO6wkN3PnpPnwr9GX.png"", ""name"": ""Film4 Productions"", ""origin_country"": ""GB""}]","[{""iso_3166_1"": ""GB"", ""name"": ""United Kingdom""}]","[{""english_name"": ""English"", ""iso_639_1"": ""en"", ""name"": ""English""}]","[""GB""]",null
22201,Gunfight at the O.K. Corral,Gunfight at the O.K. Corral,Lawman Wyatt Earp and outlaw Doc Holliday form an unlikely alliance which culminates in their participation in the legendary Gunfight at the O.K. Corral.,The Wildest Gunfight in the History of the West!,Released,False,False,1957-05-30,122,0,11750000,3.5025,7.011,373,en,,tt0050468,/71AQUFbw49ALCNtKZ69flFmbRhF.jpg,/n4Ec7koHqqFKz0fC7vIitNxxqwi.jpg,"[{""id"": 37, ""name"": ""Western""}, {""id"": 18, ""name"": ""Drama""}]","[{""id"": 87385, ""logo_path"": null, ""name"": ""Wallis-Hazen Inc."", ""origin_country"": ""US""}, {""id"": 3468, ""logo_path"": null, ""name"": ""Hal Wallis Productions"", ""origin_country"": ""US""}, {""id"": 4, ""logo_path"": ""/jay6WcMgagAklUt7i9Euwj1pzTF.png"", ""name"": ""Paramount Pictures"", ""origin_country"": ""US""}]","[{""iso_3166_1"": ""US"", ""name"": ""United States of America""}]","[{""english_name"": ""English"", ""iso_639_1"": ""en"", ""name"": ""English""}]","[""US""]",null
22213,Boiling Point,Boiling Point,"Red is an aging scam-artist who's just been released from prison together with Ronnie, a young and not-so-bright hoodlum who is easily manipulated. Their new business is to organize fake-money sales and then kill the buyer to take his money; but when Ronnie kills an undercover secret service agent, his partner Jimmy Mercer vows revenge and is given one week to catch the killers before being transferred.",He's a cop who reached the Boiling Point.,Released,False,False,1993-04-16,92,9000000,10058318,1.6808,4.9,129,en,,tt0106455,/rmCgFzCnqoPRtm1zXTxKzV8yUJV.jpg,/4Jj5I8qmnNndscSCjHSXo19QUcf.jpg,"[{""id"": 18, ""name"": ""Drama""}, {""id"": 28, ""name"": ""Action""}, {""id"": 80, ""name"": ""Crime""}, {""id"": 53, ""name"": ""Thriller""}]","[{""id"": 174, ""logo_path"": ""/zhD3hhtKB5qyv7ZeL4uLpNxgMVU.png"", ""name"": ""Warner Bros. Pictures"", ""origin_country"": ""US""}, {""id"": 219550, ""logo_path"": null, ""name"": ""Hexagon Films"", ""origin_country"": """"}]","[{""iso_3166_1"": ""US"", ""name"": ""United States of America""}]","[{""english_name"": ""English"", ""iso_639_1"": ""en"", ""name"": ""English""}]","[""US""]",null
22215,Chéri,Chéri,The son of a courtesan retreats into a fantasy world after being forced to end his relationship with the older woman who educated him in the ways of love.,Indulge in a wicked game of seduction,Released,False,False,2009-04-08,86,23000000,9400000,2.1789,6.1,225,en,,tt1179258,/b35rv11ebJdqCe5chVmSUZ0RIlX.jpg,/xaHEopBVf5BZCrHiSdzvYgA3vdj.jpg,"[{""id"": 18, ""name"": ""Drama""}, {""id"": 35, ""name"": ""Comedy""}, {""id"": 10749, ""name"": ""Romance""}]","[{""id"": 7058, ""logo_path"": null, ""name"": ""Bill Kenwright Films"", ""origin_country"": """"}, {""id"": 236334, ""logo_path"": null, ""name"": ""Tiggy Films"", ""origin_country"": """"}, {""id"": 7981, ""logo_path"": ""/6Yv1gIAuGkHS5Vis4UjnqHhCPWV.png"", ""name"": ""Path\u00e9"", ""origin_country"": ""FR""}, {""id"": 236335, ""logo_path"": null, ""name"": ""MMC Studios"", ""origin_country"": """"}, {""id"": 128724, ""logo_path"": null, ""name"": ""BKL Films"", ""origin_country"": """"}, {""id"": 3272, ""logo_path"": null, ""name"": ""Aramid Entertainment"", ""origin_country"": ""GB""}]","[{""iso_3166_1"": ""FR"", ""name"": ""France""}, {""iso_3166_1"": ""DE"", ""name"": ""Germany""}, {""iso_3166_1"": ""GB"", ""name"": ""United Kingdom""}]","[{""english_name"": ""English"", ""iso_639_1"": ""en"", ""name"": ""English""}, {""english_name"": ""French"", ""iso_639_1"": ""fr"", ""name"": ""Fran\u00e7ais""}, {""english_name"": ""Italian"", ""iso_639_1"": ""it"", ""name"": ""Italiano""}, {""english_name"": ""Latin"", ""iso_639_1"": ""la"", ""name"": ""Latin""}]","[""GB""]",null
22216,Fraternity House,Fraternity House,"On the last day of college, graduating seniors Jake and Evan don't want to give up their party life just yet. They have one last day to figure out how to stay on campus for a fifth year. With help from 8th year senior and fraternity legend Greg ""Fossil"" Karanowski they find themselves getting into more and more trouble.",,Released,False,False,2008-10-24,82,0,0,0.4625,2.9,22,en,,tt1087522,/nsYTY4zRUFPqMvvEys6wIn0zvy0.jpg,/mD8ioFoB4fHhQQs1YkD9tNgYx0e.jpg,"[{""id"": 35, ""name"": ""Comedy""}]","[{""id"": 4055, ""logo_path"": null, ""name"": ""Alpha Theta Chi Films"", ""origin_country"": """"}]","[{""iso_3166_1"": ""US"", ""name"": ""United States of America""}]","[{""english_name"": ""English"", ""iso_639_1"": ""en"", ""name"": ""English""}]","[""US""]",null
22230,Happy Accidents,Happy Accidents,"A comedy that pays tribute to the science fiction genre -- specifically, the sub-genre of time travel. But here the alternate reality is contemporary New York City where past and future experiences of trust, commitment and denial are cleverly put to the test. Just as Ruby is beginning to relish her first-ever healthy relationship, Sam begins muttering about being a time traveler from the year 2470.",Sometimes the future is better than it used to be.,Released,False,False,2000-01-25,110,0,688510,1.3696,6.795,140,en,,tt0208196,/ihDJpDbKpVjxx9bzo9i6MdhS5dm.jpg,/ntqhyDlewGL3ZgG53AOoecaImdR.jpg,"[{""id"": 35, ""name"": ""Comedy""}, {""id"": 10749, ""name"": ""Romance""}, {""id"": 878, ""name"": ""Science Fiction""}]","[{""id"": 26468, ""logo_path"": ""/d6FzZaLRy1Lbmj0ySIQ5dCpN0rp.png"", ""name"": ""IFC Productions"", ""origin_country"": ""US""}, {""id"": 246363, ""logo_path"": null, ""name"": ""Accidental Productions"", ""origin_country"": """"}]","[{""iso_3166_1"": ""US"", ""name"": ""United States of America""}]","[{""english_name"": ""English"", ""iso_639_1"": ""en"", ""name"": ""English""}]","[""US""]",null
22233,The Thrill of It All,The Thrill of It All,A housewife's sudden rise to fame as a soap spokesperson leads to chaos in her home life.,She's hoping he's ready. He's wishing she's willing.,Released,False,False,1963-07-17,108,0,0,2.5405,7.1,82,en,,tt0057581,/eza4PZbDuLcQHEefdN9lQ4vzLw5.jpg,/Aaj718ddBiRCvA0biKrBG0YOLTf.jpg,"[{""id"": 35, ""name"": ""Comedy""}, {""id"": 10749, ""name"": ""Romance""}]","[{""id"": 1830, ""logo_path"": null, ""name"": ""Ross Hunter Productions"", ""origin_country"": ""US""}, {""id"": 1823, ""logo_path"": null, ""name"": ""Arwin Productions"", ""origin_country"": """"}]","[{""iso_3166_1"": ""US"", ""name"": ""United States of America""}]","[{""english_name"": ""English"", ""iso_639_1"": ""en"", ""name"": ""English""}]","[""US""]",null
22236,Chok Dee: The Kickboxer,Chok-Dee,Dida Diafat plays himself in this story based around his thai boxing career.,,Released,False,False,2005-02-16,105,0,812120,0.8332,5.3,20,fr,,tt0402102,/3vndMgKR6O6ZBCiki9huWdPNSoT.jpg,/2GsiN4XEnSdqTbLvltfLTiYXYXH.jpg,"[{""id"": 18, ""name"": ""Drama""}, {""id"": 28, ""name"": ""Action""}]","[{""id"": 24463, ""logo_path"": null, ""name"": ""Siam Movies"", ""origin_country"": ""TH""}, {""id"": 2359, ""logo_path"": null, ""name"": ""St\u00e9phan Films"", ""origin_country"": ""FR""}, {""id"": 22763, ""logo_path"": null, ""name"": ""T\u00e9l\u00e9graphe"", ""origin_country"": """"}, {""id"": 83, ""logo_path"": ""/9OQ0rm55xtlgX7KcAKMUePJSrQc.png"", ""name"": ""France 2 Cin\u00e9ma"", ""origin_country"": ""FR""}, {""id"": 6301, ""logo_path"": ""/jma8ZaHq1KAzlXW3v0RswVOWSdn.png"", ""name"": ""Cin\u00e9Cin\u00e9ma"", ""origin_country"": ""FR""}, {""id"": 104, ""logo_path"": ""/9aotxauvc9685tq9pTcRJszuT06.png"", ""name"": ""Canal+"", ""origin_country"": ""FR""}]","[{""iso_3166_1"": ""FR"", ""name"": ""France""}]","[{""english_name"": ""English"", ""iso_639_1"": ""en"", ""name"": ""English""}, {""english_name"": ""French"", ""iso_639_1"": ""fr"", ""name"": ""Fran\u00e7ais""}, {""english_name"": ""Thai"", ""iso_639_1"": ""th"", ""name"": ""\u0e20\u0e32\u0e29\u0e32\u0e44\u0e17\u0e22""}]","[""FR""]",null
22238,The Syrian Bride,הכלה הסורית,"In Majdal Shams, the largest Druze village in Golan Heights on the Israeli-Syrian border, the Druze bride Mona is engaged to get married with Tallel, a television comedian that works in the Revolution Studios in Damascus, Syria. They have never met each other because of the occupation of the area by Israel since 1967; when Mona moves to Syria, she will lose her undefined nationality and will never be allowed to return home. Mona's father Hammed is a political activist pro-Syria that is on probation by the Israeli government. His older son Hatten married a Russian woman eight years ago and was banished from Majdal Shams by the religious leaders and his father. His brother Marwan is a wolf trader that lives in Italy. His sister Amal has two teenager daughters and has the intention to join the university, but her marriage with Amin is in crisis. When the family gathers for Mona's wedding, an insane bureaucracy jeopardizes the ceremony.",,Released,False,False,2004-11-11,97,0,0,0.9682,6.6,49,he,,tt0423310,/utTi2nN47xzt4SUmTUQzVXGuAlu.jpg,/vFLekZuWMx6SwwDCqVrC1qlErTM.jpg,"[{""id"": 18, ""name"": ""Drama""}]","[{""id"": 10793, ""logo_path"": null, ""name"": ""France Cin\u00e9ma Productions"", ""origin_country"": ""FR""}, {""id"": 79929, ""logo_path"": ""/mKRlYiUgW8SH8chgnQdEajbu3y1.png"", ""name"": ""Neue Impuls Film"", ""origin_country"": ""DE""}, {""id"": 393, ""logo_path"": ""/5lf9uTroyzjNDOyu86qWV0eqIPc.png"", ""name"": ""MACT Productions"", ""origin_country"": ""FR""}, {""id"": 2167, ""logo_path"": null, ""name"": ""Eran Riklis Productions"", ""origin_country"": ""IL""}]","[{""iso_3166_1"": ""FR"", ""name"": ""France""}, {""iso_3166_1"": ""DE"", ""name"": ""Germany""}, {""iso_3166_1"": ""IL"", ""name"": ""Israel""}]","[{""english_name"": ""Russian"", ""iso_639_1"": ""ru"", ""name"": ""P\u0443\u0441\u0441\u043a\u0438\u0439""}, {""english_name"": ""Hebrew"", ""iso_639_1"": ""he"", ""name"": ""\u05e2\u05b4\u05d1\u05b0\u05e8\u05b4\u05d9\u05ea""}, {""english_name"": ""Arabic"", ""iso_639_1"": ""ar"", ""name"": ""\u0627\u0644\u0639\u0631\u0628\u064a\u0629""}]","[""IL""]",null
22240,My New Partner II,Ripoux contre Ripoux,"The partners are back and are in a tight spot! Francois is going through a moral crisis, and Rene is experiencing the same. But, honesty is not always the best policy. After being suspended for their actions, they return to face their far more crooked replacements.",,Released,False,False,1990-02-07,107,0,0,0.8066,6.0,163,fr,,tt0100496,/exiz9yOOHEjdjo36x3Ic4YMSgc8.jpg,/6KxrK6I1qSHiIui5p8eSyvxo0TR.jpg,"[{""id"": 28, ""name"": ""Action""}, {""id"": 35, ""name"": ""Comedy""}]","[{""id"": 8158, ""logo_path"": null, ""name"": ""Films 7"", ""origin_country"": """"}, {""id"": 354, ""logo_path"": null, ""name"": ""Orly Films"", ""origin_country"": ""FR""}, {""id"": 10897, ""logo_path"": null, ""name"": ""S\u00e9dif Productions"", ""origin_country"": ""FR""}, {""id"": 356, ""logo_path"": ""/9tW5wZEGotn1Ei5pErA88m47XiD.png"", ""name"": ""TF1 Films Production"", ""origin_country"": ""FR""}]","[{""iso_3166_1"": ""FR"", ""name"": ""France""}]","[{""english_name"": ""French"", ""iso_639_1"": ""fr"", ""name"": ""Fran\u00e7ais""}]","[""FR""]","{""id"": 238448, ""name"": ""My New Partner Collection"", ""poster_path"": ""/ke1p1REI3PYBvoD0waoCOQBhkGa.jpg"", ""backdrop_path"": ""/nxx8zQCbyYP0288TCGeIHHnBHk1.jpg""}"
22241,Firaaq,फ़िराक,"Firaaq is an Urdu word that means both separation and quest. The film is a work of fiction, based on a thousand stories. The story is set over a 24-hour period, one month after a campaign that took place in Gujarat, India, in 2002. It traces the emotional journey of ordinary people- some who were victims, some perpetrators and some who choose to watch silently.",,Released,False,False,2009-03-20,101,0,0,0.9346,6.147,17,hi,,tt1263679,/6p7eoDgHughtjhr2O3Akkbt1165.jpg,/ig4YEivtgePAKLms4bEzuR475m4.jpg,"[{""id"": 18, ""name"": ""Drama""}]","[{""id"": 1841, ""logo_path"": null, ""name"": ""Percept Picture Company"", ""origin_country"": ""IN""}]","[{""iso_3166_1"": ""IN"", ""name"": ""India""}]","[{""english_name"": ""Hindi"", ""iso_639_1"": ""hi"", ""name"": ""\u0939\u093f\u0928\u094d\u0926\u0940""}]","[""IN""]",null
22242,Dirty Deeds,Dirty Deeds,"Set in 1960s Sydney, this is the story of an Australian gangster whose booming business, buoyed by the influx of U.S. soldiers in town for R&R during their tours in Vietnam, attracts the attention of first the Chicago mafia, and then their East Coast competitors.",,Released,False,False,2002-07-18,98,0,0,1.2626,5.456,41,en,,tt0280605,/4nM2AlzAoRzxlBRP5OoalpPbujQ.jpg,/xYPvwq7XMQ28zbissZHVigFJZ2J.jpg,"[{""id"": 80, ""name"": ""Crime""}, {""id"": 35, ""name"": ""Comedy""}, {""id"": 18, ""name"": ""Drama""}, {""id"": 53, ""name"": ""Thriller""}]","[{""id"": 1380, ""logo_path"": ""/y4JH9ncZJAFJGYWK84k1dmXnsw0.png"", ""name"": ""Australian Film Finance Corporation"", ""origin_country"": ""AU""}, {""id"": 178282, ""logo_path"": null, ""name"": ""Haystack Productions"", ""origin_country"": ""GB""}, {""id"": 22529, ""logo_path"": null, ""name"": ""New Town Films Pty. Ltd."", ""origin_country"": """"}, {""id"": 40235, ""logo_path"": ""/kb0Q2oDbXqaoph1ynkqc6FmYpIr.png"", ""name"": ""Nine Network Australia"", ""origin_country"": ""AU""}, {""id"": 418, ""logo_path"": null, ""name"": ""New South Wales Film & Television Office"", ""origin_country"": ""AU""}]","[{""iso_3166_1"": ""AU"", ""name"": ""Australia""}, {""iso_3166_1"": ""CA"", ""name"": ""Canada""}]","[{""english_name"": ""English"", ""iso_639_1"": ""en"", ""name"": ""English""}]","[""US""]",null
22243,Davids bog,Davids bog,Henrik helps his uncle clear out a rich man's villa after the owner went bankrupt and committed siucide. During the clearance he finds a book that gives minute details of perfect crimes.,,Released,False,False,1996-01-01,53,0,0,0.5067,7.0,1,da,,tt0116038,/d6JwYqatjwWwIhHLQvlAtsITmqU.jpg,,"[{""id"": 28, ""name"": ""Action""}, {""id"": 35, ""name"": ""Comedy""}, {""id"": 53, ""name"": ""Thriller""}]","[{""id"": 1789, ""logo_path"": null, ""name"": ""M&M Productions"", ""origin_country"": ""DK""}]","[{""iso_3166_1"": ""DK"", ""name"": ""Denmark""}]","[{""english_name"": ""Danish"", ""iso_639_1"": ""da"", ""name"": ""Dansk""}]","[""DK""]",null
22244,Society,Society,Bill Whitney is worried that he is different to his sister and parents. They mix with other upper-class people while Bill is more down to earth. Even his girlfriend seems a bit odd. All is revealed when Bill returns home to find a party in full swing.,"The rich have always fed off the poor. This time, it's for real.",Released,False,False,1989-05-13,100,0,0,2.9535,6.686,617,en,,tt0098354,/8Yg51sD6loLBYIlUcMDCO0bUGSh.jpg,/cIpD6PGtCRG3ynaaBWZmf5cw8C5.jpg,"[{""id"": 35, ""name"": ""Comedy""}, {""id"": 27, ""name"": ""Horror""}, {""id"": 9648, ""name"": ""Mystery""}]","[{""id"": 4064, ""logo_path"": null, ""name"": ""Society Productions"", ""origin_country"": """"}, {""id"": 4065, ""logo_path"": null, ""name"": ""Wild Street Pictures"", ""origin_country"": """"}]","[{""iso_3166_1"": ""US"", ""name"": ""United States of America""}]","[{""english_name"": ""English"", ""iso_639_1"": ""en"", ""name"": ""English""}]","[""US""]",null
22255,UFC Fight Night 19: Diaz vs. Guillard,UFC Fight Night 19: Diaz vs. Guillard,"UFC Fight Night 19: Diaz vs. Guillard was a mixed martial arts event held by the Ultimate Fighting Championship (UFC) on September 16, 2009 in Oklahoma City, Oklahoma.",,Released,False,True,2009-09-16,90,0,0,0.1919,4.2,2,en,,,/5t6PHMIJ6eqWyOKJ1fXzqOL8Vyy.jpg,,[],[],[],"[{""english_name"": ""English"", ""iso_639_1"": ""en"", ""name"": ""English""}]","[""US""]",null
22256,Without Limits,Without Limits,The life of renowned runner Steve Prefontaine and his relationship with legendary coach Bill Bowerman.,PRE. The way he competed. The way he lived his life.,Released,False,False,1998-09-11,117,25000000,777423,2.3047,6.6,80,en,,tt0119934,/2HoKVqCzVOez7DEwHApc73bKobg.jpg,/i1E2K8gPSkrWAf2ZwO3dvSlseNG.jpg,"[{""id"": 18, ""name"": ""Drama""}, {""id"": 10749, ""name"": ""Romance""}]","[{""id"": 44, ""logo_path"": ""/6Hs6K20Hz1W9W1Tiam5QN2Kpx8V.png"", ""name"": ""Cruise/Wagner Productions"", ""origin_country"": ""US""}, {""id"": 174, ""logo_path"": ""/zhD3hhtKB5qyv7ZeL4uLpNxgMVU.png"", ""name"": ""Warner Bros. Pictures"", ""origin_country"": ""US""}]","[{""iso_3166_1"": ""US"", ""name"": ""United States of America""}]","[{""english_name"": ""English"", ""iso_639_1"": ""en"", ""name"": ""English""}]","[""US""]",null
22257,Vabank,Vabank,"October 1934. Poland. Famous bank robber Kwinto decided to quit his dangerous criminal job, but after his friend's death, he changed his mind and organized a burglary of famous and well protected bank which belonged to his former partner in crime, backstabbing and double-crossing Kramer. Kwinto designs a clever plan not to only rob the Kramer's bank but to make it look like Kramer himself did it.",,Released,False,False,1981-10-01,104,0,0,1.5332,7.6,123,pl,,tt0083271,/y7zfxMLCn3KK7sf2dPl43OKSbjQ.jpg,/y4tFR7iZTPJ2pREvDTlTkauvWZ5.jpg,"[{""id"": 80, ""name"": ""Crime""}, {""id"": 35, ""name"": ""Comedy""}, {""id"": 36, ""name"": ""History""}]","[{""id"": 257646, ""logo_path"": null, ""name"": ""Zesp\u00f3\u0142 Filmowy Kadr"", ""origin_country"": ""PL""}, {""id"": 19356, ""logo_path"": ""/9Ted1p5fSDVl12wJa3JgVagYNCr.png"", ""name"": ""PRF \""Zespo\u0142y Filmowe\"""", ""origin_country"": ""PL""}]","[{""iso_3166_1"": ""PL"", ""name"": ""Poland""}]","[{""english_name"": ""German"", ""iso_639_1"": ""de"", ""name"": ""Deutsch""}, {""english_name"": ""Polish"", ""iso_639_1"": ""pl"", ""name"": ""Polski""}]","[""PL""]","{""id"": 140126, ""name"": ""Vabank Collection"", ""poster_path"": ""/wv5QwkrmTB83v5m7caO2UdbjQla.jpg"", ""backdrop_path"": ""/tUzaGA1ftDu16AxgWnsOzS78Uis.jpg""}"
22258,Foo Fighters: Live At Wembley Stadium,Foo Fighters: Live At Wembley Stadium,"Foo Fighters captured over their two sold-out nights at Wembley on 6th and 7th June, 2008.",,Released,False,False,2008-06-24,120,0,0,0.48,8.2,36,en,,tt1321823,/eRpGDqyX9DpUT6SjT6udnpz7wYj.jpg,/enxgz1BXwWn18VBVLwhuKMn5Tp6.jpg,"[{""id"": 10402, ""name"": ""Music""}]","[{""id"": 77976, ""logo_path"": null, ""name"": ""Splinter Films"", ""origin_country"": """"}]","[{""iso_3166_1"": ""GB"", ""name"": ""United Kingdom""}, {""iso_3166_1"": ""US"", ""name"": ""United States of America""}]","[{""english_name"": ""English"", ""iso_639_1"": ""en"", ""name"": ""English""}]","[""US"", ""GB""]",null
22259,Bionicle: The Legend Reborn,Bionicle: The Legend Reborn,"Once the ruler of an entire universe, the Great Spirit Mata Nui finds himself cast out of his own body, his spirit trapped inside the fabled Mask of Life, hurtling through space. After landing on the far-away planet of Bara Magna, the mask creates a new body for Mata Nui, who unwillingly gets caught up in the furious battles of the nearly barren and dangerous planet.",A new era must commence,Released,False,False,2009-08-24,80,0,0,1.2119,5.8,126,en,,tt1473345,/bKCJ0oy1gEY8JGxugI6FvmHBKqM.jpg,/wLRFKF6Ysy8JtAoEB26SkVd0n6l.jpg,"[{""id"": 28, ""name"": ""Action""}, {""id"": 12, ""name"": ""Adventure""}, {""id"": 16, ""name"": ""Animation""}, {""id"": 878, ""name"": ""Science Fiction""}, {""id"": 14, ""name"": ""Fantasy""}]","[{""id"": 4081, ""logo_path"": ""/9Q0SyrhQD61wWbz5KJOkL6tu2mg.png"", ""name"": ""The LEGO Group"", ""origin_country"": ""DK""}, {""id"": 4082, ""logo_path"": null, ""name"": ""Threshold Animation Studios"", ""origin_country"": ""US""}, {""id"": 4083, ""logo_path"": null, ""name"": ""Tinseltown Toons"", ""origin_country"": """"}]","[{""iso_3166_1"": ""US"", ""name"": ""United States of America""}]",[],[],"{""id"": 59007, ""name"": ""Bionicle Collection"", ""poster_path"": ""/vJ5YSPJpeE3y6i1X9aJCLQ7O4JY.jpg"", ""backdrop_path"": ""/uvpKvT5yFXzzh7PI4GR4rOx6Igo.jpg""}"
22264,America,America,"In ""America,"" Dr. Maureen Brennan, a psychiatrist at a youth treatment center, encounters her newest patient, a bi-racial boy named America. Through their sessions, Dr. Brennan helps America come to terms with his roller-coaster life, which began when he was taken by authorities from his crack-addicted mother, and placed into foster care as an infant. The short time of stability in his life occurred when America lived with Mrs. Harper, the elderly nanny to one of his foster families. Later reunited with his mother, she soon abandons America and he is again placed into foster care. Lagging behind in school and full of anger, America retreats further away from society after years of sexual abuse. After attempting suicide, America is placed in a treatment center where Dr. Brennan helps him open up about his painful past and discover the support and courage he needs to get his life back on track.",,Released,False,False,2009-02-28,90,0,0,0.5082,3.5,2,en,,tt1347508,/faUoxdKGMs8GuuaDrGKLVRMX3ic.jpg,,"[{""id"": 18, ""name"": ""Drama""}]",[],"[{""iso_3166_1"": ""US"", ""name"": ""United States of America""}]","[{""english_name"": ""English"", ""iso_639_1"": ""en"", ""name"": ""English""}]","[""US""]",null
22267,Ride with the Devil,Ride with the Devil,"Ride with the Devil follows four people who are fighting for truth and justice amidst the turmoil of the American Civil War. Director Ang Lee takes us to a no man's land on the Missouri/Kansas border where a staunch loyalist, an immigrant's son, a freed slave, and a young widow form an unlikely friendship as they learn how to survive in an uncertain time. In a place without rules and redefine the meaning of bravery and honor.","In a No-man's Land between North and South, You didn't fight for the Blue or the Grey... You fought for your friends and family.",Released,False,False,1999-11-24,138,35000000,635096,2.0101,6.343,204,en,,tt0134154,/pH3J5IUzho4ZVaRuTuErzqHHovb.jpg,/yBkZyxzIl46PVgFEDsTCtoGd5F4.jpg,"[{""id"": 18, ""name"": ""Drama""}, {""id"": 10752, ""name"": ""War""}, {""id"": 10749, ""name"": ""Romance""}, {""id"": 37, ""name"": ""Western""}]","[{""id"": 10565, ""logo_path"": ""/5djnxodjmgbzdXiNRllwhQPxANY.png"", ""name"": ""Good Machine"", ""origin_country"": ""US""}, {""id"": 33, ""logo_path"": ""/8lvHyhjr8oUKOOy2dKXoALWKdp0.png"", ""name"": ""Universal Pictures"", ""origin_country"": ""US""}]","[{""iso_3166_1"": ""US"", ""name"": ""United States of America""}]","[{""english_name"": ""English"", ""iso_639_1"": ""en"", ""name"": ""English""}]","[""US""]",null
22271,The September Sessions,The September Sessions,"Kelly Slater, Rob Machado, and others take a trip to the coast of Sumatra, where they find themselves surfing beautiful waves, and lose the urgency they have come to live with being professionals. September Sessions documents this trip with interviews and 16mm footage of life on a once in a lifetime surftrip.",,Released,False,False,2002-12-31,30,0,0,0.7207,8.0,1,en,http://www.jackjohnsonmusic.com/films/detail/the_september_sessions/,tt0386016,/u0kPC0ADREBAhxFMs3MZcKrDSCQ.jpg,/wpbSJeMivkReqgxIKSe9vPvIewW.jpg,"[{""id"": 99, ""name"": ""Documentary""}]","[{""id"": 4070, ""logo_path"": null, ""name"": ""Umvd Labels"", ""origin_country"": """"}]","[{""iso_3166_1"": ""US"", ""name"": ""United States of America""}]","[{""english_name"": ""English"", ""iso_639_1"": ""en"", ""name"": ""English""}]","[""US""]",null
22273,Thicker Than Water,Thicker Than Water,"Chris Malloy, Emmett Malloy, and Jack Johnson got together to document the life and times of a pro surfer. Shot all on 16mm Film ""Thicker Than Water"" follows Rob Machado, Kelly Slater, Brad Gerlach, Shane Dorian, and others on a 18 month journey through the North Atlantic, South Pacific, and the Bay of Bengal.",,Released,False,False,2000-05-12,45,0,0,0.2757,5.8,3,en,https://jackjohnsonmusic.com/films/detail/thicker_than_water_film1,tt0432149,/q38rQXSCDPbwfgUpdy7e0hqjp7L.jpg,/bmYs1sKOiqtQ57zJWJjsCJhmTPY.jpg,"[{""id"": 99, ""name"": ""Documentary""}, {""id"": 18, ""name"": ""Drama""}]","[{""id"": 151853, ""logo_path"": null, ""name"": ""Poor Specimen Productions"", ""origin_country"": """"}]",[],"[{""english_name"": ""English"", ""iso_639_1"": ""en"", ""name"": ""English""}]","[""US""]",null
22274,Quiet Chaos,Caos calmo,"Pietro is a successful businessman with a wife and a daughter. One day he helps his brother save two women from drowning at the beach. When he returns home he finds that his wife has died. Now Pietro has to take care of his daughter, Claudia. When he drives her to school soon after, he decides to wait for her all day in front of the school, and soon that's what he does every day.",,Released,False,False,2008-02-08,108,0,0,1.1301,6.5,200,it,,tt0929412,/3wx2fd6UnFBQRKV6dTBKhRze4ep.jpg,/jilAAQ4NNFyna5wlgp5DFOJxr2w.jpg,"[{""id"": 10749, ""name"": ""Romance""}, {""id"": 18, ""name"": ""Drama""}]","[{""id"": 486, ""logo_path"": null, ""name"": ""Portobello Pictures"", ""origin_country"": ""GB""}, {""id"": 2441, ""logo_path"": ""/7Vutdea75apwXkRyfQ4Ne6j0KcN.png"", ""name"": ""Fandango"", ""origin_country"": ""IT""}, {""id"": 1999, ""logo_path"": null, ""name"": ""Phoenix Film Investments"", ""origin_country"": ""DK""}, {""id"": 155990, ""logo_path"": ""/py9VaywwK6KVi94YwrxSKVg1gkh.png"", ""name"": ""RAI Cinema"", ""origin_country"": ""IT""}]","[{""iso_3166_1"": ""IT"", ""name"": ""Italy""}, {""iso_3166_1"": ""GB"", ""name"": ""United Kingdom""}]","[{""english_name"": ""Italian"", ""iso_639_1"": ""it"", ""name"": ""Italiano""}, {""english_name"": ""French"", ""iso_639_1"": ""fr"", ""name"": ""Fran\u00e7ais""}, {""english_name"": ""English"", ""iso_639_1"": ""en"", ""name"": ""English""}]","[""IT""]",null
22279,An Awfully Big Adventure,An Awfully Big Adventure,"Liverpool. 1947. Right after World War II, a star struck naive teenage girl joins a shabby theatre troupe in Liverpool. During a winter production of Peter Pan, the play quickly turns into a dark metaphor for youth as she becomes drawn into a web of sexual politics and intrigue and learns about the grown-up world of the theater.","In love, as in life, destiny is always waiting in the wings",Released,False,False,1995-05-11,113,4000000,851545,1.7856,6.5,68,en,,tt0112427,/tfXBuRBMbyu9IF9KCFz3kXeWQDT.jpg,/jCMX5qTsYKxCHYBywCH8vzATLfU.jpg,"[{""id"": 10749, ""name"": ""Romance""}, {""id"": 18, ""name"": ""Drama""}, {""id"": 35, ""name"": ""Comedy""}]","[{""id"": 8, ""logo_path"": ""/78ilmDNTpdCfsakrsLqmAUkFTrO.png"", ""name"": ""Fine Line Features"", ""origin_country"": ""US""}, {""id"": 12745, ""logo_path"": null, ""name"": ""British Screen Productions"", ""origin_country"": ""GB""}, {""id"": 16027, ""logo_path"": null, ""name"": ""Portman Productions"", ""origin_country"": ""GB""}, {""id"": 3324, ""logo_path"": ""/dqT3yOTlfJRmtvk52Ccd1O6dZ0A.png"", ""name"": ""BBC"", ""origin_country"": ""GB""}]","[{""iso_3166_1"": ""GB"", ""name"": ""United Kingdom""}]","[{""english_name"": ""English"", ""iso_639_1"": ""en"", ""name"": ""English""}]","[""US"", ""GB""]",null
22285,Good Copy Bad Copy,Good Copy Bad Copy,"Good Copy Bad Copy is a documentary about copyright and culture in the context of Internet, peer-to-peer file sharing and other technological advances.",,Released,False,False,2007-01-01,59,0,0,0.28,7.4,13,en,http://www.goodcopybadcopy.net/,tt1782451,/njFt25F9as6CPhsK8diNsF8An4d.jpg,,"[{""id"": 99, ""name"": ""Documentary""}]","[{""id"": 13331, ""logo_path"": null, ""name"": ""Rosforth Films"", ""origin_country"": ""DK""}]","[{""iso_3166_1"": ""DK"", ""name"": ""Denmark""}]","[{""english_name"": ""English"", ""iso_639_1"": ""en"", ""name"": ""English""}]","[""DK"", ""US""]",null
22288,Honeysuckle Rose,Honeysuckle Rose,"Buck Bonham is a country singer on the road caught in a romantic triangle with Dyan Cannon and Amy Irving, the daughter of one of his longtime musical sidekick.",For 20 years he's been singing to the country. But he never figured he'd be living his own love songs.,Released,False,False,1980-07-18,119,0,0,1.0517,5.2,28,en,https://www.warnerbros.com/honeysuckle-rose,tt0080888,/k1SODZtlyJ66YyLL9gaqfFxQPnv.jpg,/u2IdqAZziVoLCyzDZbJ7WFVpA7T.jpg,"[{""id"": 18, ""name"": ""Drama""}, {""id"": 10402, ""name"": ""Music""}, {""id"": 10749, ""name"": ""Romance""}]","[{""id"": 174, ""logo_path"": ""/zhD3hhtKB5qyv7ZeL4uLpNxgMVU.png"", ""name"": ""Warner Bros. Pictures"", ""origin_country"": ""US""}]","[{""iso_3166_1"": ""US"", ""name"": ""United States of America""}]","[{""english_name"": ""English"", ""iso_639_1"": ""en"", ""name"": ""English""}]","[""US""]",null
22289,My Flesh and Blood,My Flesh and Blood,"My Flesh and Blood is a 2003 documentary film by Jonathan Karsh chronicling a year in the life of the Tom family. The Tom family is notable as the mother, Susan, adopted eleven children, most of whom had serious disabilities or diseases. The film itself is notable for handling the sensitive subject matter in an unsentimental way that is more uplifting than one might expect.",,Released,False,False,2003-04-25,83,0,0,0.5219,8.1,19,en,,tt0342804,/nS6FmSnmG40W84xZVXyB5NLMMnL.jpg,/zzxtUF9lpW3NBrmq0P2Y27bwjSA.jpg,"[{""id"": 99, ""name"": ""Documentary""}]","[{""id"": 3895, ""logo_path"": null, ""name"": ""Chaiken Films"", ""origin_country"": """"}, {""id"": 74097, ""logo_path"": ""/scT0L450Zhalb58MdiCApRiNIk0.png"", ""name"": ""Cinemax"", ""origin_country"": ""US""}, {""id"": 3268, ""logo_path"": ""/tuomPhY2UtuPTqqFnKMVHvSb724.png"", ""name"": ""HBO"", ""origin_country"": ""US""}]","[{""iso_3166_1"": ""US"", ""name"": ""United States of America""}]","[{""english_name"": ""English"", ""iso_639_1"": ""en"", ""name"": ""English""}]","[""US""]",null
22291,Baabarr,Baabarr,"A 12-yr-old boy picks up a country made gun &amp; shoots a man in cold blood! His eyes show no emotion. His heart exhibits no remorse. After shooting the person in broad day light, this boy walked the streets of Aman Ganj, with a gun in one hand. Everyone present in the market watched this young lad walk with no fear. The fear in fact had translated, from him into everyone's heart. He made his Mark!!!",,Released,False,False,2009-09-11,180,0,0,0.4313,7.0,1,en,,tt1508950,/9H4P0oYkB10hkPtsAxFXgrixUQn.jpg,/xaGoQDiqY3N04s9xyw041LLVfAe.jpg,"[{""id"": 28, ""name"": ""Action""}, {""id"": 18, ""name"": ""Drama""}, {""id"": 80, ""name"": ""Crime""}]","[{""id"": 4066, ""logo_path"": null, ""name"": ""Ridhi Sidhi Films"", ""origin_country"": """"}]","[{""iso_3166_1"": ""IN"", ""name"": ""India""}]","[{""english_name"": ""Hindi"", ""iso_639_1"": ""hi"", ""name"": ""\u0939\u093f\u0928\u094d\u0926\u0940""}]","[""US""]",null
22292,The Ghost and Mrs. Muir,The Ghost and Mrs. Muir,"In 1900, young widow Lucy Muir learns that her seaside cottage is haunted and forms a unique relationship with the ghost.",THE SPIRIT... so willing! THE FLESH... so weak! THE ROMANCE... so wonderful!,Released,False,False,1947-05-25,105,0,0,2.0231,7.533,348,en,,tt0039420,/idoD3cwfwj86BPvVoWVgWhnT2xq.jpg,/m1QTfbKD90j63Gh9bOJt0g67LvA.jpg,"[{""id"": 10749, ""name"": ""Romance""}, {""id"": 14, ""name"": ""Fantasy""}, {""id"": 18, ""name"": ""Drama""}]","[{""id"": 25, ""logo_path"": ""/qZCc1lty5FzX30aOCVRBLzaVmcp.png"", ""name"": ""20th Century Fox"", ""origin_country"": ""US""}]","[{""iso_3166_1"": ""US"", ""name"": ""United States of America""}]","[{""english_name"": ""English"", ""iso_639_1"": ""en"", ""name"": ""English""}]","[""US""]",null
22293,Manos: The Hands of Fate,Manos: The Hands of Fate,"A family gets lost on the road and stumbles upon a hidden, underground, devil-worshiping cult led by the fearsome Master and his servant Torgo.",It's Shocking! It's Beyond Your Imagination!,Released,False,False,1966-11-15,69,19000,0,0.819,2.1,227,en,,tt0060666,/aJZsXdJWgtVCSE3SOcOkMPNpbkV.jpg,/cjbIk6T7NqhX6myBGyQXU3j9ngk.jpg,"[{""id"": 27, ""name"": ""Horror""}]","[{""id"": 4067, ""logo_path"": null, ""name"": ""Norm-Iris"", ""origin_country"": """"}, {""id"": 117308, ""logo_path"": null, ""name"": ""Emerson Film Enterprises"", ""origin_country"": """"}, {""id"": 216442, ""logo_path"": null, ""name"": ""Sun City Films"", ""origin_country"": """"}]","[{""iso_3166_1"": ""US"", ""name"": ""United States of America""}]","[{""english_name"": ""English"", ""iso_639_1"": ""en"", ""name"": ""English""}]","[""US""]","{""id"": 723378, ""name"": ""Manos Collection"", ""poster_path"": ""/iNRDg8hkAzQGfY4oCif9kN98Osv.jpg"", ""backdrop_path"": ""/aHSUnwJ7reOUCUQQT0uiUZ5FlwA.jpg""}"
22297,Teraz albo nigdy!,Teraz albo nigdy!,,,Released,False,False,2008-01-01,0,0,0,0.0297,7.0,1,en,,tt1219742,,,[],[],[],[],"[""US""]",null
22301,Hell's Angels,Hell's Angels,"When the Great War breaks out, brothers Roy and Monte Rutledge, each attending Oxford University, enlist with the Royal Flying Corps.",Howard Hughes' Thrilling Multi-Million Dollar Air Spectacle,Released,False,False,1930-11-15,131,3950000,8000000,2.9341,6.486,104,en,,tt0020960,/vt6zF55B9WLzYENs6cuXy8J5o1X.jpg,/wZeh4Pa9NXtvgyIngIOIS9j2C3S.jpg,"[{""id"": 18, ""name"": ""Drama""}, {""id"": 10752, ""name"": ""War""}, {""id"": 28, ""name"": ""Action""}]","[{""id"": 13866, ""logo_path"": null, ""name"": ""The Caddo Company"", ""origin_country"": """"}]","[{""iso_3166_1"": ""US"", ""name"": ""United States of America""}]","[{""english_name"": ""French"", ""iso_639_1"": ""fr"", ""name"": ""Fran\u00e7ais""}, {""english_name"": ""English"", ""iso_639_1"": ""en"", ""name"": ""English""}, {""english_name"": ""German"", ""iso_639_1"": ""de"", ""name"": ""Deutsch""}]","[""US""]",null
22302,Polytechnique,Polytechnique,A dramatization of the Montreal Massacre of 1989 where several female engineering students were murdered by an unstable misogynist.,Ut tensio sic vis,Released,False,False,2009-02-06,77,0,0,1.4195,7.1,687,fr,http://www.polytechniquelefilm.com/en/,tt1194238,/k0xmtct9cSseksuFKMSXxM8hfni.jpg,/rD6VVei45TLnkCdDucJDDUmb3e3.jpg,"[{""id"": 80, ""name"": ""Crime""}, {""id"": 18, ""name"": ""Drama""}, {""id"": 53, ""name"": ""Thriller""}]","[{""id"": 4253, ""logo_path"": ""/qgFBsEmKTckDM0Fk6ZTB8RyW0Rc.png"", ""name"": ""Don Carmody Productions"", ""origin_country"": ""CA""}, {""id"": 4298, ""logo_path"": null, ""name"": ""Remstar Productions"", ""origin_country"": ""US""}]","[{""iso_3166_1"": ""CA"", ""name"": ""Canada""}]","[{""english_name"": ""French"", ""iso_639_1"": ""fr"", ""name"": ""Fran\u00e7ais""}]","[""CA""]",null
22303,Billy Joel: Greatest Hits Volume III,Billy Joel: Greatest Hits Volume III,"Greatest Hits Volume III is the second greatest hits album from American singer songwriter Billy Joel. The volume follows Greatest Hits – Volume I & Volume II and includes hits from 1983 to 1997. Two previously unreleased studio tracks are included, ""To Make You Feel My Love"" and ""Hey Girl"", while the third new track, ""Light as the Breeze"", was originally recorded for a Leonard Cohen tribute album known as Tower of Song in 1995. All three tracks are new songs of cover materials (a rare occurrence in his catalogue).",,Released,False,False,1997-11-18,80,0,0,0.1249,3.8,2,en,,tt0167789,/rCcFiPfxYQmCjjYzPkM29ogvHS7.jpg,/eK6x50dJIEXq6kclED6WPERm4af.jpg,"[{""id"": 10402, ""name"": ""Music""}]",[],[],[],"[""US""]",null
22305,Depeche Mode: The Videos 86-98,Depeche Mode: The Videos 86-98,"The Videos 86>98 is a music video compilation by Depeche Mode, featuring almost two dozen music videos directed by a variety of directors, released in 1998. It coincides with The Singles 86>98.  The original movie was released on VHS and DVD. There was however a special edition, DVD only, called Videos 86>98 + (without ""The"", and with ""+"") released in 2002. The DVD was two discs, the first disc being identical to the only disc in the original DVD, while the second DVD contains bonus material not found in the original release.",,Released,False,True,1998-09-28,126,0,0,0.2614,7.8,11,en,,tt0500144,/v34j9YxqZMxrqlRn4yw2Kw9IA9D.jpg,/53iAjIAymvFLUiZGvs9e0LIdAj.jpg,"[{""id"": 10402, ""name"": ""Music""}]","[{""id"": 70306, ""logo_path"": null, ""name"": ""Mute Films"", ""origin_country"": """"}]",[],"[{""english_name"": ""English"", ""iso_639_1"": ""en"", ""name"": ""English""}]","[""GB""]",null
22307,Sisters,Sisters,"Inquisitive journalist Grace Collier is horrified when she witnesses her neighbor, fashion model Danielle Breton, violently murder a man. Panicking, she calls the police. But when the detective arrives at the scene and finds nothing amiss, Grace is forced to take matters into her own hands. Her first move is to recruit private investigator Joseph Larch, who helps her to uncover a secret about Danielle's past that has them both seeing double.",They were joined at birth by the devil and the evil never left them!,Released,False,False,1973-03-26,93,500000,1000000,2.4345,6.706,435,en,,tt0070698,/hqxzpgJse54AcX1Mt1c6raXS290.jpg,/V4iqE9Ptgx7FJ8pLK0IWI9Zg46.jpg,"[{""id"": 53, ""name"": ""Thriller""}, {""id"": 27, ""name"": ""Horror""}, {""id"": 9648, ""name"": ""Mystery""}]","[{""id"": 1461, ""logo_path"": null, ""name"": ""Pressman-Williams"", ""origin_country"": ""US""}, {""id"": 9266, ""logo_path"": ""/lRinQ7scVye5N8qkUIoCB4QXbRh.png"", ""name"": ""American International Pictures"", ""origin_country"": ""US""}]","[{""iso_3166_1"": ""US"", ""name"": ""United States of America""}]","[{""english_name"": ""English"", ""iso_639_1"": ""en"", ""name"": ""English""}, {""english_name"": ""French"", ""iso_639_1"": ""fr"", ""name"": ""Fran\u00e7ais""}]","[""US""]",null
22309,The Fighting Temptations,The Fighting Temptations,"Darrin Hill, a slick-talking but down-on- his-luck NYC advertising exec, returns to his hometown in Georgia to claim the inheritance his aunt left him. But before Darrin can collect the money, he must fulfill his aunt's final wish -- to create a local choir.",Don't fight the feeling.,Released,False,False,2003-09-19,122,15000000,30238577,2.1228,5.8,131,en,,tt0191133,/1Dd8TBA6G0n1x2N8KpJvIefy2sB.jpg,/ttizthyI5mRIVxHsv6p6eS0GiKi.jpg,"[{""id"": 35, ""name"": ""Comedy""}, {""id"": 10402, ""name"": ""Music""}, {""id"": 10749, ""name"": ""Romance""}]","[{""id"": 4, ""logo_path"": ""/jay6WcMgagAklUt7i9Euwj1pzTF.png"", ""name"": ""Paramount Pictures"", ""origin_country"": ""US""}, {""id"": 746, ""logo_path"": ""/kc7bdIVTBkJYy9aDK1QDDTAL463.png"", ""name"": ""MTV Films"", ""origin_country"": ""US""}, {""id"": 690, ""logo_path"": null, ""name"": ""Handprint Entertainment"", ""origin_country"": """"}]","[{""iso_3166_1"": ""US"", ""name"": ""United States of America""}]","[{""english_name"": ""English"", ""iso_639_1"": ""en"", ""name"": ""English""}]","[""US""]",null
22310,9/11: Science and Conspiracy,9/11: Science and Conspiracy,Forensic investigations are conducted to test the tenets of some of the most common conspiracy theories of 9/11 and the mysteries surrounding the attacks.,How the attacks really took place,Released,False,False,2009-08-31,0,0,0,0.1351,5.5,6,en,,tt2055332,/9nXzAfpZEtk8RfOjIgVDlcqpfgP.jpg,,"[{""id"": 99, ""name"": ""Documentary""}]",[],[],"[{""english_name"": ""English"", ""iso_639_1"": ""en"", ""name"": ""English""}]","[""US""]",null
22311,The Inglorious Bastards,Quel maledetto treno blindato,"Set in Europe during WWII, a group of American soldiers on their way to military prison are beset upon by a German artillery attack, escaping with Switzerland in their sights. Before making it any farther, they volunteer to steal a V2 warhead for the French Underground - taking them deep into the heart of German territory.","If you're a kraut, he'll take you out!",Released,False,False,1978-02-08,99,0,0,1.5165,6.261,251,it,,tt0076584,/8f7PoX7TveyKrndh3bZZcBvR55Z.jpg,/40lTaPtfo8RRM8UsEnDhEV0TN8W.jpg,"[{""id"": 28, ""name"": ""Action""}, {""id"": 10752, ""name"": ""War""}, {""id"": 12, ""name"": ""Adventure""}]","[{""id"": 24206, ""logo_path"": null, ""name"": ""Film Concorde"", ""origin_country"": ""IT""}, {""id"": 30060, ""logo_path"": null, ""name"": ""Capitol Film"", ""origin_country"": """"}]","[{""iso_3166_1"": ""IT"", ""name"": ""Italy""}]","[{""english_name"": ""German"", ""iso_639_1"": ""de"", ""name"": ""Deutsch""}, {""english_name"": ""French"", ""iso_639_1"": ""fr"", ""name"": ""Fran\u00e7ais""}, {""english_name"": ""English"", ""iso_639_1"": ""en"", ""name"": ""English""}, {""english_name"": ""Italian"", ""iso_639_1"": ""it"", ""name"": ""Italiano""}]","[""IT""]",null
22314,In Too Deep,In Too Deep,"Drug lord Dwayne Gittens rules Cincinnati with an iron fist. No wonder he's known as ""God"" on the streets. Determined to break Gittens' stranglehold on the city is undercover cop Jeffrey Cole. But as Cole takes on an assumed identity to penetrate Gittens' criminal empire, he makes a disturbing discovery -- he kind of likes being a gangster.",He didn't know how far he'd have to go.,Released,False,False,1999-08-25,95,7000000,14011454,3.0544,6.429,112,en,https://www.miramax.com/movie/in-too-deep/,tt0160401,/mYteXffai9mmShyGCa4nPhfGCLQ.jpg,/vBPR3urSuYheuF8FjY5UZiPzqgV.jpg,"[{""id"": 18, ""name"": ""Drama""}, {""id"": 28, ""name"": ""Action""}, {""id"": 53, ""name"": ""Thriller""}, {""id"": 80, ""name"": ""Crime""}]","[{""id"": 7405, ""logo_path"": ""/rfnws0uY8rsNAsrLbx3gEIcYXx3.png"", ""name"": ""Dimension Films"", ""origin_country"": ""US""}, {""id"": 4380, ""logo_path"": null, ""name"": ""Suntaur Entertainment Company"", ""origin_country"": """"}, {""id"": 14, ""logo_path"": ""/m6AHu84oZQxvq7n1rsvMNJIAsMu.png"", ""name"": ""Miramax"", ""origin_country"": ""US""}]","[{""iso_3166_1"": ""US"", ""name"": ""United States of America""}]","[{""english_name"": ""English"", ""iso_639_1"": ""en"", ""name"": ""English""}]","[""US""]",null
22315,Aitraaz,ऐतराज़,"Raj, a married man, is falsely accused of rape by his ex-girlfriend who is also his employer's wife. He decides to sue her for sexual harassment despite societal pressures.",,Released,False,False,2004-11-12,159,3500000,9250000,1.2955,6.0,66,hi,,tt0418460,/9tVt6N7vgIFnf8g6NzaqfjkQObr.jpg,/5LXx8NqVTIE6mLyi7j8qWywDd2O.jpg,"[{""id"": 53, ""name"": ""Thriller""}, {""id"": 10749, ""name"": ""Romance""}, {""id"": 18, ""name"": ""Drama""}]","[{""id"": 3725, ""logo_path"": null, ""name"": ""Mukta Arts Ltd"", ""origin_country"": ""IN""}]","[{""iso_3166_1"": ""IN"", ""name"": ""India""}]","[{""english_name"": ""Hindi"", ""iso_639_1"": ""hi"", ""name"": ""\u0939\u093f\u0928\u094d\u0926\u0940""}]","[""IN""]",null
22316,Ajnabee,अजनबी,"Raj and Priya befriend their new neighbors Vicky and Sonia. One day, Raj wakes up in Vicky's house and finds out that Sonia has been murdered and he's being framed for it. On the run, he must try and prove his innocence with the support of his loving wife.",Never trust a stranger,Released,False,False,2001-09-21,165,0,0,1.3911,5.58,50,hi,,tt0278291,/rIscKIZxR4HXzLiWgAU7GykfpfI.jpg,/iR3qsOdJerqqbCG6hleVfrS9soG.jpg,"[{""id"": 28, ""name"": ""Action""}, {""id"": 80, ""name"": ""Crime""}, {""id"": 18, ""name"": ""Drama""}, {""id"": 53, ""name"": ""Thriller""}]","[{""id"": 4071, ""logo_path"": null, ""name"": ""Film Folks"", ""origin_country"": """"}]","[{""iso_3166_1"": ""IN"", ""name"": ""India""}]","[{""english_name"": ""Hindi"", ""iso_639_1"": ""hi"", ""name"": ""\u0939\u093f\u0928\u094d\u0926\u0940""}]","[""IN""]",null
22317,Lightning Jack,Lightning Jack,"Lightning Jack Kane is an Australian outlaw in the wild west. During a bungled bank robbery he picks up mute Ben Doyle as a hostage. The two become good friends, with Jack teaching Ben how to rob banks, while they plan Jack's last heist.",,Released,False,False,1994-03-11,98,0,0,1.9522,5.6,137,en,,tt0110353,/4YoRERjKWO2442ezcvgEjAZuxWP.jpg,/pVRzlfalhzWmz87LH16Q2LmTXyu.jpg,"[{""id"": 35, ""name"": ""Comedy""}, {""id"": 37, ""name"": ""Western""}]","[{""id"": 205872, ""logo_path"": null, ""name"": ""Village Roadshow Pictures"", ""origin_country"": ""AU""}, {""id"": 218758, ""logo_path"": null, ""name"": ""Lightning Ridge"", ""origin_country"": ""AU""}]","[{""iso_3166_1"": ""AU"", ""name"": ""Australia""}, {""iso_3166_1"": ""US"", ""name"": ""United States of America""}]","[{""english_name"": ""English"", ""iso_639_1"": ""en"", ""name"": ""English""}]","[""AU"", ""US""]",null
22318,Permanent Midnight,Permanent Midnight,"Juggling increasing career success and a growing heroin habit, a television comedy writer attempts to go down a path of improvement.","He had a great job, beautiful wife and a habit the size of Utah.",Released,False,False,1998-09-16,88,0,1166199,2.1773,5.871,124,en,,tt0120788,/wkoy7DQ1viN0EOtzw6v8W9y6UAr.jpg,/oxoeM1vnM6lPliYeJpUa99PvMll.jpg,"[{""id"": 18, ""name"": ""Drama""}]","[{""id"": 2188, ""logo_path"": ""/f1zrx8bIsS81AHoPQq4riJx68Lt.png"", ""name"": ""Artisan Entertainment"", ""origin_country"": ""US""}, {""id"": 68551, ""logo_path"": null, ""name"": ""JD Productions"", ""origin_country"": ""US""}]","[{""iso_3166_1"": ""US"", ""name"": ""United States of America""}]","[{""english_name"": ""English"", ""iso_639_1"": ""en"", ""name"": ""English""}]","[""US""]",null
22319,Trouble the Water,Trouble the Water,"""Trouble the Water"" takes you inside Hurricane Katrina in a way never before seen on screen. The film opens the day before the storm makes landfall--just blocks away from the French Quarter but far from the New Orleans that most tourists knew. Kimberly Rivers Roberts, an aspiring rap artist, is turning her new video camera on herself and her Ninth Ward neighbors trapped in the city. Weaving an insider's view of Katrina with a mix of verité and in-your-face filmmaking, it is a redemptive tale of self-described street hustlers who become heroes--two unforgettable people who survive the storm and then seize a chance for a new beginning.",It's not about a hurricane. It's about America.,Released,False,False,2008-01-20,93,0,0,0.9899,6.9,30,en,,tt1149405,/yRFpcdRnq2ixzb0pAig7ALURKJH.jpg,/w1F8yd3agUW2ZVY8qx0Z0gJ0PQ2.jpg,"[{""id"": 99, ""name"": ""Documentary""}]","[{""id"": 114414, ""logo_path"": null, ""name"": ""Elsewhere Films"", ""origin_country"": """"}, {""id"": 8469, ""logo_path"": ""/gSSXLuayChi5h9KEuzfwd2UjWjm.png"", ""name"": ""Louverture Films"", ""origin_country"": ""US""}]","[{""iso_3166_1"": ""US"", ""name"": ""United States of America""}]","[{""english_name"": ""English"", ""iso_639_1"": ""en"", ""name"": ""English""}]","[""US""]",null
22323,The Boys Next Door,The Boys Next Door,"Roy and Bo leave their small town the weekend after graduation for a short road trip to LA. Soon, they find themselves lashing out and leaving a trail of bodies behind them. The violence escalates throughout.",The anger. The destructiveness. The urge to kill in cold blood. They weren't born with it...,Released,False,False,1986-03-14,91,0,0,2.0695,6.2,97,en,,tt0090770,/zfH0EINXeLFJmwaC5YnfUIaLO4L.jpg,/nnbEmlo90sjQoswgQKR0xVfcjPH.jpg,"[{""id"": 80, ""name"": ""Crime""}, {""id"": 18, ""name"": ""Drama""}, {""id"": 53, ""name"": ""Thriller""}]","[{""id"": 20773, ""logo_path"": null, ""name"": ""Republic Entertainment International"", ""origin_country"": """"}]","[{""iso_3166_1"": ""US"", ""name"": ""United States of America""}]","[{""english_name"": ""English"", ""iso_639_1"": ""en"", ""name"": ""English""}]","[""US""]",null
22326,Forbidden Fruit,Kielletty hedelmä,Two 18-year old girls from a christian fundamentalist community flee to a city for a summer job.,Do you remember the first time you did something forbidden?,Released,False,False,2009-02-13,104,2100000,0,0.4072,6.3,34,fi,,tt1188998,/pLLeYpYp71klc00YnYvAjT5tcP6.jpg,/26nwpTOCxzx0YeOzWORxfhQN8vo.jpg,"[{""id"": 18, ""name"": ""Drama""}]","[{""id"": 84233, ""logo_path"": ""/h9uR2PcH9yyYsVt3iXD6YP4zj52.png"", ""name"": ""Anagram"", ""origin_country"": ""SE""}, {""id"": 6159, ""logo_path"": ""/pbWyMDcAM6s228tiUxjl3v1OAxr.png"", ""name"": ""Helsinki-filmi"", ""origin_country"": ""FI""}]","[{""iso_3166_1"": ""FI"", ""name"": ""Finland""}, {""iso_3166_1"": ""SE"", ""name"": ""Sweden""}]","[{""english_name"": ""Finnish"", ""iso_639_1"": ""fi"", ""name"": ""suomi""}]","[""FI""]",null
22327,Youth in Revolt,Youth in Revolt,"As a fan of Albert Camus and Jean-Luc Godard, teenage Nick Twisp is definitely out of his element when his mother and her boyfriend move the family to a trailer park. When a pretty neighbor named Sheeni plays records by French crooners, it's love at first sight for frustrated and inexperienced Nick. Learning that she is dating someone, Nick launches a hilarious quest to find his way into Sheeni's heart -- and bed.","Every ""Revolution"" Needs A Leader.",Released,False,False,2009-09-11,89,18000000,19651093,2.7187,6.149,970,en,http://youthinrevolt-themovie.com/,tt0403702,/3J48x7Utjx0sdYIvjsMWnlEbxpV.jpg,/gcRl1gl8EOEoniQWgz6LPwwlmrD.jpg,"[{""id"": 35, ""name"": ""Comedy""}, {""id"": 10749, ""name"": ""Romance""}, {""id"": 18, ""name"": ""Drama""}]","[{""id"": 7405, ""logo_path"": ""/rfnws0uY8rsNAsrLbx3gEIcYXx3.png"", ""name"": ""Dimension Films"", ""origin_country"": ""US""}, {""id"": 455, ""logo_path"": null, ""name"": ""Permut Presentations"", ""origin_country"": ""US""}, {""id"": 2265, ""logo_path"": ""/Pt0geXD3kQs2H5WSTreYV8MzRe.png"", ""name"": ""Shangri-La Entertainment"", ""origin_country"": ""US""}]","[{""iso_3166_1"": ""US"", ""name"": ""United States of America""}]","[{""english_name"": ""French"", ""iso_639_1"": ""fr"", ""name"": ""Fran\u00e7ais""}, {""english_name"": ""English"", ""iso_639_1"": ""en"", ""name"": ""English""}]","[""US""]",null
22328,The Apple Dumpling Gang Rides Again,The Apple Dumpling Gang Rides Again,"Amos and Theodore, the two bumbling outlaw wannabes from The Apple Dumpling Gang, are back and trying to make it on their own. This time, the crazy duo gets involved in an army supply theft case -- and, of course, gets in lots of comic trouble along the way!","As belles, they were ding-dongs... they enlisted, and were rotten to the corps... and when things got hotter... they went to the cooler... now, they're on the loose again!",Released,False,False,1979-06-27,88,5450000,20931111,1.6903,6.5,72,en,,tt0078790,/oPGACB1ZfPM9bKlQva2TFpCkWSD.jpg,/4U5jyrK8UmbgPGZXBOSxvfqi3eG.jpg,"[{""id"": 35, ""name"": ""Comedy""}, {""id"": 10751, ""name"": ""Family""}, {""id"": 37, ""name"": ""Western""}]","[{""id"": 3166, ""logo_path"": ""/jmPS1qPfKnISciDF7RnUbh48jvK.png"", ""name"": ""Walt Disney Productions"", ""origin_country"": ""US""}]","[{""iso_3166_1"": ""US"", ""name"": ""United States of America""}]","[{""english_name"": ""English"", ""iso_639_1"": ""en"", ""name"": ""English""}]","[""US""]","{""id"": 87232, ""name"": ""The Apple Dumpling Gang Collection"", ""poster_path"": ""/vd0szkY491LPcz6pZk9TmQThb3S.jpg"", ""backdrop_path"": null}"
22331,The Ten Commandments,The Ten Commandments,"This vibrantly animated feature recounts the biblical epic of the Hebrew prophet Moses and the Ten Commandments. Led by the word of God, Moses challenges the ominous Egyptian pharaoh, performs miracles and guides the chosen people on a 40-year journey through the desert to free them from captivity and lead them to the Promised Land.",An ordinary man. An extraordinary calling.,Released,False,False,2007-10-19,88,10000000,1100000,2.2232,5.6,42,en,,tt0955411,/yeake9TDNiyIFtqDjIAPMSJhO1u.jpg,/u4aYt9ho1Zpr81eui3hTrdc3AEo.jpg,"[{""id"": 16, ""name"": ""Animation""}, {""id"": 18, ""name"": ""Drama""}, {""id"": 10751, ""name"": ""Family""}, {""id"": 14, ""name"": ""Fantasy""}]","[{""id"": 4074, ""logo_path"": null, ""name"": ""Promenade Pictures"", ""origin_country"": """"}, {""id"": 4075, ""logo_path"": null, ""name"": ""Ten Chimneys Entertainment"", ""origin_country"": """"}]","[{""iso_3166_1"": ""US"", ""name"": ""United States of America""}]","[{""english_name"": ""German"", ""iso_639_1"": ""de"", ""name"": ""Deutsch""}, {""english_name"": ""English"", ""iso_639_1"": ""en"", ""name"": ""English""}]","[""US""]",null
22334,Chase a Crooked Shadow,Chase a Crooked Shadow,A woman who lives in Spain has trouble convincing anybody that a complete stranger has taken her dead brother's identity.,The Man Hunts the Girl... The Girl Hunts the Man...,Released,False,False,1958-01-16,87,0,0,0.6775,7.0,37,en,,tt0050246,/vt7jAN6EFX92PQNzEjGzKYUlOUr.jpg,/bUib6ZZgQqzv8V2nJ6QzEgX8fGZ.jpg,"[{""id"": 53, ""name"": ""Thriller""}, {""id"": 9648, ""name"": ""Mystery""}, {""id"": 18, ""name"": ""Drama""}]","[{""id"": 4076, ""logo_path"": null, ""name"": ""Associated Dragon"", ""origin_country"": """"}]","[{""iso_3166_1"": ""GB"", ""name"": ""United Kingdom""}]","[{""english_name"": ""English"", ""iso_639_1"": ""en"", ""name"": ""English""}]","[""GB"", ""US""]",null
22335,Smash Cut,Smash Cut,"Television news celebrity April Carson turns to the services of private investigator Isaac Beaumonde to seek her missing sister, a stripper known as Gigi Spot. Carson assumes a role in a horror movie in the process, eventually learning that the movie's director, Able Whitman, is not only the culprit, but that he has rendered her sister's body into props for the production.",Lights... Camera... Body parts!,Released,False,False,2009-07-18,82,0,0,1.1319,3.8,46,en,http://www.smashcutmovie.com/,tt1245735,/uvPMUcCz0D0MJCtkaOAwFTm1CgR.jpg,/1BA01qCg6ElPdRyu4zpFupwYt44.jpg,"[{""id"": 35, ""name"": ""Comedy""}, {""id"": 27, ""name"": ""Horror""}]","[{""id"": 4080, ""logo_path"": ""/ilixMe6cYiJYozxjiZnbWqpv6aO.png"", ""name"": ""Zed Filmworks"", ""origin_country"": ""CA""}]","[{""iso_3166_1"": ""CA"", ""name"": ""Canada""}]","[{""english_name"": ""English"", ""iso_639_1"": ""en"", ""name"": ""English""}]","[""US"", ""CA""]",null
22338,The Champagne Gang,The Champagne Gang,The Champagne Gang is an exciting action-packed drama about four beautiful California beach girls who pull heists to pay for luxury items and surfing vacations to Mexico and Hawaii.,Playing in the sun by day... Pulling triggers at night.,Released,False,False,2006-10-03,91,0,0,0.5626,1.5,6,en,,tt0452597,/6UekZepynxwehrE7Gaj06UE84hc.jpg,/gAEqe5jqkiTgBzs3BgY7dO79lAK.jpg,"[{""id"": 28, ""name"": ""Action""}, {""id"": 53, ""name"": ""Thriller""}, {""id"": 80, ""name"": ""Crime""}]","[{""id"": 10702, ""logo_path"": ""/xHEcbE7zWfU9KeUEepc19zHPMT5.png"", ""name"": ""Popart Film Factory"", ""origin_country"": ""US""}]","[{""iso_3166_1"": ""US"", ""name"": ""United States of America""}]","[{""english_name"": ""English"", ""iso_639_1"": ""en"", ""name"": ""English""}]","[""US""]",null
22341,Plasmaquarium,Plasmaquarium,"Turn ANY TV into a high-end aquarium with the Plasmaquarium DVD. The Plasmaquarium DVD features 9 different aquariums packed with dozens of Saltwater and Freshwater fish, Tropical fish, Eel, Koi and even an exclusive SHARK TANK! WOW! How cool will your TV look with a Caribbean Queen shark swimming around in it!",,Released,False,False,2004-11-01,60,0,0,0.0593,0.0,0,en,,tt0476583,,,[],[],[],[],"[""US""]",null
22342,The Big Combo,The Big Combo,"Police Lt. Leonard Diamond vies to bring a clever, well connected, and sadistic gangster to justice all the while obsessing over the gangster's girlfriend.",The Most Startling Story The Screen Has Ever Dared Reveal!,Released,False,False,1955-02-13,88,0,0,1.9868,7.0,169,en,,tt0047878,/fltH7VmdZQeCRMwionxfYKOZoPg.jpg,/b2X4TG3e3QC4vzNfR25I58h5fdY.jpg,"[{""id"": 18, ""name"": ""Drama""}, {""id"": 80, ""name"": ""Crime""}]","[{""id"": 4388, ""logo_path"": null, ""name"": ""Security Pictures"", ""origin_country"": ""US""}, {""id"": 4389, ""logo_path"": null, ""name"": ""Theodora Productions"", ""origin_country"": """"}, {""id"": 4928, ""logo_path"": null, ""name"": ""Allied Artists Pictures"", ""origin_country"": ""US""}]","[{""iso_3166_1"": ""US"", ""name"": ""United States of America""}]","[{""english_name"": ""English"", ""iso_639_1"": ""en"", ""name"": ""English""}]","[""US""]",null
22345,Baby Geniuses,Baby Geniuses,"BabyCo is the world's leading manufacturer in baby products. However, what the public doesn't know, is that Drs Kinder and Heep, two of its most brilliant scientists, are tirelessly working in complete secrecy to crack the indecipherable code to 'baby talk': a highly sophisticated language, and the key to the secrets of the universe. Before long, problems arise when mischievous Sly, the smartest of the toddlers, escapes confinement, bent on uniting all babies to free those trapped in the laboratory. Now, Kinder and Heep must find Sly before it is too late.",Think innocent. Think helpless. Think again. Naps are history.,Released,False,False,1999-03-12,95,12000000,36450736,1.9167,4.122,406,en,,tt0118665,/7zvPhjHkz5YEMUMPyvANCR96RJA.jpg,/o6ehdNIduOXmxaJlavLxETlR3sR.jpg,"[{""id"": 878, ""name"": ""Science Fiction""}, {""id"": 35, ""name"": ""Comedy""}, {""id"": 10751, ""name"": ""Family""}]","[{""id"": 4077, ""logo_path"": null, ""name"": ""Crystal Sky Worldwide"", ""origin_country"": ""US""}, {""id"": 4078, ""logo_path"": null, ""name"": ""Triumph"", ""origin_country"": """"}, {""id"": 559, ""logo_path"": ""/eC0bWHVjnjUducyA6YFoEFqnPMC.png"", ""name"": ""TriStar Pictures"", ""origin_country"": ""US""}]","[{""iso_3166_1"": ""US"", ""name"": ""United States of America""}]","[{""english_name"": ""English"", ""iso_639_1"": ""en"", ""name"": ""English""}]","[""US""]","{""id"": 632595, ""name"": ""Baby Geniuses Collection"", ""poster_path"": ""/seAY5n2D0Yj5ff5TkC8oE6UwOFE.jpg"", ""backdrop_path"": null}"
22349,Abilene Town,Abilene Town,"Marshall Dan Mitchell, who is the law in Abilene, has the job of keeping peace between two groups. For a long time, the town had been divided, with the cattlemen and cowboys having one end of town to themselves, while townspeople occupied the other end. Mitchell liked it this way, it made things easier for him, and kept problems from arising between the two factions. However…",Ablaze with guns and guts and glory!,Released,False,False,1946-01-11,89,0,0,1.0308,5.1,23,en,,tt0038284,/56wUpULMCeytbqgdNDCRksNjMkz.jpg,/n4umGbZmQHCb61n3JeisH9C8Obj.jpg,"[{""id"": 37, ""name"": ""Western""}, {""id"": 10749, ""name"": ""Romance""}]","[{""id"": 98821, ""logo_path"": null, ""name"": ""Guild Productions Inc."", ""origin_country"": """"}, {""id"": 60, ""logo_path"": ""/4YldLvCWQL9VIAHQ2Fu3Ffkh9Si.png"", ""name"": ""United Artists"", ""origin_country"": ""US""}]","[{""iso_3166_1"": ""US"", ""name"": ""United States of America""}]","[{""english_name"": ""English"", ""iso_639_1"": ""en"", ""name"": ""English""}]","[""US""]",null
22350,Reach for the Sky,Reach for the Sky,The true story of airman Douglas Bader who overcame the loss of both legs in a 1931 flying accident to become a successful fighter pilot and wing leader during World War II.,,Released,False,False,1956-07-05,135,0,0,1.6287,6.8,37,en,,tt0049665,/2OKZUqjoIC71vkJ8SUR7DzvXAvw.jpg,/pujpNHRw5wFJNmRy8upv75WWywn.jpg,"[{""id"": 10752, ""name"": ""War""}, {""id"": 18, ""name"": ""Drama""}]","[{""id"": 364, ""logo_path"": null, ""name"": ""The Rank Organisation"", ""origin_country"": ""GB""}, {""id"": 4079, ""logo_path"": null, ""name"": ""Angel Productions"", ""origin_country"": ""GB""}]","[{""iso_3166_1"": ""GB"", ""name"": ""United Kingdom""}]","[{""english_name"": ""English"", ""iso_639_1"": ""en"", ""name"": ""English""}]","[""GB""]",null
22351,Alias John Law,Alias John Law,"John Clark (Bob Steele) and his deaf pal, Bootch Collum (Buck Connors), are trailed by U. S. Marshal Lamar Bly (Jack Rockwell)...",BLAZING DRAMA OF SIX-GUN JUSTICE!,Released,False,False,1935-11-04,59,0,0,0.8978,3.8,6,en,,tt0026052,/2cWLB3Fiib5F00ZnTdrdpALYrhU.jpg,/ao45hIL0qPbbMKDN6idPf3vN8Xh.jpg,"[{""id"": 37, ""name"": ""Western""}]","[{""id"": 10579, ""logo_path"": null, ""name"": ""Supreme Pictures"", ""origin_country"": ""US""}]","[{""iso_3166_1"": ""US"", ""name"": ""United States of America""}]","[{""english_name"": ""English"", ""iso_639_1"": ""en"", ""name"": ""English""}]","[""US""]",null
22354,American Empire,American Empire,"Richard Dix as Dan Taylor and Preston S. Foster as Paxton Bryce are two longtime friends seeking their fortune in Texas after the war. The two men decide, not without problems, to establish a cattle empire. Paxton becoming too ambitious, distances himself from Dan and Abby, Paxton's wife. It will only be after a personal tragedy that he will come back to his senses.",THE THUNDERING THRILLING SAGA OF THE WINNING OF THE WEST!,Released,False,False,1942-12-11,82,0,0,1.8837,3.8,4,en,,tt0034455,/j9lucywDx3Q1Ww6UrWQpR7VnVDA.jpg,/rFYRS4qBtrlzZcQCnXvqDT0oaUG.jpg,"[{""id"": 37, ""name"": ""Western""}]","[{""id"": 4, ""logo_path"": ""/jay6WcMgagAklUt7i9Euwj1pzTF.png"", ""name"": ""Paramount Pictures"", ""origin_country"": ""US""}]","[{""iso_3166_1"": ""US"", ""name"": ""United States of America""}]","[{""english_name"": ""English"", ""iso_639_1"": ""en"", ""name"": ""English""}]","[""US""]",null
22355,Wickie the Mighty Viking,Wickie und die starken Männer,"One morning our little Viking village of Flake is raided by frightening looking spooky demons who kidnap all the children… except for Wickie, who was stuck in a tree trying to use a kite to learn to fly.",,Released,False,False,2009-09-09,85,11000000,32000000,1.2293,5.8,158,de,,tt1167599,/hmqR1ic1VSxhETjObl1EhGW0AJb.jpg,/sturDKNlcLCRBeX6qjogvvlkiF4.jpg,"[{""id"": 35, ""name"": ""Comedy""}, {""id"": 10751, ""name"": ""Family""}, {""id"": 28, ""name"": ""Action""}, {""id"": 12, ""name"": ""Adventure""}]","[{""id"": 5754, ""logo_path"": ""/lYPqogOigbGMmErpSBBn2SnVypQ.png"", ""name"": ""Rat Pack Filmproduktion"", ""origin_country"": ""DE""}, {""id"": 47, ""logo_path"": ""/i7Z9ot2o3N5Sa3HrF09kniFs2y8.png"", ""name"": ""Constantin Film"", ""origin_country"": ""DE""}, {""id"": 1635, ""logo_path"": null, ""name"": ""herbX film"", ""origin_country"": ""DE""}]","[{""iso_3166_1"": ""DE"", ""name"": ""Germany""}]","[{""english_name"": ""German"", ""iso_639_1"": ""de"", ""name"": ""Deutsch""}, {""english_name"": ""Cantonese"", ""iso_639_1"": ""cn"", ""name"": ""\u5e7f\u5dde\u8bdd / \u5ee3\u5dde\u8a71""}]","[""DE""]","{""id"": 133962, ""name"": ""Wickie Collection"", ""poster_path"": ""/nD87YbQ7wMQfIRG5F4LshqsVjLq.jpg"", ""backdrop_path"": ""/z2L2WOXyZfCZBgybtYxQpqcy70y.jpg""}"
22356,Angel and the Badman,Angel and the Badman,"Notorious shootist and womanizer Quirt Evans' horse collapses as he passes a Quaker family's home. Quirt has been wounded, and the kindly family takes him in to nurse him back to health against the advice of others. The handsome Evans quickly attracts the affections of their beautiful daughter, Penelope. He develops an affection for the family and their faith, but his troubled past follows him.",He lived only for revenge...She lived only for his love!,Released,False,False,1947-02-15,100,0,0,2.332,6.4,121,en,,tt0039152,/tbnte13MT1mke828R0rKmNZ41G6.jpg,/z431y0waKviqvo2Je426ci8z3NY.jpg,"[{""id"": 37, ""name"": ""Western""}, {""id"": 10749, ""name"": ""Romance""}, {""id"": 12, ""name"": ""Adventure""}, {""id"": 28, ""name"": ""Action""}]","[{""id"": 11527, ""logo_path"": null, ""name"": ""John Wayne Productions"", ""origin_country"": ""US""}, {""id"": 1432, ""logo_path"": ""/odyWStT82nGf2LQCyfs7iFudwa0.png"", ""name"": ""Republic Pictures"", ""origin_country"": ""US""}]","[{""iso_3166_1"": ""US"", ""name"": ""United States of America""}]","[{""english_name"": ""English"", ""iso_639_1"": ""en"", ""name"": ""English""}]","[""US""]",null
22357,Hansie,Hansie,"""How do you start over once you have betrayed a nation's trust?"" The news of Hansie Cronjé's involvement with Indian bookmakers and his resulting public confession rocked the international sporting community. An unprecedented rise to glory was followed by the most horrific fall. A tarnished hero fueled the nation's fury.",How do you start over once you have betrayed a nation's trust?,Released,False,False,2008-01-01,122,0,0,1.9072,8.0,1,en,http://www.hansiemovie.com/,tt1099200,/lW8UP2LLyNrdp4EYqv9klAl1i8o.jpg,/bzUbQI9vSeAKNpRG7PTifujk8TW.jpg,"[{""id"": 18, ""name"": ""Drama""}]",[],"[{""iso_3166_1"": ""ZA"", ""name"": ""South Africa""}]","[{""english_name"": ""Afrikaans"", ""iso_639_1"": ""af"", ""name"": ""Afrikaans""}, {""english_name"": ""English"", ""iso_639_1"": ""en"", ""name"": ""English""}]","[""US""]",null
22358,The Island,Остров,"Somewhere in Northern Russia in a small Russian Orthodox monastery lives an unusual man whose bizarre conduct confuses his fellow monks, while others who visit the island believe that the man has the power to heal, exorcise demons and foretell the future.",,Released,False,False,2006-11-23,112,0,3557508,1.9273,6.909,160,ru,http://www.ostrov-film.ru/,tt0851577,/wSDxhbDj95lsE25myWgJuWYCyzI.jpg,/zjelRpI0kECe3Rx1yZt1WUMDK7P.jpg,"[{""id"": 18, ""name"": ""Drama""}, {""id"": 35, ""name"": ""Comedy""}]","[{""id"": 6344, ""logo_path"": null, ""name"": ""Pavel Lungin Studio"", ""origin_country"": ""RU""}]","[{""iso_3166_1"": ""RU"", ""name"": ""Russia""}]","[{""english_name"": ""Russian"", ""iso_639_1"": ""ru"", ""name"": ""P\u0443\u0441\u0441\u043a\u0438\u0439""}]","[""RU""]",null
22359,Any Gun Can Play,Vado... l'ammazzo e torno,A gang robs a gold shipment from a train. A so called bounty hunter is sent to track down the robbers and decides to let them lead him to the gold.,Fast Guns Finish First...Or They're Out. Dead Out!,Released,False,False,1967-09-26,103,0,0,1.1392,6.2,21,it,,tt0062429,/oPhlwzFLjHZDcT3sZ25fcENfu96.jpg,/poVtMfnnFF87hQzaVPd1MEOcHGH.jpg,"[{""id"": 12, ""name"": ""Adventure""}, {""id"": 28, ""name"": ""Action""}, {""id"": 37, ""name"": ""Western""}]","[{""id"": 73, ""logo_path"": null, ""name"": ""Fida Cinematografica"", ""origin_country"": ""IT""}]","[{""iso_3166_1"": ""IT"", ""name"": ""Italy""}]","[{""english_name"": ""Italian"", ""iso_639_1"": ""it"", ""name"": ""Italiano""}, {""english_name"": ""Spanish"", ""iso_639_1"": ""es"", ""name"": ""Espa\u00f1ol""}]","[""IT""]",null
22365,Apache Blood,Apache Blood,"After a massacre of an Indian village by the U.S army, a survivor, Yellow shirt (Ray Danton) goes after them for revenge. His journey becomes a deadly adventure. His life will be threatened by the hostility of the desert, snakes, hallucinations and of course his encounter with his enemies…",Relentless revenge to be paid in blood!,Released,False,False,1975-01-06,84,0,0,0.5731,2.6,8,en,,tt0072651,/AaKgwkMQsi2f4U1xFEJgpgXth6R.jpg,/vqYXjOHa9dFNdxWtVkSZOi9Y6sA.jpg,"[{""id"": 37, ""name"": ""Western""}]",[],"[{""iso_3166_1"": ""US"", ""name"": ""United States of America""}]","[{""english_name"": ""English"", ""iso_639_1"": ""en"", ""name"": ""English""}]","[""US""]",null
22366,Ezra,Ezra,Ezra is kidnapped as a boy by a rebel group and has to testify later about the brutal experience of becoming a child soldier.,,Released,False,False,2007-01-01,105,0,0,0.3333,5.5,10,en,,tt0923688,/usQtVpG0euZPUbBCU044CNEs7G9.jpg,/daguOXDDQKrRv6slT4yorMkDfwp.jpg,"[{""id"": 18, ""name"": ""Drama""}]","[{""id"": 2665, ""logo_path"": null, ""name"": ""Amour Fou Filmproduktion"", ""origin_country"": """"}, {""id"": 94, ""logo_path"": ""/huC7HqorvUThGIrENrbcHmQVUA0.png"", ""name"": ""ARTE France Cin\u00e9ma"", ""origin_country"": ""FR""}, {""id"": 3186, ""logo_path"": null, ""name"": ""CINEFACTO"", ""origin_country"": ""FR""}, {""id"": 310, ""logo_path"": ""/4Gp5A4YdjPBfsHT47ngHMaXWmb9.png"", ""name"": ""CNC"", ""origin_country"": ""FR""}, {""id"": 110354, ""logo_path"": null, ""name"": ""Granite FilmWorks Production"", ""origin_country"": """"}, {""id"": 7006, ""logo_path"": null, ""name"": ""Pierre Javaux Productions"", ""origin_country"": ""FR""}, {""id"": 47071, ""logo_path"": null, ""name"": ""Sunday Morning Productions"", ""origin_country"": """"}]","[{""iso_3166_1"": ""AT"", ""name"": ""Austria""}, {""iso_3166_1"": ""FR"", ""name"": ""France""}, {""iso_3166_1"": ""DE"", ""name"": ""Germany""}, {""iso_3166_1"": ""NG"", ""name"": ""Nigeria""}, {""iso_3166_1"": ""GB"", ""name"": ""United Kingdom""}, {""iso_3166_1"": ""US"", ""name"": ""United States of America""}]","[{""english_name"": ""English"", ""iso_639_1"": ""en"", ""name"": ""English""}]","[""NG""]",null
22367,Arizona Days,Arizona Days,"Tex and sidekick Grass join McGill's traveling show. When Price has McGill's wagons burned, Tex becomes the county tax collector to earn money. This leads to trouble as one of those owing money is Price who says he will not pay. Business doesn´t go as plan.",,Released,False,False,1937-01-30,56,0,0,0.6642,4.0,5,en,,tt0028582,/wXFal2fSZDRJoh5QssUh719O2z8.jpg,/jwAmSFAoKmQkuiFmZQ9l9j1S6MD.jpg,"[{""id"": 37, ""name"": ""Western""}]","[{""id"": 4086, ""logo_path"": null, ""name"": ""Grand National"", ""origin_country"": """"}]","[{""iso_3166_1"": ""US"", ""name"": ""United States of America""}]","[{""english_name"": ""English"", ""iso_639_1"": ""en"", ""name"": ""English""}]","[""US""]",null
22368,Arizona Days,Arizona Days,"A Cattlemen´s Association hires a detective (Bob Custer) to look into a series of cattle rustlings. To dismantle the plot, an undercover agent will be infiltrating the gang as a bandit.",,Released,False,False,1928-08-01,44,0,0,0.2106,1.0,2,en,,tt0018654,,/18YYdiZtBKB2CDKwyVbBbPvV1M5.jpg,"[{""id"": 37, ""name"": ""Western""}]","[{""id"": 56972, ""logo_path"": null, ""name"": ""El Dorado Productions"", ""origin_country"": """"}]","[{""iso_3166_1"": ""US"", ""name"": ""United States of America""}]","[{""english_name"": ""English"", ""iso_639_1"": ""en"", ""name"": ""English""}]","[""US""]",null
22370,Minutemen,Minutemen,,,Released,False,False,2008-01-25,11,0,0,0.2115,0.0,0,en,,tt1279948,,,"[{""id"": 18, ""name"": ""Drama""}, {""id"": 878, ""name"": ""Science Fiction""}, {""id"": 10751, ""name"": ""Family""}]",[],"[{""iso_3166_1"": ""US"", ""name"": ""United States of America""}]","[{""english_name"": ""English"", ""iso_639_1"": ""en"", ""name"": ""English""}]","[""US""]",null
22371,Minutemen,Minutemen,"When three high-school friends invent a time-machine, they decide to use it to go back in time and prevent other youngsters from making humiliating mistakes.",It's a short trip from zero... to hero.,Released,False,False,2008-02-29,90,5000000,0,1.3538,5.8,246,en,,tt1072755,/2y00QZiT3XUGwIxQxY5WLvvd1Y6.jpg,/avZiwvh0XEsA3poI49UPrcT4Qix.jpg,"[{""id"": 10751, ""name"": ""Family""}, {""id"": 10770, ""name"": ""TV Movie""}, {""id"": 35, ""name"": ""Comedy""}, {""id"": 878, ""name"": ""Science Fiction""}]","[{""id"": 42053, ""logo_path"": ""/q7VNAacEiPVzsgCrqtaMooxiPz.png"", ""name"": ""Salty Pictures"", ""origin_country"": ""US""}, {""id"": 670, ""logo_path"": ""/rRGi5UkwvdOPSfr5Xf42RZUsYgd.png"", ""name"": ""Walt Disney Television"", ""origin_country"": ""US""}, {""id"": 240533, ""logo_path"": ""/9AxUB1RdRnm0r5ki8Thb69Jo9Ma.png"", ""name"": ""Disney Channel"", ""origin_country"": ""US""}]","[{""iso_3166_1"": ""US"", ""name"": ""United States of America""}]","[{""english_name"": ""English"", ""iso_639_1"": ""en"", ""name"": ""English""}]","[""US""]",null
22373,Saturn in Opposition,Saturno contro,"This film focuses on contemporary 30- and 40-somethings trying to make sense of their lives in an age in which the old certainties have disappeared. Lorenzo and Davide make their lives together within a circle that includes Antonio and Angelica, married with children; Nerval and her policeman husband.",,Released,False,False,2007-02-23,110,5500000,11203911,0.9703,6.8,400,it,,tt0890885,/qpzR06PrVDaJGBaSngEMUhVhhw.jpg,/xLjv2ah3MeLrkm6EoViJR9ZGznj.jpg,"[{""id"": 18, ""name"": ""Drama""}]","[{""id"": 6246, ""logo_path"": ""/7X6pfxldTiOD7MLo2EQqUQlmOUw.png"", ""name"": ""Medusa Film"", ""origin_country"": ""IT""}, {""id"": 19385, ""logo_path"": ""/uLO7hNXFVCxVcKfHck7IRyNQeAa.png"", ""name"": ""R&C Produzioni"", ""origin_country"": ""IT""}, {""id"": 181416, ""logo_path"": null, ""name"": ""Faros Film"", ""origin_country"": ""IT""}, {""id"": 245294, ""logo_path"": null, ""name"": ""UGCYM"", ""origin_country"": """"}, {""id"": 25080, ""logo_path"": null, ""name"": ""AFS Film"", ""origin_country"": """"}, {""id"": 850, ""logo_path"": ""/aF7qajGJGtMpdrtvssM9g90YanX.png"", ""name"": ""Eurimages"", ""origin_country"": ""FR""}, {""id"": 14016, ""logo_path"": ""/snclwsIZQbgvqYCBJP8fqNlCA5y.png"", ""name"": ""MiC"", ""origin_country"": ""IT""}, {""id"": 21649, ""logo_path"": ""/6Ji6E59Wt9O4VA6nqwAd6RW7ijs.png"", ""name"": ""Sky Cinema"", ""origin_country"": ""IT""}]","[{""iso_3166_1"": ""IT"", ""name"": ""Italy""}, {""iso_3166_1"": ""FR"", ""name"": ""France""}, {""iso_3166_1"": ""TR"", ""name"": ""Turkey""}]","[{""english_name"": ""Italian"", ""iso_639_1"": ""it"", ""name"": ""Italiano""}, {""english_name"": ""English"", ""iso_639_1"": ""en"", ""name"": ""English""}]","[""TR"", ""IT"", ""FR""]",null
22376,Treasure Island,Treasure Island,"Young Jim Hawkins finds himself serving with pirate captain Long John Silver in search of a buccaneer's treasure, in this short adaptation of Robert Louis Stevenson's classic tale.",,Released,False,False,1972-10-01,94,0,0,1.2845,5.7,36,en,,tt0069229,/37sldJSCJGJeDKo5i5C99JWD0vR.jpg,/9H2DT6zp6StWXrUxiGyYZkK2pEN.jpg,"[{""id"": 12, ""name"": ""Adventure""}, {""id"": 10751, ""name"": ""Family""}]","[{""id"": 1426, ""logo_path"": null, ""name"": ""Towers of London Productions"", ""origin_country"": ""GB""}]","[{""iso_3166_1"": ""FR"", ""name"": ""France""}, {""iso_3166_1"": ""DE"", ""name"": ""Germany""}, {""iso_3166_1"": ""IT"", ""name"": ""Italy""}, {""iso_3166_1"": ""ES"", ""name"": ""Spain""}, {""iso_3166_1"": ""GB"", ""name"": ""United Kingdom""}]","[{""english_name"": ""English"", ""iso_639_1"": ""en"", ""name"": ""English""}, {""english_name"": ""Italian"", ""iso_639_1"": ""it"", ""name"": ""Italiano""}]","[""DE"", ""FR"", ""IT"", ""GB""]",null
22377,The Green Berets,The Green Berets,Col. Mike Kirby picks two teams of crack Green Berets for two missions in South Vietnam. The first is to strengthen a camp that is trying to be taken by the enemy. The second is to kidnap a North Vietnamese General.,A special force in a special kind of hell!,Released,False,False,1968-07-04,142,7000000,11000000,2.6468,5.7,186,en,,tt0063035,/e3y5qhIPg7uFEoVRvx2GvOc4UMg.jpg,/AdmBs6jpiFJfS3wjqN013gul03Y.jpg,"[{""id"": 10752, ""name"": ""War""}, {""id"": 18, ""name"": ""Drama""}]","[{""id"": 2532, ""logo_path"": ""/qxGytGpK9htSl6xxv9qP1dG656e.png"", ""name"": ""Batjac Productions"", ""origin_country"": ""US""}]","[{""iso_3166_1"": ""US"", ""name"": ""United States of America""}]","[{""english_name"": ""Danish"", ""iso_639_1"": ""da"", ""name"": ""Dansk""}, {""english_name"": ""English"", ""iso_639_1"": ""en"", ""name"": ""English""}, {""english_name"": ""Vietnamese"", ""iso_639_1"": ""vi"", ""name"": ""Ti\u1ebfng Vi\u1ec7t""}, {""english_name"": ""German"", ""iso_639_1"": ""de"", ""name"": ""Deutsch""}]","[""US""]",null
22379,Slipstream,Slipstream,"In the near future, where Earth has been devastated by man's pollution and giant winds rule the planet, bounty hunter Matt kidnaps a murderer out of the hands of two police officers, planning to get the bounty himself.",From the depths of the earth. To the edge of existence... The hunt is on!,Released,False,False,1989-06-22,102,0,0,1.3611,4.3,58,en,,tt0098350,/vdheFSJHXDr2Z7F4mJHJkQt8I3N.jpg,/4LVglnqmB0WVNV8J5NnrOPyJdx.jpg,"[{""id"": 878, ""name"": ""Science Fiction""}, {""id"": 12, ""name"": ""Adventure""}]","[{""id"": 115810, ""logo_path"": null, ""name"": ""Entertainment Film"", ""origin_country"": """"}]","[{""iso_3166_1"": ""GB"", ""name"": ""United Kingdom""}]","[{""english_name"": ""English"", ""iso_639_1"": ""en"", ""name"": ""English""}]","[""US"", ""GB""]",null
22383,The Professionals,The Professionals,An arrogant Texas millionaire hires four adventurers to rescue his kidnapped wife from a notorious Mexican bandit.,"Rough, tough and ready.",Released,False,False,1966-11-01,117,0,0,4.6199,7.09,333,en,,tt0060862,/sH4Clw7QrtH23xl9o4sOpHNkRIz.jpg,/jJKjniDrS1FaWiSgOBxjjTe6ME.jpg,"[{""id"": 37, ""name"": ""Western""}, {""id"": 12, ""name"": ""Adventure""}, {""id"": 28, ""name"": ""Action""}]","[{""id"": 5, ""logo_path"": ""/71BqEFAF4V3qjjMPCpLuyJFB9A.png"", ""name"": ""Columbia Pictures"", ""origin_country"": ""US""}]","[{""iso_3166_1"": ""US"", ""name"": ""United States of America""}]","[{""english_name"": ""English"", ""iso_639_1"": ""en"", ""name"": ""English""}, {""english_name"": ""Spanish"", ""iso_639_1"": ""es"", ""name"": ""Espa\u00f1ol""}]","[""US""]",null
22385,Savage Harvest,Savage Harvest,"A family in Africa is besieged by a group of lions, driven to desperation by the drought.","First, they prey on human fear ... then they feed on it!",Released,False,False,1981-04-11,87,0,0,1.1617,5.7,11,en,,tt0083034,/oIpmzw8fmmU5TsooeFfLDvjmxov.jpg,/7kmhsT12I6tdNU2A8X2mkMtfEwD.jpg,"[{""id"": 27, ""name"": ""Horror""}, {""id"": 53, ""name"": ""Thriller""}, {""id"": 18, ""name"": ""Drama""}]","[{""id"": 4577, ""logo_path"": null, ""name"": ""Birchclass Productions"", ""origin_country"": """"}, {""id"": 4578, ""logo_path"": null, ""name"": ""Savage Harvest Inc."", ""origin_country"": ""US""}]","[{""iso_3166_1"": ""US"", ""name"": ""United States of America""}]","[{""english_name"": ""English"", ""iso_639_1"": ""en"", ""name"": ""English""}]","[""US""]",null
22386,Come September,Come September,"Robert Talbot, an American millionaire, arrives early for his annual vacation at his luxurious Italian villa. His long-time girlfriend Lisa has given up waiting for him and has decided to marry another man. Meanwhile, his sneaky business associate Maurice secretly misappropriates the villa as a hotel while Talbot is away. The current guests of the ""hotel"" are a group of young American girls.",A Quiet hideaway... A Secret rendezvous... then the teen-agers barged in!,Released,False,False,1961-08-09,112,0,14170000,1.7107,6.8,79,en,,tt0054759,/zCG13x6TxmsXJCsW0BAhBOTxxOI.jpg,/9IIoVqEM1xLvNnKmKxRdI2VTGSg.jpg,"[{""id"": 35, ""name"": ""Comedy""}, {""id"": 10749, ""name"": ""Romance""}]","[{""id"": 10330, ""logo_path"": ""/vevakirICdmHxRPeZUdbjFqcFLM.png"", ""name"": ""Universal International Pictures"", ""origin_country"": ""US""}, {""id"": 17455, ""logo_path"": null, ""name"": ""Raoul Walsh Enterprises"", ""origin_country"": """"}]","[{""iso_3166_1"": ""US"", ""name"": ""United States of America""}]","[{""english_name"": ""English"", ""iso_639_1"": ""en"", ""name"": ""English""}, {""english_name"": ""Italian"", ""iso_639_1"": ""it"", ""name"": ""Italiano""}]","[""US""]",null
22387,Random Harvest,Random Harvest,"Wandered away from his asylum, an amnesiac World War I veteran falls in love with a music hall star but his amnesia makes it difficult to last.",He had found love - lost it - and now had found it again!,Released,False,False,1942-12-17,125,1210000,8147000,1.2133,7.3,113,en,,tt0035238,/x5W3FOGmifwK3e8IhLDQYvURIw2.jpg,/oQcCWP7VglRaxOm20BPEgHGJNw4.jpg,"[{""id"": 10749, ""name"": ""Romance""}, {""id"": 18, ""name"": ""Drama""}]","[{""id"": 21, ""logo_path"": ""/usUnaYV6hQnlVAXP6r4HwrlLFPG.png"", ""name"": ""Metro-Goldwyn-Mayer"", ""origin_country"": ""US""}]","[{""iso_3166_1"": ""US"", ""name"": ""United States of America""}]","[{""english_name"": ""English"", ""iso_639_1"": ""en"", ""name"": ""English""}]","[""US""]",null
22390,Pardners,Pardners,"Rich momma's boy Wade Kingsley Jr. an Eastern dude, tries to follow in his murdered father's footsteps by returning to the West to partner up with Slim Moseley Jr.,the son of his father's former partner. Wade overcomes Slim's initial reluctance to accept him by using his fortune to buy a prize cow and new car to help Slim in his job as foreman on the Kingsley family ranch, currently under siege by a gang of outlaws called ""masked raiders."" Wade generously tries to pay off the ranch's mortgage with $15,000 of his own money, but unfortunately neither ""pardner"" realizes that respected banker Dan Hollis, the son of their fathers' murderer, is the leader of the gang.",You'll Ride With 'Em! Shoot With 'Em! Laugh With 'Em! In The Biggest Bestest Funniest Most Musical Western Yet!,Released,False,False,1956-08-01,88,0,0,1.5964,6.6,62,en,,tt0049593,/hOwKUmyVhmvPdOudF9S3vde0Ky6.jpg,/3FTIFfsr01Kwfe2yqEC3BDAKkwz.jpg,"[{""id"": 35, ""name"": ""Comedy""}, {""id"": 37, ""name"": ""Western""}]","[{""id"": 3865, ""logo_path"": null, ""name"": ""York Pictures Corporation"", ""origin_country"": ""US""}]","[{""iso_3166_1"": ""US"", ""name"": ""United States of America""}]","[{""english_name"": ""English"", ""iso_639_1"": ""en"", ""name"": ""English""}, {""english_name"": ""Italian"", ""iso_639_1"": ""it"", ""name"": ""Italiano""}]","[""US""]",null
22391,Walker Payne,Walker Payne,"A small-town father is forced to make difficult, heartbreaking decisions in order to save his two daughters.",,Released,False,False,2006-04-27,117,0,0,1.4136,4.2,8,en,,tt0457523,/ofvusIpaRVOCJOvZUsuiOZn0tJo.jpg,/cAruzuiatXbOKOVex7VHpTBMPbY.jpg,"[{""id"": 18, ""name"": ""Drama""}]","[{""id"": 810, ""logo_path"": null, ""name"": ""Persistent Entertainment"", ""origin_country"": """"}, {""id"": 8116, ""logo_path"": null, ""name"": ""Wind Dancer Productions"", ""origin_country"": """"}]","[{""iso_3166_1"": ""US"", ""name"": ""United States of America""}]","[{""english_name"": ""English"", ""iso_639_1"": ""en"", ""name"": ""English""}]","[""US""]",null
22394,Great White Odyssey,Great White Odyssey,"Follow a deep-sea expedition with world-renowned shark experts Michael Scholl &amp; Ramon Bonfil as they tag a 12-foot great white, named for Nicole Kidman, on an epic journey across an ocean that threatens her survival.",,Released,False,False,2008-01-01,46,0,0,0.3099,6.0,1,en,,tt1505118,/2pT579R2go36G1Nd0zCbkBPmVNw.jpg,,"[{""id"": 99, ""name"": ""Documentary""}]","[{""id"": 7521, ""logo_path"": ""/fRqMjLjyAqThtEg9P9WKCXLmCpJ.png"", ""name"": ""National Geographic"", ""origin_country"": ""US""}]",[],"[{""english_name"": ""English"", ""iso_639_1"": ""en"", ""name"": ""English""}]","[""US""]",null
22396,"China 9, Liberty 37","Amore, piombo e furore","Gunslinger Clayton Drumm is about to be hanged when he is given a chance to live if he agrees to murder Matthew, a miner who has steadfastly refused to sell his land to the railroad company. Matthew’s refusal is a major obstacle to the railroad’s plans for expansion.",The deadliest crossroad.,Released,False,False,1978-08-04,105,0,0,1.3942,5.3,30,it,,tt0077327,/uPLXVL9cvMI29McjLnBcldZizeJ.jpg,/vTw5cU2Rym7kJSwElLEg0GauYRs.jpg,"[{""id"": 28, ""name"": ""Action""}, {""id"": 37, ""name"": ""Western""}]","[{""id"": 7870, ""logo_path"": null, ""name"": ""Aspa"", ""origin_country"": ""ES""}, {""id"": 10499, ""logo_path"": null, ""name"": ""Compagnia Europea Cinematografica"", ""origin_country"": ""IT""}]","[{""iso_3166_1"": ""IT"", ""name"": ""Italy""}, {""iso_3166_1"": ""ES"", ""name"": ""Spain""}]","[{""english_name"": ""Italian"", ""iso_639_1"": ""it"", ""name"": ""Italiano""}, {""english_name"": ""English"", ""iso_639_1"": ""en"", ""name"": ""English""}]","[""IT""]",null
22398,Tenderness,Tenderness,A hardened cop tries to unravel the past to discover whether a violent teenager was responsible for the murder of his family. A confused fifteen-year-old runaway becomes enthralled with the young man.,The intimacy of the kill,Released,False,False,2009-01-15,101,0,0,1.6564,5.2,126,en,,tt0494864,/80nXswqLylZHzU1XmWvSxSzAf9Z.jpg,/qFWqX9VrE3D4aM9JDZqQFjpEDic.jpg,"[{""id"": 80, ""name"": ""Crime""}, {""id"": 18, ""name"": ""Drama""}, {""id"": 53, ""name"": ""Thriller""}]","[{""id"": 4090, ""logo_path"": null, ""name"": ""Hanson Allen Films"", ""origin_country"": """"}, {""id"": 3766, ""logo_path"": null, ""name"": ""Ideal Partners"", ""origin_country"": ""US""}, {""id"": 19323, ""logo_path"": null, ""name"": ""TurtleBack Productions"", ""origin_country"": ""US""}, {""id"": 1632, ""logo_path"": ""/cisLn1YAUuptXVBa0xjq7ST9cH0.png"", ""name"": ""Lionsgate"", ""origin_country"": ""US""}, {""id"": 2150, ""logo_path"": null, ""name"": ""GreeneStreet Films"", ""origin_country"": ""US""}]","[{""iso_3166_1"": ""US"", ""name"": ""United States of America""}]","[{""english_name"": ""English"", ""iso_639_1"": ""en"", ""name"": ""English""}]","[""US""]",null
22404,Man Hunt,Man Hunt,"Shortly before the start of WW2, renowned British big-game hunter Alan Thorndike, vacationing in Bavaria, has Hitler in his gun sight. He is captured, beaten, left for dead, and escapes back to London where he is hounded by Nazi agents and aided by a young woman.",One of the Most Gripping Scenes Ever Filmed...as two world-famous hunters stalk each Other!,Released,False,False,1941-06-13,105,0,0,1.5784,6.9,122,en,,tt0033873,/5cQ3rmbzMcVeExlAyhgcJXlGgSO.jpg,/oPhyvR1UJ7qfOp1697HKz9xmtJP.jpg,"[{""id"": 53, ""name"": ""Thriller""}, {""id"": 10752, ""name"": ""War""}]","[{""id"": 25, ""logo_path"": ""/qZCc1lty5FzX30aOCVRBLzaVmcp.png"", ""name"": ""20th Century Fox"", ""origin_country"": ""US""}]","[{""iso_3166_1"": ""US"", ""name"": ""United States of America""}]","[{""english_name"": ""German"", ""iso_639_1"": ""de"", ""name"": ""Deutsch""}, {""english_name"": ""English"", ""iso_639_1"": ""en"", ""name"": ""English""}]","[""US""]",null
22406,The Phantom Cowboy,The Phantom Cowboy,Bill Collins has a look alike the Phantom who beats Houston robbery plan. However the Phantom is shot by Houston’s men. Bill finding him dying isn’t aware that Houston is just about the get him too…,,Released,False,False,1935-01-01,55,0,0,0.3868,0.0,0,en,,tt0232307,/5tzzsOoCpYDudgPFFbA3juKivyC.jpg,/jqeau06MVBHasuV27aLkPjzqZEn.jpg,"[{""id"": 37, ""name"": ""Western""}]","[{""id"": 83304, ""logo_path"": null, ""name"": ""Aywon Film"", ""origin_country"": """"}]","[{""iso_3166_1"": ""US"", ""name"": ""United States of America""}]","[{""english_name"": ""English"", ""iso_639_1"": ""en"", ""name"": ""English""}]","[""US""]",null
22407,Theo Maassen: Tegen beter weten in,Theo Maassen: Tegen beter weten in,"Maassen won two of the biggest comedy contests in the Netherlands in 1990, the Groninger Studenten Cabaret Festival(GSCF), and Cameretten. The GSCF jury was not pleased with the quality of the contestants that year, and gave Maassen the first prize, remarking he was the best of the year, but still not very good. In the following years, however, Maassen fame grew steadily, especially amongst students. Maassens style was based on stand-up comedy: Alone on stage, telling jokes and stories to amuse the public, without any musical support (a thing common for most Dutch comedians up to that point). Since 2000, Maassens shows are shown on Dutch national television, making him more and more a household name.",,Released,False,True,2006-12-30,85,0,0,0.0796,7.1,8,nl,http://www.theomaassen.nl/,tt0951386,/EWRPpTu04sSvXzDalMY3SLatzp.jpg,/nsAf4BYWQ0pP5GUgbtUoRw0W1wd.jpg,"[{""id"": 35, ""name"": ""Comedy""}]","[{""id"": 40687, ""logo_path"": null, ""name"": ""TM Producties"", ""origin_country"": """"}]","[{""iso_3166_1"": ""NL"", ""name"": ""Netherlands""}]","[{""english_name"": ""Dutch"", ""iso_639_1"": ""nl"", ""name"": ""Nederlands""}]","[""NL""]",null
22408,Rage at Dawn,Rage at Dawn,"In this film's version of the story, four of the Reno Brothers are corrupt robbers and killers while a fifth, Clint is a respected Indiana farmer. A sister, Laura, who has inherited the family home, serves the outlaw brothers as a housekeeper and cook. One brother is killed when they go after a bank, the men of the town appear to have been waiting for them…",SHOWDOWN AT SUNUP!,Released,False,False,1955-03-26,87,0,0,2.1015,6.1,27,en,,tt0048535,/oL49nHaB2SnhCDUHLcqqSBzcoXi.jpg,/gCBiGB16GoBFIwL2CFFsOcLhPOF.jpg,"[{""id"": 28, ""name"": ""Action""}, {""id"": 37, ""name"": ""Western""}]","[{""id"": 16331, ""logo_path"": null, ""name"": ""Nat Holt Productions"", ""origin_country"": ""US""}]","[{""iso_3166_1"": ""US"", ""name"": ""United States of America""}]","[{""english_name"": ""English"", ""iso_639_1"": ""en"", ""name"": ""English""}]","[""US""]",null
22411,Shaolin Girl,少林少女,A Shaolin-trainer young woman returns to Japan to resuscitate her grandfather's defunct martial arts school.,,Released,False,False,2008-04-26,107,0,0,2.2999,5.0,29,ja,,tt1133594,/tLcN3Rh2cfh5tQscaR6izDf0Pxl.jpg,/oj0qXji5euzeIs34Clc78FpNsaP.jpg,"[{""id"": 28, ""name"": ""Action""}, {""id"": 35, ""name"": ""Comedy""}]","[{""id"": 3341, ""logo_path"": ""/dTG5dXE1kU2mpmL9BNnraffckLU.png"", ""name"": ""Fuji Television Network"", ""origin_country"": ""JP""}, {""id"": 3656, ""logo_path"": ""/mY6L0bHRp8fNWfICPqLjxp3khvq.png"", ""name"": ""GAGA Communications"", ""origin_country"": ""JP""}, {""id"": 882, ""logo_path"": ""/fRSWWjquvzcHjACbtF53utZFIll.png"", ""name"": ""TOHO"", ""origin_country"": ""JP""}, {""id"": 6681, ""logo_path"": ""/s4RElEnQyM2VrHZCQ3jYemPdxML.png"", ""name"": ""THE KLOCKWORX"", ""origin_country"": ""JP""}, {""id"": 3477, ""logo_path"": null, ""name"": ""Star Overseas"", ""origin_country"": ""HK""}]","[{""iso_3166_1"": ""HK"", ""name"": ""Hong Kong""}, {""iso_3166_1"": ""JP"", ""name"": ""Japan""}]","[{""english_name"": ""Cantonese"", ""iso_639_1"": ""cn"", ""name"": ""\u5e7f\u5dde\u8bdd / \u5ee3\u5dde\u8a71""}, {""english_name"": ""Japanese"", ""iso_639_1"": ""ja"", ""name"": ""\u65e5\u672c\u8a9e""}, {""english_name"": ""Mandarin"", ""iso_639_1"": ""zh"", ""name"": ""\u666e\u901a\u8bdd""}]","[""JP"", ""HK""]",null
22412,Catatan Akhir Sekolah,Catatan Akhir Sekolah,"Determined not to graduate as losers, best friends Agni, Alde, and Arian set out to shoot a documentary chronicling their last days in high school.",,Released,False,False,2005-03-31,110,0,0,0.5204,5.8,6,id,,tt1045824,/ft9xulnQQ3Xf9X14lMBZCkIvaoR.jpg,/sFEUHBj9iFGQvMOe2sPbGGvCBIy.jpg,"[{""id"": 18, ""name"": ""Drama""}]","[{""id"": 74336, ""logo_path"": null, ""name"": ""Rexinema"", ""origin_country"": ""ID""}, {""id"": 4091, ""logo_path"": null, ""name"": ""Rexinema"", ""origin_country"": """"}]","[{""iso_3166_1"": ""ID"", ""name"": ""Indonesia""}]","[{""english_name"": ""Indonesian"", ""iso_639_1"": ""id"", ""name"": ""Bahasa indonesia""}]","[""ID""]",null
22414,Postcards from the Edge,Postcards from the Edge,A substance-addicted actress tries to look on the bright side even as she's forced to move back in with her mother to avoid unemployment.,"Having a wonderful time, wish I were here.",Released,False,False,1990-09-14,101,22000000,39071603,2.454,6.6,287,en,,tt0100395,/uF7bO5UcenRgag0jpbVvKsGyfBK.jpg,/3ZZmVV83jc1fUwSwRnXsLBBcPxN.jpg,"[{""id"": 35, ""name"": ""Comedy""}, {""id"": 18, ""name"": ""Drama""}]","[{""id"": 5, ""logo_path"": ""/71BqEFAF4V3qjjMPCpLuyJFB9A.png"", ""name"": ""Columbia Pictures"", ""origin_country"": ""US""}]","[{""iso_3166_1"": ""US"", ""name"": ""United States of America""}]","[{""english_name"": ""English"", ""iso_639_1"": ""en"", ""name"": ""English""}]","[""US""]",null
22419,Camille,Camille,A twisted honeymoon adventure about a young couple on their way to Niagara Falls.,A romantic comedy about a marriage that truly is forever.,Released,False,False,2008-04-13,94,6000000,0,1.9751,6.2,110,en,http://www.camillemovie.com/,tt0462219,/1rRHC7aOlDiijXJHyy4hkwLdJck.jpg,/xsD985jyvQuSD1NZi1zWXCcLvCB.jpg,"[{""id"": 35, ""name"": ""Comedy""}, {""id"": 18, ""name"": ""Drama""}, {""id"": 10749, ""name"": ""Romance""}]","[{""id"": 2248, ""logo_path"": null, ""name"": ""A-Mark Entertainment"", ""origin_country"": """"}]","[{""iso_3166_1"": ""GB"", ""name"": ""United Kingdom""}]","[{""english_name"": ""English"", ""iso_639_1"": ""en"", ""name"": ""English""}]","[""US"", ""GB""]",null
22421,The Rainbow Troops,Laskar Pelangi,A group of 10 students struggles with poverty and develop hopes for the future in Gantong Village on the farming and tin mining island of Belitung.,,Released,False,False,2008-09-25,120,800000,9000000,0.6581,7.4,27,id,,tt1301264,/qoiVrVK09K7GQfrTnRUcAclu3L.jpg,/2IRvEfq33ytOOpavtnblEQHI9Yi.jpg,"[{""id"": 18, ""name"": ""Drama""}]","[{""id"": 63784, ""logo_path"": ""/ecb8LcbexpA6Hes3D9AG447d9Bv.png"", ""name"": ""Miles Films"", ""origin_country"": ""ID""}, {""id"": 61689, ""logo_path"": ""/IuFq7CzChUsYNfbtOzAS2CSXN3.png"", ""name"": ""Mizan Productions"", ""origin_country"": ""ID""}]","[{""iso_3166_1"": ""ID"", ""name"": ""Indonesia""}]","[{""english_name"": ""Indonesian"", ""iso_639_1"": ""id"", ""name"": ""Bahasa indonesia""}]","[""ID""]","{""id"": 997746, ""name"": ""Laskar Pelangi Collection"", ""poster_path"": null, ""backdrop_path"": null}"
22422,The Coffin,โลงต่อตาย,"Following the Thai custom to cheat death and rid oneself of bad luck, a man who lays in a coffin for an evening subsequently experiences a series of terrifying incidents.",Tempt fate. Cheat death.,Released,False,False,2008-10-30,86,0,0,1.1965,4.1,25,th,http://www.thecoffin-movie.com/en/,tt0460749,/dZUI9SSzbSChQK0a6StP5FF4M8H.jpg,/vRcsoNl7hFzGQCOfSGmQ2jnQzwU.jpg,"[{""id"": 27, ""name"": ""Horror""}, {""id"": 53, ""name"": ""Thriller""}]","[{""id"": 3945, ""logo_path"": ""/sLqZ7WobXaGlPmti1yi6TFv5QuF.png"", ""name"": ""Triumphant Pictures"", ""origin_country"": ""US""}, {""id"": 685, ""logo_path"": null, ""name"": ""Cineclick Asia"", ""origin_country"": ""KR""}, {""id"": 28410, ""logo_path"": null, ""name"": ""TIFA"", ""origin_country"": ""TH""}, {""id"": 123171, ""logo_path"": null, ""name"": ""Scorpio East Pictures"", ""origin_country"": ""SG""}]","[{""iso_3166_1"": ""SG"", ""name"": ""Singapore""}, {""iso_3166_1"": ""TH"", ""name"": ""Thailand""}, {""iso_3166_1"": ""KR"", ""name"": ""South Korea""}, {""iso_3166_1"": ""US"", ""name"": ""United States of America""}]","[{""english_name"": ""Thai"", ""iso_639_1"": ""th"", ""name"": ""\u0e20\u0e32\u0e29\u0e32\u0e44\u0e17\u0e22""}, {""english_name"": ""English"", ""iso_639_1"": ""en"", ""name"": ""English""}]","[""KR"", ""SG"", ""TH"", ""US""]",null
22423,Guilty by Suspicion,Guilty by Suspicion,"Owing to his alleged involvement with communist parties, film director David Merrill is forbidden from working in Hollywood. He decides to fight for his rights and faces numerous challenges.",All it took was a whisper,Released,False,False,1991-03-15,100,13000000,9480198,2.081,6.471,189,en,,tt0101984,/fUpxydE70PNWr7Tu5WpefNnTv2i.jpg,/y0aXFiCRAKOLsRG5kmY7V0EP0Nz.jpg,"[{""id"": 18, ""name"": ""Drama""}, {""id"": 53, ""name"": ""Thriller""}]","[{""id"": 174, ""logo_path"": ""/zhD3hhtKB5qyv7ZeL4uLpNxgMVU.png"", ""name"": ""Warner Bros. Pictures"", ""origin_country"": ""US""}, {""id"": 508, ""logo_path"": ""/4sGWXoboEkWPphI6es6rTmqkCBh.png"", ""name"": ""Regency Enterprises"", ""origin_country"": ""US""}]","[{""iso_3166_1"": ""US"", ""name"": ""United States of America""}]","[{""english_name"": ""English"", ""iso_639_1"": ""en"", ""name"": ""English""}]","[""US""]",null
22424,Hans Teeuwen: Industry of Love,Hans Teeuwen: Industry of Love,"Teeuwens fifth stand-up show is about love. Small, large, hidden, the physical, the famous and the improper love. Hans Teeuwen unravels that love into forms that you do not recognize, but can very surely sense.",,Released,False,False,2004-01-01,105,0,0,0.1975,5.9,4,nl,,tt0498913,/hHP4VMHYjWy8ufKMY1XbunHD15p.jpg,/lkDeyW0U0hcXcJaGSqFRwZbB8QV.jpg,"[{""id"": 35, ""name"": ""Comedy""}]","[{""id"": 4092, ""logo_path"": null, ""name"": ""Hummelinck Stuurman Producties"", ""origin_country"": """"}, {""id"": 29459, ""logo_path"": ""/el8phAL6Xa6vXvvaQNiELmEOgx8.png"", ""name"": ""VARA"", ""origin_country"": ""NL""}]","[{""iso_3166_1"": ""NL"", ""name"": ""Netherlands""}]","[{""english_name"": ""Dutch"", ""iso_639_1"": ""nl"", ""name"": ""Nederlands""}]","[""NL""]",null
22425,The Alternate,The Alternate,The NSA is brought in to investigate a group of scientists after one of them breaks into a time travel facility and makes an unapproved time jump without leaving record of his travel log.,,Released,False,False,2008-01-01,22,0,0,0.1346,0.0,0,en,,tt1588297,,,"[{""id"": 878, ""name"": ""Science Fiction""}]",[],"[{""iso_3166_1"": ""US"", ""name"": ""United States of America""}]","[{""english_name"": ""English"", ""iso_639_1"": ""en"", ""name"": ""English""}]","[""US""]",null
22426,The Alternate,The Alternate,"The President of the United States, in the midst of negative public opinion, is kidnapped while attending a charity function. However, this is all part of a plan to boost his ratings, the 'kidnappers' being a CIA black ops team. It seems like a great idea until the leader of the black ops decides he can make it away with the ransom money himself, but one of his team has other ideas.","Kill the President, kill the hostages, escape. A great idea!",Released,False,False,2000-04-07,95,0,0,1.4732,2.9,15,en,,tt0203835,/mu61lmfOrBJB1SNUoRSszteVl5.jpg,/533QaIARse7ylLVdTye8yFNMjdS.jpg,"[{""id"": 28, ""name"": ""Action""}, {""id"": 53, ""name"": ""Thriller""}]","[{""id"": 1020, ""logo_path"": ""/kuUIHNwMec4dwOLghDhhZJzHZTd.png"", ""name"": ""Millennium Media"", ""origin_country"": ""US""}, {""id"": 925, ""logo_path"": ""/dIb9hjXNOkgxu4kBWdIdK8nM4w.png"", ""name"": ""Nu Image"", ""origin_country"": ""US""}]","[{""iso_3166_1"": ""ZA"", ""name"": ""South Africa""}, {""iso_3166_1"": ""US"", ""name"": ""United States of America""}]","[{""english_name"": ""English"", ""iso_639_1"": ""en"", ""name"": ""English""}]","[""US""]",null
22427,Blue Collar Comedy Tour Rides Again,Blue Collar Comedy Tour Rides Again,"Celebrated comedians Jeff Foxworthy, Larry the Cable Guy, Bill Engvall, and Ron White are reunited by popular demand to bring back more of their blue collar humor. The first movie was a runaway hit and the latest installment of this concert experience allows you to once again see them perform their original material on stage, up close and personal, from the best seat in the house.",,Released,False,False,2004-12-05,106,2500000,0,0.5482,5.7,32,en,,tt0423871,/bWOHNsZ4MXMXhR5TwAU92ncd0UZ.jpg,/j5vG1ShHD1qWc7J6SrbpAyvDUjg.jpg,"[{""id"": 35, ""name"": ""Comedy""}, {""id"": 99, ""name"": ""Documentary""}]",[],"[{""iso_3166_1"": ""US"", ""name"": ""United States of America""}]","[{""english_name"": ""English"", ""iso_639_1"": ""en"", ""name"": ""English""}]","[""US""]",null
22429,Kyaa Kool Hai Hum,क्या कूल हैं हम,"When flatmates Karan and Rahul are unable to pay the rent, they are dramatically evicted. However, they sneak their way back in within hours as the building is being renovated.",,Released,False,False,2005-05-06,172,0,0,1.1267,4.9,35,hi,,tt0456500,/iR93RMNEKFZkmY5yWByW1Qqyen2.jpg,/yhyw3HTz6ndMiEkUbXbgTaBLx5f.jpg,"[{""id"": 35, ""name"": ""Comedy""}]",[],"[{""iso_3166_1"": ""IN"", ""name"": ""India""}]","[{""english_name"": ""Hindi"", ""iso_639_1"": ""hi"", ""name"": ""\u0939\u093f\u0928\u094d\u0926\u0940""}]","[""IN""]","{""id"": 606037, ""name"": ""Kya Kool Hain Hum Collection"", ""poster_path"": null, ""backdrop_path"": null}"
22430,Space Master X-7,Space Master X-7,"A fungus dubbed ""Blood Rust"" from outer space threatens to destroy the Earth.",Satellite Terror Strikes The Earth!,Released,False,False,1958-06-01,71,0,0,1.0854,4.8,12,en,,tt0052228,/7oLHxoLoJrMiWpGnq1dv1gNQfNz.jpg,/6Fqi11r79Tkg4UvF32dCjtyvv6N.jpg,"[{""id"": 878, ""name"": ""Science Fiction""}]","[{""id"": 13973, ""logo_path"": null, ""name"": ""Regal Films"", ""origin_country"": ""US""}]","[{""iso_3166_1"": ""US"", ""name"": ""United States of America""}]","[{""english_name"": ""English"", ""iso_639_1"": ""en"", ""name"": ""English""}, {""english_name"": ""German"", ""iso_639_1"": ""de"", ""name"": ""Deutsch""}]","[""US""]",null
22431,Theo Maassen: Ruwe Pit,Theo Maassen: Ruwe Pit,"Maassen won two of the biggest comedy contests in the Netherlands in 1990, the Groninger Studenten Cabaret Festival(GSCF), and Cameretten. The GSCF jury was not pleased with the quality of the contestants that year, and gave Maassen the first prize, remarking he was the best of the year, but still not very good. In the following years, however, Maassen fame grew steadily, especially amongst students. Maassens style was based on stand-up comedy: Alone on stage, telling jokes and stories to amuse the public, without any musical support (a thing common for most Dutch comedians up to that point).",,Released,False,True,1998-12-30,72,0,0,0.0516,6.2,4,nl,http://www.theomaassen.nl/,tt0869151,/rb3rKiP10QqUsi4iQyL3i4cUfTe.jpg,/9g9jn967WgUg9yFvY7Cw9HLisZd.jpg,"[{""id"": 35, ""name"": ""Comedy""}]","[{""id"": 134779, ""logo_path"": null, ""name"": ""Gr\u00fcnfeld Theaterproducties"", ""origin_country"": """"}, {""id"": 29459, ""logo_path"": ""/el8phAL6Xa6vXvvaQNiELmEOgx8.png"", ""name"": ""VARA"", ""origin_country"": ""NL""}]","[{""iso_3166_1"": ""NL"", ""name"": ""Netherlands""}]","[{""english_name"": ""Dutch"", ""iso_639_1"": ""nl"", ""name"": ""Nederlands""}]","[""NL""]",null
22434,If Looks Could Kill,If Looks Could Kill,"Michael Corben, along with the rest of his high-school French class, sets out for a trip to France when he is mistaken for an agent of the same name. He is beseiged by both the good guys and the bad guys. British Intelligence outfits him with a series of James-Bond-like gizmos, and Steranko sends more would-be assassins after him. Can Michael stop the evil Steranko's plans for European domination?",He's having the adventure of someone else's life.,Released,False,False,1991-03-15,88,0,7788597,1.8495,6.1,176,en,,tt0102095,/rTjcoGpHONeacV4zewHi1oSttW.jpg,/mmhw9ekCTtysCJwaUvHuA0z32FM.jpg,"[{""id"": 28, ""name"": ""Action""}, {""id"": 35, ""name"": ""Comedy""}]","[{""id"": 174, ""logo_path"": ""/zhD3hhtKB5qyv7ZeL4uLpNxgMVU.png"", ""name"": ""Warner Bros. Pictures"", ""origin_country"": ""US""}]","[{""iso_3166_1"": ""US"", ""name"": ""United States of America""}]","[{""english_name"": ""English"", ""iso_639_1"": ""en"", ""name"": ""English""}]","[""US""]",null
22435,Who Pulled the Plug?,Göta Kanal eller Vem drog ur proppen?,"To secure an order for 1 000 cabin cruisers from an Arab prince, two companies have to compete by racing each other by canal from Stockholm to Gothenburg. A small family owned company on the brink of bankruptcy is pitted against a much larger competitor and both resort to dirty tricks in order to reach the goal line first.",,Released,False,False,1981-12-18,99,0,0,0.8709,5.727,64,sv,,tt0082490,/s0IdVBOA3eqdSPtDyq81UP1H8lm.jpg,/srnxykgaJZ8dREAO2FzNCz6MI3J.jpg,"[{""id"": 35, ""name"": ""Comedy""}]","[{""id"": 17609, ""logo_path"": null, ""name"": ""Triangelfilm"", ""origin_country"": ""SE""}, {""id"": 1763, ""logo_path"": ""/mpT9ipd8lt4qMYzdnV8SN7VJdnA.png"", ""name"": ""Europa Film"", ""origin_country"": ""SE""}, {""id"": 7968, ""logo_path"": ""/eC1XrVCSgtfhjk9hF5qVyRzq25r.png"", ""name"": ""Drakfilm Produktion"", ""origin_country"": ""SE""}, {""id"": 2999, ""logo_path"": ""/zGSqFee9aDgDuLD6vcs2mcJUem4.png"", ""name"": ""SVT"", ""origin_country"": ""SE""}, {""id"": 3455, ""logo_path"": null, ""name"": ""Ri-Film"", ""origin_country"": ""SE""}]","[{""iso_3166_1"": ""SE"", ""name"": ""Sweden""}]","[{""english_name"": ""Norwegian"", ""iso_639_1"": ""no"", ""name"": ""Norsk""}, {""english_name"": ""Swedish"", ""iso_639_1"": ""sv"", ""name"": ""svenska""}]","[""SE""]","{""id"": 169329, ""name"": ""G\u00f6ta Canal Collection"", ""poster_path"": ""/tPsGWgS5aRlC41MQ7uKnSzFx5Ni.jpg"", ""backdrop_path"": null}"
22436,Who Pulled the Plug? 2,Göta Kanal 2 - kanalkampen,"Andersson's boatyard remains after 25 years, still chased by the same stringent, but misfortuned debt collector. TV producer Vonna Jigert wants Andersson to compete against an Italian company and their boat Fortuna in a race on Göta Kanal – live on TV. The race is broadcasted as a reality show. Same gangly canoer like 25 years ago also has a canoeing vacation on the canal when the race starts.",,Released,False,False,2006-12-25,95,0,0,0.9452,3.8,35,sv,,tt0756654,/g13KqwencLCNDtLREXkaQXOCvXv.jpg,/FcLlKDaLsGXNbU6iH5RuW0Ftzy.jpg,"[{""id"": 35, ""name"": ""Comedy""}]","[{""id"": 242, ""logo_path"": null, ""name"": ""GF Studios"", ""origin_country"": ""SE""}]","[{""iso_3166_1"": ""SE"", ""name"": ""Sweden""}]","[{""english_name"": ""English"", ""iso_639_1"": ""en"", ""name"": ""English""}, {""english_name"": ""Swedish"", ""iso_639_1"": ""sv"", ""name"": ""svenska""}]","[""SE""]","{""id"": 169329, ""name"": ""G\u00f6ta Canal Collection"", ""poster_path"": ""/tPsGWgS5aRlC41MQ7uKnSzFx5Ni.jpg"", ""backdrop_path"": null}"
22437,The Coffin,The Coffin,,,Released,False,False,1939-04-18,25,0,0,0.0,0.0,0,en,,tt0419650,,,[],[],[],[],"[""US""]",null
22440,Dracula's Daughter,Dracula's Daughter,A countess from Transylvania seeks a psychiatrist’s help to cure her vampiric cravings.,She gives you that WEIRD FEELING.,Released,False,False,1936-05-11,68,278380,0,1.4213,5.9,220,en,,tt0027545,/y7xBkkRLcg1I0fXHO4yYC5SwBCX.jpg,/coZolPUocZJG3Qgd1g4cyI2Qm6L.jpg,"[{""id"": 27, ""name"": ""Horror""}]","[{""id"": 33, ""logo_path"": ""/8lvHyhjr8oUKOOy2dKXoALWKdp0.png"", ""name"": ""Universal Pictures"", ""origin_country"": ""US""}]","[{""iso_3166_1"": ""US"", ""name"": ""United States of America""}]","[{""english_name"": ""German"", ""iso_639_1"": ""de"", ""name"": ""Deutsch""}, {""english_name"": ""English"", ""iso_639_1"": ""en"", ""name"": ""English""}]","[""US""]","{""id"": 221539, ""name"": ""Dracula (Universal) Collection"", ""poster_path"": ""/hIOe14I3uVsTJvu9obaXaAzo8ri.jpg"", ""backdrop_path"": ""/sdbStuQ5qEPZqqWUlNlBd0dPtBT.jpg""}"
22442,Ruslaan,Ruslaan,,,Released,False,False,2009-09-11,0,0,0,0.0071,0.0,0,hi,,tt4479208,,,[],[],"[{""iso_3166_1"": ""IN"", ""name"": ""India""}]","[{""english_name"": ""Hindi"", ""iso_639_1"": ""hi"", ""name"": ""\u0939\u093f\u0928\u094d\u0926\u0940""}]","[""IN""]",null
22443,Vaada Raha... I Promise,वादा रहा... ई प्रॉमिस,"Dr. Duke Chawla, a paralytic patient awaits death as his fiancee leaves him. However, he befriends a boy who's terminally ill, helps him to live life the fullest.",,Released,False,False,2009-09-11,105,0,0,1.1269,8.5,2,hi,,tt1512321,/kwcPrhJxeweybWEYsLLHpvPCZuC.jpg,/8kE7O1I3h54SgMkrHO9edUJAXVh.jpg,"[{""id"": 18, ""name"": ""Drama""}]","[{""id"": 125024, ""logo_path"": null, ""name"": ""Top Angle Productions"", ""origin_country"": """"}]","[{""iso_3166_1"": ""IN"", ""name"": ""India""}]","[{""english_name"": ""Hindi"", ""iso_639_1"": ""hi"", ""name"": ""\u0939\u093f\u0928\u094d\u0926\u0940""}]","[""IN""]",null
22447,Is Anybody There?,Is Anybody There?,A young boy who lives in an old folks' home strikes up a friendship with a retired magician.,,Released,False,False,2009-04-17,95,0,0,1.9796,6.34,75,en,http://www.isanybodytheremovie.com/,tt1130088,/tgCW935L5JCY1tYgJ810kgXPFkf.jpg,/ApFIhEYIxYPgW7T3qIQ2e0VAMnS.jpg,"[{""id"": 18, ""name"": ""Drama""}]","[{""id"": 437, ""logo_path"": ""/nu20mtwbEIhUNnQ5NXVhHsNknZj.png"", ""name"": ""Heyday Films"", ""origin_country"": ""GB""}]","[{""iso_3166_1"": ""GB"", ""name"": ""United Kingdom""}]","[{""english_name"": ""English"", ""iso_639_1"": ""en"", ""name"": ""English""}]","[""US"", ""GB""]",null
22448,Awarapan,आवारापन,"A loyal henchman is ordered by his boss to keep an eye on his mistress, and trouble begins when he refuses to kill her.",,Released,False,False,2007-06-29,124,6000000,0,1.6413,6.9,48,hi,,tt1020937,/yVArEukDbkfNjxsynes4PWI4nlk.jpg,/hNHvjW48NwXKwncvU8XuTbr210o.jpg,"[{""id"": 28, ""name"": ""Action""}, {""id"": 18, ""name"": ""Drama""}, {""id"": 80, ""name"": ""Crime""}]","[{""id"": 3749, ""logo_path"": ""/vSqS9ovkpql7VN1HwTYwR5KexrB.png"", ""name"": ""Vishesh Films"", ""origin_country"": ""IN""}]","[{""iso_3166_1"": ""IN"", ""name"": ""India""}]","[{""english_name"": ""Hindi"", ""iso_639_1"": ""hi"", ""name"": ""\u0939\u093f\u0928\u094d\u0926\u0940""}]","[""IN""]",null
22449,I Just Didn't Do It,それでもボクはやってない,"A young man is falsely accused of molesting a high-school girl on a train. He is arrested and charged, and goes through endless court sessions, all the while insisting that he is innocent.",,Released,False,False,2007-01-20,143,0,0,3.2665,7.4,39,ja,,tt0794350,/8SWnHY5wBJioLuofYSBvnsYertg.jpg,/uRcTOiiSEsoHYgWGcvXgunZUH40.jpg,"[{""id"": 18, ""name"": ""Drama""}]","[{""id"": 882, ""logo_path"": ""/fRSWWjquvzcHjACbtF53utZFIll.png"", ""name"": ""TOHO"", ""origin_country"": ""JP""}, {""id"": 5099, ""logo_path"": ""/TN8pQL6oEqypiNvCqGop6wIGtg.png"", ""name"": ""Altamira Pictures"", ""origin_country"": ""JP""}, {""id"": 3341, ""logo_path"": ""/dTG5dXE1kU2mpmL9BNnraffckLU.png"", ""name"": ""Fuji Television Network"", ""origin_country"": ""JP""}]","[{""iso_3166_1"": ""JP"", ""name"": ""Japan""}]","[{""english_name"": ""Japanese"", ""iso_639_1"": ""ja"", ""name"": ""\u65e5\u672c\u8a9e""}]","[""JP""]",null
22450,Red Water,Red Water,"In the quiet waters of the Mississippi, body parts are being discovered. No one knows what is behind it all, until a huge man eating bull shark turns up. This bull shark is different, as it can breath in fresh water, making a deadly encounter between anyone who comes before it. John Sanders must now try and reach the surface, with his ex-wife and whilst being held hostage.",Fear strikes where you least expect it.,Released,False,False,2003-08-17,92,0,0,1.7415,4.0,57,en,,tt0365677,/lK45kc6m6wbRRFsh5nKXsNTh82C.jpg,/z97nIAAEPD0CFZvOnwoTheoKqEV.jpg,"[{""id"": 27, ""name"": ""Horror""}, {""id"": 28, ""name"": ""Action""}]","[{""id"": 3402, ""logo_path"": ""/lL6KVGwKdwH1Om90gffpK3GAT57.png"", ""name"": ""New Line Television"", ""origin_country"": ""US""}, {""id"": 11073, ""logo_path"": ""/wHs44fktdoj6c378ZbSWfzKsM2Z.png"", ""name"": ""Sony Pictures Television"", ""origin_country"": ""US""}]","[{""iso_3166_1"": ""US"", ""name"": ""United States of America""}]","[{""english_name"": ""English"", ""iso_639_1"": ""en"", ""name"": ""English""}]","[""US""]",null
22451,The Bone Snatcher,The Bone Snatcher,"After miners disappear in the Namib Desert, some scientists find their remains and the demonic creature that killed them.",It will scare you out of your skull.,Released,False,False,2003-12-23,90,0,0,0.873,4.5,64,en,,tt0343449,/kceAJpK27zaE2IdXU1iIzUHZcIt.jpg,/80MARgu7K3BWGFJ94Jrtc0sEwWZ.jpg,"[{""id"": 878, ""name"": ""Science Fiction""}, {""id"": 27, ""name"": ""Horror""}]","[{""id"": 25655, ""logo_path"": null, ""name"": ""Persistence Pictures Inc."", ""origin_country"": """"}, {""id"": 25654, ""logo_path"": null, ""name"": ""The Imaginarium"", ""origin_country"": """"}, {""id"": 23807, ""logo_path"": null, ""name"": ""ZenHQ Films"", ""origin_country"": """"}, {""id"": 10146, ""logo_path"": ""/xnFIOeq5cKw09kCWqV7foWDe4AA.png"", ""name"": ""Focus Features"", ""origin_country"": ""US""}]","[{""iso_3166_1"": ""ZA"", ""name"": ""South Africa""}, {""iso_3166_1"": ""CA"", ""name"": ""Canada""}, {""iso_3166_1"": ""GB"", ""name"": ""United Kingdom""}]","[{""english_name"": ""English"", ""iso_639_1"": ""en"", ""name"": ""English""}]","[""CA"", ""US"", ""GB""]",null
22452,The War on Democracy,The War on Democracy,"Set both in Latin America and the United States, the film explores the historic and current relationship of Washington with countries such as Venezuela, Bolivia and Chile. Pilger says that the film ""...tells a universal story... analysing and revealing, through vivid testimony, the story of great power behind its venerable myths. It allows us to understand the true nature of the so-called ""war on terror"". According to Pilger, the film’s message is that the greed and power of empire is not invincible and that people power is always the ""seed beneath the snow"".",Never believe anything until it is officially denied,Released,False,False,2007-06-15,96,0,0,0.8843,7.5,41,en,,tt1029172,/12oQAIiqYSjWmZtIY1XtHYpCk7Z.jpg,,"[{""id"": 36, ""name"": ""History""}, {""id"": 99, ""name"": ""Documentary""}, {""id"": 10752, ""name"": ""War""}]",[],"[{""iso_3166_1"": ""AU"", ""name"": ""Australia""}, {""iso_3166_1"": ""GB"", ""name"": ""United Kingdom""}]",[],"[""AU"", ""US"", ""GB""]",null
22454,Dirty Mind,Dirty Mind,"Shy loser Diego wakes up after an accident and has been transformed into Tony T. a smooth-talking no-holds-barred stuntman. Suffering from a case of Frontal Syndrome he's the perfect case-study for young neurologist Jaana. Everyone hopes that Diego will soon recover, except for Diego himself.",The Rise and Fall of Tony T,Released,False,False,2009-01-28,103,0,0,0.2299,5.8,13,nl,http://www.dirtymindthemovie.be/,tt1081964,/yThFfWy9Psnj0tdcjuQ0jiEFM64.jpg,,"[{""id"": 35, ""name"": ""Comedy""}, {""id"": 18, ""name"": ""Drama""}]",[],"[{""iso_3166_1"": ""BE"", ""name"": ""Belgium""}]","[{""english_name"": ""Dutch"", ""iso_639_1"": ""nl"", ""name"": ""Nederlands""}]","[""NL""]",null
22455,Body Melt,Body Melt,"Residents of peaceful Pebbles Court, Homesville, are being used unknowingly as test experiments for a new 'Body Drug' that causes rapid body decomposition (melting skin etc.) and painful death.",The first phase is hallucinogenic... the second phase is glandular... and the third phase is... BODY MELT,Released,False,False,1994-10-28,81,0,0,1.0751,5.1,112,en,,tt0106450,/3DhwXNsZ5X66aQi9VnJMPn1Xcsl.jpg,/jbunzjlC12ZNf84xD6v5HF3LlOo.jpg,"[{""id"": 35, ""name"": ""Comedy""}, {""id"": 27, ""name"": ""Horror""}, {""id"": 878, ""name"": ""Science Fiction""}]","[{""id"": 11840, ""logo_path"": ""/8oyCRYf6ezxB5h8HJIPVG8JjzgL.png"", ""name"": ""Film Victoria"", ""origin_country"": ""AU""}, {""id"": 417, ""logo_path"": ""/w7d3hoHQaC0XwjrxEG1yPeuUhu5.png"", ""name"": ""Australian Film Commission"", ""origin_country"": ""AU""}, {""id"": 85050, ""logo_path"": null, ""name"": ""Bodymelt Pty. Ltd."", ""origin_country"": """"}, {""id"": 85051, ""logo_path"": null, ""name"": ""Dumb Films"", ""origin_country"": """"}, {""id"": 2081, ""logo_path"": null, ""name"": ""Beyond Films"", ""origin_country"": ""US""}]","[{""iso_3166_1"": ""AU"", ""name"": ""Australia""}]","[{""english_name"": ""English"", ""iso_639_1"": ""en"", ""name"": ""English""}]","[""AU""]",null
22460,Deewaar,दीवार,"Haunted by the past, Vijay turns to crime, while Ravi, his brother, becomes an honest police officer. Fate pits them against each other when Ravi is sent to nab Vijay.",,Released,False,False,1975-01-24,174,0,0,1.0829,7.201,67,hi,,tt0072860,/alVHFaerbSgnuKhzSddJRNiCs8g.jpg,/ulxoNgk9HYenfQKJ5nihMOVIiW7.jpg,"[{""id"": 28, ""name"": ""Action""}, {""id"": 80, ""name"": ""Crime""}, {""id"": 18, ""name"": ""Drama""}]","[{""id"": 4027, ""logo_path"": null, ""name"": ""Trimurti Films Pvt. Ltd."", ""origin_country"": """"}]","[{""iso_3166_1"": ""IN"", ""name"": ""India""}]","[{""english_name"": ""Hindi"", ""iso_639_1"": ""hi"", ""name"": ""\u0939\u093f\u0928\u094d\u0926\u0940""}]","[""IN""]",null
22466,Rover Dangerfield,Rover Dangerfield,"Rover, a street-smart dog owned by a Las Vegas showgirl is dumped off Hoover Dam by the showgirl's boyfriend. Rather than drowning, Rover winds up in your basic idyllic farm in a classic city-boy-in-country shtick.",The dog who gets no respect,Released,False,False,1991-07-01,74,0,0,1.2318,5.3,74,en,,tt0102813,/dM73WqNaIPDj7lwRBOT2ioMFAsq.jpg,/tFlb2omDVP8NeHPp2NAz45AO2VC.jpg,"[{""id"": 16, ""name"": ""Animation""}, {""id"": 35, ""name"": ""Comedy""}, {""id"": 10751, ""name"": ""Family""}]","[{""id"": 7339, ""logo_path"": ""/zexXjo8l4IywMK3dKWN91M3Zd6k.png"", ""name"": ""Hyperion Pictures"", ""origin_country"": ""US""}, {""id"": 174, ""logo_path"": ""/zhD3hhtKB5qyv7ZeL4uLpNxgMVU.png"", ""name"": ""Warner Bros. Pictures"", ""origin_country"": ""US""}]","[{""iso_3166_1"": ""US"", ""name"": ""United States of America""}]","[{""english_name"": ""English"", ""iso_639_1"": ""en"", ""name"": ""English""}]","[""US""]",null
22467,Sensation White: 2005 - Netherlands,Sensation White: 2005 - Netherlands,"Sensation White 2005, Amsterdam Arena, Netherlands.",,Released,False,True,2005-07-03,80,0,0,0.131,4.2,2,en,http://www.sensation.com,,/zaQ34destGLt5JxLvar3WRp3KtD.jpg,,"[{""id"": 10402, ""name"": ""Music""}]","[{""id"": 4132, ""logo_path"": ""/f9Cn7jfdoDd4EeEY1XfOpucH3GI.png"", ""name"": ""ID&T"", ""origin_country"": """"}]","[{""iso_3166_1"": ""NL"", ""name"": ""Netherlands""}]","[{""english_name"": ""English"", ""iso_639_1"": ""en"", ""name"": ""English""}]","[""US""]",null
22468,The Presence,The Presence,After their plane crashes in the Pacific Ocean after a storm a group of people scramble to a tropical island. At first the place seems home to palm trees and exotic wildlife but on the discovery of a disused military base they find out the island poses a severe threat to them,From the past came an end to the future.,Released,False,False,1992-09-20,90,0,0,0.9462,4.0,14,en,,tt0104049,/vAJB9KKyv8SK3RqyHsfwDxDlB6M.jpg,/gYa57fw8D7oXOdc4ZjUqeaUSCEy.jpg,"[{""id"": 27, ""name"": ""Horror""}, {""id"": 53, ""name"": ""Thriller""}, {""id"": 10770, ""name"": ""TV Movie""}]","[{""id"": 5253, ""logo_path"": ""/cxgRBXMNcbcE0dIaeCc4tbDa4KI.png"", ""name"": ""NBC Productions"", ""origin_country"": ""US""}, {""id"": 19237, ""logo_path"": null, ""name"": ""Von Zerneck Sertner Films"", ""origin_country"": ""US""}]","[{""iso_3166_1"": ""US"", ""name"": ""United States of America""}]","[{""english_name"": ""English"", ""iso_639_1"": ""en"", ""name"": ""English""}]","[""US""]",null
22470,Sleepwalker,Sleepwalker,Ulrik Hansson is 45 years old and lives a secure life in a Swedish residential district together with his wife Monika and their two children. He's got a well-paid job as an architect and builds a new detached house which the family will move to. Everything is just great. He thinks. One morning he wakes up and shockingly discovers that they're gone. The whole family...,,Released,False,False,2000-08-04,95,0,0,0.2619,6.1,29,sv,,tt0228871,/odbnNGlaiCT7KerGG3jQ1XLsZ0T.jpg,/yKulAMi0l05dv6CQC9lxOt2Mnyf.jpg,"[{""id"": 9648, ""name"": ""Mystery""}, {""id"": 27, ""name"": ""Horror""}, {""id"": 53, ""name"": ""Thriller""}]","[{""id"": 1003, ""logo_path"": null, ""name"": ""Filmkameratene"", ""origin_country"": ""NO""}, {""id"": 6181, ""logo_path"": ""/gYyww91VI1jdH89xpZgFFc8zN3F.png"", ""name"": ""SF Studios"", ""origin_country"": ""SE""}, {""id"": 147891, ""logo_path"": null, ""name"": ""Filmnor AB"", ""origin_country"": """"}]","[{""iso_3166_1"": ""NO"", ""name"": ""Norway""}, {""iso_3166_1"": ""SE"", ""name"": ""Sweden""}]","[{""english_name"": ""Norwegian"", ""iso_639_1"": ""no"", ""name"": ""Norsk""}, {""english_name"": ""Swedish"", ""iso_639_1"": ""sv"", ""name"": ""svenska""}]","[""SE""]",null
22471,Yrrol: An Enormously Well Thought Out Movie,Yrrol - en kolossalt genomtänkt film,"Sketch comedy. Look forward to an evening of satire, smut, and contemporary issues in an unholy mix. What more could you want? In these gloomy times? How many times has it been said about a film: ""You've never seen anything like it""? This time, it's actually true. This film features, among other things, a bartender with a naked lower body, a double coffin with a built-in pie, a violent flight attendant, five screaming Salvation Army soldiers, a blind TV salesman, a dirty tennis ball and, of course, Uncle Bosse – dirtier than ever.",A film like any other.,Released,False,False,1994-10-28,88,0,0,0.6007,6.582,67,sv,,tt0111807,/6ZAmfe5jQnmKDeGQtyw63oRfKVW.jpg,/2K6xJVf5DUiNlhSanYB3AlffOjz.jpg,"[{""id"": 35, ""name"": ""Comedy""}]","[{""id"": 4521, ""logo_path"": null, ""name"": ""Cinema Art"", ""origin_country"": ""SE""}, {""id"": 4522, ""logo_path"": null, ""name"": ""Dalle Manus & Regi"", ""origin_country"": ""SE""}, {""id"": 4523, ""logo_path"": null, ""name"": ""Deadline"", ""origin_country"": """"}, {""id"": 87909, ""logo_path"": null, ""name"": ""Filmekonomi"", ""origin_country"": ""SE""}, {""id"": 447, ""logo_path"": null, ""name"": ""TV 1000 Sverige"", ""origin_country"": ""SE""}]","[{""iso_3166_1"": ""SE"", ""name"": ""Sweden""}]","[{""english_name"": ""Swedish"", ""iso_639_1"": ""sv"", ""name"": ""svenska""}]","[""SE""]",null
22472,Insecurity,Insecurity,"When offered four thousand dollars to break into a computer network, Leon(Peter Love) and Greg (Kurtis Wakefield) aren't concerned with something as petty as morality.The only real questions are what complications can arise from hacking into a small home business, what's wrong with the twenty year old daughter Madison (Zoe Tarling)...... and what should Greg do when his friend can't stop watching the girl on her own webcam - and without her knowledge.Insecurity is a full-length independent feature-film released for free under a creative commons 3.0 license.",,Released,False,False,2007-08-11,76,0,0,0.0407,5.0,5,en,,tt1265599,/1lTB80iWKt6QvRGESH6zjV1Y5Vi.jpg,,[],[],[],[],"[""US""]",null
22473,Neverwas,Neverwas,"Zach Riley is a psychiatrist, who leaves a job at a prestigious university, to take up a job at the privately run mental institution, Millwood. What he doesn't reveal at the time of his appointment is that this was the very place where his novelist father, T.L. Pierson, spent many years of his life.",Every fairy tale needs its hero.,Released,False,False,2005-09-09,103,0,11246,1.3731,6.4,136,en,,tt0418004,/qJVHrTJtGsSrWFNzVmKaoC71v33.jpg,/qOx8xsS2ph3Styv93GpAVC7jOr0.jpg,"[{""id"": 18, ""name"": ""Drama""}, {""id"": 53, ""name"": ""Thriller""}]","[{""id"": 4369, ""logo_path"": ""/9IOys9AslGUqSDk7SJhWkdEgTlX.png"", ""name"": ""Legacy Filmworks"", ""origin_country"": ""CA""}, {""id"": 4370, ""logo_path"": null, ""name"": ""Neverwas Productions"", ""origin_country"": """"}]","[{""iso_3166_1"": ""CA"", ""name"": ""Canada""}, {""iso_3166_1"": ""US"", ""name"": ""United States of America""}]","[{""english_name"": ""English"", ""iso_639_1"": ""en"", ""name"": ""English""}]","[""CA"", ""US""]",null
22476,Infestation,Infestation,"After being stung by a giant insect, Cooper learns that these bugs are attacking the whole city. He joins forces with the survivors, in order to find a way to counter-attack.",Prepare for global swarming!,Released,False,False,2009-02-05,91,0,0,1.5023,5.844,228,en,,tt1020543,/xIjmllDEP8UvH8eDZOtsTI3jigO.jpg,/eihYj44uDLyCSgUM6SoXNJIi1FX.jpg,"[{""id"": 28, ""name"": ""Action""}, {""id"": 35, ""name"": ""Comedy""}, {""id"": 27, ""name"": ""Horror""}, {""id"": 878, ""name"": ""Science Fiction""}]","[{""id"": 152, ""logo_path"": ""/rC2pFo4IBQVSVZvucDLwMRvZHfi.png"", ""name"": ""Icon Productions"", ""origin_country"": ""US""}, {""id"": 4097, ""logo_path"": null, ""name"": ""Heavy Duty Entertainment"", ""origin_country"": """"}]","[{""iso_3166_1"": ""US"", ""name"": ""United States of America""}]","[{""english_name"": ""English"", ""iso_639_1"": ""en"", ""name"": ""English""}]","[""US""]",null
22477,September,September,"After a suicide attempt, Lane has moved into her country house to recuperate. Her best friend, Stephanie, has come to join her for the summer. Lane's mother, Diane, has recently arrived with her husband Lloyd, Lane's stepfather. Lane is close to two neighbors: Peter, and Howard. Howard is in love with Lane, Lane is in love with Peter, and Peter is in love with Stephanie.","A compelling, emotional drama from one of the finest directors of our time... Woody Allen.",Released,False,False,1987-12-18,83,10000000,486434,1.8698,6.2,206,en,,tt0093940,/gTsFkvUt9wrGOZh6JNDSFd2LIBT.jpg,/XZociOva4LhCObUNEgqFfFPPHr.jpg,"[{""id"": 18, ""name"": ""Drama""}]","[{""id"": 41, ""logo_path"": ""/em0rOXVRu3qprWZCx58uDDV2fze.png"", ""name"": ""Orion Pictures"", ""origin_country"": ""US""}, {""id"": 13309, ""logo_path"": null, ""name"": ""Jack Rollins & Charles H. Joffe Productions"", ""origin_country"": ""US""}]","[{""iso_3166_1"": ""US"", ""name"": ""United States of America""}]","[{""english_name"": ""English"", ""iso_639_1"": ""en"", ""name"": ""English""}, {""english_name"": ""French"", ""iso_639_1"": ""fr"", ""name"": ""Fran\u00e7ais""}]","[""US""]",null
22478,Another Woman,Another Woman,"Marion is a woman who has learned to shield herself from her emotions. She rents an apartment to work undisturbed on her new book, but by some acoustic anomaly she can hear all that is said in the next apartment in which a psychiatrist holds his office. When she hears a young woman tell that she finds it harder and harder to bear her life, Marion starts to reflect on her own life. After a series of events she comes to understand how her unemotional attitude towards the people around her affected them and herself.",Relationships and the choices we make in life,Released,False,False,1988-10-13,84,10000000,1562749,2.3084,6.809,286,en,,tt0094663,/ds4CcnlACh0r1r3VGa7y85dz72R.jpg,/2cH8vxci9QjUP9oT2OLW2OHn6U6.jpg,"[{""id"": 18, ""name"": ""Drama""}]","[{""id"": 13309, ""logo_path"": null, ""name"": ""Jack Rollins & Charles H. Joffe Productions"", ""origin_country"": ""US""}, {""id"": 41, ""logo_path"": ""/em0rOXVRu3qprWZCx58uDDV2fze.png"", ""name"": ""Orion Pictures"", ""origin_country"": ""US""}]","[{""iso_3166_1"": ""US"", ""name"": ""United States of America""}]","[{""english_name"": ""English"", ""iso_639_1"": ""en"", ""name"": ""English""}]","[""US""]",null
22479,Kansas City,Kansas City,A pair of kidnappings expose the complex power dynamics within the corrupt and unpredictable workings of 1930s Kansas City.,"Kansas City, 1934. Anything could happen here. One night it did.",Released,False,False,1996-08-16,116,18000000,0,1.2787,6.1,92,en,,tt0116745,/deD8SAbQYGvzcpRr50HUb9uj8xJ.jpg,/caeaH63bqRSwz2BvDbZLf2srdNP.jpg,"[{""id"": 18, ""name"": ""Drama""}, {""id"": 80, ""name"": ""Crime""}]","[{""id"": 11487, ""logo_path"": null, ""name"": ""Sandcastle 5"", ""origin_country"": ""US""}, {""id"": 105, ""logo_path"": ""/pyiNvPJYGz4W2SImgULoG2sn4y4.png"", ""name"": ""CiBy 2000"", ""origin_country"": ""FR""}]","[{""iso_3166_1"": ""US"", ""name"": ""United States of America""}, {""iso_3166_1"": ""FR"", ""name"": ""France""}]","[{""english_name"": ""English"", ""iso_639_1"": ""en"", ""name"": ""English""}]","[""US""]",null
22480,The Nude Vampire,La Vampire Nue,"A young man falls in love with a beautiful woman being chased by sinister masked figures at night. He tries to track her down, and learns she's being held captive by his father and colleagues who believe she's a vampire.",,Released,False,False,1970-05-01,85,0,0,1.2568,4.8,62,en,,tt0065168,/7CBqJsnDU31S8f04TwexzU7sRCR.jpg,/ugcUpVTNiboHlAU06T8CA4AY5Wq.jpg,"[{""id"": 27, ""name"": ""Horror""}, {""id"": 878, ""name"": ""Science Fiction""}]","[{""id"": 9384, ""logo_path"": null, ""name"": ""Les Films ABC"", ""origin_country"": """"}, {""id"": 4579, ""logo_path"": null, ""name"": ""Tigon British Film Productions"", ""origin_country"": ""GB""}]","[{""iso_3166_1"": ""FR"", ""name"": ""France""}]","[{""english_name"": ""French"", ""iso_639_1"": ""fr"", ""name"": ""Fran\u00e7ais""}]","[""FR""]",null
22484,Tongan Ninja,Tongan Ninja,"The Tongan Ninja is dispatched to the island nation of New Zealand in order to help a brother of his master with his floundering Chinese restaurant. But the mysterious Mister Big stands in the eatery's way as he sends numerous villains such as Knife Man, Gun Man, and the super-sexy Action Fighter who may know a lot about the hero.",,Released,False,False,2002-11-08,83,50000,0,0.597,5.5,10,en,,tt0352925,/jJlWhYAWiaOJs1CC4EKjdsKzQd2.jpg,,"[{""id"": 28, ""name"": ""Action""}, {""id"": 35, ""name"": ""Comedy""}]",[],"[{""iso_3166_1"": ""NZ"", ""name"": ""New Zealand""}]","[{""english_name"": ""English"", ""iso_639_1"": ""en"", ""name"": ""English""}]","[""US"", ""NZ""]",null
22485,loudQUIETloud: A Film About the Pixies,loudQUIETloud: A Film About the Pixies,"When college rock darlings the Pixies broke up in 1992, their fans were shocked and dismayed. When they reunited in 2004, those same fans and legions of new listeners were ecstatic and filled with high hopes. loudQUIETloud follows the rehearsals and live shows of the band as they struggle through the reunion tour ""Sell Out""",,Released,False,False,2006-04-21,85,0,0,0.2182,6.839,28,en,http://loudquietloud.com/,tt0449121,/haTQZD2MWhC1QoiJT6VgxaEVK2X.jpg,,"[{""id"": 99, ""name"": ""Documentary""}, {""id"": 10402, ""name"": ""Music""}]","[{""id"": 4099, ""logo_path"": null, ""name"": ""Cactus Three"", ""origin_country"": ""US""}, {""id"": 4100, ""logo_path"": ""/rdejHBPjtBviLxJbcc2oSCBb1E0.png"", ""name"": ""Stick Figure Productions"", ""origin_country"": ""US""}]","[{""iso_3166_1"": ""US"", ""name"": ""United States of America""}]","[{""english_name"": ""English"", ""iso_639_1"": ""en"", ""name"": ""English""}]","[""US""]",null
22487,Nobody,ノーバディ,"Three elite salarymen find themselves in a bar fight with a group of threatening but mysterious men. When the mystery men come looking for revenge, the salarymen find themselves embroiled in a deadly game...",,Released,False,False,1994-05-28,100,0,0,1.4826,6.0,2,ja,,tt0203027,/wNZ7qFIpSOcupmFF1oGMOePBvV9.jpg,/h7HjnKkLMlGHV90MtMlNAejUe2S.jpg,"[{""id"": 28, ""name"": ""Action""}, {""id"": 18, ""name"": ""Drama""}, {""id"": 53, ""name"": ""Thriller""}]",[],"[{""iso_3166_1"": ""JP"", ""name"": ""Japan""}]","[{""english_name"": ""Japanese"", ""iso_639_1"": ""ja"", ""name"": ""\u65e5\u672c\u8a9e""}]","[""JP""]",null
22488,Love's Abiding Joy,Love's Abiding Joy,"The continued Westward journey of settlers Missie and Willie Lahaye. Their roots now firmly planted as they set up homestead in the far West, Missie begins to realize her passion for teaching as Willie cares for the couple's young daughter Kathy while expanding the family ranch with a little help from sons Jeff and Matthew. When the frontier railroad comes to town, the pleasure of a long-promised visit from Missie's father Clark is suddenly offset by the tragic death of young Kathy. As the untimely demise of their beloved daughter begins to drive an emotional wedge between Missie and Willie, the devastated father unexpectedly accepts an offer made by the powerful Samuel Doros to assume the role of town sheriff. Their faith shaken and their once close-knit bond suddenly torn asunder, Missie and Willie desperately attempt to bring their crumbling family back together as son Jeff faces a series of dangers while hopelessly falling for Doros' beautiful daughter Colette.",,Released,False,False,2006-10-06,87,0,0,1.3889,7.021,48,en,,tt0785025,/bnaJeSqEy4svDD0zaEdgoXtY4ug.jpg,/seJviIIouYQOaGw048g5GysdiXO.jpg,"[{""id"": 18, ""name"": ""Drama""}, {""id"": 10749, ""name"": ""Romance""}, {""id"": 37, ""name"": ""Western""}, {""id"": 10751, ""name"": ""Family""}, {""id"": 10770, ""name"": ""TV Movie""}]","[{""id"": 17669, ""logo_path"": ""/rEkkdhNo0lS6jWW88iAEEGFvJGw.png"", ""name"": ""Believe Pictures"", ""origin_country"": ""US""}, {""id"": 53015, ""logo_path"": ""/tWxubAjwO1QtLLWdnUR1bjS1vvf.png"", ""name"": ""Hallmark Media"", ""origin_country"": ""US""}]","[{""iso_3166_1"": ""US"", ""name"": ""United States of America""}]","[{""english_name"": ""English"", ""iso_639_1"": ""en"", ""name"": ""English""}]","[""US""]","{""id"": 97919, ""name"": ""Love Comes Softly Collection"", ""poster_path"": ""/agSYE5U98pz8OLNI6C6d2NQvn6h.jpg"", ""backdrop_path"": ""/8iqIcr27oJu8ihyuGkXbZpwCVFH.jpg""}"
22489,Last Flight Out,Last Flight Out,"Hot-shot pilot Dan Hogan is sent deep into the Colombian jungle to rescue missionary doctor Ann Williams. Caught between innocent villagers and a ruthless drug lord, Ann won't abandon the people she has come to love.","She was called to the jungle. Now, he's called to action",Released,False,False,2004-05-06,82,0,0,0.8922,4.8,4,en,,tt0337660,/a9cqSCuhDvTZElxBnh7BL0f1Li1.jpg,/v7Djdq9TSO6iZMuKntOXFZJhk0F.jpg,"[{""id"": 28, ""name"": ""Action""}, {""id"": 18, ""name"": ""Drama""}]","[{""id"": 18760, ""logo_path"": null, ""name"": ""World Wide Pictures"", ""origin_country"": ""GB""}]","[{""iso_3166_1"": ""US"", ""name"": ""United States of America""}]","[{""english_name"": ""English"", ""iso_639_1"": ""en"", ""name"": ""English""}]","[""US""]",null
22490,The Women,The Women,A happily married woman lets her catty friends talk her into divorce when her husband strays.,It's all about men!,Released,False,False,1939-09-01,133,1688000,2270000,3.5165,7.1,174,en,,tt0032143,/wMTbDI60uvt7ecLZ301XEE8mAOo.jpg,/v7d5LDcIhNn9j3wWeSWp1mesgBe.jpg,"[{""id"": 35, ""name"": ""Comedy""}, {""id"": 18, ""name"": ""Drama""}]","[{""id"": 21, ""logo_path"": ""/usUnaYV6hQnlVAXP6r4HwrlLFPG.png"", ""name"": ""Metro-Goldwyn-Mayer"", ""origin_country"": ""US""}]","[{""iso_3166_1"": ""US"", ""name"": ""United States of America""}]","[{""english_name"": ""French"", ""iso_639_1"": ""fr"", ""name"": ""Fran\u00e7ais""}, {""english_name"": ""English"", ""iso_639_1"": ""en"", ""name"": ""English""}]","[""US""]",null
22491,I'll Believe You,I'll Believe You,"Late-night radio host Dale Sweeney's usual line up of odd-ball, conspiracy-obsessed callers is interrupted by a panicked phone call in an indecipherable language. When FBI agents arrive investigating the call, Dale enlists his friends help to uncover what he hopes is the amazing identity of this first time caller.",,Released,False,False,2007-01-01,82,0,24110,0.8038,4.1,7,en,,tt0377061,/torJh8wzm2qnEVugaVu8qiyWpm3.jpg,,"[{""id"": 35, ""name"": ""Comedy""}, {""id"": 878, ""name"": ""Science Fiction""}, {""id"": 10751, ""name"": ""Family""}]",[],"[{""iso_3166_1"": ""US"", ""name"": ""United States of America""}]",[],"[""US""]",null
22492,It Might Get Loud,It Might Get Loud,"A documentary on the electric guitar from the point of view of three significant rock musicians: the Edge, Jimmy Page and Jack White.",,Released,False,False,2008-09-05,97,0,1896244,0.6735,7.182,192,en,,tt1229360,/86gtHYU7vRnTBcnOu0YxdZuDGhM.jpg,/45veMV65tfHjRRa5tdjdrkysf8z.jpg,"[{""id"": 99, ""name"": ""Documentary""}, {""id"": 10402, ""name"": ""Music""}]","[{""id"": 216992, ""logo_path"": null, ""name"": ""Thomas Tull Productions"", ""origin_country"": """"}]","[{""iso_3166_1"": ""US"", ""name"": ""United States of America""}]","[{""english_name"": ""English"", ""iso_639_1"": ""en"", ""name"": ""English""}]","[""US""]",null
22493,One Foot Under,Toinen jalka haudasta,"Visa Vuorio, a 35-year old team leader at the Helsinki city gardening department, is suffering from a terminal neurological disease and only has a few months to live. Because of this, he is a member of a therapeutical support group for people suffering from terminal diseases. Visa's life changes when a young female reporter, Hanna Manninen arrives at the support group offering to write a series of articles about Visa's life story.",Is there life before death?,Released,False,False,2009-03-20,101,0,0,0.6236,4.2,9,fi,,tt1208731,/xpCmH0OM24W8AdTyBrHl6yTjBSr.jpg,,"[{""id"": 35, ""name"": ""Comedy""}, {""id"": 18, ""name"": ""Drama""}]","[{""id"": 4101, ""logo_path"": ""/fEABftORiwQrJ3mbb2ykKPHxlSO.png"", ""name"": ""Dionysos Films"", ""origin_country"": ""FI""}]","[{""iso_3166_1"": ""FI"", ""name"": ""Finland""}]","[{""english_name"": ""Finnish"", ""iso_639_1"": ""fi"", ""name"": ""suomi""}]","[""FI""]",null
22494,Frequently Asked Questions About Time Travel,Frequently Asked Questions About Time Travel,Follows three social outcasts -- two geeks and a cynic -- as they attempt to navigate a time-travel conundrum in the middle of a British pub.,Three guys. One pub. Too much time on their hands.,Released,False,False,2009-04-24,83,0,23820,1.3485,6.871,665,en,http://www.faqmovie.co.uk/,tt0910554,/r67KzlHkdiwe3fBWzImEkNOg1Y.jpg,/hw3XpVWJ0XJlnevjpDHIHO2bY7p.jpg,"[{""id"": 35, ""name"": ""Comedy""}, {""id"": 18, ""name"": ""Drama""}, {""id"": 10749, ""name"": ""Romance""}, {""id"": 878, ""name"": ""Science Fiction""}]","[{""id"": 288, ""logo_path"": ""/aW0IpM9d4Zjj978EqgDVSxXXhTj.png"", ""name"": ""BBC Film"", ""origin_country"": ""GB""}, {""id"": 4128, ""logo_path"": null, ""name"": ""Dog Lamp Films"", ""origin_country"": ""GB""}, {""id"": 7429, ""logo_path"": ""/6in9uMqxXEHx5XgYgkeRBpZ4rPw.png"", ""name"": ""HBO Films"", ""origin_country"": ""US""}]","[{""iso_3166_1"": ""GB"", ""name"": ""United Kingdom""}]","[{""english_name"": ""English"", ""iso_639_1"": ""en"", ""name"": ""English""}]","[""GB""]",null
22495,The Man Who Knew Everything,"Человек, который знал всё","A man attempts to commit suicide and, as a result, unexpectedly acquires the phenomenal ability to immediately answer any question. A modest and harmless individual, he becomes a target for all - from women to criminal bosses and even foreign special services. Some try to use him, others try to murder him, but the ordinary man keeps living according to the dictates of his own conscience.",The Man Who Knew Everything,Released,False,False,2009-06-11,106,0,160829,0.982,5.0,6,ru,,tt1194603,/pUNTXymdkTIzNs5uEiYhY9LqbiI.jpg,,"[{""id"": 35, ""name"": ""Comedy""}, {""id"": 878, ""name"": ""Science Fiction""}, {""id"": 18, ""name"": ""Drama""}, {""id"": 14, ""name"": ""Fantasy""}]","[{""id"": 73507, ""logo_path"": null, ""name"": ""U-Film Malta"", ""origin_country"": """"}, {""id"": 32626, ""logo_path"": ""/idN0Y7wU3fB2VLncVKSYby7yp79.png"", ""name"": ""Lean-M"", ""origin_country"": ""RU""}]","[{""iso_3166_1"": ""RU"", ""name"": ""Russia""}]","[{""english_name"": ""Russian"", ""iso_639_1"": ""ru"", ""name"": ""P\u0443\u0441\u0441\u043a\u0438\u0439""}]","[""RU""]",null
22498,Patti Smith: Dream of Life,Patti Smith: Dream of Life,"An intimate portrait of poet, painter, musician and singer Patti Smith that mirrors the essence of the artist herself.",,Released,False,False,2008-04-02,109,0,0,0.7144,6.0,20,en,,tt0940620,/mxtAdcInCBZq9CPQwV5KVeR1o7C.jpg,/9H238fST6cNkq2y1oRRQrs2Igb1.jpg,"[{""id"": 99, ""name"": ""Documentary""}, {""id"": 10402, ""name"": ""Music""}]","[{""id"": 4102, ""logo_path"": null, ""name"": ""Clean Socks"", ""origin_country"": """"}]","[{""iso_3166_1"": ""US"", ""name"": ""United States of America""}]","[{""english_name"": ""English"", ""iso_639_1"": ""en"", ""name"": ""English""}]","[""US""]",null
22500,Gandahar,Gandahar,"On the planet Gandahar where peace reigns and poverty is unknown, this utopian lifestyle is upset by reports of people at the outlying frontiers being turned to stone. Sylvain is sent to investigate this mysterious threat.","‘In a thousand years, Gandahar was destroyed, and all its people massacred.  A thousand years ago, Gandahar will be saved, and what can’t be avoided will be.”",Released,False,False,1987-12-11,83,5500000,370698,1.0604,6.9,138,fr,http://www.eurekavideo.co.uk/moc/catalogue/gandahar,tt0095525,/lDM8fxNsu8oYRmM66kZrLQnPNyw.jpg,/sAwid2NijZMJ8GVvgPtEXkIYtLL.jpg,"[{""id"": 16, ""name"": ""Animation""}, {""id"": 878, ""name"": ""Science Fiction""}, {""id"": 14, ""name"": ""Fantasy""}, {""id"": 12, ""name"": ""Adventure""}]","[{""id"": 875, ""logo_path"": null, ""name"": ""Films A2"", ""origin_country"": ""FR""}, {""id"": 16171, ""logo_path"": null, ""name"": ""Col.Ima.Son"", ""origin_country"": """"}, {""id"": 68945, ""logo_path"": null, ""name"": ""Revcom T\u00e9l\u00e9vision"", ""origin_country"": ""FR""}, {""id"": 310, ""logo_path"": ""/4Gp5A4YdjPBfsHT47ngHMaXWmb9.png"", ""name"": ""CNC"", ""origin_country"": ""FR""}, {""id"": 10901, ""logo_path"": ""/8dNHWgUlJNz9HHLtcdsz04jRtyi.png"", ""name"": ""Minist\u00e8re de la culture"", ""origin_country"": ""FR""}]","[{""iso_3166_1"": ""FR"", ""name"": ""France""}]","[{""english_name"": ""French"", ""iso_639_1"": ""fr"", ""name"": ""Fran\u00e7ais""}]","[""KP"", ""FR""]",null
22501,Time Masters,Les maîtres du temps,"On planet Perdide, an attack of giant hornets leaves young Piel alone in a wrecked car with his dying father. A mayday message reaches their friend Jaffar, an adventurer travelling through space. Onboard Jaffar’s shuttle are the renegade Prince Matton, his fiancée, and Silbad, who knows Perdide well. Thus begins an incredible race across space to save Piel.",,Released,False,False,1982-03-24,80,0,4368,1.101,7.24,181,fr,,tt0084315,/4ktdTOrJnSk7iCtX6Q2QR0sR9Je.jpg,/eOgq3wNremNJ5V3hxapQop7JXvP.jpg,"[{""id"": 16, ""name"": ""Animation""}, {""id"": 878, ""name"": ""Science Fiction""}, {""id"": 12, ""name"": ""Adventure""}]","[{""id"": 7014, ""logo_path"": null, ""name"": ""Hungarofilm"", ""origin_country"": ""HU""}, {""id"": 3324, ""logo_path"": ""/dqT3yOTlfJRmtvk52Ccd1O6dZ0A.png"", ""name"": ""BBC"", ""origin_country"": ""GB""}, {""id"": 48669, ""logo_path"": null, ""name"": ""Pann\u00f3nia Filmst\u00fadi\u00f3"", ""origin_country"": ""HU""}, {""id"": 356, ""logo_path"": ""/9tW5wZEGotn1Ei5pErA88m47XiD.png"", ""name"": ""TF1 Films Production"", ""origin_country"": ""FR""}, {""id"": 46, ""logo_path"": ""/3xFdKHLXPGHEbrAkmsepGE8974Y.png"", ""name"": ""WDR"", ""origin_country"": ""DE""}, {""id"": 13983, ""logo_path"": ""/wTYO3w8PawspS95VYwsHcajmI0t.png"", ""name"": ""S\u00fcdwestfunk"", ""origin_country"": ""DE""}, {""id"": 13668, ""logo_path"": ""/azhapBvZ8g1UWyyQQhhcRR9bM9x.png"", ""name"": ""RTS"", ""origin_country"": ""CH""}, {""id"": 1149, ""logo_path"": ""/77ItqirEXrWipFsW4k235t2NeSk.png"", ""name"": ""T\u00e9l\u00e9cip"", ""origin_country"": ""FR""}]","[{""iso_3166_1"": ""FR"", ""name"": ""France""}, {""iso_3166_1"": ""DE"", ""name"": ""Germany""}, {""iso_3166_1"": ""HU"", ""name"": ""Hungary""}, {""iso_3166_1"": ""CH"", ""name"": ""Switzerland""}, {""iso_3166_1"": ""GB"", ""name"": ""United Kingdom""}]","[{""english_name"": ""French"", ""iso_639_1"": ""fr"", ""name"": ""Fran\u00e7ais""}]","[""FR""]",null
22502,The Rain Children,Les enfants de la pluie,There is a world with two towns that are big enemies: Pyross and Hydross.,,Released,False,False,2003-06-25,90,0,0,0.5645,7.2,117,fr,,tt0296619,/y2kgHDMmPkvc6m1MzavSYPkox5k.jpg,/4TjCcDaVO43oFtzmN6RaAqH3wuj.jpg,"[{""id"": 16, ""name"": ""Animation""}, {""id"": 12, ""name"": ""Adventure""}]","[{""id"": 6274, ""logo_path"": ""/ngZoa368SAnERTz3IBvgTT4eWeB.png"", ""name"": ""MK2 Films"", ""origin_country"": ""FR""}, {""id"": 76773, ""logo_path"": null, ""name"": ""Belokan Productions"", ""origin_country"": """"}, {""id"": 21955, ""logo_path"": null, ""name"": ""Hahn Shin Corporation"", ""origin_country"": """"}, {""id"": 83, ""logo_path"": ""/9OQ0rm55xtlgX7KcAKMUePJSrQc.png"", ""name"": ""France 2 Cin\u00e9ma"", ""origin_country"": ""FR""}, {""id"": 148148, ""logo_path"": null, ""name"": ""Studio Praxinos"", ""origin_country"": ""FR""}]","[{""iso_3166_1"": ""FR"", ""name"": ""France""}]","[{""english_name"": ""French"", ""iso_639_1"": ""fr"", ""name"": ""Fran\u00e7ais""}]","[""FR""]",null
22503,The 3 Wise Men,Los reyes magos,"A brilliantly animated adaptation of the classic Christian story, 3 WISE MEN features the voices of Emilio Estevez, Martin Sheen, and Mexican television star Jaci Velasquez. Created by the same artists who animated FANTASIA 2000, HERCULES, and TARZAN, the family-friendly film artfully brings to life the journey of Melchior, Gaspar, and Balthazar--the Three Kings who traveled to baby Jesus' birthplace under the guidance of the Star of Bethlehem.",,Released,False,False,2003-12-19,76,0,0,1.2477,5.9,64,es,,tt0400771,/dn3LniVvTYI5TnOfv3PHJMlreHp.jpg,/fRoLdD1qULt625fo2Svmbm0oMgc.jpg,"[{""id"": 16, ""name"": ""Animation""}, {""id"": 14, ""name"": ""Fantasy""}, {""id"": 10751, ""name"": ""Family""}]","[{""id"": 171211, ""logo_path"": null, ""name"": ""Carrere Group D.A."", ""origin_country"": ""FR""}, {""id"": 10015, ""logo_path"": null, ""name"": ""TeleMadrid"", ""origin_country"": ""ES""}, {""id"": 38587, ""logo_path"": null, ""name"": ""2d3D Animations"", ""origin_country"": ""FR""}, {""id"": 101644, ""logo_path"": null, ""name"": ""The SPA Studios"", ""origin_country"": ""ES""}]","[{""iso_3166_1"": ""FR"", ""name"": ""France""}, {""iso_3166_1"": ""ES"", ""name"": ""Spain""}]","[{""english_name"": ""Spanish"", ""iso_639_1"": ""es"", ""name"": ""Espa\u00f1ol""}]","[""ES""]",null
22504,The King and the Mockingbird,Le Roi et l'Oiseau,"A young shepherdess and a chimneysweep plan to get married and escape the clutches of a tyrannical king in love with her, assisted by the guile of a cheeky mockingbird, the king's archenemy.",,Released,False,False,1980-03-19,83,0,0,1.6503,7.8,408,fr,,tt0079820,/yDbfVUrb9b0Dkm1TptWtzkujXBk.jpg,/pSL75Sg1APD4OHpQs4VyFb8pIFv.jpg,"[{""id"": 16, ""name"": ""Animation""}, {""id"": 10751, ""name"": ""Family""}, {""id"": 14, ""name"": ""Fantasy""}]","[{""id"": 30098, ""logo_path"": null, ""name"": ""Les Films Paul Grimault"", ""origin_country"": ""FR""}, {""id"": 22358, ""logo_path"": null, ""name"": ""Les Films Gib\u00e9"", ""origin_country"": ""FR""}, {""id"": 1117, ""logo_path"": ""/2X2uFeObxawiAajNDOf3Mhri5Wg.png"", ""name"": ""Antenne 2"", ""origin_country"": ""FR""}]","[{""iso_3166_1"": ""FR"", ""name"": ""France""}]","[{""english_name"": ""French"", ""iso_639_1"": ""fr"", ""name"": ""Fran\u00e7ais""}]","[""FR""]",null
22505,"The Dog, the General, and the Birds","Le Chien, le général et les oiseaux","A long time ago, a young Russian general chose to sacrifice hundreds of birds to burn Moscow and save his motherland from the troops of Napoleon. For this feat, he was hailed as a hero by the people of Russia but regarded an executioner by the winged creatures. Now fifty years older the aging general leads a drab life. To make matters worse, the descendants of the sacrificed birds keep attacking him. One day however a meets an engaging little dog who soon becomes his faithful companion. Both friends decide to break the curse plaguing the general's life : they start militating for all the caged birds of Russia to be set free.",,Released,False,False,2003-05-15,75,0,0,0.4538,6.2,14,fr,,tt0374574,/2gcj7m6Rt05bD8fz1sHpBcWCQ3u.jpg,/m6F0JoSvVFvMsiCpp7KHdqB7rTg.jpg,"[{""id"": 16, ""name"": ""Animation""}]","[{""id"": 104, ""logo_path"": ""/9aotxauvc9685tq9pTcRJszuT06.png"", ""name"": ""Canal+"", ""origin_country"": ""FR""}, {""id"": 310, ""logo_path"": ""/4Gp5A4YdjPBfsHT47ngHMaXWmb9.png"", ""name"": ""CNC"", ""origin_country"": ""FR""}, {""id"": 850, ""logo_path"": ""/aF7qajGJGtMpdrtvssM9g90YanX.png"", ""name"": ""Eurimages"", ""origin_country"": ""FR""}, {""id"": 11360, ""logo_path"": null, ""name"": ""Gam Films"", ""origin_country"": """"}, {""id"": 39638, ""logo_path"": null, ""name"": ""Prima Film"", ""origin_country"": """"}, {""id"": 2282, ""logo_path"": null, ""name"": ""Roissy Films"", ""origin_country"": ""FR""}, {""id"": 1001, ""logo_path"": null, ""name"": ""Solaris Film"", ""origin_country"": ""DE""}, {""id"": 41255, ""logo_path"": null, ""name"": ""T\u00e9va"", ""origin_country"": ""FR""}, {""id"": 1583, ""logo_path"": ""/gKP4egMJOi5rksdnplfPV1wa0sd.png"", ""name"": ""RAI"", ""origin_country"": ""IT""}]","[{""iso_3166_1"": ""FR"", ""name"": ""France""}, {""iso_3166_1"": ""IT"", ""name"": ""Italy""}]","[{""english_name"": ""French"", ""iso_639_1"": ""fr"", ""name"": ""Fran\u00e7ais""}]","[""FR""]",null
22507,"Bécassine, le trésor viking","Bécassine, le trésor viking","Known and loved by generations of children, Pinchon's classic Bécassine is now a feature-length movie. A cross between Mary Poppins and Mr Bean, Bécassine is the nanny every child dreams of having ! Her mismatched green dress, white apron and red-and-white striped socks might look a little strange, but the gawky Bécassine is a truly lovable character. Her adventures begin when Bécassine arrives in Paris to take care of Charlotte, the daughter of one of her former charges. Bécassine and Charlotte get caught up in a fanatic and comical adventure filled with song and dance. They race from Paris to Marseilles to Ibiza and Lapland trying to unravel the mystery of what happened to Charlotte's father, Edmond. What is he running from ? What secret is he trying to protect ? Will Charlotte's family escape the evil clutches of Gaspard, a so-called family friend ?",,Released,False,False,2001-12-12,85,0,0,0.1806,6.1,11,fr,,tt0299619,/uLLONiOYo382rLb2Ku4nUUGTSJO.jpg,/u4pAXXJpUKowX1h9Kf9FWo5lNgd.jpg,"[{""id"": 10751, ""name"": ""Family""}, {""id"": 16, ""name"": ""Animation""}, {""id"": 14, ""name"": ""Fantasy""}]","[{""id"": 8161, ""logo_path"": ""/vqB76m8bZtK9J0i01tzDfEPkfIv.png"", ""name"": ""Ellipsanime Productions"", ""origin_country"": ""FR""}, {""id"": 8162, ""logo_path"": null, ""name"": ""Home Made Movies"", ""origin_country"": """"}, {""id"": 8163, ""logo_path"": null, ""name"": ""Image Film"", ""origin_country"": """"}]","[{""iso_3166_1"": ""FR"", ""name"": ""France""}]","[{""english_name"": ""French"", ""iso_639_1"": ""fr"", ""name"": ""Fran\u00e7ais""}]","[""FR""]",null
22509,The Devil's Arithmetic,The Devil's Arithmetic,"An American-born Jewish adolescent, Hannah Stern, is uninterested in the culture, faith and customs of her relatives. However, she begins to revaluate her heritage when she has a supernatural experience that transports her back to a Nazi death camp in 1941. There she meets a young girl named Rivkah, a fellow captive in the camp. As Rivkah and Hannah struggle to survive in the face of daily atrocities, they form an unbreakable bond.",She saw the truth with her own eyes.,Released,False,False,1999-03-28,95,0,0,2.0659,6.8,103,en,,tt0179148,/2QBXokkFDYOKLPAKk6FQO9gd6YS.jpg,/3VHkoXEPDEyrvQaL9Oti8U5FlmD.jpg,"[{""id"": 10770, ""name"": ""TV Movie""}, {""id"": 18, ""name"": ""Drama""}, {""id"": 53, ""name"": ""Thriller""}, {""id"": 14, ""name"": ""Fantasy""}]","[{""id"": 2064, ""logo_path"": ""/4cxlmKotK2vAm0TKcGrSGyhxD07.png"", ""name"": ""Lithuanian Film Studio"", ""origin_country"": ""LT""}, {""id"": 2154, ""logo_path"": null, ""name"": ""Punch Productions"", ""origin_country"": ""US""}, {""id"": 19777, ""logo_path"": null, ""name"": ""Millbrook Farm Productions"", ""origin_country"": """"}]","[{""iso_3166_1"": ""LT"", ""name"": ""Lithuania""}, {""iso_3166_1"": ""US"", ""name"": ""United States of America""}]","[{""english_name"": ""English"", ""iso_639_1"": ""en"", ""name"": ""English""}]","[""US""]",null
22510,Hot for Teacher,누가 그녀와 잤을까?,"Strict teachers, all those hours inside four walls, all your desires and youthful energy repressed. School is an endless drag - until she comes along. Uhm Ji Young has a perfect body and metric tons of sex appeal, and she knows it. Needless to say, all the students go crazy, and the male teachers too! They should be preparing for the annual school festival, but they're all occupied with other matters.",Who Slept with Her?,Released,False,False,2006-11-16,109,0,0,2.6496,5.3,29,ko,,tt0956208,/ghHZHWxlZy3I42ych3Js5d9BFkD.jpg,/dlz1Spdf6XQaR7UiNywIySx9lvg.jpg,"[{""id"": 35, ""name"": ""Comedy""}, {""id"": 10749, ""name"": ""Romance""}]","[{""id"": 7036, ""logo_path"": ""/javbyY0ZCvlFJtly3tpZqf2NwLX.png"", ""name"": ""CJ Entertainment"", ""origin_country"": ""KR""}, {""id"": 3965, ""logo_path"": ""/bCTU2o14fBHQYiVb339lsfOVYdX.png"", ""name"": ""Taewon Entertainment"", ""origin_country"": ""KR""}]","[{""iso_3166_1"": ""KR"", ""name"": ""South Korea""}]","[{""english_name"": ""Korean"", ""iso_639_1"": ""ko"", ""name"": ""\ud55c\uad6d\uc5b4/\uc870\uc120\ub9d0""}]","[""KR""]",null
22511,Haggard,Haggard,"A young man begins to suspect that his ex-girlfriend, Glauren, has been having a secret affair with Hellboy, so he enlists his friends to help him discover the truth.",We're going on a mission tonight. we're breakin into glauren's house!,Released,False,False,2003-06-24,96,500000,0,1.259,5.7,40,en,,tt0298656,/bFcEv1ndHlWlXUG5uaYusibteIn.jpg,/mql0KeazN0MRk9q2OodVj579C3X.jpg,"[{""id"": 28, ""name"": ""Action""}, {""id"": 12, ""name"": ""Adventure""}, {""id"": 35, ""name"": ""Comedy""}, {""id"": 18, ""name"": ""Drama""}, {""id"": 10749, ""name"": ""Romance""}]","[{""id"": 145628, ""logo_path"": null, ""name"": ""Adio Entertainment"", ""origin_country"": """"}]","[{""iso_3166_1"": ""CA"", ""name"": ""Canada""}, {""iso_3166_1"": ""US"", ""name"": ""United States of America""}]","[{""english_name"": ""English"", ""iso_639_1"": ""en"", ""name"": ""English""}]","[""CA"", ""US""]",null
22512,"Sex, Shame & Tears","Sexo, pudor y lágrimas","A comedic drama featuring two couples and two old friends in Mexico City. Tomas visits Carlos and Ana, while Miguel and Andrea are joined by Maria. The presence of guests triggers lust, rejection, infidelities, reconciliation and other consequences.",,Released,False,False,1999-06-18,110,0,0,1.7796,6.559,144,es,,tt0164877,/1j3TiCXSguHi3IGumXKpQymvUKH.jpg,/5R22ALClltFkQD5supuGSThX5kW.jpg,"[{""id"": 35, ""name"": ""Comedy""}, {""id"": 18, ""name"": ""Drama""}, {""id"": 10749, ""name"": ""Romance""}]","[{""id"": 6645, ""logo_path"": null, ""name"": ""Argos Producciones"", ""origin_country"": """"}, {""id"": 6646, ""logo_path"": null, ""name"": ""Producciones Tit\u00e1n"", ""origin_country"": """"}, {""id"": 6647, ""logo_path"": null, ""name"": ""Tabasco Films"", ""origin_country"": """"}, {""id"": 9980, ""logo_path"": ""/tvtK88MhdxjOZN3zSeyrkP8iWd1.png"", ""name"": ""Fondo para la Producci\u00f3n Cinematogr\u00e1fica de Calidad"", ""origin_country"": ""MX""}]","[{""iso_3166_1"": ""MX"", ""name"": ""Mexico""}]","[{""english_name"": ""Spanish"", ""iso_639_1"": ""es"", ""name"": ""Espa\u00f1ol""}]","[""MX""]","{""id"": 986806, ""name"": ""Sex, Shame & Tears Collection"", ""poster_path"": ""/jpHIUswBR4q2BjFgFWCKTUOaCHU.jpg"", ""backdrop_path"": ""/twbx6f4xEEAOjvqH5glleoIqTqS.jpg""}"
22515,Death Racers,Death Racers,"In a dystopian future, contestants compete in a cross-country road race in which killing is part of the game.",,Released,False,False,2008-09-28,90,0,0,0.918,3.0,28,en,,tt1261046,/tgbTNDNH60x5xDkGgMR3eceiyix.jpg,/qI7fv6W4Ym9MdndVZ5lkUCrR77H.jpg,"[{""id"": 28, ""name"": ""Action""}, {""id"": 12, ""name"": ""Adventure""}, {""id"": 35, ""name"": ""Comedy""}, {""id"": 878, ""name"": ""Science Fiction""}, {""id"": 53, ""name"": ""Thriller""}]","[{""id"": 1311, ""logo_path"": ""/ic2bTizdzRLDVzAvN7MXdUg3WQV.png"", ""name"": ""The Asylum"", ""origin_country"": ""US""}]","[{""iso_3166_1"": ""US"", ""name"": ""United States of America""}]","[{""english_name"": ""English"", ""iso_639_1"": ""en"", ""name"": ""English""}]","[""US""]",null
22517,The Cheat Report,The Cheat Report,,,Released,False,False,2006-03-31,50,0,0,0.0496,7.0,1,de,,tt0806041,/vyYRpH7rL17aG1fi4LNQyMj10o7.jpg,,[],[],[],"[{""english_name"": ""German"", ""iso_639_1"": ""de"", ""name"": ""Deutsch""}]","[""DE""]",null
22518,Classical Baby: The Dance Show,Classical Baby: The Dance Show,"The animal dancers are stretching and getting limber, it's going to be a fantastic show featuring some impressive moves inspired by George Balanchine, Martha Graham, Pilobolus, plus many other great choreographers. The warm-up music has stopped, the dancers are ready; it's time to begin Classical Baby: The Dance Show!",,Released,False,True,2005-08-30,0,0,0,0.1538,6.5,3,en,,tt2219760,/q9779GymhCfQeCoQAAWcnVDoVoI.jpg,,"[{""id"": 28, ""name"": ""Action""}, {""id"": 35, ""name"": ""Comedy""}, {""id"": 10751, ""name"": ""Family""}, {""id"": 16, ""name"": ""Animation""}]",[],[],[],"[""US""]",null
22519,The Two Worlds of Jennie Logan,The Two Worlds of Jennie Logan,"Hoping to repair their marriage, Jennie Logan and her husband move into a beautiful Victorian manor. When Jennie tries on an antique dress she finds in the attic, she is transported back one hundred years, where she meets the house's previous owner, David. As her feelings for David grow, it becomes clear that Jennie is not only torn between two men and two times, but she also faces danger in both worlds.",,Released,False,False,1979-10-31,96,0,0,1.181,5.5,11,en,,tt0078430,/c2ShVPfeR39S6A3j70vqUfZVG08.jpg,/d9JF28NxB2wqXctGhmrE7CqXA2Y.jpg,"[{""id"": 18, ""name"": ""Drama""}, {""id"": 10749, ""name"": ""Romance""}, {""id"": 10770, ""name"": ""TV Movie""}, {""id"": 14, ""name"": ""Fantasy""}]","[{""id"": 86997, ""logo_path"": null, ""name"": ""Joe Wizan Television Productions"", ""origin_country"": """"}, {""id"": 19683, ""logo_path"": null, ""name"": ""Charles Fries Productions"", ""origin_country"": ""US""}]","[{""iso_3166_1"": ""US"", ""name"": ""United States of America""}]","[{""english_name"": ""English"", ""iso_639_1"": ""en"", ""name"": ""English""}]","[""US""]",null
22520,Aachi & Ssipak,아치와 씨팍,"Sometime in the future, mankind has depleted all energy and fuel sources, however they have engineered a way to use human excrement as fuel. To reward production, the government hands out extremely addictive, popsicle-like ""Juicybars"", which in turn also act as a laxative. Aachi and Ssipak are street hoodlums who struggle to survive by trading these bars in the black market.",A blockbuster-class bullshit action for fiery 18-year-olds.,Released,False,False,2006-06-28,88,3500000,0,1.253,6.2,62,ko,,tt0972542,/1ib8yTKDDYIxj0X8ywGomFPLpJE.jpg,/wsHuH5Y3WBqA9xdhvmIbvY101PW.jpg,"[{""id"": 28, ""name"": ""Action""}, {""id"": 16, ""name"": ""Animation""}, {""id"": 878, ""name"": ""Science Fiction""}, {""id"": 35, ""name"": ""Comedy""}, {""id"": 12, ""name"": ""Adventure""}]","[{""id"": 4103, ""logo_path"": null, ""name"": ""J Team"", ""origin_country"": ""KR""}, {""id"": 2931, ""logo_path"": ""/47CEPZWiLfmmXuH93PD3tz1s1hx.png"", ""name"": ""Tube Entertainment"", ""origin_country"": ""KR""}, {""id"": 129506, ""logo_path"": ""/mDIVOVThsIu6IxaWNaNGUtgHJ02.png"", ""name"": ""OCN"", ""origin_country"": ""KR""}, {""id"": 710, ""logo_path"": null, ""name"": ""KTB Network"", ""origin_country"": ""KR""}]","[{""iso_3166_1"": ""KR"", ""name"": ""South Korea""}]","[{""english_name"": ""Korean"", ""iso_639_1"": ""ko"", ""name"": ""\ud55c\uad6d\uc5b4/\uc870\uc120\ub9d0""}]","[""KR""]",null
22521,Terror's Advocate,L'avocat de la terreur,"A documentary on Jacques Vergès, the controversial lawyer and former Free French Forces guerrilla, exploring how Vergès assisted, from the 1960s onwards, anti-imperialist terrorist cells operating in Africa, Europe, and the Middle East.  Participants interviewed include Algerian nationalists Yacef Saadi, Zohra Drif, Djamila Bouhired and Abderrahmane Benhamida, Khmer Rouge members Nuon Chea and Khieu Samphan, once far-left activists Hans-Joachim Klein and Magdalena Kopp, terrorist Carlos the Jackal, lawyer Isabelle Coutant-Peyre, neo-Nazi Ahmed Huber, Palestinian politician Bassam Abu Sharif, Lebanese politician Karim Pakradouni, political cartoonist Siné, former spy Claude Moniquet, novelist and ghostwriter Lionel Duroy, and investigative journalist Oliver Schröm.",,Released,False,False,2007-06-06,135,0,0,0.4145,6.5,37,fr,,tt1032854,/10HlzNT0pqblQKgfo8fe7vPNxvG.jpg,/9RRPJpI7CqKXEyS3SDI85twA9FD.jpg,"[{""id"": 99, ""name"": ""Documentary""}]","[{""id"": 1030, ""logo_path"": ""/bus7KzJshT0VMXuKR7dwK5bqPSO.png"", ""name"": ""Magnolia Pictures"", ""origin_country"": ""US""}]","[{""iso_3166_1"": ""FR"", ""name"": ""France""}]","[{""english_name"": ""Khmer"", ""iso_639_1"": ""km"", ""name"": """"}, {""english_name"": ""English"", ""iso_639_1"": ""en"", ""name"": ""English""}, {""english_name"": ""French"", ""iso_639_1"": ""fr"", ""name"": ""Fran\u00e7ais""}, {""english_name"": ""German"", ""iso_639_1"": ""de"", ""name"": ""Deutsch""}]","[""FR""]",null
22522,Anne of the Thousand Days,Anne of the Thousand Days,"Henry VIII of England discards his wife, Katharine of Aragon, who has failed to produce a male heir, in favor of the young and beautiful Anne Boleyn.",He was King. She was barely 18. And in their thousand days they played out the most passionate and shocking love story in history!,Released,False,False,1969-12-18,145,0,0,2.443,7.044,125,en,,tt0064030,/u2p5SspAs1GqeuHXNXywryU3k37.jpg,/zyLU9jHFS2IInPagitMfasDwss.jpg,"[{""id"": 18, ""name"": ""Drama""}, {""id"": 36, ""name"": ""History""}, {""id"": 10749, ""name"": ""Romance""}]","[{""id"": 3468, ""logo_path"": null, ""name"": ""Hal Wallis Productions"", ""origin_country"": ""US""}, {""id"": 33, ""logo_path"": ""/8lvHyhjr8oUKOOy2dKXoALWKdp0.png"", ""name"": ""Universal Pictures"", ""origin_country"": ""US""}]","[{""iso_3166_1"": ""GB"", ""name"": ""United Kingdom""}]","[{""english_name"": ""Spanish"", ""iso_639_1"": ""es"", ""name"": ""Espa\u00f1ol""}, {""english_name"": ""English"", ""iso_639_1"": ""en"", ""name"": ""English""}]","[""GB""]",null
22527,The Wrong Man,The Wrong Man,"In 1953, an innocent man named Christopher Emmanuel ""Manny"" Balestrero is arrested after being mistaken for an armed robber.",HITCHCOCK'S FIRST REAL-LIFE THRILLER!,Released,False,False,1956-12-22,105,1200000,2000000,2.641,7.141,608,en,,tt0051207,/pO5XR2R56RAbVjdks9gGGn0fbOa.jpg,/e0tZ5Kjg5mukFGcxEddCZymAxH4.jpg,"[{""id"": 80, ""name"": ""Crime""}, {""id"": 18, ""name"": ""Drama""}]","[{""id"": 174, ""logo_path"": ""/zhD3hhtKB5qyv7ZeL4uLpNxgMVU.png"", ""name"": ""Warner Bros. Pictures"", ""origin_country"": ""US""}]","[{""iso_3166_1"": ""US"", ""name"": ""United States of America""}]","[{""english_name"": ""English"", ""iso_639_1"": ""en"", ""name"": ""English""}, {""english_name"": ""Italian"", ""iso_639_1"": ""it"", ""name"": ""Italiano""}, {""english_name"": ""Spanish"", ""iso_639_1"": ""es"", ""name"": ""Espa\u00f1ol""}]","[""US""]",null
22530,Bled,Bled,"Sai, a young artist living in a downtown warehouse delves into an ancient world of blood and lust. An enigmatic foreigner seduces her to try a long forgotten drug making her the prey of a dimensional vampire who needs her new found hunger for blood to cross over from his world to hers.",Every addiction has its price.,Released,False,False,2009-04-07,95,0,0,0.7003,3.6,20,en,,tt0997143,/bDAHSu6lztNwLX0jMHjVPO9vt7k.jpg,,"[{""id"": 27, ""name"": ""Horror""}]",[],[],"[{""english_name"": ""German"", ""iso_639_1"": ""de"", ""name"": ""Deutsch""}, {""english_name"": ""English"", ""iso_639_1"": ""en"", ""name"": ""English""}]","[""US""]",null
22536,Thirst,박쥐,"A respected priest volunteers for an experimental procedure that may lead to a cure for a deadly virus. He gets infected and dies, but a blood transfusion of unknown origin brings him back to life. Now, he’s torn between faith and bloodlust, and has a newfound desire for the wife of a childhood friend.",Lusting after sinful pleasures.,Released,False,False,2009-04-30,134,5000000,13085023,4.3487,7.117,1065,ko,,tt0762073,/sBnFQwOcmL3dAIYfiQ9nLvLSW7B.jpg,/9IMZqBKbALO7d2bwr6ECKP4igoe.jpg,"[{""id"": 18, ""name"": ""Drama""}, {""id"": 27, ""name"": ""Horror""}, {""id"": 53, ""name"": ""Thriller""}]","[{""id"": 34725, ""logo_path"": ""/cRqXC6Dy6AvTGS2wiMt26yGJgZA.png"", ""name"": ""Moho Film"", ""origin_country"": ""KR""}]","[{""iso_3166_1"": ""KR"", ""name"": ""South Korea""}]","[{""english_name"": ""Korean"", ""iso_639_1"": ""ko"", ""name"": ""\ud55c\uad6d\uc5b4/\uc870\uc120\ub9d0""}, {""english_name"": ""English"", ""iso_639_1"": ""en"", ""name"": ""English""}, {""english_name"": ""French"", ""iso_639_1"": ""fr"", ""name"": ""Fran\u00e7ais""}]","[""KR""]",null
22537,Inuyasha the Movie 2: The Castle Beyond the Looking Glass,犬夜叉 鏡の中の夢幻城,"With their most formidable foe vanquished, Inuyasha and his comrades begin returning to their everyday lives. But their peace is fleeting as another adversary emerges: Kaguya, the self-proclaimed princess from the Moon of Legend, hatches a plot to plunge the world into an eternal night of the full moon. Inuyasha, Kagome, Miroku, Sango and Shippou must reunite to confront the new menace.",,Released,False,False,2002-12-22,100,0,7506630,3.5242,7.7,155,ja,,tt0366621,/ceJsKxIcy4KOFp3MEqCcRkR7Daz.jpg,/40XTRnRRDZ4TzbjcrfW3WvtSsKW.jpg,"[{""id"": 28, ""name"": ""Action""}, {""id"": 16, ""name"": ""Animation""}, {""id"": 12, ""name"": ""Adventure""}, {""id"": 14, ""name"": ""Fantasy""}]","[{""id"": 5261, ""logo_path"": null, ""name"": ""Shogakukan Production"", ""origin_country"": ""JP""}, {""id"": 9149, ""logo_path"": ""/isLUpud9N56ifftJZ4XvzwBBpoG.png"", ""name"": ""Shogakukan"", ""origin_country"": ""JP""}, {""id"": 11727, ""logo_path"": ""/cIMyE9cw1W4kMFGxmC17HKTnVz9.png"", ""name"": ""Yomiuri Telecasting Corporation"", ""origin_country"": ""JP""}, {""id"": 3153, ""logo_path"": ""/yKZ9UarLSu9Y4Gpw33nKRQOPM7z.png"", ""name"": ""SUNRISE"", ""origin_country"": ""JP""}, {""id"": 6755, ""logo_path"": ""/bWiM2iY82B32NGmPCOFatgfekIR.png"", ""name"": ""Nippon Television Network Corporation"", ""origin_country"": ""JP""}, {""id"": 882, ""logo_path"": ""/fRSWWjquvzcHjACbtF53utZFIll.png"", ""name"": ""TOHO"", ""origin_country"": ""JP""}]","[{""iso_3166_1"": ""JP"", ""name"": ""Japan""}]","[{""english_name"": ""Japanese"", ""iso_639_1"": ""ja"", ""name"": ""\u65e5\u672c\u8a9e""}]","[""JP""]","{""id"": 53154, ""name"": ""Inuyasha Collection"", ""poster_path"": ""/cOmBAYp8AOxen0vrbhGBDTO7ZNw.jpg"", ""backdrop_path"": ""/ktLw5wt80bQG35R8LmVF6ZxC6QW.jpg""}"
22538,Scott Pilgrim vs. the World,Scott Pilgrim vs. the World,"As bass guitarist for a garage-rock band, Scott Pilgrim has never had trouble getting a girlfriend; usually, the problem is getting rid of them. But when Ramona Flowers skates into his heart, he finds she has the most troublesome baggage of all: an army of ex-boyfriends who will stop at nothing to eliminate him from her list of suitors.",An epic of epic epicness.,Released,False,False,2010-08-12,113,73000000,51825248,8.8175,7.5,8480,en,http://www.scottpilgrimthemovie.com/,tt0446029,/g5IoYeudx9XBEfwNL0fHvSckLBz.jpg,/6R9nT6m8wmzayV5XOQq3TRA6yZw.jpg,"[{""id"": 28, ""name"": ""Action""}, {""id"": 35, ""name"": ""Comedy""}, {""id"": 10749, ""name"": ""Romance""}]","[{""id"": 2527, ""logo_path"": ""/mNSqvPrlkAcdQlEZ3Ttmx75Z8Xw.png"", ""name"": ""Marc Platt Productions"", ""origin_country"": ""US""}, {""id"": 443, ""logo_path"": ""/wibNj4tELmsnCFlf5ldLik37Urr.png"", ""name"": ""Big Talk Studios"", ""origin_country"": ""GB""}, {""id"": 87733, ""logo_path"": null, ""name"": ""Closed on Mondays Entertainment"", ""origin_country"": ""US""}, {""id"": 1778, ""logo_path"": ""/b5rT6VbYza3LyfltCmz1OcqzWJM.png"", ""name"": ""dentsu"", ""origin_country"": ""JP""}]","[{""iso_3166_1"": ""JP"", ""name"": ""Japan""}, {""iso_3166_1"": ""GB"", ""name"": ""United Kingdom""}, {""iso_3166_1"": ""US"", ""name"": ""United States of America""}]","[{""english_name"": ""English"", ""iso_639_1"": ""en"", ""name"": ""English""}]","[""US""]",null
22543,Dead Ringer,Dead Ringer,The working class twin sister of a callous wealthy woman impulsively murders her out of revenge and assumes the identity of the dead woman. But impersonating her dead twin is more complicated and risky than she anticipated.,"What Bette Davis does to Bette Davis and to Karl Malden and Peter Lawford in DEAD RINGER is just what ""Baby Jane"" people will adore!",Released,False,False,1964-01-29,116,0,0,2.1034,6.864,110,en,,tt0057997,/3gFIovyx38syFIY6kAl1FcwhWMd.jpg,/dHt3xZrV3o5FgvFoGZ8g7dIObIR.jpg,"[{""id"": 80, ""name"": ""Crime""}, {""id"": 18, ""name"": ""Drama""}, {""id"": 27, ""name"": ""Horror""}]","[{""id"": 174, ""logo_path"": ""/zhD3hhtKB5qyv7ZeL4uLpNxgMVU.png"", ""name"": ""Warner Bros. Pictures"", ""origin_country"": ""US""}]","[{""iso_3166_1"": ""US"", ""name"": ""United States of America""}]","[{""english_name"": ""English"", ""iso_639_1"": ""en"", ""name"": ""English""}]","[""US""]",null
22548,Mamma Mu & Kråkan,Mamma Mu & Kråkan,"Mamma Moo is a typical cow, besides that she wants to do so many uncowly things. Her idea of fun is biking and dancing, and when she meets Crow her happiness is complete - the fun is so much bigger when you have a friend. There's a catch; Crow does not want to be friends with a cow, especially not such a peculiar one.",,Released,False,False,2008-09-19,77,0,0,0.2418,6.0,6,sv,,tt1224370,/a3rQrceoDvdpQyYbfDYCgLIjPCY.jpg,/dSQd9FQLFYOyOlhBWMutRkFH5I4.jpg,"[{""id"": 16, ""name"": ""Animation""}, {""id"": 10751, ""name"": ""Family""}]","[{""id"": 6181, ""logo_path"": ""/gYyww91VI1jdH89xpZgFFc8zN3F.png"", ""name"": ""SF Studios"", ""origin_country"": ""SE""}, {""id"": 823, ""logo_path"": ""/275O5OoKjulWtY1uRHRXaYsrt9I.png"", ""name"": ""Telepool"", ""origin_country"": ""DE""}, {""id"": 2801, ""logo_path"": ""/bswb1PLLsKDUXMLgy42bZtCtIde.png"", ""name"": ""Film i V\u00e4st"", ""origin_country"": ""SE""}, {""id"": 2999, ""logo_path"": ""/zGSqFee9aDgDuLD6vcs2mcJUem4.png"", ""name"": ""SVT"", ""origin_country"": ""SE""}, {""id"": 85310, ""logo_path"": null, ""name"": ""Studio Baestarts"", ""origin_country"": ""HU""}]","[{""iso_3166_1"": ""SE"", ""name"": ""Sweden""}, {""iso_3166_1"": ""DE"", ""name"": ""Germany""}, {""iso_3166_1"": ""HU"", ""name"": ""Hungary""}]","[{""english_name"": ""Swedish"", ""iso_639_1"": ""sv"", ""name"": ""svenska""}]","[""SE""]","{""id"": 1336224, ""name"": ""Mamma Mu"", ""poster_path"": ""/qhHJQyIarHUGEflXWN9MXo9RRB3.jpg"", ""backdrop_path"": ""/gJ627kNTmwtr9D9Ij875GLANr5s.jpg""}"
22549,Ulysses' Gaze,Το βλέμμα του Οδυσσέα,An exiled filmmaker finally returns to his home country where former mysteries and afflictions of his early life come back to haunt him once more.,,Released,False,False,1995-10-12,169,0,0,1.7579,7.4,119,el,,tt0114863,/AmRdjyd5nVBd06FzJT8xoTS43ct.jpg,/2CqkiCDXftfhTGMy3odCgTFkHP5.jpg,"[{""id"": 18, ""name"": ""Drama""}, {""id"": 36, ""name"": ""History""}, {""id"": 10752, ""name"": ""War""}]","[{""id"": 255, ""logo_path"": ""/b1zTOpnNn5g0nHjhpn3Dx17QaoP.png"", ""name"": ""Paradis Films"", ""origin_country"": ""FR""}, {""id"": 1180, ""logo_path"": null, ""name"": ""La G\u00e9n\u00e9rale d'Images"", ""origin_country"": ""FR""}, {""id"": 16366, ""logo_path"": ""/llLC13cdNDmJbq0E0PG8fraWsLp.png"", ""name"": ""La Sept Cin\u00e9ma"", ""origin_country"": ""FR""}, {""id"": 1583, ""logo_path"": ""/gKP4egMJOi5rksdnplfPV1wa0sd.png"", ""name"": ""RAI"", ""origin_country"": ""IT""}, {""id"": 33152, ""logo_path"": null, ""name"": ""Theo Angelopoulos Films"", ""origin_country"": ""GR""}, {""id"": 7254, ""logo_path"": ""/hDJO96mUfqtB9ia7ef7mEvguPxl.png"", ""name"": ""Greek Film Centre"", ""origin_country"": ""GR""}, {""id"": 1469, ""logo_path"": ""/AwbErjR0AMpVnN9PbdHiBB3g3q0.png"", ""name"": ""Tele M\u00fcnchen"", ""origin_country"": ""DE""}, {""id"": 5778, ""logo_path"": ""/2loyoQweDxvotH3AknfL2zhsthg.png"", ""name"": ""Channel 4 Television"", ""origin_country"": ""GB""}, {""id"": 18394, ""logo_path"": ""/doBGfJ7G1eTfqKKkZcwGHkuh4VI.png"", ""name"": ""MEGA TV"", ""origin_country"": ""GR""}]","[{""iso_3166_1"": ""GR"", ""name"": ""Greece""}, {""iso_3166_1"": ""FR"", ""name"": ""France""}, {""iso_3166_1"": ""IT"", ""name"": ""Italy""}, {""iso_3166_1"": ""DE"", ""name"": ""Germany""}, {""iso_3166_1"": ""GB"", ""name"": ""United Kingdom""}, {""iso_3166_1"": ""AL"", ""name"": ""Albania""}]","[{""english_name"": ""Albanian"", ""iso_639_1"": ""sq"", ""name"": ""shqip""}, {""english_name"": ""English"", ""iso_639_1"": ""en"", ""name"": ""English""}, {""english_name"": ""Bulgarian"", ""iso_639_1"": ""bg"", ""name"": ""\u0431\u044a\u043b\u0433\u0430\u0440\u0441\u043a\u0438 \u0435\u0437\u0438\u043a""}, {""english_name"": ""Kurdish"", ""iso_639_1"": ""ku"", ""name"": """"}, {""english_name"": ""Macedonian"", ""iso_639_1"": ""mk"", ""name"": """"}, {""english_name"": ""German"", ""iso_639_1"": ""de"", ""name"": ""Deutsch""}, {""english_name"": ""Romanian"", ""iso_639_1"": ""ro"", ""name"": ""Rom\u00e2n\u0103""}, {""english_name"": ""Greek"", ""iso_639_1"": ""el"", ""name"": ""\u03b5\u03bb\u03bb\u03b7\u03bd\u03b9\u03ba\u03ac""}, {""english_name"": ""Serbian"", ""iso_639_1"": ""sr"", ""name"": ""Srpski""}]","[""GR""]","{""id"": 1664854, ""name"": ""The Trilogy of Borders"", ""poster_path"": null, ""backdrop_path"": null}"
22551,Believers,Believers,Two paramedics responding to an emergency call find themselves kidnapped by a religious sect whose great obsession is to stop the end of the world by committing suicide and killing people.,,Released,False,False,2007-06-11,95,0,0,0.8157,4.6,40,en,,tt0878652,/9KEjkM8M6AU1D5jCnikJR5hN6qP.jpg,/3fHTgAQWHdZjsKjFVxTiRHYKX7y.jpg,"[{""id"": 27, ""name"": ""Horror""}, {""id"": 53, ""name"": ""Thriller""}]","[{""id"": 3295, ""logo_path"": null, ""name"": ""Raw Feed"", ""origin_country"": """"}, {""id"": 3294, ""logo_path"": null, ""name"": ""Flame Ventures"", ""origin_country"": ""US""}]","[{""iso_3166_1"": ""US"", ""name"": ""United States of America""}]","[{""english_name"": ""English"", ""iso_639_1"": ""en"", ""name"": ""English""}]","[""US""]",null
22553,At the Circus,At the Circus,"Jeff Wilson, the owner of a small circus, owes his partner Carter $10,000. Before Jeff can pay, Carter's accomplices steal the money so he can take over the circus. Antonio Pirelli and Punchy, who work at the circus, together with lawyer Loophole try to find the thief and get the money back.",Keep the world laughing!,Released,False,False,1939-10-20,87,0,0,0.8914,6.4,95,en,,tt0031060,/dJsDjHYfOemGvVtHTdivU0Tl0YK.jpg,/rpSDfj74SxkFdKP0SUSu3hV7YYs.jpg,"[{""id"": 35, ""name"": ""Comedy""}, {""id"": 10402, ""name"": ""Music""}]","[{""id"": 21, ""logo_path"": ""/usUnaYV6hQnlVAXP6r4HwrlLFPG.png"", ""name"": ""Metro-Goldwyn-Mayer"", ""origin_country"": ""US""}]","[{""iso_3166_1"": ""US"", ""name"": ""United States of America""}]","[{""english_name"": ""English"", ""iso_639_1"": ""en"", ""name"": ""English""}]","[""US""]",null
22554,The Subtenant,Kummeli Alivuokralainen,"A farce about blackmailing, a kidney transplant operation performed at home, deviants and human relationships.",,Released,False,False,2008-09-12,104,1300000,0,0.3354,4.5,23,fi,,tt1087458,/gjPMY8SZj8vmd8BnqPwgUviEF23.jpg,/3MEvO5gNLAdH8kMVnYZ8dkY8VCW.jpg,"[{""id"": 35, ""name"": ""Comedy""}]","[{""id"": 6339, ""logo_path"": ""/ufP8NkiJ9ScGLIKz7J25xKtmVvX.png"", ""name"": ""Solar Films"", ""origin_country"": ""FI""}, {""id"": 4104, ""logo_path"": null, ""name"": ""Porkkana Ryhm\u00e4"", ""origin_country"": ""FI""}]","[{""iso_3166_1"": ""FI"", ""name"": ""Finland""}]","[{""english_name"": ""Finnish"", ""iso_639_1"": ""fi"", ""name"": ""suomi""}]","[""FI""]",null
22555,Jesse Stone: Thin Ice,Jesse Stone: Thin Ice,"Jesse Stone and Captain Healy are shot during an unauthorized stake-out in Boston. Meanwhile, a cryptic letter sent from Paradise leads the mother of a kidnapped child to Stone. Though her son was declared dead, she hopes he will reopen the case.",,Released,False,False,2009-03-01,88,0,0,2.009,6.9,89,en,,tt1064884,/qLI3yvi9JOueey6ifydSzmvGRcK.jpg,/fKJLHP7tPE5lvH9coVjmqazRuDU.jpg,"[{""id"": 18, ""name"": ""Drama""}, {""id"": 80, ""name"": ""Crime""}, {""id"": 10770, ""name"": ""TV Movie""}, {""id"": 9648, ""name"": ""Mystery""}, {""id"": 53, ""name"": ""Thriller""}]","[{""id"": 11073, ""logo_path"": ""/wHs44fktdoj6c378ZbSWfzKsM2Z.png"", ""name"": ""Sony Pictures Television"", ""origin_country"": ""US""}, {""id"": 3025, ""logo_path"": null, ""name"": ""Brandman Productions"", ""origin_country"": """"}, {""id"": 12014, ""logo_path"": null, ""name"": ""TWS Productions II"", ""origin_country"": """"}]","[{""iso_3166_1"": ""US"", ""name"": ""United States of America""}]","[{""english_name"": ""English"", ""iso_639_1"": ""en"", ""name"": ""English""}]","[""US""]","{""id"": 59235, ""name"": ""Jesse Stone Collection"", ""poster_path"": ""/ykW940epBc3kR2A02zwQuJgEDcR.jpg"", ""backdrop_path"": ""/oCIgNFsaLBSLJ4qgrwMZWLFt1wx.jpg""}"
22556,The Yellow Handkerchief,The Yellow Handkerchief,A road trip through Louisiana transforms three strangers who were originally brought together by their respective feelings of loneliness.,A love lost in the past. A love struggling for a future.,Released,False,False,2009-11-19,102,15000000,317000,1.8158,6.252,159,en,http://www.theyellowhandkerchief.com/,tt0954990,/nYX4UmT6sIQFjPReliYFZ2IuGCj.jpg,/pcBlnCcpnLZF7HF5b5poAGhCSD2.jpg,"[{""id"": 18, ""name"": ""Drama""}, {""id"": 10749, ""name"": ""Romance""}]","[{""id"": 6536, ""logo_path"": null, ""name"": ""area japan"", ""origin_country"": """"}]","[{""iso_3166_1"": ""US"", ""name"": ""United States of America""}]","[{""english_name"": ""English"", ""iso_639_1"": ""en"", ""name"": ""English""}]","[""US""]",null
22557,The Yellow Handkerchief,幸福の黄色いハンカチ,"A convict, newly released from prison for murder, joins two strangers on a road trip through Hokkaido to visit his ex-wife, whom he hasn't seen in four years, knowing that if she puts a yellow handkerchief on the window, it would mean that she wants him back at home.",Three complete strangers embark on a road-trip to Hokkaido.,Released,False,False,1977-09-30,109,0,0,2.8228,6.921,38,ja,,tt0076935,/xj0J9fr0Utz48GqLgEx6JB643HN.jpg,/qL0dsnNeJRsjQ3iJ9RMCoNWZBx9.jpg,"[{""id"": 35, ""name"": ""Comedy""}, {""id"": 18, ""name"": ""Drama""}]","[{""id"": 192, ""logo_path"": ""/93eAKlnQecDdMtucfOprzcjMw9V.png"", ""name"": ""Shochiku"", ""origin_country"": ""JP""}]","[{""iso_3166_1"": ""JP"", ""name"": ""Japan""}]","[{""english_name"": ""Japanese"", ""iso_639_1"": ""ja"", ""name"": ""\u65e5\u672c\u8a9e""}]","[""JP""]",null
22559,Aliens of the Deep,Aliens of the Deep,"James Cameron teams up with NASA scientists to explore the Mid-Ocean Ridge, a submerged chain of mountains that band the Earth and are home to some of the planet's most unique life forms.",The search for life beyond begins below.,Released,False,False,2005-01-28,95,0,0,1.129,6.064,78,en,,tt0417415,/fr93LZw0vilOK42vbWCgtekyMpQ.jpg,/EKgE2XEu6Gr6IdFX2oJ1Bm7Zqy.jpg,"[{""id"": 99, ""name"": ""Documentary""}]","[{""id"": 2, ""logo_path"": ""/wdrCwmRnLFJhEoH8GSfymY85KHT.png"", ""name"": ""Walt Disney Pictures"", ""origin_country"": ""US""}, {""id"": 10221, ""logo_path"": ""/99VfWRgKasZoyK9UVB39gnYvFrZ.png"", ""name"": ""Walden Media"", ""origin_country"": ""US""}]","[{""iso_3166_1"": ""US"", ""name"": ""United States of America""}]","[{""english_name"": ""English"", ""iso_639_1"": ""en"", ""name"": ""English""}]","[""US""]",null
22560,One Day You'll Understand,Plus tard tu comprendras,A man endeavors to collect memories of his grandparents who died in a concentration camp during the Holocaust.,,Released,False,False,2008-01-01,90,0,0,0.5518,5.8,8,fr,,tt1180346,/tYb7nsBndgjTI5LEBCAtiggWsfZ.jpg,/wi6Pblw018aQtlN6vU8WPJHLuxS.jpg,"[{""id"": 18, ""name"": ""Drama""}, {""id"": 10770, ""name"": ""TV Movie""}]","[{""id"": 207, ""logo_path"": ""/uskenzq65wJe0cT0D8StQI3hJnO.png"", ""name"": ""Agat Films & Cie / Ex Nihilo"", ""origin_country"": ""FR""}, {""id"": 201, ""logo_path"": ""/6UIpEURdjnmcJPwgTDRzVRuwADr.png"", ""name"": ""ARTE"", ""origin_country"": ""FR""}]","[{""iso_3166_1"": ""FR"", ""name"": ""France""}, {""iso_3166_1"": ""DE"", ""name"": ""Germany""}, {""iso_3166_1"": ""IL"", ""name"": ""Israel""}]","[{""english_name"": ""German"", ""iso_639_1"": ""de"", ""name"": ""Deutsch""}, {""english_name"": ""French"", ""iso_639_1"": ""fr"", ""name"": ""Fran\u00e7ais""}]","[""FR""]",null
22561,Allegro non troppo,Allegro non troppo,"An enterprising producer believes he has hit upon a winning concept: a program of original animated shorts set to classical music. Undeterred by warnings that this has already been done by an American named 'Prisney,' he rallies an orchestra of geriatric women, a bullish conductor, and an animator that he keeps locked in the dungeon. What could go wrong?",,Released,False,False,1976-03-12,85,0,0,0.8915,7.1,114,it,https://gkids.com/films/allegro-non-troppo,tt0074121,/xRAnD7yd6Qx8NYXfoW5GN6K5jiC.jpg,/v7AeBq31MyRS9S8ixZ9kkpt9k78.jpg,"[{""id"": 14, ""name"": ""Fantasy""}, {""id"": 16, ""name"": ""Animation""}, {""id"": 35, ""name"": ""Comedy""}, {""id"": 10402, ""name"": ""Music""}]","[{""id"": 13561, ""logo_path"": null, ""name"": ""Ministero del Turismo e dello Spettacolo"", ""origin_country"": ""IT""}, {""id"": 17797, ""logo_path"": null, ""name"": ""Bruno Bozzetto Film"", ""origin_country"": ""IT""}]","[{""iso_3166_1"": ""IT"", ""name"": ""Italy""}]","[{""english_name"": ""Italian"", ""iso_639_1"": ""it"", ""name"": ""Italiano""}]","[""IT""]",null
22564,Brian Regan: Standing Up,Brian Regan: Standing Up,"Straight off a coast to coast tour and into your living room, Brian Regan: Standing Up comes to DVD. Butterflies, show horses and greeting cards are no match when this master of standup grabs the microphone. His comedy, big enough for everyone, sharp enough for you, keeps audiences coming back time and again for more!",,Released,False,False,2007-06-10,43,0,0,0.2749,7.4,19,en,,tt1043434,/n3FSd5uCjrFC623xkMb2Yd6Cdfv.jpg,/uhUMcT2hZpj4vX9rjkiC93dXxxz.jpg,"[{""id"": 35, ""name"": ""Comedy""}]",[],"[{""iso_3166_1"": ""US"", ""name"": ""United States of America""}]","[{""english_name"": ""English"", ""iso_639_1"": ""en"", ""name"": ""English""}]","[""US""]",null
22568,Black Mor's Island,L'île de Black Mór,"Kid, a 15-year-old hard laborer, steals a map that promises to reveal the location of the notorious pirate Black Mor's treasure. Together with his crew -- MacGregor, Beanpole, Taka and Jim the monkey -- Kid procures a vessel and sets out to sea.",,Released,False,False,2004-02-11,85,0,0,0.3274,6.1,18,fr,,tt0364084,/r1bfalxdKKMhM8w3r1ngmxelr68.jpg,/3w81QszRnwVIgZhPdkQrOMXFOkU.jpg,"[{""id"": 16, ""name"": ""Animation""}, {""id"": 12, ""name"": ""Adventure""}, {""id"": 10751, ""name"": ""Family""}]","[{""id"": 17066, ""logo_path"": null, ""name"": ""Dargaud Marina"", ""origin_country"": """"}, {""id"": 22449, ""logo_path"": null, ""name"": ""Les Films du Triangle"", ""origin_country"": ""FR""}, {""id"": 8207, ""logo_path"": ""/bpRMgSXme9kr20DJmxSlTm5RaIA.png"", ""name"": ""La Fabrique"", ""origin_country"": ""FR""}]","[{""iso_3166_1"": ""FR"", ""name"": ""France""}]","[{""english_name"": ""French"", ""iso_639_1"": ""fr"", ""name"": ""Fran\u00e7ais""}]","[""FR""]",null
22572,Hell Comes to Frogtown,Hell Comes to Frogtown,"'Hell' is the name of the hero of the story. He's a prisoner of the women who now run the USA after a nuclear/biological war. Results of the war are that mutants have evolved, and the human race is in danger of extinction due to infertility. Hell is given the task of helping in the rescue of a group of fertile women from the harem of the mutant leader (resembling a frog). Hell cannot escape since he has a bomb attached to his private parts which will detonate if he strays more than a few hundred yards from his guard.",A new breed of enemy has taken over the world... Sam Hell has come to take it back.,Released,False,False,1988-01-29,88,0,0,1.5061,5.5,167,en,,tt0093171,/7ry5Sh2oFBUj8zqWzAx5Xm8j79i.jpg,/2E3DhgwTK7RnQ9oO2zjiYVpXIn2.jpg,"[{""id"": 28, ""name"": ""Action""}, {""id"": 35, ""name"": ""Comedy""}, {""id"": 878, ""name"": ""Science Fiction""}]","[{""id"": 1950, ""logo_path"": ""/eIoDtHIJKZaZ4hGbKgqC0PzlqJc.png"", ""name"": ""New World Pictures"", ""origin_country"": ""US""}]","[{""iso_3166_1"": ""US"", ""name"": ""United States of America""}]","[{""english_name"": ""English"", ""iso_639_1"": ""en"", ""name"": ""English""}]","[""US""]","{""id"": 160468, ""name"": ""The Frogtown Collection"", ""poster_path"": ""/3fwWM8y7gC7DOOHtFN6X8Ib197G.jpg"", ""backdrop_path"": ""/1MrAuY0KlCwyK63JKzry2W35LBk.jpg""}"
22573,Last of the Living,Last of the Living,"A contagious virus is turning everyone into zombies, and the only hope for survival lies in the hands of three couch potatoes.",Those Damned Dead Just Won't Die,Released,False,False,2009-05-03,93,0,0,0.4505,4.2,42,en,,tt1351177,/ojAA53oMBDLtXw70dSPwQ0Uaes4.jpg,/jU31MF7RG4UBWcpKWhoELBEeJ4r.jpg,"[{""id"": 35, ""name"": ""Comedy""}, {""id"": 27, ""name"": ""Horror""}]",[],"[{""iso_3166_1"": ""NZ"", ""name"": ""New Zealand""}]","[{""english_name"": ""English"", ""iso_639_1"": ""en"", ""name"": ""English""}]","[""NZ"", ""SY""]",null
22575,Go West,Go West,"Embezzler, shill, all around confidence man S. Quentin Quale is heading west to find his fortune; he meets the crafty but simple brothers Joseph and Rusty Panello in a train station, where they steal all his money. They're heading west, too, because they've heard you can just pick the gold off the ground. Once there, they befriend an old miner named Dan Wilson whose property, Dead Man's Gulch, has no gold. They loan him their last ten dollars so he can go start life anew, and for collateral, he gives them the deed to the Gulch. Unbeknownst to Wilson, the son of his longtime rival, Terry Turner (who's also in love with his daughter, Eva), has contacted the railroad to arrange for them to build through the land, making the old man rich and hopefully resolving the feud. But the evil Red Baxter, owner of a saloon, tricks the boys out of the deed, and it's up to them - as well as Quale, who naturally finds his way out west anyway - to save the day.",JUMP INTO YOUR BOOTS AND SADDLES...IT'S ROUND-UP TIME IN THE WILD AND WOOLY WEST!,Released,False,False,1940-12-06,80,0,0,1.2047,6.5,94,en,,tt0032536,/di0laTicoduEdp1WS10T8Poss7r.jpg,/n3UWHyZU5g9Rf7DA0m4UUNSAemd.jpg,"[{""id"": 35, ""name"": ""Comedy""}, {""id"": 37, ""name"": ""Western""}]","[{""id"": 21, ""logo_path"": ""/usUnaYV6hQnlVAXP6r4HwrlLFPG.png"", ""name"": ""Metro-Goldwyn-Mayer"", ""origin_country"": ""US""}]","[{""iso_3166_1"": ""US"", ""name"": ""United States of America""}]","[{""english_name"": ""English"", ""iso_639_1"": ""en"", ""name"": ""English""}]","[""US""]",null
22577,The Suicide Song,伝染歌,"Original story by Yasushi AKIMOTO, writer of the mega hit movie One Missed Call (Chakushin Ari) series. As the project was in development with an idea of an ""infectious song (Densen-Uta)"", one of the staff called out...""There was a real Densen-Uta!"" He discovers on the internet of a song back in 1933, Hungary, which caused mysterious deaths of many people.  In ""Densen-Uta"", high school girls get mixed up in the Japanese version of this infectious song, and with the help of third rate gossip magazine reporter, tries to solve the mystery and horror behind the song. They come to know just how real, an urban legend can become.",,Released,False,False,2007-08-18,128,0,0,1.6254,5.2,4,ja,http://www.densen-uta.jp,tt1010398,/cEUmK9rlAoL9zSGTlfPF6ngKctU.jpg,,"[{""id"": 27, ""name"": ""Horror""}]","[{""id"": 192, ""logo_path"": ""/93eAKlnQecDdMtucfOprzcjMw9V.png"", ""name"": ""Shochiku"", ""origin_country"": ""JP""}, {""id"": 9300, ""logo_path"": ""/9sSD1XufVCJWAadNiC9Mwu994VD.png"", ""name"": ""TV Asahi"", ""origin_country"": ""JP""}, {""id"": 648, ""logo_path"": ""/s811As3dkcqSgl4nEWEVYfJVVxh.png"", ""name"": ""Sony Music Entertainment (Japan)"", ""origin_country"": ""JP""}, {""id"": 3362, ""logo_path"": ""/mGMVj7tbY41dNXK00X58CQpxbPs.png"", ""name"": ""Geneon Entertainment"", ""origin_country"": ""JP""}, {""id"": 1778, ""logo_path"": ""/b5rT6VbYza3LyfltCmz1OcqzWJM.png"", ""name"": ""dentsu"", ""origin_country"": ""JP""}, {""id"": 59118, ""logo_path"": ""/9nTCEBgGaaI5swkv8gy2vny0Mb5.png"", ""name"": ""Kodansha"", ""origin_country"": ""JP""}, {""id"": 9177, ""logo_path"": ""/4J38yaZJMtU8fI1bxIdE9PHnGb7.png"", ""name"": ""Eisei Gekijo"", ""origin_country"": ""JP""}, {""id"": 4868, ""logo_path"": ""/3ExeT4zGXBFU7ei1crOvuzKnc1z.png"", ""name"": ""Asahi Broadcasting Corporation"", ""origin_country"": ""JP""}, {""id"": 81418, ""logo_path"": ""/kW9bMQqnMFtPHvdoyCDpRqh7Gxt.png"", ""name"": ""Nagoya Broadcasting Network"", ""origin_country"": ""JP""}, {""id"": 5808, ""logo_path"": ""/iDa6LUHRM2e6ANmDXda9jsd1dWQ.png"", ""name"": ""Omnibus Japan"", ""origin_country"": ""JP""}]","[{""iso_3166_1"": ""JP"", ""name"": ""Japan""}]","[{""english_name"": ""Japanese"", ""iso_639_1"": ""ja"", ""name"": ""\u65e5\u672c\u8a9e""}]","[""JP""]",null
22578,Labyrinth,Dédales,"Psychologist Dr. Brennac is asked by a colleague to help with the case of Claude, a patient on trial for multiple murders. Is Claude really guilty of the crimes, or is he a victim of his own mind?",,Released,False,False,2003-09-09,100,0,0,0.9131,6.5,48,fr,,tt0340086,/a7fD9Ls1qSBLWOpLgcbrM8R0jqo.jpg,/aMbo1svtbNvE6iR1Q96MR1E5AQt.jpg,"[{""id"": 80, ""name"": ""Crime""}, {""id"": 18, ""name"": ""Drama""}, {""id"": 9648, ""name"": ""Mystery""}, {""id"": 53, ""name"": ""Thriller""}]","[{""id"": 1115, ""logo_path"": ""/ntH7T5gsN6wtyrfHGHJDTuneQ7o.png"", ""name"": ""M6 Films"", ""origin_country"": ""FR""}]","[{""iso_3166_1"": ""BE"", ""name"": ""Belgium""}, {""iso_3166_1"": ""FR"", ""name"": ""France""}]","[{""english_name"": ""French"", ""iso_639_1"": ""fr"", ""name"": ""Fran\u00e7ais""}]","[""FR""]",null
22579,My Bestfriend's Girlfriend,My Bestfriend's Girlfriend,"Evo and Grace are from different worlds. Their paths cross serendipitously when Grace, a waitress in a girlie bar, agrees to fill in for a stripper friend on a bachelor party attended by Evo. His not-so gentlemanly behavior during the party doesn’t endear him with Grace, and unfortunately, neither with his girlfriend who instantly breaks-up with him. Wanting his girlfriend back, Evo arrives at a scheme upon discovering that Grace happens to be his bestfriend’s girlfriend.",Love comes in unexpected packages.,Released,False,False,2008-02-13,115,0,0,0.3001,5.3,7,tl,,tt1143156,/mMHwvjwFsQg9dbl5O7EqG52FFFw.jpg,/rb21GQAyz6UD7U14Mrw3xO25PYi.jpg,"[{""id"": 35, ""name"": ""Comedy""}, {""id"": 10749, ""name"": ""Romance""}]","[{""id"": 8237, ""logo_path"": ""/8GxGenlMmEDS1Z6vmZA5PDqA3p6.png"", ""name"": ""GMA Pictures"", ""origin_country"": ""PH""}, {""id"": 8238, ""logo_path"": ""/3f3SS3sep9V3Nf7RAxNd5UUEw1E.png"", ""name"": ""Regal Entertainment"", ""origin_country"": ""PH""}]","[{""iso_3166_1"": ""PH"", ""name"": ""Philippines""}]","[{""english_name"": ""Tagalog"", ""iso_639_1"": ""tl"", ""name"": """"}]","[""PH""]",null
22582,Tom and Jerry: The Movie,Tom and Jerry: The Movie,The popular cartoon cat and mouse are thrown into a feature film. The story has the twosome trying to help an orphan girl who is being berated and exploited by a greedy guardian.,The world's most famous cat and mouse in their first motion picture.,Released,False,False,1992-10-01,83,3500000,3600000,3.0617,6.3,617,en,http://tomandjerrythemovie.warnerbros.com,tt0105616,/k68ZB5trRKcEJSQdPiY6jtxVq14.jpg,/7x9IsfdRlYXWyy817neZntOM0DN.jpg,"[{""id"": 16, ""name"": ""Animation""}, {""id"": 35, ""name"": ""Comedy""}, {""id"": 10751, ""name"": ""Family""}, {""id"": 10402, ""name"": ""Music""}]","[{""id"": 19, ""logo_path"": ""/2XbFiOpwgdG1P1wKLqfk2kvcTdE.png"", ""name"": ""Film Roman"", ""origin_country"": ""US""}, {""id"": 8923, ""logo_path"": null, ""name"": ""WMG Film"", ""origin_country"": ""DE""}, {""id"": 8922, ""logo_path"": ""/yZWehAyjfKi4KvKeg1bkJ1bm5H8.png"", ""name"": ""Turner Entertainment Co."", ""origin_country"": ""US""}]","[{""iso_3166_1"": ""US"", ""name"": ""United States of America""}, {""iso_3166_1"": ""DE"", ""name"": ""Germany""}]","[{""english_name"": ""English"", ""iso_639_1"": ""en"", ""name"": ""English""}]","[""US""]",null
22583,Deadly Sins,Deadly Sins,"New area deputy Jack Gales arrives on the island to find that a girl at the local Catholic girls school has been found dead. After investigating, he finds that students have been disappearing regularly for five years, about the time Mother Bernadette passed away. Gales and the Mother Superior's secretary Cristina work together to try and unravel the mystery.",,Released,False,False,1995-10-17,98,0,0,0.7649,4.344,16,en,,tt0112830,/g9OmBxhSJpmJmAvHMSJKOtjFN2W.jpg,/i84K7YigQNpihh7HdCTgecPgcYE.jpg,"[{""id"": 9648, ""name"": ""Mystery""}, {""id"": 18, ""name"": ""Drama""}, {""id"": 27, ""name"": ""Horror""}]","[{""id"": 4106, ""logo_path"": null, ""name"": ""Libra Pictures"", ""origin_country"": ""US""}, {""id"": 4679, ""logo_path"": null, ""name"": ""Shavick Entertainment"", ""origin_country"": ""CA""}]","[{""iso_3166_1"": ""CA"", ""name"": ""Canada""}, {""iso_3166_1"": ""US"", ""name"": ""United States of America""}]","[{""english_name"": ""English"", ""iso_639_1"": ""en"", ""name"": ""English""}]","[""CA"", ""US""]",null
22584,To Have and Have Not,To Have and Have Not,A Martinique charter boat skipper gets mixed up with the underground French resistance operatives during WWII.,TALK ABOUT T.N.T! THIS is IT!,Released,False,False,1945-01-20,100,0,3650000,2.6864,7.5,569,en,,tt0037382,/m9RYIio23yClaO3fy5tcpYac1Gf.jpg,/uYRnUnBE4kk5ocvyBckRfMAsZpJ.jpg,"[{""id"": 12, ""name"": ""Adventure""}, {""id"": 10749, ""name"": ""Romance""}, {""id"": 10752, ""name"": ""War""}]","[{""id"": 174, ""logo_path"": ""/zhD3hhtKB5qyv7ZeL4uLpNxgMVU.png"", ""name"": ""Warner Bros. Pictures"", ""origin_country"": ""US""}]","[{""iso_3166_1"": ""US"", ""name"": ""United States of America""}]","[{""english_name"": ""English"", ""iso_639_1"": ""en"", ""name"": ""English""}, {""english_name"": ""French"", ""iso_639_1"": ""fr"", ""name"": ""Fran\u00e7ais""}]","[""US""]",null
22585,Ski Patrol,Ski Patrol,Pops isn't worried about the renewal of the lease for his ski lodge - the safety record is unblemished in spite of the crew of misfits who make up his ski patrol. But a scheming land developer has other plans and the ski patrol is thrust into a skiing showdown in order to save Pops' mountain.,,Released,False,False,1990-01-12,91,0,8533973,1.2604,4.7,42,en,,tt0100631,/clkV5VCiapnKJ5c5yg2brxATIja.jpg,/qYnG9NmCgVZnVlwTDtvUFPbUPbf.jpg,"[{""id"": 35, ""name"": ""Comedy""}, {""id"": 28, ""name"": ""Action""}]","[{""id"": 1988, ""logo_path"": null, ""name"": ""Epic Productions"", ""origin_country"": """"}, {""id"": 8610, ""logo_path"": null, ""name"": ""Sarlui / Diamant Production"", ""origin_country"": """"}]","[{""iso_3166_1"": ""US"", ""name"": ""United States of America""}]","[{""english_name"": ""English"", ""iso_639_1"": ""en"", ""name"": ""English""}, {""english_name"": ""French"", ""iso_639_1"": ""fr"", ""name"": ""Fran\u00e7ais""}]","[""US""]",null
22586,The Swan Princess,The Swan Princess,"The beautiful princess Odette is transformed into a swan by an evil sorcerer's spell. Held captive at an enchanted lake, she befriends Jean-Bob the frog, Speed the turtle and Puffin the bird. Despite their struggle to keep the princess safe, these good-natured creatures can do nothing about the sorcerer's spell, which can only be broken by a vow of everlasting love.",An enchanting classic destined to capture your heart and free your spirit.,Released,False,False,1994-11-18,89,20000000,9771658,3.7624,6.584,1003,en,http://www.sonypictures.com/movies/theswanprincess/,tt0111333,/f5YvIPrkJ9HCsNbgzWJJyxXVNhj.jpg,/hKXmvyBGkyIYfKPAgJdH40q1ozh.jpg,"[{""id"": 10751, ""name"": ""Family""}, {""id"": 16, ""name"": ""Animation""}, {""id"": 14, ""name"": ""Fantasy""}, {""id"": 12, ""name"": ""Adventure""}, {""id"": 35, ""name"": ""Comedy""}]","[{""id"": 4108, ""logo_path"": null, ""name"": ""Rich Animation Studios"", ""origin_country"": """"}]","[{""iso_3166_1"": ""US"", ""name"": ""United States of America""}]","[{""english_name"": ""English"", ""iso_639_1"": ""en"", ""name"": ""English""}]","[""US""]","{""id"": 144200, ""name"": ""The Swan Princess Collection"", ""poster_path"": ""/gTDPdkPuJjAKLL8pjXfXR0zVBDs.jpg"", ""backdrop_path"": ""/jImeIPolLKUm1wiVTWL5nFvaKJH.jpg""}"
22588,Radioland Murders,Radioland Murders,A series of mysterious crimes threatens the existence of a new radio network.,"At station WBN, the hits just keep on coming.",Released,False,False,1994-10-21,108,0,0,1.4554,5.9,55,en,,tt0110939,/l9pvl3AH4UsUvLn4yUP0RR4pltx.jpg,/6TqfA0WFh9t5lhxPg9rwAswM9Yv.jpg,"[{""id"": 35, ""name"": ""Comedy""}, {""id"": 80, ""name"": ""Crime""}, {""id"": 18, ""name"": ""Drama""}]","[{""id"": 33, ""logo_path"": ""/8lvHyhjr8oUKOOy2dKXoALWKdp0.png"", ""name"": ""Universal Pictures"", ""origin_country"": ""US""}, {""id"": 1, ""logo_path"": ""/tlVSws0RvvtPBwViUyOFAO0vcQS.png"", ""name"": ""Lucasfilm Ltd."", ""origin_country"": ""US""}]","[{""iso_3166_1"": ""US"", ""name"": ""United States of America""}]","[{""english_name"": ""English"", ""iso_639_1"": ""en"", ""name"": ""English""}]","[""US""]",null
22590,Sidekicks,Sidekicks,"Asthmatic teenager Barry Gabrewski is a daydreamer. Troubled by bullying, he escapes into a fantasy world where he is the sidekick to his martial arts hero, Chuck Norris, in a series of high-octane adventures taken right out of his movies. With help from his teacher's wise old uncle, Mr. Lee, Barry learns the finer points of martial arts and enters a karate championship.",A dreamer and a champion. An unbeatable team.,Released,False,False,1992-12-17,101,7500000,17200000,2.2544,5.2,185,en,,tt0105402,/p4n2gLg7Iqko72GMJwfaHHCdVg4.jpg,/s0KZQlfhLlO7oT1q9XxCLdW06jO.jpg,"[{""id"": 28, ""name"": ""Action""}, {""id"": 12, ""name"": ""Adventure""}, {""id"": 18, ""name"": ""Drama""}, {""id"": 10751, ""name"": ""Family""}]","[{""id"": 4109, ""logo_path"": null, ""name"": ""Vision PDG"", ""origin_country"": """"}, {""id"": 17160, ""logo_path"": null, ""name"": ""Gallery Films"", ""origin_country"": """"}, {""id"": 23098, ""logo_path"": ""/qosRT1fWXpaGuWQBWOQJO9RcPTo.png"", ""name"": ""Triumph Films"", ""origin_country"": ""US""}]","[{""iso_3166_1"": ""US"", ""name"": ""United States of America""}]","[{""english_name"": ""English"", ""iso_639_1"": ""en"", ""name"": ""English""}]","[""US""]",null
22592,Grandma's Boy,Grandma's Boy,A meek young man must find the courage within when a rogue tramp menaces his hometown.,Where Laughter Reigns and Joy Pours!,Released,False,False,1922-09-03,60,0,0,1.107,6.378,49,en,,tt0013201,/9St2NINbr0zVwcMqyPvTDAKKXUc.jpg,/7T440ropGsj6ARrihrWY2vpSspf.jpg,"[{""id"": 35, ""name"": ""Comedy""}]","[{""id"": 2159, ""logo_path"": null, ""name"": ""Hal Roach Studios"", ""origin_country"": ""US""}]","[{""iso_3166_1"": ""US"", ""name"": ""United States of America""}]","[{""english_name"": ""No Language"", ""iso_639_1"": ""xx"", ""name"": ""No Language""}]","[""US""]",null
22595,Speedy,Speedy,"A hapless young man living in New York City rallies to save his girlfriend's grandfather's horse-drawn trolley, the last in the city, from being put out of business by a railroad company.",You've Waited a Year for This But WOW! What a Hit!,Released,False,False,1928-04-07,86,0,0,1.0785,7.3,109,en,,tt0019412,/zWhWaWCCIsnQDsFTAe98ap3R5y.jpg,/6NfwgI1eKHfprTv1nMqVUVi0Otq.jpg,"[{""id"": 35, ""name"": ""Comedy""}]","[{""id"": 4111, ""logo_path"": null, ""name"": ""The Harold Lloyd Corporation"", ""origin_country"": ""US""}]","[{""iso_3166_1"": ""US"", ""name"": ""United States of America""}]","[{""english_name"": ""No Language"", ""iso_639_1"": ""xx"", ""name"": ""No Language""}]","[""US""]",null
22596,Safety Last!,Safety Last!,"When a store clerk organizes a contest to climb the outside of a tall building, circumstances force him to make the perilous climb himself.","You're Going to Explode With ""Safety Laughs"" when You see This Fun Bomb.",Released,False,False,1923-04-01,73,121000,1500000,1.7115,7.7,571,en,,tt0014429,/fEt5HWJ32ek8ibef7zSZnA00Jp0.jpg,/3zo6ZONR4Mth2nWFbQK9dhCWbVz.jpg,"[{""id"": 35, ""name"": ""Comedy""}, {""id"": 10749, ""name"": ""Romance""}]","[{""id"": 2159, ""logo_path"": null, ""name"": ""Hal Roach Studios"", ""origin_country"": ""US""}, {""id"": 14032, ""logo_path"": null, ""name"": ""Path\u00e9 Exchange"", ""origin_country"": ""US""}]","[{""iso_3166_1"": ""US"", ""name"": ""United States of America""}]","[{""english_name"": ""No Language"", ""iso_639_1"": ""xx"", ""name"": ""No Language""}]","[""US""]",null
22597,The Broken Hearts Club: A Romantic Comedy,The Broken Hearts Club: A Romantic Comedy,"A close-knit group of gay friends share the emotional roller coster of life, relationships, the death of friends, new beginnings, jealousy, fatherhood and professional success. At various stages of life's disarray, these young men share humorous and tragic relationships and always have each other to rely on.",The shortest distance between friends isn't always a straight line.,Released,False,False,2000-02-01,96,1000000,1744858,2.2553,6.2,94,en,http://www.sonypictures.com/movies/thebrokenheartsclubaromanticcomedy,tt0222850,/g9bqbopRZYy5Z2137zFoFQRXVEW.jpg,/bu8Ixqtg7vx1L0UlnV5sekYXizU.jpg,"[{""id"": 35, ""name"": ""Comedy""}, {""id"": 18, ""name"": ""Drama""}, {""id"": 10749, ""name"": ""Romance""}]","[{""id"": 38764, ""logo_path"": null, ""name"": ""Banner Entertainment"", ""origin_country"": """"}, {""id"": 105850, ""logo_path"": null, ""name"": ""Meanwhile Films"", ""origin_country"": ""US""}]","[{""iso_3166_1"": ""US"", ""name"": ""United States of America""}]","[{""english_name"": ""English"", ""iso_639_1"": ""en"", ""name"": ""English""}]","[""US""]",null
22599,Star,Star,"The Driver now carries an arrogant rock star who is visiting a major city. Played by Madonna, this title character wants to get away from her bodyguards in the Driver's BMW. He soon gets tired of her and decides to have a bit of fun.",,Released,False,False,2001-06-01,9,0,0,1.0787,6.9,315,en,,tt0286151,/zslEgrYEg6EDzOYrr8EfDoQK8j1.jpg,/A55WRPRK73zx1cuULDkdX4vriDO.jpg,"[{""id"": 35, ""name"": ""Comedy""}, {""id"": 28, ""name"": ""Action""}]","[{""id"": 10039, ""logo_path"": ""/b8w4LldQolMKiLZw4FQJBcXSDGI.png"", ""name"": ""Anonymous Content"", ""origin_country"": ""US""}, {""id"": 53728, ""logo_path"": null, ""name"": ""BMW Films"", ""origin_country"": """"}]","[{""iso_3166_1"": ""US"", ""name"": ""United States of America""}]","[{""english_name"": ""English"", ""iso_639_1"": ""en"", ""name"": ""English""}]","[""US""]","{""id"": 113589, ""name"": ""The Hire"", ""poster_path"": ""/1mniyf3qfmmsO8PkuDXgOCyoi6G.jpg"", ""backdrop_path"": ""/24OjcsCZPv2GrcSnwmLTjWRODlE.jpg""}"
22600,Gangster's Paradise: Jerusalema,Jerusalema,"This South African movie tracks the rise of a once-petty criminal to the heights of the criminal underworld. After cutting his teeth on hijacking, before moving onto bigger game, an ambitious man hits a setback when most of his gang are shot.",Welcome to the promised land.,Released,False,False,2008-02-11,120,0,0,1.0549,6.7,63,en,,tt0783532,/fVmlqgIyHjEsONDcaFiP8jBdqvU.jpg,/wtwE7rNLVVpo2QHCHdv0ILVnYFg.jpg,"[{""id"": 28, ""name"": ""Action""}, {""id"": 80, ""name"": ""Crime""}, {""id"": 18, ""name"": ""Drama""}]","[{""id"": 4113, ""logo_path"": null, ""name"": ""Muti Films"", ""origin_country"": """"}]","[{""iso_3166_1"": ""ZA"", ""name"": ""South Africa""}]","[{""english_name"": ""Afrikaans"", ""iso_639_1"": ""af"", ""name"": ""Afrikaans""}, {""english_name"": ""English"", ""iso_639_1"": ""en"", ""name"": ""English""}]","[""ZA""]",null
22601,Ocean Odyssey,Ocean Odyssey,"The largest predator on the planet, the sperm whale, is your host for an amazing exploration of the final frontier – the world at the bottom of the ocean. From the makers of the Walking With series comes this incredible marine tour, in which you'll witness a rarely seen world of hidden mountain ranges, majestic canyons, volcanoes and the beautiful and often deadly creatures that inhabit the deep sea.",,Released,False,False,2006-05-24,60,0,0,0.334,7.4,5,en,,tt0830602,/r86zFCEupEEZ3YFO7rasRcjxbHn.jpg,/rPDn32ohgbkJApcYqGX0eZDXRqK.jpg,"[{""id"": 99, ""name"": ""Documentary""}, {""id"": 10770, ""name"": ""TV Movie""}, {""id"": 18, ""name"": ""Drama""}]","[{""id"": 28099, ""logo_path"": null, ""name"": ""Impossible Pictures"", ""origin_country"": ""GB""}]","[{""iso_3166_1"": ""GB"", ""name"": ""United Kingdom""}]","[{""english_name"": ""English"", ""iso_639_1"": ""en"", ""name"": ""English""}]","[""DE"", ""GB"", ""US""]",null
22602,Randy Rides Alone,Randy Rides Alone,"Bandits lead by Matt the Mute enter a bar and kill multiple people. Randy Bowers comes to town and is framed by Matt the Mute, who is working with the sheriff (who doesn't know Matt is really a criminal). Randy escapes with the help of the niece of the dead owner of the bar. Bowers ends up running from the sheriff, and ends up in the cave in which the bandits have their hide-out…",Fearless--- He Rode the Danger Trail!,Released,False,False,1934-06-05,53,0,0,0.9298,4.8,32,en,,tt0025699,/7hlA9T78zEwGBNJcVN4RmM6HYPJ.jpg,/mux6L0txdy6hSahKPp6UGrVa3In.jpg,"[{""id"": 28, ""name"": ""Action""}, {""id"": 37, ""name"": ""Western""}]","[{""id"": 4114, ""logo_path"": null, ""name"": ""Lone Star"", ""origin_country"": ""US""}, {""id"": 4395, ""logo_path"": null, ""name"": ""Monogram Pictures"", ""origin_country"": ""US""}]","[{""iso_3166_1"": ""US"", ""name"": ""United States of America""}]","[{""english_name"": ""English"", ""iso_639_1"": ""en"", ""name"": ""English""}]","[""US""]",null
22603,The Riders of the Whistling Skull,The Riders of the Whistling Skull,"When Professor Marsh disappears while searching for the lost city of Lukachukai, his daughter enlists the help of the Three Mesquiteers.",Your favorite trio of trouble-shooters bring new thrills to the old West!,Released,False,False,1937-01-04,53,0,0,0.7432,5.2,4,en,,tt0029486,/o9iYs4kfuXXU6FPdPl8SdftGCMq.jpg,/kdYR7A7XEDCuaKsOf1zQZ9rCf2f.jpg,"[{""id"": 18, ""name"": ""Drama""}, {""id"": 37, ""name"": ""Western""}]","[{""id"": 1432, ""logo_path"": ""/odyWStT82nGf2LQCyfs7iFudwa0.png"", ""name"": ""Republic Pictures"", ""origin_country"": ""US""}]","[{""iso_3166_1"": ""US"", ""name"": ""United States of America""}]","[{""english_name"": ""English"", ""iso_639_1"": ""en"", ""name"": ""English""}]","[""US""]","{""id"": 392686, ""name"": ""The Three Mesquiteers Collection"", ""poster_path"": ""/dSsL1ye9MMIp0Gvu0YdN3WJjlER.jpg"", ""backdrop_path"": ""/t3EHyC43xUjqbWqUvijTVR8b4YD.jpg""}"
22606,Texas Terror,Texas Terror,Sheriff John Higgins quits and goes into prospecting after he thinks he has killed his best friend in shooting it out with robbers. He encounters his dead buddy's sister and helps her run her ranch. Then she finds out about his past.,,Released,False,False,1935-10-17,50,0,0,0.7594,4.6,34,en,,tt0027087,/rpjXvk37TOPaiy92cpamZHExPC5.jpg,/3pZ1jyLVtdaJOCvawZEr4tpZ9h0.jpg,"[{""id"": 28, ""name"": ""Action""}, {""id"": 12, ""name"": ""Adventure""}, {""id"": 37, ""name"": ""Western""}]","[{""id"": 35430, ""logo_path"": null, ""name"": ""Paul Malvern Productions"", ""origin_country"": ""US""}, {""id"": 4395, ""logo_path"": null, ""name"": ""Monogram Pictures"", ""origin_country"": ""US""}]","[{""iso_3166_1"": ""US"", ""name"": ""United States of America""}]","[{""english_name"": ""English"", ""iso_639_1"": ""en"", ""name"": ""English""}]","[""US""]",null
22609,Dil Bole Hadippa!,दिल बोले हडिप्पा!,"Veera, a fire-cracker of a girl who lives in a small village but dreams of playing cricket in the big league. Rohan is an accomplished captain of a county cricket team in England. Rohan returns to India to captain his father's cricket team which has been losing for the last 8 years. In a Village where girls don't play Cricket, Veera has to put on a put on a turban & beard to live her dream.",,Released,False,False,2009-09-18,148,0,0,1.0738,5.43,57,hi,http://www.yashrajfilms.com/microsites/dbh/fullpage.html,tt1202540,/zt6r5WddPoBaXW6knwQWRnor61F.jpg,/4WQCJM8xpSwbWcmxAiBasveBWWq.jpg,"[{""id"": 10749, ""name"": ""Romance""}, {""id"": 35, ""name"": ""Comedy""}, {""id"": 18, ""name"": ""Drama""}]","[{""id"": 1569, ""logo_path"": ""/lvzN86o3jrP44DIvn4SMBLOl9PF.png"", ""name"": ""Yash Raj Films"", ""origin_country"": ""IN""}]","[{""iso_3166_1"": ""IN"", ""name"": ""India""}]","[{""english_name"": ""Hindi"", ""iso_639_1"": ""hi"", ""name"": ""\u0939\u093f\u0928\u094d\u0926\u0940""}]","[""IN""]",null
22611,Little Nemo: Adventures in Slumberland,NEMO/ニモ,"A little boy whose dreams transcend reality is sucked into his own fantasy, which is everything he has dreamed of, until he unleashes an old secret that may not only destroy this perfect dream world but reality itself.","Take off on a wonderful adventure with ""Little Nemo.""",Released,False,False,1989-07-15,95,0,0,3.6278,6.884,177,ja,,tt0104740,/uVyqRtRaIGrHJvfxImrHHFaQNxM.jpg,/8hwjzxg1XgLTWK3LENj7RVyGBkb.jpg,"[{""id"": 12, ""name"": ""Adventure""}, {""id"": 16, ""name"": ""Animation""}, {""id"": 10751, ""name"": ""Family""}, {""id"": 14, ""name"": ""Fantasy""}]","[{""id"": 3069, ""logo_path"": ""/tpGaXEBassYaiEBvnJ7K5vchT50.png"", ""name"": ""Tokyo Movie Shinsha"", ""origin_country"": ""JP""}]","[{""iso_3166_1"": ""JP"", ""name"": ""Japan""}]","[{""english_name"": ""Japanese"", ""iso_639_1"": ""ja"", ""name"": ""\u65e5\u672c\u8a9e""}]","[""JP""]",null
22612,The Lucky Texan,The Lucky Texan,"Jerry Mason, a young Texan, and Jake Benson, an old rancher, become partners and strike it rich with a gold mine. They then find their lives complicated by bad guys and a woman.","Action all the way, a hundred thrills in a fight for GOLD and a GIRL!",Released,False,False,1934-01-22,54,0,0,1.2499,4.9,30,en,,tt0025440,/xwf4n8tinAlU07WQd99xdrsbB9f.jpg,/mwD9VCOqMkw6zDbfmX3YXZT4Fi.jpg,"[{""id"": 37, ""name"": ""Western""}]","[{""id"": 4114, ""logo_path"": null, ""name"": ""Lone Star"", ""origin_country"": ""US""}, {""id"": 4395, ""logo_path"": null, ""name"": ""Monogram Pictures"", ""origin_country"": ""US""}]","[{""iso_3166_1"": ""US"", ""name"": ""United States of America""}]","[{""english_name"": ""English"", ""iso_639_1"": ""en"", ""name"": ""English""}]","[""US""]",null
22613,The Outlaw,The Outlaw,"Newly appointed sheriff Pat Garrett is pleased when his old friend Doc Holliday arrives in Lincoln, New Mexico on the stage. Doc is trailing his stolen horse, and it is discovered in the possession of Billy the Kid. In a surprising turnaround, Billy and Doc become friends. This causes the friendship between Doc and Pat to cool. The odd relationship between Doc and Billy grows stranger when Doc hides Billy at his girl Rio's place after Billy is shot.",Tall.... Terrific.... and Trouble!,Released,False,False,1943-02-05,116,3400000,5075000,1.9114,5.4,102,en,,tt0036241,/xqnPtCdL0gF5MvexVeVN1aimWg2.jpg,/fAntrAMgfQTJ1c3mMR0g2eQvAkp.jpg,"[{""id"": 37, ""name"": ""Western""}, {""id"": 18, ""name"": ""Drama""}]","[{""id"": 12258, ""logo_path"": null, ""name"": ""Howard Hughes Productions"", ""origin_country"": """"}]","[{""iso_3166_1"": ""US"", ""name"": ""United States of America""}]","[{""english_name"": ""Spanish"", ""iso_639_1"": ""es"", ""name"": ""Espa\u00f1ol""}, {""english_name"": ""English"", ""iso_639_1"": ""en"", ""name"": ""English""}]","[""US""]",null
22614,The Scarlet Pimpernel,The Scarlet Pimpernel,"18th century English aristocrat Sir Percy Blakeney leads a double life. He appears to be merely the effete aristocrat, but in reality is part of an underground effort to free French nobles from Robespierre's Reign of Terror.",Match courage with courage... meet cunning with cunning!,Released,False,False,1934-12-20,97,0,0,1.3515,7.0,70,en,,tt0025748,/9sPfawJsdTnlmdNmPHrsOA9bx2I.jpg,/8F4Idt57rHBbyV8UBXNBVA1ZlWh.jpg,"[{""id"": 18, ""name"": ""Drama""}, {""id"": 12, ""name"": ""Adventure""}]","[{""id"": 659, ""logo_path"": null, ""name"": ""London Films Productions"", ""origin_country"": ""GB""}]","[{""iso_3166_1"": ""GB"", ""name"": ""United Kingdom""}]","[{""english_name"": ""English"", ""iso_639_1"": ""en"", ""name"": ""English""}, {""english_name"": ""French"", ""iso_639_1"": ""fr"", ""name"": ""Fran\u00e7ais""}]","[""GB""]",null
22615,Kiss Kiss (Bang Bang),Kiss Kiss (Bang Bang),A hit man who wants out of the business is targeted by old colleagues.,Don't turn your back to the underworld.,Released,False,False,2001-11-07,101,0,0,1.2823,5.7,28,en,,tt0228488,/lSV5VXaUmHqy1BL3d9SUEuLD6TN.jpg,/2T8MljYJWFfb9ZLxpDy3sIx6EtB.jpg,"[{""id"": 28, ""name"": ""Action""}, {""id"": 80, ""name"": ""Crime""}]","[{""id"": 4116, ""logo_path"": null, ""name"": ""M & M Productions"", ""origin_country"": """"}, {""id"": 4117, ""logo_path"": null, ""name"": ""Pagoda Film"", ""origin_country"": """"}, {""id"": 4118, ""logo_path"": null, ""name"": ""Television Production Company (TPC)"", ""origin_country"": """"}]","[{""iso_3166_1"": ""GB"", ""name"": ""United Kingdom""}]","[{""english_name"": ""English"", ""iso_639_1"": ""en"", ""name"": ""English""}]","[""GB"", ""US""]",null
22617,Dinner Rush,Dinner Rush,"One unlucky evening, Louis Cropa, a part-time bookmaker, discovers that his restaurant has become a hotbed of conflicting characters. In addition to having to please a whiny food critic, Louis must fend off a hostile takeover from a pair of gangsters, to whom his sous-chef is in debt. Further, Louis has an argument with his son, the star chef, whose culinary creativity has brought success to the business.",New York's hottest eatery is going to have a killer night.,Released,False,False,2000-09-01,99,2000000,1075504,1.4402,7.0,80,en,,tt0229340,/6qhSssp1RT3IU53OkomdpJsyJ0D.jpg,/W3WJlXspYPRXfXwWuSuCg3reUd.jpg,"[{""id"": 18, ""name"": ""Drama""}, {""id"": 28, ""name"": ""Action""}, {""id"": 53, ""name"": ""Thriller""}]","[{""id"": 4120, ""logo_path"": null, ""name"": ""Access Motion Picture Group"", ""origin_country"": """"}, {""id"": 4121, ""logo_path"": null, ""name"": ""Giraldi-Suarez-DiGiaimo Productions"", ""origin_country"": """"}]","[{""iso_3166_1"": ""US"", ""name"": ""United States of America""}]","[{""english_name"": ""Italian"", ""iso_639_1"": ""it"", ""name"": ""Italiano""}, {""english_name"": ""French"", ""iso_639_1"": ""fr"", ""name"": ""Fran\u00e7ais""}, {""english_name"": ""English"", ""iso_639_1"": ""en"", ""name"": ""English""}]","[""US""]",null
22618,Far Side of the Moon,La face cachée de la lune,"After the death of his mother, a man tries to discover a meaning to his life, to the universe and to rebuild a relationship with the only family he has left: his gay brother.",,Released,False,False,2003-09-09,105,0,0,0.8649,6.4,32,fr,,tt0352332,/sq4pT3u7r7Os6TVqHtJPSIHzYJs.jpg,/ch7GVOHMxMuDpNlTO3pOKRqJfPq.jpg,"[{""id"": 18, ""name"": ""Drama""}, {""id"": 35, ""name"": ""Comedy""}]","[{""id"": 4123, ""logo_path"": null, ""name"": ""Media Principia"", ""origin_country"": """"}, {""id"": 4122, ""logo_path"": null, ""name"": ""FILMS FCL"", ""origin_country"": ""CA""}]","[{""iso_3166_1"": ""CA"", ""name"": ""Canada""}]","[{""english_name"": ""English"", ""iso_639_1"": ""en"", ""name"": ""English""}, {""english_name"": ""French"", ""iso_639_1"": ""fr"", ""name"": ""Fran\u00e7ais""}, {""english_name"": ""Russian"", ""iso_639_1"": ""ru"", ""name"": ""P\u0443\u0441\u0441\u043a\u0438\u0439""}]","[""CA""]",null
22619,Snuff-Movie,Snuff-Movie,Boris Arkadin is a horror film maker. His pregnant wife was brutally murdered by a Manson-like gang of hippy psychopaths during the 1960s. He becomes a virtual recluse - until years later he directs his own snuff inspired movies. He invites actors to take part in an audition at his country manor house - blurring the lines of what is real and what is fiction.,Is it as real as it seems?,Released,False,False,2005-08-27,92,0,0,0.538,3.9,27,en,,tt0403267,/nH4u0wP3R9t3G3hH4KFaGEErS4U.jpg,,"[{""id"": 27, ""name"": ""Horror""}, {""id"": 53, ""name"": ""Thriller""}]","[{""id"": 826, ""logo_path"": ""/aqiR1prl8N00FfkC4FCJWsOpZIy.png"", ""name"": ""Capitol Films"", ""origin_country"": ""GB""}, {""id"": 4124, ""logo_path"": null, ""name"": ""Enos Rose Productions"", ""origin_country"": ""US""}]","[{""iso_3166_1"": ""GB"", ""name"": ""United Kingdom""}]","[{""english_name"": ""English"", ""iso_639_1"": ""en"", ""name"": ""English""}]","[""GB"", ""US""]",null
22620,Scooby-Doo! The Mystery Begins,Scooby-Doo! The Mystery Begins,"Unjustly accused of staging a spooky practical joke complete with ghosts, Daphne, Velma, Fred and Shaggy are suspended from Coolsville High. To clear their names, they team up to solve the supernatural mystery…and head straight into nonstop laughs and adventure.",The greatest mystery is how it all began.,Released,False,False,2009-09-13,82,0,13000000,1.9502,6.4,721,en,,tt1258157,/fUbx2NFwRTmRMtwcTbzEd804WQj.jpg,/cMdzPC7K1FmKNOBMVnqyyfEfxSI.jpg,"[{""id"": 9648, ""name"": ""Mystery""}, {""id"": 35, ""name"": ""Comedy""}, {""id"": 14, ""name"": ""Fantasy""}]","[{""id"": 4811, ""logo_path"": ""/7xym5CnL4LcMPaWpp51cN1v73AR.png"", ""name"": ""Warner Premiere"", ""origin_country"": ""US""}]","[{""iso_3166_1"": ""US"", ""name"": ""United States of America""}]","[{""english_name"": ""English"", ""iso_639_1"": ""en"", ""name"": ""English""}]","[""US""]","{""id"": 633815, ""name"": ""Scooby-Doo! (TV Movie) Collection"", ""poster_path"": ""/t521Y86CyjdPQIckEPC0laqCwb.jpg"", ""backdrop_path"": ""/tkdIAO8euvwgniAVPSVjWIrZibj.jpg""}"
22621,Heavy,Heavy,"Victor is a cook who works in a greasy roadside restaurant owned by his mother, Dolly. It's just the two of them, a waitress named Delores, and a heavy drinking regular, Leo. But things change when Callie, a beautiful college dropout, shows up as a new waitress and steals Victor's heart. But Victor is too shy to do anything about it, and too self-consciously overweight to dream of winning Callie away.","He's a man so shy, he doesn't even think he deserves love…",Released,False,False,1995-12-29,105,0,0,2.0349,6.6,86,en,,tt0113280,/xo2KsY7hOHDqpgYlDStL56zmgaq.jpg,/vUE36DmWSGVScjpDl0sl5eeDDKT.jpg,"[{""id"": 18, ""name"": ""Drama""}, {""id"": 10749, ""name"": ""Romance""}]","[{""id"": 4125, ""logo_path"": null, ""name"": ""Available Light"", ""origin_country"": ""PH""}]","[{""iso_3166_1"": ""US"", ""name"": ""United States of America""}]","[{""english_name"": ""English"", ""iso_639_1"": ""en"", ""name"": ""English""}]","[""US""]",null
22623,My New Partner III,Ripoux 3,"It's been ten years since the paths of René and François parted ways. From the glorious era when, as cops, they roamed the Montmartre district, they only have a handful of memories left, the money from their cronies having evaporated over time. Everything comes to an end. Until it starts again.",,Released,False,False,2003-12-10,105,0,0,0.833,5.3,84,fr,http://www.ripoux3-lefilm.com/,tt0351795,/1xHhUux28lemC990bH5KCqWS0Er.jpg,/vIzv89578J2IMffX3ZSaD6STKQe.jpg,"[{""id"": 35, ""name"": ""Comedy""}]","[{""id"": 4126, ""logo_path"": null, ""name"": ""GBVI"", ""origin_country"": """"}]","[{""iso_3166_1"": ""FR"", ""name"": ""France""}]","[{""english_name"": ""French"", ""iso_639_1"": ""fr"", ""name"": ""Fran\u00e7ais""}]","[""FR""]","{""id"": 238448, ""name"": ""My New Partner Collection"", ""poster_path"": ""/ke1p1REI3PYBvoD0waoCOQBhkGa.jpg"", ""backdrop_path"": ""/nxx8zQCbyYP0288TCGeIHHnBHk1.jpg""}"
