id,title,original_title,overview,tagline,status,adult,video,release_date,runtime,budget,revenue,popularity,vote_average,vote_count,original_language,homepage,imdb_id,poster_path,backdrop_path,genres,production_companies,production_countries,spoken_languages,origin_country,belongs_to_collection
167452,Sede de Amar (Capuzes Negros),Sede de Amar (Capuzes Negros),,,Released,False,False,1978-02-11,0,0,0,0.1021,2.0,2,pt,,tt0076679,/rxoUQww6hFa8bffxHrVmRczs2gK.jpg,,[],[],[],[],"[""PT""]",null
167453,You Belong to Me,You Belong to Me,A radio psychologist who solves the murders of wealthy women finds her latest case is much deeper than she imagined-and it may cost her life!,He's killed before. He'll kill again. Unless one courageous woman can stop him.,Released,False,False,2002-02-24,88,0,0,0.7458,5.5,7,en,,tt0302056,/am13zHV36Os307Mh6NfB8FL0HEO.jpg,/kwjKtDxgWjZGgBn1ZZdST5cRMnp.jpg,"[{""id"": 18, ""name"": ""Drama""}, {""id"": 9648, ""name"": ""Mystery""}, {""id"": 53, ""name"": ""Thriller""}, {""id"": 80, ""name"": ""Crime""}, {""id"": 10770, ""name"": ""TV Movie""}]",[],"[{""iso_3166_1"": ""CA"", ""name"": ""Canada""}]","[{""english_name"": ""English"", ""iso_639_1"": ""en"", ""name"": ""English""}]","[""CA"", ""US""]",null
167458,Stryker's War,Stryker's War,A wounded Vietnam Vet and his pals save a small town from a crazed cult leader and his maniac killer gang,,Released,False,False,1980-07-04,45,200000,0,0.5641,5.9,4,en,,tt4200472,/mUDA3WI0VAv8PLQO5G5UcXoNbqx.jpg,/5TSVsULywFRgIaFVi9nmytwbMoc.jpg,"[{""id"": 28, ""name"": ""Action""}, {""id"": 53, ""name"": ""Thriller""}]",[],[],"[{""english_name"": ""English"", ""iso_639_1"": ""en"", ""name"": ""English""}]","[""US""]",null
167461,Seicho Matsumoto Special: Fingers,松本清張スペシャル・指,"Fukue Yumiko is a struggling actress who isn't afraid to lie, cheat, or exploit her own sexuality if it means her own success. But as she becomes a big star, one TV reporter decides that it's time someone uncovered her dark past and reveal just how far she was prepared to go for her own fame.",,Released,False,False,2006-02-21,114,0,0,1.1558,3.2,5,ja,http://www.ntv.co.jp/d-complex/contents/20060221_a.html,tt1492985,/q1yNFtc64QYXpuA0QKjOq2AQ7TG.jpg,/rz0uFd0t9rq1B6JRE3KC68iCdDi.jpg,"[{""id"": 80, ""name"": ""Crime""}, {""id"": 18, ""name"": ""Drama""}, {""id"": 9648, ""name"": ""Mystery""}]",[],"[{""iso_3166_1"": ""JP"", ""name"": ""Japan""}]","[{""english_name"": ""Japanese"", ""iso_639_1"": ""ja"", ""name"": ""\u65e5\u672c\u8a9e""}]","[""JP""]",null
167463,"Love, Prostitute Word","Amor, Palavra Prostituta","Follows the relationship between two couples: An unemployed professor, Fernando, sustained by his factory worker girlfriend Rita, and sexist and reactionary Luís Carlos and inexperient Lilita.",,Released,False,False,1982-02-01,95,0,0,0.1696,6.7,9,pt,,tt0078769,/rjNPPsOPahYnpq658nfFMQyq2lP.jpg,/apHjXi35xZtvAz1mYxAWlORDLHG.jpg,"[{""id"": 18, ""name"": ""Drama""}, {""id"": 35, ""name"": ""Comedy""}]","[{""id"": 25326, ""logo_path"": null, ""name"": ""Galante Filmes"", ""origin_country"": ""BR""}]","[{""iso_3166_1"": ""BR"", ""name"": ""Brazil""}]","[{""english_name"": ""Portuguese"", ""iso_639_1"": ""pt"", ""name"": ""Portugu\u00eas""}]","[""BR""]",null
167464,A View From Below,A View From Below,"A Film By Matt O'Connor &amp; Paul DiNatale  Pioneer into the deep sea with maverick submarine builder and underwater explorer Karl Stanley.  A View From Below follows Karl's unwavering quest to explore the mysteries of the deep sea.  From the age of 15, Karl has pioneered in an industry that discourages individual endeavors.  He has designed and built two groundbreaking submersibles with the creativity and resourcefulness of some of history's greatest inventors.  Karl's determination and creativity will amaze and inspire you from the very beginning.",Go Deeper,Released,False,False,2008-01-01,74,0,0,0.2018,7.5,1,en,http://www.rooftoppictures.com/,tt1362521,,,"[{""id"": 99, ""name"": ""Documentary""}]",[],[],"[{""english_name"": ""English"", ""iso_639_1"": ""en"", ""name"": ""English""}]","[""US""]",null
167466,Propaganda,Propaganda,"An anti-western propaganda film about the influences of American visual and consumption culture on the rest of the world, as told from a North Korean perspective.",,Released,False,False,2013-02-14,96,0,0,1.489,8.0,27,en,https://mvdb2b.com/s/Propaganda/MVD6321D,tt2279306,/BfV6p69Vic44AiZKQIoydsXNCW.jpg,/aGi3beNxZQPdg8VzkwVXjXRKtVo.jpg,"[{""id"": 99, ""name"": ""Documentary""}]","[{""id"": 92459, ""logo_path"": null, ""name"": ""Sabineprogram"", ""origin_country"": ""NZ""}, {""id"": 146877, ""logo_path"": ""/xdxXUXaOlu9HRJk4cQfZvmPeYfM.png"", ""name"": ""Sideways Film"", ""origin_country"": ""GB""}]","[{""iso_3166_1"": ""NZ"", ""name"": ""New Zealand""}]","[{""english_name"": ""English"", ""iso_639_1"": ""en"", ""name"": ""English""}, {""english_name"": ""Korean"", ""iso_639_1"": ""ko"", ""name"": ""\ud55c\uad6d\uc5b4/\uc870\uc120\ub9d0""}]","[""NZ"", ""US""]",null
167467,Bharatiya,Bharatiya,"Bharatiya is a story set in a village called ""ADNIDE"" on the borders of Maharashtra and Karnataka. As part of the fiction, the narrative details the alienation of the village folk from the mainstream because of the lack of amenities. The villagers are brought over for votes by politicians from both sides of the border but when it comes to fulfilling promises or furthering development of the village, the politicians turn a blind eye.",,Released,False,False,2012-08-10,134,0,0,0.3078,0.0,0,en,,,,,[],[],[],"[{""english_name"": ""Marathi"", ""iso_639_1"": ""mr"", ""name"": """"}]","[""US""]",null
167468,Movie Dementia,Filme Demência,"Transposition of the myth of Faust to modern Brazil. The heir to a bankrupt cigarette factory, amidst a personal crisis, leaves everything behind and heads for a supposed paradise he has seen in a tourist agency, where he believes he could find self-knowledge. In his search, he is inspired by a Mephisto-like character.",,Released,False,False,1986-10-15,90,0,0,0.2195,6.2,19,pt,,tt0091049,/sWsuwKiIP7ciOGRMGGoMIRpuvXn.jpg,/vVAixRds0ff6ZE5MzuvEAtZFvlv.jpg,"[{""id"": 14, ""name"": ""Fantasy""}, {""id"": 18, ""name"": ""Drama""}]","[{""id"": 13111, ""logo_path"": null, ""name"": ""Cinearte"", ""origin_country"": """"}, {""id"": 13930, ""logo_path"": ""/3XZZx8IOBO8bIl2kZxvvFeLuhMC.png"", ""name"": ""Embrafilme S/A"", ""origin_country"": ""BR""}]","[{""iso_3166_1"": ""BR"", ""name"": ""Brazil""}]","[{""english_name"": ""Portuguese"", ""iso_639_1"": ""pt"", ""name"": ""Portugu\u00eas""}]","[""BR""]",null
167471,Ladies Nice,Ladies Nice,A groups of kids have a reckless party ignoring that their parent´s sins will fall over them,,Released,False,False,2013-02-11,85,0,0,0.1416,4.8,5,es,,tt2844434,/nN2hmc7ZkM1s0YrrdVkd3tqKzgZ.jpg,/oggSu4nIY8ZTfGBi19AorT6kcTl.jpg,"[{""id"": 18, ""name"": ""Drama""}]",[],"[{""iso_3166_1"": ""MX"", ""name"": ""Mexico""}]","[{""english_name"": ""Spanish"", ""iso_639_1"": ""es"", ""name"": ""Espa\u00f1ol""}]","[""MX""]",null
167479,The Wheels on the Bus Video: Mango's Big Dog Parade,The Wheels on the Bus Video: Mango's Big Dog Parade,"Designed for toddlers age 2-5, Wheels on the Bus: Mango's Big Dog Parade uses a combination of cartoon characters and puppets in order to tell a story about how the bus must stop at different places as it travels to the title event. Each stop along the way offers a different activity of lesson for the young viewer.",,Released,False,False,2008-12-18,33,0,0,0.1701,0.0,0,en,http://www.thewheelsonthebus.com/,tt0950726,,,"[{""id"": 10751, ""name"": ""Family""}]","[{""id"": 38553, ""logo_path"": null, ""name"": ""Armstrong Moving Pictures"", ""origin_country"": """"}]","[{""iso_3166_1"": ""US"", ""name"": ""United States of America""}]","[{""english_name"": ""English"", ""iso_639_1"": ""en"", ""name"": ""English""}]","[""US""]",null
167480,The Wheels on the Bus Video: Mango Helps the Moon Mouse,The Wheels on the Bus Video: Mango Helps the Moon Mouse,Mango and Papaya go on a musical adventure helping a hungry Moon Mouse.,,Released,False,False,2005-10-16,36,0,0,0.1208,0.0,0,en,http://thewheelsonthebus.com/,tt0488432,,,"[{""id"": 10751, ""name"": ""Family""}]",[],[],"[{""english_name"": ""English"", ""iso_639_1"": ""en"", ""name"": ""English""}]","[""US""]",null
167482,The blue hand,La mano azul,"The Blue Hand describes the creative process of an artist who lives in Lisbon when he is creating a series of big pictures, The Silent Music of the Flamenco Singer, inspired in types of flamenco songs which partially show faces. The objective is to try to capture his feelings, thoughts, doubts and impulses from the first line on the white canvas until he signs his work.",,Released,False,False,2009-01-01,0,0,0,0.0,0.0,0,es,,tt2549080,,,[],[],"[{""iso_3166_1"": ""ES"", ""name"": ""Spain""}, {""iso_3166_1"": ""PT"", ""name"": ""Portugal""}]","[{""english_name"": ""French"", ""iso_639_1"": ""fr"", ""name"": ""Fran\u00e7ais""}]","[""ES""]",null
167484,The Ambassador,The Ambassador,"An American ambassador to Israel tries to bring peace to the Middle East conflict through unconventional methods, but his efforts are hampered at every turn and his personal life threatened.",His career is in jeopardy... His marriage is in ruins... And his life is in danger... HE'S THROUGH NEGOTIATING.,Released,False,False,1985-01-11,97,0,0,1.2207,5.0,29,en,,tt0086884,/2mcYdWE0bYIqDkEPdiO2ypfcQ3O.jpg,/acE1zD3fOqNZU0PnRCfEgFM79jK.jpg,"[{""id"": 18, ""name"": ""Drama""}, {""id"": 53, ""name"": ""Thriller""}]","[{""id"": 14227, ""logo_path"": null, ""name"": ""Northbrook Films"", ""origin_country"": """"}, {""id"": 1444, ""logo_path"": ""/1848gsFuV3EGewKg8xWADAyJUVy.png"", ""name"": ""The Cannon Group"", ""origin_country"": ""US""}, {""id"": 13549, ""logo_path"": null, ""name"": ""Golan-Globus Productions"", ""origin_country"": ""US""}]","[{""iso_3166_1"": ""US"", ""name"": ""United States of America""}]","[{""english_name"": ""English"", ""iso_639_1"": ""en"", ""name"": ""English""}]","[""US""]",null
167487,The Policeman of the 16th Precinct,Ο Ηλίας Του 16ου,"Ilias dresses himself in a police uniform as part of a complex burglary plot. Unfortunately for him, the impostor officer is called to assist in the investigation of a real crime. The other officers involved in this case treat him as a colleague, and he is forced to play along in hopes that his cover is not blown.",,Released,False,False,1959-05-30,84,0,0,1.0306,7.6,21,el,,tt0181592,/eFz7K8l9mcTMxArnO41nzYzZGEF.jpg,/bxSW79AIc4LldSTthxYnC0or6Yn.jpg,"[{""id"": 35, ""name"": ""Comedy""}]","[{""id"": 12093, ""logo_path"": ""/a5l879HvnNElhZ5gxRWB5QVBuUp.png"", ""name"": ""Finos Film"", ""origin_country"": ""GR""}]","[{""iso_3166_1"": ""GR"", ""name"": ""Greece""}]","[{""english_name"": ""Greek"", ""iso_639_1"": ""el"", ""name"": ""\u03b5\u03bb\u03bb\u03b7\u03bd\u03b9\u03ba\u03ac""}]","[""GR""]",null
167488,Münchhausen in Afrika,Münchhausen in Afrika,The adventures of Baron Münchhausen jr. in Africa.,,Released,False,False,1958-07-17,88,0,0,0.7504,3.4,4,de,,tt0051971,/rbPewnqHc8mElnMmeOZ8KYbyofd.jpg,/wF5GZuAJ4sfde2ytThtm17iaHz2.jpg,"[{""id"": 10402, ""name"": ""Music""}, {""id"": 35, ""name"": ""Comedy""}]","[{""id"": 1787, ""logo_path"": ""/tWdfCS6OBkxSuXao5lluNKDIvlc.png"", ""name"": ""CCC Filmkunst"", ""origin_country"": ""DE""}]","[{""iso_3166_1"": ""DE"", ""name"": ""Germany""}]","[{""english_name"": ""German"", ""iso_639_1"": ""de"", ""name"": ""Deutsch""}]","[""DE""]",null
167489,Im Alleingang - Die Stunde der Krähen,Im Alleingang - Die Stunde der Krähen,Mary is a lawyer whose successful career is turned upside down when she has a car accident. Forced to live in a wheelchair she is fired and abandoned by her lover.,,Released,False,False,2012-02-21,89,0,0,0.5478,5.0,3,de,,tt2215145,/hYEpzysAFZQxM6x6q64ku6fAsUe.jpg,,"[{""id"": 10770, ""name"": ""TV Movie""}, {""id"": 18, ""name"": ""Drama""}]","[{""id"": 1478, ""logo_path"": ""/plHEkpGkULYqiLRpYsUak8uYmhU.png"", ""name"": ""Sat.1"", ""origin_country"": ""DE""}]","[{""iso_3166_1"": ""DE"", ""name"": ""Germany""}]","[{""english_name"": ""German"", ""iso_639_1"": ""de"", ""name"": ""Deutsch""}]","[""DE""]",null
167493,When I Sold My Soul To The Machine,When I Sold My Soul To The Machine,"From the early nineties an electronic music culture emerged in The Hague, the Netherlands. This film travels back and forth in time, alongside the artists and styles while connecting the characteristics of this period.",,Released,False,False,2004-01-01,42,0,0,0.067,6.0,1,en,,tt1505436,/8qOykqCMi7mJNyiKf9vza187Yyd.jpg,/g8lPTxEmnRy6vN8Ii68tN6e9I6W.jpg,"[{""id"": 99, ""name"": ""Documentary""}, {""id"": 10402, ""name"": ""Music""}]",[],"[{""iso_3166_1"": ""NL"", ""name"": ""Netherlands""}]","[{""english_name"": ""Dutch"", ""iso_639_1"": ""nl"", ""name"": ""Nederlands""}]","[""US""]",null
167494,"Reason, Debate and a Story",যুক্তি তক্কো আর গপ্পো,"Four men, each peculiar in his own way, embark on a quest to reason with the estranged wife of the protagonist. This is considered to be Ghatak's autobiographical film.",,Released,False,False,1974-01-01,120,0,0,0.2046,6.4,13,bn,,tt0071707,/feOp4pjWUhwjLBZvNbfirLpn1SG.jpg,/td5R1FRFMFGarPNThPz4UEqCEyk.jpg,"[{""id"": 18, ""name"": ""Drama""}]",[],"[{""iso_3166_1"": ""IN"", ""name"": ""India""}]","[{""english_name"": ""Bengali"", ""iso_639_1"": ""bn"", ""name"": ""\u09ac\u09be\u0982\u09b2\u09be""}]","[""IN""]",null
167495,Hugo and Rosa,Hugo och Rosa,"The touching story of an elderly brother and sister who have lived together in their small Swedish town their entire lives. The film shows their special bond, the kind of world they inhabit, and provides an inspirational look at family values and the simple joys of life.",,Released,False,False,2002-09-24,57,50,60,0.0143,5.0,5,sv,,tt0387294,/2pYdYh2nav6SSZcE3VTLrSJs3lA.jpg,/r86JoxrsCv3VD9pnjHFKfAnoYtW.jpg,"[{""id"": 99, ""name"": ""Documentary""}, {""id"": 18, ""name"": ""Drama""}, {""id"": 10749, ""name"": ""Romance""}, {""id"": 10770, ""name"": ""TV Movie""}]","[{""id"": 2999, ""logo_path"": ""/zGSqFee9aDgDuLD6vcs2mcJUem4.png"", ""name"": ""SVT"", ""origin_country"": ""SE""}]","[{""iso_3166_1"": ""SE"", ""name"": ""Sweden""}]","[{""english_name"": ""Swedish"", ""iso_639_1"": ""sv"", ""name"": ""svenska""}]","[""SE""]",null
167496,So war der deutsche Landser,So war der deutsche Landser,,,Released,False,False,1955-03-25,93,0,0,0.2829,6.0,1,de,,tt0166807,/iEuLgnAYmX6r1DNJdUAQuTLZhrS.jpg,,"[{""id"": 99, ""name"": ""Documentary""}]","[{""id"": 162215, ""logo_path"": null, ""name"": ""Arca Production"", ""origin_country"": """"}]","[{""iso_3166_1"": ""DE"", ""name"": ""Germany""}]","[{""english_name"": ""German"", ""iso_639_1"": ""de"", ""name"": ""Deutsch""}]","[""DE""]",null
167499,Henley,Henley,"Ted Henley lives with his father in their run down motel on a desolate stretch of road. He earns his tiny allowance by collecting the roadkill that litters the highway.  But when the motel cash register starts to run dry, Ted turns his attention to collecting bigger game.","Meet 9-year-old Ted Henley – budding motel manager, and roadkill entrepreneur.",Released,False,False,2011-06-10,11,0,0,0.3296,9.0,2,en,http://henleyfilm.com,tt1727288,/wtX0DHjRLHiIDT6tI9fGCHJ1cB2.jpg,,[],[],[],[],"[""US""]",null
167500,Discovering Huston,Discovering Huston,"John Huston, a pioneer of film noir, westerns, war films and epic dramas. We explore his life and works, which include classics such as 'The Maltese Falcon', 'The Treasure of the Sierra Madre', and 'The African Queen'.",,Released,False,False,2011-01-01,60,0,0,0.0143,7.5,1,es,,,,,[],[],"[{""iso_3166_1"": ""GB"", ""name"": ""United Kingdom""}]","[{""english_name"": ""English"", ""iso_639_1"": ""en"", ""name"": ""English""}]","[""ES"", ""GB""]",null
167501,Incantesimo napoletano,Incantesimo napoletano,"In a family of full-blooded Neapolitans, tragedy strikes: a girl is born speaking and acting like a northerner!",,Released,False,False,2002-02-08,82,0,0,0.2331,5.7,20,it,,tt0203584,/rv5ygPl4ykrgOlGp1rk2W4v9NO9.jpg,/7RIHtPcrT2dTT8tQnfm3U5bXB3Q.jpg,"[{""id"": 35, ""name"": ""Comedy""}]","[{""id"": 13112, ""logo_path"": null, ""name"": ""Il Verme Ghiottone"", ""origin_country"": """"}, {""id"": 12012, ""logo_path"": null, ""name"": ""Eyescreen"", ""origin_country"": ""IT""}, {""id"": 779, ""logo_path"": ""/KFFOFoztyjV5epvnW5GerPbcvx.png"", ""name"": ""Lucky Red"", ""origin_country"": ""IT""}]","[{""iso_3166_1"": ""IT"", ""name"": ""Italy""}]","[{""english_name"": ""Italian"", ""iso_639_1"": ""it"", ""name"": ""Italiano""}]","[""IT""]",null
167502,Is the Man Who Is Tall Happy?,Is the Man Who Is Tall Happy?,"A series of interviews featuring linguist, philosopher and activist Noam Chomsky done in hand-drawn animation.",An Animated Conversation with Noam Chomsky,Released,False,False,2013-11-22,88,0,0,0.4606,6.865,85,en,,tt1817287,/y9yAjpCQRqtzcR5GdSVHuLdxuV0.jpg,/tMHHtJ1ISUKR5xDASpadO8Cmorg.jpg,"[{""id"": 99, ""name"": ""Documentary""}, {""id"": 16, ""name"": ""Animation""}]","[{""id"": 11911, ""logo_path"": ""/rGxYK3422RKLRBWQoWKJxRdD2Jp.png"", ""name"": ""Partizan Films"", ""origin_country"": ""FR""}]","[{""iso_3166_1"": ""FR"", ""name"": ""France""}]","[{""english_name"": ""English"", ""iso_639_1"": ""en"", ""name"": ""English""}]","[""US""]",null
167506,Luxtorpeda - Przystanek Woodstock 2012,Luxtorpeda - Przystanek Woodstock 2012,,,Released,False,False,,0,0,0,0.0,0.0,0,pl,,,,,[],[],[],[],"[""PL""]",null
167507,Pincus,Pincus,A story centered on a young guy who ineptly runs the family construction business by day and begrudgingly acts as caretaker for his father by night.,,Released,False,False,2012-06-16,96,0,0,0.528,0.0,0,en,http://www.pincus-movie.com/,tt2072198,,,[],[],[],"[{""english_name"": ""English"", ""iso_639_1"": ""en"", ""name"": ""English""}]","[""US""]",null
167508,Clarissas Geheimnis,Clarissas Geheimnis,"18-year-old Stella lives with her mother Clarissa on a picturesque lodge in the South African bush. When Clarissa one day died in a tragic car accident, the young woman makes a surprising discovery: Obviously, her mother was not a South African, but the daughter of a rich industrial family from Austria. But why did she leave her homeland, change her name and even lied to her daughter over the years? To find out the truth, Stella travels to Styria.",,Released,False,False,2012-10-03,90,0,0,0.2368,4.1,4,de,,tt1890457,/cLXAFnxTFF9Y18eDV3e4vZy7Qyv.jpg,/3dqSkLk5FTA9pZJwtnsFDMsWY5N.jpg,"[{""id"": 10770, ""name"": ""TV Movie""}, {""id"": 18, ""name"": ""Drama""}]","[{""id"": 1251, ""logo_path"": ""/fc0O0mvjl8PbHgZXXY2VgPYos1Z.png"", ""name"": ""ARD"", ""origin_country"": ""DE""}]","[{""iso_3166_1"": ""DE"", ""name"": ""Germany""}]","[{""english_name"": ""German"", ""iso_639_1"": ""de"", ""name"": ""Deutsch""}]","[""DE""]",null
167509,Mia moglie è una bestia,Mia moglie è una bestia,"Gianni (Boldi) is an ad agent from Milan vacationing in the mountains. Inside a cave he stumbles upon a cavewoman (Grimaldi) frozen intact. Of course she retained all of her young beauty and immediately Gianni is attracted to her, but after he begins thinking she is best left behind she follows him around creating havoc in his normal life. Gianni believes he can transform her into a beautiful modern day woman.",,Released,False,False,1988-02-09,104,0,0,0.4652,4.5,47,it,,tt0198752,/vRIYsrPKaXh9GU5op3c8lGLARo2.jpg,/cENmQIrDxlfHIRg9z8nU3PZUWSi.jpg,"[{""id"": 35, ""name"": ""Comedy""}]","[{""id"": 371, ""logo_path"": ""/caz3eGyRd4OW7oR31Aij5ZwjOXD.png"", ""name"": ""Cecchi Gori Group Tiger Cinematografica"", ""origin_country"": ""IT""}, {""id"": 5849, ""logo_path"": null, ""name"": ""Maura International Films"", ""origin_country"": ""IT""}]","[{""iso_3166_1"": ""IT"", ""name"": ""Italy""}]","[{""english_name"": ""Italian"", ""iso_639_1"": ""it"", ""name"": ""Italiano""}]","[""IT""]",null
167510,Remember I'll Always Love You,"Vergiss nie, dass ich Dich Liebe",A woman discovers with astonishment that her husband has committed suicide. Sumida in great pain decides to investigate the reasons that drove her husband to make a decision as tragic. But the symptoms of incipient disease begin to limit their target.,,Released,False,False,2011-06-17,90,0,0,0.3531,0.0,0,de,,tt1895511,/pJZQzwO7NXXwn0Z8Hz1aMWwRc7l.jpg,,"[{""id"": 18, ""name"": ""Drama""}]",[],"[{""iso_3166_1"": ""DE"", ""name"": ""Germany""}]","[{""english_name"": ""German"", ""iso_639_1"": ""de"", ""name"": ""Deutsch""}]","[""DE""]",null
167511,Frezno Smooth,Frezno Smooth,"When a corrupt judge wrongfully bans motocross legend Seth Winslow from entering an upcoming freestyle contest, Frezno explodes into a chaotic spree of riots, parties and white trash insanity.",,Released,False,False,1999-01-01,90,0,0,0.4642,7.8,2,en,,tt0216759,/3Q25oaIjIoI0UOAyIoeXhRP1Kdu.jpg,,[],[],"[{""iso_3166_1"": ""US"", ""name"": ""United States of America""}, {""iso_3166_1"": ""CA"", ""name"": ""Canada""}]","[{""english_name"": ""English"", ""iso_639_1"": ""en"", ""name"": ""English""}, {""english_name"": ""French"", ""iso_639_1"": ""fr"", ""name"": ""Fran\u00e7ais""}]","[""US"", ""CA""]",null
167513,Solace,Solace,Six people from different walks of life search for redemption in three seemingly unrelated stories that push towards a startling climax.,Alone is sometimes best,Released,False,False,2013-03-01,76,0,0,0.3255,4.5,2,en,,tt2140411,/dblM3yacTPTb8FWea3QwrPFEHS.jpg,,"[{""id"": 18, ""name"": ""Drama""}]",[],[],[],"[""US""]",null
167515,Tony Roberts: I'm Different,Tony Roberts: I'm Different,"From touring with Kevin Hart, winning BET awards, and starring on television, Tony Roberts has done it all in comedy. In his brand-new concert film, I'm Different, you'll hear his hilarious takes on Eddie Murphy, parenting, sex and everything in between. You may think you've seen it all but Tony Roberts is different!",,Released,False,False,2013-01-15,64,0,0,0.1678,0.0,0,en,,tt5085082,,,"[{""id"": 35, ""name"": ""Comedy""}]",[],[],"[{""english_name"": ""English"", ""iso_639_1"": ""en"", ""name"": ""English""}]","[""US""]",null
167517,Knocked Up,Drei in einem Bett,"Kerstin is a successful department head of a tax consulting firm in Berlin. She is respected and feared by her employees. Only one thing is too short in her life: for years she had no sex and no husband by her side. At the company, she wants to show that she can also party properly. The next morning, she wakes up in a hotel bed with two employees next to her: the hated opponent Simon and the ""footman"" Gregor. With the aid of her assistant Achim, she has lost all the memories of the previous evening. Her employees are forcing her to silence. Four months later, she realizes that she is pregnant and one of her nightmares is the father.",,Released,False,False,2013-07-23,91,0,0,0.5901,2.9,5,de,,tt2436600,/ccwjnnOD5bjuwLvpxzmA4ehJSW6.jpg,/rbJvMwGvuBEWTS0sJmXDx9XdA38.jpg,"[{""id"": 10770, ""name"": ""TV Movie""}, {""id"": 35, ""name"": ""Comedy""}]","[{""id"": 1478, ""logo_path"": ""/plHEkpGkULYqiLRpYsUak8uYmhU.png"", ""name"": ""Sat.1"", ""origin_country"": ""DE""}]","[{""iso_3166_1"": ""DE"", ""name"": ""Germany""}]","[{""english_name"": ""German"", ""iso_639_1"": ""de"", ""name"": ""Deutsch""}]","[""DE""]",null
167519,North of the Sun,Nordfor sola,"Two friends discover the perfect beach at a remote Norwegian shore just above the Arctic Circle and decide to spend the winter here – surfing. Building a hut from driftwood and living on expired food only, the young men turn sustainable living into their own Robinson-adventure, keeping their calm even in the face of personal danger.",,Released,False,False,2012-04-01,46,0,0,0.1465,7.9,21,no,,tt2486904,/3ue0MDSrF73ALkJlJI8aVUpTfXk.jpg,/C3x6StSeC5uJtbEVj8yJii5Wkf.jpg,"[{""id"": 99, ""name"": ""Documentary""}]",[],"[{""iso_3166_1"": ""NO"", ""name"": ""Norway""}]","[{""english_name"": ""Norwegian"", ""iso_639_1"": ""no"", ""name"": ""Norsk""}, {""english_name"": ""English"", ""iso_639_1"": ""en"", ""name"": ""English""}]","[""NO""]",null
167520,La Vida No Vale Nada,La vida no vale nada,"Pablo, a wandering laborer, has imprisoned himself in a hell of alcoholism. Cruz, a widow, reaches out to the troubled man, but even her compassion may not be enough to save him.",,Released,False,False,1955-05-04,100,0,0,0.9175,8.1,49,es,,tt0047654,/6XmJ5TDfWJ11Pk7SxgqGYU5F6ju.jpg,/dUwUlRfHNQXPWu5DgLm5natV7oe.jpg,"[{""id"": 18, ""name"": ""Drama""}]","[{""id"": 20969, ""logo_path"": null, ""name"": ""Tepeyac S.A."", ""origin_country"": """"}]","[{""iso_3166_1"": ""MX"", ""name"": ""Mexico""}]","[{""english_name"": ""Spanish"", ""iso_639_1"": ""es"", ""name"": ""Espa\u00f1ol""}]","[""MX""]",null
167524,El zángano,El zángano,"Capulina reaches Mexico City and sweating buckets trying to work with his uncle, the billionaire strict resting all day surrounded by a bunch of beautiful women.",,Released,False,False,1968-09-11,95,0,0,0.2293,5.1,7,es,,tt0320786,/f4RAJdj9FKmfV51Wf5M6Ww75a6Q.jpg,,"[{""id"": 35, ""name"": ""Comedy""}]",[],"[{""iso_3166_1"": ""MX"", ""name"": ""Mexico""}]","[{""english_name"": ""Spanish"", ""iso_639_1"": ""es"", ""name"": ""Espa\u00f1ol""}]","[""MX""]",null
167525,Scruff: A Christmas Tale,Rovelló. Un Nadal sense Noel,"It's Christmas, Eve and Scruff have some dishes that are not shared with anyone. But after meeting the ghosts of Christmas past, present and future, understand the true meaning of the holiday, friendship and charity.",,Released,False,False,2006-12-15,67,0,0,0.0585,0.0,0,ca,,tt2264450,/f19tdupnEMLyi56UgUML9jqNgZr.jpg,/qVDrHxU7CxDUjOf7XuTLXLu8e1s.jpg,"[{""id"": 16, ""name"": ""Animation""}, {""id"": 10751, ""name"": ""Family""}]","[{""id"": 77003, ""logo_path"": ""/iFnUhGYgvDZ4HZNjVqSWsfmal33.png"", ""name"": ""D'Ocon Films"", ""origin_country"": ""ES""}]","[{""iso_3166_1"": ""ES"", ""name"": ""Spain""}]","[{""english_name"": ""Catalan"", ""iso_639_1"": ""ca"", ""name"": ""Catal\u00e0""}]","[""ES""]","{""id"": 1181192, ""name"": ""Col\u00b7lecci\u00f3 Rovell\u00f3"", ""poster_path"": ""/jqI0rJOfo2bM8FhT6IYLei0nuMu.jpg"", ""backdrop_path"": ""/l42HIuBQMXvAKyf8g5UUQaVmkVr.jpg""}"
167531,Summer Snow,Summer Snow,"Hallie Benson is a small girl with a big heart. Unfortunately, her creative ways of helping often create a mess. Dan Benson doesn't cook, do hair or know how to help his three children without his beautiful wife and her unshakable faith.",,Released,False,False,2014-07-25,89,0,0,0.9104,6.7,12,en,http://www.uptv.com/summersnow,tt2404385,/tJlWSDxfqFIviCsB9NF2RmpSsKl.jpg,/8kNXkkQzy0Wf3olEHRq3JcaJnqa.jpg,"[{""id"": 18, ""name"": ""Drama""}]",[],"[{""iso_3166_1"": ""US"", ""name"": ""United States of America""}]",[],"[""US""]",null
167541,(sic)nesses,(sic)nesses,"Slipnot headlined the annual Download festival in the UK, performing in front of 80,000 fans. The film features one of the final major performances for founding member Paul Gray, who passed away in May 2010. Track listing:  742617000027  (sic)  Eyeless  Wait and Bleed  Get This  Before I Forget  Sulfur  The Blister Exists  Dead Memories  Left Behind  Disasterpiece  Vermilion  Everything Ends  Psychosocial  Duality  People=Shit  Surfacing  Spit it Out",(sic)nesses - Live at Download.,Released,False,True,2010-08-28,87,0,0,0.0143,5.0,1,en,,,/eMq6eICO5T15JC11Cm3oW2l1jVL.jpg,/VYajrDNg3pwXIUE6qz2cKn9i7d.jpg,[],[],[],[],"[""US""]",null
167542,"Perverse Preachers, Fascist Fundamentalists and Kristian Kiddie Kooks","Perverse Preachers, Fascist Fundamentalists and Kristian Kiddie Kooks","This documentary focuses on the subculture known as television evangelists. Shown are clips from their programs, interviews with them from news programs and events, and also incidents when they said or did things and didn't know a camera or microphone was on them, along with other embarrassing moments.",,Released,False,False,1991-01-14,120,0,0,0.0,4.0,1,en,,tt0270571,/10jZ1Oi47YIWLDjh2YREaRhCTUn.jpg,,"[{""id"": 99, ""name"": ""Documentary""}]",[],"[{""iso_3166_1"": ""US"", ""name"": ""United States of America""}]",[],"[""US""]",null
167543,Dream Tower,Dream Tower,"Dream Tower chronicles Toronto's most notorious social experiment of the sixties. Inspired by cultural critic Paul Goodman, philosophies of alternative education, and the decade's political upheaval, a group of young idealists established Rochdale as a free university and student residence in 1968. Rochdale's founders envisioned an enlightened community of self-educators, and the first 100 or so students, earnestly studying subjects such as Heidegger and anarchism in eight-hour seminars, made the dream seem possible. But they didn't anticipate that some people wouldn't know what to do with freedom, that hippies kicked out of Yorkville would overrun the building, or that drug-dealing motorcycle gangs would camp out in the lobby.",,Released,False,False,1994-01-01,47,0,0,0.1833,7.0,2,en,,tt0225564,,,"[{""id"": 99, ""name"": ""Documentary""}]",[],"[{""iso_3166_1"": ""CA"", ""name"": ""Canada""}]","[{""english_name"": ""English"", ""iso_639_1"": ""en"", ""name"": ""English""}]","[""US"", ""CA""]",null
167545,The Mayor,El Alcalde,"The film tells the story of Mauricio Fernandez, mayor of the wealthiest municipality in Latin America, located in the North of Mexico. He presents himself as a polemical figure who takes justice into his own hands in order to ""clean"" his municipality of the drug cartels' presence. Mauricio is a key character to better understand the present situation in Mexico and through the unusual views of this politician, the audience will be a privileged witnesses of an scenario where political tasks and excessive violence mingle with one another.",,Released,False,False,2012-08-18,81,0,0,0.237,6.4,5,es,,tt2248996,/scuVQHTut8zoTHVN758HYvHDdnI.jpg,/tQXvDeFeOCKUVEmoYxOpz3Q7wEC.jpg,"[{""id"": 99, ""name"": ""Documentary""}]","[{""id"": 21319, ""logo_path"": ""/ceCZTuNRz9BfOMAfykG337m2D15.png"", ""name"": ""bamb\u00fa|audiovisual"", ""origin_country"": ""MX""}, {""id"": 299, ""logo_path"": ""/elssmtHcogGtF8Gxokh9phZvLKi.png"", ""name"": ""Instituto Mexicano de Cinematograf\u00eda"", ""origin_country"": ""MX""}]","[{""iso_3166_1"": ""MX"", ""name"": ""Mexico""}]","[{""english_name"": ""Spanish"", ""iso_639_1"": ""es"", ""name"": ""Espa\u00f1ol""}]","[""MX""]",null
167547,Flyerman,Flyerman,"What begins as a character study of an eccentric man who passes out flyers for a living, becomes an intense five year journey of self-discovery and the search for fame.",,Released,False,False,2003-09-08,91,0,0,0.1843,6.3,3,en,,tt0379288,,,"[{""id"": 99, ""name"": ""Documentary""}]",[],"[{""iso_3166_1"": ""CA"", ""name"": ""Canada""}]",[],"[""CA""]",null
167548,The Shutka Book of Records,Knjiga rekorda Šutke,"A documentary about bizarre residents of Shutka, a Macedonian village built on the former city dump area. Shutka, where everyone is the champion of something. This film is a celebration of the culture, humor, spirit, oddities and idiosyncrasies of the Roma, one of the world's poorest and most persecuted peoples. Ultimately we are instructed in the celebration of life despite any and all circumstances - everyone is of value here.",,Released,False,False,2005-11-03,78,0,0,0.1143,7.4,12,sr,,tt0494831,/xpg5HCgRxlCSLWyjjIbEzvgBb6j.jpg,,"[{""id"": 99, ""name"": ""Documentary""}]","[{""id"": 101750, ""logo_path"": null, ""name"": ""Aleksandar Mani\u0107"", ""origin_country"": ""RS""}]","[{""iso_3166_1"": ""CZ"", ""name"": ""Czech Republic""}, {""iso_3166_1"": ""CS"", ""name"": ""Serbia and Montenegro""}]","[{""english_name"": ""German"", ""iso_639_1"": ""de"", ""name"": ""Deutsch""}, {""english_name"": ""Macedonian"", ""iso_639_1"": ""mk"", ""name"": """"}, {""english_name"": ""Raeto-Romance"", ""iso_639_1"": ""rm"", ""name"": """"}, {""english_name"": ""Serbian"", ""iso_639_1"": ""sr"", ""name"": ""Srpski""}, {""english_name"": ""Turkish"", ""iso_639_1"": ""tr"", ""name"": ""T\u00fcrk\u00e7e""}]","[""RS""]",null
167549,Johnny Berlin,Johnny Berlin,"Jon Hyrns is a porter on a refurbished 1930s luxury train. Passengers on the Seattle-to-L.A. trip know him as ""Johnny Berlin"" - the man responsible for making their beds and cleaning their toilets. We get to know him differently - as a middle-aged, struggling writer with a workaday job and as many dreams as he has beds to clean. He's a true wanderer, whose plan is to spend his savings on a trip to Cambodia to write his long-gestating novel.",,Released,False,False,2005-01-20,60,0,0,0.0574,0.0,0,en,,tt0462371,,,"[{""id"": 99, ""name"": ""Documentary""}]",[],[],"[{""english_name"": ""English"", ""iso_639_1"": ""en"", ""name"": ""English""}]","[""US""]",null
167550,Intangible Blue,Azul Intangible,"A journey above and below the sea, portraying the charm and diversity of the waters of northwest Mexico. A team of urban documentary filmmakers and divers set sail for several weeks on a boat, The Sandman, and discover the unexplored: surprisingly large and friendly creatures, waters teeming with life, beauty, and movement concentrated in natural reserves of the Gulf of California and the Pacific, unique in the world.",Dreaming about the sea can be fascinating: discovering it has no equal...,Released,False,False,2012-10-25,70,0,0,0.203,0.0,0,es,https://sic.gob.mx/ficha.php?table=produccion_cine&table_id=4503,tt1904841,/9lRkMGDP9Qahtc2se9Da6ZjA8ax.jpg,,"[{""id"": 99, ""name"": ""Documentary""}]","[{""id"": 88614, ""logo_path"": ""/jpid5wWEkbpSqRTsHdJjWwzLWv8.png"", ""name"": ""UNAM"", ""origin_country"": ""MX""}, {""id"": 27880, ""logo_path"": ""/yt24dH6cML0ovAtPMtt4quBeNdA.png"", ""name"": ""Centro Universitario de Estudios Cinematogr\u00e1ficos (CUEC)"", ""origin_country"": ""MX""}, {""id"": 299, ""logo_path"": ""/elssmtHcogGtF8Gxokh9phZvLKi.png"", ""name"": ""Instituto Mexicano de Cinematograf\u00eda"", ""origin_country"": ""MX""}, {""id"": 9980, ""logo_path"": ""/tvtK88MhdxjOZN3zSeyrkP8iWd1.png"", ""name"": ""Fondo para la Producci\u00f3n Cinematogr\u00e1fica de Calidad"", ""origin_country"": ""MX""}, {""id"": 188340, ""logo_path"": null, ""name"": ""ATL Productions"", ""origin_country"": """"}]","[{""iso_3166_1"": ""MX"", ""name"": ""Mexico""}]","[{""english_name"": ""Spanish"", ""iso_639_1"": ""es"", ""name"": ""Espa\u00f1ol""}]","[""MX""]",null
167551,Drakmar: A Vassal's Journey,Drakmar: A Vassal's Journey,A coming of age saga about a 14-year old boy whose life alternates between the medieval fantasy kingdom of Adria and the real world trials of a challenging adolescence.,,Released,False,False,2006-05-05,74,200,0,0.2467,8.0,1,en,,tt1020529,/e0HtrUpHXBe69zTKOd9hgNBMJFZ.jpg,/89ksR672hMNjZ5AOZPTLCKHsVrX.jpg,"[{""id"": 99, ""name"": ""Documentary""}]","[{""id"": 166511, ""logo_path"": null, ""name"": ""Flagpop"", ""origin_country"": """"}]","[{""iso_3166_1"": ""US"", ""name"": ""United States of America""}]","[{""english_name"": ""English"", ""iso_639_1"": ""en"", ""name"": ""English""}]","[""US""]",null
167554,The Orphan,The Orphan,"A disturbed young boy whose parents have recently died begins worshipping a stuffed chimp god as his relationship with his aunt/guardian becomes increasingly toxic. ""Suggested by the short story 'Sredni Vashtar' by Saki (H. H. Munro)"", per the credits.",,Released,False,False,1979-11-02,87,0,0,0.4601,2.8,11,en,,tt0079677,/tenNF7phTWcKJjLPl0OUYeHOLIG.jpg,,"[{""id"": 27, ""name"": ""Horror""}]","[{""id"": 39925, ""logo_path"": null, ""name"": ""Trimedia Southwest Associates"", ""origin_country"": """"}, {""id"": 39926, ""logo_path"": null, ""name"": ""Cinema Investments Company"", ""origin_country"": """"}, {""id"": 39927, ""logo_path"": null, ""name"": ""Gilman-Westergaard Enterprises"", ""origin_country"": """"}]","[{""iso_3166_1"": ""US"", ""name"": ""United States of America""}]","[{""english_name"": ""English"", ""iso_639_1"": ""en"", ""name"": ""English""}]","[""US""]",null
167556,My Friends Need Killing,My Friends Need Killing,"A traumatized Vietnam veteran goes on a killing spree, targeting the men with whom he served in the army.",Would you like to be this man's friend?,Released,False,False,1976-12-10,73,0,0,0.1273,6.0,1,en,,tt0074942,/ihgv3qf1YXfNZLf0MxtQTcPkj25.jpg,/7oKfWWqoitIDY9B8QuvVyegpjQ5.jpg,"[{""id"": 27, ""name"": ""Horror""}, {""id"": 18, ""name"": ""Drama""}, {""id"": 80, ""name"": ""Crime""}]","[{""id"": 6906, ""logo_path"": null, ""name"": ""LMN Productions"", ""origin_country"": """"}]","[{""iso_3166_1"": ""US"", ""name"": ""United States of America""}]","[{""english_name"": ""English"", ""iso_639_1"": ""en"", ""name"": ""English""}]","[""US""]",null
167558,Autograph,অটোগ্রাফ,"Arun, a famous Bengali actor, approves Shuvobrata's proposal of remaking Satyajit Ray's famous film 'Nayak'. Problems arise when Shuvobrata requests his live-in girlfriend Shrin to act opposite Arun.",,Released,False,False,2010-10-14,120,0,0,0.7771,7.9,8,bn,https://svf.in/movie/autograph/,tt1611004,/zSf33ViXQsfsSCTz8QzSwcQIp2E.jpg,/bKNQQU1df6CpzTICYbxG5tBOHFh.jpg,"[{""id"": 18, ""name"": ""Drama""}]","[{""id"": 12877, ""logo_path"": ""/eKruM4v4KT0ILAK2NsDGne6qA7D.png"", ""name"": ""SVF Entertainment"", ""origin_country"": ""IN""}]","[{""iso_3166_1"": ""IN"", ""name"": ""India""}]","[{""english_name"": ""Hindi"", ""iso_639_1"": ""hi"", ""name"": ""\u0939\u093f\u0928\u094d\u0926\u0940""}, {""english_name"": ""Bengali"", ""iso_639_1"": ""bn"", ""name"": ""\u09ac\u09be\u0982\u09b2\u09be""}]","[""IN""]",null
167562,18 Shaolin Riders,Xuan feng shi ba qi,"HO YU-HUAN is the leader of a gang that is:. Call ""THE GEFURCHTETEN"" With a paper knife he drew himself and his people his 18 men, who have made as THE GEFURCHTETEN a name, devoted to him unconditionally you.. rob the rich to protect the poor -  The old, the weak and the orphans they are protected in the same way and support. One day learns HO YU-HUAN that a corrupt tax collector wants to smuggle his money and jewels from the capital ....",,Released,False,False,1977-02-10,85,0,0,0.6632,2.8,4,zh,,tt0121896,/4DoTYR8qDi0fCmzV5IVUBRDhUMQ.jpg,/5NqE5fiK8tGshCTw3q7YnH3M5Tv.jpg,"[{""id"": 28, ""name"": ""Action""}]","[{""id"": 178686, ""logo_path"": null, ""name"": ""Wan Shing Motion Picture Company"", ""origin_country"": """"}]","[{""iso_3166_1"": ""TW"", ""name"": ""Taiwan""}]","[{""english_name"": ""Mandarin"", ""iso_639_1"": ""zh"", ""name"": ""\u666e\u901a\u8bdd""}]","[""TW""]",null
167563,Helden 06,Helden 06,"The makers of the LEGO Movie ""Helden von Bern"", did a new LEGO soccer match movie. This time they do a fantasy final game of the World Cup 2006.",,Released,False,False,2006-03-29,16,0,0,0.0214,10.0,2,de,http://www.helden06.de/,tt0830563,/bKtIc5qnTgyrxDfswSkmtX1bzXq.jpg,,"[{""id"": 16, ""name"": ""Animation""}]","[{""id"": 34315, ""logo_path"": null, ""name"": ""Kurt Media"", ""origin_country"": """"}, {""id"": 34316, ""logo_path"": null, ""name"": ""Fachhochschule Offenburg"", ""origin_country"": """"}]","[{""iso_3166_1"": ""DE"", ""name"": ""Germany""}]","[{""english_name"": ""German"", ""iso_639_1"": ""de"", ""name"": ""Deutsch""}]","[""DE""]",null
167564,Layout,佈局,"The place: Shanghai. The time: 1921. The Japanese aggression towards China is getting stronger each day. Enter Hsueh Ao-Lin, an agent of the government sent to uncover the Chinese traitors helping the enemy. Once inside, Hsueh must fight both the Japanese and his countrymen for his sake, and the future of China.",,Released,False,False,1977-02-10,87,0,0,1.7898,9.5,2,zh,,tt0198636,/uDL0edzq7G8Q3pPufdPF2yYxVjA.jpg,/u3XhuZw9hvXfLGkqWa608PCSJ7M.jpg,"[{""id"": 28, ""name"": ""Action""}]",[],"[{""iso_3166_1"": ""TW"", ""name"": ""Taiwan""}, {""iso_3166_1"": ""HK"", ""name"": ""Hong Kong""}]","[{""english_name"": ""Mandarin"", ""iso_639_1"": ""zh"", ""name"": ""\u666e\u901a\u8bdd""}]","[""TW"", ""HK""]",null
167570,Bokya Satbande,बोक्या सातबंडे,Being kind is really not that difficult. Neither does being considerate take a whole lot of effort. And trying to put yourself in the other person's proverbial shoes will not be the end of the world. 7-year old Bokya reminds us of the goodness we carry and appreciate but also forget as we age.,,Released,False,False,2009-04-17,125,0,0,0.0814,0.0,0,mr,,tt2497024,/wO6cwsfIOqZNQ4IWS18jSSlJI6.jpg,,"[{""id"": 35, ""name"": ""Comedy""}, {""id"": 10751, ""name"": ""Family""}, {""id"": 18, ""name"": ""Drama""}]","[{""id"": 209473, ""logo_path"": null, ""name"": ""Nishad Audio-Visuals Pvt. Ltd."", ""origin_country"": """"}]","[{""iso_3166_1"": ""IN"", ""name"": ""India""}]","[{""english_name"": ""Marathi"", ""iso_639_1"": ""mr"", ""name"": """"}]","[""IN""]",null
167571,It's All So Quiet,Boven is het stil,The story of a farmer who realizes that his life has been influenced to an unhealthy extent by his aging father.,,Released,False,False,2013-04-24,93,0,0,0.3896,6.2,30,nl,,tt2167715,/spvQKSNtqUscW39Xy8V1aGE0Dob.jpg,/1GZEtwLS42st8bCIUfflA0GUVEn.jpg,"[{""id"": 18, ""name"": ""Drama""}]","[{""id"": 31138, ""logo_path"": ""/aI6mMcZgLUSxlssAtBbE6mRaR7x.png"", ""name"": ""Coin Film"", ""origin_country"": ""DE""}, {""id"": 31137, ""logo_path"": ""/rHzcJcRfaNemvKKGNTcx0h4VHwS.png"", ""name"": ""Circe Films"", ""origin_country"": ""NL""}, {""id"": 39626, ""logo_path"": null, ""name"": ""N279 Entertainment"", ""origin_country"": ""NL""}]","[{""iso_3166_1"": ""NL"", ""name"": ""Netherlands""}, {""iso_3166_1"": ""DE"", ""name"": ""Germany""}]","[{""english_name"": ""Dutch"", ""iso_639_1"": ""nl"", ""name"": ""Nederlands""}]","[""NL""]",null
167572,Foreign Chi Patlin,Foreign Chi Patlin,"Ramchandra Patil (Girish Pardeshi) goes abroad to take education. There he meets Madam Jennifer (Billiana Rodonich,). They fall in love and get married. Ramchandra gets his newly married wife to his village. This gori-suun then becomes Janki Patil.",,Released,False,False,2009-04-10,141,0,0,0.0479,0.0,0,en,,,,,[],[],[],"[{""english_name"": ""Marathi"", ""iso_639_1"": ""mr"", ""name"": """"}]","[""US""]",null
167575,Hatchet III,Hatchet III,"A search and recovery team heads into Victor Crowley’s haunted swamp to pick up the pieces, and Marybeth learns the secret to ending the voodoo curse that has left Victor Crowley terrorizing Honey Island Swamp for decades.",Some Legends Never Die.,Released,False,False,2013-06-14,81,1169935,0,1.7574,5.7,381,en,http://ariescope.com/2011/04/12/hatchet-iii/,tt1870419,/kbSuJBmPXn72SibvzXk6eGVo1D2.jpg,/26hIJYDMVtQsp7NHmXrBoYbre7n.jpg,"[{""id"": 27, ""name"": ""Horror""}, {""id"": 53, ""name"": ""Thriller""}, {""id"": 35, ""name"": ""Comedy""}, {""id"": 28, ""name"": ""Action""}]","[{""id"": 3960, ""logo_path"": null, ""name"": ""ArieScope Pictures"", ""origin_country"": ""US""}, {""id"": 4592, ""logo_path"": ""/kgK8NV5jZtqsmnZv92s1I5DnLNX.png"", ""name"": ""Dark Sky Films"", ""origin_country"": ""US""}]","[{""iso_3166_1"": ""US"", ""name"": ""United States of America""}]","[{""english_name"": ""English"", ""iso_639_1"": ""en"", ""name"": ""English""}]","[""US""]","{""id"": 124901, ""name"": ""Hatchet Collection"", ""poster_path"": ""/3Y0JXGlLLYjlHVWUS50uwkSlxpL.jpg"", ""backdrop_path"": ""/f3q5nrEJrhRFr0c2proh8Q9x4xx.jpg""}"
167576,Das Gespensterhaus,Das Gespensterhaus,"In Bern above Junkerngasse 54 the caretaker has died - the old Hutzli. On the day on which he was buried, it's started again, this howling in the middle of the night - scary. Since then, no one dares to live there.",,Released,False,False,1942-08-28,107,0,0,0.3068,5.0,1,de,,tt0034783,/2JWFTdV4s4GLVortqfDo0SmOL27.jpg,/tgZeNMv6bb17aeHrpXQ8hhbIVVq.jpg,"[{""id"": 9648, ""name"": ""Mystery""}, {""id"": 35, ""name"": ""Comedy""}, {""id"": 27, ""name"": ""Horror""}]","[{""id"": 483, ""logo_path"": ""/uL6KIolH7ehyNrfvpKr83YpyCC2.png"", ""name"": ""Praesens-Film"", ""origin_country"": ""CH""}]","[{""iso_3166_1"": ""CH"", ""name"": ""Switzerland""}]","[{""english_name"": ""German"", ""iso_639_1"": ""de"", ""name"": ""Deutsch""}]","[""CH""]",null
167580,The Dream of Lu,El Sueño de Lu,"Lucia must find new meaning in her life in order to move forward after a suicide attempt.Dealing with her grief over the death of her son,she establishes new ties and notices small miracles.An encounter and unexpected journey open up the space for her to understand that she can continue to live and to discover that eternity resides in a single instant.",,Released,False,False,2012-11-09,106,0,0,0.5332,5.1,12,es,https://www.kanopy.com/product/dream-lu,tt2214997,/eKWrGY8uPYK96UeG0zHjkBxwhab.jpg,,"[{""id"": 18, ""name"": ""Drama""}, {""id"": 10751, ""name"": ""Family""}]","[{""id"": 52889, ""logo_path"": null, ""name"": ""Catatonia Films"", ""origin_country"": ""MX""}]","[{""iso_3166_1"": ""MX"", ""name"": ""Mexico""}]","[{""english_name"": ""Spanish"", ""iso_639_1"": ""es"", ""name"": ""Espa\u00f1ol""}]","[""MX""]",null
167581,Free Fall,Freier Fall,"A promising career with the police, a baby on the way... Marc's life seems to be right on track. Then he meets fellow policeman Kay and during their regular jogs Marc experiences a never-before-felt sense of ease and effortlessness – and what it means to fall in love with another man.",,Released,False,False,2013-05-27,97,0,599721,1.5553,7.7,830,de,https://salzgeber.de/international/freefall,tt2617828,/77n2MlfdzgIlktWvvVS9Zvdx00q.jpg,/aCNfKTJstRM5LjbLRy2s3cOnNkE.jpg,"[{""id"": 18, ""name"": ""Drama""}, {""id"": 10749, ""name"": ""Romance""}]","[{""id"": 87329, ""logo_path"": ""/6ZrqZH4n3ERG8p9zPIaRDbmQKFq.png"", ""name"": ""kurhaus production"", ""origin_country"": ""DE""}, {""id"": 1251, ""logo_path"": ""/fc0O0mvjl8PbHgZXXY2VgPYos1Z.png"", ""name"": ""ARD"", ""origin_country"": ""DE""}, {""id"": 124, ""logo_path"": ""/7MjDMOybX0D3fcIEpCyY9es5XZU.png"", ""name"": ""SWR"", ""origin_country"": ""DE""}]","[{""iso_3166_1"": ""DE"", ""name"": ""Germany""}]","[{""english_name"": ""English"", ""iso_639_1"": ""en"", ""name"": ""English""}, {""english_name"": ""German"", ""iso_639_1"": ""de"", ""name"": ""Deutsch""}]","[""DE""]",null
167583,Corleone,Corleone,"Two friends grow up together in the Sicily of the '50s. Two different destiny, two different way of life. Could their friendship survive to the mafia shadow?",,Released,False,False,1978-11-10,108,0,0,0.7855,7.5,10,it,,tt0075879,/aSVE7SkgFFpGtHw0u4mHniVp4K2.jpg,,"[{""id"": 80, ""name"": ""Crime""}, {""id"": 53, ""name"": ""Thriller""}]","[{""id"": 9290, ""logo_path"": null, ""name"": ""Capital Film"", ""origin_country"": ""IT""}]","[{""iso_3166_1"": ""IT"", ""name"": ""Italy""}]","[{""english_name"": ""Italian"", ""iso_639_1"": ""it"", ""name"": ""Italiano""}]","[""IT""]",null
167584,Latin Divas of Comedy,Latin Divas of Comedy,"Funnyman Alex Reymundo hosts this stand-up comedy extravaganza that showcases the talents of four Latina comics as they riff on minority life in America, including Sandra Valls, who speaks to her experience as a Mexican lesbian living in Texas. Other featured comic divas include Monique Marvez, Marilyn Martinez and Sara Contreras, who shares her insights into the absurdities of being a Puerto Rican-born single mom raising her kids in New Jersey.",,Released,False,False,2007-12-02,90,0,0,0.0468,0.0,0,en,,tt0421135,/j9zwvPp7YJO7vFnfSZdRYYp9XQe.jpg,,"[{""id"": 35, ""name"": ""Comedy""}, {""id"": 99, ""name"": ""Documentary""}]",[],"[{""iso_3166_1"": ""US"", ""name"": ""United States of America""}]",[],"[""US""]",null
167589,D-DAY - Men and Machine,D-DAY - Men and Machine,A story of the men who put battling machines to ultimate test-the ordinary soldiers who participated in the greatest amphibious invasion in history.,,Released,False,False,2004-01-01,94,0,0,0.2214,0.0,0,en,http://www.natgeotv.com/asia/d-day-men-and-machine,tt0408654,/sxnZ3QBpNZ4L7OxM2WLBk8DnQhk.jpg,,"[{""id"": 99, ""name"": ""Documentary""}, {""id"": 10752, ""name"": ""War""}]","[{""id"": 7521, ""logo_path"": ""/fRqMjLjyAqThtEg9P9WKCXLmCpJ.png"", ""name"": ""National Geographic"", ""origin_country"": ""US""}]",[],"[{""english_name"": ""English"", ""iso_639_1"": ""en"", ""name"": ""English""}, {""english_name"": ""Portuguese"", ""iso_639_1"": ""pt"", ""name"": ""Portugu\u00eas""}]","[""US""]",null
167591,Tropix,Tropix,A woman becomes embroiled in a life-or-death struggle after kidnappers spirit her away to a remote area of Costa Rica.,Come to Costa Rica. See endangered species. Become one.,Released,False,False,2002-12-31,101,0,0,0.6857,5.3,3,en,,tt0314803,/jTSnoEwyyo4YDVw8E0vglGhnWwo.jpg,,"[{""id"": 53, ""name"": ""Thriller""}, {""id"": 12, ""name"": ""Adventure""}, {""id"": 80, ""name"": ""Crime""}]",[],"[{""iso_3166_1"": ""CR"", ""name"": ""Costa Rica""}]","[{""english_name"": ""English"", ""iso_639_1"": ""en"", ""name"": ""English""}]","[""CR""]",null
167594,Making Off Sangriento: Masacre en el Set de Filmación,Making Off Sangriento: Masacre en el Set de Filmación,"Ricardo B., a serial killer chosen as an actor for a film school short film, kills the director and the actor. An investigation is then launched by Detective Caligari to find out who the sadistic killer was. Driven by their love of cinema and eager to finish their final thesis, marred by tragedy, the students regroup, recruit a new director, and undertake the difficult task of filming a short film in one night.",,Released,False,False,2012-10-19,80,0,0,0.0143,7.5,1,es,,tt2487828,/trd8f67whdCJZ2ndISk4UENcJwy.jpg,,"[{""id"": 27, ""name"": ""Horror""}]",[],"[{""iso_3166_1"": ""AR"", ""name"": ""Argentina""}]","[{""english_name"": ""Spanish"", ""iso_639_1"": ""es"", ""name"": ""Espa\u00f1ol""}]","[""AR""]",null
167595,Superman,Superman,"In this Indian take on the classic superhero story, a young baby from the doomed planet Krypton is sent to Earth, where he is adopted by an elderly couple in India who name him Shekhar. After growing to an adult and learning about his origins and powers, he goes to the city in search of his school sweetheart, Gita, who has become a newpaper reporter. At the same time, Verma, Shekhar's rival for Gita's affection in their school days, has gone on to become a crime lord and general super-villain. Verma has hatched at plan to become rich by devastating part of India with natural disasters, then buying up all of the abandoned land. Will Superman/Shekhar be able to put a stop to Verma's evil plan? Will he win Gita's heart? Will he keep his double identity a secret?",The Indian Superman,Released,False,False,1987-12-31,124,0,0,0.7074,4.7,16,hi,,tt0297416,,,"[{""id"": 28, ""name"": ""Action""}, {""id"": 12, ""name"": ""Adventure""}, {""id"": 878, ""name"": ""Science Fiction""}]","[{""id"": 227098, ""logo_path"": null, ""name"": ""Fine Art Pictures"", ""origin_country"": ""IN""}]","[{""iso_3166_1"": ""IN"", ""name"": ""India""}]","[{""english_name"": ""Hindi"", ""iso_639_1"": ""hi"", ""name"": ""\u0939\u093f\u0928\u094d\u0926\u0940""}]","[""IN""]",null
167596,Das Lächeln der Tiefseefische,Das Lächeln der Tiefseefische,"Malte, who is almost 18, lives with his alcoholic father in a dilapidated house on the island of Usedom. His mother died a few years ago and his sister has moved away. The household budget is empty, but Malte has a dream: to get his driver's license and then run away. Malte tries to fulfill his dream with various jobs and cigarette smuggling, and just when the teenager has got used to his living situation, his missing sister and son Lukas turn up on Usedom again. From now on, Malte is also supposed to look after his little nephew, although he would much rather spend his free time with pretty Annika, who is on vacation on the Baltic island.",,Released,False,False,2005-06-07,88,0,0,0.4314,6.7,6,de,,tt0443104,/tFzpZqM3B76NyJQ53gSFG1OWMiP.jpg,/xjnh2gyPrrpMiot7OSdXtPAjuVK.jpg,"[{""id"": 18, ""name"": ""Drama""}]","[{""id"": 13587, ""logo_path"": ""/e1xxYKGJ9WjnjvkAWDUwmwruuuG.png"", ""name"": ""Ziegler Film"", ""origin_country"": ""DE""}, {""id"": 46, ""logo_path"": ""/3xFdKHLXPGHEbrAkmsepGE8974Y.png"", ""name"": ""WDR"", ""origin_country"": ""DE""}, {""id"": 587, ""logo_path"": ""/6UIpEURdjnmcJPwgTDRzVRuwADr.png"", ""name"": ""ARTE"", ""origin_country"": ""DE""}]","[{""iso_3166_1"": ""DE"", ""name"": ""Germany""}]","[{""english_name"": ""German"", ""iso_639_1"": ""de"", ""name"": ""Deutsch""}]","[""DE""]",null
167598,Works in Progress,Works in Progress,"Works in Progress is a poignant, romantic comedy feature film that follows the lives of two recent small-town college fine art graduates and a successful, yet unfulfilled insurance professional during a magical summer in ""the big city."" Works in Progress is set in the present day (with brief flashbacks) in rural western Kansas and Kansas City, Missouri.",Love is a work of art,Released,False,False,2009-01-01,110,0,0,0.1328,0.0,0,en,http://www.worksinprogressmovie.com/,tt1276482,/yW1CQviU7Ta7S1JEIFa9iy9FhGI.jpg,,"[{""id"": 35, ""name"": ""Comedy""}, {""id"": 10751, ""name"": ""Family""}, {""id"": 10749, ""name"": ""Romance""}]","[{""id"": 273854, ""logo_path"": null, ""name"": ""NEVER2LATE Productions"", ""origin_country"": ""US""}]","[{""iso_3166_1"": ""US"", ""name"": ""United States of America""}]",[],"[""US""]",null
167601,The Gaslight Anthem: Live at Area 4,The Gaslight Anthem: Live at Area 4,"Registration of the live performance from The Gaslight Anthem at the Area 4 Festival, at the 18th of August 2012 in Lüdinghausen, Germany. Setlist: Intro, Great Expectations, ""45"", Mulholland Drive, Even Cowgirls Get The Blues, Howl, We Came To Dance, Keepsake, Old White Lincoln, The '59 Sound, Handwritten, House Of The Rising Sun, Film Noir, Senor And The Queen, American Slang, Too Much Blood, Wooderson, Mae, The Backseat",,Released,False,True,2012-08-17,66,0,0,0.0609,0.0,0,en,,,,,"[{""id"": 10402, ""name"": ""Music""}]",[],[],[],"[""US""]",null
167603,Fabiola,Fabiola,"In ancient Rome a love story blossoms between Fabiola, daughter of a senator, and Rhual, a Gallic gladiator. After Fabiola's father is killed, the Romans blame the Christians and the persecution begins. Rhual confesses to being a Christian, is accused of the murder and sentenced to fight to the death in the arena.",,Released,False,False,1949-03-03,164,0,0,0.7385,5.4,10,it,,tt0041342,/otnxpiWiM0DS7R03Kz2mPMmB4Xy.jpg,/ax6Z5MGNdDFqTFunKp3EXTDANkI.jpg,"[{""id"": 36, ""name"": ""History""}, {""id"": 18, ""name"": ""Drama""}]","[{""id"": 67065, ""logo_path"": null, ""name"": ""Universalia Film"", ""origin_country"": ""IT""}, {""id"": 1477, ""logo_path"": null, ""name"": ""Franco London Films"", ""origin_country"": ""FR""}]","[{""iso_3166_1"": ""FR"", ""name"": ""France""}, {""iso_3166_1"": ""IT"", ""name"": ""Italy""}]","[{""english_name"": ""Italian"", ""iso_639_1"": ""it"", ""name"": ""Italiano""}]","[""FR"", ""IT""]",null
167608,Mario Cantone: Laugh Whore,Mario Cantone: Laugh Whore,Mario Cantone performs his one-man show at Broadway's Cort Theatre in 2004,Mario Cantone: Laugh Whore,Released,False,False,2005-05-28,90,0,0,0.3313,2.0,2,en,,tt0461802,/9bz3uWtldjXhQhSgVdNUK08qewY.jpg,,[],"[{""id"": 4343, ""logo_path"": ""/rXq1B1Hnkdnw6soz1zoGcslK3wb.png"", ""name"": ""Showtime Networks"", ""origin_country"": ""US""}]","[{""iso_3166_1"": ""US"", ""name"": ""United States of America""}]","[{""english_name"": ""English"", ""iso_639_1"": ""en"", ""name"": ""English""}]","[""US""]",null
167614,Street Fighter II: Return to Fujiwara Capital,ストリートファイターⅡ よみがえる藤原京 時を駆けたファイターたち,"Ryu, Ken, Chun-Li are invited by E. Honda to see his new special move, but are all transported back to Fujiwara, the ancient capital of Japan. Ken finds Ryu and gives him a crash course on history and time travel and set off to find Chun-Li and Honda while giving random tidbits about the city.",,Released,False,False,1995-03-29,24,0,0,1.3692,6.0,3,ja,,tt11811282,/djvT8Fevp5qZASaI5IVtF2u1NQT.jpg,/lYGykHBHtJSqtgSyBG0jTnyniad.jpg,"[{""id"": 16, ""name"": ""Animation""}]","[{""id"": 7220, ""logo_path"": ""/dD0x5awPmtx4sAr2pNvkmxkCODh.png"", ""name"": ""Capcom"", ""origin_country"": ""JP""}, {""id"": 3234, ""logo_path"": ""/wTPPnz05ZCQgEQVeSOxTkUCyhr5.png"", ""name"": ""Pierrot"", ""origin_country"": ""JP""}]","[{""iso_3166_1"": ""JP"", ""name"": ""Japan""}]","[{""english_name"": ""Japanese"", ""iso_639_1"": ""ja"", ""name"": ""\u65e5\u672c\u8a9e""}]","[""JP""]",null
167616,Masters of Horror,Masters of Horror,"Documentary showcasing the work of prominent film directors in the horror genre. Featuring interviews with the directors, behind the scenes footage and clips from popular horror films, and hosted by Bruce Campbell, star of The Evil Dead (1981).",,Released,False,False,2002-11-06,90,0,0,1.5813,7.7,13,en,,tt0353721,/w1tden0EUaHXFcX9G3PkAhjX9yq.jpg,/oXWugvdTvom9rJEj33X0gOfWGQ8.jpg,"[{""id"": 99, ""name"": ""Documentary""}]","[{""id"": 112498, ""logo_path"": null, ""name"": ""Flixmix"", ""origin_country"": """"}, {""id"": 5856, ""logo_path"": ""/gt83orZ6V0dYLB8gcyETXAvdlVQ.png"", ""name"": ""Sci-Fi Channel"", ""origin_country"": ""US""}]","[{""iso_3166_1"": ""US"", ""name"": ""United States of America""}]","[{""english_name"": ""English"", ""iso_639_1"": ""en"", ""name"": ""English""}]","[""US""]",null
167618,The Strange Case of Wilhelm Reich,Der Fall Wilhelm Reich,"At the end of his life, Wilhelm Reich - psychiatrist and experimental scientist searching for the fundamentals of life - finds himself on trial, charged with deception. His dream of liberating human individuality makes him a dangerous opponent of an American system that is striving after 1945 for global hegemony, using all available means. Was it madness to believe in man's liberty or was Reich simply in the wrong place at the wrong time, and, being a holistic global thinker, accurately observing far-reaching socio-political linkages? Ten years after his mysterious death, his writings, once burnt by the US FDA, become an important source of inspiration for a '68 generation in revolt.  Written by Novotny &amp; Novotny",,Released,False,False,2013-01-17,110,0,0,1.1176,7.8,10,de,http://www.reich-derfilm.at/,tt2180549,/x0pPVeteJ6zYdrRG3wy7ePrhj6E.jpg,,"[{""id"": 18, ""name"": ""Drama""}]","[{""id"": 122, ""logo_path"": ""/pbRxJ8oia1MypvLbukeamObtYr2.png"", ""name"": ""Coop99 Filmproduktion"", ""origin_country"": ""AT""}, {""id"": 2707, ""logo_path"": null, ""name"": ""Novotny & Novotny Filmproduktion"", ""origin_country"": ""AT""}, {""id"": 37058, ""logo_path"": ""/pWUIywEOdy0650kBbuRw5aI90zA.png"", ""name"": ""Lotus-Film"", ""origin_country"": ""AT""}]","[{""iso_3166_1"": ""AT"", ""name"": ""Austria""}]","[{""english_name"": ""German"", ""iso_639_1"": ""de"", ""name"": ""Deutsch""}, {""english_name"": ""English"", ""iso_639_1"": ""en"", ""name"": ""English""}]","[""DE"", ""AT""]",null
167620,Bruce Lee and Kung Fu Mania,Bruce Lee and Kung Fu Mania,"BRUCE LEE AND KUNG FU MANIA With action highlights from more than thirty of the greatest martial arts movies, this kung fu-fighting, karate-kicking compilation features the real Bruce Lee and his many clones plus Chuck Norris, Jim Kelly, and more. Here’s Bruce backing up The Green Hornet as Kato, battling Norris in Return of the Dragon, and making his last complete film, Enter the Dragon, plus the secrets of his mysterious death in Bruce Lee...His Last Days. You’ll also see Lo Lieh challenge Lee Van Cleef in The Stranger and the Gunfighter, Bruce Li carrying on the tradition with The Three Avengers, and Tae Kwon Do Grand Master Jhoon Ree in The Tattooed Dragon.",,Released,False,False,1992-01-01,85,0,0,0.6796,7.5,1,en,,tt0268202,/AwlZ49VBnosTWBJjJWV5x8gIuQy.jpg,,"[{""id"": 99, ""name"": ""Documentary""}]",[],[],[],"[""US""]",null
167622,Fist to Fist,Fist to Fist,"The legendary Bruce Lee created a unique arts style that resurrected a fighting technique which had survived thousands of years behind the Oriental curtain. Jackie Chan has exploded onto the movie screens around the world. His acrobatic action ballet has placed him in a world apart from others who would try and claim the crown. The producers of this wall to wall action have dared to answer the burning question; what would happen if these two men came eye to eye, Fist to Fist?",,Released,False,False,2000-01-01,50,0,0,0.3802,5.5,2,en,,tt5145974,/koDZtDvdZSW2UYUVv9er5L0Mg4E.jpg,,"[{""id"": 28, ""name"": ""Action""}, {""id"": 12, ""name"": ""Adventure""}, {""id"": 99, ""name"": ""Documentary""}]",[],[],[],"[""US""]",null
167624,The Depths,Les abysses,"A bourgeois family, who is harassed and humiliated, ruins their young maids without pay for several years.",,Released,False,False,1963-06-05,90,0,0,0.3973,6.3,11,fr,,tt0188388,/zzueXKGF0GphbU0LEPxWAp9pt9t.jpg,/Ss9liORpX2K8n0OAKu4Lh4CzBd.jpg,"[{""id"": 18, ""name"": ""Drama""}, {""id"": 80, ""name"": ""Crime""}, {""id"": 9648, ""name"": ""Mystery""}]","[{""id"": 73039, ""logo_path"": null, ""name"": ""Lenox Films"", ""origin_country"": """"}]","[{""iso_3166_1"": ""FR"", ""name"": ""France""}]","[{""english_name"": ""French"", ""iso_639_1"": ""fr"", ""name"": ""Fran\u00e7ais""}]","[""FR""]",null
167625,Pig's Law,La loi du cochon,"After inheriting a pig farm from their father, sisters Stephane and Betty do their best to keep the family business running. But while the very pregnant Betty is diligent about doing the work that needs to be done, Stephane can focus only on her crippling gambling problem, which has landed her in deep trouble with her creditors. Desperate for cash, she considers a dangerous option for repaying the debt … but will it work?",,Released,False,False,2001-10-05,98,0,0,0.5954,5.1,7,fr,,tt0295116,/yHartA89B5h3EvA22iUpkPiavZR.jpg,/9ANkoSUotGZpfwimj1DqvE8emyi.jpg,"[{""id"": 18, ""name"": ""Drama""}, {""id"": 80, ""name"": ""Crime""}]","[{""id"": 13312, ""logo_path"": null, ""name"": ""Les Films Vision 4"", ""origin_country"": ""CA""}, {""id"": 6852, ""logo_path"": null, ""name"": ""Cirrus Communications"", ""origin_country"": ""CA""}]","[{""iso_3166_1"": ""CA"", ""name"": ""Canada""}]","[{""english_name"": ""French"", ""iso_639_1"": ""fr"", ""name"": ""Fran\u00e7ais""}]","[""CA""]",null
167626,Panarea,Panarea,"During a summer weekend in the island of Panarea, a series of stories of love between the vacationers are intertwined.",,Released,False,False,1997-01-10,94,0,0,0.4483,3.1,39,it,,tt0117285,/y33hpQoQDCGVgG5AqOVzup51xy5.jpg,/xoOIa7tRpu0mOjcrnjA8TZnRwgW.jpg,"[{""id"": 35, ""name"": ""Comedy""}]","[{""id"": 4420, ""logo_path"": ""/pXxqTCJMn9dgFUsANd2eCZxRDEa.png"", ""name"": ""Clemi Cinematografica"", ""origin_country"": ""IT""}]","[{""iso_3166_1"": ""IT"", ""name"": ""Italy""}]","[{""english_name"": ""Italian"", ""iso_639_1"": ""it"", ""name"": ""Italiano""}]","[""IT""]",null
167627,Captain Nemo,Капитан Немо,"For several years as a terrible sea monster drowns ships of the Navy. In a small number of ships that managed to survive, in the sides were found huge holes triangular shape. Now any exit to the sea is deadly, so America sends a special frigate called Blue Star. His goal is to find and destroy the terrible monster.  One of the participants of the punitive expedition is a famous Professor from France – Pierre Aronnax. He has a deep knowledge of the mysteries of the deep sea. The search for the monster continues for more than three months, but in the end, the frigate still detects it and immediately starts the attack mode. After an unsuccessful battle with the monster ship goes to the bottom, and the Professor, his servant Conseil and whaler Ned Land get on a submarine and make an amazing journey under water.",,Released,False,False,1975-01-25,203,0,0,0.9628,6.3,17,ru,,tt0453375,/46QJWzzhca28oeCXmxiivNH1SyV.jpg,/vokThmplHVpaihDSWSZ62WopchF.jpg,"[{""id"": 28, ""name"": ""Action""}, {""id"": 12, ""name"": ""Adventure""}, {""id"": 878, ""name"": ""Science Fiction""}, {""id"": 14, ""name"": ""Fantasy""}]","[{""id"": 3161, ""logo_path"": ""/p22GDJaOniIWidl1vPqzBv4qxFN.png"", ""name"": ""Odessa Film Studio"", ""origin_country"": ""SU""}]","[{""iso_3166_1"": ""SU"", ""name"": ""Soviet Union""}]","[{""english_name"": ""Russian"", ""iso_639_1"": ""ru"", ""name"": ""P\u0443\u0441\u0441\u043a\u0438\u0439""}]","[""SU""]",null
167628,Everyday Is a Holiday,Chaque jour est une fête,"It's Independence Day in Lebanon: three women who've never met before are on the same bus heading to visit a prison situated in a remote area of the country. Traveling through an arid landscape littered with mines and decapitated dreams, the journey transforms into the women's quest for their own independence.",,Released,False,False,2010-01-27,87,0,0,0.3405,4.8,5,fr,,tt1353789,/l3igJGqULOn2Y6tdkB3ZAb91JlB.jpg,,"[{""id"": 18, ""name"": ""Drama""}]","[{""id"": 2622, ""logo_path"": ""/2ZWtZLYbuQVPNvLJNv85uhEhZkO.png"", ""name"": ""Cin\u00e9-Sud Promotion"", ""origin_country"": ""FR""}]","[{""iso_3166_1"": ""FR"", ""name"": ""France""}, {""iso_3166_1"": ""DE"", ""name"": ""Germany""}, {""iso_3166_1"": ""LB"", ""name"": ""Lebanon""}]","[{""english_name"": ""Arabic"", ""iso_639_1"": ""ar"", ""name"": ""\u0627\u0644\u0639\u0631\u0628\u064a\u0629""}, {""english_name"": ""French"", ""iso_639_1"": ""fr"", ""name"": ""Fran\u00e7ais""}]","[""FR""]",null
167629,Birdon,Birdon,A depressed bird seems to escape from his dreary existence in a cage.,,Released,False,False,2004-01-01,3,0,0,0.1251,6.0,2,en,,tt0815112,,,"[{""id"": 16, ""name"": ""Animation""}]",[],"[{""iso_3166_1"": ""US"", ""name"": ""United States of America""}]",[],"[""US""]",null
167631,Achtung Polizei! - Alarm um 11 Uhr 11,Achtung Polizei! - Alarm um 11 Uhr 11,"The attractive policewoman Carla Paul still has the remains of her carnival make-up and glitter on her face. But now the motto is: ""Make-up off and off to work!"" Because the attractive head of a small police station in the heart of Cologne is facing the biggest challenge of her life: the annual madness of the Rose Monday parade. Not only did she break up with Rick, her colleague who is still madly in love with her, just a few days ago, but today of all days, the auditor Kersten, another of Carla's exes, arrives. She and her colleagues have their hands full trying to get the drunken rabbits, chickens and Mainzelmännchen into the already overcrowded sobering-up cell at the police station.",,Released,False,False,2013-01-30,89,0,0,0.3852,0.0,0,de,,tt2629278,/uqz0Ex0TWRVTrNGBFCNuw3nZlUe.jpg,,"[{""id"": 35, ""name"": ""Comedy""}, {""id"": 80, ""name"": ""Crime""}]","[{""id"": 2047, ""logo_path"": ""/egooHSVq0zQremWlHiZWxEUpunn.png"", ""name"": ""U5 Filmproduktion"", ""origin_country"": ""DE""}, {""id"": 1478, ""logo_path"": ""/plHEkpGkULYqiLRpYsUak8uYmhU.png"", ""name"": ""Sat.1"", ""origin_country"": ""DE""}]","[{""iso_3166_1"": ""DE"", ""name"": ""Germany""}]","[{""english_name"": ""German"", ""iso_639_1"": ""de"", ""name"": ""Deutsch""}]","[""DE""]",null
167635,Dragon Fury,Dragon Fury,"Mason, a dragon warrior from the future, returns to the year 1999 in search of a serum that can combat a disease simply known as ""The Plague."" In the post-apocalyptic world of 2099 -- after an earthquake has destroyed all of civilization has been -- ""The Plague"" is the deadliest menace of them all. And the cure for it lies in the past!",The Future Has Just Unleashed The Ultimate Warrior,Released,False,False,1995-03-02,85,0,0,0.5227,3.1,10,en,,tt0165251,/h0eJdnqQuKUdHrQ6QoqWeMxCm8g.jpg,,"[{""id"": 28, ""name"": ""Action""}, {""id"": 12, ""name"": ""Adventure""}, {""id"": 878, ""name"": ""Science Fiction""}]","[{""id"": 3052, ""logo_path"": ""/kqP7DC8cUCzDSI5SXiJKJKmQg1K.png"", ""name"": ""Troma Entertainment"", ""origin_country"": ""US""}]","[{""iso_3166_1"": ""US"", ""name"": ""United States of America""}]","[{""english_name"": ""English"", ""iso_639_1"": ""en"", ""name"": ""English""}]","[""US""]",null
167637,Snowball,Palla di Neve,"Snowball, a dolphin, gets into trouble when it swallows a bottle with the records of pension payments owed to Billy Bolla, an aged cruise ship entertainer. If the performer cannot quickly catch Snowball and induce him to produce the papers, he will have no retirement.",,Released,False,False,1995-12-21,94,0,0,0.5615,5.2,28,it,,tt0114079,/qi1GiFrojWslcIxJBVTkZJXN0qP.jpg,/ht0LU1170TSZTc6XG9bwfcfMSI5.jpg,"[{""id"": 12, ""name"": ""Adventure""}, {""id"": 10751, ""name"": ""Family""}]","[{""id"": 12823, ""logo_path"": null, ""name"": ""Eurolux Produzione"", ""origin_country"": ""IT""}, {""id"": 1429, ""logo_path"": ""/n1GvY0KLgk3gcEPO07L7nXncB3i.png"", ""name"": ""Italian International Film"", ""origin_country"": ""IT""}]","[{""iso_3166_1"": ""IT"", ""name"": ""Italy""}]","[{""english_name"": ""Italian"", ""iso_639_1"": ""it"", ""name"": ""Italiano""}]","[""IT""]",null
167638,Colorful Mind,Colorful Mind,"When reaching the station a soul is told he has won another chance at life. He is placed in the body of 14 year old Makoto Kobayashi, who just committed suicide. He is watched over by a spirit named purapura. The soul is granted with the task of discovering the greatest sin he committed before time runs out.",,Released,False,False,2009-04-03,95,0,0,0.116,0.0,0,zh,,tt1743696,/4HzN0oRQRHhnOQ2BM1rInphA8gv.jpg,/trhqINd4pPzUOOTMu9FzT6jhrOO.jpg,[],[],"[{""iso_3166_1"": ""TW"", ""name"": ""Taiwan""}]",[],"[""TW""]",null
167639,Living in Paradise,Vivre au paradis,"Set in France in 1961-1962 during the Algerian War, Living in Paradise is a thought-provoking examination of the lives of North African immigrants trying to find a place in the social system of Western Europe.",,Released,False,False,1999-03-17,105,0,0,0.6264,4.5,10,fr,,tt0177341,/fS7tjJufPRLNYQ17YGne7So3DYQ.jpg,,"[{""id"": 18, ""name"": ""Drama""}]","[{""id"": 5609, ""logo_path"": null, ""name"": ""3B Productions"", ""origin_country"": ""FR""}, {""id"": 94, ""logo_path"": ""/huC7HqorvUThGIrENrbcHmQVUA0.png"", ""name"": ""ARTE France Cin\u00e9ma"", ""origin_country"": ""FR""}, {""id"": 104, ""logo_path"": ""/9aotxauvc9685tq9pTcRJszuT06.png"", ""name"": ""Canal+"", ""origin_country"": ""FR""}, {""id"": 5006, ""logo_path"": null, ""name"": ""Exposed Film Productions AS"", ""origin_country"": ""NO""}, {""id"": 115134, ""logo_path"": ""/Qb0hhQsGmKz222U2j6kEjAYNXe.png"", ""name"": ""WFE Production"", ""origin_country"": ""BE""}]","[{""iso_3166_1"": ""FR"", ""name"": ""France""}, {""iso_3166_1"": ""BE"", ""name"": ""Belgium""}, {""iso_3166_1"": ""NO"", ""name"": ""Norway""}]","[{""english_name"": ""Arabic"", ""iso_639_1"": ""ar"", ""name"": ""\u0627\u0644\u0639\u0631\u0628\u064a\u0629""}, {""english_name"": ""French"", ""iso_639_1"": ""fr"", ""name"": ""Fran\u00e7ais""}]","[""FR""]",null
167640,Jethro: Rule Britannia!,Jethro: Rule Britannia!,"The irrepressible Jethro returns, treating us to some more of his own special insights into the workings of the world, in this combination of classic sketches and live stand-up. Filmed in Wisbech, Worthing and Weston-Super-Mare.",,Released,False,False,2001-11-05,89,0,0,0.0327,0.0,0,en,,tt0305696,/nEt5fPh22B8lMxkCCTp1ntJb0IS.jpg,,[],[],[],[],"[""US""]",null
167642,S.A.S. San Salvador,S.A.S. à San Salvador,"Enrique Chacon kills Oscar Romero, a Catholic archbishop in San Salvador. The CIA calls a special agent, Malko Linge, a ruined prince who lives with an expensive woman - Countess Alexandra - to get rid of this nuisance of a man. He does, with many encounters with sweet girls, and macho villains.",,Released,False,False,1983-02-25,95,0,0,0.6537,3.0,11,fr,,tt0084621,/yOLwjPfmF8PRKuNsiycgBvuc3oM.jpg,/ymJh9FQ9yRmq7vBih9Amf1MT656.jpg,"[{""id"": 28, ""name"": ""Action""}]","[{""id"": 1787, ""logo_path"": ""/tWdfCS6OBkxSuXao5lluNKDIvlc.png"", ""name"": ""CCC Filmkunst"", ""origin_country"": ""DE""}, {""id"": 581, ""logo_path"": ""/pzJLNyKypqwAgLR4OjmaxA5WEjm.png"", ""name"": ""UGC"", ""origin_country"": ""FR""}, {""id"": 192747, ""logo_path"": ""/pP5vcQbH8ewOYqSs8mz9pzqiGZQ.png"", ""name"": ""Elephant Productions"", ""origin_country"": ""FR""}]","[{""iso_3166_1"": ""DE"", ""name"": ""Germany""}, {""iso_3166_1"": ""FR"", ""name"": ""France""}]","[{""english_name"": ""German"", ""iso_639_1"": ""de"", ""name"": ""Deutsch""}, {""english_name"": ""English"", ""iso_639_1"": ""en"", ""name"": ""English""}, {""english_name"": ""French"", ""iso_639_1"": ""fr"", ""name"": ""Fran\u00e7ais""}]","[""FR""]",null
167644,Finnish Blood Swedish Heart,Laulu koti-ikävästä,"Rocker Kai Latvalehto has a wife and a son, almost everything a man could wish for. Still, he feels that something is missing. Accompanied by his father, he drives across Sweden to refresh his childhood memories of life in Gothenburg in the 1970’s. This journey of identities brings the two men closer.",,Released,False,False,2013-03-22,90,0,0,0.0338,5.8,5,fi,,tt1411274,/iVhk3o49FxDpM5UD4CK4905b0mY.jpg,/4noeyraiux2eqI3g4wY9X19Osg6.jpg,"[{""id"": 99, ""name"": ""Documentary""}]","[{""id"": 155357, ""logo_path"": ""/bGeYRI79gDNCrfY5VtdfNC5TCpu.png"", ""name"": ""Klaffi Productions"", ""origin_country"": ""FI""}, {""id"": 101465, ""logo_path"": null, ""name"": ""Hysteria Film AB"", ""origin_country"": ""SE""}]","[{""iso_3166_1"": ""FI"", ""name"": ""Finland""}, {""iso_3166_1"": ""SE"", ""name"": ""Sweden""}]","[{""english_name"": ""Finnish"", ""iso_639_1"": ""fi"", ""name"": ""suomi""}, {""english_name"": ""Swedish"", ""iso_639_1"": ""sv"", ""name"": ""svenska""}]","[""FI""]",null
167645,Jethro: Only for the Barmy!,Jethro: Only for the Barmy!,Usual good fun show with plenty of belly laughing jokes without too much obsenity easy listening country humour with a few sketches.,,Released,False,False,2002-11-04,88,0,0,0.051,0.0,0,en,,,/3EANyDWlV4QPQn1vH6BymKGmXqB.jpg,/1BpV08QMv7HkSmf991f9331NJNa.jpg,"[{""id"": 35, ""name"": ""Comedy""}]","[{""id"": 4400, ""logo_path"": null, ""name"": ""Universal Pictures UK"", ""origin_country"": ""GB""}]",[],"[{""english_name"": ""English"", ""iso_639_1"": ""en"", ""name"": ""English""}]","[""US""]",null
167647,Dragon Fury II,Dragon Fury II,"In a time beyond the future, two warring factions battle for control of the earth. Female warrior, Crystal Blu leads a valiant but futile fight against the evil forces of The Dragons. Relentlessly, The Dragons' leader, Moleck, strives to retrieve a vital computer chip from Crystal to complete the ultimate mind control device. Things heat up when a time-frozen warrior, Mason, is revived from suspension but unwittingly joins forces with The Dragons.",Frozen In Time... The Ultimate Warrior Is Back to Defend The Future,Released,False,False,1996-08-19,90,0,0,0.4299,4.7,3,en,,tt0210012,/o46iZEYEznoCk3UtHRcxjkZjxL5.jpg,,"[{""id"": 12, ""name"": ""Adventure""}, {""id"": 28, ""name"": ""Action""}]","[{""id"": 157157, ""logo_path"": null, ""name"": ""Silver Lake International Pictures"", ""origin_country"": """"}]","[{""iso_3166_1"": ""US"", ""name"": ""United States of America""}]","[{""english_name"": ""English"", ""iso_639_1"": ""en"", ""name"": ""English""}]","[""US""]",null
167649,In the Shadow of the Sun,In the Shadow of the Sun,"It is not easy to be an albino in Tanzania. White skin is distinguishable and it burns quickly under the African sun. However, the constant fear is by far the worst part. According to local superstition, albino body parts bring wealth and luck; hence witch doctors pay generously for a leg or an arm.",,Released,False,False,2012-01-01,88,0,0,0.0966,6.2,4,en,http://www.centuryfilmsltd.com/portfolios/in-the-shadow-of-the-sun/,tt2422326,/rDt6JSWbrh47IEANtLVRyUsSU56.jpg,,"[{""id"": 99, ""name"": ""Documentary""}]","[{""id"": 93296, ""logo_path"": ""/kjFwtItBYKBSc7QwVes355MbAp6.png"", ""name"": ""Century Films"", ""origin_country"": ""GB""}, {""id"": 230350, ""logo_path"": null, ""name"": ""Inroad Films"", ""origin_country"": """"}]","[{""iso_3166_1"": ""GB"", ""name"": ""United Kingdom""}]",[],"[""GB""]",null
167652,Tattoo,Tatska,"The documentary film, Tattoo, tells about teenage students who had tattoos performed on them during their art lessons at upper comprehensive school. This happened in the small Finnish town of Forssa in 1995.",,Released,False,False,2012-01-01,28,0,0,0.0579,0.0,0,fi,http://www.napafilms.fi/tatska/,tt2402548,/pBs9NtXYGR2Kd8wNf95cVXl78Wz.jpg,,"[{""id"": 99, ""name"": ""Documentary""}]",[],"[{""iso_3166_1"": ""FI"", ""name"": ""Finland""}]","[{""english_name"": ""Finnish"", ""iso_639_1"": ""fi"", ""name"": ""suomi""}]","[""FI""]",null
167657,Day of Reckoning,Day of Reckoning,"In this brutal prison drama a hen-pecked husband is sentenced to prison after getting caught with his hand in the company till. He is sent to a high-rise facility in LA. It seems the fellow was only following the instructions of his domineering, constantly nagging wife who, as soon as he is put away, takes up with a more successful businessman. This causes her new lover's ex-lover to get insanely jealous and kill the conniving wife.",SHE WANTED THE ROMANCE THAT WAS DENIED TO HER!,Released,False,False,1933-10-26,69,0,0,1.276,4.4,7,en,,tt0023932,/fZxuF3XkY4eH8BzobHbyBxQkYjB.jpg,/hNYtdLb5z1QG8J4Pjh1HbIyZ5zb.jpg,"[{""id"": 18, ""name"": ""Drama""}]","[{""id"": 21, ""logo_path"": ""/usUnaYV6hQnlVAXP6r4HwrlLFPG.png"", ""name"": ""Metro-Goldwyn-Mayer"", ""origin_country"": ""US""}]","[{""iso_3166_1"": ""US"", ""name"": ""United States of America""}]","[{""english_name"": ""English"", ""iso_639_1"": ""en"", ""name"": ""English""}]","[""US""]",null
167658,My Stuff,Tavarataivas,"Twentysomething Petri got over a break-up by pushing his credit card limit in order to buy stuff. Still, after three years, the anxiety remains, so all things must go into a storage container. For a year, Petri allows himself to retrieve only one item per day. New life begins naked next to a radiator.",,Released,False,False,2013-01-23,80,0,0,0.0735,6.0,30,fi,http://mystuffmovie.com/,tt2599898,/zCc2mdoVoCmoui71Am5HLtdJ8CN.jpg,/ffgT1rP1N0Nq7480J1c2Kb9UtLP.jpg,"[{""id"": 99, ""name"": ""Documentary""}]",[],"[{""iso_3166_1"": ""FI"", ""name"": ""Finland""}]","[{""english_name"": ""Finnish"", ""iso_639_1"": ""fi"", ""name"": ""suomi""}]","[""FI""]",null
167662,War Story,War Story,"This claymation short film uses a real interview for dialogue. Bill Perry relates stories about his youth, his tilted house, and adventures during WWII in Bristol, England during the blitz.  Preserved by the Academy Film Archive.",,Released,False,False,1989-09-27,6,0,0,0.4616,5.786,14,en,,tt0098620,/iDDSfUiaZLu3KtupBHQMmqMNerW.jpg,/6T2sbFvi8N8k04XQF3dhTtlVeQm.jpg,"[{""id"": 99, ""name"": ""Documentary""}, {""id"": 10752, ""name"": ""War""}, {""id"": 16, ""name"": ""Animation""}, {""id"": 35, ""name"": ""Comedy""}]","[{""id"": 297, ""logo_path"": ""/8ixoR3cvroUqNDLjaX6AZmJIdRY.png"", ""name"": ""Aardman"", ""origin_country"": ""GB""}]","[{""iso_3166_1"": ""GB"", ""name"": ""United Kingdom""}]","[{""english_name"": ""English"", ""iso_639_1"": ""en"", ""name"": ""English""}]","[""GB"", ""US""]",null
167663,The Mexican Ninja,El ninja mexicano,"A criminal organization hires some ninjas to steal the formula for a new drug, described as cheaper and more powerful than cocaine. As it turns out, the industrialist who financed the research has taken elaborate steps to make sure that the new substance won´t fall into the wrong hands, and the ninjas find they have only succeeded in stealing half the formula. To please their disgruntled employers, the evil ninjas try to blackmail the industrialist into handing over the remaining half and it's up to the Mexican Ninja and his pals to stop him.",,Released,False,False,1991-05-30,85,0,0,0.3178,5.0,6,es,,tt0121595,/sxzqQ8aaSkDD0rJjPluxFwbLoUI.jpg,,"[{""id"": 28, ""name"": ""Action""}]","[{""id"": 2463, ""logo_path"": null, ""name"": ""Filmex"", ""origin_country"": ""MX""}]","[{""iso_3166_1"": ""MX"", ""name"": ""Mexico""}]","[{""english_name"": ""Spanish"", ""iso_639_1"": ""es"", ""name"": ""Espa\u00f1ol""}]","[""MX""]",null
167665,The Commitment,อาถรรพณ์แก้บนผี,"A group of friends from Bangkok decide to visit an abandoned house inhabited by a spirit who has the power to grant wishes, if promised the appropriate offering. With their graduation getting closer and closer, most of them pray for decent grades, but one of them, a skeptical girl called Moss, makes a mocking pledge that she will do anything in return for the satisfaction of her friend's desires. while their friends are careful to make sure they provide the promised offerings as their wishes are fulfilled, Muay, Pin, and Moss are not so diligent. Before long all three are subjected to a series of bloody manifestations, courtesy of an angry and vengeful spirit determined to collect what is owed.",Did you ever wish with all your heart to achieve some apparently unattainable goal?,Released,False,False,2004-07-13,92,0,0,0.4383,4.4,5,th,,tt1010385,/lwtiXlWjpeoRB2Zz1GG7J6ksMpq.jpg,,"[{""id"": 27, ""name"": ""Horror""}]","[{""id"": 6018, ""logo_path"": null, ""name"": ""Sahamongkol Film International"", ""origin_country"": """"}, {""id"": 4207, ""logo_path"": ""/v5BSFwIXQmZEO16bClILNrbv4Kl.png"", ""name"": ""Sahamongkolfilm"", ""origin_country"": ""TH""}]","[{""iso_3166_1"": ""TH"", ""name"": ""Thailand""}]","[{""english_name"": ""Thai"", ""iso_639_1"": ""th"", ""name"": ""\u0e20\u0e32\u0e29\u0e32\u0e44\u0e17\u0e22""}]","[""TH""]",null
167666,Monster High: Escape from Skull Shores,Monster High: Escape from Skull Shores,"It's officially Spring Break at Monster High, and Lagoona takes her gilfriends across the sea to the Great Barrier Reef, but they are ship wrecked and end up on a mysterious skull shaped island. At Skull Shores, they enjoy the local hospitality until they realize that they are being used by a slippery showman named Farnum to lure the rarest, most mysterious monster of them all, ""the Beast.”",,Released,False,False,2012-02-16,45,0,0,1.8483,7.7,114,en,,tt2395337,/ytR48gp7786CbOztf9hqgVpphQo.jpg,/fpx6aDOHEEuLHEo6glbFU0ueeo8.jpg,"[{""id"": 16, ""name"": ""Animation""}, {""id"": 10751, ""name"": ""Family""}, {""id"": 14, ""name"": ""Fantasy""}]","[{""id"": 33365, ""logo_path"": ""/c4W0J7BpMvWHGwuDnHz16KRGuuZ.png"", ""name"": ""Mattel Playground Productions"", ""origin_country"": ""US""}, {""id"": 6220, ""logo_path"": ""/cAj69EL1zSXmZH6STbMGZrunyMD.png"", ""name"": ""Mattel"", ""origin_country"": ""US""}, {""id"": 44658, ""logo_path"": ""/wmGOm6WY2yqZ9HMUzpohDWontdM.png"", ""name"": ""Nerd Corps Entertainment"", ""origin_country"": ""CA""}]","[{""iso_3166_1"": ""US"", ""name"": ""United States of America""}]","[{""english_name"": ""English"", ""iso_639_1"": ""en"", ""name"": ""English""}]","[""US""]","{""id"": 224026, ""name"": ""Monster High Collection"", ""poster_path"": ""/z230ua2CDBkPAQCOUmENphU9Hm9.jpg"", ""backdrop_path"": ""/xVTLiLH5Etzui3G2cljrcmcAMxo.jpg""}"
167667,You Can't Curry Love,You Can't Curry Love,"A handsome Indian guy from London visits India for the first time, falls for a local guy, meets a transgender 'hijra', and discovers a country he only thought he knew.",,Released,False,False,2009-11-01,23,0,0,0.1191,5.0,9,en,,tt1493922,/9342QxzyQUQIoGHiVA1EjNA3M4V.jpg,/mpC80HIVK5M7JG0YNWafO5wJtWD.jpg,"[{""id"": 10749, ""name"": ""Romance""}]","[{""id"": 109232, ""logo_path"": null, ""name"": ""Suncrest Productions"", ""origin_country"": """"}]","[{""iso_3166_1"": ""US"", ""name"": ""United States of America""}]","[{""english_name"": ""English"", ""iso_639_1"": ""en"", ""name"": ""English""}]","[""US""]",null
167668,Love Battles,Mes séances de lutte,"A couple’s verbal sparring intensifies with shoving, punching and wrestling, escalating to the point where their frequent fighting sessions become real love battles…",,Released,False,False,2013-01-06,103,0,0,0.6329,5.6,32,fr,,tt2634394,/dis6aW0GH4ZzwGDMb7rDiSScJh2.jpg,/tHmQrd7wYBAbUhbhDvtYbinMnLe.jpg,"[{""id"": 18, ""name"": ""Drama""}]","[{""id"": 26594, ""logo_path"": null, ""name"": ""B MediaExport"", ""origin_country"": """"}, {""id"": 40059, ""logo_path"": null, ""name"": ""Doillon et Compagnie"", ""origin_country"": """"}, {""id"": 310, ""logo_path"": ""/4Gp5A4YdjPBfsHT47ngHMaXWmb9.png"", ""name"": ""CNC"", ""origin_country"": ""FR""}, {""id"": 104, ""logo_path"": ""/9aotxauvc9685tq9pTcRJszuT06.png"", ""name"": ""Canal+"", ""origin_country"": ""FR""}]","[{""iso_3166_1"": ""FR"", ""name"": ""France""}]","[{""english_name"": ""French"", ""iso_639_1"": ""fr"", ""name"": ""Fran\u00e7ais""}]","[""FR""]",null
167669,The Gambler: The Legend Continues,"The Gambler, Part III: The Legend Continues",Brady Hawkes and Billy Montana join forces once again in this new adventure. This time around their goal is to help the Sioux fight the government and get the supplies they need. They also uncover corruption within a government outpost and find themselves in a dangerous position.,,Released,False,False,1987-11-22,190,0,0,1.3804,5.9,8,en,,tt0093339,/u2yfb20igGkPEWcQUIuq0w0lBTf.jpg,/aCAYcYUgrL5pUuQRLEmJRShejYM.jpg,"[{""id"": 37, ""name"": ""Western""}, {""id"": 10770, ""name"": ""TV Movie""}]",[],"[{""iso_3166_1"": ""US"", ""name"": ""United States of America""}]","[{""english_name"": ""English"", ""iso_639_1"": ""en"", ""name"": ""English""}]","[""US""]","{""id"": 251117, ""name"": ""Kenny Rogers Legend Of The Gambler Collection"", ""poster_path"": ""/zkOXUBMQSi7QLXZ7YZM14BFoobi.jpg"", ""backdrop_path"": ""/5NkSBDqGqEVe1JRQti8JlBOxklQ.jpg""}"
167670,"Sergeant Slaughter, My Big Brother","Sergeant Slaughter, My Big Brother","Dan's decision to run away and join the French Foreign Legion has far reaching implications for his younger brother, Keith.",,Released,False,False,2011-03-27,13,0,0,0.7074,4.9,14,en,,tt1798247,/bKRQvslmBJYTY16eEqwuvOkixDm.jpg,/oMcseZAJPw1uLdjQsb5mx7Gc2R.jpg,"[{""id"": 18, ""name"": ""Drama""}]","[{""id"": 233555, ""logo_path"": null, ""name"": ""Henpeg Productions"", ""origin_country"": """"}, {""id"": 7370, ""logo_path"": ""/pFwK8QOAx3b1xq1c16YT2XgGMj5.png"", ""name"": ""Loki Films"", ""origin_country"": ""US""}]","[{""iso_3166_1"": ""US"", ""name"": ""United States of America""}]","[{""english_name"": ""English"", ""iso_639_1"": ""en"", ""name"": ""English""}]","[""US""]",null
167673,The Mooring,The Mooring,"Every 40 seconds a person goes missing. In northern Idaho, a group of teenage girls attended a summer camp to help them connect with nature without technology. They were told it would be a summer of change. As the girls' houseboat is suddenly stranded in the middle of the river an odd couple comes to their aid. What was suppose to be an act of kindness turns deadly as the girls find themselves on the run, being pursued through the forest by a brutal and determined killer.",Missing Persons Don't Just Vanish.,Released,False,False,2013-02-01,90,0,0,0.5175,4.6,21,en,,tt1568929,/2j11Ac3tCDtFLdeGe1PMQNACH0d.jpg,/sx2sg97LAouHgCmmHOh5K0fae3s.jpg,"[{""id"": 27, ""name"": ""Horror""}, {""id"": 53, ""name"": ""Thriller""}]","[{""id"": 62044, ""logo_path"": null, ""name"": ""A-1 Productions"", ""origin_country"": """"}]","[{""iso_3166_1"": ""US"", ""name"": ""United States of America""}]","[{""english_name"": ""English"", ""iso_639_1"": ""en"", ""name"": ""English""}]","[""US""]",null
167675,The Path of the Dragon,The Path of the Dragon,"Produced and directed by Walt Missingham who, in 1983, became the first non-Chinese to practice Kung Fu at the Shaolin Temple, this authoritative and informative programme uses rarely seen archive footage to trace both the history of martial arts and the phenomenal impact Bruce Lee had on this culture. Narrated by Lee's daughter, Shannon Lee Keasler.",,Released,False,False,1998-01-01,44,0,0,1.8127,6.4,8,en,,tt0286885,/v226fUcRti1KmkfbpFPTNdAH0wH.jpg,,"[{""id"": 99, ""name"": ""Documentary""}, {""id"": 36, ""name"": ""History""}]",[],"[{""iso_3166_1"": ""AU"", ""name"": ""Australia""}]","[{""english_name"": ""English"", ""iso_639_1"": ""en"", ""name"": ""English""}]","[""AU""]",null
167676,Dragon: Since 1973,Dragon: Since 1973,"He once remarked that the first key to immortality was ""living a life worth remembering."" Those who knew and worked with the legendary Bruce Lee share much that is worth remembering about the martial arts and silver screen legend in this entertaining biographical program, which includes fascinating analyses of his classic films from their editor, as well as stars Kien Shih and Kun Li.",,Released,False,False,2004-01-01,126,0,0,0.7573,0.0,0,en,,,,,[],[],[],[],"[""HK""]",null
167678,Bruce Lee: Century Hero,千禧巨龍,"Documentary about the Kung Fu legend Bruce Lee, featuring interviews with his friends and colleagues and looking at his life and work. Includes footage from 'The Milton Berle Show'.",,Released,False,False,1999-01-01,85,0,0,0.6212,0.0,0,en,,,/tpacwjaroJBGwalnioYJhszH9RH.jpg,,[],[],[],[],"[""US""]",null
167679,The Life of Bruce Lee,The Life of Bruce Lee,"Documentary about martial arts actor Bruce Lee, from his birth in 1940 till his death in 1973, with interviews with his fellow actors and family. Dedicated to his son, Brandon.",,Released,False,False,1994-01-01,68,0,0,1.2333,6.7,6,en,,tt0417904,/dXCuW2urSFcNAxLtxhwxqQePZUB.jpg,,"[{""id"": 99, ""name"": ""Documentary""}]",[],"[{""iso_3166_1"": ""US"", ""name"": ""United States of America""}]","[{""english_name"": ""English"", ""iso_639_1"": ""en"", ""name"": ""English""}]","[""US""]",null
167683,Reaching for the Moon,Flores Raras,"In 1951, New York poet Elizabeth Bishop travels to Rio de Janeiro to visit Mary, a college friend. The shy Elizabeth is overwhelmed by Brazilian sensuality. She is the antithesis to Mary’s dashing partner, architect Lota de Macedo Soares. Mary is jealous, but unconventional Lota is determined to have both women at all costs. This eternal triangle plays out against the backdrop of the military coup of 1964. Bishop’s moving poems are at the core of a film which lushly illustrates a crucial phase in the life of this influential Pulitzer prize-winning poet.",Two iconic women. One passion.,Released,False,False,2013-02-09,118,0,0,1.9187,6.6,103,pt,,tt2217458,/qTatiV0yzfLFLbBsFARNFYnTidL.jpg,/hmder4IIqLH59BON9EYgpjBgkNy.jpg,"[{""id"": 18, ""name"": ""Drama""}, {""id"": 10749, ""name"": ""Romance""}]","[{""id"": 7765, ""logo_path"": ""/kyZyb7enWovBqmhIZNbseIT9GZI.png"", ""name"": ""TeleImage"", ""origin_country"": ""BR""}, {""id"": 13118, ""logo_path"": ""/cHKq00BCpqb4tLSMkoD48TZ6IyO.png"", ""name"": ""LC Barreto"", ""origin_country"": ""BR""}, {""id"": 28212, ""logo_path"": ""/1qNlLT42Po3Adj1q4OLo0kUHnDy.png"", ""name"": ""Imagem Filmes"", ""origin_country"": ""BR""}, {""id"": 13969, ""logo_path"": ""/bEpiJ2zXGIH70JT16asjWNFtOEv.png"", ""name"": ""Globo Filmes"", ""origin_country"": ""BR""}, {""id"": 7764, ""logo_path"": ""/6YQPMXHq7juxomK9Sy3zBqbalsD.png"", ""name"": ""Telecine"", ""origin_country"": ""BR""}]","[{""iso_3166_1"": ""BR"", ""name"": ""Brazil""}]","[{""english_name"": ""Portuguese"", ""iso_639_1"": ""pt"", ""name"": ""Portugu\u00eas""}, {""english_name"": ""English"", ""iso_639_1"": ""en"", ""name"": ""English""}]","[""BR""]",null
167684,Bruce Lee: The Legend Lives On,Bruce Lee: The Legend Lives On,"This insightful documentary takes an in-depth look at the life of Bruce Lee, and the physical and mental practices he employed on his way to becoming the most popular martial arts star in the world. Utilizing footage of Lee both practicing and teaching Jeet Kune Do, as well as interview footage with the people who both knew and worked with Lee--including James Coburn, Bob Wall, Van Williams, Brandon Lee, and more--THE LEGEND LIVES ON is a comprehensive examination and celebration of a true artist.",,Released,False,False,1999-01-01,70,0,0,1.3484,8.0,1,en,,tt0906573,/2jbCyoSCJpUadaLNvxXbjK25XTu.jpg,,"[{""id"": 99, ""name"": ""Documentary""}]",[],[],[],"[""US""]",null
167688,The Unbeatable Bruce Lee,The Unbeatable Bruce Lee,A look at the life of superstar Bruce Lee.,,Released,False,False,2001-12-18,50,0,0,0.412,8.4,4,en,,tt0809470,/k9XnCZgy3RYQPv66pdtJf61UOQ9.jpg,/w3LDzxK7eCPOSsZlbjvN4gpOhCS.jpg,"[{""id"": 99, ""name"": ""Documentary""}]",[],[],[],"[""US""]",null
167690,Martha,Martha,"Martha is a 75-year old woman who lives alone in a social interest house in the outskirts of Mexico City. Martha decides to end her life. Her thrilling journey towards death, will surprisingly lead her, for the first time, to life.",,Released,False,False,2010-03-01,76,0,0,0.3212,6.2,6,es,,tt1547891,/tAwEWRccfFAbwHInyfumJK9VI7c.jpg,,"[{""id"": 18, ""name"": ""Drama""}]","[{""id"": 78294, ""logo_path"": null, ""name"": ""Centro de Dise\u00f1o, Cine y Televisi\u00f3n"", ""origin_country"": """"}]","[{""iso_3166_1"": ""MX"", ""name"": ""Mexico""}]","[{""english_name"": ""Spanish"", ""iso_639_1"": ""es"", ""name"": ""Espa\u00f1ol""}]","[""MX""]",null
167693,"Kamen Rider Fourze The Movie: It’s Space Time, Everybody!",仮面ライダーフォーゼ THE MOVIE みんなで宇宙キターッ!,"The Earth is threatened by the mysterious Space Ironmen brothers, and the Kamen Rider Club goes to the space to avoid them to be awakened. However, an agent of the  Alicia Federation, Inga Blink, tries to stop them. Kamen Rider Forze and Meteor fight for the destiny of the Earth and for the friendship of all beings.","Breaking through the atmosphere with the power of friendship — youth, full spark in space!",Released,False,False,2012-08-04,66,0,0,1.4457,6.0,10,ja,,tt2184098,/sI8DdwcGdGRMyijc5cLsFHwKCog.jpg,/iOFNCKzwjc2OEQsbU3umNPOggvp.jpg,"[{""id"": 28, ""name"": ""Action""}, {""id"": 12, ""name"": ""Adventure""}, {""id"": 878, ""name"": ""Science Fiction""}]","[{""id"": 5671, ""logo_path"": ""/e2wUkVLLcru3UKXzLtPtfjIIvQp.png"", ""name"": ""Ishimori Production"", ""origin_country"": ""JP""}, {""id"": 5822, ""logo_path"": ""/qyTbRgCyU9NLKvKaiQVbadtr7RY.png"", ""name"": ""Toei Company"", ""origin_country"": ""JP""}]","[{""iso_3166_1"": ""JP"", ""name"": ""Japan""}]","[{""english_name"": ""Japanese"", ""iso_639_1"": ""ja"", ""name"": ""\u65e5\u672c\u8a9e""}]","[""JP""]",null
167696,Baker has a Deathwish,Baker has a Deathwish,"The Baker has a Deathwish video featured a bunch of leftovers, hijinx and more from Andrew Reynolds, Erik Ellington, Bryan Herman, Jim Greco, Antwuan Dixon, Furby, Kevin Long, Lizard King, Shane Heyl, Leo Romero, Slash, Terry Kennedy, Dustin Dollin, Beagle, Theotis Beasley, Sammy Baca, Braydon Szafranski and more.",,Released,False,False,2008-12-30,67,0,0,0.0814,9.5,2,en,,,/czUWbuG3bzNQYg9ieFdJELpEsyZ.jpg,,"[{""id"": 99, ""name"": ""Documentary""}]","[{""id"": 101646, ""logo_path"": null, ""name"": ""Baker Skateboards"", ""origin_country"": """"}, {""id"": 101647, ""logo_path"": null, ""name"": ""Deathwish Skateboards"", ""origin_country"": """"}]","[{""iso_3166_1"": ""US"", ""name"": ""United States of America""}]","[{""english_name"": ""English"", ""iso_639_1"": ""en"", ""name"": ""English""}]","[""US""]",null
167697,Bella Dancerella - Disney Princess Enchanted Tales,Bella Dancerella - Disney Princess Enchanted Tales,"Step into the enchanted world of 3 Disney Princesses with Bella and friends.  Be the belle of the ball with Bell, go under the sea with Ariel, and learn to be a fairy tale princess with Aurora.",Princess Dance Studio,Released,False,False,2009-06-01,60,0,0,0.0214,8.7,3,en,,,/f8A6rEBzDw6fr0Z66OUTx2dIRzK.jpg,,[],[],[],"[{""english_name"": ""English"", ""iso_639_1"": ""en"", ""name"": ""English""}]","[""US""]",null
167699,Santa Cruz - A Skateboarder's Paradise,Santa Cruz - A Skateboarder's Paradise,"Directed by Joe Perrin and Lee Charron  When I moved to Santa Cruz in the mid-’60s it was a skateboarder’s utopia. It was a destination that any discerning skater had to make a trip to. No cops. No hassles. Just skating and rad vibes, the way it was supposed to be. Not to mention the most righteous terrain on the planet. It seemed like it would last forever, but like any society built on a single premise, Santa Cruz started to decay, and what was once a skateboarder’s paradise became a filthy beach ghetto. It’s still all about the skating and not much else. That’s probably why the city fell apart in the first place…—Terkin Von Knobske",,Released,False,False,2013-02-12,9,0,0,0.0,10.0,1,en,,,,,[],[],[],[],"[""US""]",null
167701,From Dawn Til Dusk,From Dawn Til Dusk,"Directed by Aleks Lewandowski It’s a typical day in the life of the Deathwish gang. The sessions and locations were influenced by gangs, Hollywood, and Los Angeles culture. It wasn’t much of a stretch because skate crews can be very gang-like to begin with. The Deathwish dudes are a tight-knit crew. Overall, I don’t think this is too far from what these guys are actually like. It’s really close to the truth. You wouldn’t be surprised if you saw Jon Dickson on the beach asleep in the morning.—Skin Phillips",,Released,False,False,2013-02-12,6,0,0,0.0071,10.0,1,en,,,,,[],[],[],[],"[""US""]",null
167703,Element - Past To Present,Element - Past To Present,"Directed By Kirk Dianda America was going through a major change in mind state in the ’50s and ’60s; people were going through a change in the way that they looked at society and the way that they thought about things. Humans are inventors, we can create something out of nothing, and that is exactly how skateboarding was born.—Chad Muska",,Released,False,False,2013-02-12,7,0,0,0.0071,10.0,1,en,,,,,[],[],[],[],"[""US""]",null
167704,The Golden Mask,紅衣冷血金面人,"Life takes a turn for Chi Kwan Chun after he accepts a contract from the mysterious ""Golden Mask"". The ""mark"" turns out to be Chi's brother and after unwittingly …",,Released,False,False,1977-11-07,93,0,0,1.1317,5.7,3,zh,,tt0187073,/rofXW3fhI7RjImltCDOWldm3lZu.jpg,/q0oMwUVVsxTwsS4lCNBivbKxOya.jpg,"[{""id"": 28, ""name"": ""Action""}]",[],"[{""iso_3166_1"": ""TW"", ""name"": ""Taiwan""}, {""iso_3166_1"": ""HK"", ""name"": ""Hong Kong""}]","[{""english_name"": ""Mandarin"", ""iso_639_1"": ""zh"", ""name"": ""\u666e\u901a\u8bdd""}]","[""HK"", ""TW""]",null
167707,A Bee in the Rain,Uma Abelha na Chuva,"This Portuguese drama examines the daily life minutiae and intrigues of two scions of society in the rural village where they live. One is a wealthy landowner, the other a widowed aristocrat who lives in a world of her own.",,Released,False,False,1972-04-13,66,0,0,0.1518,6.3,12,pt,,tt0066739,/lEpdeBrVPz1IeSPwmy6EprhrrfW.jpg,/eCo6cfDcI9PC91WlEcvipCC3jgw.jpg,"[{""id"": 18, ""name"": ""Drama""}]","[{""id"": 16276, ""logo_path"": null, ""name"": ""Media Filmes"", ""origin_country"": ""PT""}]","[{""iso_3166_1"": ""PT"", ""name"": ""Portugal""}]","[{""english_name"": ""Portuguese"", ""iso_639_1"": ""pt"", ""name"": ""Portugu\u00eas""}]","[""PT""]",null
167709,Odette Robert,Odette Robert,"Eustache’s grandmother Odette Robert was a key figure in his life, serving as a substitute mother during much of his childhood (My Little Loves was dedicated to her). In 1971, he recorded an interview with her that went largely unseen until 2003—Eustache never screened the complete film publicly, although a radically truncated version was presented on television. In a string of long, stationary takes, the camera watches over Eustache’s shoulder while he pours countless glasses of whiskey and Odette tells the stories of her life. A number of her themes resonate with those of Eustache’s films: cruelty, male philandering, the Rosière festival of Pessac. Number Zero is a return to origins—of cinema and of the self—and an experiment in narration, both restrained and deeply personal.",,Released,False,False,1971-01-01,54,0,0,0.0327,6.8,4,fr,,,/e5XQ4kBNkESJ2SNh9xB9jrch0MG.jpg,,"[{""id"": 99, ""name"": ""Documentary""}]",[],"[{""iso_3166_1"": ""FR"", ""name"": ""France""}]","[{""english_name"": ""French"", ""iso_639_1"": ""fr"", ""name"": ""Fran\u00e7ais""}]","[""FR""]",null
167710,Death in the Land of Encantos,Kagadanan sa Banwaan Ning mga Engkanto,"A poet hearkens back to his Philippine village after years abroad in Europe. Horrified to discover that the community has been buried under landslides, he wanders the countryside, reconnecting with friends, lovers, and family whose lives teeter on the brink of destruction.",,Released,False,False,2015-12-30,540,0,0,0.1725,7.9,13,tl,,tt1094643,/ujaFd2Y8EgREySMn9WWI3ggMaRr.jpg,/iqjRg8U00S0mSHAeojzeeYry8Ao.jpg,"[{""id"": 18, ""name"": ""Drama""}]","[{""id"": 13413, ""logo_path"": ""/eUVeNogxsgzL78KU5ugDvea2Cet.png"", ""name"": ""Hubert Bals Fund"", ""origin_country"": ""NL""}, {""id"": 33812, ""logo_path"": ""/fwpLmRnRFxnYg9mD8K4FOb0GqwT.png"", ""name"": ""Sine Olivia Pilipinas"", ""origin_country"": ""PH""}]","[{""iso_3166_1"": ""PH"", ""name"": ""Philippines""}]","[{""english_name"": ""Tagalog"", ""iso_639_1"": ""tl"", ""name"": """"}]","[""PH""]",null
167720,El factor Pilgrim,El factor Pilgrim,"Once upon a time... There were four young men of different nationalities: Spanish, Italian, Swedish and British, a one-pound business deal that ends up becoming a one-hundred-thousand pound business deal, and a legend: The Legend of David Pilgrim. This is the basic idea behind The Pilgrim Factor, a story half-way between a comedy and a tale, about anonymous characters who accidentally happen to come across something that could prove doubtful the authenticity of the world's most famous rock group. All this takes place right in the centre of ""Chicken Town""... a city where everything is possible... even a story like this one.",,Released,False,False,2001-02-02,87,0,0,0.1479,5.5,2,es,,tt0263328,/ch2nK639grOWCvWsCEECKKRo5Vi.jpg,,[],[],"[{""iso_3166_1"": ""ES"", ""name"": ""Spain""}]","[{""english_name"": ""Spanish"", ""iso_639_1"": ""es"", ""name"": ""Espa\u00f1ol""}]","[""ES""]",null
167725,Whoops,Whoops,Toy Machine went big with its 2013 Skate &amp; Create entry. This well-known ditch gap is hairy in its own right—putting a rail down it only adds to the sketch factor. Josh Harmony risks it big for his team and Sam Muller’s lens. The added flair from The Tempster’s artful hand ties it all together.,Toy Machine,Released,False,False,2013-02-12,3,0,0,0.0,9.5,1,en,,,,,[],[],[],[],"[""US""]",null
167726,Love and Lemons,Små citroner gula,"Agnes has most things in life: a family who are always there for her, a good job in the restaurant industry, a boyfriend who loves her, and a best friend whom she knows inside out. Or does she? All of a sudden things begin to crumble, one by one, and soon nothing is as it was.",Let love be the essential ingredient,Released,False,False,2013-02-20,99,0,0,0.5259,5.8,22,sv,http://www.trevanner.se/se/film/sma-citroner-gula/,tt2172061,/f3Zvjex80556hlnrUyF9x2TwaOI.jpg,/j4BSievWZaomWUukKklCLjPAYkZ.jpg,"[{""id"": 10749, ""name"": ""Romance""}, {""id"": 35, ""name"": ""Comedy""}]","[{""id"": 10356, ""logo_path"": ""/rzyqRbVf1hvGC56IQXC6HUSwZc8.png"", ""name"": ""Tre V\u00e4nner"", ""origin_country"": ""SE""}, {""id"": 327, ""logo_path"": ""/vodjjKlAbwGeERPjrAhxZMBGPUc.png"", ""name"": ""Nordisk Film Sweden"", ""origin_country"": ""SE""}, {""id"": 2801, ""logo_path"": ""/bswb1PLLsKDUXMLgy42bZtCtIde.png"", ""name"": ""Film i V\u00e4st"", ""origin_country"": ""SE""}, {""id"": 14451, ""logo_path"": null, ""name"": ""Dagsljus Filmequipment"", ""origin_country"": ""SE""}]","[{""iso_3166_1"": ""SE"", ""name"": ""Sweden""}]","[{""english_name"": ""Swedish"", ""iso_639_1"": ""sv"", ""name"": ""svenska""}]","[""SE""]",null
167730,Wish Me Luck,Wish Me Luck,"When a beautiful genie accepts an evil sorcerer’s challenge, she has 48 hours to break a terrible curse. She must help a mortal nerd attain his “manhood,” or she will be doomed to a thousand years as the sorcerer’s slave.  All without the help of her magic!  What happens next is a hilarious romp through Oak Valley Junior College, as “Jeannie” enlists the help of three beautiful cheerleaders, and battles a trio of nasty jocks, to break the curse before the clock runs out.  “Jeannie’s” journey takes her through astronomy class, cheerleading try-outs, and a provocative lingerie party.  WISH ME LUCK is a sexy comedy with warmth, laughs and most of all….magic!","Oak Valley Junior College has Cheerleaders, Jocks, Nerds, and a Genie!",Released,False,False,1995-01-01,91,0,0,0.6904,2.0,4,en,,tt0114955,/c4KZxIlw9MYj5izft7VFBtqS2ER.jpg,,"[{""id"": 14, ""name"": ""Fantasy""}, {""id"": 35, ""name"": ""Comedy""}]","[{""id"": 5017, ""logo_path"": null, ""name"": ""Mars Production Corporation"", ""origin_country"": """"}]","[{""iso_3166_1"": ""US"", ""name"": ""United States of America""}]","[{""english_name"": ""English"", ""iso_639_1"": ""en"", ""name"": ""English""}]","[""US""]",null
167731,Modern Love Is Automatic,Modern Love Is Automatic,"About an apathetic nurse who moonlights as a dominatrix, her aspiring model roommate, and the sad, strange world they live in.",Beyond apathy,Released,False,False,2009-03-15,93,0,0,0.1772,6.0,1,en,http://www.modernloveisautomatic.com/,tt1322953,/kchT8Lt21wZuctYqvz8Q5iNuvhi.jpg,/elyDrNgjgC1yMN2QZsPPTX5dGM.jpg,"[{""id"": 35, ""name"": ""Comedy""}]",[],"[{""iso_3166_1"": ""US"", ""name"": ""United States of America""}]","[{""english_name"": ""English"", ""iso_639_1"": ""en"", ""name"": ""English""}]","[""US""]",null
167733,Vamp U,Vamp U,"Wayne Gretzky is a vampire who can't grow his teeth. His impotence began when he inadvertently killed Mary Lipinsky, the love of his life, 300 years ago. To take his mind off the pain, he teaches college history - who better? Attempting to regain his full power, he enlists help from his friend and colleague, Dr. Levine. Nothing works until a new semester brings freshman Chris Keller. She's a dead ringer for Mary and they have a lurid affair, while rumors fly around the campus. But it all sours when he turns Chris into a vampire and her newfound bloodlust spins out of control in a bloody rampage, making the rumors a little too real.",Sorority Girls Suck!,Released,False,False,2013-02-27,96,0,0,0.8115,4.6,82,en,,tt1727885,/zQh9Qi8QG3QXMkzTMGp44siPvk1.jpg,/2hIKpZC6jWOXvvbplKPuLs5RVPN.jpg,"[{""id"": 28, ""name"": ""Action""}, {""id"": 35, ""name"": ""Comedy""}, {""id"": 27, ""name"": ""Horror""}]",[],"[{""iso_3166_1"": ""US"", ""name"": ""United States of America""}]","[{""english_name"": ""French"", ""iso_639_1"": ""fr"", ""name"": ""Fran\u00e7ais""}, {""english_name"": ""English"", ""iso_639_1"": ""en"", ""name"": ""English""}]","[""US""]",null
167735,Happy Birthday,Happy Birthday,"As a common birthday approaches, five very different people are faced with very similar problems. Jim, a gay, overweight telemarketer (for a weight loss program) faces his self esteem issues. Ron, is a minister who preaches about conversion but practices watching gay porn whenever he can. Javed living in the US with a gay porn actor faces deportation as a Pakistani and condemnation from his Islamic family. Javed living in the US with a gay porn actor faces deportation as a Pakistani and damnation from his Islamic family. Kelly, a young lesbian weathers a breakup with her lover and considers an earlier unrequited love. Tracy, an asian lesbian, goes back in the closet when her mother visits.",,Released,False,False,2002-07-31,95,0,0,0.0743,3.8,5,en,,tt0351031,,/zMxi3mRiwyRBmAeOFvOmE64Ugpr.jpg,[],[],"[{""iso_3166_1"": ""US"", ""name"": ""United States of America""}]",[],"[""US""]",null
167736,Drift - The Sideways Craze,Drift - The Sideways Craze,"This film follows the nation's top ranked Drifters on and off the track. It shows the journey of a Drift enthusiast building his car and learning from his mentors, Samuel Hubinette and Ken Gushi.",,Released,False,False,2007-02-13,60,0,0,0.1639,0.0,0,en,,tt0993754,/wajgRnyT9FCBd5EPr3fdvXeuOCS.jpg,/di71UKQdH66yBTWku2pOdEQM3CJ.jpg,[],"[{""id"": 103921, ""logo_path"": null, ""name"": ""Sabra Productions"", ""origin_country"": """"}]",[],[],"[""US""]",null
167738,Guy,Guy,"A filmmaker picks a ""real"" subject to shoot, and when she sees Guy on the street, she latches onto him. At first, Guy is enraged that someone is just following him around, filming, but soon he begrudgingly accepts her presence, then gets attached to the attention.",Obsessive filmmaker. Unwilling star. Compulsive viewing.,Released,False,False,1997-12-17,91,0,0,1.2307,2.2,4,en,,tt0116465,/yBXWta06OzHdhnwiHe1nOcvUJ3P.jpg,,"[{""id"": 18, ""name"": ""Drama""}]","[{""id"": 315, ""logo_path"": ""/hdu0sVxgtCuQud0xF8ZBiN7hEhY.png"", ""name"": ""Filmstiftung Nordrhein-Westfalen"", ""origin_country"": ""DE""}, {""id"": 254, ""logo_path"": ""/ijBPMFIV5nWzjVupZWIlt4Limlf.png"", ""name"": ""Pandora Filmproduktion"", ""origin_country"": ""DE""}, {""id"": 1382, ""logo_path"": ""/8b5XGJ8YhZoEo9LgFP8KRQWHjYL.png"", ""name"": ""PolyGram Filmed Entertainment"", ""origin_country"": ""US""}, {""id"": 278, ""logo_path"": ""/r3Aya3Sy7f24t6Waaug3mQn6ew7.png"", ""name"": ""Propaganda Films"", ""origin_country"": ""US""}]","[{""iso_3166_1"": ""US"", ""name"": ""United States of America""}, {""iso_3166_1"": ""DE"", ""name"": ""Germany""}]","[{""english_name"": ""English"", ""iso_639_1"": ""en"", ""name"": ""English""}]","[""US""]",null
167743,In Search of the Holy Grail,In Search of the Holy Grail,"For centuries, we've grappled with the mystery of The Holy Grail. Was it really the cup used at the Last Supper by Christ and the Disciples? And where is it today? It's the ultimate adventure, one of history's great detective stories.  At the heart of the best-selling novel of all time, The Da Vinci Code, lies the mystery of this most sought-after, yet most illusive, sacred relic. Over the centuries, historians, archaeologists, adventurers, and rulers alike have sought to piece together the ancient puzzle and find the one true Holy Grail.  Now, follow award-winning investigative documentarian Bruce Burgess as he follows the clues and goes In Search of the Holy Grail.",From the Last Supper to the 21st century.,Released,False,False,2003-05-04,50,0,0,0.1421,0.0,0,en,,tt0436424,/4EpU3T8inqD09whvFinGwaoultL.jpg,,"[{""id"": 99, ""name"": ""Documentary""}]",[],"[{""iso_3166_1"": ""GB"", ""name"": ""United Kingdom""}]","[{""english_name"": ""English"", ""iso_639_1"": ""en"", ""name"": ""English""}]","[""US"", ""GB""]",null
167744,"Günter Grünwald - Glauben Sie ja nicht, wen Sie da vor sich haben...","Günter Grünwald - Glauben Sie ja nicht, wen Sie da vor sich haben...",,,Released,False,False,2006-09-14,0,0,0,0.0143,0.0,0,de,,tt1302073,,,[],[],[],"[{""english_name"": ""German"", ""iso_639_1"": ""de"", ""name"": ""Deutsch""}]","[""DE""]",null
167745,Erwin Pelzig - Aufgemerkt,Erwin Pelzig - Aufgemerkt,,,Released,False,True,2000-09-10,0,0,0,0.0,0.0,0,de,,,,,"[{""id"": 35, ""name"": ""Comedy""}]",[],"[{""iso_3166_1"": ""DE"", ""name"": ""Germany""}]","[{""english_name"": ""German"", ""iso_639_1"": ""de"", ""name"": ""Deutsch""}]","[""DE""]",null
167746,Urban Priol - Tilt! 2007,Urban Priol - Tilt! 2007,,,Released,False,True,2007-12-29,0,0,0,0.0362,0.0,0,de,,,,/zBrXsc7I9L10lB1jKxzzTP6WheH.jpg,"[{""id"": 35, ""name"": ""Comedy""}]","[{""id"": 162, ""logo_path"": ""/pIK5tsFVxjoXTJGcd0nYhiL1kn1.png"", ""name"": ""BR"", ""origin_country"": ""DE""}]","[{""iso_3166_1"": ""DE"", ""name"": ""Germany""}]","[{""english_name"": ""German"", ""iso_639_1"": ""de"", ""name"": ""Deutsch""}]","[""DE""]",null
167747,Erwin Pelzig - Worte statt Taten,Erwin Pelzig - Worte statt Taten,,,Released,False,False,2004-01-01,0,0,0,0.0,0.0,0,de,,tt0889066,,,[],[],[],"[{""english_name"": ""German"", ""iso_639_1"": ""de"", ""name"": ""Deutsch""}]","[""DE""]",null
167750,Dangerous Passage,Dangerous Passage,"Joe Beck leaves Central America so that he can return to Texas and collect a large inheritance, but he picks a dangerous ship on which to travel.",STRANGE EVENTS! WEIRD HAPPENINGS! ABOARD A FREIGHTER FROM HONDURAS!,Released,False,False,1944-12-18,60,0,0,0.5873,4.4,8,en,,tt0036741,/iLKDEXHENKsYH18knJPPrzquMab.jpg,/rGyMIJWeqrxrzZD6ZkPn5hZORp6.jpg,"[{""id"": 18, ""name"": ""Drama""}, {""id"": 80, ""name"": ""Crime""}]","[{""id"": 4, ""logo_path"": ""/jay6WcMgagAklUt7i9Euwj1pzTF.png"", ""name"": ""Paramount Pictures"", ""origin_country"": ""US""}, {""id"": 4182, ""logo_path"": null, ""name"": ""Pine-Thomas Productions"", ""origin_country"": ""US""}]","[{""iso_3166_1"": ""US"", ""name"": ""United States of America""}]","[{""english_name"": ""English"", ""iso_639_1"": ""en"", ""name"": ""English""}]","[""US""]",null
167752,"Jára Cimrman Lying, Sleeping","Jára Cimrman ležící, spící","Czechoslovak comedy film directed by Ladislav Smoljak, about the fictional national hero Jára Cimrman (universal genius, inventor, sportsman, criminalist, poet, writer and philosopher).",,Released,False,False,1983-10-01,81,0,0,0.3179,8.0,18,cs,,tt0085748,/5sj8TyF5fRL7IMwpQnuCcmxEBmH.jpg,/zKBxMfbsw87jvdHX4emfq3PDqHx.jpg,"[{""id"": 35, ""name"": ""Comedy""}]","[{""id"": 1931, ""logo_path"": ""/5erHhgvym2cTORao8ajtn2gbiTH.png"", ""name"": ""Filmov\u00e9 studio Barrandov"", ""origin_country"": ""XC""}]","[{""iso_3166_1"": ""XC"", ""name"": ""Czechoslovakia""}]","[{""english_name"": ""Czech"", ""iso_639_1"": ""cs"", ""name"": ""\u010cesk\u00fd""}]","[""XC""]",null
167753,Familie Heinz Becker - Zwei nach Hawaii,Familie Heinz Becker - Zwei nach Hawaii,"In the midst of the family's idyllic life, unheard-of news breaks. Hilde has won first prize in a radio competition - a trip to Hawaii for two!",,Released,False,False,2004-01-01,0,0,0,0.0757,0.0,0,de,,,/pvnwaCNBZby3xTW8AxhN6f9eymV.jpg,,[],[],[],"[{""english_name"": ""German"", ""iso_639_1"": ""de"", ""name"": ""Deutsch""}]","[""DE""]",null
167755,Urban Priol - Tür zu!,Urban Priol - Tür zu!,,,Released,False,False,2007-05-24,0,0,0,0.0362,0.0,0,de,,tt1301733,,,[],[],[],"[{""english_name"": ""German"", ""iso_639_1"": ""de"", ""name"": ""Deutsch""}]","[""DE""]",null
167756,The Sorrow of Mrs. Schneider,Smutek paní Šnajderové,"It is 1961 and an Albanian student (Nik Xhelilaj) of the Academy of Performing Arts in Prague, together with a group of Czech students, is shooting his graduate movie on a motorcycle factory, in the small market-town of Český Šternberk, in then Czechoslovakia. Coming from a country that is completely isolated from the rest of Europe, he is fascinated by the lifestyle, society and ""erotic exuberance"" of the Czech golden youth, yet feeling strong links with his family in his homeland. He falls in love with a married woman (Anna Geislerová), the wife of a police superintendent (Paolo Buglioni) and is insecure about his future.",,Released,False,False,2008-03-13,104,0,0,0.8033,5.2,9,cs,,tt0494841,/8UysJQTRBsEdOkA8tGpChlDAdI6.jpg,/lFHedG8Cte6KnVjT5H14fmfL5WZ.jpg,"[{""id"": 10749, ""name"": ""Romance""}, {""id"": 18, ""name"": ""Drama""}]","[{""id"": 62066, ""logo_path"": null, ""name"": ""Studio F\u00c1MA 92"", ""origin_country"": ""CZ""}]","[{""iso_3166_1"": ""AL"", ""name"": ""Albania""}, {""iso_3166_1"": ""CZ"", ""name"": ""Czech Republic""}]","[{""english_name"": ""Albanian"", ""iso_639_1"": ""sq"", ""name"": ""shqip""}, {""english_name"": ""Czech"", ""iso_639_1"": ""cs"", ""name"": ""\u010cesk\u00fd""}]","[""AL"", ""CZ"", ""GR""]",null
167757,Urban Priol - Alles muss raus!,Urban Priol - Alles muss raus!,,,Released,False,True,2002-01-01,0,0,0,0.0336,0.0,0,de,,,,,[],[],[],"[{""english_name"": ""German"", ""iso_639_1"": ""de"", ""name"": ""Deutsch""}]","[""DE""]",null
167759,Tom Stade - Live,Tom Stade - Live,"Star of Live At The Apollo, Michael McIntyre’s Comedy Roadshow, Dave’s One Night Stand and Channel 4’s Stand-Up For The Week. Don’t miss the hugely talented Canadian exile Tom Stade’s debut DVD. His magnetic stage presence, irrepressible charm and first-class story-telling have established him as one of the most sought after performers on the UK and international circuit. Join Tom’s offbeat world as he recounts his global adventures; with a little help from inimitable sidekick Jimmy.",,Released,False,False,2013-11-17,0,0,0,0.0363,2.5,1,en,,tt4719794,/7HML49RlBfDvaHBEcHsLQoLdWxR.jpg,,"[{""id"": 35, ""name"": ""Comedy""}]",[],[],[],"[""US""]",null
167760,Fortune Salon,청담보살,"Tae-rang is gifted clairvoyant who runs a posh fortune telling salon in Cheongdam, Seoul. She helps guide her elite clients on matters of love and life altering choices. Yet fate has it that Tae-rang's personal life is always cursed. All the men that Tae-rang has shown interest have become harmed in one way or another. As a child, Tae-rang's mother, also a clairvoyant, told Tae-rang that she is destined to meet a man born May 16, 1978 at 11 pm before she turns 28.  One day, Seung-won, a former horse jockey now a maintenance worker for horses, spots a 10,000 Won bill on the street and attempts to pick it up. This is when he is hit by a car driven by Tae-rang. It turns out Ki-su was born on May 16, 1978 at 11 pm ...",,Released,False,False,2009-11-11,0,0,0,1.0337,6.4,12,ko,,tt1872798,/5FnyKxYPloa0wzmLCXpyu3sdubz.jpg,/rm4Qx2KC4W4vvpcRTTnNvwsCcz.jpg,"[{""id"": 35, ""name"": ""Comedy""}]","[{""id"": 20064, ""logo_path"": ""/2In7Heq6DuXDjOwPmJqHWkpohaL.png"", ""name"": ""Next Entertainment World"", ""origin_country"": ""KR""}, {""id"": 20359, ""logo_path"": null, ""name"": ""The Pictures with a View"", ""origin_country"": ""KR""}]","[{""iso_3166_1"": ""KR"", ""name"": ""South Korea""}]","[{""english_name"": ""Korean"", ""iso_639_1"": ""ko"", ""name"": ""\ud55c\uad6d\uc5b4/\uc870\uc120\ub9d0""}]","[""KR""]",null
167761,Gerd Dudenhöffer - Null und Richtig,Gerd Dudenhöffer - Null und Richtig,,,Released,False,False,2003-08-31,0,0,0,0.0264,9.5,1,de,,,/lg6CScCrSvKmi1Nu3abtXOEjmfL.jpg,,[],[],[],"[{""english_name"": ""German"", ""iso_639_1"": ""de"", ""name"": ""Deutsch""}]","[""DE""]",null
167762,Juvana,Juvana,"Picking up a few months after the end of the TV drama series ""Juvana"", Daim is freed from the juvenile centre after being found not guilty of murdering his mother. He tries to lead a normal life in the outside world, but finds that it is vastly different from life in juvenile prison. Daim begins to attend high school in hopes of finishing his SPM. He also finds a job at the brick factory to support himself. However, in school, he is bullied by the other students and does not have any friends besides Sara. Further, the school guard who knows about his status as an ex-juvenile convict is always watching him. Everything that goes wrong in school is blamed on Daim as well...",I Will Not Be Trapped Forever,Released,False,False,2013-01-23,87,511180,702873,0.3569,0.0,0,ms,http://cinemamalaysia.com.my/film/info/?id=Juvana_1208,tt2981714,/erqF4iv0PJ6bdg6AtfGeIMqsu1X.jpg,/idjL0znCSZLb1KwM2C2U7HVAVp8.jpg,"[{""id"": 28, ""name"": ""Action""}, {""id"": 18, ""name"": ""Drama""}, {""id"": 80, ""name"": ""Crime""}]",[],[],"[{""english_name"": ""Malay"", ""iso_639_1"": ""ms"", ""name"": ""Bahasa melayu""}]","[""MY""]",null
167766,Over Arizona,Over Arizona,"Soar above vast deserts, verdant pine forests, sparkling lakes and rivers, rolling grasslands, glistening snow-capped peaks, gleaming cities and striking land forms.  Arizona is home to some of the worlds most interesting natural formations and is best known for its desert landscape, but Over Arizona also takes you on an aerial tour of its snowy mountain ranges and lush forests. Get a new perspective on the states beauty by taking to the skies in Over Arizona, featuring stunning aerial cinematography.","Get rare overhead views of deserts, canyons and mountains”including the Grand Canyon and Monument Valley”when an accomplished team of aerial cinematographers take to the skies in OVER Arizona!",Released,False,False,1994-02-14,38,0,0,0.0071,0.0,0,en,http://www.azpbs.org/arizonacollection/az_collection.php?id=18,,/y4nfZOTX3oCqeRHJ4490a8hKw1P.jpg,,"[{""id"": 99, ""name"": ""Documentary""}]","[{""id"": 5944, ""logo_path"": null, ""name"": ""Topics Entertainment"", ""origin_country"": """"}]","[{""iso_3166_1"": ""US"", ""name"": ""United States of America""}]","[{""english_name"": ""English"", ""iso_639_1"": ""en"", ""name"": ""English""}]","[""US""]",null
167767,Powerman 5000 - Backstage & Beyond the Infinite,Powerman 5000 - Backstage & Beyond the Infinite,"Powerman 5000: Backstage And Beyond The Infinite movie was released Mar 13, 2001 by the Universal Music &amp; Video Distribution studio. Support metal band Powerman 5000 by watching their first official home video. Powerman 5000: Backstage And Beyond The Infinite movie A band who recently broke into the Mtv bred pop world after ten years on independent labels, Powerman 5000 are finally getting their due. Powerman 5000: Backstage And Beyond The Infinite video BACKSTAGE AND BEYOND THE INFINITE includes live performances from different international locations, rare footage from their early years, raucous behind-the-scenes partying, and every single one of their music videos.",,Released,False,False,2001-01-27,60,0,0,0.0071,0.0,0,en,,,/s4bLbeAiDu10pudTzRlsULRjgrs.jpg,/6r4ZpONV2CxwlAu5cUUAKhqJP4u.jpg,"[{""id"": 10402, ""name"": ""Music""}]","[{""id"": 13120, ""logo_path"": null, ""name"": ""Universal Music & Video Distribution"", ""origin_country"": """"}]",[],"[{""english_name"": ""English"", ""iso_639_1"": ""en"", ""name"": ""English""}]","[""US""]",null
167768,National Parks Exploration Series - The Grand Canyon,National Parks Exploration Series - The Grand Canyon,"There is no place like it on the planet. Commonly called the four corners region, it contains more National Parks and Monuments than anywhere else in the world.Go on a thrilling exploration that uncovers the geology of the Colorado Plateau and the forces that have shaped this marvelous landscape. Enjoy breath-taking aerial views as you soar over hundreds of acres of awe-inspiring beauty.  Discover the mystery and wonder of the Grand Canyon first-hand through in-depth interviews with the park rangers and ground tours that take you through the park just as if you were there yourself. The Colorado Plateau spans more than the states of New York, Illinois, Georgia and Virginia combined. Amidst all that landscape is one special gift for the human soul. To understand the awe-inspiring beauty is present in this one particular region of the planet, this thrilling exploration that uncovers the geology of the Colorado Plateau and the forces that have shaped this marvelous landscape.",,Released,False,False,2002-03-15,80,0,0,0.1586,7.0,1,en,,tt2979398,/sh10z5fmRvjvlnlnARPqEG2snbh.jpg,/aoHeMR3EUovTmedsVlx4o941hmi.jpg,"[{""id"": 99, ""name"": ""Documentary""}]","[{""id"": 94904, ""logo_path"": null, ""name"": ""Centre Communications Inc"", ""origin_country"": """"}]","[{""iso_3166_1"": ""US"", ""name"": ""United States of America""}]","[{""english_name"": ""English"", ""iso_639_1"": ""en"", ""name"": ""English""}]","[""US""]",null
167769,Gunpoint,Gunpoint,"A young, determined sheriff and his posse chase a gang of murderous train robbers, and a kidnapped woman into New Mexico.",The story of a town with a gun in its back !,Released,False,False,1966-04-25,86,0,0,1.3687,6.0,24,en,,tt0060483,/vWG8GfnLaw6RDnuEcanEFIpu0Q8.jpg,/7PJl0j0Dlz3S6WUBWSUBuYbgJBU.jpg,"[{""id"": 37, ""name"": ""Western""}]","[{""id"": 33, ""logo_path"": ""/8lvHyhjr8oUKOOy2dKXoALWKdp0.png"", ""name"": ""Universal Pictures"", ""origin_country"": ""US""}]","[{""iso_3166_1"": ""US"", ""name"": ""United States of America""}]","[{""english_name"": ""English"", ""iso_639_1"": ""en"", ""name"": ""English""}]","[""US""]",null
167775,Fingering,วุ่นรักพักนิ้ว,"Story about a lesbian couple where the ""tom"" hurts her fingers and is unable to ""perform"".",,Released,False,False,2013-02-08,59,0,0,0.0398,0.0,0,th,,,,,"[{""id"": 18, ""name"": ""Drama""}, {""id"": 35, ""name"": ""Comedy""}]","[{""id"": 13126, ""logo_path"": null, ""name"": ""StudioFun"", ""origin_country"": """"}]","[{""iso_3166_1"": ""TH"", ""name"": ""Thailand""}]","[{""english_name"": ""Thai"", ""iso_639_1"": ""th"", ""name"": ""\u0e20\u0e32\u0e29\u0e32\u0e44\u0e17\u0e22""}]","[""TH""]",null
167777,The Bird of Happiness,El pájaro de la felicidad,"While some people need to be surrounded by friends to be happy, Carmen (Mercedes Sampietro) is perfectly content by herself, pursuing her vocation as an art restorer. But her bubble of isolation is punctured when she becomes the survivor of a violent assault. Shaken by the incident, Carmen decides she needs a break from it all. So begins a soul-searching journey that takes Carmen back to her hometown in southern Spain, where she contemplates the joys and sorrows of her past.",,Released,False,False,1993-05-05,115,0,0,0.3711,4.8,9,es,,tt0107901,/fXF1PcNwjFRKdEZnzW9KdzMw2gs.jpg,,"[{""id"": 18, ""name"": ""Drama""}]",[],[],"[{""english_name"": ""Spanish"", ""iso_639_1"": ""es"", ""name"": ""Espa\u00f1ol""}]","[""ES""]",null
167782,Red Bull Joyride 2012,Red Bull Joyride 2012,A mountain biking free-for-all that takes place on a nerve-shredding course designed by pro bikers.,,Released,False,False,2012-08-17,85,0,0,0.2139,0.0,0,en,http://www.redbull.com/en/bike/events/1331574347033/red-bull-joyride-2012,,,,[],[],[],[],"[""US""]",null
167788,The Big Cat,The Big Cat,A city boy arrives in his late mother's birthplace to discover the locals have been pestered by a cougar.,THRILL TO WILD MOUNTAIN ADVENTURE...OUTDOOR MAGNIFICENCE...YOUNG LOVE!,Released,False,False,1949-04-01,78,0,0,1.8315,3.5,6,es,,tt0041175,/A2yUA9JHILwjOOdcyRnKkJOBN6a.jpg,/5sErc0uUjUjbPMVJYevSLpXsf1L.jpg,"[{""id"": 12, ""name"": ""Adventure""}, {""id"": 10749, ""name"": ""Romance""}, {""id"": 18, ""name"": ""Drama""}, {""id"": 37, ""name"": ""Western""}]","[{""id"": 4927, ""logo_path"": null, ""name"": ""Eagle-Lion Films"", ""origin_country"": ""GB""}]","[{""iso_3166_1"": ""US"", ""name"": ""United States of America""}]","[{""english_name"": ""English"", ""iso_639_1"": ""en"", ""name"": ""English""}]","[""ES""]",null
167798,Die Helden von Bern,Die Helden von Bern,,,Released,False,False,2002-11-30,10,0,0,0.0362,7.5,2,de,,tt0830564,/ioLMpAaspHuJSkt4TbeVrypdYMC.jpg,,"[{""id"": 16, ""name"": ""Animation""}]","[{""id"": 34316, ""logo_path"": null, ""name"": ""Fachhochschule Offenburg"", ""origin_country"": """"}]","[{""iso_3166_1"": ""DE"", ""name"": ""Germany""}]","[{""english_name"": ""German"", ""iso_639_1"": ""de"", ""name"": ""Deutsch""}]","[""DE""]",null
167800,Made in Greece,Made in Greece,"Giannis Giannakis, released from psychiatric hospital after many years, decides to return home to his parents. On his way back he slowly discovers that the outside world is crazier than he thought - and starts to question whether he'd be better off back in the psychiatric ward.",,Released,False,False,1987-01-01,118,0,0,0.2606,5.6,8,el,,tt0236462,/2NbLtVIceCjvORJjnmjRTUZVTp3.jpg,/tARglqgU9MDzgyADpK8SGjkhLz4.jpg,"[{""id"": 35, ""name"": ""Comedy""}]",[],"[{""iso_3166_1"": ""GR"", ""name"": ""Greece""}]","[{""english_name"": ""Greek"", ""iso_639_1"": ""el"", ""name"": ""\u03b5\u03bb\u03bb\u03b7\u03bd\u03b9\u03ba\u03ac""}]","[""GR""]",null
167804,National Geographic - Guns in America,National Geographic - Guns in America,"300 million citizens, 270 million guns, 5 stories, and one thing in common: Gun Nation. National Geographic tells the story of America's connection with guns through the eyes of its citizens. From gangs, to local law enforcement, to gun hobbyists to a young mother: this documentary is explores the lives of people with guns.",,Released,False,False,2008-02-11,45,250000,0,0.0071,9.5,1,en,,tt1362903,,,"[{""id"": 99, ""name"": ""Documentary""}]","[{""id"": 7521, ""logo_path"": ""/fRqMjLjyAqThtEg9P9WKCXLmCpJ.png"", ""name"": ""National Geographic"", ""origin_country"": ""US""}]",[],"[{""english_name"": ""English"", ""iso_639_1"": ""en"", ""name"": ""English""}]","[""US""]",null
167810,Lost River,Lost River,"Billy, a single mother of two, is led into a macabre underworld while her teenage son, Bones, discovers a secret road leading to an underwater town. Both Billy and Bones must dive deep into the mystery if their family is to survive.",Dive deep into the underwater town.,Released,False,False,2015-04-08,95,2000000,45431,1.45,5.705,639,en,,tt2366608,/z00sPSV2Fue6tDPAhtn1mehOHc2.jpg,/AsdzgRhMkJzxviUsdhCgU6EszvV.jpg,"[{""id"": 18, ""name"": ""Drama""}, {""id"": 14, ""name"": ""Fantasy""}, {""id"": 53, ""name"": ""Thriller""}]","[{""id"": 2266, ""logo_path"": ""/owzVs2mguyyJ3vIn7EbgowpUPnk.png"", ""name"": ""Bold Films"", ""origin_country"": ""US""}, {""id"": 2527, ""logo_path"": ""/mNSqvPrlkAcdQlEZ3Ttmx75Z8Xw.png"", ""name"": ""Marc Platt Productions"", ""origin_country"": ""US""}, {""id"": 109042, ""logo_path"": null, ""name"": ""Phantasma Films"", ""origin_country"": ""US""}]","[{""iso_3166_1"": ""US"", ""name"": ""United States of America""}]","[{""english_name"": ""English"", ""iso_639_1"": ""en"", ""name"": ""English""}]","[""US""]",null
167812,Raak,Raak,"Small events in the lives of three people eventually lead to the moment at which a boy throws a rock from a bridge to hit a car. Small, unimportant causes can have big consequences.",,Released,False,False,2007-05-09,10,0,0,0.5259,7.5,4,nl,,tt0878143,,,[],[],[],"[{""english_name"": ""Dutch"", ""iso_639_1"": ""nl"", ""name"": ""Nederlands""}]","[""NL""]",null
167813,Buck Denver & Friends Presents: Clive & Ian's Wonder-Blimp of Knowledge,Buck Denver & Friends Presents: Clive & Ian's Wonder-Blimp of Knowledge,"6 Big Questions About God!  Kids have BIG questions! Clive &amp; Ian have blimp-sized answers! What's in the Bible? newsman Buck Denver wants to introduce you to two of his best friends - Clive and Ian. Join them as they sail through the skies and answer 6 really big questions about God!  New from VeggieTales and What's in the Bible? creator Phil Vischer, Clive &amp; Ian's Wonder-Blimp of Knowledge takes some of the biggest questions we have about God and answers them in a way that's fun and easy for the whole family to understand. Questions like ""Is God as powerful as a superhero?"" and ""Does God tell the truth?"".",6 Big Questions About God!,Released,False,False,,45,0,0,0.0,0.0,0,en,,,,,[],[],[],[],"[""US""]",null
167818,What's in the Bible? Volume 3: Wanderin in the Desert,What's in the Bible? Volume 3: Wanderin in the Desert,"Volume 3 ""Wanderin’ in the Desert"" contains two 25-minute episodes.  Episode 1: ""Don't TRIM YOUR BEARD?"" Don’t lie, don’t cheat … don’t trim your beard? The Old Testament is full of rules, and some of them are kind of, well, weird. Learn why God gave all these rules to Israel and which ones still apply to us today!  Episode 2: ""What is a Pentateuch?"" Learn about Israel’s 40-year “time-out” as we finish the first five books of the Bible! Plus, discover why we can believe what the Bible says – even though we weren’t there to see it happen!",,Released,False,True,,60,0,0,0.068,0.0,0,en,,tt1754878,/87EGvu7uJLDMiyIhB9EwnTnXbk2.jpg,,"[{""id"": 10751, ""name"": ""Family""}]","[{""id"": 38384, ""logo_path"": null, ""name"": ""Jellyfish Labs"", ""origin_country"": """"}]","[{""iso_3166_1"": ""US"", ""name"": ""United States of America""}]","[{""english_name"": ""English"", ""iso_639_1"": ""en"", ""name"": ""English""}]","[""US""]",null
167819,The RRF in New Recruit,The RRF in New Recruit,Animated short included in the Blu-Ray and DVD release of the Astro 'Boy (2009) film.,,Released,False,False,2010-03-15,1,0,0,0.0784,3.0,2,en,,tt1637997,,,"[{""id"": 878, ""name"": ""Science Fiction""}, {""id"": 16, ""name"": ""Animation""}, {""id"": 35, ""name"": ""Comedy""}, {""id"": 10751, ""name"": ""Family""}]","[{""id"": 3463, ""logo_path"": ""/qaGJfosWnFh9Qs07iM6A5xcyYOt.png"", ""name"": ""Imagi Animation Studios"", ""origin_country"": ""HK""}]","[{""iso_3166_1"": ""US"", ""name"": ""United States of America""}]","[{""english_name"": ""English"", ""iso_639_1"": ""en"", ""name"": ""English""}]","[""US""]",null
167820,Top o' the Morning,Top o' the Morning,A singing insurance investigator comes to Ireland to recover the stolen Blarney Stone...and romance the local policeman's daughter.,"BING 'n' BARRY Together Again...For More Songs, More Fun Than ""Going My Way"" and ""Welcome Stranger""",Released,False,False,1949-08-31,100,0,0,0.9668,5.4,7,en,,tt0041969,/ybtVn5wagfVbApK5FJ9kPmCkny1.jpg,/iK5sYDm8RaEl9OvDez0JAG1AS4W.jpg,"[{""id"": 35, ""name"": ""Comedy""}]","[{""id"": 4, ""logo_path"": ""/jay6WcMgagAklUt7i9Euwj1pzTF.png"", ""name"": ""Paramount Pictures"", ""origin_country"": ""US""}]","[{""iso_3166_1"": ""US"", ""name"": ""United States of America""}]","[{""english_name"": ""English"", ""iso_639_1"": ""en"", ""name"": ""English""}]","[""US""]",null
167821,Bebê Mais - Casa,Bebê Mais - Casa,,,Released,False,False,2009-01-01,0,0,0,0.0,9.0,1,pt,,,,,[],"[{""id"": 4, ""logo_path"": ""/jay6WcMgagAklUt7i9Euwj1pzTF.png"", ""name"": ""Paramount Pictures"", ""origin_country"": ""US""}]","[{""iso_3166_1"": ""BR"", ""name"": ""Brazil""}]","[{""english_name"": ""Portuguese"", ""iso_639_1"": ""pt"", ""name"": ""Portugu\u00eas""}]","[""BR""]",null
167822,Bratz Pet Show,Bratz Pet Show,"The trendier-than-thou Bratz girls - Yasmin, Chloe, Jade, and Sasha - return for four more fashion-packed animated adventures. In 'Pet Show' the girls enter their furry friends in the International Pet Show, only to find out that there's a pet-napper on the loose... Episodes comprise: 'Pet Show', 'Truth Or Dare', 'Manicuring Candidate' and 'It's Not About Me Week'.",,Released,False,True,2005-10-15,70,0,0,0.5048,9.3,6,en,,,/zU3kSm1k5lfLpYDmFSCixsrn39m.jpg,/lAmKpyQS0rjdeEGdr6kEf00ts0d.jpg,"[{""id"": 16, ""name"": ""Animation""}, {""id"": 35, ""name"": ""Comedy""}, {""id"": 10751, ""name"": ""Family""}]",[],[],[],"[""US""]","{""id"": 87103, ""name"": ""Bratz Collection"", ""poster_path"": ""/a1iKGnejdDhSB6SXnByF8DH6fdL.jpg"", ""backdrop_path"": ""/8vEwif7GUAlsrwDe8MDRRQtvct5.jpg""}"
167825,Mystery Junction,Mystery Junction,"In this crime drama, an escaped convict is recaptured and charged with killing two people in a lonely waystation during a snowstorm. Fortunately, a novelist is around to prove him innocent.",,Released,False,False,1951-09-01,65,0,0,0.6443,5.55,10,en,,tt0043832,/iY3iyjvl8Rn1Y5KPvXpmCuG72qi.jpg,,"[{""id"": 18, ""name"": ""Drama""}, {""id"": 80, ""name"": ""Crime""}]","[{""id"": 5094, ""logo_path"": null, ""name"": ""Merton Park Studios"", ""origin_country"": """"}]","[{""iso_3166_1"": ""GB"", ""name"": ""United Kingdom""}]","[{""english_name"": ""English"", ""iso_639_1"": ""en"", ""name"": ""English""}]","[""GB""]",null
167826,Pretville,Pretville,"""The film is a rollicking Afrikaans musical set in the 50s. In the small, bright and vibrant town of Pretville, anything is possible and lots of interesting things happen all the time.""","When life gives you lemons, make lemonade",Released,False,False,2012-11-22,0,0,0,0.4163,8.7,3,af,http://www.pretville.co.za/,tt2631210,/7FGLc79Sf25fG1UmZzESYffSPho.jpg,/i7PoZBXdOBEl1532Xq125bp66aD.jpg,[],[],"[{""iso_3166_1"": ""ZA"", ""name"": ""South Africa""}]","[{""english_name"": ""Afrikaans"", ""iso_639_1"": ""af"", ""name"": ""Afrikaans""}]","[""ZA""]",null
167828,Things Happen at Night,Things Happen at Night,A young girl finds herself possessed by the spirit of a mischievous demon.,,Released,False,False,1948-11-03,79,0,0,0.4616,4.3,9,en,,tt0039897,/82gimPoUaJP5FvfJ7CyQNXR20iU.jpg,/dQFVrj0Q80OqMyuRwpLJ9pFTT4A.jpg,"[{""id"": 35, ""name"": ""Comedy""}, {""id"": 27, ""name"": ""Horror""}]","[{""id"": 5596, ""logo_path"": null, ""name"": ""Tudor-Alliance"", ""origin_country"": """"}]","[{""iso_3166_1"": ""GB"", ""name"": ""United Kingdom""}]","[{""english_name"": ""English"", ""iso_639_1"": ""en"", ""name"": ""English""}]","[""US"", ""GB""]",null
167830,Incontri proibiti,Incontri proibiti,"Armando Andreoli, a well-known engineer of almost 80 years, is approached by Federica, an assistant nurse who then invites him to his hotel room. In the morning, Federica's boyfriend arrives in the room, suspecting a relationship that has never existed.",,Released,False,False,1998-09-24,110,0,0,4.3611,4.8,15,it,,tt0167210,/qoHu2u2h87hnCAunbjyHhfWe5Ya.jpg,/uVwoCREx73OxEhJ4vaI3UYV0r1m.jpg,"[{""id"": 18, ""name"": ""Drama""}, {""id"": 35, ""name"": ""Comedy""}]","[{""id"": 45996, ""logo_path"": null, ""name"": ""Aurelia Cinematografica"", ""origin_country"": ""IT""}, {""id"": 4753, ""logo_path"": ""/v596rkvfJX3K6Ypgd4KHkzOhQrs.png"", ""name"": ""Filmauro"", ""origin_country"": ""IT""}]","[{""iso_3166_1"": ""IT"", ""name"": ""Italy""}]","[{""english_name"": ""Italian"", ""iso_639_1"": ""it"", ""name"": ""Italiano""}]","[""IT""]",null
167831,Paper Orchid,Paper Orchid,"Paper Orchid is a 1949 British crime film directed by Roy Ward Baker, with a script written by Val Guest. It featured Hugh Williams, Hy Hazell and Garry Marsh. It is perhaps most notable for an early film appearance of Sid James, later to find success through the Carry On series.",,Released,False,False,1949-04-01,86,0,0,0.3242,4.0,4,en,,tt0041729,/xltHPH87FZU2Yd6nUKFWX7bnCeC.jpg,,"[{""id"": 80, ""name"": ""Crime""}, {""id"": 9648, ""name"": ""Mystery""}, {""id"": 18, ""name"": ""Drama""}]",[],[],"[{""english_name"": ""English"", ""iso_639_1"": ""en"", ""name"": ""English""}]","[""US""]",null
167848,Les Bonimenteurs,Les Bonimenteurs,,,Released,False,False,2008-05-01,0,0,0,0.0286,9.0,1,fr,,,,,[],[],"[{""iso_3166_1"": ""FR"", ""name"": ""France""}]","[{""english_name"": ""French"", ""iso_639_1"": ""fr"", ""name"": ""Fran\u00e7ais""}]","[""FR""]",null
167854,Stormtroopers,Sturmtruppen,A handful of recruits prepares for a war that nobody knows about the purpose or the motive. The field commander is a general who plays with a Marx puppet and lives in a luxurious palace that looks like a cabin from the outside. His orderlies are a captain who lives in Arabic dress in a curtain and a sergeant in training who does not shine for intelligence. Continuing training between various and grotesque accidents until the order arrives for the front. And then?,,Released,False,False,1976-12-20,110,0,0,0.7932,4.4,28,it,,tt0076777,/uBfA2dSY0krpxCRiOx2QkeT4Jid.jpg,/k44HdYX6mFPIENxF7m5ZZdMhdXJ.jpg,"[{""id"": 35, ""name"": ""Comedy""}, {""id"": 10752, ""name"": ""War""}]","[{""id"": 6387, ""logo_path"": null, ""name"": ""Irrigazione Cinematografica"", ""origin_country"": ""IT""}, {""id"": 1639, ""logo_path"": null, ""name"": ""Les Films Jacques Leitienne"", ""origin_country"": ""FR""}]","[{""iso_3166_1"": ""IT"", ""name"": ""Italy""}, {""iso_3166_1"": ""FR"", ""name"": ""France""}]","[{""english_name"": ""Italian"", ""iso_639_1"": ""it"", ""name"": ""Italiano""}]","[""FR"", ""IT""]","{""id"": 1117758, ""name"": ""Sturmtruppen - Collezione"", ""poster_path"": null, ""backdrop_path"": null}"
167857,Virginie Hocq - C’est tout moi,Virginie Hocq - C’est tout moi,,,Released,False,True,2008-10-06,0,0,0,0.0404,6.7,5,fr,,,/p8JWq5xJ6scpHTBlS2atbvi61Ct.jpg,,[],[],[],"[{""english_name"": ""French"", ""iso_639_1"": ""fr"", ""name"": ""Fran\u00e7ais""}]","[""FR""]",null
167858,The Story of the Voyages,Сказка странствий,"In this fantasy with dragons and flying machines, 10-year-old Marta is determined to find her brother who was kidnapped at Christmastime by a fake Saint Nick because the little boy is blessed with the ability to locate gold. A kindly, wise philosopher-type by the name of Orlando joins Marta in her search, and together they survive a gigantic sleeping dragon and imprisonment in a tower with no clear means of escape. They overcome that hurdle, but later on, Orlando succumbs to the evils of The Plague (an all-consuming woman!) and Marta continues on her search alone. Eventually, she does find her brother -- but that only introduces problems she had never considered.",,Released,False,False,1983-09-05,99,0,0,1.0455,6.0,26,ru,,tt0141830,/qbtWz2qjxThJGPMyld0uqTkSY4M.jpg,/5NT6ngOQRRJ5OtIUcvK9bqyQgaf.jpg,"[{""id"": 10751, ""name"": ""Family""}, {""id"": 14, ""name"": ""Fantasy""}, {""id"": 12, ""name"": ""Adventure""}]","[{""id"": 1931, ""logo_path"": ""/5erHhgvym2cTORao8ajtn2gbiTH.png"", ""name"": ""Filmov\u00e9 studio Barrandov"", ""origin_country"": ""XC""}, {""id"": 7168, ""logo_path"": null, ""name"": ""Rom\u00e2nia Film"", ""origin_country"": ""RO""}, {""id"": 344, ""logo_path"": ""/xenuUvcunUNpbaDOYGhWZERaym7.png"", ""name"": ""Mosfilm"", ""origin_country"": ""SU""}]","[{""iso_3166_1"": ""XC"", ""name"": ""Czechoslovakia""}, {""iso_3166_1"": ""RO"", ""name"": ""Romania""}, {""iso_3166_1"": ""SU"", ""name"": ""Soviet Union""}]","[{""english_name"": ""Russian"", ""iso_639_1"": ""ru"", ""name"": ""P\u0443\u0441\u0441\u043a\u0438\u0439""}]","[""SU""]",null
167859,Prep School,Prep School,"Upon learning of his girlfriend's infidelity, Greg, the star player of his elite private school’s rugby team, suffers an emotional breakdown, leaving his friends and teammates to pick up the pieces and deal with the crisis in their own ways, ranging from heroic to apathetic to downright horrifying.",Kids can be cruel.,Released,False,False,2016-07-05,85,0,0,0.9227,4.6,8,en,http://prepschoolmovie.com,tt2577668,/aWGukFHnRTEu7ZUup02UmExby5i.jpg,/dqbA6QuQ22gkILsqJPjnDaPdFIP.jpg,"[{""id"": 18, ""name"": ""Drama""}, {""id"": 9648, ""name"": ""Mystery""}]","[{""id"": 78391, ""logo_path"": null, ""name"": ""Evolve Media"", ""origin_country"": """"}, {""id"": 44632, ""logo_path"": ""/neCKH4sJCBhZ1B4QocTM4VXCQOR.png"", ""name"": ""Gravitas Ventures"", ""origin_country"": ""US""}, {""id"": 4478, ""logo_path"": ""/iV8LBEW35VjILYnZSjXsedcQgz6.png"", ""name"": ""Circus Road Films"", ""origin_country"": ""US""}]","[{""iso_3166_1"": ""US"", ""name"": ""United States of America""}]","[{""english_name"": ""English"", ""iso_639_1"": ""en"", ""name"": ""English""}]","[""US""]",null
167860,Thierry Le Luron - Le meilleur,Thierry Le Luron - Le meilleur,,,Released,False,False,2004-03-02,0,0,0,0.084,0.0,0,fr,,,/asdKb5YCrnRZ1p9VI4cJ1YYaISA.jpg,,"[{""id"": 35, ""name"": ""Comedy""}, {""id"": 10751, ""name"": ""Family""}]","[{""id"": 116256, ""logo_path"": null, ""name"": ""Warner Vision France"", ""origin_country"": """"}]","[{""iso_3166_1"": ""FR"", ""name"": ""France""}]","[{""english_name"": ""French"", ""iso_639_1"": ""fr"", ""name"": ""Fran\u00e7ais""}]","[""FR""]",null
167866,Pin-Pin,Pin-Pin,"Pin-Pin became the hero of stories from various regions of the world, where he met animals and children and becoming friends.",,Released,False,False,,70,0,0,0.0,0.0,0,en,,,,,[],[],[],[],"[""US""]",null
167869,Honeymoon For Three,Luna di miele in tre,"A newlywed couple sets off on their honeymoon expecting romance and privacy, but their plans are quickly disrupted when an unexpected third companion joins them. As jealousy, misunderstandings, and awkward situations pile up, the dream getaway turns into a chaotic and comedic test of their relationship.",,Released,False,False,1976-04-01,91,0,0,0.8141,4.7,15,it,,tt0074827,/kxSwCZZ8UiuDquOPhvNZ42d8mlm.jpg,/fJcdbKCq6i6mlHzywXJBDLkTQUJ.jpg,"[{""id"": 35, ""name"": ""Comedy""}]","[{""id"": 6387, ""logo_path"": null, ""name"": ""Irrigazione Cinematografica"", ""origin_country"": ""IT""}]","[{""iso_3166_1"": ""IT"", ""name"": ""Italy""}]","[{""english_name"": ""Italian"", ""iso_639_1"": ""it"", ""name"": ""Italiano""}]","[""IT""]",null
167874,Rolf,Rolf,"Mercenary takes revenge on bad guys. The Last Mercenary, a thrilling story of violence... of a rare man... a man trying to forget his past. The story of a man's buring vengence, an avenger who cannot forgive.  Neither threats nor traps can stop The Last Mercenary.  Stretched to breaking point both physically and morally, a fight until death follows.  His Price is death!",My price is death.,Released,False,False,1984-02-23,90,0,0,0.585,4.1,8,en,,tt0200049,/uX0HKnCAGjxVgHljY9qPdNxibcJ.jpg,,"[{""id"": 28, ""name"": ""Action""}]","[{""id"": 1465, ""logo_path"": null, ""name"": ""Metheus Film"", ""origin_country"": ""IT""}]","[{""iso_3166_1"": ""IT"", ""name"": ""Italy""}]","[{""english_name"": ""English"", ""iso_639_1"": ""en"", ""name"": ""English""}]","[""US""]",null
167876,From Mr. Gunnar Papphammar,Från och med Herr Gunnar Papphammar,"The clumsy Gunnar Papphammar, with his gray coat and funny hat, stumbles from one disaster to the next.",,Released,False,False,1981-02-20,47,0,0,0.1617,7.1,10,sv,,tt0082423,/bNvD0Q4pJMFSOWdrGEl98syMc9F.jpg,/7l2viPQTzDxOvxdvG5FoNLSIps4.jpg,"[{""id"": 35, ""name"": ""Comedy""}]","[{""id"": 175067, ""logo_path"": null, ""name"": ""Flaxfilm"", ""origin_country"": """"}]","[{""iso_3166_1"": ""SE"", ""name"": ""Sweden""}]","[{""english_name"": ""Swedish"", ""iso_639_1"": ""sv"", ""name"": ""svenska""}]","[""SE""]",null
167878,Eastern Sugar,Szezon,"Three young friends, from the Hungarian countryside, want more sex and excitement in their life. Together they undertake a journey to Lake Balaton, where they hope to find plenty of summer fun as well as a temporary job.",,Released,False,False,2004-09-01,89,0,0,0.4527,4.0,4,hu,,tt0369006,/hxI6LBfkQ3PUVbNqhkkBGqYHP6Y.jpg,/eTenOUlOKTblR48IY2kjHiUOesI.jpg,"[{""id"": 35, ""name"": ""Comedy""}, {""id"": 18, ""name"": ""Drama""}]","[{""id"": 1655, ""logo_path"": null, ""name"": ""\u00daj Budapest Filmstudi\u00f3"", ""origin_country"": ""HU""}]","[{""iso_3166_1"": ""HU"", ""name"": ""Hungary""}]","[{""english_name"": ""Hungarian"", ""iso_639_1"": ""hu"", ""name"": ""Magyar""}]","[""HU""]",null
167880,Ben & Maria - Liebe auf den zweiten Blick,Ben & Maria - Liebe auf den zweiten Blick,Yuppie prat loses his Ferrari and finds the love of his life with a craftswoman,,Released,False,False,2000-01-01,95,0,0,0.7773,3.8,4,de,,tt0240371,,,"[{""id"": 10749, ""name"": ""Romance""}]",[],"[{""iso_3166_1"": ""DE"", ""name"": ""Germany""}]","[{""english_name"": ""German"", ""iso_639_1"": ""de"", ""name"": ""Deutsch""}]","[""DE""]",null
167881,Pumping Ercan,Pumping Ercan,Ercan wants to proof it to himself. After a 10 year absence from competitive bodybuilding he reaches for the heavy weight title once again. The documentary PUMPING ERCAN accompanies the 40-year-old over the course of one year during his preparations and extends far beyond bodybuilding to tell a Turkish-German life's story. The portrait of this mellow giant is not only an enthralling comeback story but also turns out to be a love story at the end.,The great comeback of the Bodybuilding World Champion Ercan Demir.,Released,False,False,2012-05-05,89,0,0,0.0261,5.0,1,en,http://www.pumping-ercan.de,tt2170569,/f0CjVXO6RsPnQFaXo6gp6rkztRy.jpg,,[],[],[],"[{""english_name"": ""German"", ""iso_639_1"": ""de"", ""name"": ""Deutsch""}]","[""US""]",null
167882,The Gift of Love,The Gift of Love,"Inspired by O. Henry's short story about a young bride and groom, each of whom foolishly--but quite lovingly--sacrifices a treasured possession to buy the perfect Christmas gift for their mate.",,Released,False,False,1978-12-08,98,0,0,1.5813,6.0,5,en,,tt0077612,/6wkcbGFHsnU3UtOh2cT8UXu22ht.jpg,/xu3UWDxaLjB7P7iLgj3caYSICym.jpg,"[{""id"": 10749, ""name"": ""Romance""}, {""id"": 18, ""name"": ""Drama""}, {""id"": 10770, ""name"": ""TV Movie""}]","[{""id"": 72797, ""logo_path"": null, ""name"": ""Osmond Productions"", ""origin_country"": """"}]","[{""iso_3166_1"": ""US"", ""name"": ""United States of America""}]","[{""english_name"": ""English"", ""iso_639_1"": ""en"", ""name"": ""English""}]","[""US""]",null
167884,The Battle of Stalingrad,Сталинградская битва,"A 1949 two-part Soviet epic war film about the Battle of Stalingrad, directed by Vladimir Petrov. The script was written by Nikolai Virta.",,Released,False,False,1949-11-11,183,0,0,1.5916,3.4,8,ru,,tt0041916,/lcowK639M72NjRLRyqHPlz7TVRs.jpg,/g6K97LEDb7B2IH92FPp7thU9OQO.jpg,"[{""id"": 28, ""name"": ""Action""}, {""id"": 18, ""name"": ""Drama""}, {""id"": 36, ""name"": ""History""}, {""id"": 10752, ""name"": ""War""}]","[{""id"": 344, ""logo_path"": ""/xenuUvcunUNpbaDOYGhWZERaym7.png"", ""name"": ""Mosfilm"", ""origin_country"": ""SU""}]","[{""iso_3166_1"": ""SU"", ""name"": ""Soviet Union""}]","[{""english_name"": ""Russian"", ""iso_639_1"": ""ru"", ""name"": ""P\u0443\u0441\u0441\u043a\u0438\u0439""}]","[""SU""]",null
167885,One-Day Adventures,Dragoste pierdută,"Vlad is a famous actor in Bucharest, married to Alina, who has always been tempted to have extra-conjugal relations.",,Released,False,False,2008-10-09,85,0,4000,0.2408,4.0,3,ro,,tt0455334,,,"[{""id"": 14, ""name"": ""Fantasy""}, {""id"": 18, ""name"": ""Drama""}]","[{""id"": 13128, ""logo_path"": null, ""name"": ""Astra Entertainment"", ""origin_country"": """"}]","[{""iso_3166_1"": ""RO"", ""name"": ""Romania""}]","[{""english_name"": ""Romanian"", ""iso_639_1"": ""ro"", ""name"": ""Rom\u00e2n\u0103""}]","[""RO""]",null
167888,A Radio Drama Goodbye,A Radio Drama Goodbye,A tragic short story about how lying and cheating in relationships can overturn the lives of those you love and care for.,,Released,False,False,2011-11-12,10,0,0,0.1579,8.5,1,en,,tt1964452,,,[],[],"[{""iso_3166_1"": ""US"", ""name"": ""United States of America""}]",[],"[""US""]",null
167891,The Burning Season,The Burning Season,"Based on the true story of a Brazilian rubber tapper who leads his people in protest against government and developers, who want to cut down their part of the rainforest for a new road and ranch land. The rich and the powerful will stop at nothing, and frequently resort to murder",,Released,False,False,1994-09-17,123,0,0,0.6932,6.1,23,en,,tt0109351,/xgrbmywgBa86e6q7QUw0eunwKbm.jpg,/6amRkx7dkpEcKWJev88RqLmD8go.jpg,"[{""id"": 18, ""name"": ""Drama""}, {""id"": 10770, ""name"": ""TV Movie""}]","[{""id"": 7429, ""logo_path"": ""/6in9uMqxXEHx5XgYgkeRBpZ4rPw.png"", ""name"": ""HBO Films"", ""origin_country"": ""US""}, {""id"": 3268, ""logo_path"": ""/tuomPhY2UtuPTqqFnKMVHvSb724.png"", ""name"": ""HBO"", ""origin_country"": ""US""}]","[{""iso_3166_1"": ""MX"", ""name"": ""Mexico""}, {""iso_3166_1"": ""US"", ""name"": ""United States of America""}]","[{""english_name"": ""English"", ""iso_639_1"": ""en"", ""name"": ""English""}, {""english_name"": ""Portuguese"", ""iso_639_1"": ""pt"", ""name"": ""Portugu\u00eas""}]","[""US"", ""MX""]",null
167897,"We, the Grandchildren",Wir Enkelkinder,"A satirical journey through 30 years of post-war West German history, from 1957 to 1987, focusing on the divergent paths of two school friends, Ulli and Willi. Ulli immerses himself in the counterculture movements of the 1960s and 1970s, while Willi pursues a conventional political career.",,Released,False,False,1992-11-05,95,0,0,0.4042,0.0,0,de,,tt0105826,,,[],[],[],"[{""english_name"": ""German"", ""iso_639_1"": ""de"", ""name"": ""Deutsch""}]","[""DE""]",null
167905,Ticăloșii,Ticăloșii,"All important figures, from police officers to the president commit abuses and fight for rights that normal people doesn't dream.",,Released,False,False,2007-03-15,87,0,37402,0.4092,6.5,8,ro,,tt0999917,/47L4yAnb93tK9tSdHrL6BM3vqpn.jpg,/mtOkT6V5u19bU5v1FdMF9kXiZ0k.jpg,"[{""id"": 18, ""name"": ""Drama""}]","[{""id"": 13129, ""logo_path"": null, ""name"": ""MDV Film"", ""origin_country"": """"}]","[{""iso_3166_1"": ""RO"", ""name"": ""Romania""}]","[{""english_name"": ""Romanian"", ""iso_639_1"": ""ro"", ""name"": ""Rom\u00e2n\u0103""}]","[""RO""]",null
167906,Silent River,Apele tac,"Romania, 1986: Gregor and Vali want to get away. Both need each other, yet there is mutual distrust. One night Gregor finds his doubts confirmed. In the end only hope is left.",,Released,False,False,2011-02-14,30,0,0,0.1135,7.8,5,en,,tt1691340,/jLQyBTw7yb7CZW1K9IGYU9b1aii.jpg,,"[{""id"": 18, ""name"": ""Drama""}]","[{""id"": 13130, ""logo_path"": null, ""name"": ""Filmallee"", ""origin_country"": ""DE""}, {""id"": 5828, ""logo_path"": ""/gyXBCNkohhytvC96YdMa6An0a78.png"", ""name"": ""Strada Film"", ""origin_country"": ""RO""}]","[{""iso_3166_1"": ""RO"", ""name"": ""Romania""}, {""iso_3166_1"": ""DE"", ""name"": ""Germany""}]","[{""english_name"": ""German"", ""iso_639_1"": ""de"", ""name"": ""Deutsch""}, {""english_name"": ""Romanian"", ""iso_639_1"": ""ro"", ""name"": ""Rom\u00e2n\u0103""}]","[""US""]",null
167910,A Good Teacher,A Good Teacher,"A first year teacher is assigned to an inner-city elementary school, determined to make a huge difference, but soon realizes that her passion to help one gifted little girl goes beyond the classroom and into possible legal repercussions for information the child's mother has hidden from the school.",It only takes one to make a huge difference.,Released,False,False,2012-03-15,30,0,0,0.351,8.5,1,en,http://selenabrown.wix.com/agoodteachermovie,tt2308451,,,[],[],"[{""iso_3166_1"": ""US"", ""name"": ""United States of America""}]","[{""english_name"": ""English"", ""iso_639_1"": ""en"", ""name"": ""English""}]","[""US""]",null
167911,Radu+Ana,Radu+Ana,"Radu Ana is born on a Friday, the 13th and is the most unlucky man on Earth. Things, however, are subject to change.",,Released,False,False,2007-12-13,8,0,2500,0.2201,6.0,1,en,,tt1340162,,,[],"[{""id"": 11821, ""logo_path"": null, ""name"": ""Universitatea Nationala de Arta Teatrala si Cinematografica \""I.L. Caragiale\"""", ""origin_country"": ""RO""}]","[{""iso_3166_1"": ""RO"", ""name"": ""Romania""}]","[{""english_name"": ""Romanian"", ""iso_639_1"": ""ro"", ""name"": ""Rom\u00e2n\u0103""}]","[""US""]",null
167915,I Will Always Love You,I Will Always Love You,"Justin (Richard Gutierrez) & Cecille (Angel Locsin) play students from different social backgrounds. Against the wishes of his rich parents, Justin pursues Cecille, who also falls hard for the handsome rich boy. Justin, however, is being forced to marry Donna (Bianca King), the daughter of his parents’ business partner. His parents order him to study in the United States to separate him from the poor girl. Unable to accept life without Cecille, Justin is somehow able to take her with him to the US without his parents awareness.","Now that love has begun, can they make love last forever?",Released,False,False,2006-02-07,117,0,0,0.482,0.5,1,en,,tt0497777,/g4fnnJKySnKzGTqcBFwyvo7XMrU.jpg,/5dWuAVFJ9M9a7cZ79J2qD0xipcJ.jpg,"[{""id"": 10749, ""name"": ""Romance""}]","[{""id"": 8237, ""logo_path"": ""/8GxGenlMmEDS1Z6vmZA5PDqA3p6.png"", ""name"": ""GMA Pictures"", ""origin_country"": ""PH""}, {""id"": 8238, ""logo_path"": ""/3f3SS3sep9V3Nf7RAxNd5UUEw1E.png"", ""name"": ""Regal Entertainment"", ""origin_country"": ""PH""}]","[{""iso_3166_1"": ""PH"", ""name"": ""Philippines""}, {""iso_3166_1"": ""US"", ""name"": ""United States of America""}]","[{""english_name"": ""Tagalog"", ""iso_639_1"": ""tl"", ""name"": """"}]","[""US""]",null
167916,Løgn og løvebrøl,Løgn og løvebrøl,"An unsuccessful animal impersonator wants publicity and feeds an overly eager journalist a story. The impersonator says he is going to Africa to roar like a lion, and people believe him. The front-page sensation spreads to the foreign press, and in the end, the poor liar has to take out his savings and travel to Africa to prove that the lie was true enough.",,Released,False,False,1961-08-24,99,0,0,0.2207,6.0,3,da,,tt0055110,/x6wvdLujJIAJ7aWGZKlHu6Xqaky.jpg,/leNowxt4pR8XoFkEjVMrtwMvx2a.jpg,"[{""id"": 35, ""name"": ""Comedy""}]","[{""id"": 47114, ""logo_path"": null, ""name"": ""Novaris Film"", ""origin_country"": """"}]","[{""iso_3166_1"": ""DK"", ""name"": ""Denmark""}]","[{""english_name"": ""Danish"", ""iso_639_1"": ""da"", ""name"": ""Dansk""}]","[""DK""]",null
167919,Confine,Confine,"Pippa is a physically and emotionally scarred former model living as a recluse in her meticulous Georgian flat. When a heist taking place in the same building goes wrong, Pippa's home is broken into by the charismatic Kayleigh. Pippa is taken hostage by this unpredictable and volatile thief who's looking for a temporary hideout, but when outside forces close in, Kayleigh takes a darker path to get her way. As the confined space becomes a fighting ring, in a tense struggle to get out Pippa learns how to stand up for herself once again.",,Released,False,False,2012-09-29,91,0,0,0.6391,4.0,10,en,http://www.confinemovie.com/,tt2214913,/xzbN7nwOs0prRDcllvj9hd8V1Sw.jpg,,"[{""id"": 53, ""name"": ""Thriller""}]","[{""id"": 101472, ""logo_path"": null, ""name"": ""Two Bells Productions"", ""origin_country"": """"}, {""id"": 68755, ""logo_path"": null, ""name"": ""Cork Films"", ""origin_country"": """"}]","[{""iso_3166_1"": ""GB"", ""name"": ""United Kingdom""}]","[{""english_name"": ""English"", ""iso_639_1"": ""en"", ""name"": ""English""}]","[""GB""]",null
167922,Lost Book Found,Lost Book Found,"The result of over five years of Super-8 and 16mm filming on New York City streets, Lost Book Found melds documentary and narrative into a complex meditation on city life. The piece revolves around a mysterious notebook filled with obsessive listings of places, objects, and incidents. These listings serve as the key to a hidden city: a city of unconsidered geographies and layered artifacts—the relics of low-level capitalism and the debris of countless forgotten narratives. The project stems from the filmmaker's first job in New York—working as a pushcart vendor on Canal Street. As usual, Cohen shot in hundreds of locations using unobtrusive equipment and generally without any crew. Influenced by the work of Walter Benjamin.",,Released,False,False,1996-06-11,37,0,0,0.1975,6.3,6,en,,tt0230468,/BQAEZODbLGa5x4piQzOUrDPNVs.jpg,/uPKVaIha9Bfa36626tpeRe7YzTr.jpg,"[{""id"": 99, ""name"": ""Documentary""}]",[],"[{""iso_3166_1"": ""US"", ""name"": ""United States of America""}]",[],"[""US""]",null
167923,Unscarred: The Life of Nick Mondo,Unscarred: The Life of Nick Mondo,"Unscarred is the documentary of Hardcore Indy Wrestling Superstar ""Sick"" Nick Mondo. The movie covers everything from his early backyard wrestling days, pulling outrageous stunts with his high school friends, to his professional career including Combat Zone Wrestling where he became known as one of the most insane wrestlers of all time. From being power bombed off of buildings to taking a weedwhacker to the stomach, Nick Mondo has done it all and survived. The movie includes great interviews with fellow wrestlers, family, and friends, as well as Mondo himself who relays exactly what was going through his head and what drove him to take such amazing risks.",,Released,False,False,2004-10-25,71,0,0,0.0967,4.8,4,en,,tt0427992,,,"[{""id"": 99, ""name"": ""Documentary""}]",[],"[{""iso_3166_1"": ""US"", ""name"": ""United States of America""}]",[],"[""US""]",null
167928,Frozen City,Valkoinen kaupunki,"Looking to outrun the horrors of his past, a tormented cabbie flees Helsinki for an apartment complex in the suburbs, only to discover that new neighbors bring new problems. What ensues is a raw, realistic tragedy with an unwaveringly humane core.",Losing everything is just a beginning,Released,False,False,2006-11-17,96,0,0,0.2361,5.3,15,fi,,tt0820162,/seZynEPCeCz9uUf4CnPsI5NJE69.jpg,/soLMqWdevjWgENgAPGxMnlIYkz8.jpg,"[{""id"": 18, ""name"": ""Drama""}]","[{""id"": 6339, ""logo_path"": ""/ufP8NkiJ9ScGLIKz7J25xKtmVvX.png"", ""name"": ""Solar Films"", ""origin_country"": ""FI""}]","[{""iso_3166_1"": ""FI"", ""name"": ""Finland""}]","[{""english_name"": ""Finnish"", ""iso_639_1"": ""fi"", ""name"": ""suomi""}]","[""FI""]",null
167931,Better Days Ahead,Dias Melhores Virão,"Earning her living by dubbing American TV Series, a woman dreams of becoming an international Hollywood star.",,Released,False,False,1989-03-01,92,0,0,0.2376,6.5,15,pt,,tt0097198,/vaOFlSaHEonv0lYuJeYIFmbHstu.jpg,/3fBgmQm84ooppeSOIJZOQQWo7vu.jpg,"[{""id"": 35, ""name"": ""Comedy""}, {""id"": 18, ""name"": ""Drama""}, {""id"": 14, ""name"": ""Fantasy""}]","[{""id"": 16387, ""logo_path"": null, ""name"": ""Skylight Cinema Foto Art"", ""origin_country"": ""BR""}, {""id"": 13930, ""logo_path"": ""/3XZZx8IOBO8bIl2kZxvvFeLuhMC.png"", ""name"": ""Embrafilme S/A"", ""origin_country"": ""BR""}, {""id"": 103816, ""logo_path"": null, ""name"": ""CDK"", ""origin_country"": """"}]","[{""iso_3166_1"": ""BR"", ""name"": ""Brazil""}]","[{""english_name"": ""Portuguese"", ""iso_639_1"": ""pt"", ""name"": ""Portugu\u00eas""}]","[""BR""]",null
167935,So Much Water,Tanta agua,"A family vacation is bogged down by unrelenting rain, as a teenage girl and her divorced father try to find common ground.",,Released,False,False,2013-02-11,102,0,0,0.0878,5.4,18,es,,tt1826876,/85EBjY1iMGTIsVXdDGPhiVdrQuY.jpg,/8RA7tfsVnVRFx409qKF2OGzAO9k.jpg,"[{""id"": 18, ""name"": ""Drama""}]","[{""id"": 67853, ""logo_path"": null, ""name"": ""Ctrl Z Films"", ""origin_country"": """"}, {""id"": 129951, ""logo_path"": null, ""name"": ""Bonita Films"", ""origin_country"": """"}, {""id"": 24845, ""logo_path"": ""/tc9Q8e1Rn68ySgVqQDyVXTPzY08.png"", ""name"": ""Topkapi Films"", ""origin_country"": ""NL""}, {""id"": 1618, ""logo_path"": ""/dacmPYkpGE9Mbu2dqG2sFTXpsqr.png"", ""name"": ""Komplizen Film"", ""origin_country"": ""DE""}]","[{""iso_3166_1"": ""NL"", ""name"": ""Netherlands""}, {""iso_3166_1"": ""UY"", ""name"": ""Uruguay""}, {""iso_3166_1"": ""MX"", ""name"": ""Mexico""}, {""iso_3166_1"": ""DE"", ""name"": ""Germany""}]","[{""english_name"": ""Spanish"", ""iso_639_1"": ""es"", ""name"": ""Espa\u00f1ol""}]","[""MX""]",null
167936,The Last Message,臨場 劇場版,Police coroner Kuraishi Yoshio (Masaaki Uchino) and the crime lab team attempt to solve a serial murder case with a killer who seems to kill indiscriminately.,,Released,False,False,2012-06-30,129,0,0,1.5187,7.0,2,ja,,tt2155369,/pvZRGzihl5IiW2ghXHKVsUWLzZl.jpg,/t30NR5DJtSGUhloANkxHCDfywM.jpg,"[{""id"": 18, ""name"": ""Drama""}, {""id"": 9648, ""name"": ""Mystery""}]","[{""id"": 9300, ""logo_path"": ""/9sSD1XufVCJWAadNiC9Mwu994VD.png"", ""name"": ""TV Asahi"", ""origin_country"": ""JP""}, {""id"": 5822, ""logo_path"": ""/qyTbRgCyU9NLKvKaiQVbadtr7RY.png"", ""name"": ""Toei Company"", ""origin_country"": ""JP""}, {""id"": 73025, ""logo_path"": ""/zYb2OfWjKvNlngpq4LemY9JVC51.png"", ""name"": ""Kinoshita Group"", ""origin_country"": ""JP""}, {""id"": 11846, ""logo_path"": ""/es3LvDA6wLWVDvZnAYYuAT6x8lJ.png"", ""name"": ""Hakuhodo DY Media Partners"", ""origin_country"": ""JP""}, {""id"": 4868, ""logo_path"": ""/3ExeT4zGXBFU7ei1crOvuzKnc1z.png"", ""name"": ""Asahi Broadcasting Corporation"", ""origin_country"": ""JP""}, {""id"": 34951, ""logo_path"": ""/ltl63eccTZ7shohTrNE8ZHRNJlN.png"", ""name"": ""Stardust Pictures"", ""origin_country"": ""JP""}, {""id"": 165495, ""logo_path"": ""/it6ijCJRH8zDsd33WVAOBUOH1Nn.png"", ""name"": ""Kobunsha"", ""origin_country"": ""JP""}, {""id"": 81414, ""logo_path"": ""/eJSYeF1YIyQbZdTRNxuvVKaZOIK.png"", ""name"": ""Hokkaido Television Broadcasting"", ""origin_country"": ""JP""}, {""id"": 271784, ""logo_path"": ""/rGPAgJnB0wF7FAnXjpv2F21ReoM.png"", ""name"": ""Asahi Broadcasting Nagano"", ""origin_country"": ""JP""}, {""id"": 248369, ""logo_path"": ""/34nBfbkqxcjrbpVraEfI6MkCvgY.png"", ""name"": ""Shizuoka Asahi Television"", ""origin_country"": ""JP""}, {""id"": 114615, ""logo_path"": ""/u6a9BDJnTqdK1oRVKBz7BK75qq2.png"", ""name"": ""Hokuriku Asahi Broadcasting"", ""origin_country"": ""JP""}, {""id"": 81418, ""logo_path"": ""/kW9bMQqnMFtPHvdoyCDpRqh7Gxt.png"", ""name"": ""Nagoya Broadcasting Network"", ""origin_country"": ""JP""}, {""id"": 35119, ""logo_path"": ""/73mdRjWDMFQr3n4ba4JcAsFZbuN.png"", ""name"": ""Kyushu Asahi Broadcasting"", ""origin_country"": ""JP""}, {""id"": 104829, ""logo_path"": ""/ojIe99UBqomnOu1EPT8QhRUxexP.png"", ""name"": ""Toei Tokyo"", ""origin_country"": ""JP""}, {""id"": 168449, ""logo_path"": ""/nBbvA4skn6SmzNTcoMbWsBE2782.png"", ""name"": ""Toei TV Production"", ""origin_country"": ""JP""}]","[{""iso_3166_1"": ""JP"", ""name"": ""Japan""}]","[{""english_name"": ""Japanese"", ""iso_639_1"": ""ja"", ""name"": ""\u65e5\u672c\u8a9e""}]","[""JP""]",null
167938,Istanbul,Istanbul,"Martin, a drifter, is on his way to Istanbul when he meets Willy, a student working in Belgium. Fascinated by Martin, Willy decides to go with him to Istanbul, but soon discovers pieces of his dark past.",One man's adventure is another's salvation.,Released,False,False,1985-01-30,90,0,0,0.4023,4.9,7,en,,tt0089355,/cfmOr0Wvucwc5HqjdbyRPORLtkS.jpg,/9eBiguVpwjod9dILhoxVpFzvvSE.jpg,"[{""id"": 18, ""name"": ""Drama""}, {""id"": 53, ""name"": ""Thriller""}]",[],[],"[{""english_name"": ""Dutch"", ""iso_639_1"": ""nl"", ""name"": ""Nederlands""}, {""english_name"": ""English"", ""iso_639_1"": ""en"", ""name"": ""English""}, {""english_name"": ""French"", ""iso_639_1"": ""fr"", ""name"": ""Fran\u00e7ais""}]","[""NL""]",null
167942,Red Handkerchief,赤いハンカチ,"A hot-shot detective in Yokohama kills a witness during a drug investigation. He flees to the countryside and evades his past for several years, only to return to find the woman he loved married to his former partner. He searches for answers to his troubled past, knowing that his inevitable doomed fate is more or less sealed.",,Released,False,False,1964-01-03,98,0,0,1.198,7.0,5,ja,https://www.nikkatsu.com/movie/20770.html,tt0352149,/4QMeKa9cGEGsida2OWcGJvRokUB.jpg,/sibJS3rvtU1KPQ5gWPqhhsJ8U26.jpg,"[{""id"": 80, ""name"": ""Crime""}]","[{""id"": 955, ""logo_path"": ""/5xnXD3PJI1HqOJceSAKZ3fDqO1V.png"", ""name"": ""Nikkatsu Corporation"", ""origin_country"": ""JP""}]","[{""iso_3166_1"": ""JP"", ""name"": ""Japan""}]","[{""english_name"": ""Japanese"", ""iso_639_1"": ""ja"", ""name"": ""\u65e5\u672c\u8a9e""}]","[""JP""]",null
167945,The Prickly Mouthed Geisha,べらんめえ芸者,"Koharu, a young geisha, is in love with Kenichi, an apprentice carpenter to her father Masagoro. Their love life comes to a sudden halt after an argument between their two fathers. Can their love survive in spite of the bitterness between their two families?",,Released,False,False,1959-12-06,86,0,0,0.6849,0.0,0,ja,,tt0328888,/xDc0U14LItNVpAs8pyCeUpUWaWs.jpg,/x9eYolBq6CjhDIWQSt7E8cdDRJO.jpg,"[{""id"": 35, ""name"": ""Comedy""}]","[{""id"": 5822, ""logo_path"": ""/qyTbRgCyU9NLKvKaiQVbadtr7RY.png"", ""name"": ""Toei Company"", ""origin_country"": ""JP""}]","[{""iso_3166_1"": ""JP"", ""name"": ""Japan""}]","[{""english_name"": ""Japanese"", ""iso_639_1"": ""ja"", ""name"": ""\u65e5\u672c\u8a9e""}]","[""JP""]",null
167946,Girl Shaped Love Drug,Girl Shaped Love Drug,"A modern day love story, set in Manchester, about how coincidences bring two strangers together and take them on an eventful and beautiful life changing adventure, in just one day.",,Released,False,False,2012-10-01,75,0,0,0.2349,0.0,0,en,http://girlshapedlovedrug.com/,tt2455972,,,"[{""id"": 18, ""name"": ""Drama""}, {""id"": 35, ""name"": ""Comedy""}]",[],"[{""iso_3166_1"": ""GB"", ""name"": ""United Kingdom""}]",[],"[""US""]",null
167947,Ladius,魔境外伝レ・ディウス,"In a post-apocalyptic world, the treasure hunter Riot and his pretty sidekicks are searching for Eyes of Zalem, which they hope will guide them to Rido, the treasure of a long-lost Quall civilization. A limitless energy source, the Rido has the power to even restore life; but unfortunately for Riot, the evil Demsters are after it too. If he is to bring his sister back to life, Riot must pit his skill and cunning against the ruthless enemy army in a race for the lost treasure.",,Released,False,False,1987-12-01,48,0,0,1.4966,5.8,2,ja,,tt0093479,/xnVYqWpgd1zige4sOMjHHhXMQ32.jpg,/lC8ggpSb4DVfO2wSCUUiERIboR0.jpg,"[{""id"": 16, ""name"": ""Animation""}, {""id"": 12, ""name"": ""Adventure""}, {""id"": 28, ""name"": ""Action""}, {""id"": 878, ""name"": ""Science Fiction""}]","[{""id"": 882, ""logo_path"": ""/fRSWWjquvzcHjACbtF53utZFIll.png"", ""name"": ""TOHO"", ""origin_country"": ""JP""}]","[{""iso_3166_1"": ""JP"", ""name"": ""Japan""}]","[{""english_name"": ""Japanese"", ""iso_639_1"": ""ja"", ""name"": ""\u65e5\u672c\u8a9e""}]","[""JP""]",null
167948,Space Milkshake,Space Milkshake,"Four low-ranking astronauts are stuck together on an orbital Sanitation Station after they bring a mysterious device aboard their ship and all life on Earth disappears. Little do they know they are about to come under attack by a mutating rubber duck named Gary, who wants to open a portal to his evil dimension and take over the Universe.",We're ducked,Released,False,False,2012-10-26,85,0,0,0.9681,5.2,50,en,http://spacemilkshake.com/,tt1954843,/6gzXQd8GUhqfwdHtE4hyTnPQ5t9.jpg,/WHgowcHmy1lXITLOGyS0oJANMa.jpg,"[{""id"": 878, ""name"": ""Science Fiction""}, {""id"": 35, ""name"": ""Comedy""}]","[{""id"": 12217, ""logo_path"": null, ""name"": ""Foundation Features"", ""origin_country"": """"}]","[{""iso_3166_1"": ""CA"", ""name"": ""Canada""}]","[{""english_name"": ""English"", ""iso_639_1"": ""en"", ""name"": ""English""}]","[""CA"", ""US""]",null
167949,Saulabi,싸울아비,"In this sweeping swordplay saga from Korea, a dedicated band of warriors from the Baekje Dynasty travel to Japan in hopes of mending the broken Heaven's Sword and restoring Baekje to its former glory. 30 years later, the only surviving warrior Woo-do vows to complete the task by seeking out Kanemaru, the master of swords, and bring the Heaven's Sword back to life. SAULABI is a spectacular Samurai epic with action choreographed by longtime Akira Kurosawa collaborator Eizi Takakura (Samurai Fiction).",,Released,False,False,2002-02-22,103,0,0,0.6395,4.5,4,ko,,tt0301808,/Aq5nek1z9hjzjbwCm3kV0N9xRcT.jpg,,"[{""id"": 28, ""name"": ""Action""}, {""id"": 10752, ""name"": ""War""}]",[],"[{""iso_3166_1"": ""KR"", ""name"": ""South Korea""}, {""iso_3166_1"": ""JP"", ""name"": ""Japan""}]","[{""english_name"": ""Korean"", ""iso_639_1"": ""ko"", ""name"": ""\ud55c\uad6d\uc5b4/\uc870\uc120\ub9d0""}]","[""KR""]",null
167951,Body and Soul,Body and Soul,"A young man struggles to become a boxing champ, but success blinds him. It is only through the love of his girlfriend that he is brought back to reality.","He's a boxer. She's a knockout. Together, they score.",Released,False,False,1981-10-09,109,0,0,0.91,3.7,9,en,,tt0082090,/qNgrRVaKjKMwMiqStrljiyLm91d.jpg,/sx5iIIiaoxILLXWfofJjxEFg01N.jpg,"[{""id"": 18, ""name"": ""Drama""}]","[{""id"": 13549, ""logo_path"": null, ""name"": ""Golan-Globus Productions"", ""origin_country"": ""US""}, {""id"": 109794, ""logo_path"": null, ""name"": ""Kennedy Productions"", ""origin_country"": """"}, {""id"": 1444, ""logo_path"": ""/1848gsFuV3EGewKg8xWADAyJUVy.png"", ""name"": ""The Cannon Group"", ""origin_country"": ""US""}]","[{""iso_3166_1"": ""US"", ""name"": ""United States of America""}]","[{""english_name"": ""English"", ""iso_639_1"": ""en"", ""name"": ""English""}]","[""US""]",null
167953,The Love-Ins,The Love-Ins,A college professor falls in with the counterculture crowd in San Francisco after resigning from his position in solidarity with two expelled hippie students.,THE HIPPIES AND DIGGERS ARE HERE! WITH THE WAY-OUT EXCITEMENT THAT'S TURNING-ON AMERICA TODAY!...,Released,False,False,1967-07-26,91,0,0,1.4629,3.8,4,en,,tt0061922,/3JHcAjSOTtRf8p8mqXgESmcdj9w.jpg,/nWFxcVqc0gHTGBrORhfh1m4XGZz.jpg,"[{""id"": 18, ""name"": ""Drama""}]","[{""id"": 2258, ""logo_path"": null, ""name"": ""Four-Leaf Productions"", ""origin_country"": """"}, {""id"": 5, ""logo_path"": ""/71BqEFAF4V3qjjMPCpLuyJFB9A.png"", ""name"": ""Columbia Pictures"", ""origin_country"": ""US""}]","[{""iso_3166_1"": ""US"", ""name"": ""United States of America""}]","[{""english_name"": ""English"", ""iso_639_1"": ""en"", ""name"": ""English""}]","[""US""]",null
167954,The Legend of Wong Fei Hung,The Legend of Wong Fei Hung,"A documentary about the life of the Chinese folk hero and master of Hung-Gar, Wong Fei Hung, best known to us through movies like Once Upon a Time In China and Jackie Chan's Drunken Master, and which has been portrayed in over a hundred more movies, thus even earning him an entry in the Guinness World Records.",,Released,False,False,2004-01-01,48,0,0,0.0071,0.0,0,en,,,,,"[{""id"": 99, ""name"": ""Documentary""}]",[],[],"[{""english_name"": ""Mandarin"", ""iso_639_1"": ""zh"", ""name"": ""\u666e\u901a\u8bdd""}]","[""US""]",null
167956,Fist of Jesus,Fist of Jesus,"When Jacob tells Jesus that Lazarus, his son, is dead, he goes to his house to raise him from the dead.",A biblical assault on the senses!,Released,False,False,2012-10-12,15,0,0,0.119,6.9,69,en,http://www.fistofjesus.com,tt2705402,/inbO6OFjMm8SMH3cgnSs9sWJFy4.jpg,/sCxG16iARes38VySAiuJTOGGNEP.jpg,"[{""id"": 35, ""name"": ""Comedy""}, {""id"": 28, ""name"": ""Action""}, {""id"": 27, ""name"": ""Horror""}]","[{""id"": 54957, ""logo_path"": null, ""name"": ""Eskoria Films"", ""origin_country"": ""ES""}]","[{""iso_3166_1"": ""ES"", ""name"": ""Spain""}]","[{""english_name"": ""Spanish"", ""iso_639_1"": ""es"", ""name"": ""Espa\u00f1ol""}]","[""ES""]",null
167957,Gut Renovation,Gut Renovation,"Su Friedrich's personal essay charting the destruction of Williamsburg, Brooklyn. After living in the neighborhood for 20 years, the filmmaker was one of many who were forced out after the city passed a rezoning plan allowing developers to build luxury condos where there were once thriving industries, working-class families, and artists. Filmed over many years, it is a scathing portrait of one neighborhood's demolition and transformation.",Coming soon to a neighborhood near you,Released,False,False,2013-03-06,81,0,0,0.1008,4.5,4,en,http://sufriedrich.com/gut-renovation/,tt2368897,/AcP90I4Wlz5tDyWZcZvV6F53KZg.jpg,/tMagLUwhrBXAFFmoo4bNoc6GkFa.jpg,"[{""id"": 99, ""name"": ""Documentary""}]",[],"[{""iso_3166_1"": ""US"", ""name"": ""United States of America""}]","[{""english_name"": ""English"", ""iso_639_1"": ""en"", ""name"": ""English""}]","[""US""]",null
167958,His Name Was Arthur Leigh Allen,His Name Was Arthur Leigh Allen,"“Prime Suspect: His Name Was Arthur Leigh Allen” delves into the life of chief suspect Arthur Leigh Allen with interviews from those who knew him, interviewed him, or briefly met him. By the end of this 41½-minute feature, you may find the quandary of the Zodiac’s identity is still frustratingly present.",,Released,False,False,2008-01-08,42,0,0,0.2307,5.0,3,en,,tt3746830,/b2K7Fgx93haV39g0h3bQjRqPps5.jpg,/BUFKwllOuZycQRmKsx5LW1nc0l.jpg,"[{""id"": 99, ""name"": ""Documentary""}, {""id"": 80, ""name"": ""Crime""}]","[{""id"": 106431, ""logo_path"": null, ""name"": ""Dreamlogic Pictures"", ""origin_country"": ""US""}]","[{""iso_3166_1"": ""US"", ""name"": ""United States of America""}]","[{""english_name"": ""English"", ""iso_639_1"": ""en"", ""name"": ""English""}]","[""US""]",null
167960,Sanitarium,Sanitarium,"Malcom McDowell, Lou Diamond Phillips and Robert Englund star in three separate stories set in an eerie mental asylum.",Locked in insamity,Released,False,False,2013-03-01,106,0,0,0.9731,4.6,79,en,,tt2449810,/5GmJJAnNGWMAPdbsZWNvodpQfeH.jpg,/uW2xDlUeQolHw49tvVsXpbfBv7J.jpg,"[{""id"": 27, ""name"": ""Horror""}, {""id"": 53, ""name"": ""Thriller""}]","[{""id"": 76991, ""logo_path"": ""/pQjdvbv4y9yuIDSHDEHc9ijJKaS.png"", ""name"": ""Highland Film Group"", ""origin_country"": ""US""}]","[{""iso_3166_1"": ""US"", ""name"": ""United States of America""}]","[{""english_name"": ""English"", ""iso_639_1"": ""en"", ""name"": ""English""}]","[""US""]",null
167961,Îlé Aiyé,Îlé Aiyé,"Ilé Aiyé explores the ways in which Candomblé has influenced the daily life and culture of the people of Brazil in music, art, religion, theater, food, dance, poetry and more. Ilé Aiyé uses experimental film techniques, music, and cultural observation to express the life and rituals of Candomblé and the symbolic manifestation of the Orishás, the deities which represent the wide range of natural and spiritual forces. The rhythms of the sacred drums and bells, a dance of spiritual ecstasy, offerings and sacrifices, divination and the visitation of the Orishás through trance are all part of the color and life of Candomblé.",,Released,False,False,2004-08-31,51,0,0,0.3529,0.0,0,en,,tt0098730,,,"[{""id"": 99, ""name"": ""Documentary""}, {""id"": 10402, ""name"": ""Music""}]",[],[],"[{""english_name"": ""English"", ""iso_639_1"": ""en"", ""name"": ""English""}, {""english_name"": ""Portuguese"", ""iso_639_1"": ""pt"", ""name"": ""Portugu\u00eas""}]","[""US""]",null
167962,A Short Film About the Long Career of Abel Ferrara,A Short Film About the Long Career of Abel Ferrara,"About 10 people from the pack Ferrara used to work with, are interviewed. They run down and comment on the director's complete (almost) filmography.",,Released,False,False,2004-04-20,47,0,0,0.0,0.0,0,en,,tt0431393,,,[],[],[],[],"[""US""]",null
167963,Thesis on a Homicide,Tesis sobre un homicidio,"Roberto is a Law professor whose life is thrown into chaos when he becomes convinced that one of his best students has committed a brutal murder. Determined to uncover the truth, he begins a personal investigation…",Details. The key is hidden in the details.,Released,False,False,2013-01-17,106,0,0,0.6728,6.284,190,es,https://www.latidofilms.com/film/thesis-on-an-homicide,tt2241605,/qJr8TqZ1EhX5705U8SUPSfOqftJ.jpg,/tWYldjFEs3hmFxe2HKCVwV3InnO.jpg,"[{""id"": 53, ""name"": ""Thriller""}, {""id"": 18, ""name"": ""Drama""}]","[{""id"": 7680, ""logo_path"": ""/aZ5xfV3J3kSShvHxo06ypgE2QBD.png"", ""name"": ""Tornasol Media"", ""origin_country"": ""ES""}, {""id"": 9962, ""logo_path"": null, ""name"": ""BD Cine"", ""origin_country"": ""AR""}, {""id"": 8046, ""logo_path"": ""/67wZ6aHgQcU5K7qbRCRICiKHeN1.png"", ""name"": ""Telefe"", ""origin_country"": ""AR""}, {""id"": 981, ""logo_path"": ""/pkrdO9ykplO4Zc8edikoSX5APUN.png"", ""name"": ""TVE"", ""origin_country"": ""ES""}, {""id"": 5623, ""logo_path"": ""/mrpX1NQRR3HoIJLCz9EYaxHnGQz.png"", ""name"": ""Haddock Films"", ""origin_country"": ""AR""}, {""id"": 9971, ""logo_path"": null, ""name"": ""Castafiore Films"", ""origin_country"": ""ES""}, {""id"": 125587, ""logo_path"": null, ""name"": ""Cablevisi\u00f3n"", ""origin_country"": ""AR""}]","[{""iso_3166_1"": ""AR"", ""name"": ""Argentina""}, {""iso_3166_1"": ""ES"", ""name"": ""Spain""}]","[{""english_name"": ""Spanish"", ""iso_639_1"": ""es"", ""name"": ""Espa\u00f1ol""}]","[""AR"", ""ES""]",null
167966,Voices from the List,Voices from the List,"Based exclusively on testimonies of ""Schindler Juden"" from the Institute’s Visual History Archive, Voices from the List continues beyond the narrative of the Academy Award®-winning film Schindler's List by incorporating rare, archival footage and an original score to add a new dimension to the story of Oskar Schindler.",,Released,False,False,2004-03-09,77,0,0,0.9117,6.8,10,en,,tt0405455,/vDaZo3DHytTcawVVKUPP34MrbsX.jpg,/meUCKOMgrkNzZhojAnUDpfV9XS7.jpg,"[{""id"": 99, ""name"": ""Documentary""}, {""id"": 18, ""name"": ""Drama""}, {""id"": 10752, ""name"": ""War""}]",[],[],[],"[""US""]",null
167968,...Capitalists,...Capitalists,"Risk, Rewards and Profiting: The early era of venture capitalists out of the 1950s and the impact they made on the computer, internet and pharmaceutical industries.",,Released,False,False,,88,0,0,0.1658,0.0,0,en,,,,,[],[],[],[],"[""US""]",null
167969,Vice Squad,Brigade mondaine,"A young woman is found dead, nude and drugged with tropanyme (a powerful aphrodisiac). Inspector Corentin from the vice squad will go after this new drug and prostitution ring.",,Released,False,False,1978-07-30,95,0,0,0.5595,2.6,9,fr,,tt0167806,/hwKJTX5Xga0bUpVFIL1H0W17KBB.jpg,,"[{""id"": 80, ""name"": ""Crime""}]","[{""id"": 1805, ""logo_path"": null, ""name"": ""Francos Films"", ""origin_country"": ""FR""}]","[{""iso_3166_1"": ""FR"", ""name"": ""France""}]","[{""english_name"": ""French"", ""iso_639_1"": ""fr"", ""name"": ""Fran\u00e7ais""}]","[""FR""]","{""id"": 1624350, ""name"": ""Brigade Mondaine Collection"", ""poster_path"": null, ""backdrop_path"": null}"
167972,The Locker,渋谷怪談,"A group of teenagers unleash a curse when they use haunted public lockers in Shibuya. Supposedly, if you leave a gift in one of the lockers you will be lucky in love. However, the results are anything but lucky as a creepy female ghost with long black hair soon shows up to kill them off one by one.",The most terrifying Japanese legend comes alive!,Released,False,False,2004-02-07,71,1000000,0,1.6267,4.7,26,ja,,tt0475147,/xtWbPC1Bk97uG3xsapUmbspd6NY.jpg,/6R18yJbqgsFUM7P4CU6UhWxmvYk.jpg,"[{""id"": 27, ""name"": ""Horror""}, {""id"": 53, ""name"": ""Thriller""}]","[{""id"": 3362, ""logo_path"": ""/mGMVj7tbY41dNXK00X58CQpxbPs.png"", ""name"": ""Geneon Entertainment"", ""origin_country"": ""JP""}]","[{""iso_3166_1"": ""JP"", ""name"": ""Japan""}]","[{""english_name"": ""Japanese"", ""iso_639_1"": ""ja"", ""name"": ""\u65e5\u672c\u8a9e""}]","[""JP""]","{""id"": 747484, ""name"": ""The Locker Collection"", ""poster_path"": ""/iQJTOLkHwBkXWHedY0TuJrHeZ8s.jpg"", ""backdrop_path"": null}"
167973,Breaking the Cycle,Breaking the Cycle,"Jason's idea of romance is planning anonymous gay hookups through a chat room, while his roommate Chad wants to find Mr. Right. When a friend shows Chad how to access the chat room, he meets someone named ""Hook-Up Boy"" who seems very familiar. The two men are soon falling for each other online, but what will happen when they finally ""meet""?",,Released,False,False,2002-11-05,62,0,0,0.0931,3.8,14,en,,tt0363485,/qZKAVP5zHKubYCMLv1UwZMdbLAp.jpg,/nUe7WRtYZ3DJQ1FZDv0KqMjzIfe.jpg,"[{""id"": 10749, ""name"": ""Romance""}]","[{""id"": 180550, ""logo_path"": null, ""name"": ""10% Productions"", ""origin_country"": """"}]","[{""iso_3166_1"": ""US"", ""name"": ""United States of America""}]","[{""english_name"": ""English"", ""iso_639_1"": ""en"", ""name"": ""English""}]","[""US""]",null
167976,The Black Hand,The Black Hand,"Two gang members send a threatening letter to a butcher, demanding money if he did not want his shop to be destroyed and his daughter Maria kidnapped. When he is unable to meet their request, they take Maria away. The Black Hand is the earliest surviving gangster film.",,Released,False,False,1906-03-29,11,0,0,0.2741,5.8,11,en,,tt0233351,/lSdJCSVsvPCkdkgHDDpGr0xL8KS.jpg,,"[{""id"": 18, ""name"": ""Drama""}, {""id"": 80, ""name"": ""Crime""}]","[{""id"": 236929, ""logo_path"": null, ""name"": ""American Mutoscope and Biograph Company"", ""origin_country"": """"}]","[{""iso_3166_1"": ""US"", ""name"": ""United States of America""}]","[{""english_name"": ""No Language"", ""iso_639_1"": ""xx"", ""name"": ""No Language""}]","[""US""]",null
167977,The Cost of Carelessness,The Cost of Carelessness,The Cost of Carelessness was commissioned by the Brooklyn Rapid Transit Company for its campaign to reduce trolley car accidents.,,Released,False,False,1913-01-01,14,0,0,0.0256,4.5,2,en,,tt1182263,,,[],"[{""id"": 13132, ""logo_path"": null, ""name"": ""Brooklyn Rapid Transit Company"", ""origin_country"": """"}, {""id"": 13133, ""logo_path"": null, ""name"": ""Universal Film Manufacturing Company"", ""origin_country"": ""US""}]","[{""iso_3166_1"": ""US"", ""name"": ""United States of America""}]",[],"[""US""]",null
167979,The Locker 2,渋谷怪談2,"Seconds before Reika (from the first movie) dies, she gives the key to a coin locker to her pupil Ayano. After a hunt for the right coin locker, Ayano finally finds the right one but she soon realizes that some things should be left alone. When some other students at her school finds the coin locker, the curse begins once again. The long haired girl is once again out to get anyone who's opened the coin locker.",a sequel to the most terrifying Japanese legend comes alive!,Released,False,False,2004-02-07,71,0,0,1.4736,4.5,15,ja,,tt0470536,/IcNgcoQLOrsdIODklsTcmq5cWJ.jpg,/m3ryZgEtRVRUiXvg9nHFZBpunpq.jpg,"[{""id"": 27, ""name"": ""Horror""}, {""id"": 53, ""name"": ""Thriller""}]","[{""id"": 3362, ""logo_path"": ""/mGMVj7tbY41dNXK00X58CQpxbPs.png"", ""name"": ""Geneon Entertainment"", ""origin_country"": ""JP""}]","[{""iso_3166_1"": ""JP"", ""name"": ""Japan""}]","[{""english_name"": ""Japanese"", ""iso_639_1"": ""ja"", ""name"": ""\u65e5\u672c\u8a9e""}]","[""JP""]","{""id"": 747484, ""name"": ""The Locker Collection"", ""poster_path"": ""/iQJTOLkHwBkXWHedY0TuJrHeZ8s.jpg"", ""backdrop_path"": null}"
167980,Meine Tochter - Deine Tochter,Meine Tochter - Deine Tochter,"Dr. Oskar Sommer, a good-natured high school teacher, takes on a momentous task for the school janitor, also named Oskar Sommer: he is to play the role of the janitor's daughter's father for a few days. Since the real father has not been seen for 15 years and has pretended to be a teacher in his letters, the two Sommers promptly pick up the wrong person at the train station.",,Released,False,False,1972-07-20,86,0,0,0.4171,3.5,2,de,,tt0068932,/gWOurb3YrmcWhmqhPIwX4hzulz3.jpg,/40zYwzLlqCmAaMXjIrExJxGQS2W.jpg,"[{""id"": 35, ""name"": ""Comedy""}]","[{""id"": 11901, ""logo_path"": null, ""name"": ""Divina-Film"", ""origin_country"": ""DE""}, {""id"": 10437, ""logo_path"": null, ""name"": ""Lisa Film"", ""origin_country"": ""DE""}]","[{""iso_3166_1"": ""DE"", ""name"": ""Germany""}]","[{""english_name"": ""German"", ""iso_639_1"": ""de"", ""name"": ""Deutsch""}]","[""DE""]",null
167981,Death of a Mars Rover,Death of a Mars Rover,Following the story of the Spirit and Discovery Mars rovers and their very different fates.,,Released,False,False,2011-06-02,45,200000,0,0.0493,7.0,1,en,http://natgeotv.com,tt2525508,,,"[{""id"": 99, ""name"": ""Documentary""}]","[{""id"": 149971, ""logo_path"": null, ""name"": ""MDTV Productions"", ""origin_country"": """"}]",[],[],"[""US""]",null
167983,Buddies,Colegas,"A road movie that shows the simple things in life in a poetic light through the eyes of three young people with Down syndrome, who love movies and work at the video library of the institution where they have always lived in. One day, inspired by the movie ""Thelma & Louise"", they decide to run away using the gardener's old car to have a freedom experience. They travel to uncommon places in search for three simple wishes: Stalone wants to see the sea, Aninha looks for a husband and Marcio needs to fly. During this search, they embark on several adventures as if life was just a children's play",,Released,False,False,2013-03-01,94,2511000,0,0.5,6.8,47,pt,,tt1179259,/kXpDufZOS9Ut3wxXOYGotwpsHzs.jpg,/mM3YQ8PrizOvc1RBaaSJhbtRWSM.jpg,"[{""id"": 18, ""name"": ""Drama""}, {""id"": 35, ""name"": ""Comedy""}, {""id"": 12, ""name"": ""Adventure""}]","[{""id"": 13134, ""logo_path"": ""/6wWHWmfc0iIpDVBy34pd6Q72B3G.png"", ""name"": ""Gatacine"", ""origin_country"": ""BR""}]","[{""iso_3166_1"": ""BR"", ""name"": ""Brazil""}]","[{""english_name"": ""Portuguese"", ""iso_639_1"": ""pt"", ""name"": ""Portugu\u00eas""}]","[""BR""]","{""id"": 1589244, ""name"": ""Cole\u00e7\u00e3o: Colegas"", ""poster_path"": null, ""backdrop_path"": null}"
167986,Schweik's Years of Indiscretion,Schwejks Flegeljahre,"Shortly before the First World War, the son of a Prague butcher is called up for military service in the Austro-Hungarian Army of Emperor Franz Joseph, proving to be a very incompetent recruit.",,Released,False,False,1964-01-16,92,0,0,0.3923,7.2,4,de,,tt0057478,/icIouvHaNXCMFXQEiyd3f2W0xL7.jpg,/bbKd115YxeaqkwgvgnXIGbQ7EcQ.jpg,"[{""id"": 35, ""name"": ""Comedy""}]","[{""id"": 11900, ""logo_path"": null, ""name"": ""Sascha-Film Produktions GmbH"", ""origin_country"": ""AT""}]","[{""iso_3166_1"": ""AT"", ""name"": ""Austria""}]","[{""english_name"": ""German"", ""iso_639_1"": ""de"", ""name"": ""Deutsch""}]","[""AT"", ""DE""]",null
167987,Headstand,Kopfstand,A misunderstood youth is incorrectly placed in a mental hospital.,,Released,False,False,1982-01-01,102,0,0,0.349,6.5,10,de,,tt1754024,/kzjJXduSccz41hRWRxc59eZB3HY.jpg,/hNasO8MsMNQ9Ndp4DEPMPNTNjUr.jpg,"[{""id"": 18, ""name"": ""Drama""}]","[{""id"": 141122, ""logo_path"": null, ""name"": ""Herbert Koller"", ""origin_country"": ""AT""}]","[{""iso_3166_1"": ""AT"", ""name"": ""Austria""}]","[{""english_name"": ""German"", ""iso_639_1"": ""de"", ""name"": ""Deutsch""}]","[""DE"", ""AT""]",null
167989,Hitlers Hidden Holocaust,Hitlers Hidden Holocaust,"National Geographic Channel (NGC) journeys back to Nazi Europe to tell the story of Hitler's Hidden Holocaust -- the killing frenzy of Hitler's extermination brigades, known as the Einsatzgruppen or ""action groups."" Woven together with harrowing testimonials from survivors, witnesses and experts, this one-hour special presents in chilling detail -- with photographic evidence and rare video footage - how Nazi soldiers planned, documented and committed these horrific crimes. It was the same routine: Go into a town, round up Jewish families, take them to a ditch and shoot them, often in front of curious spectators.",,Released,False,False,2009-07-31,0,0,0,0.0261,7.0,1,en,,,/kmy9yHzenCVG7ODDmzCjeXQKyXE.jpg,/zbjuaKPh3auzsDjHnGjcquZJOJt.jpg,"[{""id"": 99, ""name"": ""Documentary""}, {""id"": 36, ""name"": ""History""}, {""id"": 10752, ""name"": ""War""}]",[],[],"[{""english_name"": ""English"", ""iso_639_1"": ""en"", ""name"": ""English""}, {""english_name"": ""German"", ""iso_639_1"": ""de"", ""name"": ""Deutsch""}]","[""US""]",null
167990,Unser Doktor ist der Beste,Unser Doktor ist der Beste,"The nurse Loni helps the young pediatrician Lennie Sommer to fight against the plans of the head of the clinic, who wants to close the children's ward. She also gets to know the charming pediatrician in private.",,Released,False,False,1969-07-22,89,0,0,0.4848,5.8,6,de,,tt0065156,/mZtfArNp97JAfogIwFsKO7GGfUf.jpg,/7wBb5SVShbI6fyyyOaWEiOUl0pY.jpg,"[{""id"": 35, ""name"": ""Comedy""}]","[{""id"": 11901, ""logo_path"": null, ""name"": ""Divina-Film"", ""origin_country"": ""DE""}, {""id"": 10437, ""logo_path"": null, ""name"": ""Lisa Film"", ""origin_country"": ""DE""}]","[{""iso_3166_1"": ""DE"", ""name"": ""Germany""}]","[{""english_name"": ""German"", ""iso_639_1"": ""de"", ""name"": ""Deutsch""}]","[""DE""]",null
167991,Unsere Pauker gehen in die Luft,Unsere Pauker gehen in die Luft,"In Hamburg, the general manager of Merkur Insurance is full of praise for his top-selling agent, Harry Weber. As a reward for his services, he grants him his heart's desire: a pilot's license. Naturally, the flight school is located in an idyllic small town that the insurance company hasn't yet developed. The head of the Bergen Gymnasium located there is Oskar Weber, Harry's twin brother, whom he lost touch with 20 years ago. Everyone now considers Harry the strict headmaster, and who would refuse him the good advice to sign a contract with Merkur? Until the two brothers finally come face to face, they trigger the most confusing situations, which culminate in a joyful happy ending with a lap of honor followed by a crash landing.",,Released,False,False,1970-09-24,96,0,0,0.4822,4.9,5,de,,tt0066507,/oMLZlWqj1mqKyJ9vQWeyYuxbUaz.jpg,/i2hLc8llByaymvbO6xfuBzQgLWT.jpg,"[{""id"": 10402, ""name"": ""Music""}, {""id"": 35, ""name"": ""Comedy""}]","[{""id"": 11901, ""logo_path"": null, ""name"": ""Divina-Film"", ""origin_country"": ""DE""}, {""id"": 10437, ""logo_path"": null, ""name"": ""Lisa Film"", ""origin_country"": ""DE""}]","[{""iso_3166_1"": ""AT"", ""name"": ""Austria""}]","[{""english_name"": ""German"", ""iso_639_1"": ""de"", ""name"": ""Deutsch""}]","[""AT"", ""DE""]",null
167992,Butch Harmon About Golf,Butch Harmon About Golf,"Butch Harmon - About Golf DVD Set World's greatest teacher shares a lifetime of knowledge with you! There probably is not another golf instructor in the world that has the EYE that Butch has in seeing the strong and weak part of any player's golf swing. He is TOUGH and very disciplined. He will not try to change your golf swing, just improve it. Fred Couples Butch Harmon - About Golf DVD Set features: 2 DVD's with more than 4 hours of content SECTION 1: Ball Striking, Basic Fundamentals SECTION 2: Faults, Cures &amp; Drills SECTION 3: Specialty Shots SECTION 4: Short Game SECTION 5: Sand Play SECTION 6: Putting SECTION 7: From Good to Great SECTION 8: Selecting Correct Clubs SECTION 9: Fitness in Golf SECTION 10: Kids/Women/Seniors Instruction Booklet Video featuring Tiger Woods, Phil Mickelson and many more golf superstars A portion of the proceeds goes to the Troops First Foundation About Golf DVD Set... BUTCH PRODUCES WINNERS!",,Released,False,False,2012-05-01,0,0,0,0.132,0.0,0,en,,,/wHizWhwRYxVtE5Z6fm3cFCZ3YEc.jpg,,[],[],[],[],"[""US""]",null
167994,Ghetto Fights 2,Ghetto Fights 2,"This follow-up to the most brutal street fighting video ever packs an even bigger punch than the original. Caught on tape in the meanest streets across the country, these fights are cringe-worthy and totally real. The streets are a battleground where gangstas compete for respect, while crazy girls get totally freaky. Including bare-knuckle beatings, chick fights, and utter mayhem, this is the hardest-hitting, most raw, uncensored fare around, all set to a hot hip hop soundtrack.",,Released,False,False,2005-05-31,0,0,0,0.0071,0.0,0,en,,,/5k5IUh9NL7llhEgCabwooXdAsQd.jpg,,[],[],[],[],"[""US""]",null
167995,Phil Mickelson : Secrets of the Short Game,Phil Mickelson : Secrets of the Short Game,"Phil Mickelson, winner of 34 PGA Tour events, teams with Emmy Award-winning producer-director Terry Jastrow for Secrets of the Short Game, a two-disc DVD focusing on all shots played from 50 yards. ""The goal here,"" says Mickelson, ""is to help golfers build a foundation so that their practice time directly correlates to improved scoring on the golf course."" The DVD set includes sections on putting, chipping, sand shots, and the flop shot Mickelson popularized soon after he joined the PGA Tour in 1992. Two discs focusing on the short game of golf: Features interactive menus and scene selection.",,Released,False,False,2009-05-01,105,0,0,0.1582,0.0,0,en,,,/gQDL3FxtdQLuDL2D0Q44d4Eojfy.jpg,/bn69XbGj9ksjVvFHrFHFoJR6LdN.jpg,[],[],[],"[{""english_name"": ""German"", ""iso_639_1"": ""de"", ""name"": ""Deutsch""}, {""english_name"": ""English"", ""iso_639_1"": ""en"", ""name"": ""English""}]","[""US""]",null
167996,When the Mad Aunts Arrive,Wenn die tollen Tanten kommen,,,Released,False,False,1970-08-06,95,0,0,1.0114,4.2,9,de,,tt0066556,/bJPdyHg0IthEKV0KvSCBFFZrs27.jpg,/mnoXocz0t8VsDfxEhuUMzbLWIwm.jpg,"[{""id"": 35, ""name"": ""Comedy""}, {""id"": 10402, ""name"": ""Music""}]","[{""id"": 11901, ""logo_path"": null, ""name"": ""Divina-Film"", ""origin_country"": ""DE""}, {""id"": 10437, ""logo_path"": null, ""name"": ""Lisa Film"", ""origin_country"": ""DE""}]","[{""iso_3166_1"": ""DE"", ""name"": ""Germany""}]","[{""english_name"": ""German"", ""iso_639_1"": ""de"", ""name"": ""Deutsch""}]","[""DE""]","{""id"": 168004, ""name"": ""Die tolle Tanten Reihe"", ""poster_path"": ""/1ehBh5bYVYXSdMfyrQo96czPErv.jpg"", ""backdrop_path"": ""/8AZrzoZI0PS89affeDGQVSUxDng.jpg""}"
167998,Tom Watson Lessons of a Lifetime,Tom Watson Lessons of a Lifetime,"In an April 2012 survey with 1,500 buyer responses, 88% said the DVD set had improved their game, 79% rated the DVDs as excellent (and 19% as good) and 71% rated the DVDs as the best instruction program they had ever seen.",,Released,False,False,2010-05-01,163,0,0,0.0,0.0,0,en,,,/fCAdpE9lEPJDk9V9uX7uGK391zO.jpg,,[],[],[],[],"[""US""]",null
168003,Watch Me,Watch Me,A struggling photographer makes an amazing discovery when a new tenant in his building starts to behave strangely. Paul the landlord and photographer lives with his girlfriend Samantha. A new tenant hopeful named Elise shows up and Paul is somewhat attracted to her from the start. As time wears on Elise starts watching and seeing things with her telescope from her window. Little does she know that while she is a peeping tom someone else is watching her... Watching her every move.,If you think you've seen it all...,Released,False,False,1995-01-01,87,0,0,0.7875,3.6,9,en,,tt0118124,/z4jUcZ87YUygtbcW6TkIBmnpxAZ.jpg,,"[{""id"": 10749, ""name"": ""Romance""}]","[{""id"": 42530, ""logo_path"": null, ""name"": ""Cameo Films Inc."", ""origin_country"": ""US""}]","[{""iso_3166_1"": ""US"", ""name"": ""United States of America""}]","[{""english_name"": ""English"", ""iso_639_1"": ""en"", ""name"": ""English""}]","[""US""]",null
168007,Wenn du bei mir bist,Wenn du bei mir bist,,,Released,False,False,1970-08-14,101,0,0,1.056,4.0,2,de,,tt0066557,/2R9s7SWWHu3MKbpZH0uiKkuFlz3.jpg,,"[{""id"": 10749, ""name"": ""Romance""}, {""id"": 35, ""name"": ""Comedy""}, {""id"": 10402, ""name"": ""Music""}]","[{""id"": 2013, ""logo_path"": null, ""name"": ""Divina-Film"", ""origin_country"": ""DE""}, {""id"": 10437, ""logo_path"": null, ""name"": ""Lisa Film"", ""origin_country"": ""DE""}]","[{""iso_3166_1"": ""DE"", ""name"": ""Germany""}]","[{""english_name"": ""German"", ""iso_639_1"": ""de"", ""name"": ""Deutsch""}]","[""DE""]",null
168008,Wenn mein Schätzchen auf die Pauke haut,Wenn mein Schätzchen auf die Pauke haut,"The composer Kristian Wernher is supposed to transport uranium-containing rock samples from Brazil to Austria, specifically to Lake Wörthersee, for his father, the head of “Internationale Berg AG”. Everything is carried out in the strictest secrecy, but soon two agents are after Kristian. But that is not his biggest problem. An unpleasant surprise awaits Kristian at the delivery point.",,Released,False,False,1971-08-19,87,0,0,0.3626,3.5,2,de,,tt0067970,/pLrzra4SWuUCUpLSoulTFmsdhM6.jpg,/4b7Ekh8rJixvTJvZKVYW1KFngi4.jpg,"[{""id"": 35, ""name"": ""Comedy""}]","[{""id"": 11901, ""logo_path"": null, ""name"": ""Divina-Film"", ""origin_country"": ""DE""}, {""id"": 10437, ""logo_path"": null, ""name"": ""Lisa Film"", ""origin_country"": ""DE""}]","[{""iso_3166_1"": ""AT"", ""name"": ""Austria""}]","[{""english_name"": ""German"", ""iso_639_1"": ""de"", ""name"": ""Deutsch""}]","[""AT"", ""DE""]",null
168009,Conducting Dario Argento's 'Opera',Conducting Dario Argento's 'Opera',"This documentary is featured on the Limited Edition DVD for Opera, released in 2001.",,Released,False,False,2001-09-17,36,0,0,0.637,6.8,4,en,,tt0443961,/xF8DsCJQ6iy1jl1zd85ZKEoZ5wX.jpg,,"[{""id"": 99, ""name"": ""Documentary""}]","[{""id"": 16839, ""logo_path"": ""/wxIDEXG8COFTlY96jbgrIEgKQb3.png"", ""name"": ""Anchor Bay Entertainment"", ""origin_country"": ""US""}]","[{""iso_3166_1"": ""US"", ""name"": ""United States of America""}]","[{""english_name"": ""English"", ""iso_639_1"": ""en"", ""name"": ""English""}, {""english_name"": ""Italian"", ""iso_639_1"": ""it"", ""name"": ""Italiano""}]","[""US""]",null
168012,What's Cookin' Doc?,What's Cookin' Doc?,"At the Academy Awards ceremony, Bugs Bunny tries to convince the audience that he deserves the Oscar. Opens with live action scenes of Hollywood.",,Released,False,False,1944-01-08,8,0,0,0.1678,5.8,13,en,,tt0037457,/dtWEJXAHgZYAmBwO0nEqH7E2MD9.jpg,/3fYK5I9PiulZOG7zs751wauD0Cj.jpg,"[{""id"": 16, ""name"": ""Animation""}, {""id"": 35, ""name"": ""Comedy""}]","[{""id"": 174, ""logo_path"": ""/zhD3hhtKB5qyv7ZeL4uLpNxgMVU.png"", ""name"": ""Warner Bros. Pictures"", ""origin_country"": ""US""}, {""id"": 134798, ""logo_path"": null, ""name"": ""Leon Schlesinger Productions"", ""origin_country"": ""US""}]","[{""iso_3166_1"": ""US"", ""name"": ""United States of America""}]","[{""english_name"": ""English"", ""iso_639_1"": ""en"", ""name"": ""English""}]","[""US""]",null
168014,The Virgin Wife,The Virgin Wife,"Paula (Piel) lives under a curse that any man who will marry her will die on her wedding day. She grew up with three childhood friends: Steve, a businessman; Jason, a police reporter; and Norman, a police detective. She married all of them and they all died. Now she is offered another wedding proposal",,Released,False,False,2001-02-07,0,0,0,0.0805,0.0,0,en,,tt0376962,/8eKQ2xxGFzttiQPwSfsW1rg6Vvt.jpg,,[],[],"[{""iso_3166_1"": ""PH"", ""name"": ""Philippines""}]","[{""english_name"": ""Tagalog"", ""iso_639_1"": ""tl"", ""name"": """"}, {""english_name"": ""English"", ""iso_639_1"": ""en"", ""name"": ""English""}]","[""US""]",null
168017,Little Buck Cheeser,Little Buck Cheeser,"Little Cheeser and his friends, inspired by Buck Rogers (and visions of cheese), build a rocket ship and fly to the moon.",,Released,False,False,1937-12-18,8,0,0,0.278,5.6,5,en,,tt0029148,/bGNeJISxpfXUXPJXzBJX3hA98bq.jpg,/gTSxIWgKepVThG1fYn4XSpVMq6B.jpg,"[{""id"": 16, ""name"": ""Animation""}, {""id"": 10751, ""name"": ""Family""}]","[{""id"": 106840, ""logo_path"": null, ""name"": ""Harman-Ising Productions"", ""origin_country"": ""US""}]","[{""iso_3166_1"": ""US"", ""name"": ""United States of America""}]","[{""english_name"": ""English"", ""iso_639_1"": ""en"", ""name"": ""English""}]","[""US""]",null
168018,Sandy Claws,Sandy Claws,"Tweety Bird goes to the beach with Granny, and Sylvester tries once again to catch him.",,Released,False,False,1955-04-02,7,0,0,0.4141,6.5,17,en,,tt0048581,/eLR7LJkOuBuxJviZgE2z1IGIGJK.jpg,/Aau1j0tD2vlOi3ebS3oC5QBfG3w.jpg,"[{""id"": 16, ""name"": ""Animation""}, {""id"": 35, ""name"": ""Comedy""}]","[{""id"": 174, ""logo_path"": ""/zhD3hhtKB5qyv7ZeL4uLpNxgMVU.png"", ""name"": ""Warner Bros. Pictures"", ""origin_country"": ""US""}, {""id"": 8298, ""logo_path"": ""/r6cuEYq7DqrHCNVa7vSanTS0cuw.png"", ""name"": ""Warner Bros. Cartoons"", ""origin_country"": ""US""}]","[{""iso_3166_1"": ""US"", ""name"": ""United States of America""}]","[{""english_name"": ""English"", ""iso_639_1"": ""en"", ""name"": ""English""}]","[""US""]",null
168020,Fourplay,Fourplay,A feature anthology of short tales of sexual intimacy set in four American cities.,,Released,False,False,2013-02-08,80,0,0,0.2779,1.0,2,en,,tt2076205,/h2xvvNpoHf2t6RIBdX7lWNdNPNc.jpg,/lXvMem4YU5PtLlKqsaezF2nWjVI.jpg,"[{""id"": 35, ""name"": ""Comedy""}, {""id"": 18, ""name"": ""Drama""}, {""id"": 10749, ""name"": ""Romance""}]",[],"[{""iso_3166_1"": ""US"", ""name"": ""United States of America""}]",[],"[""US""]",null
168022,Monster Pies,Monster Pies,"Mike has felt alienated and alone for as long as he can remember, until a new boy arrives at his school - awakening feelings and a world of possibilities he'd never before dared to dream of.",Sometimes opposites don't attract.,Released,False,False,2013-04-10,85,0,0,0.7194,5.6,49,en,https://www.tlavideo.com/videos/1742910/monster-pies,tt2379082,/lF07V5QGGyOUSLOvibg8ESposXo.jpg,/fDuB3PR7LDsqEQXD5dRKTODaQR6.jpg,"[{""id"": 18, ""name"": ""Drama""}, {""id"": 10749, ""name"": ""Romance""}]","[{""id"": 18262, ""logo_path"": null, ""name"": ""Indie Melbourne Productions"", ""origin_country"": ""AU""}]","[{""iso_3166_1"": ""AU"", ""name"": ""Australia""}]","[{""english_name"": ""English"", ""iso_639_1"": ""en"", ""name"": ""English""}]","[""AU"", ""US""]",null
168023,Os 3 Porquinhos - Rexmore,Os 3 Porquinhos - Rexmore,,,Released,False,False,,0,0,0,0.0071,5.0,1,pt,,,,,[],[],[],[],"[""PT""]",null
168025,Mr Ya Miss,Mr Ya Miss,"When a womanizer is accidentally struck dead by one of his many girlfriends, he is given a second chance - he is reincarnated as a WOMAN. This isn't a second chance, this is a punishment!",,Released,False,False,2005-12-02,136,0,0,0.6415,5.8,5,hi,,tt0456549,/eIO43xUoa7kwRwPHq5GA34h2Om9.jpg,/kvxDW3DK0mBGoN31njUItcdkHrb.jpg,"[{""id"": 35, ""name"": ""Comedy""}]","[{""id"": 105334, ""logo_path"": null, ""name"": ""Horseshoe Pictures"", ""origin_country"": ""IN""}, {""id"": 17362, ""logo_path"": null, ""name"": ""RGV Film Factory"", ""origin_country"": ""IN""}]","[{""iso_3166_1"": ""IN"", ""name"": ""India""}]","[{""english_name"": ""Hindi"", ""iso_639_1"": ""hi"", ""name"": ""\u0939\u093f\u0928\u094d\u0926\u0940""}]","[""IN""]",null
168026,Ah Boys To Men,新兵正传,A privileged and impulsive young man attempts to escape mandatory service in his nation's army so he could study abroad with his girlfriend.,The 'keng' evolution of an 'Ah Boy' to a man.,Released,False,False,2012-11-07,108,3000000,6180000,0.5943,6.1,16,en,,tt2525596,/cso0EZqX0mKwpkSukXP8FenFhty.jpg,/lD05yVINi9xtCiqd4onNneXEw5O.jpg,"[{""id"": 35, ""name"": ""Comedy""}]","[{""id"": 7711, ""logo_path"": ""/wfiLrPKpshzXdHEjla1djtjgpo7.png"", ""name"": ""Clover Films"", ""origin_country"": ""SG""}, {""id"": 18443, ""logo_path"": ""/uNY4Mg2vHAhAYwoh5l8wdkBHegm.png"", ""name"": ""J Team Productions"", ""origin_country"": ""SG""}]","[{""iso_3166_1"": ""SG"", ""name"": ""Singapore""}]","[{""english_name"": ""Mandarin"", ""iso_639_1"": ""zh"", ""name"": ""\u666e\u901a\u8bdd""}, {""english_name"": ""English"", ""iso_639_1"": ""en"", ""name"": ""English""}]","[""SG"", ""US""]","{""id"": 521291, ""name"": ""Ah Boys to Men Collection"", ""poster_path"": ""/b0M3aSw2kk0XXvKPGEOVS21OB82.jpg"", ""backdrop_path"": ""/a80IWOQS2GhIefE4uQfXHafrfE2.jpg""}"
168027,Freaky Deaky,Freaky Deaky,"Set in 1974, a pair of '60s radicals rely on their bomb-making skills on their way to becoming capitalists.",Crime is such a trippy thing,Released,False,False,2012-04-22,90,0,0,1.1048,5.1,65,en,,tt0938305,/1rMr42ppp05ikGgoJf1efx0ouJZ.jpg,/8ye8c0SnkHclA56tbkg5avnpb6W.jpg,"[{""id"": 35, ""name"": ""Comedy""}]","[{""id"": 52324, ""logo_path"": null, ""name"": ""The Matthau Company"", ""origin_country"": """"}, {""id"": 3120, ""logo_path"": null, ""name"": ""Final Cut Productions"", ""origin_country"": ""DK""}]","[{""iso_3166_1"": ""US"", ""name"": ""United States of America""}]","[{""english_name"": ""English"", ""iso_639_1"": ""en"", ""name"": ""English""}]","[""US""]",null
168028,Brian Eno:  Imaginary Landscapes,Brian Eno:  Imaginary Landscapes,"Here’s an interesting and extremely rare documentary from 1989, which features legendary producer and multimedia artist Brian Eno discussing his process and his thoughts on music in general.",,Released,False,False,1989-02-12,40,0,0,0.1942,5.9,5,en,,tt0376672,/tY5Gjr1Lilg7i8nWxc1OgB4bQUQ.jpg,,"[{""id"": 99, ""name"": ""Documentary""}, {""id"": 10402, ""name"": ""Music""}]",[],[],[],"[""US""]",null
168030,Run 2 U,Run 2 U,"In a thrilling story that mixes a love triangle with mob drama, RUN 2 U focuses on the lives of three troubled young people. Hiroshi, a club singer, finds himself in trouble with the Yakuza and decides to run to Korea, along with his friend Tsuyoshi. Upon their arrival, they meet alluring lounge singer Kyung. Hiroshi and Kyung's love of music draws them closer, but it also invokes tremendous jealously from Tsuyoshi. Eventually, the Yakuza closes in, leaving them to both save their lives and resolve their romantic feelings.",,Released,False,False,2003-05-30,92,0,0,0.6417,5.0,2,ko,,tt0355972,/1lngxvntMezMvgVO23KD4PbX7fZ.jpg,/kJk4rDdG5WvIaMk0aSerfuHP9x6.jpg,"[{""id"": 28, ""name"": ""Action""}]",[],"[{""iso_3166_1"": ""KR"", ""name"": ""South Korea""}]","[{""english_name"": ""Korean"", ""iso_639_1"": ""ko"", ""name"": ""\ud55c\uad6d\uc5b4/\uc870\uc120\ub9d0""}, {""english_name"": ""Japanese"", ""iso_639_1"": ""ja"", ""name"": ""\u65e5\u672c\u8a9e""}]","[""KR""]",null
168031,Café Metropole,Café Metropole,An American posing as a Russian prince woos a visiting Ohio heiress.,"The ""LOVE IS NEWS"" SWEETHEARTS play love's most exciting game!",Released,False,False,1937-04-28,84,0,0,0.8728,7.0,11,en,,tt0028676,/1CZE47RiUeqES6wqW1pMGzz8gGA.jpg,/8kQC3d8gDgKHDnkAFVMz4zGSlNW.jpg,"[{""id"": 35, ""name"": ""Comedy""}, {""id"": 18, ""name"": ""Drama""}]","[{""id"": 25, ""logo_path"": ""/qZCc1lty5FzX30aOCVRBLzaVmcp.png"", ""name"": ""20th Century Fox"", ""origin_country"": ""US""}]","[{""iso_3166_1"": ""US"", ""name"": ""United States of America""}]","[{""english_name"": ""English"", ""iso_639_1"": ""en"", ""name"": ""English""}, {""english_name"": ""French"", ""iso_639_1"": ""fr"", ""name"": ""Fran\u00e7ais""}, {""english_name"": ""Russian"", ""iso_639_1"": ""ru"", ""name"": ""P\u0443\u0441\u0441\u043a\u0438\u0439""}]","[""US""]",null
168032,Hanns Dieter Hüsch - Feine Komödien-Feine Tragödien,Hanns Dieter Hüsch - Feine Komödien-Feine Tragödien,,,Released,False,False,1991-06-01,0,0,0,0.0143,0.0,0,de,,,/xmUAQjqLlkWdrJqpzv3wvEshbhT.jpg,,[],[],[],"[{""english_name"": ""German"", ""iso_639_1"": ""de"", ""name"": ""Deutsch""}]","[""DE""]",null
168033,The Virgin of Liverpool,The Virgin of Liverpool,"In Liverpool, Joanne Conlon rescues a weeping statue of the Virgin Mary from her local church's replacement plans. As her family faces financial struggles and newfound success, the statue's tears return, turning their lives upside down and drawing crowds from near and far to witness the miraculous phenomenon.","She needed a home, they needed a miracle",Released,False,False,2003-03-15,87,0,0,0.8788,2.3,3,en,,tt0368412,/nd3wStzjpo9H9J0dIioisplKmt3.jpg,,"[{""id"": 35, ""name"": ""Comedy""}, {""id"": 12, ""name"": ""Adventure""}, {""id"": 10751, ""name"": ""Family""}]","[{""id"": 830, ""logo_path"": ""/mYga54mrt5n4GUUcJxE6DmR2FKv.png"", ""name"": ""Senator International"", ""origin_country"": ""US""}, {""id"": 201377, ""logo_path"": null, ""name"": ""Mob Film Production"", ""origin_country"": """"}, {""id"": 191, ""logo_path"": ""/5Cz9SVf733VhCvKpaivl1jlAXAK.png"", ""name"": ""Senator Film"", ""origin_country"": ""DE""}, {""id"": 201378, ""logo_path"": null, ""name"": ""GmbH production"", ""origin_country"": """"}]","[{""iso_3166_1"": ""GB"", ""name"": ""United Kingdom""}]","[{""english_name"": ""English"", ""iso_639_1"": ""en"", ""name"": ""English""}]","[""DE"", ""GB""]",null
168034,Hanns Dieter Hüsch - Behagliche Kritik mit Unbehagen,Hanns Dieter Hüsch - Behagliche Kritik mit Unbehagen,,,Released,False,False,1973-01-01,0,0,0,0.0362,0.0,0,de,,,,,[],[],[],"[{""english_name"": ""German"", ""iso_639_1"": ""de"", ""name"": ""Deutsch""}]","[""DE""]",null
168035,Hanns Dieter Hüsch - Und sie bewegt mich doch,Hanns Dieter Hüsch - Und sie bewegt mich doch,,,Released,False,True,2005-09-18,0,0,0,0.0143,0.0,0,de,,,,/5UxMSLvT9kIRnWwtMyQvHsz8viT.jpg,[],[],[],"[{""english_name"": ""German"", ""iso_639_1"": ""de"", ""name"": ""Deutsch""}]","[""DE""]",null
168036,Hanns Dieter Hüsch - Das neue Programm,Hanns Dieter Hüsch - Das neue Programm,,,Released,False,True,1982-01-01,0,0,0,0.0143,0.0,0,de,,,,,[],[],[],[],"[""DE""]",null
168037,Drawn in Blood,Drawn in Blood,"What do you do when love turns into suspicion and mourning turns to fear? When Marian gets word that her brother Michael has committed suicide, she travels to Berlin to sort out his life. Marian reunites with her childhood friend Susanne who offers to help her pack up Michael s things. Together, they find unnerving photographs and clues that something might not be right. Written by Anonymous",,Released,False,False,2006-12-30,0,0,0,0.2156,4.7,6,de,,tt0454814,/3UjmheF29TLPvb5qpLgDChdreQt.jpg,/quF7EGZwvKX5zIWYuY7VasYpqTy.jpg,"[{""id"": 53, ""name"": ""Thriller""}, {""id"": 18, ""name"": ""Drama""}, {""id"": 9648, ""name"": ""Mystery""}]",[],"[{""iso_3166_1"": ""DE"", ""name"": ""Germany""}]",[],"[""DE""]",null
168040,Holy Cow,Porca vacca,When a stage artist is send to fight he met a lovely girl.,,Released,False,False,1982-09-23,94,0,0,0.4867,5.5,27,it,,tt0195153,/mFkjs5DDJCW7zzUoF3Dx6TFyPkW.jpg,/6uIc9Qw7xc2vBTrWEzT8Y9vrYtT.jpg,"[{""id"": 35, ""name"": ""Comedy""}]","[{""id"": 5051, ""logo_path"": null, ""name"": ""Faso Film"", ""origin_country"": ""IT""}]","[{""iso_3166_1"": ""IT"", ""name"": ""Italy""}]","[{""english_name"": ""Italian"", ""iso_639_1"": ""it"", ""name"": ""Italiano""}]","[""IT""]",null
168042,Money Shot,Money Shot,"When given keys to a mansion for the weekend, two friends decide to make a film but end up throwing a huge party and trashing the house. Now they race to get the ""money shot"" and finish their film to pay for all the damages done.",,Released,False,False,2012-12-11,90,0,0,0.4259,3.8,10,en,,tt1785280,/3Urqh3NbVSaFU4gTDQAyz49IvyB.jpg,/bYzZoq0rJgwbCAA8j2CdBxjpisY.jpg,"[{""id"": 35, ""name"": ""Comedy""}]","[{""id"": 94822, ""logo_path"": null, ""name"": ""A Palm Springs Joint"", ""origin_country"": """"}, {""id"": 9081, ""logo_path"": ""/hTVOTTyd3q5pDZffdtIURw8VMrd.png"", ""name"": ""Phase 4 Films"", ""origin_country"": ""CA""}]","[{""iso_3166_1"": ""US"", ""name"": ""United States of America""}]","[{""english_name"": ""English"", ""iso_639_1"": ""en"", ""name"": ""English""}]","[""US""]",null
168044,Echotone,Echotone,"Internationally known as 'The Live Music Capital of the World,' Austin's music culture has led it to become one of the world's most sought-after destinations. As nearly two dozen high-rises pop up throughout the city amidst an economic downfall, how does the working musician get along? This lyrical documentary provides a telescopic view into the lives of Austin's vibrant young musicians as they grapple with questions of artistic integrity, commercialism, experimentation, and the future of their beloved city. Echotone is a cultural portrait of the modern American city examined through the lyrics and lens of its creative class.",,Released,False,False,2010-12-09,90,0,0,0.1506,6.0,1,en,,tt1532946,/wt81FBsGkqGTWYgZvJRiImVZcZg.jpg,,[],[],[],[],"[""US""]",null
168045,To Please a Lady,To Please a Lady,"Mike Brannon is a former war hero turned midget car racer. His ruthless racing tactics have made him successful but the fans consider him a villain and boo him mercilessly. Independent, beautiful reporter Regina Forbes tries to interview him but is put off by his gruff chauvinism, and when Brannon's daredevil tactics cause the death of a fellow driver, he finds himself a pariah in the sport thanks to her articles. When she finds him earning money as a barnstorming daredevil driver hoping for a comeback, they begin to become mutually attracted.",CLARK GABLE - BARBARA STANWYCK - HE'S MISTER SPEED! SHE'S MISS SPITFIRE!,Released,False,False,1950-10-13,91,0,0,1.5236,6.3,13,en,,tt0043052,/aZ9uaQO3OVcFeLZ9n2pvKPU7MHX.jpg,/niPocyCFhwAvRdpgLuuMF0vVYN0.jpg,"[{""id"": 28, ""name"": ""Action""}, {""id"": 10749, ""name"": ""Romance""}]","[{""id"": 21, ""logo_path"": ""/usUnaYV6hQnlVAXP6r4HwrlLFPG.png"", ""name"": ""Metro-Goldwyn-Mayer"", ""origin_country"": ""US""}]","[{""iso_3166_1"": ""US"", ""name"": ""United States of America""}]","[{""english_name"": ""English"", ""iso_639_1"": ""en"", ""name"": ""English""}]","[""US""]",null
168051,Scatter My Ashes at Bergdorf's,Scatter My Ashes at Bergdorf's,It's the most mythic of all American emporiums - and the scene of many an ultimate fashion fantasy. Now audiences get a rarified chance to peek behind the backroom doors and into the reality of the fascinating inner workings and fabulous untold stories from Bergdorf Goodman's iconic history in Scatter My Ashes at Bergdorf's.,"If fashion had a home, this would be the address.",Released,False,False,2013-05-03,93,0,0,0.0355,6.1,15,en,,tt1893326,/sM3ubVKxaMo5vEuTkm3K0OeuHdw.jpg,/5dxQOaDw55l74fwvBYUfwQ9yXpv.jpg,"[{""id"": 99, ""name"": ""Documentary""}]",[],[],"[{""english_name"": ""English"", ""iso_639_1"": ""en"", ""name"": ""English""}, {""english_name"": ""Italian"", ""iso_639_1"": ""it"", ""name"": ""Italiano""}]","[""US""]",null
168054,A Fold in My Blanket,ჩემი საბნის ნაკეცი,"Dmitrij has recently returned to his small Georgian hometown after graduating from a university abroad. His monotonous days drag on, between working and the solitary rock-climbing excursions.",,Released,False,False,2013-02-07,73,0,0,0.5707,4.4,9,ka,,tt2186675,/q8miEU5kxcUDyQxGCHi2sUs2cef.jpg,/z0EPbsfT0koaaCIWc9aogZNJI7X.jpg,"[{""id"": 18, ""name"": ""Drama""}]","[{""id"": 101764, ""logo_path"": null, ""name"": ""Zazarfilm"", ""origin_country"": """"}]","[{""iso_3166_1"": ""GE"", ""name"": ""Georgia""}]","[{""english_name"": ""Georgian"", ""iso_639_1"": ""ka"", ""name"": ""\u10e5\u10d0\u10e0\u10d7\u10e3\u10da\u10d8""}]","[""GE""]",null
168055,Love Is in the Air,Amour & turbulences,"Antoine is a lawyer living in New York. On his way back to France for the final round of a job interview, Antoine finds himself sitting right next to his ex-girlfriend Julie. With a seven-hour flight ahead of them, they are going to have to speak to each other.",,Released,False,False,2013-04-02,96,0,7636,1.501,5.948,430,fr,,tt2298384,/46jTvszYJJMRXWQV8YISrJVUUi8.jpg,/mOzQklElA7ZBg3dSniCG7Npot7U.jpg,"[{""id"": 35, ""name"": ""Comedy""}, {""id"": 10749, ""name"": ""Romance""}]","[{""id"": 5726, ""logo_path"": ""/7AYU97zQGg3aV3sTiSV0NihOgXG.png"", ""name"": ""Universal Pictures International"", ""origin_country"": ""GB""}]","[{""iso_3166_1"": ""FR"", ""name"": ""France""}]","[{""english_name"": ""English"", ""iso_639_1"": ""en"", ""name"": ""English""}, {""english_name"": ""French"", ""iso_639_1"": ""fr"", ""name"": ""Fran\u00e7ais""}]","[""FR""]",null
168056,The Fjällbacka Murders: Friends for Life,Fjällbackamorden 2 - Vänner för livet,"The successful detective writer, Erica Falck, is thinking that her next book should be based on a true mysterious event from her childhood. When she was only 13 years old one of her dear friends and classmate Peter boarded a bus and then disappeared. Erica has been unable to let go of the tragic event and her first meeting with a real mystery. As she starts digging deeper into what really happened to Peter it seems as if she has awakened a sleeping beast. When Erica's only connection to Peter, his brother Ivan, who is on his way to see her, gets stabbed and murdered her mission becomes not only to solve the mystery about Peter but also to find out who killed Ivan. During a high school reunion party the heat builds up when Tina, Peter and Ivan's enigmatic sister, unexpectedly shows up and later at the party another murder is committed that leads Erica closer to the truth about what actually happened to the missing Peter.",,Released,False,False,2013-01-02,90,0,0,0.6615,6.0,20,sv,,tt2190252,/svmhm0QLK7rM2HAZOBYCOf3HQfI.jpg,/aT8sHtmWMp2ermwJaF9QcrwrAFn.jpg,"[{""id"": 80, ""name"": ""Crime""}, {""id"": 18, ""name"": ""Drama""}, {""id"": 9648, ""name"": ""Mystery""}, {""id"": 53, ""name"": ""Thriller""}]","[{""id"": 10356, ""logo_path"": ""/rzyqRbVf1hvGC56IQXC6HUSwZc8.png"", ""name"": ""Tre V\u00e4nner"", ""origin_country"": ""SE""}, {""id"": 2999, ""logo_path"": ""/zGSqFee9aDgDuLD6vcs2mcJUem4.png"", ""name"": ""SVT"", ""origin_country"": ""SE""}, {""id"": 2801, ""logo_path"": ""/bswb1PLLsKDUXMLgy42bZtCtIde.png"", ""name"": ""Film i V\u00e4st"", ""origin_country"": ""SE""}]","[{""iso_3166_1"": ""SE"", ""name"": ""Sweden""}]","[{""english_name"": ""Swedish"", ""iso_639_1"": ""sv"", ""name"": ""svenska""}]","[""SE""]","{""id"": 245326, ""name"": ""The Fj\u00e4llbacka Murders"", ""poster_path"": ""/q2ldSCwmdEUpfW4y4HuLpIhauV3.jpg"", ""backdrop_path"": ""/hGhTAKFSQfoT4kdpj031SDWdN6k.jpg""}"
168057,The Fjällbacka Murders: In the Eye of the Beholder,Fjällbackamorden 1 - I betraktarens öga,"Erica's sister Anna is visiting at the same time as the TV program ""Antiques cubed"" is in town to record at the castle in Fjällbacka. When Anna runs into the TV host for the show, Claes Wager, sparks quickly evolve into a flirt between the two of them. During preparation at the castle Anna is the one to find Linda Hamrin unconscious from an overdose of medicine. Both Erica and Patrik are dragged into the case when only a day later a man, Hasse Wennerman, is killed and the rumors of an affair that led to Linda's overdose spiral up into a big conflict. The old painting, Hasse Wennerman brought to the antique show, is also missing and when it is found among Annas belongings, Erica gets a hard time trying to prove her sisters innocence",,Released,False,False,2012-12-26,90,0,0,0.6722,5.5,22,sv,,tt2259268,/sClVrFrBkAYAXhr2T6H5ni24cRH.jpg,/aR6cY2WGXNkr8765b1kEpnQ8fIE.jpg,"[{""id"": 80, ""name"": ""Crime""}, {""id"": 53, ""name"": ""Thriller""}, {""id"": 9648, ""name"": ""Mystery""}, {""id"": 18, ""name"": ""Drama""}]","[{""id"": 10356, ""logo_path"": ""/rzyqRbVf1hvGC56IQXC6HUSwZc8.png"", ""name"": ""Tre V\u00e4nner"", ""origin_country"": ""SE""}, {""id"": 2999, ""logo_path"": ""/zGSqFee9aDgDuLD6vcs2mcJUem4.png"", ""name"": ""SVT"", ""origin_country"": ""SE""}, {""id"": 2801, ""logo_path"": ""/bswb1PLLsKDUXMLgy42bZtCtIde.png"", ""name"": ""Film i V\u00e4st"", ""origin_country"": ""SE""}]","[{""iso_3166_1"": ""SE"", ""name"": ""Sweden""}]","[{""english_name"": ""Swedish"", ""iso_639_1"": ""sv"", ""name"": ""svenska""}]","[""SE""]","{""id"": 245326, ""name"": ""The Fj\u00e4llbacka Murders"", ""poster_path"": ""/q2ldSCwmdEUpfW4y4HuLpIhauV3.jpg"", ""backdrop_path"": ""/hGhTAKFSQfoT4kdpj031SDWdN6k.jpg""}"
168059,Days of Forgiveness,Emilie Richards - Zeit der Vergebung,"Julianne returns to take over the vineyards of her ex-husband. The reunion between the two is tense, but the man has never stopped loving her ... and she don´t stopped to blame he for the death of her daughter.",,Released,False,False,2010-09-19,89,0,0,0.1816,4.3,3,de,,tt1718785,/9TWVb31sqeyXg3G5T6dwpKnsTdy.jpg,,[],[],[],"[{""english_name"": ""German"", ""iso_639_1"": ""de"", ""name"": ""Deutsch""}]","[""DE""]","{""id"": 135883, ""name"": ""Emilie Richards Collection"", ""poster_path"": null, ""backdrop_path"": null}"
168063,Inocentes,Inocentes,"TV miniseries of two episodes. Carla (Lucía Ramos), Sara (Paloma Bloyd) and Adriana (Aura Garrido) enjoy a birthday party without knowing it, hidden in a nearby pine forest, a mysterious young man with binoculars observes everything that happens during the evening, especially the making the three girls, who end up away from the group into the forest. Kidnapped by a dangerous international organization composed of unscrupulous men and veterans of the war in the Balkans linked to a prostitution ring, the three young girls will live the worst nightmare of his life.",,Released,False,False,2010-01-01,150,0,0,0.3388,0.0,0,es,,tt1483161,,,"[{""id"": 18, ""name"": ""Drama""}, {""id"": 80, ""name"": ""Crime""}]",[],"[{""iso_3166_1"": ""ES"", ""name"": ""Spain""}]","[{""english_name"": ""Spanish"", ""iso_639_1"": ""es"", ""name"": ""Espa\u00f1ol""}]","[""ES""]",null
168068,Play on,Play on,"A young, arrogant professional athlete chases fame and money in defiance of his legendary amateur, old school father.",,Released,False,False,2010-11-01,99,0,0,0.0143,0.0,0,en,,tt1345506,,,[],[],[],[],"[""US""]",null
168069,Madhumati,मधुमती,"Two men take shelter in a derelict mansion situated in the countryside during a storm. One of the men suddenly becomes aware that he once visited this mansion in a past life; he recounts a story about when he was Anand, a painter, who fell in love with a tribal girl named Madhumati.",,Released,False,False,1958-09-12,171,0,0,0.5134,6.8,12,hi,,tt0050665,/vrrQ69whukrcuuFi7Oo7PjBaJ2K.jpg,/6YKiSNSxatKGm1f4PhlimDOqKz1.jpg,"[{""id"": 18, ""name"": ""Drama""}, {""id"": 10749, ""name"": ""Romance""}, {""id"": 10402, ""name"": ""Music""}]","[{""id"": 80033, ""logo_path"": null, ""name"": ""Bimal Roy Productions"", ""origin_country"": ""IN""}]","[{""iso_3166_1"": ""IN"", ""name"": ""India""}]","[{""english_name"": ""Hindi"", ""iso_639_1"": ""hi"", ""name"": ""\u0939\u093f\u0928\u094d\u0926\u0940""}]","[""IN""]",null
168071,"Take Off Your Clothes, Doll","Zieh dich aus, Puppe","Tragedies and romances in the nightclub ""Moulin Rouge"".",,Released,False,False,1968-07-19,86,0,0,0.4017,3.4,5,de,,tt0063839,/6MffGu6oiaoWdkKpppMR9kKMd9e.jpg,,"[{""id"": 80, ""name"": ""Crime""}, {""id"": 18, ""name"": ""Drama""}]","[{""id"": 12730, ""logo_path"": null, ""name"": ""Top-Film"", ""origin_country"": ""DE""}]","[{""iso_3166_1"": ""DE"", ""name"": ""Germany""}]","[{""english_name"": ""German"", ""iso_639_1"": ""de"", ""name"": ""Deutsch""}]","[""DE""]",null
168075,"Here's to You, Mickey Mouse","Here's to You, Mickey Mouse",A look at the history of Mickey Mouse as part of his 60th birthday.,,Released,False,True,1988-11-18,0,0,0,0.0256,6.4,5,en,,tt2393819,/78XXPAHyxPq5OCdB65BR8iGJGGe.jpg,,[],"[{""id"": 11200, ""logo_path"": ""/91DFuURub2fYqduG34njd0cUvWj.png"", ""name"": ""Buena Vista Home Entertainment"", ""origin_country"": ""US""}]","[{""iso_3166_1"": ""US"", ""name"": ""United States of America""}]","[{""english_name"": ""English"", ""iso_639_1"": ""en"", ""name"": ""English""}]","[""US""]",null
168079,Cold Sweat,Cold Sweat,"Mark Cahill is a good family man with a loving wife and two wonderful children. Mark also happens to be a hit man who is haunted by his last victim, a blonde, who keeps appearing in his bedroom at the worst of times. His life becomes even more complicated when he becomes caught up in the schemes of two business partners, one of the partner's spouse and her boyfriend(s).","Cold blooded murder, hot blooded passion... An erotic thriller that will make you sweat!",Released,False,False,1993-05-07,93,0,0,1.3124,4.722,27,en,,tt0106586,/iWimRHUxgLy3sLiu75CXr36moo9.jpg,/nJ5YlDWexzbPLhGKcVNgHUwGQhF.jpg,"[{""id"": 53, ""name"": ""Thriller""}]","[{""id"": 16953, ""logo_path"": null, ""name"": ""Norstar Entertainment"", ""origin_country"": ""CA""}, {""id"": 36189, ""logo_path"": null, ""name"": ""First Choice Canadian Communication Corporation"", ""origin_country"": """"}, {""id"": 808, ""logo_path"": ""/4L1apH72jCx6Z5qyH7UOJUDlRoF.png"", ""name"": ""The Movie Network"", ""origin_country"": ""CA""}]","[{""iso_3166_1"": ""CA"", ""name"": ""Canada""}]","[{""english_name"": ""English"", ""iso_639_1"": ""en"", ""name"": ""English""}]","[""CA""]",null
168081,The Children's War,The Children's War,"A lost generation of Ugandan youth is the result of a 24 year long civil war, where a vicious rebel army leads a massive and coldly systematic child abduction machine.",,Released,False,False,2010-01-01,64,0,0,0.0143,0.0,0,en,,tt1149293,,,"[{""id"": 10752, ""name"": ""War""}, {""id"": 99, ""name"": ""Documentary""}]","[{""id"": 99728, ""logo_path"": null, ""name"": ""Rare World Features"", ""origin_country"": """"}]","[{""iso_3166_1"": ""US"", ""name"": ""United States of America""}]","[{""english_name"": ""English"", ""iso_639_1"": ""en"", ""name"": ""English""}]","[""US""]",null
168082,Mysteries of Angel and Demons,Mysteries of Angel and Demons,"Is the world we can see the only one? Do unseen beings lurk around us? Theologians and experts on the occult examine these ideas in this intriguing look at demons, angels and alternate planes of existence: the core of religions around the world. The program explores the secret powers that may guide human thought and actions and presents chronicles of real people and their mystical experiences with these unknown forces.",,Released,False,False,2008-05-01,75,0,0,0.0214,2.0,1,en,,tt1430821,,,"[{""id"": 99, ""name"": ""Documentary""}]",[],[],[],"[""US""]",null
168086,Tausend Augen,Tausend Augen,"Hamburg student Gabriele constantly dreams of her boyfriend in Australia. The reality is different, because while she sits in lecture halls during the day, she is a dancer in a peep show at night. The place is run by the mysterious Arnold, who not only has his eye on Gabriele, but is also carrying around a secret that he soon lets Gabriele in on: his strip joint is just a pretext for a much more lucrative business, in which a certain Mrs. Lohmann is pulling the strings. Her boss Arnold, with whom she is having an affair, is doing dirty business. He is threatened by a killer because he wants out.",,Released,False,False,1984-05-13,92,0,0,0.9694,5.0,3,de,,tt0088240,/9BC3iGMOwMeEWlLxu0E9xK8pBgP.jpg,,"[{""id"": 18, ""name"": ""Drama""}, {""id"": 53, ""name"": ""Thriller""}]","[{""id"": 4606, ""logo_path"": ""/otZHbf1HmzLRQsZFSqJXkf8EHz7.png"", ""name"": ""ZDF"", ""origin_country"": ""DE""}, {""id"": 1448, ""logo_path"": null, ""name"": ""Pro-ject Filmproduktion"", ""origin_country"": ""DE""}, {""id"": 209, ""logo_path"": null, ""name"": ""Radiant Film"", ""origin_country"": ""DE""}, {""id"": 6179, ""logo_path"": ""/4Wq7euFdOGM0wwRbxsYvknNdhSC.png"", ""name"": ""Thorn EMI Screen Entertainment"", ""origin_country"": ""GB""}]","[{""iso_3166_1"": ""DE"", ""name"": ""Germany""}]","[{""english_name"": ""English"", ""iso_639_1"": ""en"", ""name"": ""English""}, {""english_name"": ""German"", ""iso_639_1"": ""de"", ""name"": ""Deutsch""}]","[""DE""]",null
168087,Gentle Giant: Sight & Sound In Concert,Gentle Giant: Sight & Sound In Concert,"The sequel to Giant on the Box is here, GG at the GG-Sight & Sound in Concert, featuring more live video of Gentle Giant from the archives. The main portion of this DVD was recorded in front of a live studio audience at the Golders Green Hippodrome in London and Broadcast over BBC television in January of 1978. Hot on the heels of their then new album The Missing Piece, the set contains a healthy dose of that album, along with a few older numbers. It's an hour's worth of energetic Gentle Giant, well shot and with great audio, and this collection also features some of the band's videos from the Interview and Giant For a Day albums, plus some rare film footage and hilarious audio commentary from all five members.",,Released,False,False,2006-04-25,0,0,0,0.0792,8.0,3,en,,,/1seqpAxRe1yir7QGlM5pTXOlWmf.jpg,/8vMTaXlZeqcGQuEac0PZYW6A4E.jpg,[],[],[],"[{""english_name"": ""English"", ""iso_639_1"": ""en"", ""name"": ""English""}]","[""US""]",null
168088,Gentle Giant: Free Hand,Gentle Giant: Free Hand,"Gentle Giant's seventh album - originally released in 1975 - Free Hand is arguably the Giant's most accessible and vibrant release and saw the band competing with the likes of Genesis, Yes and Jethro Tull on an equal footing. This is the 2020 5.1 surround mix produced by Steven Wilson.",,Released,False,True,2021-06-25,0,0,0,0.0071,0.0,0,en,,,/yeiGhOtfr5VNAqYznqpRwQPZH87.jpg,/iL6xSMHsR0qpjsknzq2RAYy6tpL.jpg,"[{""id"": 10402, ""name"": ""Music""}]","[{""id"": 157692, ""logo_path"": null, ""name"": ""Alucard"", ""origin_country"": """"}]","[{""iso_3166_1"": ""GB"", ""name"": ""United Kingdom""}]",[],"[""US"", ""GB""]",null
168090,The Town Christmas Forgot,The Town Christmas Forgot,"An urban family that can’t seem to get along gets stranded in a remote, impoverished lumber town two days before Christmas. When they become involved in the town’s home-grown Christmas pageant, they not only help solve the town’s problems but learn to connect with each other just in time for the holidays.",,Released,False,False,2010-11-25,86,0,0,0.5277,6.3,21,en,https://www.hallmarkmoviesandmysteries.com/the-town-christmas-forgot,tt1720276,/vnTNAtXuTa3CsP1566tyYkIiRWV.jpg,/tKUTD502LkIc2YGYI05LHWLMo0z.jpg,"[{""id"": 35, ""name"": ""Comedy""}, {""id"": 10770, ""name"": ""TV Movie""}, {""id"": 10751, ""name"": ""Family""}]","[{""id"": 4598, ""logo_path"": ""/y76nXOApEqxNI3EJFOikI1nhxx4.png"", ""name"": ""Chesler/Perlmutter Productions"", ""origin_country"": ""CA""}]","[{""iso_3166_1"": ""CA"", ""name"": ""Canada""}]","[{""english_name"": ""English"", ""iso_639_1"": ""en"", ""name"": ""English""}]","[""CA"", ""US""]",null
168094,Hotel Deluxe,百星酒店,"Hotel Deluxe is basically ""All's Well Ends Well 2013"", with almost the same cast and crew, and some new faces added in. It tells the story of a team of hotel management trying their best to score a 5-star rating for their hotel, with some supporting characters and stories added in along the way.",,Released,False,False,2013-01-31,94,0,0,0.9957,5.8,14,zh,,tt2876102,/gSMFlegVSW7rHrf6sEUIXFpTZc8.jpg,/mmDUHRenw71BdKuf5HUOXvZqmXZ.jpg,"[{""id"": 35, ""name"": ""Comedy""}]","[{""id"": 6950, ""logo_path"": ""/vjcRLOtFSVqwW3p0NuBLcsgxwfk.png"", ""name"": ""Pegasus Motion Pictures"", ""origin_country"": ""HK""}]","[{""iso_3166_1"": ""HK"", ""name"": ""Hong Kong""}]","[{""english_name"": ""Cantonese"", ""iso_639_1"": ""cn"", ""name"": ""\u5e7f\u5dde\u8bdd / \u5ee3\u5dde\u8a71""}, {""english_name"": ""Mandarin"", ""iso_639_1"": ""zh"", ""name"": ""\u666e\u901a\u8bdd""}]","[""HK""]",null
168096,Get Well Soon,Get Well Soon,"Janet Fisk has been supporting her husband, Theodore, through his experience of breast cancer - but now that he is in remission, she realizes that their relationship has been empty for some time. Her secret discovery that she is pregnant is the final straw. More trapped than ever, the bathroom becomes her refuge, and her prison. As the pressure mounts, inexplicable things start to happen in the house - all leading back to the bath.",,Released,False,False,2011-10-26,15,0,0,0.1743,0.0,0,en,,tt1885262,,,[],[],"[{""iso_3166_1"": ""GB"", ""name"": ""United Kingdom""}]","[{""english_name"": ""English"", ""iso_639_1"": ""en"", ""name"": ""English""}]","[""US"", ""GB""]",null
168098,Cell,Cell,"When a strange signal pulsates through all cell phone networks worldwide, it starts a murderous epidemic of epic proportions when users become bloodthirsty creatures, and a group of people in New England are among the survivors to deal with the ensuing chaos after.",When everyone is connected no one is safe.,Released,False,False,2016-07-06,98,0,1133031,3.7562,4.706,1127,en,,tt0775440,/c5N6Pw3P6TqQnGcqiVkhO9u85KB.jpg,/pprNvcLi63ATKIGMipUwH0xQIJg.jpg,"[{""id"": 27, ""name"": ""Horror""}, {""id"": 878, ""name"": ""Science Fiction""}, {""id"": 53, ""name"": ""Thriller""}]","[{""id"": 34380, ""logo_path"": null, ""name"": ""Cargo Entertainment"", ""origin_country"": """"}, {""id"": 5113, ""logo_path"": ""/qd5ru3vUvGb6dhXSzkHn7EQoX2D.png"", ""name"": ""120dB Films"", ""origin_country"": ""US""}, {""id"": 6692, ""logo_path"": ""/2Wd2CodKtgB4XyAQH4ez8qnZuqg.png"", ""name"": ""Benaroya Pictures"", ""origin_country"": ""US""}, {""id"": 18950, ""logo_path"": null, ""name"": ""The Genre Co."", ""origin_country"": """"}, {""id"": 78555, ""logo_path"": null, ""name"": ""International Film Trust"", ""origin_country"": """"}]","[{""iso_3166_1"": ""US"", ""name"": ""United States of America""}]","[{""english_name"": ""English"", ""iso_639_1"": ""en"", ""name"": ""English""}]","[""US""]",null
168100,Here,Here,"A television switches on. A mind snaps. A man discovers his murdered wife. As he stares at her lifeless body, the events leading to her death play before him, like in a movie. HERE follows the journey of He Zhiyuan, a middle-aged man who struggles to make sense of his reality. Reeling from the sudden death of his wife, he loses the will to speak and is interned at Island Hospital. There, he meets strident kleptomaniac Beatrice with whom he forms an inexplicable bond. As He adjusts to life within, he is selected for an experimental treatment, which forces him to confront the devastating truth behind his past, present, and future. Meanwhile, a filmmaker visits Island Hospital to document the lives of the staff and patients.",,Released,False,False,2009-06-24,86,0,0,0.3596,6.6,4,en,,tt1426364,/gUb9EyQHkt67PhkiYfwJmzulnwh.jpg,/zfBf6S575u3wVInxHQXw7qzLPyi.jpg,"[{""id"": 18, ""name"": ""Drama""}]","[{""id"": 76586, ""logo_path"": ""/8IToSMttTBtO40fWsxSd1HES4cS.png"", ""name"": ""Akanga Film Asia"", ""origin_country"": ""SG""}, {""id"": 155788, ""logo_path"": ""/qBIdVjhIYKbmGfOn173OKOWmk9M.png"", ""name"": ""M'GO Films"", ""origin_country"": ""SG""}, {""id"": 16426, ""logo_path"": ""/yMB7iAQ1uu9g6WEpsz080a0y3nZ.png"", ""name"": ""Oak3 Films"", ""origin_country"": ""SG""}, {""id"": 237801, ""logo_path"": null, ""name"": ""Tzulogical Films"", ""origin_country"": ""SG""}]","[{""iso_3166_1"": ""SG"", ""name"": ""Singapore""}]","[{""english_name"": ""Mandarin"", ""iso_639_1"": ""zh"", ""name"": ""\u666e\u901a\u8bdd""}, {""english_name"": ""English"", ""iso_639_1"": ""en"", ""name"": ""English""}, {""english_name"": ""Indonesian"", ""iso_639_1"": ""id"", ""name"": ""Bahasa indonesia""}, {""english_name"": ""Nepali"", ""iso_639_1"": ""ne"", ""name"": """"}]","[""SG""]",null
168104,Reign,Reign,"During a U.S. military operation, designed to bait Iraqi insurgents, local civilians get caught in the crossfire and an American soldier's life is forever changed by an encounter with an Iraqi woman.",How much of a soldier really survives?,Released,False,False,2012-12-30,0,0,0,0.0,4.0,1,en,,tt1838636,,,[],[],[],[],"[""US""]",null
168107,Dictator calls Thanasis,Δικτάτωρ καλεί Θανάση,"The adventures of a photographer, who undertook to take a photographs of exiled dictator from South America and eventually found chased without knowing why.",,Released,False,False,1973-11-12,89,0,0,0.32,4.0,3,el,,tt0184403,/b6bMOACcpYgvpicotCjnZriNSSG.jpg,/ws42OBZ32OGf4J66kA83aFCDPIr.jpg,"[{""id"": 35, ""name"": ""Comedy""}]","[{""id"": 12093, ""logo_path"": ""/a5l879HvnNElhZ5gxRWB5QVBuUp.png"", ""name"": ""Finos Film"", ""origin_country"": ""GR""}]","[{""iso_3166_1"": ""GR"", ""name"": ""Greece""}]","[{""english_name"": ""Greek"", ""iso_639_1"": ""el"", ""name"": ""\u03b5\u03bb\u03bb\u03b7\u03bd\u03b9\u03ba\u03ac""}]","[""GR""]",null
168109,Videogibi: A Ilha Misteriosa,Videogibi: A Ilha Misteriosa,"Videogibi: A Ilha Misteriosa is a 1999 Brazilian animated film, based on the homonymous comic book by Mauricio de Sousa. It was distributed by Publifolha and produced by Mauricio de Sousa Produções.",,Released,False,False,1999-06-26,36,0,0,0.0516,6.0,1,pt,,,/2R5agTHGbr6XfhWHOqxiEzknuLI.jpg,/vG9daxZmloRM9zFW1TC2CcCmGwW.jpg,"[{""id"": 16, ""name"": ""Animation""}, {""id"": 12, ""name"": ""Adventure""}, {""id"": 10751, ""name"": ""Family""}]","[{""id"": 36523, ""logo_path"": ""/mOldjtQw2NHDsos9sKVI3OZOj4y.png"", ""name"": ""Mauricio de Sousa Produ\u00e7\u00f5es"", ""origin_country"": ""BR""}, {""id"": 93242, ""logo_path"": null, ""name"": ""Folha de S\u00e3o Paulo"", ""origin_country"": """"}]","[{""iso_3166_1"": ""BR"", ""name"": ""Brazil""}]","[{""english_name"": ""Portuguese"", ""iso_639_1"": ""pt"", ""name"": ""Portugu\u00eas""}]","[""BR""]","{""id"": 1316566, ""name"": ""Videogibi Collection"", ""poster_path"": ""/lGROAxyE0hHROi8IAPAN9HTHlfM.jpg"", ""backdrop_path"": ""/bM6kDdysG5VbrQZ59NK88scChRz.jpg""}"
168111,Singh vs Kaur,Singh vs Kaur,"Nihal Singh is a young man from a village in Nabha, who in an attempt to get rid of an unwanted marriage proposal, ends up lying to his entire village that he loves somebody named 'Jasneet Kaur' (Surveen Chawla) from Vancouver. In reality, Jasneet is a girl, who Nihal and his friend and partner in crime, Taari (Binnu Dhillon) find on the web and keep a picture of her to show as proof to the village. Coaxed by his mother and a nagging village 'Taayi', Nihal Singh sets out for Canada to stay with Taari's Chacha (B.N. Sharma) and get his help in finding the whereabouts of Jasneet. There he also meets a girl named, Simrat (Japji Khaira) who informs him that Jasneet belongs to one of the wealthiest family in Vancouver and that it would be very difficult for him to reach her.",,Released,False,False,2013-02-15,149,0,0,0.426,5.6,8,pa,,tt2714664,/kehFC22iHDE09bA2FxwI9axmhVK.jpg,/nzVr4s5iH2ztAxucA0KsAJUkBRx.jpg,"[{""id"": 28, ""name"": ""Action""}, {""id"": 35, ""name"": ""Comedy""}, {""id"": 18, ""name"": ""Drama""}]","[{""id"": 75199, ""logo_path"": null, ""name"": ""White Hill Production"", ""origin_country"": ""CA""}, {""id"": 44161, ""logo_path"": ""/tQ3Kj23ep0PN3HsHbtoVCDOCKnw.png"", ""name"": ""Suresh Productions"", ""origin_country"": ""IN""}, {""id"": 159368, ""logo_path"": null, ""name"": ""Sippy Grewal Productions"", ""origin_country"": """"}, {""id"": 159366, ""logo_path"": null, ""name"": ""Gurfateh Films"", ""origin_country"": """"}]","[{""iso_3166_1"": ""IN"", ""name"": ""India""}]","[{""english_name"": ""Punjabi"", ""iso_639_1"": ""pa"", ""name"": ""\u0a2a\u0a70\u0a1c\u0a3e\u0a2c\u0a40""}]","[""IN""]",null
168112,Eskil & Trinidad,Eskil & Trinidad,"Eskil moves from town to town with his father in Northern Sweden. He misses his mother and sucks at playing hockey, the main activity among the boys his age. Things changes when he meets Trinidad, a mysterious woman who lives outside society spending her time building a great ship that perhaps could take Eskil to his mother...",Maps will guide your way but hope will take you anywhere.,Released,False,False,2013-02-01,98,4200000,0,0.0269,6.3,5,sv,,tt2368817,/24qT5VzcItJohX0JkUBpvSJFkxo.jpg,/woun7nWPHcmxG00B4uwojFHP7AP.jpg,"[{""id"": 18, ""name"": ""Drama""}, {""id"": 10751, ""name"": ""Family""}]","[{""id"": 6181, ""logo_path"": ""/gYyww91VI1jdH89xpZgFFc8zN3F.png"", ""name"": ""SF Studios"", ""origin_country"": ""SE""}]","[{""iso_3166_1"": ""SE"", ""name"": ""Sweden""}]","[{""english_name"": ""Danish"", ""iso_639_1"": ""da"", ""name"": ""Dansk""}, {""english_name"": ""Swedish"", ""iso_639_1"": ""sv"", ""name"": ""svenska""}]","[""SE""]",null
168114,Murder 3,मर्डर 3,"A hot-shot fashion and wildlife photographer Vikram gets into a relationship with Nisha. She moves in with him in his palatial house outside of the city. The old world house, made decades ago is as beautiful as it is scary. It holds many secrets which Nisha is soon to unearth; of the life of the man who made it and of Vikram, who is dealing with the mysterious disappearance of his former girlfriend Roshni",This Valentine... Love Will be Murdered,Released,False,False,2013-02-14,124,0,0,1.1595,3.714,28,hi,,tt2429640,/ls8RgPMuBW5aCYmAMH8gBXOC2Hc.jpg,/m7hESs33SwgkZupn9sftjPufEUx.jpg,"[{""id"": 53, ""name"": ""Thriller""}, {""id"": 18, ""name"": ""Drama""}, {""id"": 9648, ""name"": ""Mystery""}]","[{""id"": 3749, ""logo_path"": ""/vSqS9ovkpql7VN1HwTYwR5KexrB.png"", ""name"": ""Vishesh Films"", ""origin_country"": ""IN""}]","[{""iso_3166_1"": ""IN"", ""name"": ""India""}]","[{""english_name"": ""Hindi"", ""iso_639_1"": ""hi"", ""name"": ""\u0939\u093f\u0928\u094d\u0926\u0940""}]","[""IN""]","{""id"": 484529, ""name"": ""Murder Collection"", ""poster_path"": ""/aKPlQwfmTmsPyssPh0387onFohl.jpg"", ""backdrop_path"": ""/zKvn9nhlmGzWOTdEC4VPUXtEzoV.jpg""}"
168115,The Corinthian,O Corintiano,"Manuel is a fanatical barber for a São Paulo soccer team, Corinthians, and that's why he always gets into trouble with his neighbors and family.",The number one fan of trouble,Released,False,False,1967-01-02,95,0,0,0.1445,7.0,10,pt,,tt0139948,/6m3Q4lzp6rPNQjr5rw1xY8ul56C.jpg,/4xbTeQscsv0V3hKmCTI8EACRXyl.jpg,"[{""id"": 35, ""name"": ""Comedy""}]","[{""id"": 14011, ""logo_path"": null, ""name"": ""Produ\u00e7\u00f5es Amacio Mazzaropi (PAM Filmes)"", ""origin_country"": ""BR""}]","[{""iso_3166_1"": ""BR"", ""name"": ""Brazil""}]","[{""english_name"": ""Portuguese"", ""iso_639_1"": ""pt"", ""name"": ""Portugu\u00eas""}]","[""BR""]","{""id"": 690968, ""name"": ""Mazzaropi Collection"", ""poster_path"": ""/pVO30Orq3a9dSNVz64clL3DxlAV.jpg"", ""backdrop_path"": ""/i9o2O8muynKirjqamTvnP6xzNn3.jpg""}"
168116,Wasteland - So that No One Becomes Aware of It,Ödland - Damit keiner das so mitbemerkt,"It is the summer holidays. Deep in the woods and among some sheep pastures a bloc of flats stands on a former military base of the Soviet army. Surrounded by ruinous barracks, an overgrown soccer field and a brand new wire mesh fence. This is where Aya, Momo and Mustafa grow up. They spend the holidays at home at the asylum seeker's camp. Born and raised in Germany, they do not really understand this ""asylum seeking thing"", but rather want to be quite normal. They chase away the boredom by playing football, make a trip to the nearby lake and dabble in copper scrap trading. A story of childhood, home and the search for identity.",,Released,False,False,2013-02-09,79,0,0,0.0261,0.0,0,de,http://www.oedland-film.de/index.php/en,tt2581388,/rflDbj1md5XAnryta8zkZAhBqkm.jpg,,"[{""id"": 99, ""name"": ""Documentary""}]",[],"[{""iso_3166_1"": ""DE"", ""name"": ""Germany""}]","[{""english_name"": ""Arabic"", ""iso_639_1"": ""ar"", ""name"": ""\u0627\u0644\u0639\u0631\u0628\u064a\u0629""}, {""english_name"": ""German"", ""iso_639_1"": ""de"", ""name"": ""Deutsch""}, {""english_name"": ""Kurdish"", ""iso_639_1"": ""ku"", ""name"": """"}]","[""DE""]",null
168117,Gangoobai,Gangoobai,"Gangoobai, a childless, elderly widow, has lived her whole life in the tiny colonial hill station of Matheran, set in the spectacularly beautiful Sahyadri mountain range about 4 hours' drive from Mumbai.",,Released,False,False,2013-01-11,110,0,0,0.5148,7.5,2,hi,,tt2624852,/226J7emFdDUKvhAnGiocF8cYgf4.jpg,,"[{""id"": 18, ""name"": ""Drama""}, {""id"": 10751, ""name"": ""Family""}]","[{""id"": 32413, ""logo_path"": ""/jXHqu6xyG8l5mKwK66u5ahzYdfD.png"", ""name"": ""National Film Development Corporation of India"", ""origin_country"": ""IN""}]","[{""iso_3166_1"": ""IN"", ""name"": ""India""}]","[{""english_name"": ""Hindi"", ""iso_639_1"": ""hi"", ""name"": ""\u0939\u093f\u0928\u094d\u0926\u0940""}]","[""IN""]",null
168119,Adhinayakudu,Adhinayakudu,"Harischandra Prasad (Nandamuri Balakrishna) is an influential leader in Rayalaseema and he treats all his people as his children. To provide jobs to them, he decides to build a huge steel plant with the assistance of foreign collaborators. But Ramappa (Pradeep Rawat) and his assistant (Kota Srinivasa Rao) oppose this. They hatch a plan to eliminate him. His son Ramakrishna (Nandamuri Balakrishna) thwart the villain’s plans. But the story takes a cruel twist as the villains strike at the heart of the family by using Bobby (Nandamuri Balakrishna).",,Released,False,False,2012-06-01,135,0,0,0.5736,2.3,3,te,,tt2244697,/z16CiGi73lEirIh2lUO5ojgDxQD.jpg,/wVsXXfBJxU18OtV0V0D2pbLRK1G.jpg,"[{""id"": 28, ""name"": ""Action""}, {""id"": 18, ""name"": ""Drama""}]","[{""id"": 276993, ""logo_path"": null, ""name"": ""Sree Keerthi Creations"", ""origin_country"": """"}]","[{""iso_3166_1"": ""IN"", ""name"": ""India""}]","[{""english_name"": ""Telugu"", ""iso_639_1"": ""te"", ""name"": ""\u0c24\u0c46\u0c32\u0c41\u0c17\u0c41""}]","[""IN""]",null
168121,Sons of Ram,Sons of Ram,"Surayavanshi Ram of Ayodhya, the greatest warrior king that ever lived, was forced to send his beloved wife Sita into exile, thus leading him and his kingdom to despair and towards an empty future. Unknown to Ram, far away in sage Valmiki's hermitage, Sita lives as Vandevi, raising their twin sons, Luv & Kush. Though not aware of their lineage, the twins imbibe wisdom, compassion & combat skills that would put any royal prince to shame. Sita teaches Luv -Kush to always work as a team, secretly hoping that her estranged family would find a way to come together one day.",,Released,False,False,2012-11-02,85,400,0,0.2036,4.0,1,hi,,tt2317103,/xIzXFzs9rBVOt9X1IBhty210xYY.jpg,/4mu1HtkOP38RrhwvrRX3PaOfR2K.jpg,"[{""id"": 16, ""name"": ""Animation""}, {""id"": 18, ""name"": ""Drama""}]","[{""id"": 103167, ""logo_path"": null, ""name"": ""ACK Animation Studios"", ""origin_country"": """"}, {""id"": 83909, ""logo_path"": null, ""name"": ""Maya Digital Studios"", ""origin_country"": ""IN""}, {""id"": 103168, ""logo_path"": ""/w0RKCW474300oNhAQuoXQ5ycXtL.png"", ""name"": ""Cartoon Network India"", ""origin_country"": ""IN""}]","[{""iso_3166_1"": ""IN"", ""name"": ""India""}]","[{""english_name"": ""Hindi"", ""iso_639_1"": ""hi"", ""name"": ""\u0939\u093f\u0928\u094d\u0926\u0940""}]","[""IN""]",null
168125,Ein Münchner im Himmel,Ein Münchner im Himmel,"Alois Hingerl, porter no. 172 at the Munich train station, gets into heaven. St. Peter introduces him to the heavenly house rules: “rejoicing” and “singing hallelujah”. Of that, “Angel Aloisus” is not very edified, especially since he is supposed to get “heavenly manna” instead of Munich beer. Due to a few irksome events at the side, his dissatisfaction is only increased. Angrily, he sits down on his cloud in order to rejoice and sing hallelujah. But that sounds in such a way that the heavenly population’s hair stood on end. In his indignation, Alois even doesn’t mince his words towards the Lord. The latter gives in and orders Alois to deliver the divine afflatus to the Bavarian government. He sends him immediately with a corresponding letter to Munich. As “angel Aloisius” comes back home, he at once goes to the Hofbräuhaus. And like this, the Bavarian government waits till today for the divine afflatus in vain.",,Released,False,False,1962-01-01,10,0,0,0.1607,7.4,5,de,,tt0439722,/g4mYHtu9zw57Jkv0cPAjj6mSySW.jpg,/go0RjJ2L2tXHwrq4guG5FHvE4IV.jpg,"[{""id"": 16, ""name"": ""Animation""}, {""id"": 35, ""name"": ""Comedy""}]","[{""id"": 162, ""logo_path"": ""/pIK5tsFVxjoXTJGcd0nYhiL1kn1.png"", ""name"": ""BR"", ""origin_country"": ""DE""}]","[{""iso_3166_1"": ""DE"", ""name"": ""Germany""}]","[{""english_name"": ""German"", ""iso_639_1"": ""de"", ""name"": ""Deutsch""}]","[""DE""]",null
168128,The Cold Lands,The Cold Lands,"After his mother’s sudden death, a young boy disappears into the deep woods of upstate New York and takes up with an unpredictable and mysterious drifter.",,Released,False,False,2013-02-09,100,0,0,0.6214,5.5,23,en,http://thecoldlands.com/,tt2088924,/yoEQ5Gfu3tTCXUGKoqufOaEE3Sr.jpg,/jsd8F4ShdUtqhCwBCYoDIhPa55Q.jpg,"[{""id"": 18, ""name"": ""Drama""}]",[],"[{""iso_3166_1"": ""US"", ""name"": ""United States of America""}]","[{""english_name"": ""English"", ""iso_639_1"": ""en"", ""name"": ""English""}]","[""US""]",null
168131,The Headless Lover,Hovedløst begær,"Maibritt Saerens is the two-timing bitch who kills her lover in front of her husband. They bury the lover in the backyard. But the lover returns from the dead. He’s not angry about being wasted, but he didn’t finish what he started; he didn’t come!",A Crazy Tribute To Creepshow,Released,False,False,2011-03-07,27,100000,0,0.15,0.0,0,da,http://www.theheadlesslover.com,tt1999180,/eM3HyKATyk0s4KyKJggVHVWS3qr.jpg,,"[{""id"": 35, ""name"": ""Comedy""}, {""id"": 27, ""name"": ""Horror""}]",[],"[{""iso_3166_1"": ""DK"", ""name"": ""Denmark""}]","[{""english_name"": ""Danish"", ""iso_639_1"": ""da"", ""name"": ""Dansk""}]","[""DK""]",null
168132,Dieter Nuhr - Nuhr am Leben,Dieter Nuhr - Nuhr am Leben,,,Released,False,False,2012-11-19,0,0,0,0.0352,9.0,1,de,,,,,[],[],[],[],"[""DE""]",null
168138,The Last Days,Los últimos días,"A mysterious epidemic spreads across the planet. Humanity develops an irrational fear of open spaces that causes instant death. Soon, the world population is trapped inside buildings. As Barcelona descends into chaos, Marc sets off on a quest to find Julia, his missing girlfriend, without ever going outside.","When the world is over, there is still hope",Released,False,False,2013-03-27,103,0,0,1.2224,6.029,373,es,,tt1935914,/iRKybTUmEy3ZHS2o2ZDUCGyRAAn.jpg,/rCiiqocQyNWNlWW8pUNYAXS7a1.jpg,"[{""id"": 878, ""name"": ""Science Fiction""}, {""id"": 12, ""name"": ""Adventure""}, {""id"": 53, ""name"": ""Thriller""}]","[{""id"": 10031, ""logo_path"": ""/cUOviFxM9l3dYuNeg89giHUaqkd.png"", ""name"": ""Morena Films"", ""origin_country"": ""ES""}, {""id"": 257393, ""logo_path"": null, ""name"": ""Rebeli\u00f3n Terrestre"", ""origin_country"": """"}, {""id"": 1249, ""logo_path"": null, ""name"": ""Les Films du Lendemain"", ""origin_country"": ""FR""}, {""id"": 281730, ""logo_path"": ""/udDPNCGoaOFah1VRTPKbCqoM5uK.png"", ""name"": ""Atresmedia Cine"", ""origin_country"": ""ES""}, {""id"": 211922, ""logo_path"": ""/jXI0xZEJabWaYtfqWxXyKuJJxzX.png"", ""name"": ""3Cat"", ""origin_country"": ""ES""}, {""id"": 856, ""logo_path"": ""/3tfzS2CrX6Ntbu927XzHXEPDA6y.png"", ""name"": ""Wild Bunch"", ""origin_country"": ""FR""}]","[{""iso_3166_1"": ""ES"", ""name"": ""Spain""}, {""iso_3166_1"": ""FR"", ""name"": ""France""}]","[{""english_name"": ""Spanish"", ""iso_639_1"": ""es"", ""name"": ""Espa\u00f1ol""}, {""english_name"": ""Catalan"", ""iso_639_1"": ""ca"", ""name"": ""Catal\u00e0""}]","[""ES""]",null
168142,Пизанская башня,Пизанская башня,,,Released,False,False,2010-01-01,0,0,0,0.2301,0.0,0,ru,,,/w1cZ4AykLsuNSYtlpxQL5g2LNfA.jpg,/rgRdYgJM2wgdPtBMVkZ8tjlgCXb.jpg,"[{""id"": 10749, ""name"": ""Romance""}]",[],[],"[{""english_name"": ""Russian"", ""iso_639_1"": ""ru"", ""name"": ""P\u0443\u0441\u0441\u043a\u0438\u0439""}]","[""RU""]",null
168144,Little Zizou,Little Zizou,The story of a Parsi boy's view of his community in modern day Mumbai.,,Released,False,False,2008-11-09,96,0,0,0.3764,5.0,3,en,,tt1119188,/7HNa0NosBYGQxHVsbgUEnij9T8H.jpg,,"[{""id"": 18, ""name"": ""Drama""}, {""id"": 10751, ""name"": ""Family""}]","[{""id"": 7621, ""logo_path"": null, ""name"": ""The Indian Film Company"", ""origin_country"": ""IN""}, {""id"": 6808, ""logo_path"": ""/xa1Yz7B5eRC2F9oHA6mDn8NE6ci.png"", ""name"": ""Viacom18 Studios"", ""origin_country"": ""IN""}]","[{""iso_3166_1"": ""IN"", ""name"": ""India""}]",[],"[""IN""]",null
168145,Devil May Call,Devil May Call,A blind young suicide-hotline operator descends into a night of unrelenting terror when an obsessive caller turns out to be a serial killer.,You won't see him coming,Released,False,False,2013-03-29,84,0,0,0.8261,5.4,17,en,,tt2569298,/pCI0yWynKoQGh68jSCJ1iykjWfs.jpg,/A9YU1AXlDUkbbcT7wQ6BsjjXXEB.jpg,"[{""id"": 27, ""name"": ""Horror""}]","[{""id"": 6828, ""logo_path"": null, ""name"": ""Angel & Bear Productions"", ""origin_country"": """"}, {""id"": 13145, ""logo_path"": null, ""name"": ""Esperanza films Inc"", ""origin_country"": """"}, {""id"": 13146, ""logo_path"": null, ""name"": ""Esperanza Productions"", ""origin_country"": """"}]","[{""iso_3166_1"": ""TH"", ""name"": ""Thailand""}, {""iso_3166_1"": ""US"", ""name"": ""United States of America""}]","[{""english_name"": ""English"", ""iso_639_1"": ""en"", ""name"": ""English""}]","[""US""]",null
168153,The Secret of the Mountain,Bir Qalanın Sirri,The struggle of the people against the shakh (king) who seized all of land and water resources.,,Released,False,False,1959-12-27,76,0,0,0.08,6.4,7,az,,tt2081190,/yo9xAwe2vmqp12YpQQukGB5EItU.jpg,/zhHE8Gj5eR1HQNurBnGxmxVpvwR.jpg,"[{""id"": 12, ""name"": ""Adventure""}, {""id"": 14, ""name"": ""Fantasy""}, {""id"": 10751, ""name"": ""Family""}]","[{""id"": 29866, ""logo_path"": ""/xT6f8MeShW56K4pNS08YL7cDwOK.png"", ""name"": ""Azerbaijanfilm"", ""origin_country"": ""SU""}]","[{""iso_3166_1"": ""SU"", ""name"": ""Soviet Union""}]","[{""english_name"": ""Azerbaijani"", ""iso_639_1"": ""az"", ""name"": ""Az\u0259rbaycan""}, {""english_name"": ""Russian"", ""iso_639_1"": ""ru"", ""name"": ""P\u0443\u0441\u0441\u043a\u0438\u0439""}]","[""SU""]",null
168155,Beti Bete,Beti Bete,"A widower with three young children finds himself in debt. Blinded, in an industrial accident, he loses his job and is admitted to hospital. Upon returning home, he overhears the heartless landlord criticising him for not dying instead of ""merely"" blinding himself because, if he were dead, the children could be looked after in an orphanage. He decides not to enter the house and disappears. Left alone, the children are evicted. They lose contact with one another after one is left on a train and another is kidnapped. Years pass. The children grow up in different homes under different circumstances. But fate has decreed that the family shall not be forever parted. Written by van Goethem",,Released,False,False,1964-01-10,150,0,0,0.3142,0.0,0,hi,,tt0057884,,,[],[],[],"[{""english_name"": ""Hindi"", ""iso_639_1"": ""hi"", ""name"": ""\u0939\u093f\u0928\u094d\u0926\u0940""}]","[""IN""]",null
168157,The Last Reef: Cities Beneath the Sea,The Last Reef: Cities Beneath the Sea,"From the Academy-Award nominated creators of the Broadway show STOMP and the award-winning film Wild Ocean, The Last Reef is an uplifting, inspirational large-format and 3D cinema experience capturing one of nature's more vibrant and diverse wonderlands. Exotic coral reefs, vibrant sea walls in the sub-arctic pulsating with anemones and crustaceans: these biodiversity hot spots are as vital to our lives as the rainforests. Shot on location in Palau, Vancouver Island, French Polynesia, Mexico, and The Bahamas using groundbreaking 3D cinematography, The Last Reef takes us on a global journey to explore the connection of our cities on land with the ocean's complex, parallel world of the coral reefs beneath the sea.",,Released,False,False,2012-02-03,41,0,0,0.4719,7.4,20,en,http://www.thelastreef.co.uk/,tt2070717,/aG6Om9oQ38OnVm8k7Suu6Dk3Mca.jpg,/z2v38LbtulD0FpvLE1Km1FivRqz.jpg,"[{""id"": 99, ""name"": ""Documentary""}]","[{""id"": 50254, ""logo_path"": null, ""name"": ""Yes/No Productions"", ""origin_country"": """"}, {""id"": 50255, ""logo_path"": null, ""name"": ""Liquid Pictures"", ""origin_country"": """"}, {""id"": 5576, ""logo_path"": null, ""name"": ""Giant Screen Films"", ""origin_country"": ""US""}]","[{""iso_3166_1"": ""BS"", ""name"": ""Bahamas""}, {""iso_3166_1"": ""CA"", ""name"": ""Canada""}, {""iso_3166_1"": ""PF"", ""name"": ""French Polynesia""}, {""iso_3166_1"": ""MX"", ""name"": ""Mexico""}, {""iso_3166_1"": ""PW"", ""name"": ""Palau""}, {""iso_3166_1"": ""US"", ""name"": ""United States of America""}]","[{""english_name"": ""English"", ""iso_639_1"": ""en"", ""name"": ""English""}]","[""CA"", ""MX"", ""US""]",null
168159,Johar-Mehmood in Goa,Johar-Mehmood in Goa,"Mary and Peter fall in love with each other and are about to get married, when Peter is asked to re-join his regiment to go to war. Shortly thereafter, he is missing, believed to be dead, leaving behind a devastated Mary who subsequently gives birth to twins, and leaves them on the doorsteps of two Goan households, and becomes a nun. Twenty four years later, India is a free country, while Goa is under the rule of the Portugese, Mary is the Mother Superior; Peter, who is still alive, is the Deputy Superintendent of Police in Goa, who has been entrusted the task of apprehending two revolutionaries by the name of Ram and Rahim - none other than his very own sons. Watch what happens when duo unleash a series of attacks against the oppressive Portugese regime, including robbing the Bank of Portugal, disrobing an arrogant Superindent of Police, Alburqueue, then setting his house on fire, joining hands with dreaded bandit Daler Singh, and abducting the daughter of the Goa's Hakim, Rita.",,Released,False,False,1965-04-01,0,0,0,0.2805,8.0,2,hi,,tt0231827,/aPbUsdNguSfkbrtB7UOMJ1WnXhL.jpg,,"[{""id"": 35, ""name"": ""Comedy""}, {""id"": 28, ""name"": ""Action""}, {""id"": 12, ""name"": ""Adventure""}]","[{""id"": 89757, ""logo_path"": null, ""name"": ""Johar Films"", ""origin_country"": """"}]","[{""iso_3166_1"": ""IN"", ""name"": ""India""}]","[{""english_name"": ""Hindi"", ""iso_639_1"": ""hi"", ""name"": ""\u0939\u093f\u0928\u094d\u0926\u0940""}]","[""IN""]",null
168161,"LUNA SEA 20th Anniversary World Tour REBOOT -to the New Moon- 24th December, 2010 at TOKYO DOME","LUNA SEA 20th Anniversary World Tour REBOOT -to the New Moon- 24th December, 2010 at TOKYO DOME","Live music Blu-ray of the band's 20th anniversary gig in Tokyo Dome, Christmas Eve 2010.",,Released,False,False,2011-04-12,163,0,0,0.1673,0.0,0,en,http://www.lunasea.jp/,,/xa1uEbyN9FXpFszMDZTH24mUTqq.jpg,,[],[],"[{""iso_3166_1"": ""JP"", ""name"": ""Japan""}]","[{""english_name"": ""Japanese"", ""iso_639_1"": ""ja"", ""name"": ""\u65e5\u672c\u8a9e""}]","[""US""]",null
168162,Crusader,Крестоносец,"At the filming movie about the crusaders, in Turkey, with one of the stunts died in accident. Death of a stuntman was rigged by criminals, who smuggled a large shipment of drugs in the coffin. Producer Anton is killed, money stolen...",,Released,False,False,1995-01-10,120,0,0,1.1294,3.5,6,ru,,tt0113575,/mLul7NHTvxwAxNzkTwz6DnVb9K0.jpg,/og7e0IrcJfFNhB1QjLkAGcEUfFu.jpg,"[{""id"": 28, ""name"": ""Action""}]","[{""id"": 59027, ""logo_path"": null, ""name"": ""Avatar Film"", ""origin_country"": """"}]","[{""iso_3166_1"": ""RU"", ""name"": ""Russia""}]","[{""english_name"": ""Russian"", ""iso_639_1"": ""ru"", ""name"": ""P\u0443\u0441\u0441\u043a\u0438\u0439""}]","[""RU"", ""TR""]",null
168163,Tough Bond,Tough Bond,"Tough Bond is about our irrepressible need as humans for family. We follow 4 kids who find family and a new identity as Survivors, living together on the streets of Kenya, huffing glue to endure the hell of street life. Recorded over 3 years, Tough Bond illustrates the alarming trajectory of the new generation of Kenya's indigenous tribes that has abandoned its broken villages in search of a new life in the nearby towns and exploding city slums.",,Released,False,False,2013-02-13,83,0,0,0.0627,8.8,4,en,http://www.villagebeat.org/projects/tough-bond,tt2555386,,,[],[],[],"[{""english_name"": ""Swahili"", ""iso_639_1"": ""sw"", ""name"": ""Kiswahili""}]","[""US""]",null
168164,The Expedition to the End of the World,Ekspeditionen til verdens ende,"A grand and adventurous journey of discovery to the last white areas of the world map. But no matter how far we go and how hard we try to find answers, we ultimately meet ourselves and our own transience.",,Released,False,False,2013-02-13,90,0,0,0.1442,7.3,7,da,http://expeditionthemovie.dk/,tt2530936,/crHrFxkIdhbClAGiVTqO1evu6gg.jpg,/3Pkckz9ifTZeVCZTpfTglb5lvXq.jpg,"[{""id"": 99, ""name"": ""Documentary""}]",[],"[{""iso_3166_1"": ""DK"", ""name"": ""Denmark""}, {""iso_3166_1"": ""GL"", ""name"": ""Greenland""}, {""iso_3166_1"": ""SE"", ""name"": ""Sweden""}]","[{""english_name"": ""Danish"", ""iso_639_1"": ""da"", ""name"": ""Dansk""}, {""english_name"": ""English"", ""iso_639_1"": ""en"", ""name"": ""English""}]","[""DK""]",null
168170,Klein Karoo,Klein Karoo,"A young teacher from Oudtshoorn, Cybil Ferreira, will do anything in her power to ensure the success of her project at the small farm school, Kalfieskraal. Cybil dreams about establishing a centre at the school that will provide a safe haven for the local children.  The problem is, Cybil’s dream is in danger of collapsing before it even gets off the ground. The land Kalfieskraal is situated on is for sale, and none of the possible buyers are interested in her project. Not even her wealthy fiancée, ostrich farmer Meyer Labuschagne, could be bothered about her project or the fate of the children.  Then Frans Coetzee comes into the story. A filmmaker with a broken heart, he is in the Klein Karoo with his team to make a documentary about social upliftment work in the area - and in the process hopefully forget about women, love, and all the baggage that comes with it.","A Small Begining, A Big Dream, A New Life",Released,False,False,2013-02-01,95,0,0,0.4025,7.0,2,af,http://www.kleinkaroofilm.co.za/tuisblad.html,tt2966280,/Y1FvwgRMkwvxCgMApYV4roNSTR.jpg,,"[{""id"": 10749, ""name"": ""Romance""}]","[{""id"": 57746, ""logo_path"": null, ""name"": ""Kaapland Films"", ""origin_country"": """"}]","[{""iso_3166_1"": ""ZA"", ""name"": ""South Africa""}]","[{""english_name"": ""Afrikaans"", ""iso_639_1"": ""af"", ""name"": ""Afrikaans""}]","[""ZA""]",null
168171,Brass Monkey,Brass Monkey,"Carroll Levis, a radio variety host, gets involved in murder and theft.",,Released,False,False,1948-12-01,90,0,0,0.534,5.5,3,en,,tt0040186,/vjIVXBnSyneG7oPgS01D0ZswKW.jpg,/4lebudpMOsP6Y93ENxSpLoVjMtJ.jpg,"[{""id"": 80, ""name"": ""Crime""}]","[{""id"": 19572, ""logo_path"": null, ""name"": ""Diadem Films"", ""origin_country"": """"}, {""id"": 10244, ""logo_path"": null, ""name"": ""Ingram"", ""origin_country"": """"}]","[{""iso_3166_1"": ""GB"", ""name"": ""United Kingdom""}]","[{""english_name"": ""English"", ""iso_639_1"": ""en"", ""name"": ""English""}]","[""US"", ""GB""]",null
168174,Bob der Baumeister - Wie alles begann,Bob der Baumeister - Wie alles begann,,,Released,False,True,2006-11-10,0,0,0,0.0071,0.0,0,de,,,,,[],[],[],"[{""english_name"": ""German"", ""iso_639_1"": ""de"", ""name"": ""Deutsch""}]","[""DE""]",null
168176,Bob der Baumeister - Kuschel und die Feldmäuse,Bob der Baumeister - Kuschel und die Feldmäuse,,,Released,False,False,,0,0,0,0.0,0.0,0,de,,,,,"[{""id"": 16, ""name"": ""Animation""}]",[],[],[],"[""DE""]",null
168177,Xx: Where Your Heart Should Be,Xx,"Todd Verow's experimental narrative feature heralding the end time. Split up into 20 short films, the film explores the fear and longing of several characters as they wait for some unspecified apocalyptic event.  Some try to escape physically, emotionally or sexually while others welcome the end with open arms. A woman (PHILLY) is busy dragging her own corpse, trying to find a resting place for it, when she encounters an old lover (MICHAEL BURKE) who used to be a she but has transitioned to a man. He wants to get out of town but she wants to stay it's the end of time when nothing is a crime.  Several gay men engage in more and more extreme sexual activity, they want to experience it all before the big collapse. Two gay ex-lovers try to reconnect and feel something, anything but total emptiness. Porn actors and producers make more unsafe films as fantasies grow darker and more violent. Will the world end with a whimper or a bang? Or worse will it not end at all.",,Released,False,False,2007-10-01,60,0,0,0.519,5.4,15,en,,tt1496050,/6qaB9OSh0MGFeYtw7z7gwOOjPZh.jpg,/qPRwUF6lSBGTV0rhnwl4Iyr0IuZ.jpg,"[{""id"": 18, ""name"": ""Drama""}]","[{""id"": 16588, ""logo_path"": null, ""name"": ""Bangor Films"", ""origin_country"": ""US""}]","[{""iso_3166_1"": ""US"", ""name"": ""United States of America""}]","[{""english_name"": ""English"", ""iso_639_1"": ""en"", ""name"": ""English""}]","[""US""]",null
168179,Pastorale,პასტორალი,"In the mountain village comes a group of young musicians in Tbilisi. Here they are going to relax and rehearse. Sad story about the final rupture occurred, the peasants do not sing beautiful old songs, the musicians play music incomprehensible to them ... Far from the idyllic image of rural life.",,Released,False,False,1975-12-07,98,0,0,0.3646,5.1,18,ka,,tt0124046,/gggcz0BX3oTRXwAlI1WpSaRHpH8.jpg,/iawc08VOMQ9v3SgmGaDQgYsqDtt.jpg,"[{""id"": 18, ""name"": ""Drama""}]","[{""id"": 186508, ""logo_path"": ""/dONUQvMFW5X8DCw6nX9Dk26TQwF.png"", ""name"": ""Georgia-Film"", ""origin_country"": ""SU""}]","[{""iso_3166_1"": ""SU"", ""name"": ""Soviet Union""}]","[{""english_name"": ""Georgian"", ""iso_639_1"": ""ka"", ""name"": ""\u10e5\u10d0\u10e0\u10d7\u10e3\u10da\u10d8""}]","[""SU""]",null
168183,The Sheriff,La sceriffa,"A gang of outlaws terrorizes Rio Ciuccio. When they kill the sheriff his wife, an old neapolitan lady, takes his place.",,Released,False,False,1959-08-15,93,0,0,0.8808,6.5,1,it,,tt0053248,/q1rG9PS6PkzcsIOef6nlreMymeC.jpg,/pCLR51vrhxsGKTagBsTtMPwfOfT.jpg,"[{""id"": 37, ""name"": ""Western""}, {""id"": 35, ""name"": ""Comedy""}]","[{""id"": 91714, ""logo_path"": null, ""name"": ""Betauno Film"", ""origin_country"": ""IT""}]","[{""iso_3166_1"": ""IT"", ""name"": ""Italy""}]","[{""english_name"": ""Italian"", ""iso_639_1"": ""it"", ""name"": ""Italiano""}]","[""IT""]",null
168184,Terror of Oklahoma,Il terrore dell'Oklahoma,"Italian Western comedy in black-and-white. The movie intended to be a parody of the American western as even the title shows, being a hybrid between the original title of the movie The Oklahoma Kid and its rendering for the Italian audience, ""Il terrore dell'Ovest"".",,Released,False,False,1959-10-30,85,0,0,0.409,0.0,0,it,,tt0122749,/6HSYP8VYriQhC9hBfChOBuVUeUm.jpg,/yIuZ1TtABhHB9R985Pjr1BEy7Vy.jpg,"[{""id"": 37, ""name"": ""Western""}, {""id"": 35, ""name"": ""Comedy""}]","[{""id"": 91714, ""logo_path"": null, ""name"": ""Betauno Film"", ""origin_country"": ""IT""}]","[{""iso_3166_1"": ""IT"", ""name"": ""Italy""}]","[{""english_name"": ""Italian"", ""iso_639_1"": ""it"", ""name"": ""Italiano""}]","[""IT""]",null
168187,Nelly's Folly,Nelly's Folly,"Nelly the Giraffe is discovered in Africa and leaves to begin a singing career, but finds that chasing fame brings her nothing but unhappiness.",,Released,False,False,1961-12-30,7,0,0,0.3726,5.9,14,en,,tt0055223,/kla19mZLv1b4ruvW49cUAiu37gd.jpg,/vxukTyb2sk5JCvJye4CNVog6Y5z.jpg,"[{""id"": 16, ""name"": ""Animation""}, {""id"": 10402, ""name"": ""Music""}, {""id"": 35, ""name"": ""Comedy""}]","[{""id"": 174, ""logo_path"": ""/zhD3hhtKB5qyv7ZeL4uLpNxgMVU.png"", ""name"": ""Warner Bros. Pictures"", ""origin_country"": ""US""}, {""id"": 8298, ""logo_path"": ""/r6cuEYq7DqrHCNVa7vSanTS0cuw.png"", ""name"": ""Warner Bros. Cartoons"", ""origin_country"": ""US""}]","[{""iso_3166_1"": ""US"", ""name"": ""United States of America""}]","[{""english_name"": ""English"", ""iso_639_1"": ""en"", ""name"": ""English""}]","[""US""]",null
168188,The Taste of Violence,Le Goût de la violence,Perez kidnaps the President's daughter to trade her for imprisoned revolutionaries.,,Released,False,False,1961-08-10,85,0,0,0.4857,6.6,10,fr,,tt0054939,/oh5cJ8Ktn5WUzvR2smWbMJpwPFy.jpg,/wse2z35VMmSDPvrj4aY5QUVuFyC.jpg,"[{""id"": 37, ""name"": ""Western""}]","[{""id"": 5589, ""logo_path"": null, ""name"": ""Continental Produzione"", ""origin_country"": ""IT""}, {""id"": 1477, ""logo_path"": null, ""name"": ""Franco London Films"", ""origin_country"": ""FR""}, {""id"": 22582, ""logo_path"": null, ""name"": ""Paris Union Films"", ""origin_country"": ""FR""}, {""id"": 22396, ""logo_path"": null, ""name"": ""Soci\u00e9t\u00e9 Nouvelle des \u00c9tablissements Gaumont (SNEG)"", ""origin_country"": ""FR""}, {""id"": 12372, ""logo_path"": ""/lcQScIQXHQXuLMLFQt0loJl5gWJ.png"", ""name"": ""UFA"", ""origin_country"": ""DE""}]","[{""iso_3166_1"": ""FR"", ""name"": ""France""}, {""iso_3166_1"": ""DE"", ""name"": ""Germany""}, {""iso_3166_1"": ""IT"", ""name"": ""Italy""}]","[{""english_name"": ""French"", ""iso_639_1"": ""fr"", ""name"": ""Fran\u00e7ais""}]","[""FR""]",null
168189,The Alphabet Train,The Alphabet Train,Les Jarret provides excellent narration to teaching the alphabet using words in and about trains. Each letter of the alphabet has several words associated with train functions that are narrated. Occasionally the narrator is assisted by a classroom  of young children. An entertaining video for toddlers and young kids learning their alphabet.,"A to Z learning fun, with lots of really cool trains.",Released,False,False,1998-03-18,60,0,0,0.0143,9.0,1,en,,tt0190235,/pvHjD4znhQKLSoYIyT5gYCDPgbC.jpg,,"[{""id"": 10751, ""name"": ""Family""}]","[{""id"": 13156, ""logo_path"": null, ""name"": ""Railway Productions"", ""origin_country"": """"}]","[{""iso_3166_1"": ""US"", ""name"": ""United States of America""}]","[{""english_name"": ""English"", ""iso_639_1"": ""en"", ""name"": ""English""}]","[""US""]",null
168191,Hiawatha's Rabbit Hunt,Hiawatha's Rabbit Hunt,"Bugs Bunny is hunted by Hiawatha, a stereotyped Native American who fills roughly the same role as Elmer Fudd in other Bugs Bunny cartoons of this era.",,Released,False,False,1941-06-07,8,0,0,0.3971,6.0,20,en,,tt0033715,/dLLpq8RFsUuHKr8DSVYYsk9kO6x.jpg,/5GQXPw9JO5p1c3eGEZ3uBtfO17N.jpg,"[{""id"": 16, ""name"": ""Animation""}, {""id"": 35, ""name"": ""Comedy""}, {""id"": 37, ""name"": ""Western""}]","[{""id"": 134798, ""logo_path"": null, ""name"": ""Leon Schlesinger Productions"", ""origin_country"": ""US""}]","[{""iso_3166_1"": ""US"", ""name"": ""United States of America""}]","[{""english_name"": ""English"", ""iso_639_1"": ""en"", ""name"": ""English""}]","[""US""]",null
168193,Reub's Little Girl,Reub's Little Girl,"'Set on Jersey.  A girl falls in love with a coastguard, but her father is a smuggler.' (BFI)",,Released,False,False,1913-08-30,33,0,0,0.0071,0.0,0,en,,tt2144115,,,"[{""id"": 80, ""name"": ""Crime""}]","[{""id"": 208490, ""logo_path"": null, ""name"": ""Big Ben Films"", ""origin_country"": """"}]","[{""iso_3166_1"": ""GB"", ""name"": ""United Kingdom""}]","[{""english_name"": ""No Language"", ""iso_639_1"": ""xx"", ""name"": ""No Language""}]","[""GB""]",null
168194,Roughest Africa,Roughest Africa,Two bungling adventures go on a big game hunt in Africa.,,Released,False,False,1923-09-29,21,0,0,0.279,5.5,13,xx,,tt0014419,/A740LySwItXqfk1kdJLjFdhIQmR.jpg,/wf0jwLSUYXYZBo5AEAmmi5eghAT.jpg,"[{""id"": 35, ""name"": ""Comedy""}]","[{""id"": 2159, ""logo_path"": null, ""name"": ""Hal Roach Studios"", ""origin_country"": ""US""}]","[{""iso_3166_1"": ""US"", ""name"": ""United States of America""}]","[{""english_name"": ""No Language"", ""iso_639_1"": ""xx"", ""name"": ""No Language""}]","[""US""]",null
168195,Time Demons 2: In the Samurais Claws,Time Demons 2: In the Samurais Claws,Jacques Gomez is back in the action packed sequel.,,Released,False,False,2000-06-05,115,0,0,0.0143,4.0,1,en,,tt2518494,/5MgOacLMYvgZl0hPF94eehNgw1w.jpg,/ssH3eTKkqeu23ZfU8pTCWo4LOXE.jpg,[],[],[],[],"[""US""]",null
168196,Bear 71,Bear 71,THE LIFE OF A GRIZZLY IN A CANADIAN NATIONAL PARK FROM THE PERSPECTIVE OF DATA POINTS AND SURVEILLANCE CAMERAS PRESENTS A FASCINATING LOOK AT WHAT IT MEANS TO BE WILD IN THIS INTERACTIVE FILM FROM THE NFB.,,Released,False,False,2012-01-19,20,0,0,0.0,0.0,0,en,,,/hSkAlzqPmUPH8EJujVMzLqNpov9.jpg,,[],[],"[{""iso_3166_1"": ""CA"", ""name"": ""Canada""}]",[],"[""US"", ""CA""]",null
168198,Sophie,Sophie,"Sophie Liechtenstein is in the process of divorcing her husband Clemens. To forget her worries for at least a few hours, she decides to take a trip into nature. Once she arrives in the woods, her worst nightmare begins...",,Released,False,False,2007-10-30,0,0,0,0.3315,5.5,3,de,,,,,[],[],"[{""iso_3166_1"": ""AT"", ""name"": ""Austria""}]","[{""english_name"": ""German"", ""iso_639_1"": ""de"", ""name"": ""Deutsch""}]","[""AT"", ""DE""]",null
168200,Almost in Love,Almost in Love,"A love triangle shot in two continuous 45-minute takes set eighteen months apart: the first over a sunset, the second a sunrise.",A love story in two takes,Released,False,False,2013-02-15,83,0,0,0.9164,5.8,4,en,http://www.almostinlovefilm.com/,tt1622563,/ugrcYnvnRfwD1qoaLKE5hmihA96.jpg,/jTYzOpMFFoBjVjgeYBSadP7UvuH.jpg,"[{""id"": 35, ""name"": ""Comedy""}, {""id"": 18, ""name"": ""Drama""}, {""id"": 10749, ""name"": ""Romance""}]",[],"[{""iso_3166_1"": ""US"", ""name"": ""United States of America""}]","[{""english_name"": ""English"", ""iso_639_1"": ""en"", ""name"": ""English""}]","[""US""]",null
168202,"Hen, His Wife",Его жена курица,"Extraordinarily detailed and beautifully drawn animation of a bizarre and surreal world; the domestic life of a fat man, his wife, a sort of oversized obese chicken, and their child/pet, a slug-like creature with a human head. This expressionistic and interior vision of Soviet animator Kovalyov is like an animated Eraserhead.",,Released,False,False,1990-05-01,13,0,0,0.7923,5.6,29,ru,,tt0241399,/ifkWSL8Ik6SUgmg9E7WKbl12Yrf.jpg,,"[{""id"": 16, ""name"": ""Animation""}, {""id"": 14, ""name"": ""Fantasy""}]","[{""id"": 77491, ""logo_path"": null, ""name"": ""Pilot Studio"", ""origin_country"": ""RU""}]","[{""iso_3166_1"": ""SU"", ""name"": ""Soviet Union""}]","[{""english_name"": ""Russian"", ""iso_639_1"": ""ru"", ""name"": ""P\u0443\u0441\u0441\u043a\u0438\u0439""}]","[""SU""]",null
168208,For Horowitz,호로비츠를 위하여,"31-year-old single woman Kim Ji-su once wanted to become a famous pianist like Horowitz. Her dream was shattered but she went on by teaching children piano. One day, she discovers a young musical genius, and begins giviving intensive lessons to prepare him for competition. However, while it doesn't turn out, Ji-su is shocked when she realizes that the boy carries a secret that will change her life forever.",,Released,False,False,2006-05-25,108,0,2599705,1.3027,6.9,11,ko,,tt0821463,/1wE7PWfMGvX6vHhoVaPpNuezeZH.jpg,/cxb6NQAasIbOEVOSmB37940MCv7.jpg,"[{""id"": 18, ""name"": ""Drama""}]","[{""id"": 3657, ""logo_path"": ""/2YXnZa6yPjxdHKzBLgmf57D8QpM.png"", ""name"": ""Sidus"", ""origin_country"": ""KR""}, {""id"": 11431, ""logo_path"": ""/sXqbqN9cr10QmmqeIWm1sIG93mf.png"", ""name"": ""DCG Plus"", ""origin_country"": ""KR""}, {""id"": 3491, ""logo_path"": ""/hXRKXi3M9qfP4Npi1kjAaH4eGnM.png"", ""name"": ""Showbox"", ""origin_country"": ""KR""}, {""id"": 81594, ""logo_path"": null, ""name"": ""Michigan Venture Capital"", ""origin_country"": ""KR""}]","[{""iso_3166_1"": ""KR"", ""name"": ""South Korea""}]","[{""english_name"": ""Korean"", ""iso_639_1"": ""ko"", ""name"": ""\ud55c\uad6d\uc5b4/\uc870\uc120\ub9d0""}]","[""KR""]",null
168211,Kordavision: The man who shot Che Guevara,Kordavision: The man who shot Che Guevara,"Alberto Díaz Korda delivered intense photography experiences throughout his 40-year career. KordaVision traces this brilliant career from his beginning in Havana, Cuba, until he became Fidel Castro's personal photographer from 1959 through 1968.",A Cuban Revelation,Released,False,False,2005-04-27,90,0,0,0.1306,0.0,0,en,,tt0472386,/dv7R7AN7CXQJHdIAmGNKgwBRqAT.jpg,,"[{""id"": 99, ""name"": ""Documentary""}]",[],"[{""iso_3166_1"": ""US"", ""name"": ""United States of America""}, {""iso_3166_1"": ""MX"", ""name"": ""Mexico""}, {""iso_3166_1"": ""CU"", ""name"": ""Cuba""}]","[{""english_name"": ""Spanish"", ""iso_639_1"": ""es"", ""name"": ""Espa\u00f1ol""}, {""english_name"": ""English"", ""iso_639_1"": ""en"", ""name"": ""English""}]","[""US""]",null
168212,All Over Town,All Over Town,Two vaudevillian comedians try to stage a show in a theatre that has a reputation for being being haunted.,,Released,False,False,1937-08-09,63,0,0,0.7809,6.2,6,en,,tt0028568,/mhzGPpy8ixglU1ytmcHFo8AApg3.jpg,/tSjorg5F3LfuNWqVcw0HYln16yn.jpg,"[{""id"": 35, ""name"": ""Comedy""}]","[{""id"": 1432, ""logo_path"": ""/odyWStT82nGf2LQCyfs7iFudwa0.png"", ""name"": ""Republic Pictures"", ""origin_country"": ""US""}]","[{""iso_3166_1"": ""US"", ""name"": ""United States of America""}]","[{""english_name"": ""English"", ""iso_639_1"": ""en"", ""name"": ""English""}]","[""US""]",null
168216,Peter,"Peter, das Mädchen von der Tankstelle","Starring Francisca Gaál in a breeches role. Dressed as a boy, a street musician gets a job pumping gas. When s/he starts to have feelings for her patron, watch out for complications in this comedy shot in German in Budapest.",,Released,False,False,1934-12-19,85,0,0,0.6359,0.0,0,de,,tt0025647,/bCROOKAgPdos427keK0LAB09Km2.jpg,/4oYPoKiLajNQqtYLo1QzZWGwsb8.jpg,"[{""id"": 35, ""name"": ""Comedy""}, {""id"": 10402, ""name"": ""Music""}]","[{""id"": 7013, ""logo_path"": null, ""name"": ""Hunnia Filmst\u00fadi\u00f3"", ""origin_country"": ""HU""}, {""id"": 36190, ""logo_path"": null, ""name"": ""Universal Pictures Germany"", ""origin_country"": ""DE""}]","[{""iso_3166_1"": ""AT"", ""name"": ""Austria""}, {""iso_3166_1"": ""HU"", ""name"": ""Hungary""}]","[{""english_name"": ""German"", ""iso_639_1"": ""de"", ""name"": ""Deutsch""}]","[""DE"", ""AT""]",null
168217,Lightnin',Lightnin',"Set in a hotel straddling the border between California and Nevada, this early John Ford comedy follows a female hotel owner's efforts to turn a profit and get some work out of her husband.",As Human and Dramatic As the Life Story of Your Best Friend,Released,False,False,1925-08-23,104,0,0,0.451,6.1,5,en,,tt0016022,/82L7Wbguma4hCvFy1fkm5OsVRKP.jpg,/e9ED8yDCxPLFYHmryW5zXAtkjzY.jpg,"[{""id"": 35, ""name"": ""Comedy""}]","[{""id"": 5488, ""logo_path"": ""/3O2mAL8Z32SbKtQK7h9ePZjtzSu.png"", ""name"": ""Fox Film Corporation"", ""origin_country"": ""US""}]","[{""iso_3166_1"": ""US"", ""name"": ""United States of America""}]","[{""english_name"": ""No Language"", ""iso_639_1"": ""xx"", ""name"": ""No Language""}]","[""US""]",null
168223,In Tahrir Square: 18 Days of Egypt's Unfinished Revolution,In Tahrir Square: 18 Days of Egypt's Unfinished Revolution,"With footage shot in the center of Egypt's Tahrir Square from the beginning of the battles to the climax of the celebration, audiences experience first-hand the people-powered revolt that brought down a dictator and changed Egypt forever.",,Released,False,False,2012-01-14,36,0,0,0.1326,5.7,10,en,,tt2034696,/4NPdbUoowFjnDM9nRPfWDz5nJh6.jpg,/w2G4R0pF9KkjUA1CaNK7QvJrZmC.jpg,"[{""id"": 99, ""name"": ""Documentary""}]",[],[],[],"[""US""]",null
168224,Lon Chaney: Behind the Mask,Lon Chaney: Behind the Mask,"A documentary on the life and career of actor Lon Chaney, with clips from his films and interviews with people who knew him.",,Released,False,False,1995-01-01,65,0,0,0.2611,8.0,1,en,,tt0180804,/fp649qYk8KVCDRPOKvu7cSFtQKa.jpg,,"[{""id"": 99, ""name"": ""Documentary""}]",[],[],"[{""english_name"": ""English"", ""iso_639_1"": ""en"", ""name"": ""English""}]","[""US""]",null
168227,The Asphalt Kings,عفاريت الاسفلت,"A raucous and amazingly irreverent look at contemporary Cairo, THE ASPHALT KING centers on Sayed, a swaggering cabdriver and (to his mind) born womanizer. Embroiled in a torrid affair with a buxom neighbor, Sayed pays his best friend Ringo to keep the neighbor's barber husband busy -- but the husband, as well as Ringo, Sayed's mother, father, sister and grandfather, have their own amorous intrigues brewing. Director Oussama Fawzi has been hailed as the brightest young director to have recently emerged in Egyptian cinema.",,Released,False,False,1996-03-27,120,0,0,0.6243,5.0,3,ar,,tt0115477,/wftxYuFNfDZ8Rr6LsjKvXrJL4yC.jpg,/fn2tC7tVm1K0c4bKBzsKgAcqVl0.jpg,"[{""id"": 28, ""name"": ""Action""}, {""id"": 18, ""name"": ""Drama""}, {""id"": 53, ""name"": ""Thriller""}]","[{""id"": 142661, ""logo_path"": ""/q6WpvoparxwdXFb8YeKrBSdymjx.png"", ""name"": ""Aflam Guirguiss Fawzy"", ""origin_country"": ""EG""}]","[{""iso_3166_1"": ""EG"", ""name"": ""Egypt""}]","[{""english_name"": ""Arabic"", ""iso_639_1"": ""ar"", ""name"": ""\u0627\u0644\u0639\u0631\u0628\u064a\u0629""}]","[""EG""]",null
168228,Some Call It Loving,Some Call It Loving,A jazz musician falls in love with a comatose woman at a carny sideshow and takes her to his mansion to join his cabinet of sexual curiosities.,The only act of Its kind in the world. For sale.,Released,False,False,1973-11-16,105,0,0,0.5736,4.8,16,en,,tt0070714,/siijljsFvwOUVKBPABiYaCwqktb.jpg,/8pSjKY13oShTV1Mj6KEZwBi7QCF.jpg,"[{""id"": 18, ""name"": ""Drama""}]","[{""id"": 21136, ""logo_path"": null, ""name"": ""James B. Harris Productions"", ""origin_country"": """"}]","[{""iso_3166_1"": ""US"", ""name"": ""United States of America""}]","[{""english_name"": ""English"", ""iso_639_1"": ""en"", ""name"": ""English""}]","[""US""]",null
168230,Assault,Assault,A teenager attempts to keep his composure following a reckless crime.,,Released,False,False,2007-04-15,11,0,0,0.2979,0.0,0,en,http://mdff.ca/,tt1302163,/bzAz7wHKQRlD01NzULq46I0kiaP.jpg,/iu8NWdWRe5ltOmdkubg4J0d3pIT.jpg,"[{""id"": 18, ""name"": ""Drama""}, {""id"": 80, ""name"": ""Crime""}]","[{""id"": 96056, ""logo_path"": ""/o2VlzDYQZyqPnaXx5dyyQ0I1ML1.png"", ""name"": ""Toronto Metropolitan University"", ""origin_country"": ""CA""}, {""id"": 70684, ""logo_path"": ""/5NRl4cajjnw3cL58APB0zHZaAJS.png"", ""name"": ""Medium Density Fibreboard Films"", ""origin_country"": ""CA""}]","[{""iso_3166_1"": ""CA"", ""name"": ""Canada""}]","[{""english_name"": ""English"", ""iso_639_1"": ""en"", ""name"": ""English""}]","[""CA""]","{""id"": 778908, ""name"": ""The MDF Trilogy"", ""poster_path"": null, ""backdrop_path"": null}"
168231,Princess Margaret Blvd.,Princess Margaret Blvd.,"An introduction to Isabelle, as she defiantly confronts the frustration, confusion and loneliness that are the effects of Alzheimer’s.",,Released,False,False,2008-09-04,14,0,0,0.0593,0.0,0,en,http://mdff.ca/,tt1264106,/3idJ4lQaDKd2gt7BQC8J0POlPug.jpg,,"[{""id"": 18, ""name"": ""Drama""}]","[{""id"": 70684, ""logo_path"": ""/5NRl4cajjnw3cL58APB0zHZaAJS.png"", ""name"": ""Medium Density Fibreboard Films"", ""origin_country"": ""CA""}, {""id"": 96056, ""logo_path"": ""/o2VlzDYQZyqPnaXx5dyyQ0I1ML1.png"", ""name"": ""Toronto Metropolitan University"", ""origin_country"": ""CA""}]","[{""iso_3166_1"": ""CA"", ""name"": ""Canada""}]","[{""english_name"": ""English"", ""iso_639_1"": ""en"", ""name"": ""English""}]","[""CA""]","{""id"": 778908, ""name"": ""The MDF Trilogy"", ""poster_path"": null, ""backdrop_path"": null}"
168232,Out in That Deep Blue Sea,Out in That Deep Blue Sea,"A real estate agent encounters a slump late in his career. Exhibiting questionable behaviour, he struggles to find balance between his professional obligations and personal relationships.",,Released,False,False,2009-09-10,16,0,0,0.0322,2.0,1,en,http://mdff.ca/,tt1493062,/kv7fgS1LebOp1e2iGJ2NNpxHJtx.jpg,,"[{""id"": 18, ""name"": ""Drama""}]","[{""id"": 70684, ""logo_path"": ""/5NRl4cajjnw3cL58APB0zHZaAJS.png"", ""name"": ""Medium Density Fibreboard Films"", ""origin_country"": ""CA""}]","[{""iso_3166_1"": ""CA"", ""name"": ""Canada""}]","[{""english_name"": ""English"", ""iso_639_1"": ""en"", ""name"": ""English""}]","[""CA""]","{""id"": 778908, ""name"": ""The MDF Trilogy"", ""poster_path"": null, ""backdrop_path"": null}"
168233,Green Crayons,Green Crayons,"The more they spit, the more they enjoy themselves. But when the teacher arrives, Xavier and Liam are moulded by their actions.",,Released,False,False,2010-09-14,10,0,0,0.1001,5.0,1,en,http://mdff.ca/,tt1699129,/1w0gTq4wLSe3bubutZZ0SbUwqi7.jpg,,"[{""id"": 18, ""name"": ""Drama""}]","[{""id"": 70684, ""logo_path"": ""/5NRl4cajjnw3cL58APB0zHZaAJS.png"", ""name"": ""Medium Density Fibreboard Films"", ""origin_country"": ""CA""}]","[{""iso_3166_1"": ""CA"", ""name"": ""Canada""}]","[{""english_name"": ""English"", ""iso_639_1"": ""en"", ""name"": ""English""}]","[""CA""]",null
168234,The Rambler Rides Again,大草原の渡り鳥,"In this fifth episode of the ""Wataridori"" series, Taki Shinji (Kobayashi Akira) drifts north to Hokkaido, where he helps protect an Ainu village from unscrupulous land developers.",,Released,False,False,1960-10-12,83,0,0,0.8397,0.0,0,ja,,tt0160170,/vKwV5yzQ5zKdGW5192g4Aoadsd7.jpg,,"[{""id"": 37, ""name"": ""Western""}, {""id"": 80, ""name"": ""Crime""}]","[{""id"": 955, ""logo_path"": ""/5xnXD3PJI1HqOJceSAKZ3fDqO1V.png"", ""name"": ""Nikkatsu Corporation"", ""origin_country"": ""JP""}]","[{""iso_3166_1"": ""JP"", ""name"": ""Japan""}]","[{""english_name"": ""Japanese"", ""iso_639_1"": ""ja"", ""name"": ""\u65e5\u672c\u8a9e""}]","[""JP""]","{""id"": 783248, ""name"": ""The Rambler Series"", ""poster_path"": null, ""backdrop_path"": null}"
168235,"I, Pet Goat II","I, Pet Goat II","I, Pet Goat II is an animated film brimming with silent messages and esoteric symbolism. While the movie has no dialog, each symbol tells a piece of a story that covers the fields of history, politics, war, occultism and spirituality. This film explores the Fire of Truth at the Heart of Suffering in a lyrical way. SYMBOLIC REMIX OF THE WORLD’S MODERN TRAVESTIES RENDERED WITH AN INCREDIBLE LEVEL OF POLISH BY A NEW CANADIAN ANIMATION STUDIO.",,Released,False,False,2012-03-15,8,0,0,0.0958,6.5,13,en,,tt2434578,/8PbFr2TADC4BYbruLhqjsnzSxQT.jpg,/1ZqRItJf8GlC7R4wEdfDWSc2mqN.jpg,"[{""id"": 16, ""name"": ""Animation""}, {""id"": 18, ""name"": ""Drama""}]",[],"[{""iso_3166_1"": ""CA"", ""name"": ""Canada""}]","[{""english_name"": ""English"", ""iso_639_1"": ""en"", ""name"": ""English""}]","[""CA"", ""US""]",null
168238,Christine,Christine,"Christine is a pasty-faced teen in a windbreaker and ill-fitting striped shirt who walks endlessly from one friend's house to another, delivering heroin while their parents are absent.",,Released,False,False,1987-09-23,52,0,0,0.8812,7.5,13,en,,tt0249442,/l0l1Yftd8fyeriGBxYC5mKpE57M.jpg,/uYIKcUnC2AF1kev4xeuSkV1Rur2.jpg,"[{""id"": 10770, ""name"": ""TV Movie""}, {""id"": 18, ""name"": ""Drama""}]","[{""id"": 3324, ""logo_path"": ""/dqT3yOTlfJRmtvk52Ccd1O6dZ0A.png"", ""name"": ""BBC"", ""origin_country"": ""GB""}]","[{""iso_3166_1"": ""GB"", ""name"": ""United Kingdom""}]","[{""english_name"": ""English"", ""iso_639_1"": ""en"", ""name"": ""English""}]","[""GB""]",null
168241,Hanns Dieter Hüsch - Wir sehen uns wieder,Hanns Dieter Hüsch - Wir sehen uns wieder,,,Released,False,True,1999-01-01,0,0,0,0.0071,0.0,0,de,,,,,[],[],[],"[{""english_name"": ""German"", ""iso_639_1"": ""de"", ""name"": ""Deutsch""}]","[""DE""]",null
168242,Eppadi Manasukkul Vanthai,எப்படி மனசுக்குள் வந்தாய்,"Eppadi Manasukkul Vanthai is a 2012 Tamil romantic thriller film directed by P. V. Prasath, starring Vishva, Irfaan, Tanvi Vyas.",,Released,False,False,2012-08-10,155,0,0,0.2972,7.0,1,ta,,tt2350746,,,[],"[{""id"": 26644, ""logo_path"": null, ""name"": ""MK Enterprise"", ""origin_country"": """"}]","[{""iso_3166_1"": ""IN"", ""name"": ""India""}]","[{""english_name"": ""Tamil"", ""iso_639_1"": ""ta"", ""name"": ""\u0ba4\u0bae\u0bbf\u0bb4\u0bcd""}]","[""IN""]",null
168243,Zila Ghaziabad,ज़िला गाज़ियाबाद,"In the city of Ghaziabad, gang war breaks between two rival groups led by Satbir Singh and Fauji. Thakur Pritam Singh, a corrupt police officer, is transferred to the city to handle the situation.",,Released,False,False,2013-02-22,132,0,0,1.2021,4.0,17,hi,,tt2171454,/gUAbhLz7IqztYs7kSTeaAR2qPoP.jpg,/dvK80Mvxh2XBUdpzBeUkKL4l0I2.jpg,"[{""id"": 28, ""name"": ""Action""}, {""id"": 80, ""name"": ""Crime""}, {""id"": 18, ""name"": ""Drama""}]","[{""id"": 97536, ""logo_path"": null, ""name"": ""Soundarya production"", ""origin_country"": """"}]","[{""iso_3166_1"": ""IN"", ""name"": ""India""}]","[{""english_name"": ""Hindi"", ""iso_639_1"": ""hi"", ""name"": ""\u0939\u093f\u0928\u094d\u0926\u0940""}]","[""IN""]",null
168245,Kai Po Che!,कई पो छे!,Three friends growing up in India at the turn of the millennium set out to open a training academy to produce the country's next cricket stars.,Brothers...For Life.,Released,False,False,2013-02-13,126,0,0,1.0284,7.054,147,hi,,tt2213054,/cAlv5vmDXzpVmTCk4DmggUbW7cd.jpg,/uvtQQMCMR50e8Ahs6RRpOrAYk1Y.jpg,"[{""id"": 18, ""name"": ""Drama""}]","[{""id"": 2320, ""logo_path"": ""/nSAXfUCy16cNRiPlBMHeb700t9p.png"", ""name"": ""UTV Motion Pictures"", ""origin_country"": ""IN""}]","[{""iso_3166_1"": ""IN"", ""name"": ""India""}]","[{""english_name"": ""Hindi"", ""iso_639_1"": ""hi"", ""name"": ""\u0939\u093f\u0928\u094d\u0926\u0940""}]","[""IN""]",null
168246,Jabardasth,Jabardasth,Telugu romantic comedy film written and directed by Nandini Reddy under the banner of Sri Sai Ganesh Productions.,,Released,False,False,2013-02-22,153,2700000,3100000,0.3225,3.1,4,te,,tt2699290,,,"[{""id"": 10749, ""name"": ""Romance""}, {""id"": 35, ""name"": ""Comedy""}]","[{""id"": 14146, ""logo_path"": null, ""name"": ""Sri Sai Ganesh Productions"", ""origin_country"": ""IN""}]","[{""iso_3166_1"": ""IN"", ""name"": ""India""}]","[{""english_name"": ""Telugu"", ""iso_639_1"": ""te"", ""name"": ""\u0c24\u0c46\u0c32\u0c41\u0c17\u0c41""}]","[""IN""]",null
168248,The Henderson Monster,The Henderson Monster,"A small town becomes gripped by an ethical debate when the community discovers a moody, egotistical scientist is experimenting with DNA and the creation of new life.",Some things should just be left alone.,Released,False,False,1980-05-27,105,0,0,0.8011,4.0,1,en,,tt0080859,/2NhYUQ3OIG9fYe8R3yrHe3AQgSG.jpg,,"[{""id"": 10770, ""name"": ""TV Movie""}, {""id"": 18, ""name"": ""Drama""}, {""id"": 27, ""name"": ""Horror""}]","[{""id"": 15131, ""logo_path"": null, ""name"": ""Titus Productions"", ""origin_country"": ""US""}]","[{""iso_3166_1"": ""US"", ""name"": ""United States of America""}]","[{""english_name"": ""English"", ""iso_639_1"": ""en"", ""name"": ""English""}]","[""US""]",null
168250,Ich vertraue Dir meine Frau an,Ich vertraue Dir meine Frau an,,,Released,False,False,1943-04-02,88,0,0,0.3694,4.7,9,de,,tt0036031,/56pXjqPC5UYoUzOWqsvSoWXyvI0.jpg,/khlo5H7cTUofQTiuYeDvSQGfAGO.jpg,"[{""id"": 35, ""name"": ""Comedy""}]","[{""id"": 619, ""logo_path"": null, ""name"": ""Terra-Filmkunst"", ""origin_country"": ""DE""}]","[{""iso_3166_1"": ""DE"", ""name"": ""Germany""}]","[{""english_name"": ""German"", ""iso_639_1"": ""de"", ""name"": ""Deutsch""}]","[""DE""]",null
168251,The Man Who Lost Himself,The Man Who Lost Himself,"The life story of Terry Evanshen, a Canadian Football League all-star who fell into a coma after a terrible car accident. When he wakes up, he has no recollection of his family or anything else in his life. His wife has the difficult burden of making him whole again, with unexpected consequences. Based on the biography ""The Man Who Lost Himself"".",The Stranger I Married,Released,False,False,2005-11-15,90,0,0,0.7571,5.2,8,en,,tt0465535,/izo9JrLLR5bMEbw81T8xdqQ631n.jpg,,"[{""id"": 18, ""name"": ""Drama""}]","[{""id"": 22096, ""logo_path"": ""/16Socf4pZHJVwuRcwlCaVFYI1un.png"", ""name"": ""Sarrazin Couture Productions"", ""origin_country"": ""CA""}]","[{""iso_3166_1"": ""CA"", ""name"": ""Canada""}]","[{""english_name"": ""English"", ""iso_639_1"": ""en"", ""name"": ""English""}]","[""CA"", ""US""]",null
168253,She's Not Alone!,She's Not Alone!,"Coming home from the grocery store Kate begins to casually put the food away in the safety of her apartment... but what she doesn't know is there is madman stalking the building. Don't lock the door. Don't close the windows. He's already inside! She's Not Alone! is a throwback to the slasher films of the late 70s and was featured in several horror film festivals, including winning ""Best Exploitation Short"" at the Pollygrind Film Festival.",Don't look out the window... Don't lock the door... He's already inside!,Released,False,False,2012-10-12,9,300,0,0.0505,5.2,3,en,http://www.darkhourfilms.com,tt2194094,,,"[{""id"": 27, ""name"": ""Horror""}]","[{""id"": 32942, ""logo_path"": null, ""name"": ""Dark Hour Films"", ""origin_country"": """"}]","[{""iso_3166_1"": ""US"", ""name"": ""United States of America""}]","[{""english_name"": ""English"", ""iso_639_1"": ""en"", ""name"": ""English""}]","[""US""]",null
168257,Earthflight,Earthflight,Nature documentary that takes a breathtaking flight on the wings of birds across six continents and experiences some of the world's greatest natural spectacles from a bird's-eye view.,,Released,False,False,2013-11-26,360,0,0,0.3861,6.7,12,en,http://www.bbc.co.uk/programmes/b018xsc1,tt2346091,/rmOGEvSD0k4evhozs2oTo7QYHaw.jpg,/ikNPrKQJwwIlFpWymbgqT2w1tJt.jpg,"[{""id"": 99, ""name"": ""Documentary""}]","[{""id"": 3325, ""logo_path"": null, ""name"": ""John Downer Productions Ltd."", ""origin_country"": """"}]","[{""iso_3166_1"": ""GB"", ""name"": ""United Kingdom""}]","[{""english_name"": ""English"", ""iso_639_1"": ""en"", ""name"": ""English""}]","[""US"", ""GB""]",null
168258,Leg ihn um! - Ein Familienfest,Leg ihn um! - Ein Familienfest,"Patriarch and entrepreneur August Manzl is terminally ill. As his four grown-up children are all spoiled and sluggish, he comes up with a rather cynical idea to determine the future leader of the families empire: whoever of his children shows the courage and willpower to end his suffering within the next week will become the sole heir - and simultaneously proof the skills necessary to succeed in a modern business world. Between the children a murderous competition evolves.",,Released,False,False,2013-03-06,102,0,0,0.4655,6.0,1,de,,tt2248418,/jEdiaOK1AUPMVAlKZNdeN2ENN9g.jpg,/myCC4Hh6AlF7uKtnq2aRwcw98gJ.jpg,"[{""id"": 35, ""name"": ""Comedy""}]",[],"[{""iso_3166_1"": ""DE"", ""name"": ""Germany""}]","[{""english_name"": ""German"", ""iso_639_1"": ""de"", ""name"": ""Deutsch""}]","[""DE""]",null
168259,Furious 7,Furious 7,Deckard Shaw seeks revenge against Dominic Toretto and his family for his comatose brother.,Vengeance hits home.,Released,False,False,2015-04-01,139,190000000,1515400000,9.9081,7.218,11208,en,https://www.uphe.com/movies/furious-7,tt2820852,/ktofZ9Htrjiy0P6LEowsDaxd3Ri.jpg,/ehzI1mVcnHqB58NqPyQwpMqcVoz.jpg,"[{""id"": 28, ""name"": ""Action""}, {""id"": 80, ""name"": ""Crime""}, {""id"": 53, ""name"": ""Thriller""}]","[{""id"": 333, ""logo_path"": ""/5xUJfzPZ8jWJUDzYtIeuPO4qPIa.png"", ""name"": ""Original Film"", ""origin_country"": ""US""}, {""id"": 1225, ""logo_path"": ""/rIxhJMR7oK8b2fMakmTfRLY2TZv.png"", ""name"": ""One Race"", ""origin_country"": ""US""}, {""id"": 33, ""logo_path"": ""/8lvHyhjr8oUKOOy2dKXoALWKdp0.png"", ""name"": ""Universal Pictures"", ""origin_country"": ""US""}]","[{""iso_3166_1"": ""US"", ""name"": ""United States of America""}]","[{""english_name"": ""Arabic"", ""iso_639_1"": ""ar"", ""name"": ""\u0627\u0644\u0639\u0631\u0628\u064a\u0629""}, {""english_name"": ""English"", ""iso_639_1"": ""en"", ""name"": ""English""}, {""english_name"": ""Spanish"", ""iso_639_1"": ""es"", ""name"": ""Espa\u00f1ol""}, {""english_name"": ""Thai"", ""iso_639_1"": ""th"", ""name"": ""\u0e20\u0e32\u0e29\u0e32\u0e44\u0e17\u0e22""}]","[""US""]","{""id"": 9485, ""name"": ""The Fast and the Furious Collection"", ""poster_path"": ""/zOCnMPoUxgJK1RFPfN4PcnT16gr.jpg"", ""backdrop_path"": ""/z5A5W3WYJc3UVEWljSGwdjDgQ0j.jpg""}"
168261,Shadow of the Holy Book,Pyhän kirjan varjo,"An investigative documentary about the violation of human rights in Turkmenistan, and the willingness of Western companies to turn a blind eye for financial gain.",,Released,False,False,2007-11-24,90,0,0,0.2512,5.4,6,fi,,tt1139618,,,"[{""id"": 99, ""name"": ""Documentary""}]","[{""id"": 70772, ""logo_path"": ""/4dZxmrKg3uLLnI6oXqOKFIaXrgZ.png"", ""name"": ""Art Films Production"", ""origin_country"": ""FI""}]","[{""iso_3166_1"": ""FI"", ""name"": ""Finland""}]","[{""english_name"": ""English"", ""iso_639_1"": ""en"", ""name"": ""English""}, {""english_name"": ""Finnish"", ""iso_639_1"": ""fi"", ""name"": ""suomi""}, {""english_name"": ""Turkmen"", ""iso_639_1"": ""tk"", ""name"": """"}]","[""FI""]",null
168267,Ranger of Cherokee Strip,Ranger of Cherokee Strip,"Having been framed for murder, the half-breed Joe Bearclaws (Douglas Kennedy) escapes from jail and Ranger Steve Howard (Monte Hale) goes after him. He catches up with him in the Cherokee Strip where he has no authority. Joe is then framed for another murder and this time Steve knows he is innocent and goes after the real killer.",MONTE'S GUNS ROAR A DEADLY CHALLENGE TO CHAMPION A DESPERATE CAUSE!,Released,False,False,1949-11-04,60,0,0,0.9822,0.0,0,en,,tt0041783,/eM904gs0eoH5LNAkAPQoqWS8PUI.jpg,/xVIUGb1V5kA9gqE0IGXe1DcNI8u.jpg,"[{""id"": 37, ""name"": ""Western""}]","[{""id"": 1432, ""logo_path"": ""/odyWStT82nGf2LQCyfs7iFudwa0.png"", ""name"": ""Republic Pictures"", ""origin_country"": ""US""}]","[{""iso_3166_1"": ""US"", ""name"": ""United States of America""}]","[{""english_name"": ""English"", ""iso_639_1"": ""en"", ""name"": ""English""}]","[""US""]",null
168271,De kerstman die geen kerst wilde vieren,De kerstman die geen kerst wilde vieren,,,Released,False,False,2002-11-14,0,0,0,0.0071,0.0,0,nl,,,,,[],[],[],"[{""english_name"": ""Dutch"", ""iso_639_1"": ""nl"", ""name"": ""Nederlands""}]","[""NL""]",null
168273,Library War: The Wings of Revolution,図書館戦争 革命のつばさ,"Kasahara Iku and Dojo Atsushi receive an emergency recall in the middle of their date as Japan is rocked by a terror attack. Their new duty is a protection detail assigned to Touma Kurato, an author. Meanwhile, the relationship between Librarians and the Media Purity Committee is also worsening. During yet another hostile confrontation, Dojo is seriously wounded. Although Kasahara is badly flustered by this turn of events, Dojo still sees fit to entrust her with Touma's protection.",,Released,False,False,2012-06-15,105,0,0,2.5585,6.3,7,ja,,tt2220674,/2Xeuh79j2N2Ag9P5QP2C3qVHNyR.jpg,/f1CjCd3HAQGrhNlN902gBlNv9Z1.jpg,"[{""id"": 28, ""name"": ""Action""}, {""id"": 16, ""name"": ""Animation""}, {""id"": 878, ""name"": ""Science Fiction""}, {""id"": 10749, ""name"": ""Romance""}]","[{""id"": 529, ""logo_path"": ""/rwB6w2aPENQbx756pBWSw44Ouk.png"", ""name"": ""Production I.G"", ""origin_country"": ""JP""}]","[{""iso_3166_1"": ""JP"", ""name"": ""Japan""}]","[{""english_name"": ""Japanese"", ""iso_639_1"": ""ja"", ""name"": ""\u65e5\u672c\u8a9e""}]","[""JP""]",null
168275,The Lost Tomb Of Jesus: A Critical Look,The Lost Tomb Of Jesus: A Critical Look,"Following the March 4, 2007, airing of The Lost Tomb of Jesus on the Discovery Channel, American journalist Ted Koppel aired a program entitled The Lost Tomb of Jesus—A Critical Look, whose guests included the director Simcha Jacobovici, James Tabor, Chair of the Department of Religious Studies at the University of North Carolina at Charlotte who served as a consultant and advisor on the documentary, Jonathan Reed, Professor of Religion at the University of LaVerne and co-author of Excavating Jesus Beneath the Stones, Behind the Text, and William Dever, an archaeologist with over 50 years experience in Middle Eastern archaeological digs.",,Released,False,False,2007-03-04,54,0,0,0.1589,0.0,0,en,,,/7IBQx0GcmepX0A4qMWjFDczvlqY.jpg,,[],[],[],[],"[""US""]",null
168276,More Than Chance,More Than Chance,"Based on life of Kelsey Minick, a young Ukrainian woman who was violently assaulted by her adoptive father, leaving her paraplegic. Now, she must learn to trust adults, begin the healing process and deal with their disabilities.",,Released,False,False,2010-01-01,93,100000,0,0.0935,5.7,3,en,,tt3902054,/iRzkw2WdepLemshePLnJsFopy2x.jpg,,[],[],[],"[{""english_name"": ""English"", ""iso_639_1"": ""en"", ""name"": ""English""}]","[""US""]",null
168277,The Champagne Safari,The Champagne Safari,"The story of Charles E. Bedaux, Franco-American industrial efficiency expert, adventurer, and Nazi collaborator.  In 1934, he bankrolled a 1,200-mile expedition across northern Canada, supported by an outrageously equipped entourage. Documentary about a wealthy adventurer whose Nazi ties eventually led to charges of treason.",,Released,False,False,1995-08-05,100,0,0,0.3571,7.0,1,en,,tt0112657,/sUZRq3WgbnzwOexSqOm9hLOLToZ.jpg,,"[{""id"": 99, ""name"": ""Documentary""}]",[],"[{""iso_3166_1"": ""US"", ""name"": ""United States of America""}]",[],"[""US""]",null
168278,Between the Buried and Me: Colors_LIVE,Between the Buried and Me: Colors_LIVE,"Colors Live (stylized as Colors_LIVE) is the first video album from Between the Buried and Me, was released on October 14, 2008. The concert was filmed at the Rocketown in Nashville, Tennessee on Friday, August 2, 2008. The album peaked at number 100 on the Billboard 200 chart.  The band played two sets during the concert—the first included the band's 2007 Colors album in its entirety and the second was of previously released songs as voted by fans via a special website. The DVD includes both sets. The audio CD contains only the band's performance of Colors.  The DVD is mixed in Dolby Stereo, contrary to the most current live releases which make heavy use of surround sound. There is a slideshow on the DVD including photography from David Shaw and Eric Dale; both photographers took all photography for the CD and DVD.",,Released,False,True,2008-10-14,115,0,0,0.1281,10.0,2,en,http://www.betweentheburiedandme.com/,,/hWsBDLCIJgp2QwlX5fORDlJ4i6c.jpg,,"[{""id"": 10402, ""name"": ""Music""}]","[{""id"": 98575, ""logo_path"": null, ""name"": ""United Saints"", ""origin_country"": """"}]","[{""iso_3166_1"": ""US"", ""name"": ""United States of America""}]","[{""english_name"": ""English"", ""iso_639_1"": ""en"", ""name"": ""English""}]","[""US""]",null
168279,Here comes another one,Ha-Meticha Ha'Gdola,"Style film that has him pulling practical jokes on average citizens, such as when he convinces people that an alien spaceship has landed in Tel Aviv. Other gags include an ATM that speaks English to bewildered patrons, a family aghast to find their Mohel wielding a butcher knife and a buxom pedestrian convinced to audition for a topless",,Released,False,False,1984-07-04,84,0,0,0.0363,4.5,2,he,,tt1020890,,,[],[],[],"[{""english_name"": ""Hebrew"", ""iso_639_1"": ""he"", ""name"": ""\u05e2\u05b4\u05d1\u05b0\u05e8\u05b4\u05d9\u05ea""}]","[""IL""]",null
168280,Alive! Is Michael Jackson Really Dead?,Alive! Is Michael Jackson Really Dead?,"Investigative journalist, Pearl Jr, explores the possibility that Michael Jackson faked his death.",There's two-sides to every story!,Released,False,False,2011-03-01,89,35000,0,0.0839,1.0,1,en,,tt1950069,,,"[{""id"": 99, ""name"": ""Documentary""}]","[{""id"": 39493, ""logo_path"": null, ""name"": ""Elbow Grease Productions"", ""origin_country"": """"}]","[{""iso_3166_1"": ""US"", ""name"": ""United States of America""}]","[{""english_name"": ""English"", ""iso_639_1"": ""en"", ""name"": ""English""}]","[""US""]",null
168281,The Money Jungle,The Money Jungle,"When four geologists who form a combine of five industrial companies turn up dead, the race is on to determine whether the culprit is a group of high-powered industrial interests or the government. A trouble-shooter is hired to find a net of deadly intrigue and treachery. The prize: a field to be leased to private industry by the state.",At Stake...TEN BILLION DOLLARS! In the Most Bizarre Crime Caper Ever Conceived!,Released,False,False,1967-12-15,95,0,0,1.141,5.0,4,en,,tt0063322,/a8Kk8p9PYJZ8G1ERjPhXFfjr3th.jpg,/kRTcPWnqI5uAwELdPak6rZ7vJVT.jpg,"[{""id"": 53, ""name"": ""Thriller""}, {""id"": 18, ""name"": ""Drama""}]","[{""id"": 51658, ""logo_path"": null, ""name"": ""Harold Goldman Associates"", ""origin_country"": """"}]","[{""iso_3166_1"": ""US"", ""name"": ""United States of America""}]","[{""english_name"": ""English"", ""iso_639_1"": ""en"", ""name"": ""English""}]","[""US""]",null
168283,Fire on the Mountain,Fire on the Mountain,"A documentary film about the exploits of the 10th Mountain Division, an elite group of mountain climbers who fought decisive battles against the Nazis in the Italian Alps during the final days of World War II. From the intensive training atop the Colorado Rockies to the spectacular night climb of Italy's Riva Ridge.",Fighting the Nazis on Skis,Released,False,False,1996-11-29,72,0,0,0.2956,0.0,0,en,,tt0116310,/eBPv4D5nnKCnxnaqg8ywYBGUrgD.jpg,,"[{""id"": 99, ""name"": ""Documentary""}]","[{""id"": 4095, ""logo_path"": ""/zR0M1hMBNRKyYnRHMidK9WjUsUX.png"", ""name"": ""First Run Features"", ""origin_country"": ""US""}]","[{""iso_3166_1"": ""US"", ""name"": ""United States of America""}]","[{""english_name"": ""English"", ""iso_639_1"": ""en"", ""name"": ""English""}]","[""US""]",null
168285,Sheriff of Cimarron,Sheriff of Cimarron,"Sunset Carson rides into the town of Cimarron looking for his brother and the crooks who framed him for cattle rustling. When he's made sheriff, he struggles to keep order in a place overrun by thieves and liars. Cimarron is a wild town overrun by outlaws. Sunset, who was framed as a cattle rustler, has just been released from prison after 3 years when he winds up in Cimarron.",THRILLS!...SPILLS!...ACTION!,Released,False,False,1945-02-28,56,0,0,1.0515,6.0,1,en,,tt0038085,/60N5hXQfOQxcjGluojAi77Aa7pZ.jpg,/gxMiAHdro9ghd7ei4aegiTddDef.jpg,"[{""id"": 37, ""name"": ""Western""}]","[{""id"": 1432, ""logo_path"": ""/odyWStT82nGf2LQCyfs7iFudwa0.png"", ""name"": ""Republic Pictures"", ""origin_country"": ""US""}]","[{""iso_3166_1"": ""US"", ""name"": ""United States of America""}]","[{""english_name"": ""English"", ""iso_639_1"": ""en"", ""name"": ""English""}]","[""US""]",null
168291,Wall Street Cowboy,Wall Street Cowboy,"When his ranch falls on hard times, Cowboy Roy Roger has trouble making his mortgage payment and he takes his song and dance to Wall Street to try to raise cash fast.",,Released,False,False,1939-08-06,66,0,0,0.5583,4.7,3,en,,tt0032107,/wZI0J87vVFSZSZzf4NT6K6c7FON.jpg,/xiNM2WH26nKWpCZsP474wd5a3Kw.jpg,"[{""id"": 37, ""name"": ""Western""}]",[],"[{""iso_3166_1"": ""US"", ""name"": ""United States of America""}]","[{""english_name"": ""English"", ""iso_639_1"": ""en"", ""name"": ""English""}]","[""US""]",null
168294,Curfew,حتى إشعار آخر,"This drama portrays a day in the life of a Palestinian family during a curfew  announced by the Israeli army in a Palestinian refugee camp on the Gaza Strip in 1993. From that point on, they must live behind closed shutters, barred from their daily lives and needs.",,Released,False,False,1994-01-02,74,0,0,0.4363,4.0,3,ar,,tt0109996,/uHudW5F6nUeL0VyWksMU3FaR7sp.jpg,,"[{""id"": 18, ""name"": ""Drama""}]","[{""id"": 201, ""logo_path"": ""/6UIpEURdjnmcJPwgTDRzVRuwADr.png"", ""name"": ""ARTE"", ""origin_country"": ""FR""}, {""id"": 233, ""logo_path"": null, ""name"": ""Argus Film Produktie"", ""origin_country"": ""NL""}, {""id"": 46, ""logo_path"": ""/3xFdKHLXPGHEbrAkmsepGE8974Y.png"", ""name"": ""WDR"", ""origin_country"": ""DE""}, {""id"": 132483, ""logo_path"": null, ""name"": ""Ayloul Films"", ""origin_country"": ""PS""}]","[{""iso_3166_1"": ""FR"", ""name"": ""France""}, {""iso_3166_1"": ""DE"", ""name"": ""Germany""}, {""iso_3166_1"": ""NL"", ""name"": ""Netherlands""}, {""iso_3166_1"": ""PS"", ""name"": ""Palestinian Territory""}]","[{""english_name"": ""Arabic"", ""iso_639_1"": ""ar"", ""name"": ""\u0627\u0644\u0639\u0631\u0628\u064a\u0629""}, {""english_name"": ""Hebrew"", ""iso_639_1"": ""he"", ""name"": ""\u05e2\u05b4\u05d1\u05b0\u05e8\u05b4\u05d9\u05ea""}]","[""PS""]",null
168295,A Legend or Was It?,死闘の伝説,"A Tokyo family escaping the war relocates to a Hokkaido village; their daughter is set to marry the local leader's son, but her siblings disapprove.",,Released,False,False,1963-08-11,83,0,0,1.6481,6.8,13,ja,,tt0057494,/vFXpXFfLM5NYiEAQiRkz298ZmvG.jpg,/1PsQ7dqKr8ZRzHBpOKilx9l5RZs.jpg,"[{""id"": 18, ""name"": ""Drama""}, {""id"": 53, ""name"": ""Thriller""}, {""id"": 10752, ""name"": ""War""}, {""id"": 37, ""name"": ""Western""}]","[{""id"": 192, ""logo_path"": ""/93eAKlnQecDdMtucfOprzcjMw9V.png"", ""name"": ""Shochiku"", ""origin_country"": ""JP""}]","[{""iso_3166_1"": ""JP"", ""name"": ""Japan""}]","[{""english_name"": ""Japanese"", ""iso_639_1"": ""ja"", ""name"": ""\u65e5\u672c\u8a9e""}]","[""JP""]",null
168296,Salt Lake Raiders,Salt Lake Raiders,"A man is sent to jail for murder escapes while being transferred, Rocky is sent to bring him in. When he catches him in a ghost town the man claims to be innocent and was trying to clear himself by finding the stolen money that was never recoveded at the time of the killing. But then they find themselves prisoners of an outlaw gang that is also after the money.","SMOKING SIX-GUNS SETTLE A SCORE!...as ""Rocky"" Blasts His Way Out Of A Killer's Trap!",Released,False,False,1950-05-01,60,0,0,0.8142,6.0,1,en,,tt0042917,/4Km07acazRaYmokKXR5s64UAwSm.jpg,/hgXH78oK3X1l5N3JtUC9DtOpt01.jpg,"[{""id"": 37, ""name"": ""Western""}]","[{""id"": 1432, ""logo_path"": ""/odyWStT82nGf2LQCyfs7iFudwa0.png"", ""name"": ""Republic Pictures"", ""origin_country"": ""US""}]","[{""iso_3166_1"": ""US"", ""name"": ""United States of America""}]","[{""english_name"": ""English"", ""iso_639_1"": ""en"", ""name"": ""English""}]","[""US""]",null
168297,Fatherhood Dreams,Fatherhood Dreams,This documentary gives the viewer full access to three families headed by gay fathers.,,Released,False,False,2007-11-17,55,0,0,0.0214,2.7,3,en,http://www.fatherhooddreams.com,tt1278229,/jasyfLyYmJ4E9kridsHsdIvVHHG.jpg,/2K6lK7TsqFOpfMHzEgMUTG6KA4c.jpg,"[{""id"": 99, ""name"": ""Documentary""}]",[],"[{""iso_3166_1"": ""CA"", ""name"": ""Canada""}]",[],"[""US"", ""CA""]",null
168299,Supercock,Supercock,An American cowboy in the Philippines gets mixed up in cockfighting.,"Meet Friendly, he's one helluva tough bird.",Released,False,False,1975-05-01,90,0,0,0.472,3.7,3,en,,tt0073767,/zi6REHykiR8FIR18MGfS1S9sf1C.jpg,/EPNgy0aKOyYqtpHakDx7QoNvkN.jpg,"[{""id"": 35, ""name"": ""Comedy""}, {""id"": 80, ""name"": ""Crime""}, {""id"": 28, ""name"": ""Action""}]","[{""id"": 83669, ""logo_path"": null, ""name"": ""Hagen-Wayne Film Organization"", ""origin_country"": """"}]","[{""iso_3166_1"": ""PH"", ""name"": ""Philippines""}, {""iso_3166_1"": ""US"", ""name"": ""United States of America""}]","[{""english_name"": ""English"", ""iso_639_1"": ""en"", ""name"": ""English""}]","[""US""]",null
168300,Jubilation Street,歓呼の町,The few residents left on the streets in Tokyo share their individual stories and come to understand the melancholy of saying goodbye.,,Released,False,False,1944-06-08,73,0,0,1.2834,5.9,7,ja,,tt0036977,/pQV3wuiRtMqdrroNjweuVfU2iQW.jpg,/pOqMzL2KRdrgzWnHtntLVCgYkWf.jpg,"[{""id"": 10752, ""name"": ""War""}, {""id"": 18, ""name"": ""Drama""}]","[{""id"": 192, ""logo_path"": ""/93eAKlnQecDdMtucfOprzcjMw9V.png"", ""name"": ""Shochiku"", ""origin_country"": ""JP""}]","[{""iso_3166_1"": ""JP"", ""name"": ""Japan""}]","[{""english_name"": ""Japanese"", ""iso_639_1"": ""ja"", ""name"": ""\u65e5\u672c\u8a9e""}]","[""JP""]",null
168304,T Is for Teacher,T Is for Teacher,Examines the outcomes for four trans-gender school teachers who transition from male to female in North American high schools.,,Released,False,False,2009-03-27,71,30000,0,0.0214,8.0,1,en,http://www.rohanspong.net/teacher/,tt1409711,,,[],[],[],[],"[""US""]",null
168305,Born This Way,Born This Way,"Born This Way is a portrait of the underground gay and lesbian community in Cameroon. It follows Cedric and Gertrude, two young Cameroonians, as they move between a secret, supportive LGBT community and an outside culture that, though intensely homophobic, is in transition toward greater acceptance.",,Released,False,False,2013-02-09,55,0,0,0.0261,4.4,7,en,http://www.bornthiswaydocumentary.com/,tt2555166,/bL3RzUsylQtv6ERlGfn8fANSmLe.jpg,/j5NEMRctMdfjNgxpJLfI3G3Luq8.jpg,[],[],"[{""iso_3166_1"": ""US"", ""name"": ""United States of America""}, {""iso_3166_1"": ""CM"", ""name"": ""Cameroon""}]","[{""english_name"": ""French"", ""iso_639_1"": ""fr"", ""name"": ""Fran\u00e7ais""}]","[""US""]",null
168306,Summer 2007,Summer 2007,"Thinking that the internship they've just signed up for will be a breeze, five disaffected medical students receive a rude awakening. Hoping to be stationed near Goa, enjoy and have some fun, they instead find themselves in a remote place.They're assigned to a rural village in India crippled by poverty, malnutrition and sickness.",,Released,False,False,2008-06-13,166,0,0,0.5451,0.0,0,hi,,tt1260689,/jsPNkYZEPE3c0eXxXMNZWeGdAHU.jpg,,"[{""id"": 18, ""name"": ""Drama""}]",[],"[{""iso_3166_1"": ""IN"", ""name"": ""India""}]","[{""english_name"": ""Hindi"", ""iso_639_1"": ""hi"", ""name"": ""\u0939\u093f\u0928\u094d\u0926\u0940""}]","[""IN""]",null
168307,California Joe,California Joe,"During the Civil War, three American soldiers are sent, disguised as civilians, to California to gather evidence that Southern agents there are agitating for that state to join the Confederacy with the aid of California's governor.",RED RIDES AGAIN!,Released,False,False,1943-12-29,55,0,0,0.9483,0.0,0,en,,tt0036687,/f8sRMmSoPiOoZ3xAmEiuEFkNoxq.jpg,/odRUnfYyF74ck52nJxIENHWh9rC.jpg,"[{""id"": 37, ""name"": ""Western""}]","[{""id"": 1432, ""logo_path"": ""/odyWStT82nGf2LQCyfs7iFudwa0.png"", ""name"": ""Republic Pictures"", ""origin_country"": ""US""}]","[{""iso_3166_1"": ""US"", ""name"": ""United States of America""}]","[{""english_name"": ""English"", ""iso_639_1"": ""en"", ""name"": ""English""}]","[""US""]",null
168308,Coming Forth by Day,الخروج للنهار,"One day in the life of Soad, who lives with her mother and bed-ridden father on the outskirts of Cairo.",,Released,False,False,2012-10-18,96,0,0,0.2307,6.0,11,ar,https://comingforthbyday.wordpress.com,tt2443734,/gAFPLkW6hPCBTqrry5W04bcTuhz.jpg,/zQ15YCZgmbv2SZjuBLLK1XzcWk9.jpg,"[{""id"": 18, ""name"": ""Drama""}]","[{""id"": 108091, ""logo_path"": ""/1OKF0h9kw7xLGtl9APTvcr4nJun.png"", ""name"": ""Hassala Films"", ""origin_country"": ""EG""}]","[{""iso_3166_1"": ""EG"", ""name"": ""Egypt""}]","[{""english_name"": ""Arabic"", ""iso_639_1"": ""ar"", ""name"": ""\u0627\u0644\u0639\u0631\u0628\u064a\u0629""}]","[""EG""]",null
168309,How They Save the World!,สูบคู่กู้โลก,"A Thai comedy about two lazy, quirky bikers who discover than an alien has infested Thailand. The buddies find themselves reluctant heroes when they have to lead the mission to save the world from the uninvited visitors.","When the earth is invaded, man need a hero.",Released,False,False,2012-11-08,112,0,0,1.056,5.7,3,th,,tt2706492,/hmoC7KUd9iy8U0JtF82suqpbUrT.jpg,/mBIqDpeqmGfQPFSKxwsYZDKAAS5.jpg,"[{""id"": 35, ""name"": ""Comedy""}, {""id"": 878, ""name"": ""Science Fiction""}]","[{""id"": 4207, ""logo_path"": ""/v5BSFwIXQmZEO16bClILNrbv4Kl.png"", ""name"": ""Sahamongkolfilm"", ""origin_country"": ""TH""}, {""id"": 123890, ""logo_path"": null, ""name"": ""Pipal Tree"", ""origin_country"": """"}]","[{""iso_3166_1"": ""TH"", ""name"": ""Thailand""}]","[{""english_name"": ""Thai"", ""iso_639_1"": ""th"", ""name"": ""\u0e20\u0e32\u0e29\u0e32\u0e44\u0e17\u0e22""}]","[""TH""]",null
168310,Roland Klick: The Heart Is a Hungry Hunter,Roland Klick: The Heart Is a Hungry Hunter,"The gritty, kinetic, visionary cinema of Roland Klick is ripe for rediscovery. After shooting with international stars, such as Mario Adorf and Dennis Hopper, Klick celebrated international success and achieved cult status. Yet after making only six features, he disappeared from the scene in a rather mysterious way. The story of an uncompromising film maniac.",,Released,False,False,2013-02-08,80,0,0,0.4282,6.4,5,de,,tt2586242,/vgOdiE3Le5SRx39WyIv70dvZmL8.jpg,/4vibuShF5oP9UV7dnTjUqJzEHRg.jpg,"[{""id"": 99, ""name"": ""Documentary""}]","[{""id"": 4606, ""logo_path"": ""/otZHbf1HmzLRQsZFSqJXkf8EHz7.png"", ""name"": ""ZDF"", ""origin_country"": ""DE""}, {""id"": 17178, ""logo_path"": ""/eXbcwmrHmVmgmRFPoYZfbLkt884.png"", ""name"": ""Filmgalerie 451"", ""origin_country"": ""DE""}]","[{""iso_3166_1"": ""DE"", ""name"": ""Germany""}]","[{""english_name"": ""German"", ""iso_639_1"": ""de"", ""name"": ""Deutsch""}]","[""DE""]",null
168311,Icons among us: Jazz in the Present Tense,Icons among us: Jazz in the Present Tense,"Documentary about jazz with a conversation between musicians and the audience. By combining archival footage, interviews with 75 jazz artists and performances culled from 25 hours of concerts, Icons Among Us is a dynamic and engaging document of many of the greatest jazz musicians of today.",,Released,False,True,2009-05-30,93,0,0,0.0553,6.0,1,en,,tt1436557,,,"[{""id"": 99, ""name"": ""Documentary""}]","[{""id"": 4359, ""logo_path"": null, ""name"": ""Paradigm Pictures"", ""origin_country"": """"}]","[{""iso_3166_1"": ""US"", ""name"": ""United States of America""}]","[{""english_name"": ""English"", ""iso_639_1"": ""en"", ""name"": ""English""}]","[""US""]",null
168312,Cantigas de Roda 4,Cantigas de Roda 4,,,Released,False,False,,0,0,0,0.0,0.0,0,pt,,,,,[],[],[],[],"[""PT""]",null
168313,Cantigas de Roda 2,Cantigas de Roda 2,,,Released,False,False,,0,0,0,0.0,0.0,0,pt,,,,,[],[],[],[],"[""PT""]",null
168314,"Kibris, la ley del equilibrio","Kibris, la ley del equilibrio",,,Released,False,False,2005-07-22,0,0,0,0.1771,0.0,0,es,,tt0464996,,,[],[],[],"[{""english_name"": ""Spanish"", ""iso_639_1"": ""es"", ""name"": ""Espa\u00f1ol""}]","[""ES""]",null
168315,Meet Me Tonight,Meet Me Tonight,"Meet Me Tonight was the American title for the British-filmed Tonight at 8:30, adapted from the Noel Coward stage production of the same name.",,Released,False,False,1952-09-09,81,0,0,0.5292,6.7,6,en,,tt0045243,/l7aTkwhztBN2SnjALkUgXYB2k4i.jpg,,"[{""id"": 35, ""name"": ""Comedy""}]","[{""id"": 14377, ""logo_path"": null, ""name"": ""J. Arthur Rank Organisation"", ""origin_country"": ""GB""}, {""id"": 16211, ""logo_path"": null, ""name"": ""British Film-Makers"", ""origin_country"": ""GB""}]","[{""iso_3166_1"": ""GB"", ""name"": ""United Kingdom""}]","[{""english_name"": ""English"", ""iso_639_1"": ""en"", ""name"": ""English""}]","[""GB""]",null
168316,Flying Devils,De flyvende djævle,"A family of aerialists decides to go after the $250,000 prize being offered to any group that can execute a  complicated trapeze maneuver. However, personal dramas and financial difficulties soon threaten to overtake the flyers' pursuit of the elusive quadruple somersault. The film received a Robert Award as the best Danish film of 1985.",,Released,False,False,1985-08-16,115,0,0,0.5906,5.3,3,da,,tt0087274,/6UqqTLXxLpDLiq8KuB66np7vJJS.jpg,/3KjZ3WOw6iNXYvRpo99PruuRZR5.jpg,"[{""id"": 18, ""name"": ""Drama""}]","[{""id"": 9327, ""logo_path"": null, ""name"": ""Crone Film Produktion"", ""origin_country"": ""DK""}]","[{""iso_3166_1"": ""IT"", ""name"": ""Italy""}, {""iso_3166_1"": ""DK"", ""name"": ""Denmark""}, {""iso_3166_1"": ""DE"", ""name"": ""Germany""}, {""iso_3166_1"": ""FR"", ""name"": ""France""}]","[{""english_name"": ""English"", ""iso_639_1"": ""en"", ""name"": ""English""}]","[""DK""]",null
168317,High Tide at Noon,High Tide at Noon,"After returning home to a rugged island near Nova Scotia, Joanna, daughter of the local bigwig, struggles to choose between three eligible bachelors -- the rebel, the steadfast friend and the poetry-quoting newcomer. As the local lobster supply dwindles due to overfishing, the island's inhabitants encounter economic difficulties.",The dramatic ebb and flow of a young girl's love...,Released,False,False,1957-04-30,109,0,0,0.7316,6.0,10,en,,tt0050507,/ww23xgu1ce4rgIega0s6adOf0ek.jpg,/8UUVXSdoufSuPqGBk7X1AQQE9iy.jpg,"[{""id"": 18, ""name"": ""Drama""}, {""id"": 10749, ""name"": ""Romance""}]","[{""id"": 364, ""logo_path"": null, ""name"": ""The Rank Organisation"", ""origin_country"": ""GB""}]","[{""iso_3166_1"": ""GB"", ""name"": ""United Kingdom""}]","[{""english_name"": ""English"", ""iso_639_1"": ""en"", ""name"": ""English""}]","[""GB"", ""US""]",null
168319,Exposed,Exposed,"Beth B takes us into the 21st century underground and reveals a secret world where cutting-edge performers are taking hold of a taboo art form, Burlesque, and driving it to extremes that most people have never seen.  It's satire.  It's parody.  It's a populist blend of art and entertainment that gives new meaning to the word ""transgression."" Above all, it's a lot of fun, and it will blow your mind.",,Released,False,False,2013-02-07,77,0,0,0.4212,4.0,7,en,http://exposedmovie.com/,tt2649370,/jm2TMpecW8d1RlGob0ZZbOO1ipd.jpg,,"[{""id"": 99, ""name"": ""Documentary""}, {""id"": 35, ""name"": ""Comedy""}]",[],"[{""iso_3166_1"": ""US"", ""name"": ""United States of America""}]","[{""english_name"": ""English"", ""iso_639_1"": ""en"", ""name"": ""English""}]","[""US""]",null
168320,The Weight of Elephants,The Weight of Elephants,"Adrian is a classic outsider. His playful, dreamy imagination distracts him from everyday life, for the reality he lives in could not be more different. Neither his chronically depressed uncle nor his overworked grandmother understand the ten-year-old’s games. His mother abandoned him when he was very young and he is bullied at school. Just as news arrives that three children are missing, a new family moves in next door. Adrian develops a close relationship to their tomboyish, ten-year-old daughter Nicole and believes he is getting close to solving the mys- tery of the missing children. New Zealand forms the backdrop for this universal story for adults and those who have never wanted to grow up. It is a story about friendship and loneliness, emotions which Adrian already feels so poignantly as a child. The Danish first-time director’s expressive visual language dramatically merges water and air, reality and a hint of fantasy.",,Released,False,False,2013-02-14,87,0,0,0.4635,6.9,11,en,,tt2395455,/htbhBNleK029WUTOeCacTVLgA5h.jpg,,"[{""id"": 18, ""name"": ""Drama""}]","[{""id"": 76, ""logo_path"": ""/nebkQYtQKhZyHJfh5v0oGpNbPzu.png"", ""name"": ""Zentropa Entertainments"", ""origin_country"": ""DK""}, {""id"": 13160, ""logo_path"": null, ""name"": ""Severe Features"", ""origin_country"": """"}, {""id"": 294, ""logo_path"": ""/a05DY2oSeUOVFDM61RsQa9x9RoC.png"", ""name"": ""New Zealand Film Commission"", ""origin_country"": ""NZ""}, {""id"": 2801, ""logo_path"": ""/bswb1PLLsKDUXMLgy42bZtCtIde.png"", ""name"": ""Film i V\u00e4st"", ""origin_country"": ""SE""}]","[{""iso_3166_1"": ""DK"", ""name"": ""Denmark""}, {""iso_3166_1"": ""NZ"", ""name"": ""New Zealand""}, {""iso_3166_1"": ""SE"", ""name"": ""Sweden""}]","[{""english_name"": ""English"", ""iso_639_1"": ""en"", ""name"": ""English""}]","[""US"", ""NZ"", ""DK""]",null
168321,The Magic Bow,The Magic Bow,"Biography of the famous Italian violinist Nicola Paganini which focuses as much on the musician's romances as it does on his craft. Phyllis Calvert plays Jeanne de Vermond, the aristocratic French woman who captures Paganini's heart, and real-life violin virtuoso Yehudi Menuhin supplies the breathtaking Paganini solos.",,Released,False,False,1946-11-25,106,0,0,0.9016,5.5,8,en,,tt0039594,/25SCnEuPNqeHIiuLKbGlu1z4Mry.jpg,,"[{""id"": 10402, ""name"": ""Music""}, {""id"": 18, ""name"": ""Drama""}, {""id"": 10749, ""name"": ""Romance""}]","[{""id"": 1221, ""logo_path"": null, ""name"": ""Gainsborough Pictures"", ""origin_country"": ""GB""}, {""id"": 14377, ""logo_path"": null, ""name"": ""J. Arthur Rank Organisation"", ""origin_country"": ""GB""}]","[{""iso_3166_1"": ""GB"", ""name"": ""United Kingdom""}]","[{""english_name"": ""English"", ""iso_639_1"": ""en"", ""name"": ""English""}]","[""GB""]",null
168322,UFOs: The Secret History,UFOs: The Secret History,"Documentary about the history of one of the most powerful stories of our time, the UFO phenomenon from the dawn of the modern era through the present time.",,Released,False,False,2010-07-13,102,200000,0,0.1189,7.2,6,en,,tt2526102,/u3dkvzUZI7VEYpc2vsHcfzOQz0E.jpg,,"[{""id"": 99, ""name"": ""Documentary""}]","[{""id"": 101566, ""logo_path"": null, ""name"": ""All in one Films"", ""origin_country"": """"}]",[],[],"[""US""]",null
168323,The Triumph and Tragedy of World Class Championship Wrestling,The Triumph and Tragedy of World Class Championship Wrestling,"Witness some of the most electrifying action in sports-entertainment history from the promotion that broke all the rules, WCCW.",,Released,False,True,2007-12-11,110,0,0,0.5192,9.0,5,en,,tt1219714,/c3BV5qABOg1IQZn7osjBmfjFEQN.jpg,/fJ6Q1c8FZHyvPeZmQwiDFRN8lqg.jpg,"[{""id"": 99, ""name"": ""Documentary""}]","[{""id"": 13651, ""logo_path"": ""/rVJkMs9cSaE1BQoPiDcH6OxmaVZ.png"", ""name"": ""WWE Home Video"", ""origin_country"": ""US""}, {""id"": 146598, ""logo_path"": ""/6B6g6PR19RWX4UVi8Q46lZbwb2L.png"", ""name"": ""World Wrestling Entertainment (WWE)"", ""origin_country"": ""US""}]","[{""iso_3166_1"": ""US"", ""name"": ""United States of America""}]","[{""english_name"": ""English"", ""iso_639_1"": ""en"", ""name"": ""English""}]","[""US""]",null
168325,April Fools,April Fools,"A year ago, DeAnna a young hottie, seduces Melvin the class nerd, only to set him up for a cruel April Fools' joke that inadvertently ended in murder. Now, DeAnna, her boyfriend and her friends are being stalked by a hooded figure. Is Melvin still alive, or is someone avenging his death? It's up to one of the teens' police detective father and his partner to stop the killer before he strikes again.",,Released,False,False,2007-09-11,70,0,0,0.5014,2.0,1,en,,tt1083844,/ktfwUlWEypU59h5kUw5kc2X1uP3.jpg,,"[{""id"": 27, ""name"": ""Horror""}, {""id"": 53, ""name"": ""Thriller""}]","[{""id"": 284616, ""logo_path"": null, ""name"": ""Links Entertainment"", ""origin_country"": ""US""}, {""id"": 284617, ""logo_path"": null, ""name"": ""Pa Pa Productions"", ""origin_country"": ""US""}]","[{""iso_3166_1"": ""US"", ""name"": ""United States of America""}]","[{""english_name"": ""English"", ""iso_639_1"": ""en"", ""name"": ""English""}]","[""US""]",null
168327,Bordertown Gun Fighters,Bordertown Gun Fighters,Cameo Shelby is running a crooked lottery out of El Paso and treasury agent Bill Elliott has been sent to break it up. When Bill intercepts a shipment of tickets to New Mexico he forces Shelby to send incriminating papers in the next shipment. Bill captures these also and now has the evidence he needs to go after Shelby.,,Released,False,False,1943-07-08,56,0,0,1.3099,0.0,0,en,,tt0035693,/oQDSgmZVjffptapJ6Dv1yopnBo9.jpg,/sxC6Z6RiEjGqt1qx8Kh41J7mPDK.jpg,"[{""id"": 37, ""name"": ""Western""}]","[{""id"": 1432, ""logo_path"": ""/odyWStT82nGf2LQCyfs7iFudwa0.png"", ""name"": ""Republic Pictures"", ""origin_country"": ""US""}]","[{""iso_3166_1"": ""US"", ""name"": ""United States of America""}]","[{""english_name"": ""English"", ""iso_639_1"": ""en"", ""name"": ""English""}]","[""US""]",null
168329,Call of the Rockies,Call of the Rockies,"Cowboy Sunset Carson teams up with Frog Millhouse on a routine supply trip to Placer City. Before long, the duo find themselves ambushed by a team of dastardly highwaymen embroiled in an extortion ring. Sunset and Frog must then go undercover to set things right for a mining town under siege. Galloping hooves, spittin' six shooters, and all manner of disreputable behavior ensue.",LUSTY ACTION and ROARIN' LAUGHS...with your favorite western wildcats...SMILEY...and SUNSET...to the tune of spittin' six-guns and the rhythm of galloping hoofs!,Released,False,False,1944-07-14,56,99762,0,1.4439,6.0,2,en,,tt0036689,/3KEVW6811ATjI3XLdKIXasRETRW.jpg,/rjfwnD6uy7ElmFojtFAgkAB41pV.jpg,"[{""id"": 37, ""name"": ""Western""}]","[{""id"": 1432, ""logo_path"": ""/odyWStT82nGf2LQCyfs7iFudwa0.png"", ""name"": ""Republic Pictures"", ""origin_country"": ""US""}]","[{""iso_3166_1"": ""US"", ""name"": ""United States of America""}]","[{""english_name"": ""English"", ""iso_639_1"": ""en"", ""name"": ""English""}]","[""US""]",null
168330,Botany Bay,Botany Bay,"Based on the story of the start of Australia's colonisation. An American medical student is falsely convicted of robbery, with his sentence involving the torturous voyage with other prisoners to the new penal colony at Botany Bay. Because of his attempt to escape, evil Captain Gilbert decides to return him to England on charges of mutiny.",SAVAGE as the Great Continent They Invaded!,Released,False,False,1952-12-26,93,0,0,0.721,6.6,23,en,,tt0045574,/duzddQHSBMoJgw2pp3rGwuuUCvy.jpg,/rLzhlGx8PNI2usdxoXdjMg0c4gf.jpg,"[{""id"": 12, ""name"": ""Adventure""}, {""id"": 10749, ""name"": ""Romance""}, {""id"": 28, ""name"": ""Action""}]","[{""id"": 4, ""logo_path"": ""/jay6WcMgagAklUt7i9Euwj1pzTF.png"", ""name"": ""Paramount Pictures"", ""origin_country"": ""US""}]","[{""iso_3166_1"": ""US"", ""name"": ""United States of America""}]","[{""english_name"": ""English"", ""iso_639_1"": ""en"", ""name"": ""English""}]","[""US""]",null
168334,"120, rue de la Gare","120, rue de la Gare","On the verge of death, a man entrusts Inspector Burma with an address. Burma conducts a difficult investigation with many twists and turns, which takes him from Lyon to Paris, following in the footsteps of the members of a mysterious business firm.",,Released,False,False,1946-02-06,90,0,0,0.3559,5.0,5,fr,,tt0192948,/umnYThDxLoOIOcYuGXn59tUQSvh.jpg,,"[{""id"": 80, ""name"": ""Crime""}]","[{""id"": 35746, ""logo_path"": null, ""name"": ""La Soci\u00e9t\u00e9 des Films Sirius"", ""origin_country"": ""FR""}]","[{""iso_3166_1"": ""FR"", ""name"": ""France""}]",[],"[""FR""]",null
168336,Magic Boys,Magic Boys,"After witnessing a murder, a hapless pair of misfits escape their own near death experience by posing as male strippers - only to find themselves neck deep in even bigger trouble.",,Released,False,False,2012-10-18,100,2665000,0,1.0525,2.3,13,en,http://www.magicboysthemovie.hu/,tt1385591,/vc3mVncG2diCI4tz9GlXK57DHnJ.jpg,/93FSq2eF2sMcZO35YfuJ5o9gBr9.jpg,"[{""id"": 35, ""name"": ""Comedy""}]","[{""id"": 50320, ""logo_path"": null, ""name"": ""B&B Entertainment"", ""origin_country"": """"}, {""id"": 102117, ""logo_path"": null, ""name"": ""Wyvern Images"", ""origin_country"": """"}, {""id"": 34671, ""logo_path"": ""/eKA4DyL01ON4tJjwev950J8wP1h.png"", ""name"": ""RTL KLUB"", ""origin_country"": ""HU""}, {""id"": 68758, ""logo_path"": null, ""name"": ""Sirokh Fenn"", ""origin_country"": """"}]","[{""iso_3166_1"": ""HU"", ""name"": ""Hungary""}]","[{""english_name"": ""Hungarian"", ""iso_639_1"": ""hu"", ""name"": ""Magyar""}, {""english_name"": ""English"", ""iso_639_1"": ""en"", ""name"": ""English""}]","[""US""]",null
168337,Alf Poier - Mitsubischi,Alf Poier - Mitsubischi,,,Released,False,False,2003-01-01,0,0,0,0.0289,0.0,0,de,,tt1671472,/kNdsymHP41t3QWjrMFJmggbf5Ej.jpg,,[],"[{""id"": 13162, ""logo_path"": null, ""name"": ""Hoanzl"", ""origin_country"": ""AT""}]","[{""iso_3166_1"": ""AT"", ""name"": ""Austria""}]","[{""english_name"": ""German"", ""iso_639_1"": ""de"", ""name"": ""Deutsch""}]","[""DE"", ""AT""]",null
168338,Five Gates to Hell,Five Gates to Hell,"A group of nurses, doctors and nuns are taken hostage in Vietnam and sent up river to a castle hideout so they can cure an ailing war general.",White women enslaved in war-torn Indo-China!,Released,False,False,1959-09-23,98,0,0,0.7765,4.8,6,en,,tt0052808,/SgwknRZWgXmoYFl6Mp3gnlEubA.jpg,/q4L89iH80DW3ITNi5owxxnsUeNM.jpg,"[{""id"": 12, ""name"": ""Adventure""}, {""id"": 18, ""name"": ""Drama""}, {""id"": 10752, ""name"": ""War""}]","[{""id"": 25, ""logo_path"": ""/qZCc1lty5FzX30aOCVRBLzaVmcp.png"", ""name"": ""20th Century Fox"", ""origin_country"": ""US""}]","[{""iso_3166_1"": ""US"", ""name"": ""United States of America""}]","[{""english_name"": ""English"", ""iso_639_1"": ""en"", ""name"": ""English""}]","[""US""]",null
168339,Ecumenopolis: City Without Limits,Ekümenopolis: Ucu Olmayan Şehir,"Ecumenopolis: City Without Limits"" tells the story of Istanbul and other Mega-Cities on a neo-liberal course to destruction. It follows the story of a migrant family from the demolition of their neighborhood to their on-going struggle for housing rights. The film takes a look at the city on a macro level and through the eyes of experts, going from the tops of mushrooming skyscrapers to the depths of the railway tunnel under the Bosphorous strait; from the historic neighborhoods in the south to the forests in the north; from isolated islands of poverty to the villas of the rich. It's an Istanbul going from 15 million to 30 million. It's an Istanbul going from 2 million cars to 8 million. It's the Istanbul of the future that will soon engulf the entire region. It's an Istanbul nobody has ever seen before.",,Released,False,False,2011-04-15,93,0,0,0.2055,7.6,14,tr,http://www.ekumenopolis.net,tt1854524,/9dbicT9xVs73XZbq7mFE1i9jX0N.jpg,,"[{""id"": 99, ""name"": ""Documentary""}]","[{""id"": 11680, ""logo_path"": ""/thDuwlPhKqGkfPzk0qd6zIiSw4m.png"", ""name"": ""Filmf\u00f6rderung Hamburg Schleswig-Holstein"", ""origin_country"": ""DE""}, {""id"": 13163, ""logo_path"": null, ""name"": ""York Street Productions"", ""origin_country"": """"}]","[{""iso_3166_1"": ""TR"", ""name"": ""Turkey""}, {""iso_3166_1"": ""DE"", ""name"": ""Germany""}]","[{""english_name"": ""German"", ""iso_639_1"": ""de"", ""name"": ""Deutsch""}, {""english_name"": ""English"", ""iso_639_1"": ""en"", ""name"": ""English""}, {""english_name"": ""Turkish"", ""iso_639_1"": ""tr"", ""name"": ""T\u00fcrk\u00e7e""}]","[""TR""]",null
168340,Mädchen Nr. 1,Mädchen Nr. 1,"Pharmacy student Thomas has been in love with his fellow student Denise since the first day of their studies together. But the shy young man doesn't dare to speak to his chosen one. It's only when Denise asks Thomas to give her tutoring that the two come into contact. Shortly afterwards, Denise invites Thomas and his friend Sebastian to her birthday party. There Thomas gets a big opportunity - and takes advantage of it. But then a baseball messes everything up...",,Released,False,False,2003-09-18,94,0,0,0.6555,0.0,0,de,,tt0279794,/ilddDw3bVKMyxyTn8cFlV9HII4D.jpg,/ltvpY1DZbl1hoq11uPSTF2tWu8G.jpg,"[{""id"": 35, ""name"": ""Comedy""}, {""id"": 10770, ""name"": ""TV Movie""}]","[{""id"": 5754, ""logo_path"": ""/lYPqogOigbGMmErpSBBn2SnVypQ.png"", ""name"": ""Rat Pack Filmproduktion"", ""origin_country"": ""DE""}]","[{""iso_3166_1"": ""DE"", ""name"": ""Germany""}]","[{""english_name"": ""German"", ""iso_639_1"": ""de"", ""name"": ""Deutsch""}]","[""DE""]",null
168344,Cabás,Cabás,"Xabi and Sara break up just before their holiday trip. She leaves the house and Xabi stays alone. At first he doesn't seem to be affected, but soon weird things will start to happen as he feels sick with a strange disease. When he finally understands what is going on he'll have to make a decision that could change his life forever.",,Released,False,False,2012-11-15,107,0,0,0.2369,5.0,1,en,http://www.cabaslapelicula.com,tt2577902,,,"[{""id"": 18, ""name"": ""Drama""}, {""id"": 878, ""name"": ""Science Fiction""}]",[],"[{""iso_3166_1"": ""ES"", ""name"": ""Spain""}]","[{""english_name"": ""Spanish"", ""iso_639_1"": ""es"", ""name"": ""Espa\u00f1ol""}]","[""US""]",null
168348,The Virgin Soldiers,The Virgin Soldiers,"The core of the plot is the romantic triangle formed by the protagonist, a conscripted soldier named Private Brigg, a worldly professional soldier named Sergeant Driscoll, and Phillipa Raskin, the daughter of the Regimental Sergeant Major. The location is a British army base in Singapore during the Malayan Emergency.","Sooner or later, they're going to get it",Released,False,False,1969-10-14,95,0,0,1.6485,6.5,13,en,,tt0065182,/wnjaxCvh2ydCzlVKTsXW59IMJC4.jpg,/nf7yXBYY3jbR1PiAvl7a5RAZ5iW.jpg,"[{""id"": 10752, ""name"": ""War""}, {""id"": 35, ""name"": ""Comedy""}, {""id"": 18, ""name"": ""Drama""}]","[{""id"": 18705, ""logo_path"": null, ""name"": ""Highroad Productions"", ""origin_country"": ""US""}, {""id"": 5, ""logo_path"": ""/71BqEFAF4V3qjjMPCpLuyJFB9A.png"", ""name"": ""Columbia Pictures"", ""origin_country"": ""US""}, {""id"": 10427, ""logo_path"": ""/3u5sNgPRbba0ND3SUMXPTT7On9h.png"", ""name"": ""Open Road Films"", ""origin_country"": ""US""}]","[{""iso_3166_1"": ""GB"", ""name"": ""United Kingdom""}]","[{""english_name"": ""English"", ""iso_639_1"": ""en"", ""name"": ""English""}]","[""GB""]","{""id"": 398596, ""name"": ""Virgin Soldiers Collection"", ""poster_path"": ""/1h0Gfdg4j4yRyuVh3crqS1NbCwz.jpg"", ""backdrop_path"": null}"
168349,'n Saak van Geloof,'n Saak van Geloof,"Set in the magical Karoo town of Prince Albert the story revolves around forgiveness, acceptance and the meaning of miracles.  When Maritjie Naude, an 18 year old farmgirl and the only child of Ella and Kallie the owners of Hoopfontein, comes home on Christmas Eve and tells them that she’s pregnant, it’s enough to shock any parents of a young daughter, but then she drops a real bombshell that will flabbergast not only her mum and dad, but the entire town. Maritjie assures them that she’s still a virgin. The only explanation to her pregnancy – it must be the work of the Holy Spirit!",Discover The Miracle of Love,Released,False,False,2011-09-09,0,0,0,0.1121,5.8,3,af,,tt2160051,/50nm4HNK5zc9npVLDJSBJ7Te6fN.jpg,,"[{""id"": 18, ""name"": ""Drama""}]","[{""id"": 57667, ""logo_path"": null, ""name"": ""Aristocept Produksies"", ""origin_country"": """"}]","[{""iso_3166_1"": ""ZA"", ""name"": ""South Africa""}]","[{""english_name"": ""Afrikaans"", ""iso_639_1"": ""af"", ""name"": ""Afrikaans""}]","[""ZA""]",null
168354,Measures to Better the World,Weltverbesserungsmaßnahmen,"A mockumentary in 8 episodes: new solutions and thinking models, which will be with us in the near future and make the world a little more livable. An ""active health insurance"", in which the insured directly take over everything including medical activities and thus save costs. A new currency that expires in a few weeks and therefore stimulates spending. Unemployed people who, as ""loan siblings"", are given a new job and a good life. The traffic therapy group that wants to make you understand the snake as a ""unitary organism"". A therapy office in the fresh air, which finally gives musty psychotherapy a healthy freedom. Color the world back into balance, at least in the parking lot. Or use humans as a self-sufficient source of energy. Or a tangibly equal democracy: All people attain the same eye level, an optimal 1.9m [via platform shoes].",,Released,False,False,2005-08-11,91,0,0,0.3661,6.8,5,de,,tt0466191,/oWSYwBAMwtX7bmHuCakamAFA2Qe.jpg,,"[{""id"": 35, ""name"": ""Comedy""}]",[],"[{""iso_3166_1"": ""DE"", ""name"": ""Germany""}]","[{""english_name"": ""German"", ""iso_639_1"": ""de"", ""name"": ""Deutsch""}]","[""DE""]",null
168355,Sandrine in the Rain,Sandrine nella pioggia,,,Released,False,False,2008-04-19,105,0,0,0.4328,2.8,8,it,,tt1016317,/7EWLXwQb3MdoZSeegCfzJL6RG3m.jpg,/4Exayukqxqs8HN2nUnThuQY9BfR.jpg,"[{""id"": 80, ""name"": ""Crime""}, {""id"": 18, ""name"": ""Drama""}]","[{""id"": 12981, ""logo_path"": ""/j5x0ssE6gSrz7Z8UhbjmoqGwTut.png"", ""name"": ""Atalante Film"", ""origin_country"": ""DE""}, {""id"": 13165, ""logo_path"": null, ""name"": ""Casco Entertainment"", ""origin_country"": """"}, {""id"": 13166, ""logo_path"": null, ""name"": ""Dalka GmbH"", ""origin_country"": """"}]","[{""iso_3166_1"": ""DE"", ""name"": ""Germany""}, {""iso_3166_1"": ""IT"", ""name"": ""Italy""}]","[{""english_name"": ""English"", ""iso_639_1"": ""en"", ""name"": ""English""}]","[""IT""]",null
168359,Thirteen,Trinajstica,"Two girls who study theatre & drama and their friend photographer decide to rob a bank, using all sorts of their creative force and imagination to implement the idea.",,Released,False,False,1988-01-01,86,0,0,0.1018,0.0,0,sl,,tt0348248,,,"[{""id"": 18, ""name"": ""Drama""}, {""id"": 10770, ""name"": ""TV Movie""}]","[{""id"": 33749, ""logo_path"": null, ""name"": ""RTV Ljubljana"", ""origin_country"": ""SI""}]","[{""iso_3166_1"": ""YU"", ""name"": ""Yugoslavia""}]","[{""english_name"": ""Slovenian"", ""iso_639_1"": ""sl"", ""name"": ""Sloven\u0161\u010dina""}]","[""YU""]",null
168360,La Maison de la Radio,La Maison de la Radio,"Making a film about a radio station doesn’t sound like the most visually compelling of projects. How many takes do you need before the acoustic transition from the opening to the closing of a door is perfect or the reader's voice correctly modulated? Nicolas Philibert has accepted the challenge to portray that which cannot be seen. Shouldering his camera, he spent half a year wandering the endless corridors of Radio France’s ‘round house’ on the banks of the Seine where he filmed people who dedicate themselves utterly and meticulously to their work.",A journey into the heart of Radio France,Released,False,False,2013-04-03,103,0,0,0.191,6.4,22,fr,,tt2650054,/iht8E4ouOOXIZsuwkdS3LQhnsdt.jpg,/rMoUNHdqWzYZqfPFbKjcypOCXEk.jpg,"[{""id"": 99, ""name"": ""Documentary""}]","[{""id"": 94, ""logo_path"": ""/huC7HqorvUThGIrENrbcHmQVUA0.png"", ""name"": ""ARTE France Cin\u00e9ma"", ""origin_country"": ""FR""}, {""id"": 108243, ""logo_path"": ""/h790mUbjoh68TyRCwFSXAminn0g.png"", ""name"": ""Longride"", ""origin_country"": ""JP""}, {""id"": 76921, ""logo_path"": ""/dkPpGhEL2uQ5bmNDAqSZRFp894g.png"", ""name"": ""Les Films d'Ici"", ""origin_country"": ""FR""}]","[{""iso_3166_1"": ""FR"", ""name"": ""France""}, {""iso_3166_1"": ""JP"", ""name"": ""Japan""}]","[{""english_name"": ""French"", ""iso_639_1"": ""fr"", ""name"": ""Fran\u00e7ais""}]","[""FR"", ""JP""]",null
168361,Murder in New Hampshire: The Pamela Wojas Smart Story,Murder in New Hampshire: The Pamela Wojas Smart Story,"Pamela Smart knows exactly what she wants and is willing to do anything to get it. She is fed up with teaching, and her marriage offers little excitement. Looking for a way out she applies for a job at a local TV station. When her dreams of fame are dashed by rejection, she seduces 15-year-old Billy, one of her students. Pam challenges Billy to prove his love for her by getting rid of her husband. The stakes heat up with a huge insurance policy on her husband's life.",Their sex games have no boundaries.,Released,False,False,1991-09-23,100,0,0,1.3755,4.9,16,en,,tt0102484,/cMnAVP1Ulgd8Ma7RnnyhUMH4Qu0.jpg,/yh7dXZ1FqXZ7IQ1X0tFYp4c3DOC.jpg,"[{""id"": 80, ""name"": ""Crime""}, {""id"": 18, ""name"": ""Drama""}, {""id"": 10770, ""name"": ""TV Movie""}]","[{""id"": 8589, ""logo_path"": null, ""name"": ""Robert Greenwald Productions"", ""origin_country"": ""US""}]","[{""iso_3166_1"": ""US"", ""name"": ""United States of America""}]","[{""english_name"": ""English"", ""iso_639_1"": ""en"", ""name"": ""English""}]","[""US""]",null
168362,The Loneliest Runner,The Loneliest Runner,A young boy who still wets the bed finds escapism from his abusive mother and his own embarrassment by going running after school.,,Released,False,False,1976-12-20,74,0,0,0.9366,6.9,8,en,,tt0074814,/oiFcN9ZMEeGvFOsBPxf8tg09BBt.jpg,/AmuaPjJWvOvqB7reDkIdxn7QQ4Q.jpg,"[{""id"": 18, ""name"": ""Drama""}, {""id"": 10770, ""name"": ""TV Movie""}]","[{""id"": 5253, ""logo_path"": ""/cxgRBXMNcbcE0dIaeCc4tbDa4KI.png"", ""name"": ""NBC Productions"", ""origin_country"": ""US""}]","[{""iso_3166_1"": ""US"", ""name"": ""United States of America""}]","[{""english_name"": ""English"", ""iso_639_1"": ""en"", ""name"": ""English""}]","[""US""]",null
168366,Lose Your Head,Lose Your Head,"Luis travels to Berlin for a weekend of partying and meets Viktor, a mysterious man who captivates him. Mistaken for Dimitri, Viktor’s missing ex-partner, Luis becomes entangled in Viktor’s controlling world, leading to a surreal experience where reality blurs. Inspired by the true story of a young Portuguese man who disappeared after a night at Berghain.","''It's the complete absence of fear, like there is no border between you and the others...''",Released,False,False,2013-02-08,105,401344,0,0.3349,5.2,17,en,http://www.loseyourhead.com/home,tt2624316,/qjpRIM4qknPh9EkAzSU75te3p0v.jpg,/8rgayRRgTRwmhYtWE2NmWVM3SjT.jpg,"[{""id"": 53, ""name"": ""Thriller""}]","[{""id"": 28680, ""logo_path"": null, ""name"": ""Mutter-Film Produktions"", ""origin_country"": ""DE""}]","[{""iso_3166_1"": ""DE"", ""name"": ""Germany""}]","[{""english_name"": ""English"", ""iso_639_1"": ""en"", ""name"": ""English""}, {""english_name"": ""German"", ""iso_639_1"": ""de"", ""name"": ""Deutsch""}]","[""DE""]",null
168368,The Doorway,The Doorway,"Four young college students agree to fix up an abandoned home for rent, only to discover the demons within and an open doorway... to Hell.",...to hell,Released,False,False,2000-10-24,91,0,0,0.9829,2.6,8,en,http://www.newhorizonspictures.com/The-Doorway/dp/B00004YA1D,tt0235353,/9HSGLoB6HZkhi3ClXWqxYNCejgf.jpg,/iWvUFIBN5XFJUmQYlfScjMPIzZ9.jpg,"[{""id"": 27, ""name"": ""Horror""}]","[{""id"": 4527, ""logo_path"": null, ""name"": ""Concorde Pictures"", ""origin_country"": ""US""}]","[{""iso_3166_1"": ""IE"", ""name"": ""Ireland""}]","[{""english_name"": ""English"", ""iso_639_1"": ""en"", ""name"": ""English""}, {""english_name"": ""Spanish"", ""iso_639_1"": ""es"", ""name"": ""Espa\u00f1ol""}]","[""IE"", ""US""]",null
168372,Yangsan Province,양산도,The film is a historical melodrama about a high government official who wants to marry a woman who is engaged to marry another man.,,Released,False,False,1955-10-13,90,0,0,1.239,4.5,4,ko,,tt0314915,/RVZtdqJ7evDARBANiccjSM10qc.jpg,/zkYUqubaFhPeVd4rSZ5DShFPcsr.jpg,"[{""id"": 18, ""name"": ""Drama""}, {""id"": 10749, ""name"": ""Romance""}]","[{""id"": 152764, ""logo_path"": null, ""name"": ""Seorabyol Public Films"", ""origin_country"": """"}]","[{""iso_3166_1"": ""KR"", ""name"": ""South Korea""}]","[{""english_name"": ""Korean"", ""iso_639_1"": ""ko"", ""name"": ""\ud55c\uad6d\uc5b4/\uc870\uc120\ub9d0""}]","[""KR""]",null
168375,Poker Alice,Poker Alice,"She's a New Orleans gambler with a poker face no man can resist. And when she unwittingly wins a ""house of ill repute"" in a high-stakes card game, things start moving like a runaway train.",The Wild West is about to get wilder!,Released,False,False,1987-05-21,92,0,0,1.1868,6.3,6,en,,tt0093755,/cWmq1K8EGJyPK5EecnsJkQ7aMHp.jpg,/mjsi3Zl3EgWBM6jKukxLzBMqxU7.jpg,"[{""id"": 37, ""name"": ""Western""}, {""id"": 10749, ""name"": ""Romance""}, {""id"": 10770, ""name"": ""TV Movie""}]","[{""id"": 96569, ""logo_path"": null, ""name"": ""Harvey Matofsky Entertainment"", ""origin_country"": """"}, {""id"": 4608, ""logo_path"": null, ""name"": ""New World Television"", ""origin_country"": """"}]","[{""iso_3166_1"": ""US"", ""name"": ""United States of America""}]","[{""english_name"": ""English"", ""iso_639_1"": ""en"", ""name"": ""English""}]","[""US""]",null
168376,Four Carrions in Malopasso,Quattro Carogne a Malopasso,"Billy Nelson returns to his hometown of Malopasso after ten years as a rancher on a large ranch in San Vito. Once in town, Billy discovers a terrible truth: His parents, Santo Nelson and Rosa Lopez, were killed by the terrible bandit Parker. Shocked, Billy vows revenge against the perpetrators of his family's massacre.",WANTED,Released,False,False,1989-08-14,92,0,0,0.0143,3.4,13,it,,tt1520376,/npwYK4PjzIMWmnyjJzsuMp6Urbu.jpg,/lxCx1DEdr3mKu9pqzK1fg0Hl9Z2.jpg,"[{""id"": 37, ""name"": ""Western""}, {""id"": 10770, ""name"": ""TV Movie""}]","[{""id"": 238587, ""logo_path"": null, ""name"": ""Gli Amici del Cinema"", ""origin_country"": """"}]","[{""iso_3166_1"": ""IT"", ""name"": ""Italy""}]","[{""english_name"": ""Italian"", ""iso_639_1"": ""it"", ""name"": ""Italiano""}]","[""IT""]","{""id"": 929410, ""name"": ""Quattro carogne a Malopasso - Collezione"", ""poster_path"": null, ""backdrop_path"": null}"
168378,The Phantom of the Moulin-Rouge,Le Fantôme du Moulin-Rouge,"A young man, unsuccessful in love, manages to leave his body and tours Paris, disembodied and invisible, playing practical jokes: a row of coats walks off from a hotel cloakroom; an unattended taxi drives itself away; a row of top hats appears on the pavement.",,Released,False,False,1925-03-13,104,0,0,0.3554,6.1,8,fr,,tt0015794,/g5UYY9c8bMjWVR6b4dNu0Nil78e.jpg,/AvxUr42esiRheUXBjtmrCRTgryR.jpg,"[{""id"": 14, ""name"": ""Fantasy""}, {""id"": 18, ""name"": ""Drama""}]","[{""id"": 13167, ""logo_path"": null, ""name"": ""Films Ren\u00e9 Fernand"", ""origin_country"": """"}]","[{""iso_3166_1"": ""FR"", ""name"": ""France""}]","[{""english_name"": ""No Language"", ""iso_639_1"": ""xx"", ""name"": ""No Language""}]","[""FR""]",null
168379,My Straight Son,Azul y no tan rosa,"The story of Diego, a young and successful photographer that lives in the glamorous world of fashion, shallowness and excess. A tragic accident turns his world around; his partner is now in a coma. Unexpectedly, and right at this terrible time, Diego must take care of his son, Armando. Now, both of them have to adapt to each other; Armando to the unknown, homosexual world of his father, and Diego to the closed attitude of his teenage son.",,Released,False,False,2012-11-27,114,0,0,0.4874,7.7,144,es,http://www.azulynotanrosa.com,tt2091235,/hlAtgCDpCea5s4X7JrV6TS88vsX.jpg,/badH8voj3PdUp1LlcfhII8F0FiQ.jpg,"[{""id"": 18, ""name"": ""Drama""}]","[{""id"": 29006, ""logo_path"": null, ""name"": ""Malas Compa\u00f1\u00edas"", ""origin_country"": ""ES""}, {""id"": 29552, ""logo_path"": null, ""name"": ""Plenilunio Film & Arts"", ""origin_country"": """"}, {""id"": 1388, ""logo_path"": ""/85fUh6K8SxjWEeRYnaWXKLt5O80.png"", ""name"": ""Centro Nacional Aut\u00f3nomo de Cinematograf\u00eda"", ""origin_country"": ""VE""}, {""id"": 6520, ""logo_path"": null, ""name"": ""Factor RH Producciones"", ""origin_country"": """"}, {""id"": 15511, ""logo_path"": null, ""name"": ""Fundaci\u00f3n  Villa del Cine"", ""origin_country"": ""VE""}, {""id"": 65091, ""logo_path"": ""/7D7JB71JEiWigcRwkUawvukMocx.png"", ""name"": ""Programa Ibermedia"", ""origin_country"": ""ES""}]","[{""iso_3166_1"": ""ES"", ""name"": ""Spain""}, {""iso_3166_1"": ""VE"", ""name"": ""Venezuela""}]","[{""english_name"": ""Spanish"", ""iso_639_1"": ""es"", ""name"": ""Espa\u00f1ol""}]","[""ES""]",null
168380,The Further Perils of Laurel and Hardy,The Further Perils of Laurel and Hardy,"Film historian Robert Youngson presents a feature-length anthology of rarely seen silent films by comedy legends Stan Laurel and Oliver Hardy. Along with clips from many of the shorts that made the duo stars, it includes clips from a 1918 comedy starring Laurel on his own as well as scenes from three shorts Hardy made in 1917 and '18 with his original comedy partner, Billy West. To put the duo's work in context, the film briefly features other comedians who worked with producer Hal Roach.",The greatest comedy team in an all new collection of their funniest moments from the rip-roaring 1920's.,Released,False,False,1967-12-01,99,0,0,0.74,6.0,1,en,,tt0061692,/mM4htBrc506ZgFIsA7n1v0ZLJWu.jpg,/skL0bjg11kia1NDlQYCnWWQePAx.jpg,"[{""id"": 35, ""name"": ""Comedy""}]","[{""id"": 17656, ""logo_path"": null, ""name"": ""Robert Youngson Productions"", ""origin_country"": """"}, {""id"": 25, ""logo_path"": ""/qZCc1lty5FzX30aOCVRBLzaVmcp.png"", ""name"": ""20th Century Fox"", ""origin_country"": ""US""}]","[{""iso_3166_1"": ""US"", ""name"": ""United States of America""}]","[{""english_name"": ""English"", ""iso_639_1"": ""en"", ""name"": ""English""}]","[""US""]",null
168382,Mrs. Amworth,Mrs. Amworth,A vampire terrorizes a quiet English town.,,Released,False,False,1975-01-01,29,0,0,0.1786,6.4,5,en,,tt0331295,,,"[{""id"": 9648, ""name"": ""Mystery""}, {""id"": 27, ""name"": ""Horror""}]","[{""id"": 66056, ""logo_path"": null, ""name"": ""Highgate Productions"", ""origin_country"": """"}, {""id"": 73705, ""logo_path"": ""/uNeN4N2oD607yr6QQLLr0wSqVMw.png"", ""name"": ""HTV West"", ""origin_country"": ""GB""}]","[{""iso_3166_1"": ""GB"", ""name"": ""United Kingdom""}]",[],"[""US"", ""GB""]",null
168386,Chasing Talent,Talenttyven,"Mark (Casper Crump) and Laura (Mille Lehfeldt) are lovers. He is a singer in a failed boyband. She is getting tired of playing second fiddle to the relationship. But one day Laura is measured by the talent seeker Aslan, and it turns out that she is unbelievably talented. Laura becomes confident and successful. At the same time, Mark’s career is going downhill. Mark discovers that talent can not only be measured but also stolen by Aslan’s machine. In the name of love Mark sucks all of the talent out of his unsuspecting girlfriend and shoots for the stars – with massive consequences at home.",,Released,False,False,2012-10-11,90,0,0,0.4188,4.8,5,da,,tt2262189,/1AGNJvlQRG1MUtiOoyG2zxSMILl.jpg,/gkuyom67F9dMdN4KHBqgNlov3kn.jpg,"[{""id"": 10749, ""name"": ""Romance""}, {""id"": 35, ""name"": ""Comedy""}]","[{""id"": 155, ""logo_path"": ""/cDY49SOQwJixJSMun9Haerx8dAQ.png"", ""name"": ""Nimbus Film"", ""origin_country"": ""DK""}]","[{""iso_3166_1"": ""DK"", ""name"": ""Denmark""}]","[{""english_name"": ""Danish"", ""iso_639_1"": ""da"", ""name"": ""Dansk""}]","[""DK""]",null
168387,An Italian in America,Un italiano in America,"Giuseppe, an Italian gas station attendant, is invited to the United States to reconcile with his father, who he believed had been dead for years.",,Released,False,False,1967-10-27,92,0,0,0.5656,5.1,15,it,,tt0061828,/hVFG2oxdBELTjnLv13X7l3vZTDT.jpg,/yIrt30sckjFVqiQfPdAlP9eGQg5.jpg,"[{""id"": 35, ""name"": ""Comedy""}]","[{""id"": 8930, ""logo_path"": null, ""name"": ""Euro International Films"", ""origin_country"": ""IT""}]","[{""iso_3166_1"": ""IT"", ""name"": ""Italy""}]","[{""english_name"": ""Italian"", ""iso_639_1"": ""it"", ""name"": ""Italiano""}, {""english_name"": ""English"", ""iso_639_1"": ""en"", ""name"": ""English""}]","[""IT""]",null
168391,The Nude Restaurant,The Nude Restaurant,"At a New York City restaurant, the patrons are men, nude but for a G-string, waited on by one woman, also clad in a G-string and a G-bestringed waiter.",Not since Garbo has there been a screen personality like Viva!,Released,False,False,1967-11-13,100,0,0,0.1769,6.1,10,en,,tt0062055,/h4AI87wtwKtYBNG8gNlZLlVh8Nt.jpg,/mmod2666OeK5MXEPiMCKXGZyrC5.jpg,"[{""id"": 35, ""name"": ""Comedy""}]","[{""id"": 41698, ""logo_path"": null, ""name"": ""Andy Warhol Films"", ""origin_country"": ""US""}]","[{""iso_3166_1"": ""US"", ""name"": ""United States of America""}]","[{""english_name"": ""English"", ""iso_639_1"": ""en"", ""name"": ""English""}]","[""US""]",null
168397,Rock the Casbah,רוק בקסבה,"A unit of new recruits sent to patrol Gaza during the First Intifada in 1989. A washing machine is deliberately pushed from the roof of a building as the patrol moves past, killing one of the soldiers. The perpetrator cannot be found. Four of the young soldiers are assigned to uncomfortable, boring, surveillance duty atop the roof, interacting with the Arab family that lives in the building.",,Released,False,False,2012-07-06,93,0,0,0.6195,6.6,7,he,,tt2164718,/kRAuHsc7BkcNe5DfgAfvA5tNvYH.jpg,/4t8Y4bkCfFSyRi9pouxG3xkfdUh.jpg,"[{""id"": 18, ""name"": ""Drama""}]","[{""id"": 36067, ""logo_path"": ""/r8PzYwMEhQzo8kRh8bAOHIXVJs7.png"", ""name"": ""Topia Communications"", ""origin_country"": ""IL""}, {""id"": 16, ""logo_path"": ""/7690NQfOfnbvrY3vFgyMO2Pc8WS.png"", ""name"": ""United King Films"", ""origin_country"": ""IL""}, {""id"": 94, ""logo_path"": ""/huC7HqorvUThGIrENrbcHmQVUA0.png"", ""name"": ""ARTE France Cin\u00e9ma"", ""origin_country"": ""FR""}]","[{""iso_3166_1"": ""FR"", ""name"": ""France""}, {""iso_3166_1"": ""IL"", ""name"": ""Israel""}]","[{""english_name"": ""Hebrew"", ""iso_639_1"": ""he"", ""name"": ""\u05e2\u05b4\u05d1\u05b0\u05e8\u05b4\u05d9\u05ea""}]","[""IL""]",null
168399,Pioneer,Pionér,"Pioneer is set in the early '80s, at the beginning of the Norwegian Oil Boom. Enormous oil and gas deposits are discovered in the North Sea and the authorities aim to bring the oil ashore through a pipeline from depths of 500 meters. A professional diver, Petter, obsessed with reaching the bottom of the Norwegian Sea has the discipline, strength and courage to take on the world's most dangerous mission. But a sudden, tragic accident changes everything. Petter is sent on a perilous journey where he loses sight of who's pulling the strings. Gradually he realizes that he is in way over his head and that his life is at stake.",,Released,False,False,2013-08-30,106,7500000,0,1.6022,5.9,103,no,http://www.pioneerthefilm.com/,tt2369205,/bpJyl76W6erraH08kf19nmpCwn3.jpg,/2el9VEDz8R6NGlWRrsAwOpCQWMM.jpg,"[{""id"": 53, ""name"": ""Thriller""}]","[{""id"": 5240, ""logo_path"": ""/ibvN7yjNr8HR92nOn8d4d6TQrYt.png"", ""name"": ""MRP Matila R\u00f6hr Productions"", ""origin_country"": ""FI""}, {""id"": 25538, ""logo_path"": ""/huZF9Df7ijtpPN0a1a7ytTrSJgX.png"", ""name"": ""Friland"", ""origin_country"": ""NO""}, {""id"": 17317, ""logo_path"": ""/uMA9nyqDOKpk1HIUAcWCD8SXXUh.png"", ""name"": ""Garagefilm International"", ""origin_country"": ""SE""}, {""id"": 25539, ""logo_path"": ""/iET65WhLTBVFlOvkyX6seCkEyKa.png"", ""name"": ""Les Films d'Antoine"", ""origin_country"": ""FR""}, {""id"": 2801, ""logo_path"": ""/bswb1PLLsKDUXMLgy42bZtCtIde.png"", ""name"": ""Film i V\u00e4st"", ""origin_country"": ""SE""}, {""id"": 140, ""logo_path"": ""/ooz5b0ov3PLfBoOJyMmdoffVuHs.png"", ""name"": ""Pandora Film"", ""origin_country"": ""DE""}]","[{""iso_3166_1"": ""FI"", ""name"": ""Finland""}, {""iso_3166_1"": ""NO"", ""name"": ""Norway""}, {""iso_3166_1"": ""DE"", ""name"": ""Germany""}, {""iso_3166_1"": ""SE"", ""name"": ""Sweden""}, {""iso_3166_1"": ""FR"", ""name"": ""France""}]","[{""english_name"": ""Norwegian"", ""iso_639_1"": ""no"", ""name"": ""Norsk""}, {""english_name"": ""English"", ""iso_639_1"": ""en"", ""name"": ""English""}]","[""NO""]",null
168400,David Bowie: Cracked Actor,David Bowie: Cracked Actor,"The documentary depicts Bowie on tour in Los Angeles, using a mixture of vérité sequences filmed in limousines and hotels, and concert footage. Most of the concert footage was taken from a show at the Los Angeles Universal Amphitheatre on 2 September 1974 (Also featured are excerpts from D.A. Pennebaker's concert film shot at London's Hammersmith Odeon on 3 July 1973). Cracked Actor is notable for being a source for footage of Bowie's ambitious Diamond Dogs tour, and also for showing Bowie's fragile mental state during this period.",,Released,False,False,1975-01-26,53,0,0,0.5632,7.4,11,en,,tt0377047,/3BfacEk5ou0P5JYj0H7noWJWEfV.jpg,/flI7n35NxOh0ie8ajsH9tEdz8Mi.jpg,"[{""id"": 99, ""name"": ""Documentary""}, {""id"": 10402, ""name"": ""Music""}]","[{""id"": 3324, ""logo_path"": ""/dqT3yOTlfJRmtvk52Ccd1O6dZ0A.png"", ""name"": ""BBC"", ""origin_country"": ""GB""}]","[{""iso_3166_1"": ""GB"", ""name"": ""United Kingdom""}]","[{""english_name"": ""English"", ""iso_639_1"": ""en"", ""name"": ""English""}]","[""GB"", ""US""]",null
168403,The Search for Emak Bakia,Emak Bakia baita,"The documentary narrates the search for the house called Emak Bakia, near the coast of Lapurdi, where 83 years before the artist Man Ray made a picture where he set the rules for avant-garde cinema in the 1920s.",A journey through the archives of a lost film.,Released,False,False,2012-04-17,83,0,0,0.1193,6.3,6,eu,http://emakbakiafilms.com/,tt2454970,/mWlMfQbJnDYoL7BhipxtyleAOZj.jpg,,"[{""id"": 99, ""name"": ""Documentary""}]","[{""id"": 122612, ""logo_path"": null, ""name"": ""Emak Bakia Films"", ""origin_country"": ""ES""}]","[{""iso_3166_1"": ""ES"", ""name"": ""Spain""}]","[{""english_name"": ""Spanish"", ""iso_639_1"": ""es"", ""name"": ""Espa\u00f1ol""}, {""english_name"": ""Basque"", ""iso_639_1"": ""eu"", ""name"": ""euskera""}, {""english_name"": ""French"", ""iso_639_1"": ""fr"", ""name"": ""Fran\u00e7ais""}]","[""ES""]",null
168404,Kylie Minogue: Greatest Hits 87-98,Kylie Minogue: Greatest Hits 87-98,"29 of Kylie's greatest hits from her early years, including The Loco-Motion, I Should Be So Lucky, Better The Devil You Know, and more",,Released,False,True,2003-12-03,0,0,0,0.1005,6.5,1,en,http://www.kylie.com,,/11WoKYVL59AFbUQA6IKyMZVo2Ws.jpg,,"[{""id"": 10402, ""name"": ""Music""}]",[],[],"[{""english_name"": ""English"", ""iso_639_1"": ""en"", ""name"": ""English""}]","[""US""]",null
168405,An Evening With My Comatose Mother,An Evening With My Comatose Mother,"Dorothy Pritchard thought it would be easy: Housesit for the Poe's on Halloween while making out with her hot boyfriend. But when the Poe's comatose mother ends up needing a bit of babysitting, Dorothy's night just went from good to bad... and it's about to get worse after she discovers she'll be spending it with the hosts of hell.",Tonight...she wakes up,Released,False,False,2011-04-09,33,0,0,0.1718,5.4,4,en,http://www.comatosemother.com,tt1842309,,,"[{""id"": 27, ""name"": ""Horror""}, {""id"": 35, ""name"": ""Comedy""}]",[],"[{""iso_3166_1"": ""US"", ""name"": ""United States of America""}]","[{""english_name"": ""English"", ""iso_639_1"": ""en"", ""name"": ""English""}]","[""US""]",null
168407,Fatima's Coochee-Coochee Dance,Fatima's Coochee-Coochee Dance,"The dancer Fatima, well-known for her dancing shows at the World's Exhibition in 1893, performs for the camera. She opens her act by twirling around a few times, and then she does the 'muscle dance' for which she had attracted considerable notoriety.",,Released,False,False,1896-05-03,1,0,0,0.1084,4.8,22,xx,,tt0285087,/crUVw04lEQLr20xAUEXAhAl8Qfx.jpg,,"[{""id"": 99, ""name"": ""Documentary""}]","[{""id"": 18758, ""logo_path"": ""/fe3cMUJLhbkTM9PDxdDA8hQpAxp.png"", ""name"": ""Edison Studios"", ""origin_country"": ""US""}]","[{""iso_3166_1"": ""US"", ""name"": ""United States of America""}]",[],"[""US""]",null
168408,Esther and the King,Esther and the King,"Recently widowed Persian King Ahasuerus wants to marry the beautiful Esther. But Esther is a Jewess, and Haman, the king's evil minister, is spreading hatred against the Jews.",The Most Celebrated Love Adventure of All...From the Greatest Book of All!,Released,False,False,1960-11-18,109,0,0,1.4302,5.1,18,en,,tt0053800,/mJyMUdGsy6wvqPgJftzqBg4ecAx.jpg,/w33ZFrOIWkaNAMj1skFAfzDOPM2.jpg,"[{""id"": 18, ""name"": ""Drama""}]","[{""id"": 12240, ""logo_path"": null, ""name"": ""Galatea Film"", ""origin_country"": ""IT""}, {""id"": 641, ""logo_path"": ""/w8flpSJntsxVCMkIU1qeg1kJcJh.png"", ""name"": ""Titanus"", ""origin_country"": ""IT""}, {""id"": 25, ""logo_path"": ""/qZCc1lty5FzX30aOCVRBLzaVmcp.png"", ""name"": ""20th Century Fox"", ""origin_country"": ""US""}]","[{""iso_3166_1"": ""US"", ""name"": ""United States of America""}, {""iso_3166_1"": ""IT"", ""name"": ""Italy""}]","[{""english_name"": ""English"", ""iso_639_1"": ""en"", ""name"": ""English""}]","[""US""]",null
168409,The Human Pyramid,La Pyramide humaine,"Jean Rouch gives a group of black and white teenagers a ""what if"" question: what if they socialised with each other? The teenagers then improvise their own characters and situations.",,Released,False,False,1961-04-18,90,0,0,0.1095,6.5,16,fr,,tt0196879,/66vlFfJ5M5dRTpb1pG7tc5LY7v7.jpg,,"[{""id"": 99, ""name"": ""Documentary""}, {""id"": 18, ""name"": ""Drama""}]","[{""id"": 745, ""logo_path"": null, ""name"": ""Les Films de la Pl\u00e9iade"", ""origin_country"": ""FR""}]","[{""iso_3166_1"": ""CI"", ""name"": ""Cote D'Ivoire""}, {""iso_3166_1"": ""FR"", ""name"": ""France""}]","[{""english_name"": ""French"", ""iso_639_1"": ""fr"", ""name"": ""Fran\u00e7ais""}]","[""FR""]",null
168410,Circus Rosaire,Circus Rosaire,"Story of the Rosaire family, a 9th generation family of circus performers known for their unique and respectful manner of performing with animals, as they struggle to maintain their family heritage and adapt to the modern world of entertainment. Documentary.","9 generations. 1 family. The show always goes on, no matter what.",Released,False,False,2007-04-15,93,0,0,0.0286,0.0,0,en,http://www.circusrosairemovie.com/,tt1000702,,,"[{""id"": 99, ""name"": ""Documentary""}]",[],"[{""iso_3166_1"": ""US"", ""name"": ""United States of America""}]","[{""english_name"": ""English"", ""iso_639_1"": ""en"", ""name"": ""English""}]","[""US""]",null
168416,Inside America,Inside America,Inside America is a 2010 Austrian drama film written and directed by Barbara Eder. The film is Eder's debut and it won the Special Jury Prize at the Max Ophüls Film Festival.,,Released,False,False,2010-09-11,107,0,0,0.1352,0.0,0,en,http://www.insideamerica-derfilm.at/,tt1600667,/lJHfzExyXD3avwAsi6xReoNU6tM.jpg,/6rmfQz17j9duH5MC8tnB3tXGj8W.jpg,"[{""id"": 18, ""name"": ""Drama""}]",[],[],[],"[""US""]",null
168417,Rambling 'Round Radio Row #2,Rambling 'Round Radio Row #2,"Returning to New York on an ocean liner, Lois Whiteman, Harry Barris and Art Jarrett decide to visit composer Burton Lane, who is also aboard, to rehearse a little. Saxophonists Benny Krueger and Rudy Wiedhoeft meet and perform with their instruments.",,Released,False,False,1932-10-22,10,0,0,0.2716,3.3,3,en,,tt0147208,/4iTac5lTrf5zhm5eUErzzuVyFmM.jpg,,"[{""id"": 10402, ""name"": ""Music""}]","[{""id"": 9329, ""logo_path"": ""/aue5pVfj9TcjYEOufkcuCbAL5hE.png"", ""name"": ""The Vitaphone Corporation"", ""origin_country"": ""US""}]","[{""iso_3166_1"": ""US"", ""name"": ""United States of America""}]","[{""english_name"": ""English"", ""iso_639_1"": ""en"", ""name"": ""English""}]","[""US""]",null
168419,Seasoned Greetings,Seasoned Greetings,The owner of an unsuccessful greeting cards store decides to sell 'talking' greeting cards in the form of records.,,Released,False,False,1933-09-23,20,0,0,0.3007,5.0,4,en,,tt0442833,/a04MA8bPMIPwKaFOP8fIngSlBwr.jpg,,"[{""id"": 10402, ""name"": ""Music""}]","[{""id"": 9329, ""logo_path"": ""/aue5pVfj9TcjYEOufkcuCbAL5hE.png"", ""name"": ""The Vitaphone Corporation"", ""origin_country"": ""US""}]","[{""iso_3166_1"": ""US"", ""name"": ""United States of America""}]","[{""english_name"": ""English"", ""iso_639_1"": ""en"", ""name"": ""English""}]","[""US""]",null
168421,Chile: Obstinate Memory,Chile: la memoria obstinada,"After decades of fascist rule in Chile, Patricio Guzmán returns to his country to screen his documentary The Battle of Chile.",,Released,False,False,1997-02-25,59,0,0,0.1263,7.2,13,es,,tt0140894,/1QTRTFaByM7yMeLehjqBb7tILll.jpg,/gxvSOtBplxn58S9Boh6Tpvkeyqk.jpg,"[{""id"": 99, ""name"": ""Documentary""}]","[{""id"": 11332, ""logo_path"": null, ""name"": ""La Sept-Arte"", ""origin_country"": ""FR""}, {""id"": 10473, ""logo_path"": ""/lMUDQZVtg8On4PAW5XFQPaQy6UK.png"", ""name"": ""ONF | NFB"", ""origin_country"": ""CA""}, {""id"": 76921, ""logo_path"": ""/dkPpGhEL2uQ5bmNDAqSZRFp894g.png"", ""name"": ""Les Films d'Ici"", ""origin_country"": ""FR""}]","[{""iso_3166_1"": ""BE"", ""name"": ""Belgium""}, {""iso_3166_1"": ""CA"", ""name"": ""Canada""}, {""iso_3166_1"": ""CL"", ""name"": ""Chile""}, {""iso_3166_1"": ""FR"", ""name"": ""France""}, {""iso_3166_1"": ""DE"", ""name"": ""Germany""}]","[{""english_name"": ""Spanish"", ""iso_639_1"": ""es"", ""name"": ""Espa\u00f1ol""}]","[""ES"", ""CA""]",null
168422,Hector Acosta 'El Torito': En Vivo,Hector Acosta 'El Torito': En Vivo,"Hector Acosta 'El Torito' - En Vivo movie was released Jun 17, 2008 by the Universal Music &amp; Video Distribution studio. The former Dominican tropical singer and orchestra lead singer of los Toros Band brings to his public this DVD entitled interpreting many of his songs live for all fans to enjoy!!  Hector Acosta (""El Torito""), award-winning tropical vocalist and former lead singer of the legendary Toros Band, plays all of his solo hits live on concert film EN VIVO.",,Released,False,False,2008-06-17,59,0,0,0.0,0.0,0,en,,,,,[],"[{""id"": 13120, ""logo_path"": null, ""name"": ""Universal Music & Video Distribution"", ""origin_country"": """"}]",[],"[{""english_name"": ""Spanish"", ""iso_639_1"": ""es"", ""name"": ""Espa\u00f1ol""}]","[""US""]",null
168423,Breath of the Gods,Der atmende Gott,"A Journey to the Origins of Modern Yoga. Yoga is known to go back to God Shiva, who perfected 8,4 million postures, according to Indian tradition. Far less known is the fact that yoga is at the same time an early 20th century-creation of Indian savant T. Krishnamacharya, which is what this film is about. Krishnamacharya's life and teachings are seen through the eyes of the director on his search for authentic yoga. His journey leads him from students and relatives of Krishnamacharya's such as the legendary teachers Iyengar and Pattabhi Jois to the source of modern yoga: the palace of the Maharaja of Mysore, where Krishnamacharya founded the first ever yoga school. A feature-length documentary including rare historical footage as well as lavish reenactments.",,Released,False,False,2012-01-05,105,0,0,0.0898,7.0,1,de,http://www.deratmendegott.de/,tt2102302,/2IJrtmQxDxhUjdCjsXc2VzwjjuW.jpg,,"[{""id"": 99, ""name"": ""Documentary""}]","[{""id"": 79690, ""logo_path"": null, ""name"": ""Pars Media"", ""origin_country"": ""DE""}]","[{""iso_3166_1"": ""DE"", ""name"": ""Germany""}]","[{""english_name"": ""English"", ""iso_639_1"": ""en"", ""name"": ""English""}, {""english_name"": ""German"", ""iso_639_1"": ""de"", ""name"": ""Deutsch""}, {""english_name"": ""Hindi"", ""iso_639_1"": ""hi"", ""name"": ""\u0939\u093f\u0928\u094d\u0926\u0940""}]","[""DE""]",null
168426,If I Were You,If I Were You,"When a woman tries to outwit her husband's sexy young mistress, the unexpected consequences include starring as King Lear in a very amateur production - with the mistress, an aspiring actress, playing The Fool.",,Released,False,False,2013-03-15,115,0,0,0.5579,6.6,39,en,,tt1587309,/n4MDlfhZlch7VUX176X30SdZYPf.jpg,/auOTElJb8j6vXucuSnbwiOqchQM.jpg,"[{""id"": 18, ""name"": ""Drama""}, {""id"": 35, ""name"": ""Comedy""}, {""id"": 10749, ""name"": ""Romance""}]","[{""id"": 100608, ""logo_path"": null, ""name"": ""Paragraph Pictures"", ""origin_country"": """"}, {""id"": 129819, ""logo_path"": null, ""name"": ""TallTree Pictures"", ""origin_country"": """"}]","[{""iso_3166_1"": ""CA"", ""name"": ""Canada""}, {""iso_3166_1"": ""GB"", ""name"": ""United Kingdom""}]","[{""english_name"": ""English"", ""iso_639_1"": ""en"", ""name"": ""English""}]","[""CA"", ""US"", ""GB""]",null
168428,Unter Wölfen,Unter Wölfen,,,Released,False,False,2006-11-30,0,0,0,0.0811,7.3,3,de,,tt0818142,/alJ58e4mXKVfFgTmjnUSmIYVxX.jpg,/lSRgaLVoOu0kXbH5Bbow8TmeKTU.jpg,[],[],"[{""iso_3166_1"": ""DE"", ""name"": ""Germany""}]","[{""english_name"": ""German"", ""iso_639_1"": ""de"", ""name"": ""Deutsch""}]","[""DE""]",null
168429,My Sisters,Meine Schwestern,"How should you spend your time if your days are numbered? This is the question facing Linda, a young woman suffering from a congenital heart defect. Contrary to her doctors’ expectations she has managed to survive to celebrate her thirtieth birthday, but with an operation looming, Linda nonetheless feels a deep need to spend what might be her last weekend with her two sisters: Katharina who is older, and Clara who is younger than her. Linda must use their journey, which begins at their family’s weekend house and ends in Paris, to examine the ways in which her family has been fundamentally affected by her illness; she must also consider how much she can expect from herself and her sisters – faced as they are with the possibility of her death.",,Released,False,False,2014-02-06,88,0,0,0.6699,6.4,7,de,,tt2582008,/AkEBWDFUkm56qWEVw6NbzfBSnJG.jpg,/wR4mzyzXGtly7GKSnAYx90JuQGN.jpg,"[{""id"": 18, ""name"": ""Drama""}]","[{""id"": 1251, ""logo_path"": ""/fc0O0mvjl8PbHgZXXY2VgPYos1Z.png"", ""name"": ""ARD"", ""origin_country"": ""DE""}]","[{""iso_3166_1"": ""FR"", ""name"": ""France""}, {""iso_3166_1"": ""DE"", ""name"": ""Germany""}]","[{""english_name"": ""German"", ""iso_639_1"": ""de"", ""name"": ""Deutsch""}]","[""DE""]",null
168430,Chaalbaaz,Chaalbaaz,"Twins separated at infancy are brought up differently. One weak, one strong. One day, they end up at each others house. Their life is not the same anymore.",,Released,False,False,1989-12-08,155,0,0,1.356,5.8,10,hi,,tt0122427,/jq1f7uVoQBfKVwKQqsXDV998ftJ.jpg,/3AB1oujBAoA0WgChhEr57lLG5wF.jpg,"[{""id"": 28, ""name"": ""Action""}, {""id"": 35, ""name"": ""Comedy""}, {""id"": 18, ""name"": ""Drama""}]",[],"[{""iso_3166_1"": ""IN"", ""name"": ""India""}]","[{""english_name"": ""Hindi"", ""iso_639_1"": ""hi"", ""name"": ""\u0939\u093f\u0928\u094d\u0926\u0940""}]","[""IN""]",null
168432,"Hello, Everybody!","Hello, Everybody!","The setting is a farm. Kate Smith and Sally Blane play sisters; assorted relatives live with the sisters, but everyone at home, and in the whole town, depends on Kate to hold everything together. The power company wants to build a dam which will require flooding many of the farms; Kate is holding out; if Kate sells, everyone else will sell; if Kate refuses, the rest of the town will refuse as well. Randolph Scott meets Kate's beautiful sister, Sally Blane, at a dance. Randolph Scott, as it turns out, is an agent for the power company. Kate thinks he's just using Sally; Sally believes that he truly likes her. Randolph comes to the farm and appears to woo Kate. Kate remains unconvinced about selling out, but falls for Randolph.",She's in the Movies Now!,Released,False,False,1933-02-17,69,0,0,1.3872,6.0,1,en,,tt0024103,/AvuH0MBCOmiz57Qd1HKXWjZiH9m.jpg,/reUtzfQTbpigFOhI3YGMB0ZGNtm.jpg,"[{""id"": 10402, ""name"": ""Music""}]","[{""id"": 4, ""logo_path"": ""/jay6WcMgagAklUt7i9Euwj1pzTF.png"", ""name"": ""Paramount Pictures"", ""origin_country"": ""US""}]","[{""iso_3166_1"": ""US"", ""name"": ""United States of America""}]","[{""english_name"": ""English"", ""iso_639_1"": ""en"", ""name"": ""English""}]","[""US""]",null
168433,Katiyabaaz,कटियाबाज़,"In Kanpur, India, an electricity thief provides Robin Hood style services to the poor in the face of day long power-cuts. Meanwhile the first female chief of the local electricity supply company has vowed to put an end to all illegal connections, for good. In a summer of crisis, both come to terms with India's energy poverty.",,Released,False,False,2013-02-12,80,0,0,0.54,7.1,9,hi,http://www.powerless-film.com/,tt2466678,/oF4BTm6Dxfu89DHXLz7zssBRCSO.jpg,,"[{""id"": 99, ""name"": ""Documentary""}, {""id"": 18, ""name"": ""Drama""}]","[{""id"": 13175, ""logo_path"": null, ""name"": ""Globalistan Films"", ""origin_country"": """"}, {""id"": 10943, ""logo_path"": ""/9jd9RFYraPpPCz7rpqp5KhrwfAH.png"", ""name"": ""ITVS"", ""origin_country"": ""US""}]","[{""iso_3166_1"": ""IN"", ""name"": ""India""}]","[{""english_name"": ""English"", ""iso_639_1"": ""en"", ""name"": ""English""}, {""english_name"": ""Hindi"", ""iso_639_1"": ""hi"", ""name"": ""\u0939\u093f\u0928\u094d\u0926\u0940""}]","[""IN""]",null
168435,Lost Children,Lost Children,"For over 18 years a civil war in northern Uganda has dragged on almost completely unnoticed by the rest of the world. The rebels of the LRA ( Lord's Resistance Army) are waging a bloody guerilla campaign. They abduct children and conscript them as soldiers, forcing them to kill their own people. The film Lost Children documents the lives of four children, from 8 to 14 years old, who successfully escaped the LRA. They return home to be branded as killers.  Will they ever forget? Will they be forgiven? Can you ever be a child again after being a soldier?",Can you ever be a child again after you have been a soldier?,Released,False,False,2005-10-20,103,0,0,0.2054,0.0,0,en,http://www.lost-children.de/,tt0451101,,,[],[],[],[],"[""US""]",null
168436,The Making of Flying Colors,The Making of Flying Colors,"Go behind the scenes and watch the band’s songs come to life through the extraordinary collaborative process that unfolded as the artists grew to know each other musically, as well as personally. Against the ticking clock, watch as Neal, Mike, Casey, Dave, Steve and Peter defy the odds, creating one of the year’s most acclaimed albums in an incredible nine days. Experience the candid moments, lost ideas, original performances, frustrations, joy, reflections and friendships as they happened. See where it all came from, and how it became Flying Colors.",,Released,False,False,2012-03-26,60,0,0,0.0143,0.0,0,en,http://flyingcolorsmusic.com/the-making-of-flying-colors/,,,,[],[],[],[],"[""US""]",null
168438,Probe,Probe,"That hipster ring that special agent Hugh Lockwood wears? It's a camera, transmitting image and sound of his surroundings. It's also a scanner, detecting telltale changes in pulse or other biometric readings of himself and the people around him. This ring and more electronic devices -- some embedded -- keep Lockwood linked with Probe Control, where experts and banks of computers provide instant mission-critical warnings, intel, even language translations. In this pilot film for the short-lived series ""Search,"" Lockwood is on a quest to recover priceless diamonds stolen by the Nazis during World War II.",High-tech private eye.,Released,False,False,1972-02-21,95,0,0,0.9908,5.5,4,en,,tt0069125,/mFycJhEY9XVDtIF9Q2FMJ7TfWaF.jpg,,"[{""id"": 878, ""name"": ""Science Fiction""}, {""id"": 9648, ""name"": ""Mystery""}, {""id"": 53, ""name"": ""Thriller""}, {""id"": 10770, ""name"": ""TV Movie""}]","[{""id"": 1957, ""logo_path"": ""/pJJw98MtNFC9cHn3o15G7vaUnnX.png"", ""name"": ""Warner Bros. Television"", ""origin_country"": ""US""}, {""id"": 199612, ""logo_path"": null, ""name"": ""Leslie Stevens Productions"", ""origin_country"": """"}]","[{""iso_3166_1"": ""US"", ""name"": ""United States of America""}]","[{""english_name"": ""English"", ""iso_639_1"": ""en"", ""name"": ""English""}]","[""US""]",null
168442,Tahiti Honey,Tahiti Honey,"The ""Eleven Brooklyn Bombshells,"" a band led by Mickey Monroe ('Dennis O'Keefe (I)' ), are stranded in Tahiti at the time of the fall of France to the Nazis. Suzette ""Suzie"" Durand (Simone Simon). a French-American girl singing in a nightclub is consumed with a desire to go to the United States. Things go from bad to worse for the band,. and they are faced with the necessity of either taking a girl singer into the group,which they all regard as bad luck, or starving. The band insists that she be dropped as soon as they can earn enough to catch a bot home. But Mickey falls in love with Suzie, and smuggles her on board the ship.",,Released,False,False,1943-04-06,68,0,0,1.1073,4.5,3,en,,tt0140592,/29GUgr35pkgYbPMl0l4XbLktwzH.jpg,/sAeTEOIndYMOzzQzD6LchcVCmjM.jpg,"[{""id"": 35, ""name"": ""Comedy""}, {""id"": 10402, ""name"": ""Music""}, {""id"": 10749, ""name"": ""Romance""}]","[{""id"": 1432, ""logo_path"": ""/odyWStT82nGf2LQCyfs7iFudwa0.png"", ""name"": ""Republic Pictures"", ""origin_country"": ""US""}]","[{""iso_3166_1"": ""US"", ""name"": ""United States of America""}]","[{""english_name"": ""English"", ""iso_639_1"": ""en"", ""name"": ""English""}]","[""US""]",null
168445,Chakradhaar,Chakradhaar,"Shravan enrols himself in the University of Banaras as per his father's wishes. Being a man of principles, he soon finds himself amidst the fight against the corruption prevalent in the university.",,Released,False,False,2012-01-01,0,0,0,0.0453,6.0,1,hi,,tt2207668,/5XhiltI5eEyxHGWw8pWPTe8r1lI.jpg,,"[{""id"": 28, ""name"": ""Action""}]",[],[],"[{""english_name"": ""Hindi"", ""iso_639_1"": ""hi"", ""name"": ""\u0939\u093f\u0928\u094d\u0926\u0940""}]","[""IN""]",null
168448,Mike Portnoy: Testimony 2: Live in Los Angeles,Mike Portnoy: Testimony 2: Live in Los Angeles,"Mike's Drum-Cam footage from Neal Morse's Testimony 2 Tour.  Audio options include: Full Band, Isolated Drums, and Audio Commentary from Mike Portnoy and Neal Morse.  Set 1  Lifeline  Leviathan  The Separated Man  Sola Scriptura Medley  Seeds of Gold  Testimony 1 Part 5:  Overture No 3  Rejoice  Oh Lord My God  God's Theme 2  Set 2  Testimony 2:  Mercy Street  Overture No 4  Time Changer  Jayda  Nighttime Collectors  Time Has Come Today  Jesus Blood  The Truth Will Set You Free  Chance Of A Lifetime  Jesus Bring Me Home  Road Dog Blues  It's For You  Crossing Over/Mercy Street (Reprise)  Encore  Reunion",,Released,False,False,2012-01-01,295,0,0,0.0357,0.0,0,en,,,,,[],[],[],[],"[""US""]",null
168450,Parallel Sons,Parallel Sons,"Seth is a youth with artistic leanings, a fascination with Black pop culture, and a dead-end life in an Adirondack village. He's alternatively sensitive and brutal with Kristen, who wants a sexual relationship that he explosively rejects. Late one night, as he's closing the cafe where he works, a young Black man attempts to rob him at gun point but faints from illness. Seth takes the man, Knowledge, an escapee from a nearby prison, to a family cabin where he nurses him and they begin a tentative friendship. When the sheriff learns of Seth's harboring a fugitive, a confrontation looms. Relationships between fathers and their children dominate the subplots.",,Released,False,False,1996-11-07,93,0,0,0.5283,4.6,8,en,,tt0114089,/pmaJCkKTiH7YOkF822mLeaSDgur.jpg,/hSla1PPZttZCOut9uP2GN9Q2Rbw.jpg,"[{""id"": 18, ""name"": ""Drama""}, {""id"": 10749, ""name"": ""Romance""}]",[],"[{""iso_3166_1"": ""US"", ""name"": ""United States of America""}]","[{""english_name"": ""English"", ""iso_639_1"": ""en"", ""name"": ""English""}]","[""US""]",null
168452,The Truth Below,The Truth Below,"A snowboarding trip rapidly turns deadly as four friends become trapped in their car, buried by an avalanche. They soon discover they not only have to survive the accident, but also each other.",Very bad things are going to happen down here.,Released,False,False,2011-06-16,85,0,0,0.3126,4.5,6,en,,tt1645186,/gVRQRZMKk6g1iLMHatwP3zhIyGN.jpg,,"[{""id"": 53, ""name"": ""Thriller""}]",[],[],"[{""english_name"": ""English"", ""iso_639_1"": ""en"", ""name"": ""English""}]","[""US""]",null
168453,Redemption - Frozen In The Moment: Live in Atlanta,Redemption - Frozen In The Moment: Live in Atlanta,"DVD performance from the Los Angeles-based Progressive Metal band led by guitarist/songwriter Nicolas van Dyk and featuring vocal legend Ray Alder of Fates Warning. The DVD contains a five-camera, high-definition shoot of the band's ProgPower USA VIII festival appearance in Atlanta, Georgia in October 2007. In addition, there is a 12-minute video and photo tour diary.",,Released,False,False,2009-03-03,0,0,0,0.0437,0.0,0,en,,,,,[],[],[],[],"[""US""]",null
168455,Mike Portnoy - Live at Budokan,Mike Portnoy - Live at Budokan,"Mike’s drum-cam footage from the historic ""Live At Budokan"" Dream Theater show filmed on April 26th 2004.  Audio Options include: Full Band; Isolated Drums and an Audio Commentary with Mike.",,Released,False,True,2005-06-01,0,0,0,0.0387,0.0,0,en,,,/aZyfnD92c3nbE3ynVxYIs0bwmIW.jpg,,"[{""id"": 10402, ""name"": ""Music""}]",[],[],[],"[""US""]",null
168456,Ocean's Deadliest,Ocean's Deadliest,"Host Steve Irwin, ""The Crocodile Hunter,"" in his last documentary, teams up with oceanographer Phillippe Cousteau to explore the deadliest sea creatures living in the waters between Australia's Gold Coast and the Great Barrier Reef.",,Released,False,False,2007-01-20,90,0,0,0.0936,6.8,4,en,,tt0937370,/uqdJzGspSQBefQT3PrH3j19zpBJ.jpg,,"[{""id"": 99, ""name"": ""Documentary""}]",[],"[{""iso_3166_1"": ""AU"", ""name"": ""Australia""}]","[{""english_name"": ""English"", ""iso_639_1"": ""en"", ""name"": ""English""}]","[""AU"", ""US""]",null
168457,Mike Portnoy - Drumerta,Mike Portnoy - Drumerta,Mike's drum cam footage from the recording sessions for Adrenaline Mob's album Omertà.  Audio Options include:  - Full Band Mix  - Isolated Drum Mix,,Released,False,False,2012-06-01,0,0,0,0.0143,0.0,0,en,http://www.mikeportnoy.com/ProductCart/pc/viewPrd.asp?idproduct=45&idcategory=7,,,,[],[],[],"[{""english_name"": ""English"", ""iso_639_1"": ""en"", ""name"": ""English""}]","[""US""]",null
168458,Mike Portnoy - Drumming Colors,Mike Portnoy - Drumming Colors,"Mike's drum cam footage from the recording sessions of Flying Color's self-titled album.  Audio Options Include: - Full Band Mix - Isolated Drum Mix",,Released,False,False,2012-06-01,0,0,0,0.0214,0.0,0,en,http://www.mikeportnoy.com/productcart/pc/viewPrd.asp?idproduct=46&idcategory=7,,,,[],[],[],[],"[""US""]",null
168459,Mike Portnoy - Drums of Thought,Mike Portnoy - Drums of Thought,"Mike's Drum-cam footage from Dream Theaters Train of Thought recording sessions.  Audio Options include:  - Full Band - Studio - Audio Commentary with Mike.  Includes all tracks from Train of Thought (with the exception of ""Vacant"") in their entirety.",,Released,False,False,2004-06-01,0,0,0,0.0071,0.0,0,en,,,/gn387zGKuotXuSa0xxn3vkVtfCP.jpg,,"[{""id"": 10402, ""name"": ""Music""}]",[],[],[],"[""US""]",null
168460,Mike Portnoy - sysDRUMatic Chaos,Mike Portnoy - sysDRUMatic Chaos,"Mike’s drum-cam footage from Dream Theater's Systematic Chaos recording sessions.  Audio Options include:  - Full Band - Isolated Drums.  Features an extended blooper reel.",,Released,False,False,2007-06-01,0,0,0,0.0143,0.0,0,en,http://www.mikeportnoy.com/aboutmike/videodetails.aspx?ID=369,,/qYvyl0P5dSRZL0kP4fIDIWUBAT7.jpg,,"[{""id"": 10402, ""name"": ""Music""}]",[],[],[],"[""US""]",null
168461,Mike Portnoy - Whirlwind Drumming,Mike Portnoy - Whirlwind Drumming,Mike's Drum-cam footage from Transatlantic's The Whirlwind recording sessions.  Audio options include Full Band &amp; Isolated Drums.  Also features rare audio &amp; video outtakes.,,Released,False,False,2010-06-01,0,0,0,0.0327,0.0,0,en,http://www.mikeportnoy.com/productcart/pc/viewPrd.asp?idproduct=37&idcategory=7,,,,[],[],[],[],"[""US""]",null
168462,Mark King - Isle of Wight,Mark King - Isle of Wight,"Featuring Level 42 frontman and bassist Mark King.  Recorded live at Ryde Theatre, Isle Of Wight, November 22nd 2000.  Track List: 1. Just Like That, 2. Changing The Guard, 3. Dream Crazy, 4. Love Wars, 5. True Believers, 6. Kansas City Milkman, 7. Keep Climbing, 8. Lying Still, 9. I Sleep On My Heart, 10. Take Care Of Yourself, 11. Running In The Family, 12. Lessons In Love, 13. Something About You, 14. The Chinese Way.",,Released,False,False,2001-01-01,0,0,0,0.0071,0.0,0,en,,,/lxRStjeK4uzEiOa1XuxO4JVEy9N.jpg,,"[{""id"": 10402, ""name"": ""Music""}]",[],[],[],"[""US""]",null
168463,Duran Duran: Sing Blue Silver,Duran Duran: Sing Blue Silver,"In 1984, Duran Duran toured Canada and America. It was their first major tour as headliners in these two countries. Over 79 days, they travelled approximately 18,000 miles and played 51 shows in 43 cities to over 550,000 fans. The entire tour was filmed for this behind the scenes documentary which offers some fascinating and intriguing glimpses into the fun, glamour, agony, ecstasy and ultimate glory of three months on the road.  The band is shown thriving on the pressures, psyching themselves up pre-stage and then delivering their all to a thunderous response. The production manager, tour manager, road crew are frequently caught fraught with last minute panics and touring nerves. Hoards of hysterical fans are seen chasing down and beating on the band's limo and with a camera placed inside the car it gives the viewer an insight into how loud and sinister that must have been. And in between all of this comes the great music.",,Released,False,False,1984-01-01,86,0,0,0.3719,10.0,1,en,,tt5093738,/e9KUYt0YKcGGxE8VYuUXfZkL7Bz.jpg,/sc90wHu6bhfgsGA5OmIjHZXtZOt.jpg,"[{""id"": 10402, ""name"": ""Music""}, {""id"": 99, ""name"": ""Documentary""}]",[],"[{""iso_3166_1"": ""GB"", ""name"": ""United Kingdom""}]","[{""english_name"": ""English"", ""iso_639_1"": ""en"", ""name"": ""English""}]","[""US""]",null
168470,So You Want to Be in Pictures,So You Want to Be in Pictures,Aspiring actor Joe McDoakes blows his first part at Warner Bros. and has to settle for being a stand-in.,,Released,False,False,1947-06-07,11,0,0,0.4713,5.8,5,en,,tt0039843,,,"[{""id"": 35, ""name"": ""Comedy""}]","[{""id"": 12442, ""logo_path"": null, ""name"": ""Richard L. Bare Productions"", ""origin_country"": """"}, {""id"": 9329, ""logo_path"": ""/aue5pVfj9TcjYEOufkcuCbAL5hE.png"", ""name"": ""The Vitaphone Corporation"", ""origin_country"": ""US""}, {""id"": 174, ""logo_path"": ""/zhD3hhtKB5qyv7ZeL4uLpNxgMVU.png"", ""name"": ""Warner Bros. Pictures"", ""origin_country"": ""US""}]","[{""iso_3166_1"": ""US"", ""name"": ""United States of America""}]","[{""english_name"": ""English"", ""iso_639_1"": ""en"", ""name"": ""English""}]","[""US""]","{""id"": 1475281, ""name"": ""So You Want... Collection"", ""poster_path"": ""/cYZgFEwCDHsxLVhIuWVPGoWq3Rt.jpg"", ""backdrop_path"": ""/naVCwA2GOPt3UMdvY5EncG5o5EV.jpg""}"
168475,Quimby: Aréna 2011,Quimby: Aréna 2011,,,Released,False,False,2012-11-29,0,0,0,0.2139,9.5,1,hu,,,/kV0Ydx35YH7CC4yY7NyNkwkSGzt.jpg,/pN05ad6mpP45kyWJVsWi6nkb4gs.jpg,[],[],[],"[{""english_name"": ""Hungarian"", ""iso_639_1"": ""hu"", ""name"": ""Magyar""}]","[""HU""]",null
168476,Premonition,Premonition,A hippie student and his friends share deadly premonitions.,Where do your nightmares end? and realities begin?,Released,False,False,1972-11-01,83,0,0,0.3963,4.0,3,en,,tt0069118,/wQ2sXxI5GqQ7UHOnIy0uujHawWA.jpg,,"[{""id"": 27, ""name"": ""Horror""}, {""id"": 9648, ""name"": ""Mystery""}]","[{""id"": 283111, ""logo_path"": null, ""name"": ""Joyce Productions"", ""origin_country"": ""US""}]","[{""iso_3166_1"": ""US"", ""name"": ""United States of America""}]","[{""english_name"": ""English"", ""iso_639_1"": ""en"", ""name"": ""English""}]","[""US""]",null
168478,Mermaid,Русалка,"An elderly monk, while training the young novice who will succeed him, recalls the mysterious lost love of his past - just as his young successor appears to be encountering her himself.",,Released,False,False,1997-02-15,10,0,0,0.3137,6.9,51,ru,,tt0130860,/38AbKCe7XUy2Xrm91WV3Lh6Eyid.jpg,/2dtwfaGLQIri364HKSIYnBXq8v8.jpg,"[{""id"": 16, ""name"": ""Animation""}, {""id"": 14, ""name"": ""Fantasy""}, {""id"": 10749, ""name"": ""Romance""}]","[{""id"": 95341, ""logo_path"": null, ""name"": ""Dago Productions"", ""origin_country"": ""RU""}, {""id"": 16858, ""logo_path"": ""/z95wNMtKgSoY4DD13mAiZXrN49T.png"", ""name"": ""Shar Studio"", ""origin_country"": ""RU""}]","[{""iso_3166_1"": ""RU"", ""name"": ""Russia""}]","[{""english_name"": ""Russian"", ""iso_639_1"": ""ru"", ""name"": ""P\u0443\u0441\u0441\u043a\u0438\u0439""}]","[""RU""]",null
168479,Legions of the Nile,Le legioni di Cleopatra,"Octavio secretly sent his consul Curridio to Alexandria in a final attempt to reach peace. In the city, he meets Berenice, a mysterious and beautiful dancer who falls in love. Actually, the dancer is the queen Cleopatra who leads a double life using this name.",The Thundering Adventure That Brought an Empire to its Knees!,Released,False,False,1959-11-27,100,0,0,1.1511,5.3,7,it,,tt0052999,/koH2d6vCEdgFiRcZgk2kgpKqyeB.jpg,/75f1G6yTzTPDzt3eambWX35iLzz.jpg,"[{""id"": 36, ""name"": ""History""}, {""id"": 18, ""name"": ""Drama""}, {""id"": 12, ""name"": ""Adventure""}]","[{""id"": 32276, ""logo_path"": null, ""name"": ""Comptoir Fran\u00e7ais de Productions Cin\u00e9matographiques (CFPC)"", ""origin_country"": ""FR""}, {""id"": 60063, ""logo_path"": null, ""name"": ""Alexandra Produzioni Cinematografiche"", ""origin_country"": ""IT""}, {""id"": 60064, ""logo_path"": null, ""name"": ""Atenea Films"", ""origin_country"": ""ES""}, {""id"": 8948, ""logo_path"": null, ""name"": ""Societ\u00e9 Cin\u00e9matographique Lyre"", ""origin_country"": ""FR""}]","[{""iso_3166_1"": ""IT"", ""name"": ""Italy""}, {""iso_3166_1"": ""FR"", ""name"": ""France""}, {""iso_3166_1"": ""ES"", ""name"": ""Spain""}]","[{""english_name"": ""Italian"", ""iso_639_1"": ""it"", ""name"": ""Italiano""}]","[""IT""]",null
168480,David Allan Coe Live at Billy Bob's Texas,David Allan Coe Live at Billy Bob's Texas,David Allan Coe performs live a Billy Bob's Texas.,,Released,False,False,2002-03-01,80,0,0,0.1164,7.0,1,en,,tt2259400,,,"[{""id"": 10402, ""name"": ""Music""}, {""id"": 99, ""name"": ""Documentary""}]","[{""id"": 3086, ""logo_path"": ""/iksa7hXQMvPIzfSq0Tuo4WPU8gc.png"", ""name"": ""Image Entertainment"", ""origin_country"": ""US""}, {""id"": 13181, ""logo_path"": null, ""name"": ""Smith Music Group"", ""origin_country"": """"}]","[{""iso_3166_1"": ""US"", ""name"": ""United States of America""}]","[{""english_name"": ""English"", ""iso_639_1"": ""en"", ""name"": ""English""}]","[""US""]",null
168482,L’efecte aleatori,L’efecte aleatori,"The film is a free adaptation of Isaac Asimov story in 1976 wrote ""The Riddle"", but placing it in 2005. This is a dramatic fictional story that nowadays we consider a bad omen in the world in which we live. A small autonomous region that is about to go bankrupt. A world in economic crisis and securities, overpopulated, and governed by those who will not hesitate to look for its own interests.",,Released,False,False,2013-02-15,28,0,0,0.0538,0.0,0,es,,,,,[],[],[],[],"[""ES""]",null
168484,A Question of Time,A Question of Time,A short story about Mark - a single parent raising his only son Oliver. Within one day his life changes completely and he has to find a new way to cope with it.,,Released,False,False,,0,0,0,0.0143,0.0,0,en,,tt1855118,,,[],[],[],[],"[""US""]",null
168485,Hit and Runway,Hit and Runway,A straight man and a gay Jewish man team up to write a screenplay about a New York cop working undercover in the fashion industry.,Felix and Oscar. Meet Alex and Elliot.,Released,False,False,1999-04-17,108,0,0,0.7113,4.2,9,en,,tt0138493,/xFwPMSIdUytMeq7l2pauuMDahyk.jpg,/hFiZ623VXpa5J1PWa4qUr0NIwDi.jpg,"[{""id"": 35, ""name"": ""Comedy""}, {""id"": 18, ""name"": ""Drama""}, {""id"": 10749, ""name"": ""Romance""}]",[],[],[],"[""US""]",null
168486,Down in New Orleans,Down in New Orleans,"In this tale of redemption, the protagonist must fight to regain the accomplished life he knew before drug addiction and revenge stole his career, woman, and contentment, set in the river life of New Orleans.",,Released,False,False,2006-01-12,90,0,0,0.3056,6.0,1,en,,tt0498339,/xKihvcisjVY002j7qPolVK7LVD5.jpg,,"[{""id"": 18, ""name"": ""Drama""}]",[],"[{""iso_3166_1"": ""US"", ""name"": ""United States of America""}]",[],"[""US""]",null
168487,Frog Song,援助交際物語　したがるオンナたち,"Walking out on her husband after discovering his infidelity, Akemi Kudo (Konatsu) finds refuge in a comic-book shop, where she meets Kyoko Ito -- a would-be manga artist. Soon the unbridled Kyoko introduces Akemi to a new world of sensual experiences, but their fragile friendship is put to the test as Akemi contemplates returning to her two-timing spouse.",,Released,False,False,2005-06-10,65,0,0,1.2586,4.4,7,ja,,tt0881929,/e8fiu9HTtBY0yeshwXaMHJFSaUI.jpg,/NlyZTX1UKBgjuU9mOHTHWShbLu.jpg,"[{""id"": 18, ""name"": ""Drama""}]","[{""id"": 9301, ""logo_path"": ""/fydP9BvlRioMBcSmneCGdfkcePV.png"", ""name"": ""Kokuei Company"", ""origin_country"": ""JP""}]","[{""iso_3166_1"": ""JP"", ""name"": ""Japan""}]","[{""english_name"": ""Japanese"", ""iso_639_1"": ""ja"", ""name"": ""\u65e5\u672c\u8a9e""}]","[""JP""]",null
168488,Yaraana,Yaraana,"Lalita catches the eye of J.B. and he immediately falls in love with her and decides he must marry her. He bribes Lalita's uncle Madanlal into convincing Lalita to marry him. However, Lalita refuses and J.B. kidnaps her and forces her to marry him. One fateful night, Lalita manages to escape and she meets Raj (Rishi Kapoor) whose family consists of an elderly grandfather who dotes on him and wants him to get married at any cost.",,Released,False,False,1995-10-20,125,0,0,0.7056,5.2,4,hi,,tt0115009,/sVlereCkAGox3dxo4NZdun0QNGa.jpg,/aBWnsJO1ProdHVZCINx6u8GyWkw.jpg,"[{""id"": 28, ""name"": ""Action""}, {""id"": 18, ""name"": ""Drama""}, {""id"": 10402, ""name"": ""Music""}]",[],"[{""iso_3166_1"": ""IN"", ""name"": ""India""}]","[{""english_name"": ""Hindi"", ""iso_639_1"": ""hi"", ""name"": ""\u0939\u093f\u0928\u094d\u0926\u0940""}]","[""IN""]",null
168489,Bol Radha Bol,बोल राधा बोल,"Kishan Malhotra finds his life turned upside down, when he returns home one day to find that his place has been taken over by a look-alike imposter.",,Released,False,False,1992-07-03,164,0,0,1.1153,5.1,12,hi,,tt0172188,/z67ucNu2Yq8fjUzkeLFaKU69JmL.jpg,/zm3n09ADdvRKB2RbjOXvzfZ1B7b.jpg,"[{""id"": 35, ""name"": ""Comedy""}, {""id"": 53, ""name"": ""Thriller""}, {""id"": 10749, ""name"": ""Romance""}]","[{""id"": 82944, ""logo_path"": null, ""name"": ""Neha Arts"", ""origin_country"": """"}]","[{""iso_3166_1"": ""IN"", ""name"": ""India""}]","[{""english_name"": ""Hindi"", ""iso_639_1"": ""hi"", ""name"": ""\u0939\u093f\u0928\u094d\u0926\u0940""}]","[""IN""]",null
168490,Daraar,Daraar,"Raj Malhotra lives with his mother, and comes from a very wealthy family. He meets Priya Bhatia, who works with a real estate agency, and instantly falls in love with her.",,Released,False,False,1996-07-05,145,4,0,0.7983,7.5,4,hi,,tt0116024,/7ttjN1dlJHS9Eb5GlafJ3RAj0Nb.jpg,/zoLt51bJiI07uGPnFQHKx3JhUhe.jpg,"[{""id"": 53, ""name"": ""Thriller""}, {""id"": 18, ""name"": ""Drama""}, {""id"": 10749, ""name"": ""Romance""}]","[{""id"": 160726, ""logo_path"": null, ""name"": ""Shree Shiv Bhakti Films"", ""origin_country"": """"}, {""id"": 3939, ""logo_path"": null, ""name"": ""Venus Records & Tapes"", ""origin_country"": ""IN""}]","[{""iso_3166_1"": ""IN"", ""name"": ""India""}]","[{""english_name"": ""Hindi"", ""iso_639_1"": ""hi"", ""name"": ""\u0939\u093f\u0928\u094d\u0926\u0940""}]","[""IN""]",null
168495,Henna,Henna,"Beautiful Henna Khan lives the life of a gypsy near the river, Jhelum, in Pakistan with her widowed dad, Khan Baba; three brothers, Ashraf, Razzak, and Zaman; and Razzak's wife, Najma. One day she comes across a male body that has been washed ashore. Khan Baba, Bibi Gul, and Henna take this male in, nurse him back to health, only to find out that he has lost his memory. The male in his sleep cries out the name of ""Chand"", and everyone starts calling him by that name.",,Released,False,False,1991-06-28,184,0,0,1.6331,5.3,10,hi,,tt0121352,/vChTvHPB01q4XnrR6wVGAh26pqd.jpg,/m7Iy4Q3CnjTsyZQcErnbBHXagD9.jpg,"[{""id"": 18, ""name"": ""Drama""}, {""id"": 10749, ""name"": ""Romance""}, {""id"": 10402, ""name"": ""Music""}]","[{""id"": 5307, ""logo_path"": null, ""name"": ""R.K. Films"", ""origin_country"": ""IN""}]","[{""iso_3166_1"": ""IN"", ""name"": ""India""}]","[{""english_name"": ""Hindi"", ""iso_639_1"": ""hi"", ""name"": ""\u0939\u093f\u0928\u094d\u0926\u0940""}]","[""IN""]",null
168496,Act of Love,Un acte d'amour,An American soldier romances a beautiful Parisian during the final days of World War II.,WANTED for desertion! WANTED for questioning!...WANTING only each other!,Released,False,False,1953-12-17,108,0,0,1.2701,6.7,7,fr,,tt0046480,/dufmG7qYHARAQmUvrOTNjfr84Vz.jpg,/eQvS2LWNl3Q98KkSAPsomXdozOn.jpg,"[{""id"": 18, ""name"": ""Drama""}, {""id"": 10752, ""name"": ""War""}, {""id"": 10749, ""name"": ""Romance""}]","[{""id"": 16553, ""logo_path"": null, ""name"": ""Benagoss Productions"", ""origin_country"": ""US""}]","[{""iso_3166_1"": ""FR"", ""name"": ""France""}, {""iso_3166_1"": ""US"", ""name"": ""United States of America""}]","[{""english_name"": ""English"", ""iso_639_1"": ""en"", ""name"": ""English""}, {""english_name"": ""French"", ""iso_639_1"": ""fr"", ""name"": ""Fran\u00e7ais""}]","[""FR""]",null
168497,Khoj,Khoj,"A man's wife goes missing and another woman who claims to be his wife enters his life. Although he continues to deny being her husband, she produces many evidences that prove him wrong.",,Released,False,False,1989-07-21,119,0,0,0.5871,5.7,3,hi,,tt0261001,/dgKTBNC4AeY2IPLDoKYdncQP7qc.jpg,/iYJ0j7Ekfl5Mdn1uHOexSUkkdIq.jpg,[],[],[],[],"[""IN""]",null
168498,The Burning Train,दी बर्निंग ट्रेन,"An engineer's dream of making the perfect train for Indian Railways is given hope when the company commissions his prototype. After years dedicating himself to his dream, his family has suffered, but now he hopes to make it all up to them with the train's triumphant inaugural journey. However, an embittered fellow employee has other ideas.",,Released,False,False,1980-03-20,152,0,0,1.0307,6.5,20,hi,,tt0158534,/vjxvY0pbfTE9QM4qxr1JpzdFK0o.jpg,/hirileHWHzCPwGhrgNQXGOCafbt.jpg,"[{""id"": 28, ""name"": ""Action""}, {""id"": 53, ""name"": ""Thriller""}]","[{""id"": 4470, ""logo_path"": null, ""name"": ""United Producers"", ""origin_country"": ""IN""}]","[{""iso_3166_1"": ""IN"", ""name"": ""India""}]","[{""english_name"": ""Hindi"", ""iso_639_1"": ""hi"", ""name"": ""\u0939\u093f\u0928\u094d\u0926\u0940""}]","[""IN""]",null
168499,Marie-Martine,Marie-Martine,"The novelist Loïc Limousin knew the turbulent past of Marie-Martine and he extracted the material for a novel from which the young girl risks paying the price. After the drama that had thrown her in prison, she met a brave boy ready to make his life with her. Will the scandal separate them?",,Released,False,False,1943-05-11,103,0,0,0.4752,6.8,8,fr,,tt0192293,/p2rHr9p7s2tZFAX9pXr0ScUMIJV.jpg,/58ra1KO9WeEAX0Di2jiOmE9JqAA.jpg,"[{""id"": 18, ""name"": ""Drama""}]","[{""id"": 1769, ""logo_path"": null, ""name"": ""\u00c9clair-Journal"", ""origin_country"": """"}]","[{""iso_3166_1"": ""FR"", ""name"": ""France""}]","[{""english_name"": ""French"", ""iso_639_1"": ""fr"", ""name"": ""Fran\u00e7ais""}]","[""FR""]",null
168501,Raising Waylon,Raising Waylon,Café-owner Reg and photographer Julia become the unplanned guardians of their godson Waylon after his parents pass away.,,Released,False,False,2004-02-22,120,0,0,0.6954,6.6,5,en,,tt0400762,/lSu97aRZ6wRiHXcMO765aPpb6T6.jpg,/icsyJm8kDKa0pKD4cSD16dDokUP.jpg,"[{""id"": 35, ""name"": ""Comedy""}, {""id"": 10749, ""name"": ""Romance""}]","[{""id"": 11073, ""logo_path"": ""/wHs44fktdoj6c378ZbSWfzKsM2Z.png"", ""name"": ""Sony Pictures Television"", ""origin_country"": ""US""}, {""id"": 6426, ""logo_path"": null, ""name"": ""Dan Wigutow Productions"", ""origin_country"": """"}]","[{""iso_3166_1"": ""US"", ""name"": ""United States of America""}]","[{""english_name"": ""English"", ""iso_639_1"": ""en"", ""name"": ""English""}]","[""US""]",null
168502,The Ancines Woods,El bosque del lobo,"Benito Freire, a pedlar in a small village in northern Spain suffers from epileptic seizures and rumours start to spread that he may be a werewolf and responsible for a series of killings. The local Abbot is called upon to form a team to investigate, in an effort to halt the harrowing murders.",,Released,False,False,1970-04-19,87,0,0,0.8801,4.6,29,es,,tt0064105,/1xlhWmo3VfK6j2ImDHuOwogDsCQ.jpg,/ba0dpVzQlUa0FdJ3VIqMPqahWVp.jpg,"[{""id"": 18, ""name"": ""Drama""}, {""id"": 27, ""name"": ""Horror""}, {""id"": 36, ""name"": ""History""}]","[{""id"": 64913, ""logo_path"": null, ""name"": ""Amboto"", ""origin_country"": ""ES""}]","[{""iso_3166_1"": ""ES"", ""name"": ""Spain""}]","[{""english_name"": ""Spanish"", ""iso_639_1"": ""es"", ""name"": ""Espa\u00f1ol""}]","[""ES""]",null
168503,Hanns Dieter Hüsch - 40 Jahre unterwegs,Hanns Dieter Hüsch - 40 Jahre unterwegs,,,Released,False,True,1989-02-14,0,0,0,0.0379,0.0,0,de,,,,,[],[],[],"[{""english_name"": ""German"", ""iso_639_1"": ""de"", ""name"": ""Deutsch""}]","[""DE""]",null
168505,Hanns Dieter Hüsch - Am Niederrhein,Hanns Dieter Hüsch - Am Niederrhein,,,Released,False,True,1987-02-14,0,0,0,0.0357,0.0,0,de,,,,,[],[],[],"[{""english_name"": ""German"", ""iso_639_1"": ""de"", ""name"": ""Deutsch""}]","[""DE""]",null
168508,Something in the Way,Something in the Way,"Ahmad, a porn obsessed taxi driver from Jakarta, falls for the beautiful young prostitute Kinar and struggles with sexual frustration and misguided piety.",,Released,False,False,2013-02-08,89,0,0,1.3518,4.0,4,id,,tt2692476,/u9IJdRIDrS8IybPzKv50pLZsASM.jpg,/poecL9DN4IPUjOIsUlu9cHnONff.jpg,"[{""id"": 18, ""name"": ""Drama""}]","[{""id"": 50885, ""logo_path"": ""/tpsIyf2EOzbUF1hs0si0CP9oo5j.png"", ""name"": ""Karuna Pictures"", ""origin_country"": ""ID""}]","[{""iso_3166_1"": ""ID"", ""name"": ""Indonesia""}]","[{""english_name"": ""Indonesian"", ""iso_639_1"": ""id"", ""name"": ""Bahasa indonesia""}]","[""ID""]",null
168510,All for Two,Alle for to,"This sequel to the box office hit All for One finds the previously tight-knit trio dispersed: Nikolai is on parole, while brothers Ralf and Timo are planning a heist involving the unlikely combination of unsalted butter, a strict diet and a helicopter. When their seemingly impossible heist succeeds, Nikolai asks to borrow some money to start over. The brothers reject him, but when all three of them are tricked by a fish-loving banking executive, they are forced to team up again.","This is all for two, and you are out !",Released,False,False,2013-01-31,89,0,0,0.7746,5.5,28,da,,tt2188655,/wbLVedzlKgNa6qKuLRozQpSs3b.jpg,/fqYrOCgHQVW6bsiHjwfcFYz5DMx.jpg,"[{""id"": 35, ""name"": ""Comedy""}, {""id"": 80, ""name"": ""Crime""}]","[{""id"": 7048, ""logo_path"": ""/o8oGIynqlsJ1XmtNssIAnyNtKiZ.png"", ""name"": ""Fridthjof Film"", ""origin_country"": ""DK""}, {""id"": 758, ""logo_path"": ""/fft3jrctrZNcgAxgN1w5Givtzip.png"", ""name"": ""TV 2"", ""origin_country"": ""DK""}]","[{""iso_3166_1"": ""DK"", ""name"": ""Denmark""}]","[{""english_name"": ""Danish"", ""iso_639_1"": ""da"", ""name"": ""Dansk""}]","[""DK""]","{""id"": 216435, ""name"": ""All for ..."", ""poster_path"": ""/A8OcT5UJJ38C7mtvL0ybRKzRFHT.jpg"", ""backdrop_path"": ""/i2EexDbx1H60gVUrA8eZa8Fk9OG.jpg""}"
