id,title,original_title,overview,tagline,status,adult,video,release_date,runtime,budget,revenue,popularity,vote_average,vote_count,original_language,homepage,imdb_id,poster_path,backdrop_path,genres,production_companies,production_countries,spoken_languages,origin_country,belongs_to_collection
185341,[REC]⁴ Apocalypse,[REC]⁴ Apocalipsis,"Ángela Vidal, the young television reporter who entered the building with the firemen, manages to make it out alive. But what the soldiers don't know is that she carries the seed of the strange infection. She is to be taken to a provisional quarantine facility, a high-security installation where she will have to stay in isolation for several days. An old oil tanker, miles off shore and surrounded by water on all sides, has been especially equipped for the quarantine.",It’s time to leave.,Released,False,False,2014-10-31,95,3000000,4915757,3.5156,5.613,1252,es,,tt1649443,/nlSSZNESHkY1iPzYnpcRvYUr7Mz.jpg,/wKQpAxTL5MOpkb9Mk6w4vabtSe7.jpg,"[{""id"": 53, ""name"": ""Thriller""}, {""id"": 27, ""name"": ""Horror""}]","[{""id"": 7956, ""logo_path"": null, ""name"": ""Castelao Productions"", ""origin_country"": ""ES""}, {""id"": 185355, ""logo_path"": null, ""name"": ""Rec Apocalypse AIE"", ""origin_country"": ""ES""}]","[{""iso_3166_1"": ""ES"", ""name"": ""Spain""}]","[{""english_name"": ""Spanish"", ""iso_639_1"": ""es"", ""name"": ""Espa\u00f1ol""}]","[""ES""]","{""id"": 74508, ""name"": ""[REC] Collection"", ""poster_path"": ""/x4nS8ZXzdFuascDxNGZJU9qkxgj.jpg"", ""backdrop_path"": ""/txIG3D9UrvF4QRo8AEjhAeRMYSm.jpg""}"
185345,Ramchand Pakistani,Ramchand Pakistani,"Based on a actual events, the story is about a Pakistani Hindu boy and his father who accidentally cross the border into India from their village in Pakistan at a time of extreme war like tension between the 2 countries and end up spending 5 years in an Indian prison while the mother left behind wonders what has happened to them.",He crossed one line. And three lives changed forever.,Released,False,False,2008-04-20,105,0,0,0.2334,8.1,11,ur,,tt1095421,/eA1JGt1FoGhCHTHuspQR4g6wysN.jpg,/gtBnA3NtWd505YCeTuKDsT8IC8o.jpg,"[{""id"": 18, ""name"": ""Drama""}]",[],"[{""iso_3166_1"": ""PK"", ""name"": ""Pakistan""}]","[{""english_name"": ""Urdu"", ""iso_639_1"": ""ur"", ""name"": ""\u0627\u0631\u062f\u0648""}]","[""UR""]",null
185352,Tracked by the Police,Tracked by the Police,"The Laguna Dam is to be built in Arizona to supply water to desert-land unfit for cultivation or stock-raising. Rival companies bid for the building contract, which leads to violence and danger for Bob Owen and his dog Satan.",Adventurous Story of Arizona,Released,False,False,1927-05-07,61,0,0,0.7948,8.0,1,en,,tt0018501,/pNyNIWCgTRByjdGbkpttWnxvEtU.jpg,/rdoEBZZ9y0C2dwOZFvDe6UfLy2b.jpg,"[{""id"": 28, ""name"": ""Action""}, {""id"": 12, ""name"": ""Adventure""}, {""id"": 10751, ""name"": ""Family""}]","[{""id"": 174, ""logo_path"": ""/zhD3hhtKB5qyv7ZeL4uLpNxgMVU.png"", ""name"": ""Warner Bros. Pictures"", ""origin_country"": ""US""}]","[{""iso_3166_1"": ""US"", ""name"": ""United States of America""}]","[{""english_name"": ""No Language"", ""iso_639_1"": ""xx"", ""name"": ""No Language""}]","[""US""]",null
185348,Unashamed: A Romance,Unashamed: A Romance,"A woman who is in love with her boss entices him to join her at a nudist camp, but his affection soon turns elsewhere.",Tender love and inspiring sacrifice in a modern eden,Released,False,False,1938-03-19,67,0,0,0.2151,5.0,9,en,,tt0030909,/9Wvd8HczWFe8NGprUYs4dS80cEJ.jpg,/16UeHQQRuovewSyEUmL4nE4R6EF.jpg,"[{""id"": 10749, ""name"": ""Romance""}, {""id"": 18, ""name"": ""Drama""}]","[{""id"": 88032, ""logo_path"": null, ""name"": ""Cine-Grand Films Inc."", ""origin_country"": """"}]","[{""iso_3166_1"": ""US"", ""name"": ""United States of America""}]","[{""english_name"": ""English"", ""iso_639_1"": ""en"", ""name"": ""English""}]","[""US""]",null
185349,Murder101,Murder101,"With a passion for solving crime, fueled by the unsolved murder of her father’s death at the hands of a mass murderer days before she was born, law student Fiona Reid sets about the task of catching a mass murderer.",A female law student learns there is more to a Criminology class that is provided in the syllabus.,Released,False,False,2014-03-14,0,0,0,0.4175,0.0,0,ru,,tt1584918,/aefuGprR7JaS4BBWRXL1ArO4Xqx.jpg,,"[{""id"": 53, ""name"": ""Thriller""}]",[],[],"[{""english_name"": ""English"", ""iso_639_1"": ""en"", ""name"": ""English""}]","[""RU""]",null
185338,Journey to the Lost City,Journey to the Lost City,An exotic dancing girl of India inflames the passions of a traveling draftsman.,A Wondrous Adventure Into a Mysterious Barbaric Land Lost Forever in Time!,Released,False,False,1960-10-01,95,0,0,1.007,6.6,7,de,,tt0052949,/wsPg1pdObqwkKLPiSfwy7FvA7SU.jpg,,"[{""id"": 12, ""name"": ""Adventure""}]","[{""id"": 20198, ""logo_path"": null, ""name"": ""Criterion Productions"", ""origin_country"": """"}, {""id"": 1724, ""logo_path"": null, ""name"": ""Regina Films"", ""origin_country"": ""FR""}, {""id"": 1131, ""logo_path"": null, ""name"": ""Rizzoli Film"", ""origin_country"": ""IT""}, {""id"": 9266, ""logo_path"": ""/lRinQ7scVye5N8qkUIoCB4QXbRh.png"", ""name"": ""American International Pictures"", ""origin_country"": ""US""}]","[{""iso_3166_1"": ""IT"", ""name"": ""Italy""}, {""iso_3166_1"": ""FR"", ""name"": ""France""}, {""iso_3166_1"": ""DE"", ""name"": ""Germany""}]","[{""english_name"": ""German"", ""iso_639_1"": ""de"", ""name"": ""Deutsch""}]","[""DE""]",null
185347,The Man,Der Typ,The 30-year-old Fabo wanders aimlessly through the night and drowns his frustration in alcohol.,,Released,False,False,2003-10-01,50,0,0,0.3955,8.6,5,de,,tt0402554,/1BIXRYbBowqj1tOZiYd7IjtzW1Y.jpg,,"[{""id"": 18, ""name"": ""Drama""}]","[{""id"": 296, ""logo_path"": ""/oPCnyumoJtIedjQoQin6zSSHkv8.png"", ""name"": ""Filmakademie Baden-W\u00fcrttemberg"", ""origin_country"": ""DE""}]","[{""iso_3166_1"": ""DE"", ""name"": ""Germany""}]","[{""english_name"": ""German"", ""iso_639_1"": ""de"", ""name"": ""Deutsch""}]","[""DE""]",null
185353,Wolfheart's Revenge,Wolfheart's Revenge,"Blake, the crooked foreman of a cattle ranch, murders a sheep rancher. Then after framing ranch hand Jack for the murder, he urges the ranch hands to hang him. But Jack's dog Wolfheart finds evidence implicating Blake in the murder. The ranch owner then stops the hanging and Jack and Wolfheart head out after Blake. Written by Maurice VanAuken",,Released,False,False,1925-03-04,52,0,0,0.3086,7.0,1,en,,tt0016546,/6rIqZMuYD970Hnyz179wIfpsnaZ.jpg,/x11rn0rCMzPY9JGM18BFYb1inoz.jpg,"[{""id"": 12, ""name"": ""Adventure""}, {""id"": 37, ""name"": ""Western""}]","[{""id"": 61235, ""logo_path"": null, ""name"": ""Charles R. Seeling Productions"", ""origin_country"": """"}]","[{""iso_3166_1"": ""US"", ""name"": ""United States of America""}]","[{""english_name"": ""No Language"", ""iso_639_1"": ""xx"", ""name"": ""No Language""}]","[""US""]","{""id"": 903739, ""name"": ""Wolfheart the Dog"", ""poster_path"": ""/s2PZ9hPWf87hVyy1BnYjS2C24F6.jpg"", ""backdrop_path"": ""/mSGb4cLSUrMlSw5lcEPlwEkrKiY.jpg""}"
185354,The War of the Worlds: Next Century,Wojna światów - następne stulecie,"Poland, Christmastime. A band of hyperintelligent, bloodthirsty Martians take over the country and enlist hapless television newscaster Iron Idem as the voice of their propaganda machine. But when Iron dares to go off message, he makes an enemy even greater than the aliens—the state itself.",,Released,False,False,1981-11-01,94,0,0,0.6651,6.728,57,pl,,tt0083335,/2a9C1Sq1AQlK8eXDN1KCnK55XZI.jpg,/yYxsfNOOmTmWyDYdciuVorwiJU4.jpg,"[{""id"": 878, ""name"": ""Science Fiction""}]","[{""id"": 2552, ""logo_path"": null, ""name"": ""Zesp\u00f3\u0142 Filmowy \""Perspektywa\"""", ""origin_country"": ""PL""}]","[{""iso_3166_1"": ""PL"", ""name"": ""Poland""}]","[{""english_name"": ""Polish"", ""iso_639_1"": ""pl"", ""name"": ""Polski""}]","[""PL""]","{""id"": 1391632, ""name"": ""Apocalypse Collection"", ""poster_path"": ""/AfkULhWYvYzrt6MH4cGzUXkzOPp.jpg"", ""backdrop_path"": null}"
185340,We'll Keep Our Eyes Peeled,Будем зорки,"Billed as ""a cinema-propaganda poster,"" this 1927 short advocates the purchase of government bonds as a means to combat a British trade embargo. Its dynamic interpolation of newsreel footage and animation is a good deal more radical than its political message.",,Released,False,False,1927-01-01,3,0,0,0.068,5.1,7,ru,,tt1238102,/wEkb4ZtxJCsYza4QLIOeQoJmwy8.jpg,/zW35sK8djWr9X2oCCklHhCYlE9H.jpg,"[{""id"": 16, ""name"": ""Animation""}]","[{""id"": 6507, ""logo_path"": null, ""name"": ""Mezhrabpom-Rus"", ""origin_country"": ""SU""}]","[{""iso_3166_1"": ""SU"", ""name"": ""Soviet Union""}]","[{""english_name"": ""Russian"", ""iso_639_1"": ""ru"", ""name"": ""P\u0443\u0441\u0441\u043a\u0438\u0439""}]","[""SU""]",null
185351,A Green Story,A Green Story,"Van Vlahakis left Greece five decades ago with 22 dollars in his pocket. He arrived in the US hoping for a better future for him and his family. Eftichios as is his Greek name not only managed to live the American dream for himself, but also created Earth Friendly Products, a US giant for environmentally friendly cleaning products. His story is not only about transforming his life but also the lives of the ones around him as the owner and CEO of Earth Friendly Products. The story centers on the modern day Vlahakis, who is diagnosed with cancer and given only few months to live. During this time, he reflects on his early life as an immigrant during the 1950's and ultimately decides to push himself to the limit by closing one final business deal that will concretize his company's success, even if it means taking on a large corporation that is trying to take over his company.",,Released,False,False,2013-05-24,90,0,0,1.1751,6.8,6,en,,tt2090447,/gno3aAwcfeliwmtbIpwJ6qdps2h.jpg,,"[{""id"": 18, ""name"": ""Drama""}]","[{""id"": 75464, ""logo_path"": null, ""name"": ""Parmyth Films Greece"", ""origin_country"": """"}, {""id"": 75465, ""logo_path"": null, ""name"": ""Paramyth Films"", ""origin_country"": """"}]","[{""iso_3166_1"": ""GR"", ""name"": ""Greece""}, {""iso_3166_1"": ""US"", ""name"": ""United States of America""}]","[{""english_name"": ""German"", ""iso_639_1"": ""de"", ""name"": ""Deutsch""}, {""english_name"": ""Greek"", ""iso_639_1"": ""el"", ""name"": ""\u03b5\u03bb\u03bb\u03b7\u03bd\u03b9\u03ba\u03ac""}, {""english_name"": ""English"", ""iso_639_1"": ""en"", ""name"": ""English""}]","[""US""]",null
185343,Delicious Peace Grows in a Ugandan Coffee Bean,Delicious Peace Grows in a Ugandan Coffee Bean,"The Abayudaya are Ugandan Jews, who once numbered 5000; but due to casualties from Idi Amin’s regime of terror, only a small group remains. Living with lingering intolerance as well as collapsed coffee prices, struggling Jewish, Christian and Muslim coffee farmers put aside their differences and form the Delicious Peace Coffee Cooperative. What follows is an uplifting and inspiring story.",,Released,False,False,2010-06-04,40,0,0,0.2683,0.0,0,en,,tt1466459,/tRM3SQpfv05OyieRWz4HkiUe7bY.jpg,,"[{""id"": 99, ""name"": ""Documentary""}]",[],[],"[{""english_name"": ""English"", ""iso_639_1"": ""en"", ""name"": ""English""}]","[""US""]",null
185355,The Eleventh Day: The Survivors of Munich 1972,The Eleventh Day: The Survivors of Munich 1972,"In 1972, the world was shocked to learn that members of the Israeli Olympic Team had been taken hostage by Palestinian terrorists. In this documentary, seven survivors of the team recall what they witnessed and how they escaped. The men’s reminiscences and commentaries are powerful in their honesty and openness. Four decades later, we re-live their hopeful arrival at the games, the hostage drama, the failed rescue attempt and the memorial service.",,Released,False,False,2012-01-01,52,0,0,0.0,0.0,0,en,,,,,"[{""id"": 99, ""name"": ""Documentary""}]",[],[],"[{""english_name"": ""Hebrew"", ""iso_639_1"": ""he"", ""name"": ""\u05e2\u05b4\u05d1\u05b0\u05e8\u05b4\u05d9\u05ea""}, {""english_name"": ""English"", ""iso_639_1"": ""en"", ""name"": ""English""}]","[""US""]",null
185359,Moxie,Moxie,"the final days in the life of a suicidal, pyromanic bear…",,Released,False,False,2011-09-01,6,0,0,0.3347,7.5,2,en,,tt2023611,,,"[{""id"": 18, ""name"": ""Drama""}, {""id"": 16, ""name"": ""Animation""}]",[],"[{""iso_3166_1"": ""GB"", ""name"": ""United Kingdom""}]","[{""english_name"": ""English"", ""iso_639_1"": ""en"", ""name"": ""English""}]","[""GB""]",null
185363,Ice Cream,Ice Cream,"This film was shown at Sundance, the MOMA New Directors New Films Fest, and won the grand prize at the Aspen Short Fest.",,Released,False,False,1993-04-12,13,0,0,0.2939,4.2,6,en,,tt2275284,/bZRZpCjdYlIzp4im9dSQkx70jrm.jpg,,[],[],[],"[{""english_name"": ""English"", ""iso_639_1"": ""en"", ""name"": ""English""}]","[""US""]",null
185368,Hello There,Hello There,A film by Louis C.K.,,Released,False,False,1995-04-12,4,0,0,0.7638,6.7,3,en,,tt2275400,/nLYCny3PIYXwRehUQWrDAd2YS5Z.jpg,,"[{""id"": 35, ""name"": ""Comedy""}]","[{""id"": 246904, ""logo_path"": null, ""name"": ""Louis C.K."", ""origin_country"": ""US""}]","[{""iso_3166_1"": ""US"", ""name"": ""United States of America""}]","[{""english_name"": ""English"", ""iso_639_1"": ""en"", ""name"": ""English""}]","[""US""]",null
185357,Chokher Bali,চোখের বালি,A young woman is left to her own devices when her sickly husband dies. Based on the novel by Rabindranath Tagore.,A Passion Play,Released,False,False,2003-08-09,167,0,0,0.5915,7.5,16,bn,,tt0366304,/izErrnZhCWHOaDUjRnpbqW4gU63.jpg,/ns2741hZmzZQDHH3DeK2fNmRNdJ.jpg,"[{""id"": 18, ""name"": ""Drama""}, {""id"": 10749, ""name"": ""Romance""}]","[{""id"": 12877, ""logo_path"": ""/eKruM4v4KT0ILAK2NsDGne6qA7D.png"", ""name"": ""SVF Entertainment"", ""origin_country"": ""IN""}]","[{""iso_3166_1"": ""IN"", ""name"": ""India""}]","[{""english_name"": ""Bengali"", ""iso_639_1"": ""bn"", ""name"": ""\u09ac\u09be\u0982\u09b2\u09be""}]","[""IN""]",null
185366,Sunday in Peking,Dimanche à Pekin,"Chris Marker’s travel essay Sunday in Peking transforms a long-held childhood dream into a cinematic journey through Beijing. Blending documentary observation with reflective narration, Marker captures the city’s rhythms, traditions, and everyday life in mid-1950s China with his signature curiosity and lyricism.",,Released,False,False,1956-11-01,19,0,0,0.2482,6.3,22,fr,,tt0049144,/yhw1iJ4RgobM7DdxMbLw7NwmRTT.jpg,/x24REsxrVHyrbtEIMwzmLnA5s5I.jpg,"[{""id"": 99, ""name"": ""Documentary""}]","[{""id"": 61414, ""logo_path"": null, ""name"": ""Pavox Films"", ""origin_country"": """"}, {""id"": 6116, ""logo_path"": ""/yCu2D15iD7lcYsBWqXjU65U9nkH.png"", ""name"": ""Argos films"", ""origin_country"": ""FR""}]","[{""iso_3166_1"": ""FR"", ""name"": ""France""}]","[{""english_name"": ""French"", ""iso_639_1"": ""fr"", ""name"": ""Fran\u00e7ais""}]","[""FR""]",null
185370,Searching For Nixon,Searching For Nixon,A woman wanders New York City searching for Nixon.,,Released,False,False,2006-04-12,2,0,0,0.1609,4.8,5,en,,tt2306416,/ApE109EnH8yAFGyoKkayVu2o0PA.jpg,,"[{""id"": 35, ""name"": ""Comedy""}]",[],"[{""iso_3166_1"": ""US"", ""name"": ""United States of America""}]","[{""english_name"": ""English"", ""iso_639_1"": ""en"", ""name"": ""English""}]","[""US""]",null
185373,The Slave Wife,奴隷妻,An arrogant and privileged lady of wealth finds she is in need of a loan. The man who offers to help her was a former chauffeur who she had mistreated and fired. Seeing his chance for revenge he captures her and subjects her to various humiliations and abuse.,,Released,False,False,1976-06-12,73,0,0,1.7205,4.3,6,ja,https://www.nikkatsu.com/movie/25444.html,tt0225547,/4aZdoxUKMNqApJUad0Atq3tZGRp.jpg,/t5KjnMuT76HWPYWsLPuQXXsHXV3.jpg,"[{""id"": 53, ""name"": ""Thriller""}, {""id"": 18, ""name"": ""Drama""}]","[{""id"": 955, ""logo_path"": ""/5xnXD3PJI1HqOJceSAKZ3fDqO1V.png"", ""name"": ""Nikkatsu Corporation"", ""origin_country"": ""JP""}]","[{""iso_3166_1"": ""JP"", ""name"": ""Japan""}]","[{""english_name"": ""Japanese"", ""iso_639_1"": ""ja"", ""name"": ""\u65e5\u672c\u8a9e""}]","[""JP""]",null
185369,The First Fagin,The First Fagin,"The emotional, true story of Ikey Solomon, an infamous British convict whose life is considered to have been the inspiration for Dickens’ Fagin of Oliver Twist and perhaps also an influence on the creation of the felon Magwitch of Great Expectations. The First Fagin seamlessly blends narration (by Miriam Margolyes of Harry Potter movie fame), still photography, historical records, interviews with scholars and historians, and vivid dramatic re-enactment. Using an entirely Tasmanian cast as well as the picturesque Tasmanian landscape and historical sites as background for the drama, the film also offers insight into the 19th century British penal colony in Van Diemen’s Land.",,Released,False,False,2012-08-16,86,0,0,0.0286,0.0,0,en,,tt2232520,,,"[{""id"": 18, ""name"": ""Drama""}]",[],[],"[{""english_name"": ""English"", ""iso_639_1"": ""en"", ""name"": ""English""}]","[""US""]",null
185376,Giant Woman vs. Big Octopus,猛毒Y談 海女テラス大神,A woman is covered with strange radiation and sometimes becomes huge. She fights an octopus that seems to know where her tits and fanny are.,,Released,False,False,2011-11-02,71,0,0,1.0693,3.0,1,ja,,tt14378330,/j0dlCMtqnc5qWBC8Ok92YoVrNS3.jpg,/ebW3ZtNC7LyaoVeg4tpkCEnqgph.jpg,"[{""id"": 14, ""name"": ""Fantasy""}, {""id"": 878, ""name"": ""Science Fiction""}]","[{""id"": 130302, ""logo_path"": null, ""name"": ""StarBoard"", ""origin_country"": ""JP""}]","[{""iso_3166_1"": ""JP"", ""name"": ""Japan""}]","[{""english_name"": ""Japanese"", ""iso_639_1"": ""ja"", ""name"": ""\u65e5\u672c\u8a9e""}]","[""JP""]",null
185371,Fluchkes,Fluchkes,"For most women, “fluchkes” (a Yiddish word referring to flabby underarms) are something to “kvetch” about. For the group of female seniors, between the ages of 72 and 82, creating and preparing for a dance performance, fluchkes are just another badge of honour in a life lived to the fullest. Comfortable in front of the camera, each of these women speaks candidly about aging, sex, and relationships. Director Ofer Inov follows this group of energetic women through a year of rehearsals—through moments of hardships and self-doubt as well as moments of camaraderie, inner-strength and success.",,Released,False,False,,54,0,0,0.0143,0.0,0,he,,tt2035506,,,"[{""id"": 99, ""name"": ""Documentary""}]",[],[],"[{""english_name"": ""Hebrew"", ""iso_639_1"": ""he"", ""name"": ""\u05e2\u05b4\u05d1\u05b0\u05e8\u05b4\u05d9\u05ea""}]","[""IL""]",null
185377,Geharha: The Dark and Long-Haired Monster,長髪大怪獣ゲハラ,"A fishing boat is attacked at sea by a gigantic, hairy monster. After examining the sole survivor (Kanji Tsuda), scientific adviser Dr Murakami (Shiro Sano) suspects the culprit is a “Keukegen spectre”, a shaggy supernatural beast from Japanese folklore. The announcement leads reporter Hideo Akihara (Ken Osawa) to a forest shrine dedicated to the Keukegen Geharha, where he finds several worshipers and learns that an ancient seal containing the monster has been broken.",,Released,False,False,2009-02-24,15,0,0,2.8096,7.5,7,ja,,tt3671900,/vEQG3QJEFk1S6EOkICo3lPgQzLK.jpg,/nmgqcXdbJ3wpuieL56dO9L1cLbr.jpg,"[{""id"": 35, ""name"": ""Comedy""}, {""id"": 878, ""name"": ""Science Fiction""}, {""id"": 27, ""name"": ""Horror""}, {""id"": 28, ""name"": ""Action""}, {""id"": 14, ""name"": ""Fantasy""}]","[{""id"": 15505, ""logo_path"": ""/3MuBcEqLa5QRkZTpXBLzyk9zOmO.png"", ""name"": ""NHK"", ""origin_country"": ""JP""}]","[{""iso_3166_1"": ""JP"", ""name"": ""Japan""}]","[{""english_name"": ""Japanese"", ""iso_639_1"": ""ja"", ""name"": ""\u65e5\u672c\u8a9e""}]","[""JP""]",null
185379,Honorable Ambassador,Kvod Hashagrir,"This visually stunning film is both a travelogue of the lush landscape of Cameroon and an exploration of the frustrations of bringing First World innovations to a Third World country. Israel, recognized as a leader in drip-irrigation technology, shares its expertise with countries around the world. Mickey Arbel, Israel’s ambassador to Cameroon, has made it his mission to persuade the residents of rural villages to adopt this system that would finally resolve their irrigation difficulties. However, old ways die hard in Cameroon and things do not always go as planned. Director Jonathan Paz (The Galilee Eskimos, TJFF 2009) follows Arbel on a journey that is by turns surreal, funny and frustrating. For the charismatic Arbel, it is also a journey of soul searching and self-discovery.",,Released,False,False,,60,0,0,0.0,0.0,0,en,,,,,"[{""id"": 99, ""name"": ""Documentary""}]",[],[],[],"[""US""]",null
185381,Ninja Hunt,忍者狩り,"It's a rare occasion when a noted filmmaker like Yamauchi Tetsuya gets to re-visit a previous film, and in this re-make of NINJA GARI, he not only does that, but has created an even better piece. While the original from 1964 starred the great old-time actor Konoe Jushiro, this version is perfectly cast with his son Matsukata Hiroki in the lead as Wadakuro, one of four ronin hired to fight against the Shogunate's plot to abolish the Gamo Clan, who are struggling to reinstate their young heir Tanemaru as their Lord. Facing the threat of the Koga Ninja, Wadakuro shows his own cruelty while on a personal vendetta. This is a very brutal film, with lots of realistic ninja action, violent deaths, a dark story line and is completely without any light-hearted 'humor' elements that Toei used to incorperate back in the golden era. And with Matsukata Hiroki's outstanding martial skills, the swordplay is even better in this one. This is definitely one of the best ninja movies ever made!",,Released,False,False,1982-04-09,92,0,0,0.9368,0.0,0,ja,,tt10860866,/zpPOT9LDtM9j5eGib8aR9P2K1Zt.jpg,/goEMrMPLOFEz9RDkM3Hph5ocd3r.jpg,"[{""id"": 28, ""name"": ""Action""}, {""id"": 10770, ""name"": ""TV Movie""}, {""id"": 18, ""name"": ""Drama""}, {""id"": 36, ""name"": ""History""}]","[{""id"": 3341, ""logo_path"": ""/dTG5dXE1kU2mpmL9BNnraffckLU.png"", ""name"": ""Fuji Television Network"", ""origin_country"": ""JP""}]","[{""iso_3166_1"": ""JP"", ""name"": ""Japan""}]","[{""english_name"": ""Japanese"", ""iso_639_1"": ""ja"", ""name"": ""\u65e5\u672c\u8a9e""}]","[""JP""]",null
185393,In the Presence of My Neighbours,In the Presence of My Neighbours,"In this startling investigative piece, Canadian-Greek journalist George Gedeon, though not Jewish himself, focuses his camera on the historic and current climate of attitudes among Greeks towards Jews. The Jewish population in Greece went from 70,000 prior to the Holocaust, to 5,000 today. During several visits to Greece and through interviews with Jewish leaders, Holocaust survivors and academics, Gedeon exposes the misinformed and intolerant views propagated by Greek mass media, church sermons and the general public.",,Released,False,False,,47,0,0,0.0,0.0,0,en,,,,,"[{""id"": 99, ""name"": ""Documentary""}]",[],[],[],"[""US""]",null
185383,Hunting Time,Latzud Et Hazman,"When photographer Eran Barak moves into an apartment in Haifa, he spends his days observing the neighbourhood: three high-rise residential buildings under construction, forever changing the neighbourhood; a photograph of two eternally smiling teenagers killed in a car accident, taped to a small monument; an aging Nazi hunter looking for recognition. As he absorbs it all, these seemingly unrelated elements enter his apartment in the form of photographs that line his walls. Reminiscent of the work of Chris Marker, Barak’s Hunting Time is a poetic and moving meditation on memories and remembrance, history and documentation, reality and imagination.",,Released,False,False,2012-01-01,53,0,0,0.0,0.0,0,he,,tt2334024,,,"[{""id"": 99, ""name"": ""Documentary""}]",[],[],"[{""english_name"": ""Hebrew"", ""iso_639_1"": ""he"", ""name"": ""\u05e2\u05b4\u05d1\u05b0\u05e8\u05b4\u05d9\u05ea""}]","[""IL""]",null
185399,The Crunch Bird,The Crunch Bird,"A woman goes into a pet store seeking a gift for her husband. She decides to get him a bird with a most unusual talent, but her gift brings about an unforeseen result.",,Released,False,False,1971-05-11,2,0,0,0.2737,5.5,28,en,,tt0066959,/oN4By83cAzVIOwb1Lm80lFK0Lck.jpg,,"[{""id"": 35, ""name"": ""Comedy""}, {""id"": 16, ""name"": ""Animation""}]","[{""id"": 155650, ""logo_path"": null, ""name"": ""Maxwell-Petok-Petrovich Productions"", ""origin_country"": """"}, {""id"": 155651, ""logo_path"": null, ""name"": ""Regency Films"", ""origin_country"": """"}]","[{""iso_3166_1"": ""US"", ""name"": ""United States of America""}]","[{""english_name"": ""English"", ""iso_639_1"": ""en"", ""name"": ""English""}]","[""US""]",null
185395,À la poursuite du bonheur Tour,À la poursuite du bonheur Tour,À la poursuite du bonheur Tour - Live à Bercy sometimes abbreviated as ALPDBT is a live album by French singer M. Pokora and a surprising number one for any live album at the top of the SNEP French albums chart. The tour was based mostly on M. Pokora's most recent album À la poursuite du bonheur that had made it to number 2 on the French Albums Chart.,Live at Bercy,Released,False,False,2013-03-04,0,0,0,0.2091,7.6,5,fr,,tt2962902,,,"[{""id"": 10402, ""name"": ""Music""}]",[],"[{""iso_3166_1"": ""FR"", ""name"": ""France""}]","[{""english_name"": ""French"", ""iso_639_1"": ""fr"", ""name"": ""Fran\u00e7ais""}]","[""FR""]",null
185404,All About Airplanes,All About Airplanes,"Airplanes Featuring Backpack jack Did you know that kids can learn to fly airplanes? That s right! Come meet a boy named Ryan who can t wait to show you the plane he flies and have you buckle up for a ride. Hold on tight because Backpack Jack has lots of other friends with highflying adventures. Get ready to twist, roll and dive in aerobatic planes and fly to supersonic heights with the Navy s Blue Angel stunt pilots. You ll learn lots of cool things as you meet real pilots like Captain Mike who will give you an inside look at the cockpit of his plane and explain the controls. And you ll do preflight safety checks with Ryan and Andy because safety is the most important thing about flying. It s time to soar!",,Released,False,False,2008-04-27,25,0,0,0.0143,0.0,0,en,,,,,"[{""id"": 10751, ""name"": ""Family""}]",[],[],[],"[""US""]",null
185392,Suspicious Minds,Suspicious Minds,"Jack Ramsey (Patrick Bergin) is a private detective in the vein of Philip Marlowe who finds himself romantically involved with the woman he's supposed to spy on, and she's no good! Multiple murders take place and Ramsey makes it his goal to solve the complicated case while still retaining his own sanity, which is hard to do. Meanwhile the mysterious Vic Mulvey (Gary Busey) hides out in the woods touting an assault rifle, might he somehow be involved? You better make yourselves ready for one hell of a neo-noir-istic thrill ride, because this is it!",The only thing greater than her passion... is her greed.,Released,False,False,1997-04-11,97,0,0,0.9969,3.7,6,en,,tt0139630,/kCJv5sJkslsvMW9KwLWyvZlrqUt.jpg,/8Ryv2JnxRoLfaqzh6hIZt4ouYNJ.jpg,"[{""id"": 53, ""name"": ""Thriller""}]","[{""id"": 4063, ""logo_path"": ""/psOuT9ReSYhcBEB5ptnw7D2FdsE.png"", ""name"": ""Trimark Pictures"", ""origin_country"": ""US""}]","[{""iso_3166_1"": ""CA"", ""name"": ""Canada""}, {""iso_3166_1"": ""US"", ""name"": ""United States of America""}]","[{""english_name"": ""English"", ""iso_639_1"": ""en"", ""name"": ""English""}]","[""CA"", ""US""]",null
185407,Israel: A Home Movie,Kach Ra'inu,"A vast, well-constructed collage of private home movies from the early 1930s to the mid 1970s that reveals the history of the Jewish state in ways that you have never seen before. Rescued from oblivion in drawers, basements and attics, this footage shows daily family life unfolding alongside events that would shape the country. “The whole idea here is there is no one Israeli narrative,” said producer Arik Bernstein in an interview, “This is no official history. It’s not a left-wing look at history, or a right-wing look. These are personal histories — little moments that make up a whole and show something of who we are.”",,Released,False,False,2013-07-10,93,0,0,0.0888,0.0,0,en,"http://tjff.com/film-info.php?id=1073&sortby=&filterby=33,32,31,34,35",tt2570676,,,"[{""id"": 99, ""name"": ""Documentary""}]",[],[],[],"[""US""]",null
185401,La decente,La decente,,,Released,False,False,1971-01-07,98,0,0,0.7084,4.2,7,es,,tt0065623,/2vtkMqX3hcTmElk6GIhhiObmdB7.jpg,/dDlNxnFMDgnJwXDboaKkKrM56Tp.jpg,"[{""id"": 35, ""name"": ""Comedy""}]","[{""id"": 69624, ""logo_path"": null, ""name"": ""Hidalgo PC"", ""origin_country"": ""ES""}, {""id"": 4960, ""logo_path"": null, ""name"": ""Filmayer"", ""origin_country"": ""ES""}]","[{""iso_3166_1"": ""ES"", ""name"": ""Spain""}]","[{""english_name"": ""Spanish"", ""iso_639_1"": ""es"", ""name"": ""Espa\u00f1ol""}]","[""ES""]",null
185406,"Sweet, Sweet Rachel","Sweet, Sweet Rachel",An ESP expert uses his powers to try to track down a psychic who uses telepathy to commit murder.,,Released,False,False,1971-10-02,71,0,0,0.5677,6.3,7,en,,tt0067811,/16Q8PpQ2kr6lodSiLRPTEtzYj9x.jpg,/9wWdBN0Eg6m6veprTz0AXDaPDSc.jpg,"[{""id"": 27, ""name"": ""Horror""}, {""id"": 53, ""name"": ""Thriller""}]","[{""id"": 176162, ""logo_path"": ""/6p5mbxa1dzikbnVlLc11uroG9GU.png"", ""name"": ""ABC"", ""origin_country"": ""US""}]","[{""iso_3166_1"": ""US"", ""name"": ""United States of America""}]","[{""english_name"": ""English"", ""iso_639_1"": ""en"", ""name"": ""English""}]","[""US""]",null
185408,Mortadelo and Filemón And The Time Closet,El armario del tiempo,"Mortadelo (Mort) and Filemón (Phil) are visited by Professor Chiflágoras, Filemón's crazy cousin, who has invented a time travel machine in the shape of a closet. (Seven animated shorts with a common narrative: The Time Closet; In Waterloo; The Yeti; Incredible Mission; The Impostors; Count Macula; Maxi-adventure at Sea.)",,Released,False,False,1971-11-28,78,0,0,0.4428,6.8,8,es,,tt0066783,/2rkCXebMeLqiuVGjRpJULRxdxnf.jpg,/3ubkbgFQKObE1wziUKZN3zOxinY.jpg,"[{""id"": 16, ""name"": ""Animation""}, {""id"": 35, ""name"": ""Comedy""}, {""id"": 878, ""name"": ""Science Fiction""}]","[{""id"": 97454, ""logo_path"": null, ""name"": ""Estudios Vara"", ""origin_country"": """"}]","[{""iso_3166_1"": ""ES"", ""name"": ""Spain""}]","[{""english_name"": ""Spanish"", ""iso_639_1"": ""es"", ""name"": ""Espa\u00f1ol""}]","[""ES""]","{""id"": 778680, ""name"": ""Mortadelo and Filem\u00f3n Vara Studies Collection"", ""poster_path"": ""/5eHcVZIHFNF9CbFFA6vgIiLL7Mh.jpg"", ""backdrop_path"": null}"
185412,Evolution,Evolution,A humourous illustration of the natural process of evolution.,,Released,False,False,1971-11-04,11,0,0,0.0873,6.2,8,xx,,tt0067073,/injX0FOU0fKE6bzJcqSOTHHwz8Z.jpg,/AiJ8nE7t3ba8KslVDJ75ZAVzoDS.jpg,"[{""id"": 16, ""name"": ""Animation""}]","[{""id"": 10473, ""logo_path"": ""/lMUDQZVtg8On4PAW5XFQPaQy6UK.png"", ""name"": ""ONF | NFB"", ""origin_country"": ""CA""}]","[{""iso_3166_1"": ""CA"", ""name"": ""Canada""}]","[{""english_name"": ""No Language"", ""iso_639_1"": ""xx"", ""name"": ""No Language""}]","[""CA"", ""US""]",null
185414,Jerry & Me,Jerry & Me,"Iranian-American filmmaker Mehrnaz Saeedvafa traces her journey from growing up as young girl in Tehran to adjusting to life in America, while she reflects on how the films of Jerry Lewis spoke to her as an outsider in both countries. Peppered with clips from Lewis’ films, as well as other Hollywood classics, that have been dubbed into Farsi, this short documentary is “an invaluable cross-cultural lesson,” said esteemed film critic Jonathan Rosenbaum, who called Jerry and Me one of the best films of 2012.",,Released,False,False,2012-06-24,38,0,0,0.3194,0.0,0,en,"http://tjff.com/film-info.php?id=1362&sortby=&filterby=33,32,31,34,35",tt2237798,/zOHXY1qjGNMDt0BXUNPuy4Pm5JH.jpg,,"[{""id"": 99, ""name"": ""Documentary""}]",[],"[{""iso_3166_1"": ""US"", ""name"": ""United States of America""}]","[{""english_name"": ""English"", ""iso_639_1"": ""en"", ""name"": ""English""}, {""english_name"": ""Persian"", ""iso_639_1"": ""fa"", ""name"": ""\u0641\u0627\u0631\u0633\u06cc""}]","[""US""]",null
185415,All About Astronauts / All About Cowboys,All About Astronauts / All About Cowboys,"ASTRONAUTS If you’ve ever wanted to know what it’s like to be a real astronaut…then you’ll love this high-flying adventure. Take a trip to the U.S. Space Camp in Huntsville, Alabama, and learn what it takes to earn your wings. You’ll simulate a helicopter crash landing… Strap yourselves in for an out-of-this world adventure that’ll make you shout: SOMEDAY I WANNA BE AN ASTRONAUT!  COWBOYS If you’ve ever wondered how real cowboys learn their crafts, then you’ll love this frontier adventure. Ride on down to Evans Ranch in Evergreen, Colorado, and discover what you need to know to be a real buckaroo! You’ll learn lots of different lariat swings.. Sit tall in the saddle for this fun-on-the-range adventure that’ll make you say: SOMEDAY I WANNA BE A COWBOY!",,Released,False,False,2005-08-15,61,0,0,0.0143,0.0,0,en,,,,,[],[],[],[],"[""US""]",null
185416,Jewish Mum of the Year,Jewish Mum of the Year,"It's the reality show you’ve been waiting for! The search is on to find the perfect Jewish Mother! A diverse group of eight mothers from across Britain and Ireland vie for the coveted title and a job as the Jewish News’ new “agony aunt” columnist. The women are put through a grueling set of challenges, such as planning a Bar Mitzvah and matchmaking, and must outdo their competition or face elimination. This hilarious and addictive series is peppered with Yiddishisms and hysterical observations from British Jewish personalities.",,Released,False,False,,188,0,0,0.0071,10.0,1,en,"http://tjff.com/film-info.php?id=1521&sortby=&filterby=33,32,31,34,35",,,,[],[],[],[],"[""US""]",null
185417,My Dearest Senorita,Mi querida señorita,A woman living in a small town discovers after fifty years that she is actually a man. Will she change her sex and suffer the reaction of a narrow-minded society?,,Released,False,False,1972-02-17,80,0,0,0.393,6.5,34,es,,tt0067425,/4LkvQraMTioGvjJxHoyaI3KVVrk.jpg,/2nMzRLVXrVQIVENzrp23D0CAv9x.jpg,"[{""id"": 18, ""name"": ""Drama""}, {""id"": 35, ""name"": ""Comedy""}]","[{""id"": 41625, ""logo_path"": null, ""name"": ""El Im\u00e1n Cine y Televisi\u00f3n S.A."", ""origin_country"": ""ES""}, {""id"": 1183, ""logo_path"": ""/hvk8LhoLFWu7212jsYi8KtJGRb2.png"", ""name"": ""Impala"", ""origin_country"": ""ES""}, {""id"": 4808, ""logo_path"": null, ""name"": ""Incine"", ""origin_country"": ""ES""}]","[{""iso_3166_1"": ""ES"", ""name"": ""Spain""}]","[{""english_name"": ""Spanish"", ""iso_639_1"": ""es"", ""name"": ""Espa\u00f1ol""}]","[""ES""]",null
185419,All About Cars / All About Motorcycles,All About Cars / All About Motorcycles,"This revved-up ride takes you through a day at the garage. You’ll see how the pros change a tire, change the oil, analyze an engine and even get a car squeaky clean! With pit stops at a service bay, gas station and car wash, you’ll use tough-guy tools like an air impact wrench, hydraulic jack and electronic engine analyzer. By the end of your automotive adventure, you’ll know your way around a car like a real life car mechanic!  Motorcycles Hogs to choppers, cruisers to sport bikes… see why millions of riders love all these awesome motorcycles. From Superbike to speedway racing, desert racing to supercross, there’s a motorsport for everyone.",,Released,False,True,2006-09-04,78,0,0,0.0261,4.0,1,en,,,,,[],[],[],[],"[""US""]",null
185421,All About Building / All About Lumberjacks,All About Building / All About Lumberjacks,"This fantastic double feature for kids is lead by Hard Hat Harry, and gives kids a look into the interesting world of construction. Perfect for the little builder in your life. ""All About Building"" (2007) depicts home construction from the ground up. Crews break ground using gigantic construction equipment like diggers and bulldozers. Watch as concrete slabs are slowly poured from a concrete mixer, trowel and darby. Prop up fortifications using bolts, hammers and drills. Watch as an array of powerful and unique tools and machines are used to place a roof over your home. With ""Lumberjacks"" (2007) get yourself ready to cut down massive trees, and use the newly formed pieces to make tree houses and toys. Utilizing a chainsaw and axe to cut huge trees, and then uproot the trees using the steel claws of a tractor. Sing-a-long as the happy lumberjacks enjoy themselves in song.",,Released,False,False,2007-02-05,60,0,0,0.0,0.0,0,en,,,,,[],[],[],[],"[""US""]",null
185427,Pablo's Winter,El invierno de Pablo,"Pablo needs to stop smoking. Why? Because his wife, family and doctor say he should. But Pablo is a stubborn man. He has worked in the mercury mines of Almadén, Spain, risking his life daily. He has had five severe heart attacks and smoked 20 Winston's a day since he was 12. Now in his seventies, Pablo spends most of his day in front of the TV, surrounded by a cloud of smoke, with his back turned firmly towards a village that has lived through better times. Pablo represents the last generation of Almadén mercury miners, an age-old profession with over 2,000 years of history. Through a straightforward depiction of life's everyday moments, Pablo's Winter explores the decay of the local mining culture, but above all, pays homage to its real protagonists: the miners and their families.",,Released,False,False,2012-10-31,76,0,0,0.0071,5.7,3,es,http://www.pabloswinter.com/,tt2448866,/gBSTppseXZq4f1md32nHAkz5o5u.jpg,,"[{""id"": 99, ""name"": ""Documentary""}]","[{""id"": 159087, ""logo_path"": null, ""name"": ""Opa Films"", ""origin_country"": """"}]","[{""iso_3166_1"": ""GB"", ""name"": ""United Kingdom""}]","[{""english_name"": ""Spanish"", ""iso_639_1"": ""es"", ""name"": ""Espa\u00f1ol""}]","[""ES""]",null
185422,The Dancing Soul of the Walking People,The Dancing Soul of the Walking People,"Shot at Coney Island, New York's legendary amusement park, over two years from 1974-1976, this beautiful landmark of American experimental film languished in semi-obscurity for three decades after its 1980 debut. Restoration was a complex process involving algorithmic computer programming deployed to synchronise sound with images originally recorded (on monochrome Super 8mm film!) at the unusually slow rate of 18 frames per second. The result is cinema as a miraculous time-travel machine, a city-poem which transports us to hidden corners that only a true Coney-Islander would know: a native like writer, director, producer and editor Paula Gladstone. She also arranged the soundtrack, featuring music that ranges from Duke Ellington to the Drifters (""under the board-walk, down by sea..."") and, most stirringly, LaBelle.",,Released,False,False,1980-01-01,67,0,0,0.0071,0.0,0,en,,tt9675062,,,"[{""id"": 99, ""name"": ""Documentary""}]",[],[],[],"[""US""]",null
185429,Yesterday at Ten Past Six,Yesterday at Ten Past Six,"In a world that belongs between the pages of a vintage Archie Comics book, Jane, a typical 1950′s gal walks into the neighborhood soda fountain, where she meets the boy of her dreams, almost.",,Released,False,False,2004-02-11,4,0,0,0.0286,0.0,0,en,,,,,[],[],"[{""iso_3166_1"": ""US"", ""name"": ""United States of America""}]",[],"[""US""]",null
185424,Ring the Bell,Ring the Bell,"Slick, big city sports agent Rob Decker has it all. But on his latest mission to sign a high school baseball superstar, Rob becomes stranded in a small town where the simplicity of life - and the faith of the people - stands in stark contrast to his own fast-paced, win-at-all-costs mindset. Torn between these two worlds, will Rob have the courage to let faith transform his life?",,Released,False,False,2013-04-09,97,1000000,0,0.2499,5.5,6,en,,tt2327495,/botp2R9eZcLgMmJQUkRceENsXrO.jpg,/kYOrLvOBxnTnztKBDEHWh8ya5xz.jpg,"[{""id"": 18, ""name"": ""Drama""}]","[{""id"": 3291, ""logo_path"": null, ""name"": ""Provident Films"", ""origin_country"": ""US""}, {""id"": 203254, ""logo_path"": null, ""name"": ""Beach Street Entertainment"", ""origin_country"": """"}, {""id"": 203255, ""logo_path"": null, ""name"": ""Beachmark, LLC"", ""origin_country"": """"}]","[{""iso_3166_1"": ""US"", ""name"": ""United States of America""}]","[{""english_name"": ""English"", ""iso_639_1"": ""en"", ""name"": ""English""}]","[""US""]",null
185426,The Last Dogs of Winter,The Last Dogs of Winter,"Costa Botes takes us far, far north of his native New Zealand for this magical documentary about man's four-legged friends.  Brian Ladoon is an eccentric, lone-wolf Canadian who has dedicated his life to saving the extinction-threatened Qimmiq - a species of canine used by local Inuits for centuries as hunting-hounds but now abandoned in favour of motorised skidoos.  The snowy wilds of remote northern Manitoba make for a stirringly picturesque backdrop for footage of the rugged but irresistibly cute Qimmiq, not to mention the polar bears who occasionally amble by. Doing their best to make an impact among such furry scene stealers are the crustily ornery Ladoon and his unflappably laid-back younger Kiwi assistant, former teen-TV pinup Caleb Ross.",,Released,False,False,2012-09-06,97,0,0,0.149,0.0,0,en,,tt2015508,/ttH4klDbBDNqBWeQLk9kWKYXUg3.jpg,/A49nXdAlcMfFCLVSNhFQPU4AFmB.jpg,"[{""id"": 99, ""name"": ""Documentary""}]",[],[],[],"[""US""]",null
185432,Cop Image,夢差人,Anthony Wong plays a traffic cop who is obsessed with action films. He wants to be a real life hero and gets his chance when he becomes involved in a botched bank robbery case.,,Released,False,False,1994-10-06,104,0,0,1.0512,7.0,3,cn,,tt0110493,/jsoijEmJGQdfSh7xz68sLpE1pxx.jpg,,"[{""id"": 80, ""name"": ""Crime""}, {""id"": 35, ""name"": ""Comedy""}, {""id"": 28, ""name"": ""Action""}]","[{""id"": 97482, ""logo_path"": null, ""name"": ""Pro-Vision Entertainment Ltd."", ""origin_country"": """"}]","[{""iso_3166_1"": ""HK"", ""name"": ""Hong Kong""}]","[{""english_name"": ""Cantonese"", ""iso_639_1"": ""cn"", ""name"": ""\u5e7f\u5dde\u8bdd / \u5ee3\u5dde\u8a71""}]","[""HK""]",null
185430,Heavy Soul,Heavy Soul,"At the tender age of 18, Dakota Thompson, became a real life junkie. Now, as she is being treated for her addiction, Dakota's life and downfall flash before her eyes. Watch her, as she struggles to keep herself pure in a world of desperate teens. Watch her, as she fails to fight peer pressure and descend into addiction. Watch her, and ask yourself, could you have saved Dakota Thompson?",,Released,False,False,2005-10-27,14,0,0,0.0256,0.0,0,en,,tt0800062,,,"[{""id"": 18, ""name"": ""Drama""}]",[],"[{""iso_3166_1"": ""US"", ""name"": ""United States of America""}]","[{""english_name"": ""English"", ""iso_639_1"": ""en"", ""name"": ""English""}]","[""US""]",null
185433,Condemned,Condemned,"1959. Desperate, branded, forgotten by the law, Female Convict #1031 fights to stay alive in the concrete womb. Condemned by her fellow inmates and in her own mind, #1031 expects the worst. When a new inmate, Laura (#1059), is brought into the cell, #1031's paranoia grows. Is this striking Blonde to be her ally, or possibly, her executioner?",,Released,False,False,2010-01-01,14,0,0,0.2639,6.0,1,en,,tt1540828,/u744aLJ4SrAviDDyB8kJuxUPlpD.jpg,,"[{""id"": 18, ""name"": ""Drama""}]",[],"[{""iso_3166_1"": ""US"", ""name"": ""United States of America""}]","[{""english_name"": ""English"", ""iso_639_1"": ""en"", ""name"": ""English""}]","[""US""]",null
185435,Janaki Weds Sriram,Janaki Weds Sriram,"It is one of those hide-and-seek dramas — childhood friends get separated, and as grown-ups fall in love with each other unknowingly. With some needed twists that lend a feel-good touch, apart from a love triangle, the movie makes a bid to impress the audience. Director Sreenu, who has had some directorial experience before, takes the credit for shaping the story in such a way that it looks different. The film can be termed musical, for it deals with lots of inter-college music competitions. -- Jeevi @ Idlebrain.com",,Released,False,False,2003-09-12,140,0,0,0.4031,5.0,1,te,,tt0381286,/hdb13Gqng2fRFXR5xIj2ONnl4sW.jpg,,"[{""id"": 10749, ""name"": ""Romance""}]","[{""id"": 276165, ""logo_path"": null, ""name"": ""SRB Art Productions"", ""origin_country"": """"}]","[{""iso_3166_1"": ""IN"", ""name"": ""India""}]","[{""english_name"": ""Telugu"", ""iso_639_1"": ""te"", ""name"": ""\u0c24\u0c46\u0c32\u0c41\u0c17\u0c41""}]","[""IN""]",null
185440,Gabriel Iglesias: Aloha Fluffy,Gabriel Iglesias: Aloha Fluffy,"ALOHAAAAA! Internationally acclaimed comedian, Gabriel Iglesias, returns to Comedy Central with his latest stand-up special taped at Honolulu’s Hawaii Theatre Center. Watch as Fluffy brings the house down yet again in this complete special with his unique and animated show that has made him popular among fans of all ages. Aloha Fluffy is sure to be a comedy classic, making this extended and uncensored special a must-own.",LIVE FROM HAWAII.,Released,False,False,2013-04-13,94,0,0,0.3147,7.0,50,en,,tt2828960,/4UX7xpNdPcE8wcK3eKjKgONlmQT.jpg,/nRuMcxUBA4PT7q4HlsLtoDWDZhy.jpg,"[{""id"": 35, ""name"": ""Comedy""}, {""id"": 10770, ""name"": ""TV Movie""}]","[{""id"": 40957, ""logo_path"": null, ""name"": ""Fluffy Inc."", ""origin_country"": """"}, {""id"": 216277, ""logo_path"": null, ""name"": ""Arsonhouse Entertainment"", ""origin_country"": """"}, {""id"": 1538, ""logo_path"": ""/1y7qNFwczl2zZS62Hrlw6dsAwgR.png"", ""name"": ""Comedy Central"", ""origin_country"": ""US""}]","[{""iso_3166_1"": ""US"", ""name"": ""United States of America""}]","[{""english_name"": ""English"", ""iso_639_1"": ""en"", ""name"": ""English""}, {""english_name"": ""Spanish"", ""iso_639_1"": ""es"", ""name"": ""Espa\u00f1ol""}]","[""US""]",null
185438,The Runaway Horse,Le cheval emballé,"A laundry man parks his horse-drawn cart to make a delivery. While he is inside, his horse sees a bag of oats and starts to eat them. By the time the man comes back outside, the horse has eaten a whole bag of oats, and has so much energy that he begins to race out of control.",,Released,False,False,1908-01-03,7,0,0,0.2113,6.0,24,xx,,tt0257474,/6zn9hTnTbgJqhi7luO8iBmkXZwD.jpg,,"[{""id"": 28, ""name"": ""Action""}, {""id"": 35, ""name"": ""Comedy""}]","[{""id"": 21594, ""logo_path"": null, ""name"": ""Path\u00e9 Fr\u00e8res"", ""origin_country"": ""FR""}]","[{""iso_3166_1"": ""FR"", ""name"": ""France""}]","[{""english_name"": ""No Language"", ""iso_639_1"": ""xx"", ""name"": ""No Language""}]","[""FR""]",null
185442,The Physician of the Castle,Le médecin du château,"Two criminals lure a doctor away from his home with a phony note about a child's illness. After the doctor rushes off, the criminals break into his house and menace his wife and child. By the time the doctor realizes what has happened, his family faces a desperate situation.",,Released,False,False,1908-05-03,6,0,0,0.2277,5.5,10,fr,,tt0234315,/wsjH6YgNPFDHXhYSoK9y5HVfKrF.jpg,,"[{""id"": 18, ""name"": ""Drama""}, {""id"": 53, ""name"": ""Thriller""}]","[{""id"": 21594, ""logo_path"": null, ""name"": ""Path\u00e9 Fr\u00e8res"", ""origin_country"": ""FR""}]","[{""iso_3166_1"": ""FR"", ""name"": ""France""}]","[{""english_name"": ""No Language"", ""iso_639_1"": ""xx"", ""name"": ""No Language""}]","[""FR""]",null
185444,Evocateur: The Morton Downey Jr. Movie,Evocateur: The Morton Downey Jr. Movie,"Long before O'Reilly and Beck, Morton Downey, Jr., was tearing up the talk-show format with his divisive populism. Between the fistfights, rabid audience, and Mort's cigarette smoke always ""in your face,"" The Morton Downey Jr. Show was billed as ""3-D television,"" ""rock and roll without the music."" Évocateur meditates on the hysteria that ended the '80s and ultimately its most notorious agitator.",,Released,False,False,2013-06-07,87,300000,0,0.7163,6.0,19,en,http://www.magpictures.com/evocateur/,tt1822381,/pbmFYjbyQ4nULYwvViGE5ncGCi3.jpg,,"[{""id"": 99, ""name"": ""Documentary""}]",[],"[{""iso_3166_1"": ""US"", ""name"": ""United States of America""}]","[{""english_name"": ""English"", ""iso_639_1"": ""en"", ""name"": ""English""}]","[""US""]",null
185453,Deadly Game,Deadly Game,"A military convoy is transporting something apparently for disposal. They pass by Sheriff Abel Marsh's town and they are passing by property that's owned by Amy Franklin who is the girlfriend of Abel's deputy, Malcolm. Before they know it, everything around the property is uninhabitable. The army returns to clean things up and make restitution. But there is one nagging question, was this an accident or was it deliberate? That is something Abel is most interested in finding out.",,Released,False,False,1977-12-03,120,0,0,1.1123,6.5,2,en,,tt0075919,/k2TZ5uBi8VbUzdVQhPjgx8FW2C5.jpg,/4jajhlPJKStcfnvATLJ636V07gM.jpg,"[{""id"": 18, ""name"": ""Drama""}]","[{""id"": 41315, ""logo_path"": null, ""name"": ""Manteo Enterprises"", ""origin_country"": """"}, {""id"": 2230, ""logo_path"": ""/igOjospzsKQIbpuFCGhoN5F9icS.png"", ""name"": ""MGM Television"", ""origin_country"": ""US""}]","[{""iso_3166_1"": ""US"", ""name"": ""United States of America""}]",[],"[""US""]","{""id"": 930061, ""name"": ""Abel Marsh Collection"", ""poster_path"": null, ""backdrop_path"": null}"
185458,Maria Bethânia: Noite Luzidia,Maria Bethânia: Noite Luzidia,"Recorded at Canecão in 2001, this historic show celebrates Maria Bethânia's 35-year career with guest appearances from MPB. The DVD also shows testimonials from various artists and the soundtrack that was the beginning of this great and memorable party.",,Released,False,False,2001-01-01,0,0,0,0.1031,9.8,2,pt,,,,,[],[],[],"[{""english_name"": ""Portuguese"", ""iso_639_1"": ""pt"", ""name"": ""Portugu\u00eas""}]","[""PT""]",null
185457,Shadow on the Mesa,Shadow on the Mesa,Wes Rawlins is considered one of the best bounty hunters in the West. His life changes when he finds out that his mother is dead and the man responsible is still at large. Wes believes that his long lost father Ray Eastman is responsible and sets out to find him seeking revenge...,,Released,False,False,2013-03-23,87,0,0,1.0651,6.0,16,en,,tt2195666,/5jEtpajfAioSOyXrGvkUN9JKFFR.jpg,/2FllQZSHjP3N0xuFGz4iXLelfox.jpg,"[{""id"": 12, ""name"": ""Adventure""}, {""id"": 37, ""name"": ""Western""}, {""id"": 28, ""name"": ""Action""}]","[{""id"": 3282, ""logo_path"": null, ""name"": ""Larry Levinson Productions"", ""origin_country"": ""US""}]","[{""iso_3166_1"": ""US"", ""name"": ""United States of America""}]","[{""english_name"": ""English"", ""iso_639_1"": ""en"", ""name"": ""English""}]","[""US""]",null
185460,Willow Creek,Willow Creek,"Looking to make a splash online with his research videos into the existence of Bigfoot, Jim and his girlfriend Kelly take a camping trip to the small town of Willow Creek, California, and the surrounding mountains where the infamous footage of the supposed sasquatch was filmed.",Believe the legend... fear the truth.,Released,False,False,2013-05-02,80,0,0,1.6131,5.125,340,en,https://darkskyfilms.com/film/willow-creek/,tt2885364,/79JtBWsWmG6zhektBbwq0u8r9pE.jpg,/jFJzscHXN9vbHRobRZZ49PkrJvl.jpg,"[{""id"": 27, ""name"": ""Horror""}, {""id"": 9648, ""name"": ""Mystery""}, {""id"": 53, ""name"": ""Thriller""}]","[{""id"": 7357, ""logo_path"": null, ""name"": ""Jerkschool Productions"", ""origin_country"": """"}]","[{""iso_3166_1"": ""US"", ""name"": ""United States of America""}]","[{""english_name"": ""English"", ""iso_639_1"": ""en"", ""name"": ""English""}]","[""US""]",null
185462,Too Tired to Die,Too Tired to Die,"Kenji is a Japanese twenty-something who is followed by Death in various disguises. When he finally faces her, Death tells him that he has only 12 hours to live and he needs to make the most of it.",,Released,False,False,1998-08-08,97,0,0,1.629,4.9,10,en,,tt0139649,/fOHA4PTLRiufytTO5SW1PlwUNvj.jpg,/nih6c7zUHd5mIhST28PX1Cq1O5l.jpg,"[{""id"": 14, ""name"": ""Fantasy""}, {""id"": 35, ""name"": ""Comedy""}, {""id"": 18, ""name"": ""Drama""}]",[],"[{""iso_3166_1"": ""US"", ""name"": ""United States of America""}, {""iso_3166_1"": ""KR"", ""name"": ""South Korea""}]","[{""english_name"": ""German"", ""iso_639_1"": ""de"", ""name"": ""Deutsch""}, {""english_name"": ""Arabic"", ""iso_639_1"": ""ar"", ""name"": ""\u0627\u0644\u0639\u0631\u0628\u064a\u0629""}, {""english_name"": ""English"", ""iso_639_1"": ""en"", ""name"": ""English""}, {""english_name"": ""Japanese"", ""iso_639_1"": ""ja"", ""name"": ""\u65e5\u672c\u8a9e""}, {""english_name"": ""Mandarin"", ""iso_639_1"": ""zh"", ""name"": ""\u666e\u901a\u8bdd""}, {""english_name"": ""French"", ""iso_639_1"": ""fr"", ""name"": ""Fran\u00e7ais""}, {""english_name"": ""Cantonese"", ""iso_639_1"": ""cn"", ""name"": ""\u5e7f\u5dde\u8bdd / \u5ee3\u5dde\u8a71""}]","[""KR"", ""US""]",null
185465,Manito,Manito,"Fifteen years ago, their Washington Heights neighborhood was dubbed the crack-cocaine capital of the world, but today it is transforming into one of the most vibrant, Spanish-speaking communities in the United States. While the drug dealers continue to disappear, their violent legacy still casts a shadow over the neighborhood and its residents. Junior, an ex-convict struggling to get his life back on track, is a product of this legacy. His younger brother Manny, the salutatorian of his high school class, embodies the hope of the future. On the night of his graduation party, Manny finds himself faced with an ill-fated decision that could change his life forever",,Released,False,False,2002-01-15,78,0,0,0.8354,5.8,8,en,,tt0298050,/8Nzotyqv1Yj00Nw5REAvRYjdCTT.jpg,/tMRAfzm6YNMqAYTTN1uWHige3rD.jpg,"[{""id"": 18, ""name"": ""Drama""}]",[],"[{""iso_3166_1"": ""US"", ""name"": ""United States of America""}]","[{""english_name"": ""English"", ""iso_639_1"": ""en"", ""name"": ""English""}, {""english_name"": ""Spanish"", ""iso_639_1"": ""es"", ""name"": ""Espa\u00f1ol""}]","[""US""]",null
185467,Victory,Victory,Adaptation of Joseph Conrad novel about lust and violence on a South Seas Island.,,Released,False,False,1919-12-07,62,0,0,0.4599,5.8,11,en,,tt0010844,/3DcvmY561lQrPP10U5TNSMKGg0C.jpg,/iLpxTXWpf56L3lkTAVec5t2dTu7.jpg,"[{""id"": 18, ""name"": ""Drama""}, {""id"": 10749, ""name"": ""Romance""}]","[{""id"": 38154, ""logo_path"": null, ""name"": ""Maurice Tourneur Productions"", ""origin_country"": """"}]","[{""iso_3166_1"": ""US"", ""name"": ""United States of America""}]","[{""english_name"": ""No Language"", ""iso_639_1"": ""xx"", ""name"": ""No Language""}]","[""US""]",null
185468,UFC on Fuel TV 9: Mousasi vs. Latifi,UFC on Fuel TV 9: Mousasi vs. Latifi,"UFC on Fuel TV 9: Mousasi vs. Latifi was a mixed martial arts event held on April 6, 2013, at the Ericsson Globe Arena in Stockholm, Sweden.",,Released,False,True,2013-04-06,0,0,0,0.0734,7.0,1,en,http://www.ufc.com,,/3FnQEA6UxKCwYqhRQud5xwLpLG8.jpg,,[],[],[],"[{""english_name"": ""English"", ""iso_639_1"": ""en"", ""name"": ""English""}]","[""US""]",null
185470,After the World Ended,After the World Ended,An astronaut crashes in the middle of nowhere. A young woman searches for her family in an abandoned urban wasteland. A prisoner prepares for a space program that will make him the first human being on Mars.,"From the Dust to the Great Beyond, Only We Remain",Released,False,False,2015-01-08,90,0,0,0.3636,5.5,2,en,,tt2390223,/yQVzfprqTxM1uZXjg7voRSBLY6G.jpg,/pT7E9lCJBUExm0i33BcVNfOBDRP.jpg,"[{""id"": 18, ""name"": ""Drama""}, {""id"": 878, ""name"": ""Science Fiction""}]","[{""id"": 43440, ""logo_path"": null, ""name"": ""Vertigoheights Film"", ""origin_country"": ""GB""}]","[{""iso_3166_1"": ""GB"", ""name"": ""United Kingdom""}]","[{""english_name"": ""Japanese"", ""iso_639_1"": ""ja"", ""name"": ""\u65e5\u672c\u8a9e""}, {""english_name"": ""English"", ""iso_639_1"": ""en"", ""name"": ""English""}, {""english_name"": ""Italian"", ""iso_639_1"": ""it"", ""name"": ""Italiano""}]","[""GB"", ""US""]",null
185474,Paranormal Movie,Paranormal Movie,"A man, long haunted by the paranormal, captures on camera the horror and hilarity he and his beautiful girlfriend encounter after moving into a new home.","So scary, it will scare the S#&% out of you!",Released,False,False,2013-04-08,87,0,0,0.9972,3.5,32,en,,tt2392846,/sS8Q1Ukpobhe2ylsEVmeK6wbys5.jpg,,"[{""id"": 35, ""name"": ""Comedy""}, {""id"": 27, ""name"": ""Horror""}]","[{""id"": 14050, ""logo_path"": null, ""name"": ""Paranormal Movie Productions"", ""origin_country"": """"}]","[{""iso_3166_1"": ""US"", ""name"": ""United States of America""}]","[{""english_name"": ""English"", ""iso_639_1"": ""en"", ""name"": ""English""}]","[""US""]",null
185471,Battle of the Damned,Battle of the Damned,"Following a deadly viral outbreak, private military soldier Max Gatling leads a handful of survivors and a ragtag band of robots against an army of the infected.","He didn't come here to be a hero, but things change.",Released,False,False,2013-07-25,88,8000000,0,1.1211,4.511,138,en,,tt2210463,/xmGJwTaQ8XTnW4EPNag6Eu2KaTL.jpg,/kvDJrJ9A7duUJL8oMrm8dNu7QSS.jpg,"[{""id"": 28, ""name"": ""Action""}, {""id"": 878, ""name"": ""Science Fiction""}, {""id"": 12, ""name"": ""Adventure""}]","[{""id"": 15799, ""logo_path"": null, ""name"": ""Boku Films"", ""origin_country"": """"}, {""id"": 4322, ""logo_path"": null, ""name"": ""Compound B"", ""origin_country"": ""US""}]","[{""iso_3166_1"": ""US"", ""name"": ""United States of America""}, {""iso_3166_1"": ""SG"", ""name"": ""Singapore""}]","[{""english_name"": ""Spanish"", ""iso_639_1"": ""es"", ""name"": ""Espa\u00f1ol""}, {""english_name"": ""English"", ""iso_639_1"": ""en"", ""name"": ""English""}]","[""US"", ""SG""]",null
185472,Dust of War,Dust of War,"In a post-apocalyptic American Frontier, a soldier fends off a brutal warmonger to rescue a girl fated as the savior of humanity.",Dust of War,Released,False,False,2013-07-18,91,0,0,0.5895,5.8,21,en,,tt2051872,/3qA2Rh7b344WwAWZgepk8a5vvha.jpg,/dGxpixG4BJzSwJbtf7M4ZUk5DkF.jpg,"[{""id"": 28, ""name"": ""Action""}, {""id"": 878, ""name"": ""Science Fiction""}, {""id"": 53, ""name"": ""Thriller""}]",[],"[{""iso_3166_1"": ""US"", ""name"": ""United States of America""}]","[{""english_name"": ""English"", ""iso_639_1"": ""en"", ""name"": ""English""}]","[""US""]",null
185477,Master of Zen,達摩祖師,"Set in the first century in India, a prince is troubled by visions and a desire to master the ways of Buddha.  After his father dies, he forsakes the throne to become a monk and, after studying Buddhism for sixty years, travels to China to preach Zen and teaches the Shaolin monks the exercises that become the foundation of",,Released,False,False,1994-02-25,89,0,0,1.7485,8.0,2,cn,,tt0109521,/y22zxUjRq3k7QxZMyzu6sNFE9Pd.jpg,/wZYONgDlBlQ3NHzXEKstEzELGa1.jpg,"[{""id"": 36, ""name"": ""History""}, {""id"": 18, ""name"": ""Drama""}, {""id"": 28, ""name"": ""Action""}]","[{""id"": 14051, ""logo_path"": null, ""name"": ""Brandy Film Production"", ""origin_country"": """"}]","[{""iso_3166_1"": ""HK"", ""name"": ""Hong Kong""}]","[{""english_name"": ""Cantonese"", ""iso_639_1"": ""cn"", ""name"": ""\u5e7f\u5dde\u8bdd / \u5ee3\u5dde\u8a71""}, {""english_name"": ""Mandarin"", ""iso_639_1"": ""zh"", ""name"": ""\u666e\u901a\u8bdd""}]","[""HK""]",null
185476,Videograms of a Revolution,Videogramme einer Revolution,A minute-by-minute chronology of the Romanian revolution in December 1989 in Bucharest. This cinematic montage of live footage from the state television company TVR and video taken by numerous amateurs becomes a new media-based form of historiography.,,Released,False,False,1992-08-08,106,0,0,0.1689,7.9,17,de,,tt0108489,/p0thKXkmhiZDSpRW8gyciAdMi9f.jpg,/40GvPw1us8OdLqPhcOOjZRJajMO.jpg,"[{""id"": 99, ""name"": ""Documentary""}]","[{""id"": 114054, ""logo_path"": null, ""name"": ""Bremer Institut Film & Fernsehen"", ""origin_country"": ""DE""}, {""id"": 43265, ""logo_path"": null, ""name"": ""Harun Farocki Filmproduktion"", ""origin_country"": ""DE""}]","[{""iso_3166_1"": ""DE"", ""name"": ""Germany""}, {""iso_3166_1"": ""RO"", ""name"": ""Romania""}]","[{""english_name"": ""English"", ""iso_639_1"": ""en"", ""name"": ""English""}, {""english_name"": ""German"", ""iso_639_1"": ""de"", ""name"": ""Deutsch""}, {""english_name"": ""Romanian"", ""iso_639_1"": ""ro"", ""name"": ""Rom\u00e2n\u0103""}]","[""DE""]",null
185488,Das Haus der toten Augen,Das Haus der toten Augen,"Is a home for the blind hiding a murderer's nest?  Shortly before his myste-rious death, millionaire Stuart changed his will and disinherited the local home for the blind. Inspector Higgins suspects that something is not right there.",,Released,False,False,2002-04-27,93,0,0,0.5035,5.0,1,de,,tt0325299,/s0sF8TPJ8e9ASyX5rdWIMHceioK.jpg,,"[{""id"": 80, ""name"": ""Crime""}, {""id"": 9648, ""name"": ""Mystery""}, {""id"": 53, ""name"": ""Thriller""}]","[{""id"": 42272, ""logo_path"": ""/2bAuO4EvS59O1uXZQAKXG0HIXQg.png"", ""name"": ""RTL"", ""origin_country"": ""DE""}, {""id"": 29165, ""logo_path"": ""/d1wokdgTjC7lJs6yktVd61JZrwD.png"", ""name"": ""Rialto Film"", ""origin_country"": ""DE""}]","[{""iso_3166_1"": ""DE"", ""name"": ""Germany""}]","[{""english_name"": ""German"", ""iso_639_1"": ""de"", ""name"": ""Deutsch""}]","[""DE""]",null
185492,Gierig,Gierig,"A complicated love triangle, enriched with plenty of drugs, sex and nightlife in Berlin.",,Released,False,False,2000-02-03,92,0,4852,0.5945,2.8,3,de,,tt0167179,/kRQ8EaSeTcHDDPNQa9imtMah9w6.jpg,,"[{""id"": 18, ""name"": ""Drama""}]",[],"[{""iso_3166_1"": ""DE"", ""name"": ""Germany""}]","[{""english_name"": ""German"", ""iso_639_1"": ""de"", ""name"": ""Deutsch""}]","[""DE""]",null
185490,Placebo,Placebo,Everyone has a story to tell.,,Released,False,False,2012-05-08,90,0,0,0.088,0.0,0,en,,tt2093206,,,"[{""id"": 18, ""name"": ""Drama""}]",[],[],[],"[""US""]",null
185493,Citizen Buelna,Ciudadano Buelna,Rafael faces the complications of the revolution and discovers true love with Luisa.,,Released,False,False,2013-03-29,115,0,0,0.4485,5.0,4,es,,tt2219958,/5txf1jUFX5974B223tOrzRlqnmi.jpg,/u2Ci15Q1dvVToIOUq6u4G1tvFdQ.jpg,"[{""id"": 18, ""name"": ""Drama""}, {""id"": 36, ""name"": ""History""}]","[{""id"": 15839, ""logo_path"": null, ""name"": ""Cuatro Soles Films"", ""origin_country"": """"}]","[{""iso_3166_1"": ""MX"", ""name"": ""Mexico""}]","[{""english_name"": ""Spanish"", ""iso_639_1"": ""es"", ""name"": ""Espa\u00f1ol""}]","[""MX""]",null
185494,"Tchin-Chao, the Chinese Conjurer",Le Thaumaturge chinois,"A Chinese conjurer stands next to a table, it becomes two tables. A fan becomes a parasol, lanterns appear and disappear. The conjurer spins the open parasol in front of himself, and a dog leaps out from behind it. The dog becomes a woman, then a masked man appears. The conjurer sits them each on a box a few feet apart: suddenly the woman and man have changed places. The disappearing and the transfers continue in front of a simple backdrop.",,Released,False,False,1904-04-16,3,0,0,0.233,4.8,27,fr,,tt0135672,/aJ3ZrZ51GV0cOFelrrjjkuSBDn.jpg,,"[{""id"": 35, ""name"": ""Comedy""}]","[{""id"": 7159, ""logo_path"": null, ""name"": ""Star Film"", ""origin_country"": ""FR""}]","[{""iso_3166_1"": ""FR"", ""name"": ""France""}]","[{""english_name"": ""No Language"", ""iso_639_1"": ""xx"", ""name"": ""No Language""}]","[""FR""]",null
185495,Terror in the Wax Museum,Terror in the Wax Museum,"Terrifying wax figures of renowned personalities, such as Attila the Hun and Jack the Ripper, surround the sale of a London museum.",Karkov is here!,Released,False,False,1973-05-02,93,0,0,1.3872,5.1,24,en,,tt0070783,/m1i00PIbb5zlgfUFZv01bPJBbAx.jpg,/eSdXH5Mev5KtUSlEOvtwJ1EkKll.jpg,"[{""id"": 27, ""name"": ""Horror""}, {""id"": 9648, ""name"": ""Mystery""}]","[{""id"": 23950, ""logo_path"": null, ""name"": ""Andrew J. Fenady Productions"", ""origin_country"": """"}, {""id"": 5409, ""logo_path"": null, ""name"": ""Bing Crosby Productions"", ""origin_country"": ""US""}]","[{""iso_3166_1"": ""US"", ""name"": ""United States of America""}]","[{""english_name"": ""English"", ""iso_639_1"": ""en"", ""name"": ""English""}]","[""US""]",null
185496,The Regent's Wife,La Regenta,"Adapted from the novel of the same name by Clarín, which narrates the difficulties of Ana Ozores to adapt to the sordidness of life in Vetusta, a provincial city of northern Spain inspired in Oviedo. The young Ana, married to a retired regent, lives oppressed by the provincial hypocrisy and the mystical fears of an absorbing religion. Sexually dissatisfied, beset by constant erotic dreams, she reveals in her confessional her intimate torments, and her confessor begins to feel a morbid passion for her. At the same time, Álvaro Mesía, a Don Juan, intends to seduce Ana.",,Released,False,False,1974-12-19,93,0,0,0.2858,3.5,4,es,,tt0072073,/cuh2PP9sjcebnOeXNNykjShTsb0.jpg,,"[{""id"": 18, ""name"": ""Drama""}]","[{""id"": 32842, ""logo_path"": null, ""name"": ""Emiliano Piedra"", ""origin_country"": """"}]","[{""iso_3166_1"": ""ES"", ""name"": ""Spain""}]","[{""english_name"": ""Spanish"", ""iso_639_1"": ""es"", ""name"": ""Espa\u00f1ol""}]","[""ES""]",null
185497,Assassins Run,Assassins Run,"Maya becomes the target of the Russian mafia after her husband, a successful American businessman, is killed.",Everything you trust. Everything you know. May be a lie...,Released,False,False,2013-04-22,88,4000000,0,1.2952,4.7,47,en,,tt1502417,/6FceOv1z6BYtxWVRuwa2xKygWIF.jpg,/7f38eBUlqILSMjxRd4Py0IFbIim.jpg,"[{""id"": 28, ""name"": ""Action""}, {""id"": 12, ""name"": ""Adventure""}, {""id"": 80, ""name"": ""Crime""}, {""id"": 53, ""name"": ""Thriller""}]","[{""id"": 58538, ""logo_path"": null, ""name"": ""Whale Studio"", ""origin_country"": """"}]","[{""iso_3166_1"": ""RU"", ""name"": ""Russia""}, {""iso_3166_1"": ""US"", ""name"": ""United States of America""}]","[{""english_name"": ""English"", ""iso_639_1"": ""en"", ""name"": ""English""}]","[""US""]",null
185499,"Pim, pam, pum… ¡fuego!","Pim, pam, pum… ¡fuego!","Spain, 1940s. While returning to Madrid by train, Paca, a chorus girl who aspires to join a prestigious company, meets Luis, a young man of helpless appearance.",,Released,False,False,1975-09-05,99,0,0,0.5788,5.0,4,es,,tt0073545,/xrNs9fPjJKBLvAMEbhOf4O3kmr6.jpg,/xymWwDl3Rle2eDx7JKycvMzd44a.jpg,"[{""id"": 18, ""name"": ""Drama""}]","[{""id"": 5104, ""logo_path"": ""/3xqnWGUkiijLDKjOFiY9BeEZg36.png"", ""name"": ""Jos\u00e9 Frade Producciones Cinematogr\u00e1ficas"", ""origin_country"": ""ES""}]","[{""iso_3166_1"": ""ES"", ""name"": ""Spain""}]","[{""english_name"": ""Spanish"", ""iso_639_1"": ""es"", ""name"": ""Espa\u00f1ol""}]","[""ES""]",null
185500,Pierre Desproges - Tout seul en Scène,Pierre Desproges - Tout seul en Scène,,,Released,False,False,1985-04-12,0,0,0,0.0817,8.0,1,fr,,,/wmrP4KSGDNrXKS0IepTlumg0gjb.jpg,/4PzegbzJQiG0RZgnN0igBKWOt8N.jpg,"[{""id"": 35, ""name"": ""Comedy""}]",[],"[{""iso_3166_1"": ""FR"", ""name"": ""France""}]","[{""english_name"": ""French"", ""iso_639_1"": ""fr"", ""name"": ""Fran\u00e7ais""}]","[""FR""]",null
185502,Bewitched,A Bruxa de Arroios,"She arrives home at the end of the day, tired. While she prepares dinner, he reads the newspaper. Finally, she decides to bake some special cookies.",,Released,False,False,2012-07-31,11,0,0,0.1127,0.0,0,pt,,tt2365096,/3EnI5iiGnKAZgDjuUjOWM6G61o9.jpg,/kcbayh6v3q8dQCN8ewh748MYnJm.jpg,"[{""id"": 27, ""name"": ""Horror""}, {""id"": 35, ""name"": ""Comedy""}]","[{""id"": 117835, ""logo_path"": null, ""name"": ""Coyote Vadio"", ""origin_country"": ""PT""}]","[{""iso_3166_1"": ""PT"", ""name"": ""Portugal""}]","[{""english_name"": ""Portuguese"", ""iso_639_1"": ""pt"", ""name"": ""Portugu\u00eas""}]","[""PT""]",null
185508,La guerra de papá,La guerra de papá,"Spain, March 1964: Quico is a very naughty child of three belonging to a wealthy middle-class family. Since Cristina's birth, he feels he has lost the privileged position of ""prince"" of the house for his eight months old sister. So, with his brother Juan, who is eight years old and is quite disobedient, spend their time committing prank after prank, causing the resulting anger of his mother, the nanny and the old housemaid. The rest of the family members are two much older brothers, his resigned mother and a retrograde father of authoritarian ideas. But many years have passed, and the civil war that won the despot Don Pablo is simply for their children ""Dad's war"".",,Released,False,False,1977-09-18,91,0,0,0.4266,5.3,19,es,,tt0076116,/8rOTiM7ByVYRbloDI2UIjGRVS9L.jpg,,"[{""id"": 35, ""name"": ""Comedy""}]",[],[],"[{""english_name"": ""Spanish"", ""iso_639_1"": ""es"", ""name"": ""Espa\u00f1ol""}]","[""ES""]",null
185512,Aunt Alejandra,La tía Alejandra,The arrival of Aunt Alejandra triggers a series of nightmarish events that will put the life of a family at mysterious risk.,Aunt Alejandra can cast a spell. Lucia's fury could kill.,Released,False,False,1980-02-28,98,0,0,0.9573,7.0,29,es,,tt0080054,/scZ24sHYIcSQL8tKQuFOO1N8AQt.jpg,/jLoPxNafuEqsw5mPTIdVuxe5x6X.jpg,"[{""id"": 9648, ""name"": ""Mystery""}, {""id"": 27, ""name"": ""Horror""}, {""id"": 18, ""name"": ""Drama""}]","[{""id"": 5153, ""logo_path"": ""/d4BySWBlcGBBY58FG78DWMi9nrs.png"", ""name"": ""Estudios Churubusco Azteca"", ""origin_country"": ""MX""}]","[{""iso_3166_1"": ""MX"", ""name"": ""Mexico""}]","[{""english_name"": ""Spanish"", ""iso_639_1"": ""es"", ""name"": ""Espa\u00f1ol""}]","[""MX""]",null
185511,The Endless Winter: A Very British Surf Movie,The Endless Winter: A Very British Surf Movie,The story of how Britain has evolved one of the most unusual and colourful surf scenes on the planet.,,Released,False,False,2012-08-11,94,0,0,0.0474,7.0,2,en,http://theendlesswinter.co.uk/,tt2337686,/rHpMcwPv0HuMb2CNRAw9FFuDuzI.jpg,/ilL1xMPsRajcm0fOEM2VvxuBNvJ.jpg,[],[],[],"[{""english_name"": ""English"", ""iso_639_1"": ""en"", ""name"": ""English""}]","[""GB""]","{""id"": 1140560, ""name"": ""The Endless Winter Collection"", ""poster_path"": ""/1NKtUb5Hq6WOFe7sVjXR73Me4tD.jpg"", ""backdrop_path"": ""/97O9hfuulA4X9bQeR6gScKlcFFE.jpg""}"
185510,Money,Money,A young man whose father's fortune was stolen by his closest friends sets out to get revenge in this odyssey through the world's major financial centers.,,Released,False,False,1991-04-06,105,0,0,0.6612,4.9,4,en,,tt0100175,/xOS1Agnxv4obvZqI4cluTCoefYF.jpg,,"[{""id"": 18, ""name"": ""Drama""}, {""id"": 53, ""name"": ""Thriller""}]","[{""id"": 20576, ""logo_path"": null, ""name"": ""Cin\u00e9max"", ""origin_country"": ""FR""}, {""id"": 25826, ""logo_path"": null, ""name"": ""T\u00e9l\u00e9max"", ""origin_country"": """"}, {""id"": 11359, ""logo_path"": ""/aqWJRi66t2oMPMmC60CdK9I3WQd.png"", ""name"": ""France 2"", ""origin_country"": ""FR""}, {""id"": 875, ""logo_path"": null, ""name"": ""Films A2"", ""origin_country"": ""FR""}, {""id"": 17769, ""logo_path"": null, ""name"": ""Malofilm Group"", ""origin_country"": """"}]","[{""iso_3166_1"": ""CA"", ""name"": ""Canada""}, {""iso_3166_1"": ""FR"", ""name"": ""France""}]","[{""english_name"": ""English"", ""iso_639_1"": ""en"", ""name"": ""English""}]","[""CA""]",null
185514,Queen of the Jungle,Queen of the Jungle,"A 12-chapter serial built around stock footage from a 1922 silent serial, ""The Jungle Goddess"",young David Worth and Joan Lawrence are children with a group of explorers that are seeking African radium deposits. They are playing in the basket of the party's air balloon when the bag takes off with Joan aboard, last seen sailing over the back-lot jungle. This puts a chill on the expedition and all hands return to whence they came. The end of chapter 1, ""Lost in the Clouds"", finds Marilyn's balloon being shot down by the flaming arrows of a native tribe. Chapter 2,""Radium Rays"", reveals that Joan survived her descent and the tribe named ""the child from the sky"" as their queen and priestess.A flash forward of about 18 years finds that the now-adult David has returned to Africa to search for his long-lost childhood friend.He hits the trail and is quickly captured by the tribesmen and is brought to their sadistic ruler,who turns out to be a now-grown Joan. Unaware of his or her own true ...",The Triumphant Wild Animal Spectacle!,Released,False,False,1935-04-12,197,0,0,0.934,0.0,0,en,,tt0026903,/7sxlnpTMVZ2xPoM6HOrq7eWLRbN.jpg,/mYf8p5peQwf94JiVcnPTBsp1iE.jpg,"[{""id"": 28, ""name"": ""Action""}]","[{""id"": 10601, ""logo_path"": null, ""name"": ""Herman Wohl Productions"", ""origin_country"": """"}, {""id"": 167092, ""logo_path"": null, ""name"": ""Sherman Krellberg Productions"", ""origin_country"": """"}, {""id"": 87378, ""logo_path"": null, ""name"": ""Super Serial Productions Inc."", ""origin_country"": """"}]","[{""iso_3166_1"": ""US"", ""name"": ""United States of America""}]",[],"[""US""]",null
185515,John & Jane,John & Jane,"A new form of observational documentary that borders on science-fiction, John & Jane follows the stories of six Call Agents that answer American 1-800 numbers at a Mumbai call center.",,Released,False,False,2005-09-14,79,0,0,0.2523,6.1,7,en,http://www.futureeast.com/film/john-and-jane,tt0478176,/yJOhIcju96PsEJ6i689fAxMNCXl.jpg,/1wyiLeThfEJcEK11bmerezy1auJ.jpg,"[{""id"": 99, ""name"": ""Documentary""}]","[{""id"": 38440, ""logo_path"": ""/wcTvWcg6ZPCHx1J5xc9sZ0g7Odn.png"", ""name"": ""Future East Film"", ""origin_country"": ""IN""}]","[{""iso_3166_1"": ""IN"", ""name"": ""India""}]","[{""english_name"": ""English"", ""iso_639_1"": ""en"", ""name"": ""English""}]","[""US""]",null
185517,Hocuspocus,Hokuspokus oder: Wie lasse ich meinen Mann verschwinden...?,Kurt Hoffmann's remake of his own 1953 movie based on the play by Curt Goetz.,,Released,False,False,1966-03-03,100,0,0,0.3864,5.1,6,de,,tt0059276,/sbwVnYlYB7DUNWbsxigO99V12wt.jpg,,"[{""id"": 35, ""name"": ""Comedy""}, {""id"": 80, ""name"": ""Crime""}]","[{""id"": 17994, ""logo_path"": null, ""name"": ""Independent Film GmbH"", ""origin_country"": """"}, {""id"": 29818, ""logo_path"": null, ""name"": ""Domnick Filmproduktion (DFP)"", ""origin_country"": """"}]","[{""iso_3166_1"": ""DE"", ""name"": ""Germany""}]","[{""english_name"": ""German"", ""iso_639_1"": ""de"", ""name"": ""Deutsch""}]","[""DE""]",null
185518,The Shining Trench of Chairman Gonzalo,La trinchera luminosa del presidente Gonzalo,"A recreation of one day at the Canto Grande prison in Peru, following women guerrillas from the Maoist Shining Path movement in their morning marches to their bedtime chants. Kept isolated in their own cellblocks, the guerrillas refused to acknowledge that were imprisoned. Their cellblocks were another front in the People's War-- ""shining trenches of combat"". This film shows the intense indoctrination and belief system of the brutal Latin American insurgency.",,Released,False,False,2007-12-08,60,0,0,0.1255,5.0,5,es,,tt1137982,/1jwhWhkf7CjeJRBIMyty4wjT2dJ.jpg,,"[{""id"": 99, ""name"": ""Documentary""}, {""id"": 18, ""name"": ""Drama""}]",[],[],"[{""english_name"": ""Spanish"", ""iso_639_1"": ""es"", ""name"": ""Espa\u00f1ol""}]","[""ES""]",null
185519,"Alte Liebe, alte Sünde","Alte Liebe, alte Sünde","Restorer Imke is called back to her hometown, which she once left after a dispute with her family. An unknown assailant has shot at the image of the sinner Mary Magdalene in the church.",,Released,False,False,1997-03-17,88,0,0,0.211,1.0,2,de,,tt0118596,,,"[{""id"": 53, ""name"": ""Thriller""}]","[{""id"": 4606, ""logo_path"": ""/otZHbf1HmzLRQsZFSqJXkf8EHz7.png"", ""name"": ""ZDF"", ""origin_country"": ""DE""}]","[{""iso_3166_1"": ""DE"", ""name"": ""Germany""}]","[{""english_name"": ""German"", ""iso_639_1"": ""de"", ""name"": ""Deutsch""}]","[""DE""]",null
185521,Die Stunden vor Morgengrauen,Die Stunden vor Morgengrauen,"A TV film about a mother of three children who believes her lodger to be a psychopath, but her husband does not take her seriously.",,Released,False,False,1997-03-24,87,0,0,0.3585,0.0,0,de,,tt0120235,,,"[{""id"": 53, ""name"": ""Thriller""}]","[{""id"": 4606, ""logo_path"": ""/otZHbf1HmzLRQsZFSqJXkf8EHz7.png"", ""name"": ""ZDF"", ""origin_country"": ""DE""}, {""id"": 13587, ""logo_path"": ""/e1xxYKGJ9WjnjvkAWDUwmwruuuG.png"", ""name"": ""Ziegler Film"", ""origin_country"": ""DE""}]","[{""iso_3166_1"": ""DE"", ""name"": ""Germany""}]","[{""english_name"": ""German"", ""iso_639_1"": ""de"", ""name"": ""Deutsch""}]","[""DE""]",null
185525,Thrill,Thrill,"A disgruntled worker rigs a bomb, triggered by a motion sensor, on the roller coaster at a financially troubled amusement park.",You ride. You die.,Released,False,False,1996-05-20,95,0,0,0.5739,4.0,3,en,,tt0117902,/8PzzJvVfGIxWrHRrCtD9qFp6bHl.jpg,/fVNrtm0ME0cxeolWWTBnALhUqhh.jpg,"[{""id"": 53, ""name"": ""Thriller""}, {""id"": 28, ""name"": ""Action""}, {""id"": 10770, ""name"": ""TV Movie""}]","[{""id"": 6528, ""logo_path"": ""/jhRZoi5n3y079Mu5pLqFNpzLhB5.png"", ""name"": ""Lisa Demberg Productions"", ""origin_country"": ""US""}, {""id"": 5253, ""logo_path"": ""/cxgRBXMNcbcE0dIaeCc4tbDa4KI.png"", ""name"": ""NBC Productions"", ""origin_country"": ""US""}]","[{""iso_3166_1"": ""US"", ""name"": ""United States of America""}]","[{""english_name"": ""English"", ""iso_639_1"": ""en"", ""name"": ""English""}]","[""US""]",null
185526,Code Geass: Akito the Exiled 1: The Wyvern Arrives,コードギアス 亡国のアキト 第1章「翼竜は舞い降りた」,"The side story takes place in 2017 a.t.b., between the rise of the “Black Knights” organization and the return of the supposedly ""dead"" Zero. The setting is in Europe, where the European Union (E.U.) allied nations are being invaded by the overwhelming forces of the Holy Britannian Empire. On the verge of defeat, the E.U. army forms a special unit known as “W-0″, of which a young pilot named Akito Hyuga is a member. Leila Malkal , a former Britannian Aristocrat comes to the E.U.'s aid, commanding the “Wyvern” Knightmare corps comprised of Japanese teenagers. They recklessly plunge into a battlefield, where the survival rate is extremely low, at about 5% only. They fight for their freedom and for a ""home"" to which they can return.",,Released,False,False,2012-08-04,51,0,447630,4.1097,6.231,78,ja,,tt3354096,/6fytnsNxIF4kBdRbzHQzMNLaAnT.jpg,/72Pgfgg9zKI2MjY57AObWeeZS0V.jpg,"[{""id"": 28, ""name"": ""Action""}, {""id"": 878, ""name"": ""Science Fiction""}, {""id"": 16, ""name"": ""Animation""}, {""id"": 10752, ""name"": ""War""}]","[{""id"": 3153, ""logo_path"": ""/yKZ9UarLSu9Y4Gpw33nKRQOPM7z.png"", ""name"": ""SUNRISE"", ""origin_country"": ""JP""}]","[{""iso_3166_1"": ""JP"", ""name"": ""Japan""}]","[{""english_name"": ""Japanese"", ""iso_639_1"": ""ja"", ""name"": ""\u65e5\u672c\u8a9e""}]","[""JP""]","{""id"": 212160, ""name"": ""Code Geass: Akito the Exiled Collection"", ""poster_path"": ""/sF82ivr9yYpw69JbCnuWonR107p.jpg"", ""backdrop_path"": ""/iTxASLlhUsZ1MwOvt89VlM7l2ut.jpg""}"
185529,Fourteen,14歳,Sensitive and refined drama in which experiences from the puberty of a female teacher and a piano student reflected in the world of the younger generation they have contact with.,,Released,False,False,2007-01-27,114,0,0,1.0743,6.0,5,ja,,tt0960784,/wI6nck2dxgYPLf0Dvb7Xi2xsse6.jpg,/xKh1rOIQsT9a1EVt5SxNwzGIPZZ.jpg,"[{""id"": 18, ""name"": ""Drama""}]","[{""id"": 14981, ""logo_path"": ""/fIi2iU63SyDSIx6u61vERxlmsET.png"", ""name"": ""PIA Corporation"", ""origin_country"": ""JP""}]","[{""iso_3166_1"": ""JP"", ""name"": ""Japan""}]","[{""english_name"": ""Japanese"", ""iso_639_1"": ""ja"", ""name"": ""\u65e5\u672c\u8a9e""}]","[""JP""]",null
185532,Grand Hotel,Menschen im Hotel,"Based on a book by Vicki Baum, all of the action takes place in one day in a luxury hotel in Berlin. Grusinkaya is a ballerina staying at the hotel, other guests include Baron von Gaigern a sophisticated thief, Otto Klingelein a dying man, Preysing a businessman, and a stenographer. Events intertwine the lives of these strangers, bringing them together for some dramatic moments.",,Released,False,False,1959-09-23,106,0,0,0.4849,6.3,3,de,,tt0053059,/nZclAiZLMGcF65wQLiiLFG6ptw0.jpg,/eXQfCFrGmBAR1Q2ZyIusdTpIkID.jpg,"[{""id"": 18, ""name"": ""Drama""}]","[{""id"": 1574, ""logo_path"": null, ""name"": ""Les Films Modernes"", ""origin_country"": ""FR""}, {""id"": 1787, ""logo_path"": ""/tWdfCS6OBkxSuXao5lluNKDIvlc.png"", ""name"": ""CCC Filmkunst"", ""origin_country"": ""DE""}]","[{""iso_3166_1"": ""DE"", ""name"": ""Germany""}, {""iso_3166_1"": ""FR"", ""name"": ""France""}]","[{""english_name"": ""French"", ""iso_639_1"": ""fr"", ""name"": ""Fran\u00e7ais""}, {""english_name"": ""German"", ""iso_639_1"": ""de"", ""name"": ""Deutsch""}]","[""FR"", ""DE""]",null
185530,Mrs. Harris fährt nach Monte Carlo,Mrs. Harris fährt nach Monte Carlo,"Because her mother has to go to New York on business, little Helen is once again left in the care of Ada Harris. Helen's father, the industrialist Costa, takes the opportunity to take his daughter to Monte Carlo, where he lives with his mistress, without being asked. Ada sets out to bring the ""kidnapped"" child back to London and in the process finds herself targeted by the police as a kidnapper...",,Released,False,False,1989-02-22,90,0,0,0.5743,0.0,0,de,,tt0095667,/rd5zhJIdkrUIbGCm3TGYkdfREtm.jpg,,"[{""id"": 80, ""name"": ""Crime""}, {""id"": 35, ""name"": ""Comedy""}]","[{""id"": 680, ""logo_path"": ""/2GQ81QeLGGR9qnYhqGuDoYdsPw4.png"", ""name"": ""Studio Hamburg Filmproduktion"", ""origin_country"": ""DE""}, {""id"": 7201, ""logo_path"": ""/ljV8ZT3CIYCEIEDlTyBliXJVCZr.png"", ""name"": ""NDR"", ""origin_country"": ""DE""}]","[{""iso_3166_1"": ""DE"", ""name"": ""Germany""}]","[{""english_name"": ""German"", ""iso_639_1"": ""de"", ""name"": ""Deutsch""}]","[""DE""]","{""id"": 872282, ""name"": ""Mrs. Harris Filmreihe"", ""poster_path"": ""/jRjTj6YLTNsIkfaYH6mxyMvmoHJ.jpg"", ""backdrop_path"": null}"
185536,The East Is Red,东方红,"Pre-Cultural Revolution propaganda at its most lavish, this model opera depicts the history and evolution of the Communist Party of China under Mao Zedong from its founding in July 1921 to the establishment of ""New China"" in 1949.  Detailed in the musical are several key events in CPC history such as the Northern Expedition,  the KMT-led Shanghai massacre of 1927, the Nanchang Uprising and formation of the People's Liberation Army, the Long March and the founding of the PRC on October 1, 1949.",,Released,False,False,1965-01-30,117,0,0,0.4784,5.4,11,zh,,tt0431729,/l5b2uHEq6BZKsgkaXCF8JbP3MS0.jpg,/mKKOotEK2kpvA4rkVFi83PcoKaN.jpg,"[{""id"": 10402, ""name"": ""Music""}, {""id"": 18, ""name"": ""Drama""}]","[{""id"": 39074, ""logo_path"": ""/vPfI15Ab1IUgf7aT2swnXvswo9F.png"", ""name"": ""August 1st Film Studio \u516b\u4e00\u7535\u5f71\u5236\u7247\u5382 (A1FS)"", ""origin_country"": ""CN""}, {""id"": 32662, ""logo_path"": null, ""name"": ""Central Newsreel and Documentary Film Studio \u4e2d\u592e\u65b0\u95fb\u7eaa\u5f55\u7535\u5f71\u5236\u7247\u5382 (CNDF)"", ""origin_country"": ""CN""}]","[{""iso_3166_1"": ""CN"", ""name"": ""China""}]","[{""english_name"": ""Mandarin"", ""iso_639_1"": ""zh"", ""name"": ""\u666e\u901a\u8bdd""}, {""english_name"": ""Tibetan"", ""iso_639_1"": ""bo"", ""name"": ""\u0f56\u0f7c\u0f51\u0f0b\u0f66\u0f90\u0f51\u0f0b\u0f0d""}]","[""CN""]",null
185534,Ten - Sin for Salvation,Ten - Sündige und du wirst erlöst,"Hannes stands at the gates of heaven and has only one chance to return to Earth to his sick daughter: he must win a bet against Peterson (St. Peter). To do so, Hannes must break all ten commandments within 30 minutes in Munich's worst bar! Will he succeed?",,Released,False,False,2011-11-30,18,0,0,0.3967,0.0,0,de,,tt2093246,,,"[{""id"": 35, ""name"": ""Comedy""}, {""id"": 18, ""name"": ""Drama""}]","[{""id"": 19793, ""logo_path"": null, ""name"": ""13th Street"", ""origin_country"": """"}, {""id"": 29819, ""logo_path"": null, ""name"": ""Rockador Film"", ""origin_country"": """"}]","[{""iso_3166_1"": ""DE"", ""name"": ""Germany""}]","[{""english_name"": ""German"", ""iso_639_1"": ""de"", ""name"": ""Deutsch""}]","[""DE""]",null
185537,When Ruoma Was Seventeen,婼玛的十七岁,"Set in a remote mountainous region of southern China, the film is about a Hani tribe girl, Ruoma (Li Min) who dreams of seeing the outside world. Ruoma lives with her grandma and sells roasted corn in a market for fifty cents an ear. Beautifully attired in Hani ethnic clothing, she by chance catches the eye of a penniless photographer, Aming (Yang Zhigang). They soon becoming friends and he gets the idea of making money by having her pose with tourists beside a famous World Heritage site. Charging ten yuan per photo, they hope to make some money. Ruoma does her job well, sweetly smiling with the tourists while dreaming of going to the big city and riding in a glass elevator. She also falls in love with Aming.",,Released,False,False,2003-08-31,88,0,0,0.266,6.0,1,zh,,tt0398388,/64xv5qwXViDDqFYiKPli5GGCY2S.jpg,,"[{""id"": 18, ""name"": ""Drama""}, {""id"": 10749, ""name"": ""Romance""}]",[],"[{""iso_3166_1"": ""CN"", ""name"": ""China""}]","[{""english_name"": ""Mandarin"", ""iso_639_1"": ""zh"", ""name"": ""\u666e\u901a\u8bdd""}]","[""CN""]",null
185543,Escapade,Escapade,"A romantic comedy-drama-musical of mistaken identity, infidelity and farce, set in Vienna at the turn of the 20th century.",,Released,False,False,1935-07-05,92,0,0,0.7236,0.0,0,en,http://www.luiserainer.net/Escapade.php,tt0026319,/ejpCrTwj6cYJ2Ae4IkiKhduHs9m.jpg,/8nWaPKBtDZ962a8iz8kKhRInacX.jpg,"[{""id"": 10749, ""name"": ""Romance""}, {""id"": 35, ""name"": ""Comedy""}]","[{""id"": 21, ""logo_path"": ""/usUnaYV6hQnlVAXP6r4HwrlLFPG.png"", ""name"": ""Metro-Goldwyn-Mayer"", ""origin_country"": ""US""}]","[{""iso_3166_1"": ""US"", ""name"": ""United States of America""}]","[{""english_name"": ""English"", ""iso_639_1"": ""en"", ""name"": ""English""}]","[""US""]",null
185546,Upstairs and Downstairs,Upstairs and Downstairs,"On marrying the boss's daughter, Richard takes his father-in-law's advice to hire a live-in domestic. He soon finds good help is hard to come by. Run-ins follow with dipsomaniacs, bank robbers, a Welsh lass who takes one look at London and runs, and an Italian charmer who turns the place into a bawdy house. Then when Ingrid arrives from Sweden things actually start to get complicated.",m-m-m-m-Mylene's m-m-m-m-Marvelous!,Released,False,False,1959-11-02,101,0,0,1.3914,5.6,8,en,,tt0052780,/tka7aXijr7K2ZRaIrhbjfxRMY3t.jpg,/3f0MdiQzo2nLp3qzjOIun8dXsCA.jpg,"[{""id"": 35, ""name"": ""Comedy""}]","[{""id"": 364, ""logo_path"": null, ""name"": ""The Rank Organisation"", ""origin_country"": ""GB""}]","[{""iso_3166_1"": ""GB"", ""name"": ""United Kingdom""}]","[{""english_name"": ""Italian"", ""iso_639_1"": ""it"", ""name"": ""Italiano""}, {""english_name"": ""English"", ""iso_639_1"": ""en"", ""name"": ""English""}]","[""US"", ""GB""]",null
185550,Our America,Our America,The true story of two African-American teen radio reporters and their documentary investigation of a notorious child murder.,Life And Death on the South Side of Chicago,Released,False,False,2002-07-28,95,0,0,0.5647,7.0,1,en,,tt0303373,/mbLs3vXYsNDDEOPe6C9Uuw5VLOA.jpg,,"[{""id"": 18, ""name"": ""Drama""}, {""id"": 10770, ""name"": ""TV Movie""}]","[{""id"": 4, ""logo_path"": ""/jay6WcMgagAklUt7i9Euwj1pzTF.png"", ""name"": ""Paramount Pictures"", ""origin_country"": ""US""}, {""id"": 4343, ""logo_path"": ""/rXq1B1Hnkdnw6soz1zoGcslK3wb.png"", ""name"": ""Showtime Networks"", ""origin_country"": ""US""}]","[{""iso_3166_1"": ""US"", ""name"": ""United States of America""}]",[],"[""US""]",null
185551,Grinebidder: Ove Sprogøe - De største øjeblikke,Grinebidder: Ove Sprogøe - De største øjeblikke,,,Released,False,False,2005-11-21,0,0,0,0.0,0.0,0,da,,,,,[],[],[],[],"[""DK""]",null
185552,Jaal,जाल,Carlos and his sister Maria live along the Indian coast in a fishing village. Tony and Lisa are 2 newcomers and soon Maria and Tony fall in love. This does not go down well with Simon who loves Maria.,,Released,False,False,1952-03-31,115,0,0,0.4245,6.0,1,hi,,tt0044761,,/pmSwGA0vUxjh9e5bULFEI8meZWe.jpg,"[{""id"": 80, ""name"": ""Crime""}, {""id"": 18, ""name"": ""Drama""}, {""id"": 10402, ""name"": ""Music""}, {""id"": 53, ""name"": ""Thriller""}]",[],"[{""iso_3166_1"": ""IN"", ""name"": ""India""}]","[{""english_name"": ""Hindi"", ""iso_639_1"": ""hi"", ""name"": ""\u0939\u093f\u0928\u094d\u0926\u0940""}]","[""IN""]",null
185555,The Falcon,Baaz,"The Crown Prince of Malabar dallies with Rosita whilst his people suffer at the hands of cruel Portuguese colonists. Whilst voyaging on a Portuguese ship, the Prince is captured by patriots who are rebelling against the foreign invaders. They are led by a girl called Nisha known as ""The Falcon"" (""Baaz""). The Prince conceals his identity from Nisha and a romance blossoms between them. Together, they rouse the people, rout the Portuguese and free the Kingdom - but can a commoner marry a Prince ?",,Released,False,False,1953-05-31,141,0,0,0.4936,5.0,3,hi,,tt0045529,/disokZeIT9DpRMxZtGTqGCIZVog.jpg,/lp4Zr8rBjro9EqaIaWHffpRd3uU.jpg,"[{""id"": 12, ""name"": ""Adventure""}, {""id"": 18, ""name"": ""Drama""}, {""id"": 36, ""name"": ""History""}]","[{""id"": 78246, ""logo_path"": null, ""name"": ""Guru Dutt Films Pvt. Ltd."", ""origin_country"": """"}]","[{""iso_3166_1"": ""IN"", ""name"": ""India""}]","[{""english_name"": ""Hindi"", ""iso_639_1"": ""hi"", ""name"": ""\u0939\u093f\u0928\u094d\u0926\u0940""}]","[""IN""]",null
185562,Hai-Alarm am Müggelsee,Hai-Alarm am Müggelsee,A lifeguard at Lake Müggel has his hand bitten off and the marks indicate a shark attack. The lake is closed to the public by extending a local festival indefinitely while the city council thinks of what can be done to remove the shark. The public becomes restless having their lake closed for so long and come up with a plan to drive the shark from the lake with large quantities of beer.,,Released,False,False,2013-03-12,99,3774400,0,0.7619,5.9,27,de,,tt2352394,/tMq0dTmmTUqT5J3sxyTjfeEjHBR.jpg,/f13uo9eYsgptoVmw5jxmXP5VMkE.jpg,"[{""id"": 35, ""name"": ""Comedy""}]","[{""id"": 16940, ""logo_path"": null, ""name"": ""CC Medien Filmproduktion"", ""origin_country"": """"}, {""id"": 16941, ""logo_path"": null, ""name"": ""Gerhard Lidl Film"", ""origin_country"": """"}, {""id"": 16942, ""logo_path"": null, ""name"": ""ARRI Film & TV Services"", ""origin_country"": """"}, {""id"": 96, ""logo_path"": ""/9ps82gVzUeNdkjmLzoGDQLiLDio.png"", ""name"": ""X Filme Creative Pool"", ""origin_country"": ""DE""}]","[{""iso_3166_1"": ""DE"", ""name"": ""Germany""}]","[{""english_name"": ""English"", ""iso_639_1"": ""en"", ""name"": ""English""}, {""english_name"": ""French"", ""iso_639_1"": ""fr"", ""name"": ""Fran\u00e7ais""}, {""english_name"": ""German"", ""iso_639_1"": ""de"", ""name"": ""Deutsch""}, {""english_name"": ""Polish"", ""iso_639_1"": ""pl"", ""name"": ""Polski""}]","[""DE""]",null
185564,A Crush on You,A Crush on You,"When Ben McCauley daringly introduces himself anonymously via email to his secret crush, he mistakenly sends a message to single mother Charley Anderson. Ben begins dating Chloe, but she never quite lives up to the e-mail relationship and anonymous friendship he develops with her co-worker Charley.",,Released,False,False,2011-06-11,85,0,0,0.947,5.7,30,en,https://www.hallmarkdrama.com/a-crush-on-you,tt1714202,/cuUhsAqx37kgwVWfLSkXudXyWjk.jpg,/cbDEjb5lS6NcOEeLwz9DLZIJrbN.jpg,"[{""id"": 10749, ""name"": ""Romance""}, {""id"": 35, ""name"": ""Comedy""}, {""id"": 10770, ""name"": ""TV Movie""}]","[{""id"": 3282, ""logo_path"": null, ""name"": ""Larry Levinson Productions"", ""origin_country"": ""US""}]","[{""iso_3166_1"": ""US"", ""name"": ""United States of America""}]","[{""english_name"": ""English"", ""iso_639_1"": ""en"", ""name"": ""English""}]","[""US""]",null
185567,Zulu,Zulu,"As a child, Ali Neuman narrowly escaped being murdered by Inkhata, a militant political party at war with Nelson Mandela's African National Congress. Only he and his mother survived the carnage of those years. But as with many survivors, the psychological scars remain.",,Released,False,False,2013-12-04,110,16000000,0,1.9783,6.7,515,en,,tt2249221,/h5OZD7pVkIKR5jf4lGFzQQrLmLc.jpg,/883smeniIZTmucEQAMGctTMwCOt.jpg,"[{""id"": 80, ""name"": ""Crime""}, {""id"": 18, ""name"": ""Drama""}, {""id"": 53, ""name"": ""Thriller""}]","[{""id"": 616, ""logo_path"": ""/aeBPwUMUqIOFnt3Fxv9fC91hBuq.png"", ""name"": ""Eskwad"", ""origin_country"": ""FR""}, {""id"": 1115, ""logo_path"": ""/ntH7T5gsN6wtyrfHGHJDTuneQ7o.png"", ""name"": ""M6 Films"", ""origin_country"": ""FR""}, {""id"": 7981, ""logo_path"": ""/6Yv1gIAuGkHS5Vis4UjnqHhCPWV.png"", ""name"": ""Path\u00e9"", ""origin_country"": ""FR""}, {""id"": 34044, ""logo_path"": null, ""name"": ""Lobster Tree"", ""origin_country"": """"}, {""id"": 34774, ""logo_path"": ""/cM28ZjokHs5Y9HKMUxkbE83LJNM.png"", ""name"": ""W9"", ""origin_country"": ""FR""}, {""id"": 104, ""logo_path"": ""/9aotxauvc9685tq9pTcRJszuT06.png"", ""name"": ""Canal+"", ""origin_country"": ""FR""}, {""id"": 10611, ""logo_path"": ""/zQ4fGaEnNkWfSzyygXRcUZwPmDG.png"", ""name"": ""Cin\u00e9+"", ""origin_country"": ""FR""}]","[{""iso_3166_1"": ""ZA"", ""name"": ""South Africa""}, {""iso_3166_1"": ""FR"", ""name"": ""France""}]","[{""english_name"": ""English"", ""iso_639_1"": ""en"", ""name"": ""English""}]","[""ZA"", ""FR""]",null
185570,Rome Rather Than You,Roma Wa La N'Touma,"""For more than ten years, Algeria has been living a slow war, a war without a front line but having caused more than 100,000 deaths. It is this desert that Zina and Kamel – two young Algerians sometimes hallucinated and joyful, sometimes dejected and serene – will want to travel one last time before leaving it for elsewhere. Road Movie on the territories of a city, Algiers whose construction sites are in decline. Roma wa la n'touma will show that fleeing abroad is not is not a refusal of combat, but an obscure struggle against assignment. Tariq Teguia",,Released,False,False,2006-09-04,111,0,0,0.2117,6.2,6,ar,https://www.centrepompidou.fr/fr/programme/agenda/evenement/c6XBpap,tt0963792,/j4PAc3tWmxuSJcXxBRdF85G0AvB.jpg,/bjj8BmBX5IpPQLWf8JMO2wdtTQB.jpg,"[{""id"": 18, ""name"": ""Drama""}]","[{""id"": 730, ""logo_path"": null, ""name"": ""Flying Moon Filmproduktion GmbH"", ""origin_country"": ""DE""}, {""id"": 122458, ""logo_path"": null, ""name"": ""Neffa Films"", ""origin_country"": ""DZ""}, {""id"": 16180, ""logo_path"": ""/tE5t6MnMhvyc34beR4Qf6hM2c5K.png"", ""name"": ""INA"", ""origin_country"": ""FR""}]","[{""iso_3166_1"": ""DZ"", ""name"": ""Algeria""}, {""iso_3166_1"": ""DE"", ""name"": ""Germany""}, {""iso_3166_1"": ""FR"", ""name"": ""France""}, {""iso_3166_1"": ""NL"", ""name"": ""Netherlands""}]","[{""english_name"": ""Arabic"", ""iso_639_1"": ""ar"", ""name"": ""\u0627\u0644\u0639\u0631\u0628\u064a\u0629""}]","[""DE"", ""DZ"", ""FR"", ""NL""]",null
185568,"The Soup, One Morning",ある朝スウプは,"""The Soup, One Morning"" depicts the gradual dissolution of a relationship caused by mental illness. Kitagawa and Shizu are lovers and roommates. Suffering from a panic disorder, Kitawgawa estranges himself from the world and entraps himself in the claustrophobic confines of the apartment. He leaves only to attend his new seminar. Initially heartened by his interest in this new venture, Shizu senses something fishy when he shows up with a strange amulet and begins to fill their place with unfamiliar furniture. When he commences rambling about the karmic life, she realizes that the man she cares for has become a complete stranger.",,Released,False,False,2005-07-29,90,0,0,0.6387,5.5,2,ja,,tt0492547,,,"[{""id"": 18, ""name"": ""Drama""}]",[],"[{""iso_3166_1"": ""JP"", ""name"": ""Japan""}]","[{""english_name"": ""Japanese"", ""iso_639_1"": ""ja"", ""name"": ""\u65e5\u672c\u8a9e""}]","[""JP""]",null
185572,Scrapple,Scrapple,"Amy and Rick are playing a nice game of scrabble. Rick however, has an overwhelming feeling of superiority. Losing is out of the question.",,Released,False,False,2004-01-15,11,0,0,0.3385,5.7,11,en,,tt0392753,/ydkosehTnokUfmMM8WiUF4Hpfzf.jpg,/2K3JyUBmq0xcZekK3qYupPgOWmn.jpg,"[{""id"": 18, ""name"": ""Drama""}, {""id"": 35, ""name"": ""Comedy""}]","[{""id"": 1974, ""logo_path"": ""/t8p2PpDBJo282a5TTr6Ln0wVkMZ.png"", ""name"": ""Duplass Brothers Productions"", ""origin_country"": ""US""}]","[{""iso_3166_1"": ""US"", ""name"": ""United States of America""}]","[{""english_name"": ""English"", ""iso_639_1"": ""en"", ""name"": ""English""}]","[""US""]",null
185571,Victor Borge: På hjemmebane,Victor Borge: På hjemmebane,,,Released,False,False,2006-01-01,0,0,0,0.0928,0.0,0,da,,,,,[],[],[],[],"[""DK""]",null
185573,Gila-Gila Remaja 2,Gila-Gila Remaja 2,"The sequel of the 1985 classic “Gila-Gila Remaja” follows the modern youngsters in Malaysian society and takes a long ride to see the struggles faced by the young guns with actions, comedy, relationships and family. Hairul Azreen as Afiq is a youth who comes from a wealthy family and is interested in only motorcycle races and dance. Meanwhile, Faralyna Idris as Lisa is a poor village girl who mostly keeps to herself. Fizz Fairuz plays Haikal, Lisa’s strict brother who tries to control Lisa’s conversations and acquaintances. In college, Afiq falls for Lisa, but Lisa misunderstands Afiq behaviour because of their closeness, as she is also Erna’s best friend. Kris, who is interested in Erna, is jealous of Erna and Afiq’s friendship, which leads to a rivalry between the tw",,Released,False,False,2013-03-20,100,0,0,0.2055,2.0,1,en,http://cinemamalaysia.com.my/film/info/?id=Gila_Gila_Remaja_2_1226,tt3079538,,,"[{""id"": 28, ""name"": ""Action""}]",[],[],"[{""english_name"": ""Malay"", ""iso_639_1"": ""ms"", ""name"": ""Bahasa melayu""}]","[""US""]",null
185574,Louis C.K.: Oh My God,Louis C.K.: Oh My God,"Filmed at the Celebrity Theatre in Phoenix, AZ on February 15th and 16th, 2013, Oh My God is Louis C.K.'s fifth stand-up special, his first for HBO since 2007's Shameless, and his first since winning a Emmy Award for writing on his acclaimed show on FX, Louie.  Performed in the round in front of a live audience, he discusses such topics as the food chain, animals, divorce, strange anecdotes, broken morality, murder and mortality.",,Released,False,False,2013-04-13,58,0,0,0.5857,7.633,207,en,http://www.hbo.com/comedy/louis-c-k-oh-my-god/index.html,tt2510998,/uMiRDSnFRpKicYbikKa8aO1QKbU.jpg,/fEMUwqYwHQq5lokxGI1BsSG0LFK.jpg,"[{""id"": 35, ""name"": ""Comedy""}]","[{""id"": 15993, ""logo_path"": null, ""name"": ""Pig Newton"", ""origin_country"": ""US""}, {""id"": 21267, ""logo_path"": null, ""name"": ""Circus King Productions"", ""origin_country"": ""US""}]","[{""iso_3166_1"": ""US"", ""name"": ""United States of America""}]","[{""english_name"": ""English"", ""iso_639_1"": ""en"", ""name"": ""English""}]","[""US""]",null
185575,Chinna Mapillai,Chinna Mapillai,"Prabhu is a kind-hearted poor man who works as a coolie in bus stand. Visu, a marriage broker wants him to pose as a rich man from Singapore and marry Sukanya to break the arrogance and her money-minded father (Radha Ravi).",,Released,False,False,1993-01-14,137,0,0,0.4395,6.0,1,en,,tt0317239,,,"[{""id"": 35, ""name"": ""Comedy""}]","[{""id"": 14306, ""logo_path"": ""/qNv0ySirxxcxYNuDOmuobst9zV8.png"", ""name"": ""Amma Creations"", ""origin_country"": ""IN""}]","[{""iso_3166_1"": ""IN"", ""name"": ""India""}]","[{""english_name"": ""Tamil"", ""iso_639_1"": ""ta"", ""name"": ""\u0ba4\u0bae\u0bbf\u0bb4\u0bcd""}]","[""US""]",null
185578,Looking for Iara,Em Busca de Iara,"Investigation of the life of ex-guerrilla Iara Iavelberg (1944-1971), a cultured and beautiful woman who left behind a comfortable family life opting to engage in an armed struggle against the Brazilian military dictatorship.",,Released,False,False,2013-04-10,91,0,0,0.0732,0.0,0,pt,,tt4116398,/btPiOtf8bqpTmztPMRHj430hAff.jpg,,"[{""id"": 99, ""name"": ""Documentary""}]",[],"[{""iso_3166_1"": ""BR"", ""name"": ""Brazil""}]","[{""english_name"": ""Portuguese"", ""iso_639_1"": ""pt"", ""name"": ""Portugu\u00eas""}]","[""BR""]",null
185577,Ooty Varai Uravu,ஊட்டி வரை உறவு,"Ravi, the only son of Vedachalam (Baliah), has traveled on business. Returning home, he meets a young woman on the train after picking up her spilled luggage. The contents of the luggage reveal that she is his sister, from his father's teenage years. When he returns home, she is moved in and living a life of wealthy luxury. But is she really who she says she is?",The Relationship Is Up Till Ooty,Released,False,False,1967-11-01,0,0,0,0.7186,5.9,4,ta,,tt1248983,/rX5xWdoAFatLimAAtnUYyQWpgyT.jpg,,"[{""id"": 18, ""name"": ""Drama""}]","[{""id"": 102712, ""logo_path"": null, ""name"": ""Kay Cee Films"", ""origin_country"": """"}]","[{""iso_3166_1"": ""IN"", ""name"": ""India""}]","[{""english_name"": ""Tamil"", ""iso_639_1"": ""ta"", ""name"": ""\u0ba4\u0bae\u0bbf\u0bb4\u0bcd""}]","[""IN""]",null
185579,A Sixth Part of the World,Шестая часть мира,"Through the travelogue format, it depicts the multitude of Soviet peoples in remote areas of USSR and details the entirety of the wealth of the Soviet land. Focusing on cultural and economic diversity, the film is in fact a call for unification in order to build a ""complete socialist society"".",,Released,False,False,1926-12-31,75,0,0,0.2831,6.6,27,ru,,tt0017376,/5ZbljS3ZuvkuJxZaRdezjrYQ9cb.jpg,/uaJMsux2Ltaywvcr33TjMsV8y3T.jpg,"[{""id"": 99, ""name"": ""Documentary""}]","[{""id"": 410, ""logo_path"": ""/eZlhJ4iCRM90hLB4RCC6RJEC9zr.png"", ""name"": ""Sovkino"", ""origin_country"": ""SU""}]","[{""iso_3166_1"": ""SU"", ""name"": ""Soviet Union""}]","[{""english_name"": ""No Language"", ""iso_639_1"": ""xx"", ""name"": ""No Language""}]","[""SU""]",null
185583,Waardenberg & de Jong: Begin maar vast,Waardenberg & de Jong: Begin maar vast,Theatershow,,Released,False,False,2013-04-12,0,0,0,0.0468,3.0,1,nl,,,,,"[{""id"": 35, ""name"": ""Comedy""}]",[],[],"[{""english_name"": ""Dutch"", ""iso_639_1"": ""nl"", ""name"": ""Nederlands""}]","[""NL""]",null
185590,Santa Cruz Skateboards - Wheels of Fire,Santa Cruz Skateboards - Wheels of Fire,Santa Cruz Skateboards video from 1987.,,Released,False,False,1987-04-12,42,0,0,0.1094,8.8,2,en,,tt11685938,/4vc87kpdFZHcXAejIu0wfqZJnVe.jpg,,"[{""id"": 28, ""name"": ""Action""}, {""id"": 99, ""name"": ""Documentary""}]","[{""id"": 91936, ""logo_path"": null, ""name"": ""Scott Dittrich Films"", ""origin_country"": """"}]","[{""iso_3166_1"": ""US"", ""name"": ""United States of America""}]","[{""english_name"": ""English"", ""iso_639_1"": ""en"", ""name"": ""English""}]","[""US""]",null
185591,The Eagle with Two Heads,L'Aigle à deux têtes,"Political intrigue and psychological drama run parallel. The queen is in seclusion, veiling her face for the ten years since her husband's assassination, longing to join him in death. Stanislas, a poet whose pen name is Azrael, is a suicidal anarchist, his imagination haunted into hate by longing for this queen who's drawn apart. He enters her private quarters intent on killing her then himself, but they fall in love, in part because he looks like the king. Stanislas wants her to regain political power by appearing to the public, and she tries to convince him to find hope and escape. All the while, the queen's enemies plot to keep the lovers together but to thwart their plans.",,Released,False,False,1948-09-22,93,0,0,0.5235,6.8,19,fr,,tt0039135,/p4tG7wVhN13h9KZOSkfcdCJcXv3.jpg,/eWI505zhxQm9nqFkKd0P8rHyJNM.jpg,"[{""id"": 18, ""name"": ""Drama""}, {""id"": 10749, ""name"": ""Romance""}]","[{""id"": 35746, ""logo_path"": null, ""name"": ""La Soci\u00e9t\u00e9 des Films Sirius"", ""origin_country"": ""FR""}, {""id"": 7110, ""logo_path"": null, ""name"": ""Les Films Ariane"", ""origin_country"": ""FR""}]","[{""iso_3166_1"": ""FR"", ""name"": ""France""}]","[{""english_name"": ""French"", ""iso_639_1"": ""fr"", ""name"": ""Fran\u00e7ais""}]","[""FR""]",null
185597,The Boy Can't Help It,The Boy Can't Help It,"A documentary about Tourettes sufferer John Davidson. This is a follow-up to the 1989 TV documentary John's Not Mad focusing on his present circumstances as an adult with Tourettes and the impact the earlier documentary had on his life. The film also follows Greg Storey, an 8 year old who has been diagnosed with Tourettes.",,Released,False,False,2002-02-27,60,0,0,0.2634,0.0,0,en,,tt1086773,/iulSxkQx8L3tVTSztEnOqYcY3rp.jpg,,"[{""id"": 99, ""name"": ""Documentary""}]","[{""id"": 3324, ""logo_path"": ""/dqT3yOTlfJRmtvk52Ccd1O6dZ0A.png"", ""name"": ""BBC"", ""origin_country"": ""GB""}]","[{""iso_3166_1"": ""GB"", ""name"": ""United Kingdom""}]","[{""english_name"": ""English"", ""iso_639_1"": ""en"", ""name"": ""English""}]","[""GB""]",null
185602,Shenandoah,Shenandoah,"An epic feature documentary about a coal mining town with a fiery immigrant heritage, once pivotal in fueling America’s industrial revolution and today in decline and struggling to survive and retain its identity, soul and values – all of which were dramatically challenged when four of the town’s white, star football players were charged in the beating death of an undocumented Mexican immigrant named Luis Ramirez.  Pulitzer Prize-winning photographer David Turnley’s most personal work, SHENANDOAH creates a deeply felt portrait of a working class community, and the American Dream on trial.",The American Dream on Trial,Released,False,False,2012-10-16,97,0,0,0.6185,6.6,7,en,http://shenandoah-film.com/,tt1697996,/tdZFyY6XArydF3tVGKU6UUPVMlr.jpg,,"[{""id"": 99, ""name"": ""Documentary""}]","[{""id"": 8469, ""logo_path"": ""/gSSXLuayChi5h9KEuzfwd2UjWjm.png"", ""name"": ""Louverture Films"", ""origin_country"": ""US""}, {""id"": 27913, ""logo_path"": null, ""name"": ""Epic Match Media"", ""origin_country"": """"}]","[{""iso_3166_1"": ""US"", ""name"": ""United States of America""}]","[{""english_name"": ""English"", ""iso_639_1"": ""en"", ""name"": ""English""}]","[""US""]",null
185600,A Pure Spirit,Un pur esprit,"On a wintery January afternoon, a girl walks in a park by herself. As groups of boys play football, she strolls about, observing the activities of her fellow park-goers.",,Released,False,False,2004-01-01,3,0,0,0.129,4.7,17,fr,,tt13937716,/wZARAOpdpwz6PZz2RQmBnYQ5EnT.jpg,/3p0HqcGwCKM5pAz41JGtESJT1nA.jpg,"[{""id"": 18, ""name"": ""Drama""}]",[],"[{""iso_3166_1"": ""FR"", ""name"": ""France""}]","[{""english_name"": ""No Language"", ""iso_639_1"": ""xx"", ""name"": ""No Language""}]","[""FR""]",null
185605,Woman with Pierced Nipples,乳首にピアスをした女,"An unknown handsome man showers a woman with red roses. She is smitten and becomes a willing participant in his rather unusual hobby of subjecting women to chains, manacles, cages, piercings, waxing and various sexual humiliations.",,Released,False,False,1983-04-15,69,0,0,3.019,4.7,15,ja,,tt0287961,/jI1trL3NTSDy0Uo0VtlJe0AyzQh.jpg,/xoaclowHTtoJ4swFMqQpdTXKPsI.jpg,"[{""id"": 18, ""name"": ""Drama""}]","[{""id"": 955, ""logo_path"": ""/5xnXD3PJI1HqOJceSAKZ3fDqO1V.png"", ""name"": ""Nikkatsu Corporation"", ""origin_country"": ""JP""}]","[{""iso_3166_1"": ""JP"", ""name"": ""Japan""}]","[{""english_name"": ""Japanese"", ""iso_639_1"": ""ja"", ""name"": ""\u65e5\u672c\u8a9e""}]","[""JP""]",null
185615,China's Stolen Children,China's Stolen Children,"Ten years after the policy-changing and award-winning film, The Dying Rooms, the same team returns to a very different China where the infamous One Child Policy has had the horrific side effect of a boom in stolen children. With extraordinary access to devastated parents desperately searching for their stolen son; a man who brokers the deals and has sold his own offspring; and prospective parents grappling with giving up their soon-to-be-born daughter through lack of options, we are brought face to face with the crisis that such a stringent government policy has created among China's poorest people.",,Released,False,False,2007-10-08,80,0,0,0.0281,7.0,3,en,,tt1126492,,,"[{""id"": 99, ""name"": ""Documentary""}]","[{""id"": 14914, ""logo_path"": ""/1RZBWz53SpHUTLpRcM8BGv2plIP.png"", ""name"": ""HBO Documentary Films"", ""origin_country"": ""US""}]","[{""iso_3166_1"": ""US"", ""name"": ""United States of America""}]",[],"[""US""]",null
185607,The Dying Rooms,The Dying Rooms,"Documentary about a crew going from one orphanage to another in China to investigate these so called ""dying rooms"" were the orphanage workers leave baby girls to die.",,Released,False,False,1995-06-14,39,0,0,0.0239,6.3,3,en,,tt0112919,/gNNDITbwdD9Ju8hQRIltXh2Azof.jpg,/fZA7B5cgdjzPqV1mCdr8CGXsllF.jpg,"[{""id"": 99, ""name"": ""Documentary""}]",[],"[{""iso_3166_1"": ""GB"", ""name"": ""United Kingdom""}]",[],"[""US"", ""GB""]",null
185631,Wisecracks,Wisecracks,"A comedy documentary featuring America's top stand-up female comedians, with performance clips, interviews and archive footage.",,Released,False,False,1992-06-05,90,0,0,0.3795,8.0,2,en,,tt0103271,/lJfYs3ZmPTcZ4rFWoeRL3J2bkCY.jpg,,"[{""id"": 99, ""name"": ""Documentary""}]",[],[],[],"[""US""]",null
185633,Raza,Raza,"The troubled story of the Churruca family, a noble lineage of brave seamen, descendants of Cosme Damián Churruca, the Spanish hero of the Battle of Trafalgar; from the Spanish-American War (1898) to the end of the Spanish Civil War (1936-39). (In 1950, a new cut of the film was released with less ideological depth and ten minutes shorter.)",The film Franco tried to destroy — his own Spanish Civil War epic!,Released,False,False,1942-01-30,102,0,0,0.9174,4.8,15,es,,tt0035241,/zr5lcm9uKAYgUOzS50PZjuSMvkM.jpg,/nUsb3vPhiWMljUyZLCgdOGopQhy.jpg,"[{""id"": 18, ""name"": ""Drama""}, {""id"": 36, ""name"": ""History""}, {""id"": 10752, ""name"": ""War""}]","[{""id"": 51379, ""logo_path"": null, ""name"": ""CEA"", ""origin_country"": ""ES""}]","[{""iso_3166_1"": ""ES"", ""name"": ""Spain""}]","[{""english_name"": ""Spanish"", ""iso_639_1"": ""es"", ""name"": ""Espa\u00f1ol""}]","[""ES""]",null
185640,Commando - A One Man Army,Commando - A One Man Army,A disavowed Indian commando helps protect a woman from a local thug who is hellbent on forcing her to marry him.,The War Within,Released,False,False,2013-04-11,119,0,0,0.8192,6.4,61,hi,,tt2658126,/atBgLfwxFERXExObsqK1jFoCTZ.jpg,/xi8duxGn90dIWt4i74LObYnTcjj.jpg,"[{""id"": 28, ""name"": ""Action""}]","[{""id"": 7294, ""logo_path"": ""/kK4PRgceWp9KNrycD8xx8seWxYU.png"", ""name"": ""Reliance Entertainment"", ""origin_country"": ""IN""}, {""id"": 14055, ""logo_path"": null, ""name"": ""Sunshine Pictures"", ""origin_country"": """"}]","[{""iso_3166_1"": ""IN"", ""name"": ""India""}]","[{""english_name"": ""Hindi"", ""iso_639_1"": ""hi"", ""name"": ""\u0939\u093f\u0928\u094d\u0926\u0940""}]","[""IN""]","{""id"": 606601, ""name"": ""Commando Collection"", ""poster_path"": ""/x0Ck9kWQSbvxjAJtblrleb62GwA.jpg"", ""backdrop_path"": ""/zf34PfHMPFyR2aU1vAcYYuc0Axe.jpg""}"
185635,Bed of Lies,Bed of Lies,"Dramatization of the true-life story of a woman who fights for custody of her children while awaiting trial for the murder of her husband, who happens to have been the son of the powerful ex-governor of Texas.",,Released,False,False,1992-01-20,100,0,0,1.2184,5.0,1,en,,tt0103785,/dybPv49aJ1vuh7qaIWas5hsr7c.jpg,/w83Rr2XBfIKLrwTQJMVzrGWAYpS.jpg,"[{""id"": 18, ""name"": ""Drama""}, {""id"": 10770, ""name"": ""TV Movie""}]","[{""id"": 56555, ""logo_path"": null, ""name"": ""Elliot Friedgen & Company"", ""origin_country"": """"}, {""id"": 3434, ""logo_path"": null, ""name"": ""David L. Wolper Productions"", ""origin_country"": ""US""}, {""id"": 126305, ""logo_path"": null, ""name"": ""Bernhardt-Friestat Entertainment"", ""origin_country"": """"}, {""id"": 1957, ""logo_path"": ""/pJJw98MtNFC9cHn3o15G7vaUnnX.png"", ""name"": ""Warner Bros. Television"", ""origin_country"": ""US""}]","[{""iso_3166_1"": ""US"", ""name"": ""United States of America""}]","[{""english_name"": ""English"", ""iso_639_1"": ""en"", ""name"": ""English""}]","[""US""]",null
185642,The Drunkard,O Ébrio,"A good-hearted man, betrayed by his wife and friends, fakes his death and takes up a new identity, as a nameless, wandering drunkard.",The human story of a man who loved and suffered,Released,False,False,1946-08-28,125,0,0,0.496,5.1,13,pt,,tt0176688,/46eBp718HYr8SqjecgzD9uzUtFW.jpg,/8rn5cvNEjn994xSDjrSRzU2giDT.jpg,"[{""id"": 18, ""name"": ""Drama""}, {""id"": 10402, ""name"": ""Music""}]","[{""id"": 2445, ""logo_path"": null, ""name"": ""Cin\u00e9dia"", ""origin_country"": ""BR""}]","[{""iso_3166_1"": ""BR"", ""name"": ""Brazil""}]","[{""english_name"": ""Portuguese"", ""iso_639_1"": ""pt"", ""name"": ""Portugu\u00eas""}]","[""BR""]",null
185644,The End,The End,A documentary examining the end of live for five hospice patients and their families.,,Released,False,False,2004-03-11,84,0,0,0.415,9.5,2,en,https://www.hbomax.com/feature/urn:hbo:feature:GVWie_w1r9sLDwwIJAAC2,tt0402162,/57Ogeq6OrrMw5u272AKfDHXAMGW.jpg,,"[{""id"": 99, ""name"": ""Documentary""}, {""id"": 10770, ""name"": ""TV Movie""}]","[{""id"": 14914, ""logo_path"": ""/1RZBWz53SpHUTLpRcM8BGv2plIP.png"", ""name"": ""HBO Documentary Films"", ""origin_country"": ""US""}, {""id"": 3268, ""logo_path"": ""/tuomPhY2UtuPTqqFnKMVHvSb724.png"", ""name"": ""HBO"", ""origin_country"": ""US""}]","[{""iso_3166_1"": ""US"", ""name"": ""United States of America""}]","[{""english_name"": ""English"", ""iso_639_1"": ""en"", ""name"": ""English""}]","[""US""]",null
185645,Image of a Bound Girl,団鬼六　少女縛り絵図,A professor of erotic art sees his chance to practice what he teaches when by happenstance he meets a suicidal high school girl. Unsure at first how to bind and discipline his captive he is assisted by a bartender who shows him the finer details of bondage on his own slave. As he continues to subject his captive to more intense S&M training he risks both his academic position and his marriage.,,Released,False,False,1980-03-01,71,0,0,1.5856,2.5,4,ja,,tt0286572,/tKUEA85p3d7arCSivcYsyrnfGzX.jpg,/de2UmVmwEi5vLLoHmg82h6yC7rw.jpg,"[{""id"": 18, ""name"": ""Drama""}]","[{""id"": 955, ""logo_path"": ""/5xnXD3PJI1HqOJceSAKZ3fDqO1V.png"", ""name"": ""Nikkatsu Corporation"", ""origin_country"": ""JP""}]","[{""iso_3166_1"": ""JP"", ""name"": ""Japan""}]","[{""english_name"": ""Japanese"", ""iso_639_1"": ""ja"", ""name"": ""\u65e5\u672c\u8a9e""}]","[""JP""]",null
185647,Black Hair Velvet Soul,団鬼六　黒髪縄夫人,"A drunk husband has a gambling compulsion that ends up putting him in a bad way with the local Yakuza. Unable to pay his debt, he hocks the deed to his wife’s restaurant in order to stay out of trouble with the thugs. But it’s not enough. The wife has to sacrifice her body as well.",,Released,False,False,1982-03-12,66,0,0,1.4257,3.5,6,ja,,tt0267406,/23jVIeGyYo1Kgwvdzc7JDWmmgVu.jpg,/76agTIcl8htcHXrZcqbSky6ky7O.jpg,"[{""id"": 18, ""name"": ""Drama""}]","[{""id"": 75494, ""logo_path"": null, ""name"": ""Oni Production"", ""origin_country"": """"}]","[{""iso_3166_1"": ""JP"", ""name"": ""Japan""}]","[{""english_name"": ""Japanese"", ""iso_639_1"": ""ja"", ""name"": ""\u65e5\u672c\u8a9e""}]","[""JP""]",null
185646,S&M Hunter: Wife to be Molested,団鬼六　人妻なぶり,Before her marriage to the son of a rich executive a woman is assaulted by a sadistic gang and video taped. After the wedding the gang begins to make their demands.,The devil's phone rings. And so a trap of humiliation awaits the married woman.,Released,False,False,1987-10-17,71,0,0,1.3388,1.0,2,ja,,tt0287976,/8o2c4o4zHWbPnEiPsXKq6dDMM0q.jpg,/9lLJPvwhvLdd2wNAOwCpbmbyEcQ.jpg,"[{""id"": 18, ""name"": ""Drama""}, {""id"": 27, ""name"": ""Horror""}]","[{""id"": 89876, ""logo_path"": null, ""name"": ""Orient 21"", ""origin_country"": ""JP""}]","[{""iso_3166_1"": ""JP"", ""name"": ""Japan""}]","[{""english_name"": ""Japanese"", ""iso_639_1"": ""ja"", ""name"": ""\u65e5\u672c\u8a9e""}]","[""JP""]","{""id"": 1313899, ""name"": ""Onikuro Dan Collection"", ""poster_path"": ""/95MyAtM00m3l4WKZqyZhbyYxEFw.jpg"", ""backdrop_path"": null}"
185651,Sky Force,Sky Force 3D,"The small plane Tinny dreams of becoming a hero, but in a friendly team of inveterate planes he does not get recognition. One day, despite the captain Ben's ban, he sets off to save people from fire, but his life gets in danger, and the captain saves him at the cost of his own life. Out of misery, guilt and fear to take off Tinny leaves the team and starts working at mine. But suddenly the raging fire makes him recollect past times and he rushes to the aid of his friends without fear.",,Released,False,False,2012-09-13,91,20000000,0,0.727,4.6,10,en,,tt2104985,/szccoIaJZywnRtcTWdAJLlE5bUq.jpg,/irh9paLD9tOJzhsUCbe0z2bUBeq.jpg,"[{""id"": 16, ""name"": ""Animation""}]","[{""id"": 231141, ""logo_path"": null, ""name"": ""T-Films"", ""origin_country"": ""HK""}]","[{""iso_3166_1"": ""US"", ""name"": ""United States of America""}, {""iso_3166_1"": ""HK"", ""name"": ""Hong Kong""}]","[{""english_name"": ""English"", ""iso_639_1"": ""en"", ""name"": ""English""}]","[""US"", ""HK""]",null
185652,Female Teacher in Rope Hell,団鬼六 女教師縄地獄,"A female teacher spots one of her students being molested by a vagrant. But her rescue attempt fails as the vagrant drags the teacher into an empty classroom and sexually assaults her. The student finds a school employee, a piano tuner, to try and help but all they can offer is some comfort. Later the piano tuner invites the teacher to his house. He wants her to be his obedient loving bride and has built a nice caged apartment in his basement all for her. He subjects her to an endless series of sexual humiliations to persuade her to say yes.","I gave up my self-esteem as a teacher... I blamed the pain of shame on the iron grid, the mysterious doll that vibrated the white lower limbs!",Released,False,False,1981-08-27,70,0,0,5.5724,4.6,15,ja,,tt0285503,/3zBwX9udbXePS4GqUemzWUK3PDr.jpg,/3th7Z4tEqPJPhx3PlW8IeKsWJn6.jpg,"[{""id"": 18, ""name"": ""Drama""}, {""id"": 27, ""name"": ""Horror""}]","[{""id"": 955, ""logo_path"": ""/5xnXD3PJI1HqOJceSAKZ3fDqO1V.png"", ""name"": ""Nikkatsu Corporation"", ""origin_country"": ""JP""}]","[{""iso_3166_1"": ""JP"", ""name"": ""Japan""}]","[{""english_name"": ""Japanese"", ""iso_639_1"": ""ja"", ""name"": ""\u65e5\u672c\u8a9e""}]","[""JP""]","{""id"": 1313899, ""name"": ""Onikuro Dan Collection"", ""poster_path"": ""/95MyAtM00m3l4WKZqyZhbyYxEFw.jpg"", ""backdrop_path"": null}"
185648,The Girl and the Wooden Horse Torture,団鬼六　少女木馬責め,A seemly ordinary high school girl tormented by masochistic visions gets involved with a teacher who harbours a secret passion for her.,,Released,False,False,1982-12-03,68,0,0,2.7146,5.8,21,ja,,tt0286571,/pkwglTUH6k7fgufdv1HeqUNodH2.jpg,/epanrWw6Ri7lHP6Sd5Oi4oXO67z.jpg,"[{""id"": 53, ""name"": ""Thriller""}, {""id"": 27, ""name"": ""Horror""}]","[{""id"": 955, ""logo_path"": ""/5xnXD3PJI1HqOJceSAKZ3fDqO1V.png"", ""name"": ""Nikkatsu Corporation"", ""origin_country"": ""JP""}]","[{""iso_3166_1"": ""JP"", ""name"": ""Japan""}]","[{""english_name"": ""Japanese"", ""iso_639_1"": ""ja"", ""name"": ""\u65e5\u672c\u8a9e""}]","[""JP""]","{""id"": 1313899, ""name"": ""Onikuro Dan Collection"", ""poster_path"": ""/95MyAtM00m3l4WKZqyZhbyYxEFw.jpg"", ""backdrop_path"": null}"
185664,Nun in Rope Hell,団鬼六　修道女縄地獄,A woman gets caught by the wife of her lover which results in a stabbing. Feeling guilty she runs away and joins a nunnery. But she soon discovers that several nuns and a well known author have turned the place into their own personal S&M playground.,"A woman who is blamed, bound and humiliated...",Released,False,False,1984-05-25,69,0,0,7.0876,6.2,36,ja,,tt0391904,/nIkhJdIizqkNW58GImZLxOr3tW.jpg,/pKaS8OTLlDJPJh5jZdm8wmFSPYS.jpg,"[{""id"": 18, ""name"": ""Drama""}, {""id"": 27, ""name"": ""Horror""}]","[{""id"": 955, ""logo_path"": ""/5xnXD3PJI1HqOJceSAKZ3fDqO1V.png"", ""name"": ""Nikkatsu Corporation"", ""origin_country"": ""JP""}]","[{""iso_3166_1"": ""JP"", ""name"": ""Japan""}]","[{""english_name"": ""Japanese"", ""iso_639_1"": ""ja"", ""name"": ""\u65e5\u672c\u8a9e""}]","[""JP""]","{""id"": 1313899, ""name"": ""Onikuro Dan Collection"", ""poster_path"": ""/95MyAtM00m3l4WKZqyZhbyYxEFw.jpg"", ""backdrop_path"": null}"
185665,Secretary Rope Discipline,団鬼六　女秘書縄調教,"Secretary Sayo does some corporate snooping for her boyfriend, an upstart executive with a rival company. But she gets busted by the CEO. Poor Sayo is captured and taken to a private torture chamber in the corporate mansion. While the secretary gets punished, the bossman's son becomes infatuated with her beautiful white skin and he assumes the disciplinary responsibilities. Between the floggings, stretchings, and wooden-horse tortures he finds time to cover her body in an elaborate tattoo.","Torment the office lady, ravish her!! A prison of pale bondage where ecstasy and agony intertwine",Released,False,False,1981-05-29,67,0,0,0.6876,2.8,5,ja,https://www.nikkatsu.com/movie/25832.html,tt0287399,/db2Nw03I6c0VXgzFFrhTCVu81Fe.jpg,/a4pmKhwpb4vdnsWoJajzVYFhwMN.jpg,"[{""id"": 18, ""name"": ""Drama""}]","[{""id"": 955, ""logo_path"": ""/5xnXD3PJI1HqOJceSAKZ3fDqO1V.png"", ""name"": ""Nikkatsu Corporation"", ""origin_country"": ""JP""}]","[{""iso_3166_1"": ""JP"", ""name"": ""Japan""}]","[{""english_name"": ""Japanese"", ""iso_639_1"": ""ja"", ""name"": ""\u65e5\u672c\u8a9e""}]","[""JP""]","{""id"": 1313899, ""name"": ""Onikuro Dan Collection"", ""poster_path"": ""/95MyAtM00m3l4WKZqyZhbyYxEFw.jpg"", ""backdrop_path"": null}"
185666,Oniroku Dan: Best of SM,団鬼六　ＳＭ大全集,"The lovely Terumi Azuma introduces several scenes from selected Roman Porno titles and has a scene of her own. Naomi Tani, Junko Mabuki, and Izumi Shima show you why they are the Nikkatsu queens of SM.",,Released,False,False,1984-03-16,65,0,0,1.7598,5.5,8,ja,https://www.nikkatsu.com/movie/26092.html,tt0286023,/p9sFLqOkSQnVss2qbjjbT41Zi9x.jpg,/4k4fDH8c4HuOPjhuHXNsiZHhqzv.jpg,"[{""id"": 18, ""name"": ""Drama""}]","[{""id"": 955, ""logo_path"": ""/5xnXD3PJI1HqOJceSAKZ3fDqO1V.png"", ""name"": ""Nikkatsu Corporation"", ""origin_country"": ""JP""}]","[{""iso_3166_1"": ""JP"", ""name"": ""Japan""}]","[{""english_name"": ""Japanese"", ""iso_639_1"": ""ja"", ""name"": ""\u65e5\u672c\u8a9e""}]","[""JP""]","{""id"": 1313899, ""name"": ""Onikuro Dan Collection"", ""poster_path"": ""/95MyAtM00m3l4WKZqyZhbyYxEFw.jpg"", ""backdrop_path"": null}"
185668,Rope Torture,団鬼六　縄責め,A young wife of a banker gets blackmailed for having an affair. At first they just want her money. Then they decide to train her in the art of submission instead.,,Released,False,False,1984-09-01,71,0,0,2.6889,5.3,9,ja,https://www.nikkatsu.com/movie/26152.html,tt0287398,/r82F6KpMd6ZioYWj4Xe0jF3ZW3b.jpg,/865hRcbGlSq1G4kzJfc32VwCtuj.jpg,"[{""id"": 18, ""name"": ""Drama""}]","[{""id"": 955, ""logo_path"": ""/5xnXD3PJI1HqOJceSAKZ3fDqO1V.png"", ""name"": ""Nikkatsu Corporation"", ""origin_country"": ""JP""}]","[{""iso_3166_1"": ""JP"", ""name"": ""Japan""}]","[{""english_name"": ""Japanese"", ""iso_639_1"": ""ja"", ""name"": ""\u65e5\u672c\u8a9e""}]","[""JP""]","{""id"": 1313899, ""name"": ""Onikuro Dan Collection"", ""poster_path"": ""/95MyAtM00m3l4WKZqyZhbyYxEFw.jpg"", ""backdrop_path"": null}"
185671,Missed Connections,Missed Connections,"From Director Brandon Ho &amp; Writer Joseph Reidhead comes the Romantic Comedy ""Missed Connections"" a story about love, identity, the universe, and well, sandwiches.  Marc Reid (Kevin O'Keefe), a discouraged romance novelist, is setup on a blind date with girl named Melissa by his over excited sister Julia (Sarah Kent). Marc, a little less than enthusiastic, ends up picking up Jessie (Tatum Langton) instead of Melissa from the apartment complex. As the night unfolds Jessie and Marc meet up with old friends Gary (Bryce Chamberlain) and Mary (Renny Grames) and make a couple of new friends along the way.  Things are complicated by Jessie's boyfriend Trent (Lawrence Fernandez). But will Jessie and Marc be able to find love? Can Jessie help Marc rediscover romance and his passion of writing or are they cursed to simply be another missed connection?",reconnecting with those you never met,Released,False,False,2015-01-31,71,0,0,0.1414,3.2,4,en,http://www.missedconnectionsfilm.com/,tt2427224,/qNRQZdwMvu2wIu8DSohJ5viYvzX.jpg,/kpxLpXSEpcMb4mmmwLiABQ0t2sy.jpg,"[{""id"": 10749, ""name"": ""Romance""}, {""id"": 35, ""name"": ""Comedy""}]",[],"[{""iso_3166_1"": ""US"", ""name"": ""United States of America""}]","[{""english_name"": ""English"", ""iso_639_1"": ""en"", ""name"": ""English""}]","[""US""]",null
185673,Bridal Doll,団鬼六　花嫁人形,At a park a listless young man becomes intrigued by a wandering woman in white as she exits an exhibit of torture at a wax museum. He is slowly drawn into her forbidden world of pain and discipline.,,Released,False,False,1979-10-06,70,0,0,1.1256,2.0,2,ja,https://www.nikkatsu.com/movie/25668.html,tt0285499,/7jB335pxwGc1eX5yB9X9EULHkj6.jpg,/bRFg7VZ2GKTW09Ak15hfdVGuto3.jpg,"[{""id"": 18, ""name"": ""Drama""}, {""id"": 27, ""name"": ""Horror""}]","[{""id"": 955, ""logo_path"": ""/5xnXD3PJI1HqOJceSAKZ3fDqO1V.png"", ""name"": ""Nikkatsu Corporation"", ""origin_country"": ""JP""}]","[{""iso_3166_1"": ""JP"", ""name"": ""Japan""}]","[{""english_name"": ""Japanese"", ""iso_639_1"": ""ja"", ""name"": ""\u65e5\u672c\u8a9e""}]","[""JP""]","{""id"": 1313899, ""name"": ""Onikuro Dan Collection"", ""poster_path"": ""/95MyAtM00m3l4WKZqyZhbyYxEFw.jpg"", ""backdrop_path"": null}"
185675,Undaunted: The Forgotten Giants of the Allegheny Observatory,Undaunted: The Forgotten Giants of the Allegheny Observatory,"This film tells the surprising story of how the Allegheny Observatory has been a world leader in the study of the stars since the 1860s. Self-educated, and often facing unrelenting hardships, the people associated with the Allegheny Observatory defied the odds to make enormous contributions to the founding of astrophysics and early aviation.","A story of ingenious minds in a little known place, whose remarkable stories of tenacity and determination in the pursuit of furthering science and technology have nearly been forgotten.",Released,False,False,2012-04-18,62,260000,0,3.4552,0.0,0,en,,tt2375731,/azSfRcf8DrDC2S6X4lo1NSBVXLn.jpg,,"[{""id"": 99, ""name"": ""Documentary""}]",[],"[{""iso_3166_1"": ""US"", ""name"": ""United States of America""}]","[{""english_name"": ""English"", ""iso_639_1"": ""en"", ""name"": ""English""}]","[""US""]",null
185677,8: SIDA,8: SIDA,"In a hospital in Burkina Faso, a man infected by HIV tells his story.",,Released,False,False,2006-05-08,18,0,0,0.3138,5.8,9,fr,,tt1054043,/mZaAEomYtmZ6cCUwskEpp5bBQyz.jpg,/lhKZy9AfOSJm6XtvxPRRQUAC0Pl.jpg,"[{""id"": 99, ""name"": ""Documentary""}, {""id"": 18, ""name"": ""Drama""}]","[{""id"": 63415, ""logo_path"": null, ""name"": ""LDM Productions"", ""origin_country"": """"}]","[{""iso_3166_1"": ""FR"", ""name"": ""France""}]","[{""english_name"": ""French"", ""iso_639_1"": ""fr"", ""name"": ""Fran\u00e7ais""}]","[""FR""]",null
185679,Dan Oniroku: Ikenie shimai,団鬼六　生贄姉妹,When the elderly owner of a luxury inn passes it is left to the staff instead of his two daughters. The staff make plans to sell the inn to a gang of yakuza. But the gang sees profit in the daughters as well and brutally conditions them for sale.,The pinnacle of Oniroku literature!! Tormented!! Massive humiliation and extreme pain transformed the sisters into females.,Released,False,False,1987-04-28,70,0,0,1.3473,8.0,1,ja,https://www.nikkatsu.com/movie/26429.html,tt0287395,/ljWidXdY507QY9tbW51fGM5EE2k.jpg,/86sIeG0muTtK7QPlBdKyp3mWHkz.jpg,"[{""id"": 18, ""name"": ""Drama""}, {""id"": 27, ""name"": ""Horror""}]","[{""id"": 955, ""logo_path"": ""/5xnXD3PJI1HqOJceSAKZ3fDqO1V.png"", ""name"": ""Nikkatsu Corporation"", ""origin_country"": ""JP""}]","[{""iso_3166_1"": ""JP"", ""name"": ""Japan""}]","[{""english_name"": ""Japanese"", ""iso_639_1"": ""ja"", ""name"": ""\u65e5\u672c\u8a9e""}]","[""JP""]",null
185683,After All,After All,"A darkly humorous black and white tale of a young boy, unable to fit in, finally realizing his calling while watching animals killing each other on nature documentaries. Raw non-sync early effort, interesting as an early and funny example of Buck's forays into continuing themes of painful isolation, suburban disassociation and the inherent violence that can follow.",,Released,False,False,1994-01-01,17,0,0,0.3213,0.0,0,en,,tt2728552,/fYwif76nGMrf9NiFJNa2tsnab5f.jpg,/wBAWvVF0rGgyui9JCa2iHCVV5Dx.jpg,"[{""id"": 18, ""name"": ""Drama""}]","[{""id"": 100379, ""logo_path"": null, ""name"": ""Voice in the Head Productions"", ""origin_country"": ""US""}]","[{""iso_3166_1"": ""US"", ""name"": ""United States of America""}]","[{""english_name"": ""English"", ""iso_639_1"": ""en"", ""name"": ""English""}]","[""US""]",null
185688,Home,Home,"Acting as both pseudo-sequel to, and remake of, Cutting Moments, Buck's follow-up  changes the focus from the matriarch to the father... or, more fittingly, the many fathers... and the sins they pass down. Eschews explicit violence for a more psychological approach, to a no less harrowing result.",,Released,False,False,1998-01-01,28,0,0,0.6126,5.1,7,en,,tt0825475,/tUoaeg28mimsYn0V2PtFLJJtgqn.jpg,/eFQF7jbn7gB0sJvCqDK7eNkmNHM.jpg,"[{""id"": 27, ""name"": ""Horror""}, {""id"": 18, ""name"": ""Drama""}]","[{""id"": 100379, ""logo_path"": null, ""name"": ""Voice in the Head Productions"", ""origin_country"": ""US""}]","[{""iso_3166_1"": ""US"", ""name"": ""United States of America""}]","[{""english_name"": ""English"", ""iso_639_1"": ""en"", ""name"": ""English""}]","[""US""]",null
185685,Skin of Roses,団鬼六 薔薇の肉体,"Ritsuko is a popular madame of a nightclub but, ever since her gangster husband got caught and imprisoned, her life has taken a turn for the worst. Now, in order to pay off his debts to a yakuza loan shark, Ritsuko is forced to engage in private sex shows for the VIP clientele. After a year of these special shows, the loan is almost paid off.",,Released,False,False,1978-09-09,72,0,0,2.1846,4.7,17,ja,,tt0287394,/na7vgZpQmcbPzY7iUKxP209uiTV.jpg,/6pyTRedzvfOxtTlqD5FUAX2eZYD.jpg,"[{""id"": 18, ""name"": ""Drama""}]",[],"[{""iso_3166_1"": ""JP"", ""name"": ""Japan""}]","[{""english_name"": ""Japanese"", ""iso_639_1"": ""ja"", ""name"": ""\u65e5\u672c\u8a9e""}]","[""JP""]","{""id"": 1313899, ""name"": ""Onikuro Dan Collection"", ""poster_path"": ""/95MyAtM00m3l4WKZqyZhbyYxEFw.jpg"", ""backdrop_path"": null}"
185689,Beauty in Rope Hell,団鬼六　美女縄地獄,"A mailman becomes obsessed with a pretty, young wife. He captures the woman, tortures her and keeps her in his basement dungeon where she becomes his private sex toy.",,Released,False,False,1983-08-26,77,0,0,2.3647,5.7,24,ja,,tt0285498,/KRlETFLwJJ1AU7cEBLuiFFXXxZ.jpg,/577JqKM9pUbaJxgubsq4xu7Kzjl.jpg,"[{""id"": 18, ""name"": ""Drama""}]","[{""id"": 955, ""logo_path"": ""/5xnXD3PJI1HqOJceSAKZ3fDqO1V.png"", ""name"": ""Nikkatsu Corporation"", ""origin_country"": ""JP""}]","[{""iso_3166_1"": ""JP"", ""name"": ""Japan""}]","[{""english_name"": ""Japanese"", ""iso_639_1"": ""ja"", ""name"": ""\u65e5\u672c\u8a9e""}]","[""JP""]","{""id"": 1313899, ""name"": ""Onikuro Dan Collection"", ""poster_path"": ""/95MyAtM00m3l4WKZqyZhbyYxEFw.jpg"", ""backdrop_path"": null}"
185692,Female Beautician Rope Discipline,団鬼六 女美容師縄飼育,"Hairstylist Misa meets S&M enthusiast Ippei and is convinced to give it a try. Then later, Ippei's ex-wife, who happens to be one of Misa's beauty shop clients, begins a sexual relationship with her. The lesbian affair is also accentuated by some more S&M.",A captive beautician who described the abnormal SM sex with a photographer she met by chance.,Released,False,False,1981-11-27,69,0,0,2.0248,4.6,19,ja,http://nikkatsu.com/movie/25873.html,tt0285502,/7REn6CmITQFaGkxQHKp65Q3uHDm.jpg,/BHisd7cpVx9kxiyk5j5AaVVQsB.jpg,"[{""id"": 18, ""name"": ""Drama""}, {""id"": 80, ""name"": ""Crime""}, {""id"": 27, ""name"": ""Horror""}]","[{""id"": 955, ""logo_path"": ""/5xnXD3PJI1HqOJceSAKZ3fDqO1V.png"", ""name"": ""Nikkatsu Corporation"", ""origin_country"": ""JP""}]","[{""iso_3166_1"": ""JP"", ""name"": ""Japan""}]","[{""english_name"": ""Japanese"", ""iso_639_1"": ""ja"", ""name"": ""\u65e5\u672c\u8a9e""}]","[""JP""]","{""id"": 1313899, ""name"": ""Onikuro Dan Collection"", ""poster_path"": ""/95MyAtM00m3l4WKZqyZhbyYxEFw.jpg"", ""backdrop_path"": null}"
185695,Suitcase of Love and Shame,Suitcase of Love and Shame,"A forbidden love story played out in a decade that would soon spawn the sexual revolution. Part historical documentary and part experimental narrative the film reconstructs a mesmerizing and erotic narrative from 60 hours of reel-to-reel audiotape discovered in a suitcase. Recorded in the 1960's by a Mid-western woman and her lover they chronicle the details of their adulterous love affair. Reliant on recording devises to document and memorialize their affair the tape recorder evolves as a confidant, witness and participant, always omnipresent creating a welcomed threesome. Mirroring the compulsion to confess ones indiscretions in today's Internet world these captivating recordings speak to an audience that can remember Bert Parks as well as one who has never set finger to a rotary phone.",,Released,False,False,2013-03-23,70,0,0,0.0071,6.3,3,en,,tt2223676,,,"[{""id"": 99, ""name"": ""Documentary""}, {""id"": 10749, ""name"": ""Romance""}, {""id"": 36, ""name"": ""History""}]",[],[],"[{""english_name"": ""English"", ""iso_639_1"": ""en"", ""name"": ""English""}]","[""US""]",null
185693,Blue Woman,団鬼六　蒼いおんな,A frustrated wife who is married to a gay husband has an affair with another man. But she is set up by the husband’s parents who hire a dominatrix and a SM specialist to deal with her infidelity in a rather harsh and pervered manner.,My core is tingling from the awesome torture… A sadistic rope bites into a pure white breast!,Released,False,False,1982-08-28,68,0,0,1.3744,2.3,4,ja,https://www.nikkatsu.com/movie/25953.html,tt0285496,/2SGuLd0Kl2WlaxPSM2XWafwMefi.jpg,/lfi3Z1XmOmXk94zlY3KNj3sVHIw.jpg,"[{""id"": 18, ""name"": ""Drama""}, {""id"": 27, ""name"": ""Horror""}]","[{""id"": 955, ""logo_path"": ""/5xnXD3PJI1HqOJceSAKZ3fDqO1V.png"", ""name"": ""Nikkatsu Corporation"", ""origin_country"": ""JP""}]","[{""iso_3166_1"": ""JP"", ""name"": ""Japan""}]","[{""english_name"": ""Japanese"", ""iso_639_1"": ""ja"", ""name"": ""\u65e5\u672c\u8a9e""}]","[""JP""]","{""id"": 1313899, ""name"": ""Onikuro Dan Collection"", ""poster_path"": ""/95MyAtM00m3l4WKZqyZhbyYxEFw.jpg"", ""backdrop_path"": null}"
185697,That House in the Outskirts,Aquella casa en las afueras,"A young girl's husband rents a lovely home just outside of Madrid so she can spend the last three months of her pregnancy in peace and luxury. Unfortunately, just as they arrive at the home, the girl realizes that it is the place where she had secretly had an illegal abortion some years before.",,Released,False,False,1980-10-19,95,0,0,0.4665,5.6,8,es,,tt0078791,/oIgRKznChuAvhnp6xLsBXQHbGKZ.jpg,/eZGVHXeG88IWWaYZiCjvfQ4AF4O.jpg,"[{""id"": 27, ""name"": ""Horror""}, {""id"": 53, ""name"": ""Thriller""}]","[{""id"": 37794, ""logo_path"": null, ""name"": ""Kalender Films International"", ""origin_country"": """"}]","[{""iso_3166_1"": ""ES"", ""name"": ""Spain""}]","[{""english_name"": ""Spanish"", ""iso_639_1"": ""es"", ""name"": ""Espa\u00f1ol""}]","[""ES""]",null
185696,Blazing Bondage Lady,団鬼六　縄炎夫人,After some business a newly married salesman gets invited to a private show by a geisha. He is shocked and aroused when he finds out it is a B&D show performed by a husband and wife team. On a dark drive home the salesman accidentally kills a woman who jumps in front of his car. To his horror he sees that it’s the woman from the bondage show. Thus begins a story of how the salesman’s wife must now pay with her body for the sins of her husband.,,Released,False,False,1980-09-20,68,0,0,1.4612,1.7,3,ja,,tt0285500,/klvQsE0E6bfOAQm7zzaOg59lZxt.jpg,/vOGMNhNc6YmTrKFqm63fKT5Ks9G.jpg,"[{""id"": 18, ""name"": ""Drama""}, {""id"": 27, ""name"": ""Horror""}]","[{""id"": 955, ""logo_path"": ""/5xnXD3PJI1HqOJceSAKZ3fDqO1V.png"", ""name"": ""Nikkatsu Corporation"", ""origin_country"": ""JP""}]","[{""iso_3166_1"": ""JP"", ""name"": ""Japan""}]","[{""english_name"": ""Japanese"", ""iso_639_1"": ""ja"", ""name"": ""\u65e5\u672c\u8a9e""}]","[""JP""]",null
185698,Double Rope Torture,団鬼六　緊縛卍責め,Two sisters are captured by a bounty hunter for an S&M nightclub.,,Released,False,False,1985-01-15,74,0,0,3.4633,4.0,6,ja,,tt0285501,/lpd7dOtuCf3p9RGGkVGSY6lQw1s.jpg,/wMGRXnEbOE6ysq8dAuTCYx8Q4rj.jpg,"[{""id"": 18, ""name"": ""Drama""}]","[{""id"": 955, ""logo_path"": ""/5xnXD3PJI1HqOJceSAKZ3fDqO1V.png"", ""name"": ""Nikkatsu Corporation"", ""origin_country"": ""JP""}]","[{""iso_3166_1"": ""JP"", ""name"": ""Japan""}]","[{""english_name"": ""Japanese"", ""iso_639_1"": ""ja"", ""name"": ""\u65e5\u672c\u8a9e""}]","[""JP""]","{""id"": 1313899, ""name"": ""Onikuro Dan Collection"", ""poster_path"": ""/95MyAtM00m3l4WKZqyZhbyYxEFw.jpg"", ""backdrop_path"": null}"
185701,Snake Hole,団鬼六　蛇の穴,Due to a past trauma an elegant wife cannot enjoy her husband attentions in bed. Undeterred he hires a B&D master to give him a few pointers on how to reignite her repressed erotic desires.,,Released,False,False,1983-02-25,69,0,0,2.0534,1.7,3,ja,https://www.nikkatsu.com/movie/26005.html,tt0287974,/djORbak3qNoKPa7yKM1S7Z6oXhI.jpg,/a2mQeMOVBWDm3n08mzn1ELtv8wz.jpg,"[{""id"": 18, ""name"": ""Drama""}]","[{""id"": 75494, ""logo_path"": null, ""name"": ""Oni Production"", ""origin_country"": """"}]","[{""iso_3166_1"": ""JP"", ""name"": ""Japan""}]","[{""english_name"": ""Japanese"", ""iso_639_1"": ""ja"", ""name"": ""\u65e5\u672c\u8a9e""}]","[""JP""]","{""id"": 1313899, ""name"": ""Onikuro Dan Collection"", ""poster_path"": ""/95MyAtM00m3l4WKZqyZhbyYxEFw.jpg"", ""backdrop_path"": null}"
185700,Leaf in the Wind,Une feuille dans le vent,"Reflecting on the perpetuation of history's traumas, Jean-Marie Teno's latest film continues his ongoing project of documenting the impact of colonial and postcolonial politics on the lives of the people in his native Cameroon. Leaf in the Wind is both a reclaiming of forgotten chapters of Cameroonian history and a foray into the personal stories and broken lives behind the history.",,Released,False,False,2013-12-03,60,0,0,0.0286,0.0,0,fr,,tt11362036,/yhrpjB8iSQL8lVR1ayJ3HU58i5o.jpg,,"[{""id"": 99, ""name"": ""Documentary""}]",[],"[{""iso_3166_1"": ""CM"", ""name"": ""Cameroon""}]","[{""english_name"": ""English"", ""iso_639_1"": ""en"", ""name"": ""English""}, {""english_name"": ""French"", ""iso_639_1"": ""fr"", ""name"": ""Fran\u00e7ais""}]","[""FR""]",null
185699,Gene Kelly: Anatomy of a Dancer,Gene Kelly: Anatomy of a Dancer,"American Masters Series. Documentary on Gene Kelly that gives insight into his dancing, how he formed a style (first ""blue collar dancer"") and developed different cinematique techniques, such as  brilliantly shot dancing sequences.",,Released,False,False,2002-09-24,87,0,0,1.6421,7.6,7,en,,tt0308305,/9YAhj4tjZiuUkaPQ4fMFanMrJ73.jpg,,"[{""id"": 99, ""name"": ""Documentary""}]",[],[],"[{""english_name"": ""English"", ""iso_639_1"": ""en"", ""name"": ""English""}]","[""US""]",null
185704,A Sidewalk Astronomer,A Sidewalk Astronomer,"John Dobson, an 89 year old with a white ponytail and knack for comedy, is the inventor of the Dobsonian telescope mount, which revolutionized astronomy by making large, inexpensive telescopes and deep space observing available to amateur astronomers around the world.","A film about Astronomy, Cosmology, & John Dobson.",Released,False,False,2005-04-22,79,50000,0,0.1757,0.0,0,en,http://www.telescopepictures.com/,tt0450369,/5QfxtxpW1pSPRCxY6bmf6KBWlo0.jpg,,"[{""id"": 99, ""name"": ""Documentary""}]",[],[],"[{""english_name"": ""English"", ""iso_639_1"": ""en"", ""name"": ""English""}]","[""US""]",null
185702,And He Just Comes Around and Dances with You,And He Just Comes Around and Dances with You,"An intense, despairing look at obsession and the twisted nature of attraction.",,Released,False,False,2008-08-22,15,0,0,0.075,4.0,1,en,,tt1405755,/zMYiCi7nWx9lQWmvDDRFv2cj25R.jpg,,"[{""id"": 18, ""name"": ""Drama""}]",[],"[{""iso_3166_1"": ""US"", ""name"": ""United States of America""}]","[{""english_name"": ""English"", ""iso_639_1"": ""en"", ""name"": ""English""}]","[""US""]",null
185707,The Walk,Paseo,"A single mother decides to go on a trip from Santiago to the north of Chile with her only son. They are going to meet up with the child's father, a Chilean coalminer, after ten years of separation. The trip is plagued by silence, as the uneasy relationship between mother and son evolves and secrets of the past are brought to the surface, in this poignant tale of broken family ties, where what is left unsaid may carry more meaning than anything spoken.",,Released,False,False,2009-10-23,76,0,0,0.2909,5.0,2,es,,tt1305136,/6PwPQMUPMzCALatlRYQlayRIwIg.jpg,,"[{""id"": 18, ""name"": ""Drama""}]",[],"[{""iso_3166_1"": ""CL"", ""name"": ""Chile""}]","[{""english_name"": ""Spanish"", ""iso_639_1"": ""es"", ""name"": ""Espa\u00f1ol""}]","[""ES""]",null
185705,White Uniform in Rope Hell,団鬼六　白衣縄地獄,"A nurse working at a hospital is looking forward to her marriage with a handsome doctor. But she is open minded as she also is having an affair with a pretty student nurse. One day a former patient invites her to her house. But when she enters it appears that a robbery is taking place. Two masked men grab her, bind her with rope and proceed to violate her repeatedly while photographing the whole ordeal. She is released but is soon blackmailed into returning for intensive B&D training. Can she keep up the premise of a happy marriage without succumbing to depravity of the rope and the lash?",,Released,False,False,1980-05-17,65,0,0,2.3815,4.7,3,ja,https://www.nikkatsu.com/movie/25733.html,tt0287973,/e055rr4yHUiLdyBulN4zz6rnuGa.jpg,/pp0hua4r6CxkICaZA2oSCCrFbGj.jpg,"[{""id"": 27, ""name"": ""Horror""}, {""id"": 18, ""name"": ""Drama""}]","[{""id"": 955, ""logo_path"": ""/5xnXD3PJI1HqOJceSAKZ3fDqO1V.png"", ""name"": ""Nikkatsu Corporation"", ""origin_country"": ""JP""}]","[{""iso_3166_1"": ""JP"", ""name"": ""Japan""}]","[{""english_name"": ""Japanese"", ""iso_639_1"": ""ja"", ""name"": ""\u65e5\u672c\u8a9e""}]","[""JP""]",null
185708,Beauty Rope Cosmetology,団鬼六　美女縄化粧,A wealthy college girl is snatched off the streets by a pair of S&M professionals. They methodically break her will with the extensive use of bondage and erotic devices. But who has hired them and for what perverse reason?,,Released,False,False,1983-12-02,69,0,0,6.0157,3.4,5,ja,,tt0285497,/tazpx4OGUtTxTbNnRfFLXbwyLIl.jpg,/psVpb8HMkQhu4tpdJiBV6CqWyZS.jpg,"[{""id"": 18, ""name"": ""Drama""}]","[{""id"": 955, ""logo_path"": ""/5xnXD3PJI1HqOJceSAKZ3fDqO1V.png"", ""name"": ""Nikkatsu Corporation"", ""origin_country"": ""JP""}]","[{""iso_3166_1"": ""JP"", ""name"": ""Japan""}]","[{""english_name"": ""Japanese"", ""iso_639_1"": ""ja"", ""name"": ""\u65e5\u672c\u8a9e""}]","[""JP""]","{""id"": 1313899, ""name"": ""Onikuro Dan Collection"", ""poster_path"": ""/95MyAtM00m3l4WKZqyZhbyYxEFw.jpg"", ""backdrop_path"": null}"
185709,Ginger Sand,Ginger Sand,"David hosts a potential new fling Brandi, and a definite old friend Eric on the same weekend. A coincidence in scheduling that leads to personality conflict.",,Released,False,False,2008-08-22,9,0,0,0.2013,5.0,1,en,,tt1391888,/jYhAc1KJU68Z9v8W4dIJuYo3v7p.jpg,,"[{""id"": 35, ""name"": ""Comedy""}]","[{""id"": 28341, ""logo_path"": null, ""name"": ""Sawed-Off Collaboratory Productions"", ""origin_country"": """"}]","[{""iso_3166_1"": ""US"", ""name"": ""United States of America""}]","[{""english_name"": ""English"", ""iso_639_1"": ""en"", ""name"": ""English""}]","[""US""]",null
185712,Footprints,Footprints,"When David loses his loyal German shepherd Smokey, he feels all is lost... until Cadie, a dog with a rough past of her own. The two come together, with the help of God's power, to transform their lives in FOOTPRINTS.",,Released,False,False,2011-09-01,0,0,0,0.0382,3.5,2,en,,tt1999159,/mQ1lh9jS6fle9WLh5aHRRAXSXZs.jpg,,"[{""id"": 18, ""name"": ""Drama""}, {""id"": 10751, ""name"": ""Family""}]","[{""id"": 131808, ""logo_path"": null, ""name"": ""New Shepherd Films"", ""origin_country"": """"}]","[{""iso_3166_1"": ""US"", ""name"": ""United States of America""}]",[],"[""US""]",null
185710,Dan Oniroku: Yôen nômen jigoku,団鬼六　妖艶能面地獄,"The story of a high school girl who gets repeatedly abused by her father, but then finds love and comfort in the arms of her older brother.","Tradition or debauchery? A storm of humiliation rages through the village of Inbina!! Her virgin blood spills from her father's cruelty, staining the darkness crimson...",Released,False,False,1988-05-07,72,0,0,1.3905,4.0,3,ja,https://www.nikkatsu.com/movie/26548.html,tt0285504,/8KtNFEg9Hi8qgEao1Gpl950mzWI.jpg,/1T9DbgZGFMBUUcjUVmiDnB2wb7G.jpg,"[{""id"": 18, ""name"": ""Drama""}]","[{""id"": 955, ""logo_path"": ""/5xnXD3PJI1HqOJceSAKZ3fDqO1V.png"", ""name"": ""Nikkatsu Corporation"", ""origin_country"": ""JP""}]","[{""iso_3166_1"": ""JP"", ""name"": ""Japan""}]","[{""english_name"": ""Japanese"", ""iso_639_1"": ""ja"", ""name"": ""\u65e5\u672c\u8a9e""}]","[""JP""]",null
185711,Symphonic Fantasies: Music from Square Enix,Symphonic Fantasies: Music from Square Enix,"Symphonic Fantasies: Music from Square Enix was an award winning symphonic tribute concert held in Cologne, Germany on the September 12, 2009 featuring video game music from Japanese game developer Square Enix. The concert featured symphonic movements based on the Kingdom Hearts series, Secret of Mana, the Chrono series, and the Final Fantasy series. The concert was produced and directed by Thomas Böcker, with arrangements provided by Finnish composer and musician Jonne Valtonen with assistance by Roger Wanamo. The concert was taped and recorded in the Cologne Philharmonic Hall.",,Released,False,False,2009-09-12,120,0,0,0.0608,0.0,0,en,,,,,"[{""id"": 10402, ""name"": ""Music""}]","[{""id"": 14059, ""logo_path"": null, ""name"": ""Merregnon Studios"", ""origin_country"": """"}, {""id"": 10038, ""logo_path"": ""/nCueXKwYIEXrZ5ofqSJBO1YcmRr.png"", ""name"": ""Square Enix"", ""origin_country"": ""JP""}, {""id"": 46, ""logo_path"": ""/3xFdKHLXPGHEbrAkmsepGE8974Y.png"", ""name"": ""WDR"", ""origin_country"": ""DE""}]","[{""iso_3166_1"": ""DE"", ""name"": ""Germany""}]","[{""english_name"": ""German"", ""iso_639_1"": ""de"", ""name"": ""Deutsch""}]","[""US""]",null
185716,Family Tree,Family Tree,Siblings Tim and Lena squabble after he detects her disinterest in his long-term family genealogy project.,,Released,False,False,2009-10-13,10,0,0,0.2897,0.0,0,en,,tt1535521,/tFoXdr77yFk7TFgAFHkR0Ko7sJG.jpg,,"[{""id"": 18, ""name"": ""Drama""}]",[],"[{""iso_3166_1"": ""US"", ""name"": ""United States of America""}]","[{""english_name"": ""English"", ""iso_639_1"": ""en"", ""name"": ""English""}]","[""US""]",null
185713,"I Will, I Will...For Now","I Will, I Will...For Now","Les Bingham takes umbrage that his ex-wife Katie has a new love in life. What he doesn't know is that her new paramour is lawyer Lou Springer. When Katie's sister Sally arrives and tells the two about her new, hip '70s marriage contract, Les and Katie decide to try to get together again under a more liberal marriage contract, like Katie's sister. But, unfortunately for the couple, the contract is planted with the seeds of self-destruction.",They set out to try everything in the book...what happens next you won't find in any book...,Released,False,False,1976-02-18,108,0,0,1.0958,3.0,3,en,,tt0074659,/7H8HoA0W8QXwS2Mm0LIrmDBSKef.jpg,/dlMAUAuZqN8AZZjky1NWeSWjzrN.jpg,"[{""id"": 10749, ""name"": ""Romance""}, {""id"": 35, ""name"": ""Comedy""}]","[{""id"": 6318, ""logo_path"": null, ""name"": ""Brut Productions"", ""origin_country"": """"}]","[{""iso_3166_1"": ""US"", ""name"": ""United States of America""}]","[{""english_name"": ""English"", ""iso_639_1"": ""en"", ""name"": ""English""}]","[""US""]",null
185720,Samoure,Samoure,Thomas has always had a passion about Japanese warriors called Samurai. His uniqueness in a small community of a village in Crete causes conflict. The villagers' attitude towards him is not good and he's not going to stand and take it for much longer.,,Released,False,False,2005-11-27,25,0,0,0.1613,8.1,6,en,,tt0485147,/gkCzsHbf9OkOxLEFO8kNdORsTGE.jpg,/xGOWOAuzMhE9ivTpJbOQtum6FdC.jpg,"[{""id"": 18, ""name"": ""Drama""}]",[],"[{""iso_3166_1"": ""GR"", ""name"": ""Greece""}]","[{""english_name"": ""Greek"", ""iso_639_1"": ""el"", ""name"": ""\u03b5\u03bb\u03bb\u03b7\u03bd\u03b9\u03ba\u03ac""}]","[""US""]",null
185714,Hell of Roses,団鬼六　薔薇地獄,"A third rate photographer and his assistant invite a female college student for some photography but she ends up being violated with bondage and nonconsensual sex instead. Later the photographer hears that his former disciple, who has become well known, is going to marry a sexy popular singer. Feeling jealous he devises a plan to lure the singer away to a remote mountain lodge where he will exact revenge on her body.",,Released,False,False,1980-12-05,65,0,0,3.0315,5.3,9,ja,,tt0286573,/22BqUcfkpFEnS0koQVEORY3Vr2p.jpg,/q3gbS1YAmXlOTGIj2CIhdgDzLWS.jpg,"[{""id"": 18, ""name"": ""Drama""}, {""id"": 27, ""name"": ""Horror""}]","[{""id"": 955, ""logo_path"": ""/5xnXD3PJI1HqOJceSAKZ3fDqO1V.png"", ""name"": ""Nikkatsu Corporation"", ""origin_country"": ""JP""}]","[{""iso_3166_1"": ""JP"", ""name"": ""Japan""}]","[{""english_name"": ""Japanese"", ""iso_639_1"": ""ja"", ""name"": ""\u65e5\u672c\u8a9e""}]","[""JP""]","{""id"": 1313899, ""name"": ""Onikuro Dan Collection"", ""poster_path"": ""/95MyAtM00m3l4WKZqyZhbyYxEFw.jpg"", ""backdrop_path"": null}"
185721,Ted Baryluk's Grocery,Ted Baryluk's Grocery,"Ukrainian-Canadian Ted Baryluk's grocery store has been a fixture in Winnipeg's North End for over 20 years. In this photo study, Ted talks about his store, the customers who have come and gone and the social changes his multicultural neighbourhood has seen. But most of all he wonders what will become of his store after he retires. He hopes his daughter will take over, but she wants to move away. The film is a wistful rendering of a shopkeeper's relationship with his daughter and a fascinating portrait of a neighbourhood and its inhabitants.",,Released,False,False,1982-09-30,11,0,0,0.2851,0.0,0,en,,tt0224226,/pZ9ycQPkPtJ8Cz9wo4OQTxcPvwB.jpg,/1QEvatbpWBz5gvROlXMX8BtpC5H.jpg,"[{""id"": 99, ""name"": ""Documentary""}]","[{""id"": 10473, ""logo_path"": ""/lMUDQZVtg8On4PAW5XFQPaQy6UK.png"", ""name"": ""ONF | NFB"", ""origin_country"": ""CA""}]","[{""iso_3166_1"": ""CA"", ""name"": ""Canada""}]",[],"[""US"", ""CA""]",null
185725,March Comes In Like a Lion,三月のライオン,"The film begins with some Polaroids of a young boy and a young girl. A female voice over tells us who these people are. They are brother and sister, she is seven and he is eight. She goes on to say that when she was seven and he was eight, she told her brother that she would marry him.",,Released,False,False,1991-04-13,118,0,0,1.2814,6.4,21,ja,,tt0105312,/s6EFlxKn22l9pf6W7FxFXYvDQqi.jpg,/utfgiFMbSmmB8AHKGO6EAZL5boq.jpg,"[{""id"": 18, ""name"": ""Drama""}]","[{""id"": 115772, ""logo_path"": null, ""name"": ""Hitoshi Yazaki Group"", ""origin_country"": ""JP""}]","[{""iso_3166_1"": ""JP"", ""name"": ""Japan""}]","[{""english_name"": ""Japanese"", ""iso_639_1"": ""ja"", ""name"": ""\u65e5\u672c\u8a9e""}]","[""JP""]",null
185724,Straight Ahead Until Morning,Tout droit jusqu'au matin,"A sleepwalker decides to paint the town red. In the search of the wild painter, a young night watchman delivers some monologue.",,Released,False,False,1994-01-01,11,0,0,0.1746,4.5,10,fr,,tt0259679,/qmqZzR1HZ7zoEGMHJoGekI2Mz7v.jpg,/bFkpeUwEiSCKxibyP4UkmfVHDpA.jpg,"[{""id"": 18, ""name"": ""Drama""}]","[{""id"": 80377, ""logo_path"": ""/pPNcRQqJ5JF2iHn6NsDAPEQUoss.png"", ""name"": ""GREC"", ""origin_country"": ""FR""}]","[{""iso_3166_1"": ""FR"", ""name"": ""France""}]","[{""english_name"": ""French"", ""iso_639_1"": ""fr"", ""name"": ""Fran\u00e7ais""}]","[""FR""]",null
185727,"Yes, I'm Gary","Yes, I'm Gary","This dramatic/semi-comedic short film is about the painful stresses of an adolescent teen, and the understanding of what appears to be missing when all the while is was right there.  Winner of The Locust Valley Film Festival for best Dramatic short and Audience Choice  Winner of the Manhattan International Film Festival  Official Selection Rimini Film Festival  Nominated: Best Short Film C.W Post Film Festival  Nominated: Albany Film Festival",,Released,False,False,2012-03-22,8,0,0,0.0143,5.2,2,en,,,,,"[{""id"": 18, ""name"": ""Drama""}, {""id"": 35, ""name"": ""Comedy""}]",[],[],[],"[""US""]",null
185726,The Headline Woman,The Headline Woman,"When the daughter of a newspaper publisher is falsely charged with murder, a reporter on her father's paper goes into hiding with her. At first hoping to get an exclusive story, the reporter eventually finds himself falling in love and trying to find the real killer.",,Released,False,False,1935-05-14,71,0,0,0.9756,4.0,4,en,,tt0026458,/ebkD8Iww6hjlOwBM1vSAFqcqdSc.jpg,/kPpbXgsXHEudb696RXZeK9VhIUr.jpg,"[{""id"": 80, ""name"": ""Crime""}, {""id"": 18, ""name"": ""Drama""}]","[{""id"": 4743, ""logo_path"": null, ""name"": ""Mascot Pictures"", ""origin_country"": ""US""}]","[{""iso_3166_1"": ""US"", ""name"": ""United States of America""}]","[{""english_name"": ""English"", ""iso_639_1"": ""en"", ""name"": ""English""}]","[""US""]",null
185736,Love Is Not What It Used to Be,El amor no es lo que era,,,Released,False,False,2013-04-26,90,0,0,0.3092,5.1,14,es,,tt2544864,/4nfljlxkJ5NH4cLitM5epgvMTS.jpg,/r7C8iMpslPdXjPU7qYP8rF0PySP.jpg,"[{""id"": 35, ""name"": ""Comedy""}]","[{""id"": 19975, ""logo_path"": ""/rWi3whMEOlFC2pAW0sgMy0Ynemk.png"", ""name"": ""Tarann\u00e0 Films"", ""origin_country"": ""ES""}]","[{""iso_3166_1"": ""ES"", ""name"": ""Spain""}]","[{""english_name"": ""Spanish"", ""iso_639_1"": ""es"", ""name"": ""Espa\u00f1ol""}]","[""ES""]",null
185738,Stockholm,Stockholm,"The story of the encounter between a boy and a girl. He confesses that he fell in love with her at first sight, but she does not believe him. However, as they walk through the night in Madrid, they share their desires, secrets, and maybe a few little lies. But soon the film brings us back to the harsh reality of power struggles, psychological games and conflicts between the sexes. Stockholm thus offers an incredible reading of the relations between young people today.",,Released,False,False,2013-04-25,90,60000,50000,0.5356,6.2,117,es,http://www.stockholmlapelicula.com/,tt2380207,/72Kl7ve97Uwrgjnpia30VzfwtFM.jpg,/ijpvcY138IqXIYLadDEp8Pe186g.jpg,"[{""id"": 18, ""name"": ""Drama""}, {""id"": 10749, ""name"": ""Romance""}]","[{""id"": 21736, ""logo_path"": ""/p4gIH0sLL5sAPYY5l50s0Q1rPNQ.png"", ""name"": ""Caballo Films"", ""origin_country"": ""ES""}, {""id"": 21737, ""logo_path"": null, ""name"": ""Tourmalet Films"", ""origin_country"": ""ES""}]","[{""iso_3166_1"": ""ES"", ""name"": ""Spain""}]","[{""english_name"": ""Spanish"", ""iso_639_1"": ""es"", ""name"": ""Espa\u00f1ol""}]","[""ES""]",null
185735,La Estrella,La Estrella,"Estrella is a lively girl who works as a cleaner neighborhood and who lives in a modest apartment in Santa Coloma with her boyfriend. His joy and optimism contrasted with adversity around him, especially with the difficult times being experienced co-worker.",,Released,False,False,2013-05-24,95,0,0,0.2533,5.9,14,es,,tt2063704,/zXhiDpSADS4FOMFSQTXTlN4WMkE.jpg,,"[{""id"": 18, ""name"": ""Drama""}, {""id"": 35, ""name"": ""Comedy""}]","[{""id"": 41679, ""logo_path"": null, ""name"": ""Splendor Films"", ""origin_country"": ""IT""}, {""id"": 40817, ""logo_path"": null, ""name"": ""A Contraluz Films"", ""origin_country"": ""ES""}]","[{""iso_3166_1"": ""ES"", ""name"": ""Spain""}]","[{""english_name"": ""Spanish"", ""iso_639_1"": ""es"", ""name"": ""Espa\u00f1ol""}]","[""ES""]",null
185740,The Space Invaders: In Search of Lost Time,The Space Invaders: In Search of Lost Time,"Beginning with Space Invaders in 1978, arcade games began to appear everywhere. By 1982, there were 13,000 dedicated arcade locations across North America. It was the Golden Age of Arcade Games, generating $3.2 billion dollars in 1983. By 1985, revenue had fallen 97%. Atari declared bankruptcy. Arcades closed. Most of the old games were converted or destroyed. A few were packed into warehouses where they remained, largely forgotten, for at least another decade. This is the story of arcade video games, and the generation who grew up in the arcades attempting to collect and preserve their fondest memories.",A Classic Obsession Story,Released,False,False,2012-09-23,98,0,0,0.1185,6.2,4,en,http://www.thespaceinvaders.org/,tt2427898,/y0np1QuVghGiWrJ43FdeSLjSCTz.jpg,/daIegglIsdKT101Hd4LOoDS6gy7.jpg,"[{""id"": 99, ""name"": ""Documentary""}]","[{""id"": 72318, ""logo_path"": null, ""name"": ""Wooden Horse Productions"", ""origin_country"": ""US""}]","[{""iso_3166_1"": ""US"", ""name"": ""United States of America""}]","[{""english_name"": ""English"", ""iso_639_1"": ""en"", ""name"": ""English""}]","[""US""]",null
185741,Two Graves To Kung Fu,沖天炮,"Serving time for a crime he has been framed for, a young martial arts student finds out that the men who set him up have also killed his instructor. To avenge this crime, he must make a break from the pen...",,Released,False,False,1974-09-05,92,0,0,0.668,4.0,1,zh,,tt7705702,/aRcXTpIp0I7pwPDawPLo8uIjS3E.jpg,,"[{""id"": 28, ""name"": ""Action""}]","[{""id"": 4159, ""logo_path"": null, ""name"": ""Goldig Films (H.K.) Ltd."", ""origin_country"": ""HK""}]","[{""iso_3166_1"": ""HK"", ""name"": ""Hong Kong""}]","[{""english_name"": ""Mandarin"", ""iso_639_1"": ""zh"", ""name"": ""\u666e\u901a\u8bdd""}]","[""HK""]",null
185744,Amy Schumer: Mostly Sex Stuff,Amy Schumer: Mostly Sex Stuff,"A ratings hit! Amy Schumer debuts her one-hour special in front of a live audience at the Historic Fillmore Theatre in San Francisco. Nothing is off limits as Schumer airs every hilarious, messed up detail of her dating and sex life, from encounters with unexpected body parts to hate-filled personal grooming appointments. In her matter-of-fact raunchy style, at odds with her self-described ""Cabbage Patch Kid"" appearance, Schumer tells stories of a boyfriend who makes dirty requests over dinner, the way she outsmarts her birth control, and a shocking ending to a seemingly innocent cab ride.",,Released,False,False,2012-08-18,60,0,0,0.4649,5.9,54,en,,tt2346046,/uG7J72qZo8fUht8wE6xzjhzVjVi.jpg,/qt1lnJE9uGmtgh1NN36eBQSkjzi.jpg,"[{""id"": 35, ""name"": ""Comedy""}]","[{""id"": 1538, ""logo_path"": ""/1y7qNFwczl2zZS62Hrlw6dsAwgR.png"", ""name"": ""Comedy Central"", ""origin_country"": ""US""}]","[{""iso_3166_1"": ""US"", ""name"": ""United States of America""}]","[{""english_name"": ""English"", ""iso_639_1"": ""en"", ""name"": ""English""}]","[""US""]",null
185745,Allein unter Schülern,Allein unter Schülern,,,Released,False,False,2009-09-08,0,0,0,0.2996,7.5,4,de,,tt1494616,/lZZoarfM4KQGTLjlIPgmXgG8zCW.jpg,/mUK4rx0uH3euemtlJgtfFWZJ5M4.jpg,"[{""id"": 35, ""name"": ""Comedy""}]",[],"[{""iso_3166_1"": ""DE"", ""name"": ""Germany""}]","[{""english_name"": ""German"", ""iso_639_1"": ""de"", ""name"": ""Deutsch""}]","[""DE""]","{""id"": 426474, ""name"": ""Allein unter \u2026 Filmreihe"", ""poster_path"": null, ""backdrop_path"": null}"
185752,Death in the Sun,Der flüsternde Tod,A colonial police officer in Rhodesia hunts down the albino terrorist who raped and murdered his fiancee.,From these hunters..there is no escape!!,Released,False,False,1976-03-15,97,0,0,1.0145,3.7,9,de,,tt0074108,/qsen8yrEKiQqE5uwhNuj4tgGHOf.jpg,/vLzbObKtRc3Wk1pxuIGhF50gJWh.jpg,"[{""id"": 12, ""name"": ""Adventure""}, {""id"": 28, ""name"": ""Action""}, {""id"": 27, ""name"": ""Horror""}]","[{""id"": 1328, ""logo_path"": null, ""name"": ""Eichberg-Film"", ""origin_country"": ""DE""}, {""id"": 73485, ""logo_path"": null, ""name"": ""Lord Film Produktion"", ""origin_country"": """"}]","[{""iso_3166_1"": ""DE"", ""name"": ""Germany""}, {""iso_3166_1"": ""ZW"", ""name"": ""Zimbabwe""}, {""iso_3166_1"": ""GB"", ""name"": ""United Kingdom""}, {""iso_3166_1"": ""ZA"", ""name"": ""South Africa""}]","[{""english_name"": ""German"", ""iso_639_1"": ""de"", ""name"": ""Deutsch""}, {""english_name"": ""English"", ""iso_639_1"": ""en"", ""name"": ""English""}, {""english_name"": ""Shona"", ""iso_639_1"": ""sn"", ""name"": """"}]","[""DE"", ""GB""]",null
185746,I'm Losing You,I'm Losing You,"Based on Bruce Wagner's best selling novel, ""I'm Losing You"" is the gripping tale of a wealthy Los Angeles family and their journey from profound loss to love, hope and redemption. On the verge of his 60th birthday, patriarch and TV producer Perry Krohn is diagnosed with inoperable cancer and is told he has only months left to live. He delays telling his thirtysomething children, has-been actor Bertie and adopted daughter Rachel.",,Released,False,False,1998-09-16,100,0,0,1.6687,4.7,12,en,,tt0142393,/5tPU4WRaMp03Wta6wH9ukCbTF1m.jpg,/fhrTVRMauwECxH73hCTkAI7BDkI.jpg,"[{""id"": 18, ""name"": ""Drama""}]","[{""id"": 35, ""logo_path"": ""/wxrHa3nZ1K4zo65p56991INkGo6.png"", ""name"": ""Lions Gate Films"", ""origin_country"": ""US""}, {""id"": 1422, ""logo_path"": ""/rIB6DuimR1qgLE14cBwpMABC2xx.png"", ""name"": ""Killer Films"", ""origin_country"": ""US""}]","[{""iso_3166_1"": ""US"", ""name"": ""United States of America""}]","[{""english_name"": ""English"", ""iso_639_1"": ""en"", ""name"": ""English""}]","[""US""]",null
185755,The Taking,The Taking,Two strangers must discover a way to escape a sinister family who wishes to sacrifice their souls to an evil presence.,,Released,False,False,2013-04-12,77,13000,0,0.0891,2.5,33,en,,tt2459028,/plZoBNIJxhuf8DOBRgYZlGauXoG.jpg,,"[{""id"": 27, ""name"": ""Horror""}, {""id"": 53, ""name"": ""Thriller""}]","[{""id"": 54393, ""logo_path"": null, ""name"": ""BAPart Films"", ""origin_country"": """"}]","[{""iso_3166_1"": ""US"", ""name"": ""United States of America""}]","[{""english_name"": ""English"", ""iso_639_1"": ""en"", ""name"": ""English""}]","[""US""]",null
185753,The Money Fix,The Money Fix,"Money is at the intersection of nearly every aspect of modern life. Most of us take the monetary system for granted, but it has a profound and largely misunderstood influence on our lives.  THE MONEY FIX is a feature-length documentary exploring our society’s relationship with the almighty dollar.",A Documentary for Monetary Reform,Released,False,False,2008-01-01,79,0,0,0.2287,7.0,1,en,http://www.themoneyfix.org/,tt1341749,/dYtiCYbB7zc4sgPGbOJXGryeh9F.jpg,,"[{""id"": 99, ""name"": ""Documentary""}]",[],"[{""iso_3166_1"": ""US"", ""name"": ""United States of America""}]",[],"[""US""]",null
185756,Heroes' Mountain,Heroes' Mountain,"The story of Stuart Diver, the only person to survive the 1997 Thredbo tragedy that came about when a landslide engulfed a ski lodge situated in Australia's Snowy Mountains.",,Released,False,True,2002-03-10,98,0,0,0.4677,2.8,2,en,,tt0294617,/yTs1cQ9XyBrII2okjlxTJSNfDkd.jpg,,"[{""id"": 53, ""name"": ""Thriller""}, {""id"": 18, ""name"": ""Drama""}]","[{""id"": 137499, ""logo_path"": null, ""name"": ""Columbia TriStar Productions Pty. Ltd."", ""origin_country"": """"}]","[{""iso_3166_1"": ""AU"", ""name"": ""Australia""}]","[{""english_name"": ""English"", ""iso_639_1"": ""en"", ""name"": ""English""}]","[""US"", ""AU""]",null
185766,Shave It,Shave It,"In the wilderness of the forests where giant bulldozers are tearing apart the woods there is a monkey that accidentally finds a shaving machine and decides to use it. Spontaneously disguised as a human being, he moves out to the city and starts a career. After a stunning success in business, he understands the need of gaining political power. Not too long after, he becomes the president. Now he is ready to make a change.",,Released,False,False,2012-07-26,4,0,0,0.1885,6.2,4,en,http://www.3dar.com/the-work/shave-it/,tt2387786,/5Udb4NhvKYSMP6ft1LFLmrU4IRO.jpg,,"[{""id"": 14, ""name"": ""Fantasy""}, {""id"": 16, ""name"": ""Animation""}]","[{""id"": 69170, ""logo_path"": ""/bjmOEX6zgWysR6DiHHcNndRpVsP.png"", ""name"": ""3dar"", ""origin_country"": ""AR""}]","[{""iso_3166_1"": ""AR"", ""name"": ""Argentina""}]",[],"[""US""]",null
185764,Perry Rhodan - Unser Mann im All,Perry Rhodan - Unser Mann im All,"Documentary about the cult figure of German science fiction literature, Perry Rhodan, as well as its creators and lovers.",,Released,False,False,2011-09-01,94,0,0,0.0559,0.0,0,de,,tt2009550,/eP3zFfRUyjU9egJKiyQbRl5z675.jpg,/c7TNHr7oS4cNGouqPaP36K2j3Nl.jpg,"[{""id"": 99, ""name"": ""Documentary""}]",[],"[{""iso_3166_1"": ""DE"", ""name"": ""Germany""}]","[{""english_name"": ""German"", ""iso_639_1"": ""de"", ""name"": ""Deutsch""}]","[""DE""]",null
185763,The Praying Mantis,Die Gottesanbeterin,"Trixi Jancik leads a risky double life. At home, she is an obedient housewife. But when she puts on a disguise and goes to the racetrack to indulge in her secret passion, she catches a glimpse of a better life. Although she blows her grocery money, she has tasted the kind of luxury she can normally only dream about. A minor squabble at home brings the situation to a head and marks a turning point in her life: Trixi fixes her husband a lethal cocktail of pills.",,Released,False,False,2001-03-08,93,0,0,0.54,6.5,2,de,,tt0257727,/yTXvursrWroWOqmaa7MJHKS2oJy.jpg,,"[{""id"": 53, ""name"": ""Thriller""}, {""id"": 35, ""name"": ""Comedy""}]","[{""id"": 3391, ""logo_path"": ""/t0QBs2fI3mE3HxgoH1n39bYuzNu.png"", ""name"": ""ORF"", ""origin_country"": ""AT""}, {""id"": 404, ""logo_path"": null, ""name"": ""Allegro Film"", ""origin_country"": ""AT""}]","[{""iso_3166_1"": ""AT"", ""name"": ""Austria""}]","[{""english_name"": ""German"", ""iso_639_1"": ""de"", ""name"": ""Deutsch""}]","[""DE"", ""AT""]",null
185761,Avalanche Alley,Avalanche Alley,Snow threatens to engulf a small ski resort after snowboarders accidentally trigger a series of avalanches.,,Released,False,False,2001-06-30,90,0,0,0.4466,4.4,7,de,,tt0289079,/rBh1lraA5kYDaOLuyofRxwN6C3n.jpg,/ehAxAoMUqQpMZH2godcLZ4wMedQ.jpg,"[{""id"": 53, ""name"": ""Thriller""}, {""id"": 28, ""name"": ""Action""}]",[],"[{""iso_3166_1"": ""CA"", ""name"": ""Canada""}]","[{""english_name"": ""English"", ""iso_639_1"": ""en"", ""name"": ""English""}, {""english_name"": ""Russian"", ""iso_639_1"": ""ru"", ""name"": ""P\u0443\u0441\u0441\u043a\u0438\u0439""}]","[""CA"", ""DE""]",null
185769,Perpetual Motion,Transworld: Perpetual Motion,The 25th video by Transworld Skateboarding.,,Released,False,False,2013-03-31,38,0,0,0.0725,0.0,0,en,http://skateboarding.transworld.net/perpetual-motion/,,/mTRgOSEJ5sabIHpgVlCn1YCYSJE.jpg,,"[{""id"": 99, ""name"": ""Documentary""}]",[],"[{""iso_3166_1"": ""US"", ""name"": ""United States of America""}]",[],"[""US""]",null
185768,Boycrazy,Boycrazy,"Love never sounded so good, until Corey must decide between two love interests and whether he wants to give up the joys of the single life.",,Released,False,False,2009-01-26,25,0,0,0.0286,4.2,10,en,,tt1374841,/oyULeMy8vo5nihZioOC6kTaWLA.jpg,/tdbAZryQIpXSU6HXA6025wogRC2.jpg,"[{""id"": 10402, ""name"": ""Music""}]",[],[],"[{""english_name"": ""English"", ""iso_639_1"": ""en"", ""name"": ""English""}]","[""US""]",null
185775,Turbulence,Estorvo,"After a restless night he is awoken by his doorbell insistently ringing. Through the peephole, he sees a stranger. He doesn't know why that man is there but is immediately certain of one thing: he represents a terrible threat. He quickly dresses and manages to sneak away, no doubt in his mind that the stranger is pursuing him, and that the nightmare has only just begun.","I'm not entering anywhere, but I'm leaving everywhere",Released,False,False,2000-05-13,95,0,0,0.3794,5.5,4,pt,,tt0189509,/AtxFNjb7XV56xQkF7Isu4TvUBsV.jpg,/7nqa4JZdCRz83n2WzhNGtR1hyni.jpg,"[{""id"": 18, ""name"": ""Drama""}]","[{""id"": 16387, ""logo_path"": null, ""name"": ""Skylight Cinema Foto Art"", ""origin_country"": ""BR""}, {""id"": 63012, ""logo_path"": null, ""name"": ""BigDeni Filmes"", ""origin_country"": ""BR""}, {""id"": 195985, ""logo_path"": null, ""name"": ""D&D Audiovisuais"", ""origin_country"": """"}, {""id"": 265722, ""logo_path"": null, ""name"": ""Filmes Da Serra"", ""origin_country"": """"}, {""id"": 5175, ""logo_path"": ""/sEc4VmMYh1G09ySm8ThZ5S3gcUS.png"", ""name"": ""ICAIC"", ""origin_country"": ""CU""}, {""id"": 40994, ""logo_path"": ""/kyl2LrS9dGnBcJRLx6ST2Qsaxan.png"", ""name"": ""RioFilme"", ""origin_country"": ""BR""}, {""id"": 8429, ""logo_path"": ""/oFafSWR98EUPZ0KJeRDB6ZJ84Ty.png"", ""name"": ""TV Cultura"", ""origin_country"": ""BR""}]","[{""iso_3166_1"": ""CU"", ""name"": ""Cuba""}, {""iso_3166_1"": ""BR"", ""name"": ""Brazil""}, {""iso_3166_1"": ""PT"", ""name"": ""Portugal""}]","[{""english_name"": ""Portuguese"", ""iso_639_1"": ""pt"", ""name"": ""Portugu\u00eas""}]","[""BR""]",null
185777,I Gotta Go!,I Gotta Go!,"Whether or not this catchy 10-song music video will inspire your tot to master the potty, it will certainly provide 24 minutes of happy diversion. There are no preachy stories here. In fact there's no talking at all until a pediatrician and a producer (and mommy of three) make their appearances for less than five minutes at the end. Before that it's singing and dancing by bigger kids, potty-sitting by the youngsters, a diaper-wearing chimp doing both, and cartoon interludes. The songs address all aspects of potty training from washing hands, to sticker rewards, to toilet-training's role as a rite of passage. The reggae-drenched ""Bye Bye Diapers, Hello Fun"" and ""Me Potty Wotty"" are infectious and the rap-infused ""I Have the Power"" is positively soulful. By sticking with big kids as the inspiration rather than adults, this program may just inspire little ones to get on the potty--or at least get up and dance. (Ages 1 and older) --Kimberly Heinrichs",A Must-Have for Every Stage of Potty Training,Released,False,False,,30,0,0,0.0,0.0,0,en,,,,,[],[],[],[],"[""US""]",null
185778,Rock 'N Learn: Phonics Easy Readers,Rock 'N Learn: Phonics Easy Readers,"Children ages 6 and up can teach themselves to read with a self-paced, kid-friendly program that has twelve entertaining stories that employ fun characters and build in sequence from the simple to the more complex. Kids have time to read each screen before hearing a voice read the highlighted words. In addition to community library children's multi-media collections, these titles (Alphabet Circus Video, Nursery Rhymes Video, Getting Ready for Kindergarten Video, and Phonics Easy Readers on DVD) are very highly recommended supplements for preschool, daycare, home schooling, and traditional curriculums. --Children's Bookwatch, September 2005",,Released,False,False,,42,0,0,0.047,0.0,0,en,,,,,"[{""id"": 16, ""name"": ""Animation""}]",[],[],[],"[""US""]",null
185783,Maisy: Animals,Maisy: Animals,"Join Maisy the colourful lovable mouse and her friends for fun and adventures. Maisy enjoys a fun packed day on the farm, helped by her friend the little black cat. She collects eggs from the chickens, rides a horse and feeds the geese and then she takes her tractor to muck out the pigs and the lambs before tucking everyone up in bed for the night.",,Released,False,True,1998-06-01,57,0,0,0.0,0.0,0,en,,,,,[],[],[],[],"[""US""]",null
185759,"Our Friend, Martin","Our Friend, Martin",Two teens are sent back in time to meet Martin Luther King Jr. at several points during his life.,"A Magical Movie Adventure Inspired by the Life of Martin Luther King, Jr.",Released,False,False,1999-01-12,61,0,0,1.1723,6.9,13,en,,tt0248271,/5WhkknRYC5go1IUXtcsL0V7ZsEL.jpg,/R7My0PIdBjiZVObhHFyq8tKUmL.jpg,"[{""id"": 18, ""name"": ""Drama""}, {""id"": 10751, ""name"": ""Family""}, {""id"": 16, ""name"": ""Animation""}, {""id"": 878, ""name"": ""Science Fiction""}, {""id"": 36, ""name"": ""History""}]","[{""id"": 18524, ""logo_path"": null, ""name"": ""Intellectual Properties Worldwide"", ""origin_country"": """"}, {""id"": 20477, ""logo_path"": ""/u0zjebYOFWdLcpR4hxE8o2zwHKQ.png"", ""name"": ""DiC Entertainment"", ""origin_country"": ""US""}]","[{""iso_3166_1"": ""US"", ""name"": ""United States of America""}, {""iso_3166_1"": ""TW"", ""name"": ""Taiwan""}, {""iso_3166_1"": ""KR"", ""name"": ""South Korea""}, {""iso_3166_1"": ""GB"", ""name"": ""United Kingdom""}]","[{""english_name"": ""English"", ""iso_639_1"": ""en"", ""name"": ""English""}]","[""US""]",null
185780,Юрий Гагарин. Секретный отчет 13 апреля 1961,Юрий Гагарин. Секретный отчет 13 апреля 1961,,,Released,False,False,1991-11-29,0,0,0,0.0,0.0,0,ru,,,,,[],[],[],[],"[""SU""]",null
185786,Gauravam,கௌரவம்,"Rajinikanth, a veteran lawyer aspires to become the judge. But, the bar council promotes an undeserving lawyer to the post. Enraged by the system, he tries to seek his revenge by defending a murderer.",,Released,False,False,1973-10-25,136,0,0,0.464,6.7,2,ta,,tt0369447,/eGysRd8ngrIqZnKiKzZE8gBrU5W.jpg,,"[{""id"": 18, ""name"": ""Drama""}, {""id"": 10751, ""name"": ""Family""}]","[{""id"": 103502, ""logo_path"": null, ""name"": ""vietnam movies"", ""origin_country"": """"}]","[{""iso_3166_1"": ""IN"", ""name"": ""India""}]","[{""english_name"": ""Tamil"", ""iso_639_1"": ""ta"", ""name"": ""\u0ba4\u0bae\u0bbf\u0bb4\u0bcd""}]","[""IN""]",null
185790,An Anthropological Television Myth,Un mito antropologico televisivo,"An Anthropological Television Myth is a gloriously jagged collage of fragments culled from an independent Sicilian TV station's output in the mid-90s – the period just before the 'Berlusconi era'. But whereas the Milanese media mogul's spells as president were notable for the cynical degradation of his nation's television output, with its bawdy game-shows earning much overseas derision, the small broadcaster showcased here evidently foregrounded and documented local grass-roots political shenanigans.  With no commentary or captions, the film plunges us into a lively day-before-yesterday epoch when the authorities' battles with the Mafia produced an atmosphere akin to Civil War on the streets. Virtuouso editing knits together a dizzyingly wide range of sights and sounds that consistently fascinate and impress.",,Released,False,False,2011-11-30,54,0,0,0.0214,6.3,3,it,,tt2356370,/cJhvQD3LYZaVQlEtc98FJtNTOZu.jpg,,"[{""id"": 99, ""name"": ""Documentary""}]",[],"[{""iso_3166_1"": ""IT"", ""name"": ""Italy""}]","[{""english_name"": ""Italian"", ""iso_639_1"": ""it"", ""name"": ""Italiano""}]","[""IT""]",null
185787,Gouravam,గౌరవం,"Arjun begins a search for Shankar, his friend who had eloped with his lover from his village, and uncovers shocking truths...",,Released,False,False,2013-04-18,136,0,0,0.0317,7.8,3,te,,tt2877084,/oRUqykGO0jOHoAgG0uPXWN21JUH.jpg,/zQNn9AmPMud7ret3vHSMRoykCvj.jpg,"[{""id"": 18, ""name"": ""Drama""}, {""id"": 10751, ""name"": ""Family""}]","[{""id"": 11878, ""logo_path"": null, ""name"": ""Duet Movies"", ""origin_country"": """"}]","[{""iso_3166_1"": ""IN"", ""name"": ""India""}]","[{""english_name"": ""Telugu"", ""iso_639_1"": ""te"", ""name"": ""\u0c24\u0c46\u0c32\u0c41\u0c17\u0c41""}]","[""IN""]",null
185791,Citadel,Ciudadela,"In the San Pedro male prison of La Paz, Bolivia, 1500 prisoners coexist in a space originally designed for only 300 nuns. Inside, it is like a small city, with businesses and services abound. The prisoners make their living inside the enclosure as they would outside. There is a strong self-organization that plans every-body's lives. As if it weren't enough, there are hundreds of women, wives of the inmates, and almost 300 children, who chose to share their captivity. They are non-convicted beings that accepted living behind bars with the only purpose of preserving a united family. The documentary shows the life of a family inside the jail of La Paz.",,Released,False,False,2012-10-22,48,0,0,0.0143,2.0,1,es,,tt2432910,/iUfQoOAhrzU3IotVonQb1TQbvTC.jpg,,"[{""id"": 99, ""name"": ""Documentary""}]",[],"[{""iso_3166_1"": ""BO"", ""name"": ""Bolivia""}]","[{""english_name"": ""Spanish"", ""iso_639_1"": ""es"", ""name"": ""Espa\u00f1ol""}]","[""ES""]",null
185794,Guns N' Roses: Use Your Illusion World Tour – 1992 in Tokyo I,Guns N' Roses: Use Your Illusion World Tour – 1992 in Tokyo I,"Filmed live at Tokyo Dome, Japan, on 22 February 1992, during the Japanese leg of the Use Your Illusion tour.  Originally released in 1992 over two volumes on VHS by Geffen Home Video and later on DVD.",,Released,False,True,1992-12-08,90,0,0,0.4914,9.0,4,en,,,/rnlGpJPBJ2HLBspvINZdMHFw73N.jpg,/eFSa0EkXYyAuinAU7mVGkeWmJFC.jpg,"[{""id"": 10402, ""name"": ""Music""}]","[{""id"": 159039, ""logo_path"": null, ""name"": ""Multicom City"", ""origin_country"": """"}, {""id"": 46238, ""logo_path"": null, ""name"": ""Geffen Home Video"", ""origin_country"": ""US""}]","[{""iso_3166_1"": ""JP"", ""name"": ""Japan""}, {""iso_3166_1"": ""US"", ""name"": ""United States of America""}]","[{""english_name"": ""English"", ""iso_639_1"": ""en"", ""name"": ""English""}]","[""US""]",null
185796,'Weird Al' Yankovic: Live!,'Weird Al' Yankovic: Live!,"He's pop music's legendary and premier satirist ""Weird Al"" Yankovic (you can call him Al) and he's been amazing audiences for many years with his hilarious and electrifying live performances.  Now for the first time, this two-time Grammy award winner's show has been captured for the ages with ""Weird Al"" Yankovic - Live!",,Released,False,True,1999-11-23,80,0,0,0.3014,0.0,0,en,,tt0291691,/epYGfGWwfcmFWEK84BIGcSK0PEK.jpg,,"[{""id"": 10402, ""name"": ""Music""}, {""id"": 35, ""name"": ""Comedy""}, {""id"": 99, ""name"": ""Documentary""}]",[],"[{""iso_3166_1"": ""US"", ""name"": ""United States of America""}]","[{""english_name"": ""English"", ""iso_639_1"": ""en"", ""name"": ""English""}]","[""US""]",null
185799,Angra: Rebirth World Tour,Angra: Rebirth World Tour,"Angra: Rebirth World Tour movie was released Aug 26, 2006 by the Creative Sounds studio. Angra releases this live DVD recorded in their native Sao Paulo, Brazil after coming off the successful release of their comeback CD Rebirth.",,Released,False,False,2002-01-15,0,0,0,0.0261,5.8,3,en,,,/hFFzVoiCzU3YtYU5t6C1HNmciGY.jpg,,"[{""id"": 10402, ""name"": ""Music""}]",[],[],"[{""english_name"": ""English"", ""iso_639_1"": ""en"", ""name"": ""English""}, {""english_name"": ""Portuguese"", ""iso_639_1"": ""pt"", ""name"": ""Portugu\u00eas""}]","[""US""]",null
185806,Biohazard: Dynamo Open Air,Biohazard: Dynamo Open Air,"Biohazard Setlist at Dynamo Open Air 1995,  recorded at the Vliegbasis Welschap, Eindhoven, Netherlands",,Released,False,False,1995-09-23,0,0,0,0.0,0.0,0,en,,,,,[],[],[],[],"[""US""]",null
185802,Советский космос: четыре короля,Советский космос: четыре короля,,,Released,False,False,,0,0,0,0.0,0.0,0,ru,,,,,"[{""id"": 99, ""name"": ""Documentary""}]",[],[],[],"[""RU""]",null
185804,Behemoth: Live in Hovefestivalen 2008,Behemoth: Live in Hovefestivalen 2008,Behemoth captured live on stage in Hovefestivalen 2008.,,Released,False,False,2008-04-13,0,0,0,0.0143,0.0,0,en,,,,,[],[],[],[],"[""US""]",null
185807,Flesh of Morning,Flesh of Morning,"Short B/W film about the textures of the human skin and household objects, showing Brakhage in the morning as reality distorts around him. Revised in 1986.",,Released,False,False,1956-01-06,22,0,0,0.0239,4.2,4,en,,tt0218255,/d8Tq6W7vhee4JI9CIrih0z0RmRs.jpg,,[],[],"[{""iso_3166_1"": ""US"", ""name"": ""United States of America""}]","[{""english_name"": ""No Language"", ""iso_639_1"": ""xx"", ""name"": ""No Language""}]","[""US""]",null
185808,The Many Faces of Chika,またの日の知華,"When her husband is hospitalized with tuberculosis, Chika has a series of three  relationships: with a teacher in her hometown, with a student in Tokyo, and with an aging gangster.",,Released,False,False,2005-01-05,114,0,0,1.5976,0.0,0,ja,,tt0477774,/wSWXj5tljypcR80e1Ma6jB73nZj.jpg,/qRkvKzFvyi7j9MhM8RIhMLwgtjq.jpg,"[{""id"": 18, ""name"": ""Drama""}]",[],"[{""iso_3166_1"": ""JP"", ""name"": ""Japan""}]","[{""english_name"": ""Japanese"", ""iso_639_1"": ""ja"", ""name"": ""\u65e5\u672c\u8a9e""}]","[""JP""]",null
185809,Tintarella di Luna,Tintarella di Luna,"After a volcanic eruption, a small village from which no one can escape. The plague spreads, and among the survivors, famine rules. For a piece of bread, Charlotte sleeps with the grocer. Night is falling. At the top of a hill, someone is watching.",,Released,False,False,1985-01-01,18,0,0,0.4285,5.3,15,fr,,tt0811111,/vTVZNpYalcdUPTexvlMvR8oYjbD.jpg,/Z3mDidCl1LSmw0XU9YbA250QbW.jpg,"[{""id"": 878, ""name"": ""Science Fiction""}, {""id"": 18, ""name"": ""Drama""}, {""id"": 9648, ""name"": ""Mystery""}]","[{""id"": 76512, ""logo_path"": null, ""name"": ""Les Productions Nocturnes"", ""origin_country"": """"}]","[{""iso_3166_1"": ""FR"", ""name"": ""France""}]","[{""english_name"": ""French"", ""iso_639_1"": ""fr"", ""name"": ""Fran\u00e7ais""}]","[""FR""]",null
185815,Intoxication,Intoxication,"Short documentary by Gaspar Noé filmed around the the same time as Irréversible (in 16mm Scope), in which his friend Stéphane Drouot, the director of the cult film ""La Banlieue des Étoiles / Star Suburb"",  discusses his life with AIDS and struggles to make films.",,Released,False,False,2002-06-01,5,0,0,0.4244,5.8,16,fr,,tt1930364,/plfvGqiUg09KiCgLKYyb2W78y3c.jpg,/8E6lTSwFQnLPAJiXsKcgstLi9Ti.jpg,"[{""id"": 99, ""name"": ""Documentary""}, {""id"": 18, ""name"": ""Drama""}]","[{""id"": 1157, ""logo_path"": ""/2MXuq4DGo1GhjavHHxPlsWrtyD.png"", ""name"": ""Les Cin\u00e9mas de la Zone"", ""origin_country"": ""FR""}]","[{""iso_3166_1"": ""FR"", ""name"": ""France""}]","[{""english_name"": ""French"", ""iso_639_1"": ""fr"", ""name"": ""Fran\u00e7ais""}]","[""FR""]",null
185819,Mobile Men,Mobile Men,"A joyful shot recorded by Weerasethakul himself and two young men who become acquainted by filming each other in the back of a moving pickup truck. Though seemingly playful, the short film is a subtle portrait of migrant workers in the north of Thailand.",,Released,False,False,2008-10-22,4,0,0,0.3456,6.0,3,th,,,/3PZ8osyj9BCx0dJMMNbaFGdbUQp.jpg,/bdDVtw2xDToRvio9IBdAWq73zCa.jpg,"[{""id"": 99, ""name"": ""Documentary""}]","[{""id"": 75131, ""logo_path"": null, ""name"": ""Art for the World"", ""origin_country"": """"}]","[{""iso_3166_1"": ""TH"", ""name"": ""Thailand""}]","[{""english_name"": ""Thai"", ""iso_639_1"": ""th"", ""name"": ""\u0e20\u0e32\u0e29\u0e32\u0e44\u0e17\u0e22""}]","[""TH""]",null
185826,Fox Bay,La baie du renard,"A cliff overhanging the sea. A teenager's silouhette between the rocks. He is watchng the entrance of a luxurious yatch in the bay. On board is a couple, they seem happy. They are dropping the anchor in the cove. The young woman is very beautiful. The teenager is spying on her as night is falling. An obvious emotion has grown in him. What will he do at night? He looks so powerless and envious.",,Released,False,False,2009-05-21,12,0,0,0.2208,6.0,1,fr,,tt1451394,,,"[{""id"": 18, ""name"": ""Drama""}]",[],"[{""iso_3166_1"": ""FR"", ""name"": ""France""}]","[{""english_name"": ""French"", ""iso_639_1"": ""fr"", ""name"": ""Fran\u00e7ais""}]","[""FR""]",null
185818,A Hypnotic Television Experience,Une Expérience d'Hypnose Télévisuelle,"A shortfilm directed for Canal + TV Show ""L'Œil du Cyclone"", Episode 74.  ""What interests me is the hypnotic trance in which one can plunge a viewer. When you make a film and it works, you're like a shaman, a hypnotist.""",,Released,False,False,1994-01-01,27,0,0,0.5013,5.4,11,en,,tt0344511,/kpjSA1MlM5HWvzA6GoPgyndfg6q.jpg,/35VuGcwlyG5WiYVqPrrcEQJz26U.jpg,"[{""id"": 99, ""name"": ""Documentary""}, {""id"": 14, ""name"": ""Fantasy""}]",[],"[{""iso_3166_1"": ""FR"", ""name"": ""France""}]","[{""english_name"": ""French"", ""iso_639_1"": ""fr"", ""name"": ""Fran\u00e7ais""}]","[""FR""]",null
185824,Luminous People,Luminous People,"A recreation of an event to commemorate the presence of the dead and the decayed memories of the living, of filmmaking",,Released,False,False,2007-05-23,16,0,0,0.2131,0.0,0,th,,,/5rKcf4gcdjIiCCLuOslBkVdaaAL.jpg,,"[{""id"": 99, ""name"": ""Documentary""}]","[{""id"": 10447, ""logo_path"": null, ""name"": ""Funda\u00e7\u00e3o Calouste Gulbenkian"", ""origin_country"": """"}, {""id"": 16646, ""logo_path"": ""/eFtgxfMp7vRzV20NdcQ899jP2Ji.png"", ""name"": ""LX Filmes"", ""origin_country"": ""PT""}, {""id"": 59665, ""logo_path"": null, ""name"": ""Kick the Machine"", ""origin_country"": ""TH""}]","[{""iso_3166_1"": ""PT"", ""name"": ""Portugal""}, {""iso_3166_1"": ""TH"", ""name"": ""Thailand""}]","[{""english_name"": ""Thai"", ""iso_639_1"": ""th"", ""name"": ""\u0e20\u0e32\u0e29\u0e32\u0e44\u0e17\u0e22""}]","[""TH""]","{""id"": 713832, ""name"": ""The State of the World"", ""poster_path"": null, ""backdrop_path"": null}"
185827,A Dedicated Life,全身小説家,"A profile of the controversial novelist Mitsuharu Inoue, filmed during the last years of his life.",,Released,False,False,1994-09-22,157,0,0,0.4073,5.2,4,ja,,tt0109586,/9iV2zilER4WFzngjskiFWmhL195.jpg,,"[{""id"": 99, ""name"": ""Documentary""}]","[{""id"": 13569, ""logo_path"": null, ""name"": ""Shisso Production"", ""origin_country"": ""JP""}]","[{""iso_3166_1"": ""JP"", ""name"": ""Japan""}]","[{""english_name"": ""Japanese"", ""iso_639_1"": ""ja"", ""name"": ""\u65e5\u672c\u8a9e""}]","[""JP""]",null
185828,"La peur, petit chasseur","La peur, petit chasseur","A child waits in silence in the quiet of his home garden, in the deep countryside, alongside with his German Shepherd. He looks for his mother, looks around, checks in a shed, until he sees her leaving the house. But it’s as if she doesn’t see him. Something soon brings her back into the house, and the child is left alone with his nightmares.",,Released,False,False,2004-06-12,9,0,0,0.1024,6.0,3,fr,,tt0422948,/iHCA5W6fbwiQ1CxPFUkNmzM8V1T.jpg,,"[{""id"": 18, ""name"": ""Drama""}]",[],"[{""iso_3166_1"": ""FR"", ""name"": ""France""}]","[{""english_name"": ""French"", ""iso_639_1"": ""fr"", ""name"": ""Fran\u00e7ais""}]","[""FR""]",null
185832,Merry Christmas,聖誕快樂,"A widower named Baldy (Karl Maka) longs for his lovely neighbor, but is unable to summon the courage to tell her until another man enters the picture and forces his hand. Knowing that Mak, the middle-aged newspaper editor, often misses his late spouse, his beloved children persuade him to date Siu Fung, the singer who lives next door. At this moment, Siu Fung's cousin, Uncle Sam, returns from the States and proposes to marry Siu Fung. One day, dispute happens between Sam and Mak which makes Siu Fung mad with Mak..",,Released,False,False,1984-12-12,96,0,0,1.6226,6.8,9,cn,,tt0088106,/LcZCsYJvI3PPdbRoIdHVo5JzU8.jpg,/eSoy6s4rEBXdjaHgy07ltz8TUy.jpg,"[{""id"": 35, ""name"": ""Comedy""}, {""id"": 10749, ""name"": ""Romance""}]","[{""id"": 76529, ""logo_path"": null, ""name"": ""Cinema City & Films Co."", ""origin_country"": """"}]","[{""iso_3166_1"": ""HK"", ""name"": ""Hong Kong""}]","[{""english_name"": ""Cantonese"", ""iso_639_1"": ""cn"", ""name"": ""\u5e7f\u5dde\u8bdd / \u5ee3\u5dde\u8a71""}]","[""HK""]",null
185835,Paul Stanley: One Live Kiss,Paul Stanley: One Live Kiss,"Paul Stanley: ONE LIVE KISS, filmed during his first ever solo tour while supporting his widely acclaimed solo album LIVE TO WIN. ONE LIVE KISS, was shot at the House of Blues in Chicago, IL, on November 6, 2006. Highlights include not only KISS favorites such as ""Lick It Up,"" ""Love Gun"" and ""Detroit Rock City"" but also songs from his hit solo album. Backed by the amazing house band from the CBS shows ""Rock Star: INXS"" and ""Rock Star:Supernova,"" Stanley ignites the stage as he performs his first new songs in more than eight years, including ""Live To Win"" (Top 10 Classic Rock on the Mediabase Chart), ""Bulletproof"" and ""Lift."" ""Live To Win"" was also pivotally featured in the Emmy-winning ""South Park"" episode ""Make Love, Not Warcraft."" The Star Child draws up every ounce of adrenaline and showmanship, leaving nothing behind but a crowd exploding into cheers at near rioting levels.",,Released,False,True,2008-10-21,110,0,0,0.3184,6.5,3,en,,tt1340603,/2ZU22QgESYLAA5Cp5gER7ZzKJJ5.jpg,,"[{""id"": 10402, ""name"": ""Music""}]",[],[],"[{""english_name"": ""English"", ""iso_639_1"": ""en"", ""name"": ""English""}]","[""US""]",null
185830,Subway Riders,Subway Riders,A psychotic saxophone player  lures victims to deserted spots with his music and then guns them down.,DAMN THE TORPEDOS. FULL SPEED AHEAD.,Released,False,False,1981-04-02,120,0,0,0.5025,6.5,4,en,,tt0083138,/9Cqa3NKw9ZiZU8iDJXcU03CAepC.jpg,/3KMAmSi5fbPCAWxzlasNKOKfLnQ.jpg,"[{""id"": 53, ""name"": ""Thriller""}]",[],"[{""iso_3166_1"": ""US"", ""name"": ""United States of America""}]","[{""english_name"": ""English"", ""iso_639_1"": ""en"", ""name"": ""English""}]","[""US""]",null
185837,Scouting in Palestine,Sopralluoghi in Palestina per il vangelo secondo Matteo,"In 1963, accompanied by a newsreel photographer and a Catholic priest, Piero Paolo Pasolini traveled to Palestine to investigate the possibility of filming his biblical epic The Gospel According to Matthew in its approximate historical locations. Edited by The Gospel‘s producer for potential funders and distributors, Seeking Locations in Palestine features semi-improvised commentary from Pasolini as its only soundtrack. As we travel from village to village, we listen to Pasolini’s idiosyncratic musings on the teachings of Christ and witness his increasing disappointment with the people and landscapes he sees before him. Israel, he laments, is much too modern. The Palestinians, much too wretched; it would be impossible to believe the teachings of Jesus had reached these faces. The Gospel According to Matthew was ultimately filmed in Southern Italy. Mel Gibson would use some of the same locations forty years later for The Passion of the Christ.",,Released,False,False,1965-07-11,55,0,0,0.3054,7.1,19,it,,tt0059741,/oBuZsyLmDJgBKmCgW16SUo6Q5W6.jpg,/oO5v2FwBO7499T5epdXybIdVEqU.jpg,"[{""id"": 99, ""name"": ""Documentary""}]","[{""id"": 4498, ""logo_path"": null, ""name"": ""Arco Film"", ""origin_country"": ""IT""}]","[{""iso_3166_1"": ""IT"", ""name"": ""Italy""}]","[{""english_name"": ""Italian"", ""iso_639_1"": ""it"", ""name"": ""Italiano""}, {""english_name"": ""English"", ""iso_639_1"": ""en"", ""name"": ""English""}]","[""IT""]",null
185840,Ladies Crave Excitement,Ladies Crave Excitement,"Bored rich girl hooks up with news photographer, gets caught up in his adventures.",A Sparkling Drama!,Released,False,False,1935-06-21,73,0,0,0.2393,4.5,2,en,,tt0026593,/eG2fLGGhgvivHmYeEyJUfDQnfK.jpg,/qQZyeB1xogi6gnbNoY8MFkktSVy.jpg,"[{""id"": 18, ""name"": ""Drama""}, {""id"": 28, ""name"": ""Action""}, {""id"": 35, ""name"": ""Comedy""}]","[{""id"": 4743, ""logo_path"": null, ""name"": ""Mascot Pictures"", ""origin_country"": ""US""}]","[{""iso_3166_1"": ""US"", ""name"": ""United States of America""}]","[{""english_name"": ""English"", ""iso_639_1"": ""en"", ""name"": ""English""}]","[""US""]",null
185841,Ober zahlen,Ober zahlen,"Vienna, 1957: Head waiters Gustav (Paul Hörbiger) and Franz (Hans Moser) are working for the stinted Cafétier Panigl and are close friiends despite of their different characters. Franz is happily married and a good family father, Gustav, a relaxed charmer, is living a calm single life. Overnight both of them become jobless, because Panigl decided to sell his Café which was not successful anymore. Right in this moment, Franz' brother is sending  20.000 Dollar from USA. Money, he once peculated and now wants to pay back.. Gustav and Franz are buying half of the Café for each from the unexpected money. One half they develop as the modern Musicbox-Espresso «Pinguin», the other half as a traditional old style Vienna Café . Misunderstandings between guests and generations are inevitable and stretch the long term friendship of the two waiters.",,Released,False,False,1957-06-26,95,0,0,0.4929,6.0,1,de,,tt0050789,/mBNvOGwSF1Yijiwp94sBGjTNyAK.jpg,/woXR2suKxtPM1yjwTuWkQ99EPbA.jpg,"[{""id"": 35, ""name"": ""Comedy""}]","[{""id"": 41331, ""logo_path"": null, ""name"": ""\u00d6sterreichische Film GmbH (\u00d6FA)"", ""origin_country"": """"}, {""id"": 2121, ""logo_path"": null, ""name"": ""Sch\u00f6nbrunn-Film"", ""origin_country"": ""AT""}]","[{""iso_3166_1"": ""AT"", ""name"": ""Austria""}]","[{""english_name"": ""German"", ""iso_639_1"": ""de"", ""name"": ""Deutsch""}]","[""DE"", ""AT""]",null
185843,The Strangler,L'Étrangleur,"Émile targets women he believes are too depressed to go on living. As multiple victims fall to his suffocating white scarf, an inspector resorts to unorthodox methods to get him with the assistance of a potential victim.",He can sense your despair...,Released,False,False,1971-09-24,96,0,0,0.5249,5.9,28,fr,https://www.alteredinnocence.net/thestrangler,tt0199175,/hfZvvus6fB3ZujnmYdZlOxy1TzM.jpg,/nBiuhzZQ3mSJEJvZ4LyzAvt0NCA.jpg,"[{""id"": 80, ""name"": ""Crime""}, {""id"": 27, ""name"": ""Horror""}, {""id"": 53, ""name"": ""Thriller""}]","[{""id"": 1497, ""logo_path"": null, ""name"": ""Marianne Productions"", ""origin_country"": ""FR""}, {""id"": 2399, ""logo_path"": null, ""name"": ""Reggane Films"", ""origin_country"": ""FR""}, {""id"": 10647, ""logo_path"": null, ""name"": ""Unit\u00e9 Trois"", ""origin_country"": ""FR""}]","[{""iso_3166_1"": ""FR"", ""name"": ""France""}]","[{""english_name"": ""French"", ""iso_639_1"": ""fr"", ""name"": ""Fran\u00e7ais""}]","[""FR""]",null
185846,Streamline Express,Streamline Express,"A disparate group of people meet as passengers on a superspeed train crossing the U.S. Aboard are a seductive blackmailer and the stage director he intends to frame, a woman chasing her husband who is running away with the blackmail victim, and the stage director's feisty leading lady.",,Released,False,False,1935-09-15,71,0,0,0.4642,4.7,3,en,,tt0027053,/fM4hrFTJlfaYsjyypE6MG3iLtkt.jpg,/qjlE9xxaiBDo1jsyncGVRzTCqwF.jpg,"[{""id"": 35, ""name"": ""Comedy""}, {""id"": 18, ""name"": ""Drama""}, {""id"": 9648, ""name"": ""Mystery""}, {""id"": 10749, ""name"": ""Romance""}]","[{""id"": 4743, ""logo_path"": null, ""name"": ""Mascot Pictures"", ""origin_country"": ""US""}]","[{""iso_3166_1"": ""US"", ""name"": ""United States of America""}]","[{""english_name"": ""English"", ""iso_639_1"": ""en"", ""name"": ""English""}]","[""US""]",null
185856,"Patagonia, Southern Edge","Patagonia, Confín Austral","A documentary that showcases the natural history of Patagonia over the four seasons o the year. Includes: the Perito Moreno glacier cycle, life of whales, penguins, orcas and sea lions. The secrets of the sub-Antarctic forest, the woodpecker of Patagonia, the Pudu, trouts and foxes. The desert and it's fauna, the guanaco, mountain lion, maras and ñandu.",,Released,False,False,2004-07-15,72,0,0,0.0379,0.0,0,en,,,,,"[{""id"": 99, ""name"": ""Documentary""}]",[],"[{""iso_3166_1"": ""AR"", ""name"": ""Argentina""}]","[{""english_name"": ""Spanish"", ""iso_639_1"": ""es"", ""name"": ""Espa\u00f1ol""}, {""english_name"": ""English"", ""iso_639_1"": ""en"", ""name"": ""English""}, {""english_name"": ""Italian"", ""iso_639_1"": ""it"", ""name"": ""Italiano""}, {""english_name"": ""French"", ""iso_639_1"": ""fr"", ""name"": ""Fran\u00e7ais""}]","[""US""]",null
185851,Earth,Earth,"We see the site of an unknown disaster, the debris of history that constitutes the story of Earth. Upon the site, lay fifty 50 humans oscillating between consciousness and unconsciousness, life and death. Sometimes, one of them emerges into the foreground - clutching a fist, batting an eyelid, or weeping for his neighbor. At other times, these figures recede from the light, losing their individual shapes to form a gigantic organism, breathing in unison, pulsating like a jellyfish, though their journey across Earth.  (Ho Tzu Nyen)",,Released,False,False,2009-09-04,40,0,0,0.0143,8.5,1,en,,tt1757737,,,[],[],[],[],"[""US""]",null
185849,Prime Time,Prime Time,,,Released,False,False,2008-12-25,0,0,0,0.2893,1.0,1,es,,tt1180579,,,"[{""id"": 53, ""name"": ""Thriller""}]","[{""id"": 100649, ""logo_path"": null, ""name"": ""The Night of the Cats"", ""origin_country"": """"}, {""id"": 76873, ""logo_path"": null, ""name"": ""Kino  PC"", ""origin_country"": """"}]","[{""iso_3166_1"": ""ES"", ""name"": ""Spain""}]","[{""english_name"": ""Spanish"", ""iso_639_1"": ""es"", ""name"": ""Espa\u00f1ol""}]","[""ES""]",null
185853,Silvia's Gift,El regalo de Silvia,Silvia decides to commit suicide and leaves a video note saying that she wishes to donate her organs and save the lives of a few strangers.,,Released,False,False,2003-07-18,103,0,0,0.256,5.8,5,es,,tt0374164,/An19lkz9C3KZIWZsGxxyH6yErDl.jpg,,"[{""id"": 18, ""name"": ""Drama""}]","[{""id"": 10071, ""logo_path"": ""/cHM4qcP5V0uyBrip4xTJtJpwM11.png"", ""name"": ""Bausan Films"", ""origin_country"": ""ES""}, {""id"": 100052, ""logo_path"": null, ""name"": ""Calatambo Producciones"", ""origin_country"": """"}, {""id"": 113748, ""logo_path"": null, ""name"": ""El M\u00e9dano Producciones"", ""origin_country"": """"}, {""id"": 11293, ""logo_path"": null, ""name"": ""Imval Producciones"", ""origin_country"": ""ES""}]","[{""iso_3166_1"": ""CL"", ""name"": ""Chile""}, {""iso_3166_1"": ""ES"", ""name"": ""Spain""}]","[{""english_name"": ""Spanish"", ""iso_639_1"": ""es"", ""name"": ""Espa\u00f1ol""}]","[""ES""]",null
185860,The Cloud of Unknowing,The Cloud of Unknowing,"The boundary between viewer and art dissolves in Ho Tzu Nyen’s sublime work, The Cloud of Unknowing. Step inside and find a comfortable space in the room. On a screen, a narrative unfolds, set in a public housing complex in Singapore, where eight characters in eight apartments individually encounter a cloud, embodied both as a figure and a vaporous mist. The film is rear-projected and looped, integrating a complex soundtrack and synchronized steam machines to create a seamless and sublimely atmospheric sense of film/audience permeability.  (Sundance Film Festival)",,Released,False,False,2011-06-03,28,0,0,0.1102,7.2,2,xx,https://akangafilm.com/The-Cloud-of-Unknowing-2011,,/7vYcsd0cshfNeiYEglh4r183h6t.jpg,,[],"[{""id"": 76586, ""logo_path"": ""/8IToSMttTBtO40fWsxSd1HES4cS.png"", ""name"": ""Akanga Film Asia"", ""origin_country"": ""SG""}]","[{""iso_3166_1"": ""SG"", ""name"": ""Singapore""}]",[],"[""SG"", ""US""]",null
185855,El año del diluvio,El año del diluvio,"In a particularly hot summer, Sister Consuelo, superior of an order dedicated to caring for the sick, decided to transform the dilapidated hospital into a modern nursing.",,Released,False,False,2004-04-28,92,0,0,0.4752,5.3,3,es,,tt0387849,/tM3JH51xSAR5XLMIED8xbWUugjw.jpg,,"[{""id"": 18, ""name"": ""Drama""}]","[{""id"": 59578, ""logo_path"": null, ""name"": ""Gonafilm"", ""origin_country"": ""ES""}, {""id"": 12488, ""logo_path"": null, ""name"": ""Ober\u00f3n Cinematogr\u00e1fica"", ""origin_country"": ""ES""}]","[{""iso_3166_1"": ""FR"", ""name"": ""France""}, {""iso_3166_1"": ""IT"", ""name"": ""Italy""}, {""iso_3166_1"": ""ES"", ""name"": ""Spain""}]","[{""english_name"": ""Spanish"", ""iso_639_1"": ""es"", ""name"": ""Espa\u00f1ol""}]","[""ES""]",null
185859,More Than a Thousand Cameras Are Working for Your Safety,Más de mil cámaras velan por tu seguridad,"A lovers' break-up, a mysterious website called www.kellerteve.net, a disturbing phone call summoning the main characters to a midnight rendezvous in an abandoned zoo, and the theft of a motorbike leading to a dangerous chase in the subway are only the start of this unnerving story.",,Released,False,False,2003-01-03,109,0,0,0.1679,5.643,7,es,,tt0349856,/qosgbzetFtyvdC0IqFq187wAPXh.jpg,/cl0u1U5OmlrlI9kHzznntvxWnOC.jpg,"[{""id"": 53, ""name"": ""Thriller""}, {""id"": 18, ""name"": ""Drama""}, {""id"": 878, ""name"": ""Science Fiction""}, {""id"": 12, ""name"": ""Adventure""}, {""id"": 27, ""name"": ""Horror""}]","[{""id"": 16132, ""logo_path"": null, ""name"": ""Lotus Films"", ""origin_country"": """"}, {""id"": 9335, ""logo_path"": ""/ldfniRgxCYegCbGEROEBKbmg4A5.png"", ""name"": ""Canal+ Espa\u00f1a"", ""origin_country"": ""ES""}, {""id"": 4526, ""logo_path"": null, ""name"": ""Ensue\u00f1o Films"", ""origin_country"": ""ES""}]","[{""iso_3166_1"": ""ES"", ""name"": ""Spain""}]","[{""english_name"": ""Spanish"", ""iso_639_1"": ""es"", ""name"": ""Espa\u00f1ol""}]","[""ES""]",null
185862,Circle II Circle: The Tour Of Magellan,Circle II Circle: The Tour Of Magellan,"Circle II Circle performing the Savatage Album ""The Wake of Magellan"" at Wacken Festival 2012 - Complete NDR Stream.",,Released,False,False,2012-08-04,0,0,0,0.0,0.0,0,en,,,,,[],[],[],[],"[""US""]",null
185861,A Letter from Hiroshima,A Letter from Hiroshima,"A Letter from Hiroshima explores themes of apology and remembrance. Suwa sends a letter to a Korean actress (Kim Ho-jung) he has worked with in the past requesting her assistance to write and direct a film about Hiroshima. Ho-jung arrives at her hotel and is told to explore the city and wait for Suwa. Initially confused, Ho-Jung soon finds the city mesmerizing and spends days learning about the tragic bombing and the effects that are still felt in the city today.  With sparse dialogue and just a handful of characters, Suwa uses black and white images of Hiroshima to convey the scope of the tragedy. In one particularly poignant moment, the voice of a mother is heard lamenting the fact that she had scolded her daughter the day of the bombing. We next see Ho-jung crying in her hotel room, ignoring the ringing phone.",,Released,False,False,2006-08-07,36,0,0,0.1793,0.0,0,en,,,/wVUFvGhYVpWqLcpu8p667oDLUXA.jpg,,"[{""id"": 99, ""name"": ""Documentary""}]","[{""id"": 86670, ""logo_path"": null, ""name"": ""Kirishima 1945"", ""origin_country"": ""JP""}]","[{""iso_3166_1"": ""JP"", ""name"": ""Japan""}]","[{""english_name"": ""Japanese"", ""iso_639_1"": ""ja"", ""name"": ""\u65e5\u672c\u8a9e""}]","[""US""]",null
185863,"It Can't Be Winter, We Haven't Had Summer Yet","Ça peut pas être l'hiver, on n'a même pas eu d'été",A 57 years old woman discovers herself after her husband's death.,,Released,False,False,1980-04-15,87,0,0,0.2847,0.0,0,fr,,tt0081816,/2TmdfVxKN97UW3qm9yH7sQhHy3d.jpg,,"[{""id"": 18, ""name"": ""Drama""}]",[],"[{""iso_3166_1"": ""CA"", ""name"": ""Canada""}]","[{""english_name"": ""French"", ""iso_639_1"": ""fr"", ""name"": ""Fran\u00e7ais""}]","[""CA""]",null
185864,Waterfront Lady,Waterfront Lady,"When a young man is befriended by a gambling ship operator and made a partner in the business, he becomes involved in a police manhunt after he covers up a murder committed by his new partner.",Featuring...ANN RUTHERFORD...HOLLYWOOD'S NEW GLAMOROUS STAR,Released,False,False,1935-10-04,70,0,0,1.591,4.0,3,en,,tt0027184,/hWMUZVJUyL5YqePeYhsrGGzXAL4.jpg,/e8TBYJIhELkRaV3iHRQMmyeE09n.jpg,"[{""id"": 80, ""name"": ""Crime""}, {""id"": 18, ""name"": ""Drama""}]","[{""id"": 4743, ""logo_path"": null, ""name"": ""Mascot Pictures"", ""origin_country"": ""US""}]","[{""iso_3166_1"": ""US"", ""name"": ""United States of America""}]","[{""english_name"": ""English"", ""iso_639_1"": ""en"", ""name"": ""English""}]","[""US""]",null
185866,Blood River,Blood River,"Jimmy Pearls, a directionless young drifter, kills Henry Logan's son and two other men after he found out that they murdered Jimmy's parents for their land. Trying to get away from Logan's vengeance, he goes to ground in the mountains and meets Winston Patrick Culler, an old trapper, who becomes his traveling companion and protector. Jimmy doesn't understand though why Culler is helping him...",,Released,False,False,1991-03-17,92,0,0,1.7152,3.8,5,en,,tt0101476,/8eMDheVWDAP9T8AgrdNrfgiD6K2.jpg,/qvGAdTFOoKylpexo3goNCAdQdyZ.jpg,"[{""id"": 37, ""name"": ""Western""}, {""id"": 18, ""name"": ""Drama""}, {""id"": 10770, ""name"": ""TV Movie""}]","[{""id"": 58318, ""logo_path"": null, ""name"": ""Little Apple Productions"", ""origin_country"": """"}, {""id"": 124448, ""logo_path"": null, ""name"": ""CBS Entertainment Productions"", ""origin_country"": ""US""}]","[{""iso_3166_1"": ""US"", ""name"": ""United States of America""}]","[{""english_name"": ""English"", ""iso_639_1"": ""en"", ""name"": ""English""}]","[""US""]",null
185904,Born for Hard Luck: Peg Leg Sam Jackson,Born for Hard Luck: Peg Leg Sam Jackson,"A portrait of Arthur ""Peg Leg Sam"" Jackson --black harmonica player, singer, and comedian who made his living ""busking"" on the street and performing in patent-medicine shows touring southern towns. Footage includes excerpts from one of his last medicine shows, videotaped at a county fair in 1972, and material filmed near his home in South Carolina in 1975. The performance includes harmonica solos, songs, a parody of a chanted sermon, folktales and reminiscences, and three buck dances.",,Released,False,False,1976-01-01,29,0,0,0.0493,6.0,1,en,http://davenportfilms.com/pages/doc_bfhlpage.html,tt0321504,/Q1AyqQs8CfHVvEWu0qU7UiTEVB.jpg,,"[{""id"": 99, ""name"": ""Documentary""}, {""id"": 10402, ""name"": ""Music""}]","[{""id"": 81188, ""logo_path"": null, ""name"": ""Davenport Films"", ""origin_country"": """"}]",[],"[{""english_name"": ""English"", ""iso_639_1"": ""en"", ""name"": ""English""}]","[""US""]",null
185896,Malaria,Malária,A young mercenary is hired to kill Death.,,Released,False,False,2013-01-10,6,0,0,0.3717,7.5,19,pt,https://vimeo.com/user1620203,tt2619250,/5O8XNk89gTnLz6NRwJVontpc3va.jpg,/thaoBLikgnGRcIfN5hM1c82duAf.jpg,"[{""id"": 28, ""name"": ""Action""}, {""id"": 16, ""name"": ""Animation""}, {""id"": 37, ""name"": ""Western""}]","[{""id"": 176926, ""logo_path"": null, ""name"": ""Zeeg Productions"", ""origin_country"": """"}]","[{""iso_3166_1"": ""BR"", ""name"": ""Brazil""}]","[{""english_name"": ""Portuguese"", ""iso_639_1"": ""pt"", ""name"": ""Portugu\u00eas""}]","[""BR""]",null
185903,Alestorm: Live at GMM 2012,Alestorm: Live at GMM 2012,Live at GMM 2012,,Released,False,False,2012-05-12,0,0,0,0.0071,0.0,0,en,,,,,[],[],[],[],"[""US""]",null
185899,Chilean Miners: 17 Days Buried Alive,Chilean Miners: 17 Days Buried Alive,"When the 33 Chilean miners emerged from underground before a worldwide audience of over a billion, they made a pact not to speak about what had happened underground. Now six of them remember the untold story of the first 17 days - when no-one outside knew if they were alive.  Filming down a Chilean mine, the program explores the nightmare of living in the dark tunnels half a mile underground, eating a spoonful of tuna every two days and not knowing if you would ever be found.",,Released,False,False,2011-08-12,60,0,0,0.0362,0.0,0,en,http://www.bbc.co.uk/programmes/b0139kl5,tt8769806,/1eBCFHEFOedzOOaJ1Kr1AHrNjnV.jpg,/wjun0qDqO6E8Q4tAPmsEe75148u.jpg,"[{""id"": 99, ""name"": ""Documentary""}]","[{""id"": 55418, ""logo_path"": ""/mhnXSxtkOMFjFIF0tNC1vjt3WJq.png"", ""name"": ""Ronachan Films"", ""origin_country"": ""GB""}]","[{""iso_3166_1"": ""GB"", ""name"": ""United Kingdom""}]","[{""english_name"": ""English"", ""iso_639_1"": ""en"", ""name"": ""English""}]",[],null
185885,Duel of Fists,拳擊,"Two men, one a businessman skilled in Kung Fu, the other a kickboxer discover they are brothers, and together, both in and out of the ring, they must face a crime syndicate. One of the first films to use the martial art of Muay Thai.",,Released,False,False,1971-10-01,103,0,0,2.1635,6.5,12,zh,,tt0067025,/nox5QR9vh1WYvBK2xMl89Tq6PCc.jpg,/v7xn74t1MqOKtpTG5b58HBmkqho.jpg,"[{""id"": 28, ""name"": ""Action""}, {""id"": 18, ""name"": ""Drama""}, {""id"": 80, ""name"": ""Crime""}]","[{""id"": 5798, ""logo_path"": ""/tmuI9BGXgpWLmokhlxpnG3IGNQB.png"", ""name"": ""Shaw Brothers"", ""origin_country"": ""HK""}]","[{""iso_3166_1"": ""HK"", ""name"": ""Hong Kong""}]","[{""english_name"": ""Mandarin"", ""iso_639_1"": ""zh"", ""name"": ""\u666e\u901a\u8bdd""}]","[""HK""]","{""id"": 987723, ""name"": ""Duel of Fists Collection"", ""poster_path"": ""/gdbQ0g2bdP11dGJTUtSqNMipfeg.jpg"", ""backdrop_path"": ""/q5hnhzIAzJsGZChAYHGa9mOCMoi.jpg""}"
185875,Gros câlin,Gros câlin,"Monsieur Cousin, a lonely Parisian statistician, shares his small apartment with a python named Gros-Câlin, seeking warmth and companionship. Infatuated with his coworker, Mlle Dreyfus, he awkwardly tries to win her affection, misinterpreting social cues and struggling with human connection. His eccentric attachment to the snake alienates him further, as his longing for intimacy blurs the line between reality and fantasy. Despite seeking advice and making misguided attempts at love, he remains isolated. The film follows his tragicomic struggle, ending ambiguously as he grapples with his unfulfilled need for human warmth.",,Released,False,False,1979-12-05,95,0,0,0.8198,4.0,1,it,,tt0078981,/oFmcoE6LgQeQAgpzDcT4Ho6Z2ca.jpg,/sCEu4qTNqrsFipz8puw4E9IQWZI.jpg,"[{""id"": 35, ""name"": ""Comedy""}]",[],[],"[{""english_name"": ""Italian"", ""iso_639_1"": ""it"", ""name"": ""Italiano""}]","[""FR"", ""IT""]",null
185906,Now It's Them,Agora é que são Elas,Stage play performed only by women at the Teatro Avenida.,,Released,False,False,1954-09-28,92,0,0,0.0143,0.0,0,pt,,tt0046687,/pBgvx3jE2ML51k08PQhi2PaEsLr.jpg,/jjdKBRi256SRCc9CKk0nxTCq4FX.jpg,"[{""id"": 35, ""name"": ""Comedy""}]",[],"[{""iso_3166_1"": ""PT"", ""name"": ""Portugal""}]","[{""english_name"": ""Portuguese"", ""iso_639_1"": ""pt"", ""name"": ""Portugu\u00eas""}]","[""PT""]",null
185907,Eram Duzentos Irmãos,Eram Duzentos Irmãos,"A man afflicted by an inferiority complex, is helped out by his comrades to pass the tests to enter the navy. A girl accepts to show a fake love interest in him as part of the plan, and ends up really enamoured.",,Released,False,False,1952-03-20,100,0,0,0.1193,7.5,3,pt,,tt0044593,/fSnOjYiOOfnt1jdOeUjOXhVuIYq.jpg,/xeD1lnrsTz8cqlBrRzYTxeh6iBT.jpg,"[{""id"": 35, ""name"": ""Comedy""}]","[{""id"": 14065, ""logo_path"": null, ""name"": ""Armando Vieira Pinto"", ""origin_country"": """"}]","[{""iso_3166_1"": ""PT"", ""name"": ""Portugal""}]","[{""english_name"": ""Portuguese"", ""iso_639_1"": ""pt"", ""name"": ""Portugu\u00eas""}]","[""PT""]",null
185913,Molly's Girl,Molly's Girl,"An emotional misfit named Molly believes she's found love in a drunken one-night stand with a gay-marriage lesbian activist named Mercedes. But once sober, Mercedes discovers she cannot escape the clingy and desperate Molly. As she's about to call upon all of her legal options to rid herself of Molly, Mercedes learns that Molly's father is actually an influential state senator opposed to gay marriage. Seeing this as a golden opportunity, Mercedes convinces Molly to pretend that they are an engaged lesbian couple, though Molly's not at all gay, as a way to drive a stake into the senator's politics. But as Mercedes gets to know Molly's family, she begins to understand who Molly is and why they surprisingly share so much in common.",Molly's girl,Released,False,False,2012-07-21,125,0,0,0.0281,2.4,4,en,http://www.mollysgirlthemovie.com/,tt1978479,/clMGCooGdeoXGmWhXGqSyipVs4x.jpg,/kDFxNUBZ9lHj04uPS7FLgtF5FqT.jpg,[],[],"[{""iso_3166_1"": ""US"", ""name"": ""United States of America""}]",[],"[""US""]",null
185915,Bon Jovi | Live In Lisbon 2011,Bon Jovi | Live In Lisbon 2011,"Bon Jovi complete their 2011 tour in support of their Greatest Hits album live at Bela Vista Park in Lisbon, Portugal.",,Released,False,True,2011-09-23,143,0,0,0.3212,0.0,0,en,,,/gHnp1CgHWLsNJhuQEN1OV8xXmjO.jpg,,"[{""id"": 10402, ""name"": ""Music""}]",[],[],"[{""english_name"": ""English"", ""iso_639_1"": ""en"", ""name"": ""English""}]","[""US""]",null
185916,Carpathian Forest: Wacken 2003,Carpathian Forest: Wacken 2003,Carpathian Forest live at Wacken 2003.,,Released,False,False,,0,0,0,0.0,0.0,0,en,,,,,[],[],[],[],"[""US""]",null
185918,The Ideal City,La città ideale,"Actor turned director Luigi Lo Cascio stars as the talented architect and fervent environmentalist Michele who has moved from Palermo to his ideal city, Siena. He holds a successful job and is living out a dream experiment of functioning one year without running water or electricity. Not surprisingly, he also displays a passionate opposition to cars and driving. One evening, after being forced to borrow his boss’ car in order to collect a colleague for a work function, Michele’s life takes an unexpected turn.  In the blinding rain Michele hits something he cannot identify. After leaving a note on a parked car he believes he damaged, he continues down the road only to come across a dead body a few miles down which he later discovers belongs to one of Siena’s most important luminaries. Michele immediately calls the police, but in doing so, he unwittingly brings intense suspicion on himself as his uncertainty raises more questions than he has answers for.",,Released,False,False,2013-04-11,105,0,933259,0.5047,6.0,24,it,,tt2290918,/mIW8KQ4OXNjreZJpXQx44qz4y5U.jpg,/33Al11SlzAg1mcWdZ1A6TtsbyuN.jpg,"[{""id"": 18, ""name"": ""Drama""}, {""id"": 53, ""name"": ""Thriller""}]","[{""id"": 6275, ""logo_path"": ""/ynsdOyF03HZvEeZreVrDLc3OPEc.png"", ""name"": ""BiBi Film"", ""origin_country"": ""IT""}, {""id"": 155990, ""logo_path"": ""/py9VaywwK6KVi94YwrxSKVg1gkh.png"", ""name"": ""RAI Cinema"", ""origin_country"": ""IT""}, {""id"": 35216, ""logo_path"": null, ""name"": ""Monte dei Paschi di Siena"", ""origin_country"": """"}, {""id"": 14016, ""logo_path"": ""/snclwsIZQbgvqYCBJP8fqNlCA5y.png"", ""name"": ""MiC"", ""origin_country"": ""IT""}, {""id"": 93214, ""logo_path"": null, ""name"": ""Toscana Film Commission"", ""origin_country"": ""IT""}, {""id"": 1583, ""logo_path"": ""/gKP4egMJOi5rksdnplfPV1wa0sd.png"", ""name"": ""RAI"", ""origin_country"": ""IT""}, {""id"": 317, ""logo_path"": ""/HJj0J9Tk6AGcLpL4O7mI3bsccM.png"", ""name"": ""Istituto Luce Cinecitt\u00e0"", ""origin_country"": ""IT""}]","[{""iso_3166_1"": ""IT"", ""name"": ""Italy""}]","[{""english_name"": ""Italian"", ""iso_639_1"": ""it"", ""name"": ""Italiano""}]","[""IT""]",null
185919,Un'insolita vendemmia,Un'insolita vendemmia,"Despite the excellent ratings, after twelve successful years a popular Italian soap opera is in danger of being canceled. Taking advantage of a period of non-filming, a group of actors - who have now become a real family thanks to the time spent together on the set - decide to join their colleague Roberto, their leader, on a small paradise island where he owns a vineyard. .",,Released,False,False,2013-04-14,100,0,0,0.1837,0.0,0,it,,tt2838420,,,"[{""id"": 35, ""name"": ""Comedy""}]","[{""id"": 255621, ""logo_path"": null, ""name"": ""Insolita Produzioni"", ""origin_country"": ""IT""}]","[{""iso_3166_1"": ""IT"", ""name"": ""Italy""}]","[{""english_name"": ""Italian"", ""iso_639_1"": ""it"", ""name"": ""Italiano""}]","[""IT""]",null
185935,The Pee Wee 3D: The Winter That Changed My Life,Les Pee-Wee 3D : L'hiver qui a changé ma vie,"When his wife dies, Carl offers his only son, Janeau, 12, a fresh start. They move to Mont Saint-Hilaire, where Janeau makes friends with Julie, a talented Pee-Wee hockey goalie determined to compete in the annual World Tournament held in Quebec. She convinces Janeau to join the team, but he has a hard time being accepted by the rest of the players, including Joey, the star player who has to endure constant pressure from his father.",,Released,False,False,2012-12-21,122,0,0,0.5921,6.3,22,fr,,tt2224307,/nVYR2C6HvpN1VhBqihXolKPKCCy.jpg,/l5gsodh5qVeB131NmbB7fmYrKeo.jpg,"[{""id"": 35, ""name"": ""Comedy""}, {""id"": 10751, ""name"": ""Family""}, {""id"": 18, ""name"": ""Drama""}]","[{""id"": 749, ""logo_path"": ""/vdl6tOwJ4O75gFEC5gDk17Fop88.png"", ""name"": ""Christal Films"", ""origin_country"": ""CA""}]","[{""iso_3166_1"": ""CA"", ""name"": ""Canada""}]","[{""english_name"": ""French"", ""iso_639_1"": ""fr"", ""name"": ""Fran\u00e7ais""}]","[""CA""]","{""id"": 487003, ""name"": ""Collection Les Pee-Wee"", ""poster_path"": null, ""backdrop_path"": null}"
185920,Back from the Edge,Back from the Edge,"A landmark documentary style short film that features compelling and dramatic first-person accounts of people living with, and recovering from, Borderline Personality Disorder.  The production also features family members as well as leading clinicians, including Otto F. Kernberg, MD; Marsha Linehan, PhDl John Gunderson, MD; Wayne Fenton, MD; and Perry Hoffman, PhD, who put their stories into a broader social and medical context.",A Landmark Documentary-Style Short Film,Released,False,False,2006-06-01,49,0,0,0.1501,5.3,3,en,,tt2217596,,,"[{""id"": 99, ""name"": ""Documentary""}]","[{""id"": 93332, ""logo_path"": null, ""name"": ""Borderline Personality Disorder Resource Center"", ""origin_country"": ""US""}, {""id"": 93333, ""logo_path"": null, ""name"": ""Lichtenstein Creative Media"", ""origin_country"": """"}]","[{""iso_3166_1"": ""US"", ""name"": ""United States of America""}]","[{""english_name"": ""English"", ""iso_639_1"": ""en"", ""name"": ""English""}]","[""US""]",null
185938,Lullaby,Колыбельная,"A 1937 Soviet documentary film directed by Dziga Vertov. The film was shot to commemorate the 20th anniversary of the October Revolution. It focuses on the women and the role of motherhood, featuring images from across the Soviet Union, in particular the Far East.",A song of the liberated Soviet woman,Released,False,False,1937-11-01,58,0,0,0.3643,6.1,7,ru,,tt0029089,/AksHNyieid6DdwzLxqNQHH9XyeC.jpg,,"[{""id"": 99, ""name"": ""Documentary""}]","[{""id"": 83366, ""logo_path"": null, ""name"": ""Central Studio of Documentary Films"", ""origin_country"": ""SU""}]","[{""iso_3166_1"": ""SU"", ""name"": ""Soviet Union""}]","[{""english_name"": ""Russian"", ""iso_639_1"": ""ru"", ""name"": ""P\u0443\u0441\u0441\u043a\u0438\u0439""}]","[""SU""]",null
185934,A Kiss for Corliss,A Kiss for Corliss,"After a brief encounter with the romantic and thrice divorced Kenneth Marquis, Corliss Archer decides to write in her diary that they are together in order to make her boyfriend Dexter jealous. Corliss' father had also served as attorney representing Kenneth Marquis' ex-wife during his most recent divorce trial. When Corliss and Dexter don't come home one evening until five in the morning, Corliss decides to pretend to have amnesia to avoid the inevitable punishment awaiting her.",CORLISS COULD DO NO WRONG ...but brother How She Tried!,Released,False,False,1949-11-25,88,0,0,1.3566,4.7,3,en,,tt0041549,/wUBhFnG7MVDpLJ8JbF5YVqdvKmW.jpg,/uxoZiBm1Lq7RrzSuqxfWUz1tZyK.jpg,"[{""id"": 35, ""name"": ""Comedy""}]","[{""id"": 21254, ""logo_path"": null, ""name"": ""Strand Productions"", ""origin_country"": """"}, {""id"": 60, ""logo_path"": ""/4YldLvCWQL9VIAHQ2Fu3Ffkh9Si.png"", ""name"": ""United Artists"", ""origin_country"": ""US""}]","[{""iso_3166_1"": ""US"", ""name"": ""United States of America""}]","[{""english_name"": ""English"", ""iso_639_1"": ""en"", ""name"": ""English""}]","[""US""]","{""id"": 1034616, ""name"": ""Kiss Collection"", ""poster_path"": null, ""backdrop_path"": null}"
185936,Darius Rucker - CMT Invitation Only,Darius Rucker - CMT Invitation Only,"Don't miss the chance to get up close and personal with Darius Rucker on CMT's new episode of Invitation Only. This country newcomer performs tracks from his album Learn to Live and takes questions from the audience. Rucker's exclusive performance includes singles ""Alright,"" ""Don't Think I Don't Think About It"" and ""It Won't Be Like This for Long."" He also sings well-known hits from his chart-topping career as the frontman for Hootie &amp; the Blowfish including ""Let Her Cry"" and ""Hold My Hand."" Invitation Only",CMT Invitation Only - Darius Rucker,Released,False,True,2009-07-03,0,0,0,0.1335,0.0,0,en,http://www.cmt.com/shows/dyn/invitation_only_darius_rucker/series.jhtml,tt1713260,,,"[{""id"": 10402, ""name"": ""Music""}]",[],[],[],"[""US""]",null
185946,Robinson and His Tempestuous Slaves,Robinson und seine wilden Sklavinnen,"Robinson, a down-on-his-luck pharmacist who’s pestered by his nagging wife and overbearing mother-in-law, dreams of seclusion on a remote island with the girl of his fantasies. Finally fed up, he decides to leave and make his dream a reality. But beware! there are cannibals.",,Released,False,False,1972-10-01,75,0,0,1.0483,3.3,9,de,,tt0067682,/sIz9HkoAXUizDyWddzLXRkRdzSq.jpg,/o4ppJrPUzVqJypkKtJSR41bWUFB.jpg,"[{""id"": 35, ""name"": ""Comedy""}]","[{""id"": 5779, ""logo_path"": ""/tGITNHYaqbnnqM8u5QK6Aw9lnWg.png"", ""name"": ""Comptoir Fran\u00e7ais du Film Production"", ""origin_country"": ""FR""}, {""id"": 7764, ""logo_path"": ""/6YQPMXHq7juxomK9Sy3zBqbalsD.png"", ""name"": ""Telecine"", ""origin_country"": ""BR""}, {""id"": 1787, ""logo_path"": ""/tWdfCS6OBkxSuXao5lluNKDIvlc.png"", ""name"": ""CCC Filmkunst"", ""origin_country"": ""DE""}]","[{""iso_3166_1"": ""FR"", ""name"": ""France""}, {""iso_3166_1"": ""DE"", ""name"": ""Germany""}, {""iso_3166_1"": ""IL"", ""name"": ""Israel""}]","[{""english_name"": ""German"", ""iso_639_1"": ""de"", ""name"": ""Deutsch""}]","[""DE""]",null
185942,The Raging Moon,The Raging Moon,Bruce Pritchard is paralysed in a soccer game and is confined to a wheelchair in a convalescence home. But this doesn't slow his lust for life. Then he meets Jill and has to think about the effects of disability.,,Released,False,False,1971-01-21,111,0,0,1.7241,6.6,18,en,,tt0067357,/M3N9v71cAZQcsCwMdXQvEYsMdM.jpg,/a3rgfT66rpzSIkHsDQeZ4L50moM.jpg,"[{""id"": 18, ""name"": ""Drama""}, {""id"": 10749, ""name"": ""Romance""}]","[{""id"": 538, ""logo_path"": ""/oGpxL5lFf8VpWsAQ6tut0on25LW.png"", ""name"": ""EMI Films"", ""origin_country"": ""GB""}]","[{""iso_3166_1"": ""GB"", ""name"": ""United Kingdom""}]","[{""english_name"": ""English"", ""iso_639_1"": ""en"", ""name"": ""English""}]","[""GB""]",null
185948,Lil Wayne: Unplugged,Lil Wayne: Unplugged,"Welcomes hip-hop's hottest MC to the legendary Unplugged stage. As the world awaits his highly-anticipated ninth studio album, Tha Carter IV, the show will feature stripped down versions of Lil Wayne's classics and more.",,Released,False,True,2011-06-12,0,0,0,0.1618,5.5,2,en,,,/kiiEouqKPqaHvsDsemZ3CQ7Bb6p.jpg,,"[{""id"": 10402, ""name"": ""Music""}]","[{""id"": 8136, ""logo_path"": ""/zHS0wY1haJ3GOvkHFOf8Dfjkyt3.png"", ""name"": ""MTV"", ""origin_country"": ""US""}]","[{""iso_3166_1"": ""US"", ""name"": ""United States of America""}]","[{""english_name"": ""English"", ""iso_639_1"": ""en"", ""name"": ""English""}]","[""US""]",null
185949,The Pied Piper,The Pied Piper,"Greed, corruption, ignorance, and disease. Midsummer, 1349: the Black Death reaches northern Germany. Minstrels go to Hamelin for the Mayor's daughter's wedding to the Baron's son. He wants her dowry to pay his army while his father taxes the people to build a cathedral he thinks will save his soul. A local apothecary who's a Jew seeks a treatment for the plague; the priests charge him with witchcraft. One of the minstrels, who has soothed the Mayor's daughter with his music, promises to rid the town of rats for the fee. The Mayor agrees, then renigs. In the morning, the plague, the Jew's trial, and the Piper's revenge come at once.","Come children of the universe, let Donovan take you away, far far away.",Released,False,False,1972-12-27,90,0,0,1.4495,5.9,33,en,,tt0069086,/5qUGAMLlGzPJFI2iV9W9KogsQdb.jpg,/po4AjyMvXf9nZNDhUYQHbxN4KXU.jpg,"[{""id"": 14, ""name"": ""Fantasy""}, {""id"": 18, ""name"": ""Drama""}]","[{""id"": 4597, ""logo_path"": null, ""name"": ""Goodtimes Enterprises"", ""origin_country"": ""GB""}, {""id"": 18170, ""logo_path"": null, ""name"": ""Sagittarius Productions"", ""origin_country"": """"}]","[{""iso_3166_1"": ""DE"", ""name"": ""Germany""}, {""iso_3166_1"": ""GB"", ""name"": ""United Kingdom""}]","[{""english_name"": ""English"", ""iso_639_1"": ""en"", ""name"": ""English""}]","[""DE"", ""GB""]",null
185950,65 Revisited,65 Revisited,A collection of rare outtakes and performances from Pennebaker's 1965 documentary Don't Look Back.,,Released,False,False,2007-11-28,65,0,0,0.2632,9.4,5,en,,tt0945310,/jTTtJF1EsAFHKZryYNpJcpUGlgU.jpg,/kQ2CUREsqNB5GDVj9BufNLmQqOa.jpg,"[{""id"": 10402, ""name"": ""Music""}, {""id"": 99, ""name"": ""Documentary""}]","[{""id"": 24487, ""logo_path"": null, ""name"": ""Pennebaker Hegedus Films"", ""origin_country"": ""US""}]","[{""iso_3166_1"": ""US"", ""name"": ""United States of America""}]","[{""english_name"": ""English"", ""iso_639_1"": ""en"", ""name"": ""English""}]","[""US""]",null
185953,Bob Dylan: Hard Rain,Bob Dylan: Hard Rain,"From the fall of 1975 to the summer of 1976, Bob Dylan took a happy gaggle of musicians out on a two-leg tour dubbed the Rolling Thunder Review. Live at Fort Collins, Colorado",,Released,False,False,1976-09-14,52,0,0,0.3399,10.0,1,en,,tt0336545,/3A4Vk7aZcPleLvudMUx0H6fsTS3.jpg,/jjlNiXyc14GWfnh0S5ZUhdR9GNk.jpg,"[{""id"": 10402, ""name"": ""Music""}, {""id"": 99, ""name"": ""Documentary""}]","[{""id"": 1502, ""logo_path"": ""/ywjcvHUiKxv7cYsestkONF8LieH.png"", ""name"": ""NBC"", ""origin_country"": ""US""}]",[],"[{""english_name"": ""English"", ""iso_639_1"": ""en"", ""name"": ""English""}]","[""US""]",null
185955,Hard to Handle: Bob Dylan in Concert,Hard to Handle: Bob Dylan in Concert,"Admired as one of the best lyricists of pop rock, Bob Dylan has his name recorded in music history. During his four decades career, he has been through many facets: from acoustic to electric guitar; from politicized to religious lyrics; from minimalist to very highly sophisticated arrangements. And his characteristic voice, for some, hoarse and full of style, for others a little out of tune, still influences many musicians. In this presentation filmed at the Sydney Entertainment Centre in Australia over February 24-25 1986, Dylan is accompanied by Tom Petty and the band The Heartbreakers, as well as a very fine selection of new compositions. To close the spectacle, Bob Dylan and Tom Petty perform a vocal duet in ""Knockin' on heaven's door"", one of the most famous songs of this compositor.",,Released,False,False,1986-06-21,60,0,0,0.4708,10.0,1,en,,tt0091172,/1tXTdBqn4KLEiDZ9j3Azesao202.jpg,/Aid4ShFBN8UOudKimwrPl55GyGo.jpg,"[{""id"": 10402, ""name"": ""Music""}, {""id"": 99, ""name"": ""Documentary""}]","[{""id"": 3268, ""logo_path"": ""/tuomPhY2UtuPTqqFnKMVHvSb724.png"", ""name"": ""HBO"", ""origin_country"": ""US""}, {""id"": 127568, ""logo_path"": null, ""name"": ""Wolfboy Productions"", ""origin_country"": """"}]","[{""iso_3166_1"": ""AU"", ""name"": ""Australia""}, {""iso_3166_1"": ""US"", ""name"": ""United States of America""}]","[{""english_name"": ""English"", ""iso_639_1"": ""en"", ""name"": ""English""}]","[""AU"", ""US""]",null
185956,Bright Eyes - Live in Philadelphia,Bright Eyes - Live in Philadelphia,Bright Eyes performs in 2005.,,Released,False,False,,0,0,0,0.0,0.0,0,en,,,,,[],[],[],[],"[""US""]",null
185958,Kamen Rider J,仮面ライダーJ,"The story begins with three Aliens in human form preparing for a ritual to feed the Fog Mother's ""siblings"". The Fog Mother last came to earth during the Prehistoric Age and is the cause of the extinction of the dinosaurs. Kenji and his kid sister are in the mountains, investigating all the deaths of animals and trees there. The Fog Mother sends the three aliens, ""Gorai"", ""Zuu"", and ""Agito"" to kidnap Kenji's baby sister for the sacrifice.","With my miracle J-Power, I will transform into a giant! Fight, Kamen Rider J!!",Released,False,False,1994-04-16,46,0,0,1.3384,6.8,14,ja,,tt0156670,/eigCNQq0EI9ojtdBzbpmvuoFugW.jpg,/dnjoSQMIUIymAJ7NW2jjKvyKvhy.jpg,"[{""id"": 28, ""name"": ""Action""}, {""id"": 12, ""name"": ""Adventure""}, {""id"": 878, ""name"": ""Science Fiction""}]","[{""id"": 5822, ""logo_path"": ""/qyTbRgCyU9NLKvKaiQVbadtr7RY.png"", ""name"": ""Toei Company"", ""origin_country"": ""JP""}, {""id"": 5671, ""logo_path"": ""/e2wUkVLLcru3UKXzLtPtfjIIvQp.png"", ""name"": ""Ishimori Production"", ""origin_country"": ""JP""}, {""id"": 155586, ""logo_path"": ""/rogLuRSNdqLI9r29ZCzD0i0kfJW.png"", ""name"": ""Bandai"", ""origin_country"": ""JP""}]","[{""iso_3166_1"": ""JP"", ""name"": ""Japan""}]","[{""english_name"": ""Japanese"", ""iso_639_1"": ""ja"", ""name"": ""\u65e5\u672c\u8a9e""}]","[""JP""]",null
185957,Hometown U.S.A.,Hometown U.S.A.,"High school loser Rodney C. Duckworth is known as The Rodent until one unforgettable night when he borrows a cherry-new Chevy convertible and goes cruising for the girl of his dreams. With help of dim greaser Calhoun, hot-rodder T.J. Swackhammer and some very willing women, Rod goes from zero to hero during a wild ride of near- misses, direct-hits and bra-busting fun.",It was Heaven in '57.,Released,False,False,1979-01-01,93,0,0,0.9502,1.0,2,en,,tt0079304,/l72b7w9EPoKplL8ngBhoSt4GEsz.jpg,/ngfWLIsaAITvC2LhCjXMB3lmgBf.jpg,"[{""id"": 35, ""name"": ""Comedy""}]",[],"[{""iso_3166_1"": ""US"", ""name"": ""United States of America""}]","[{""english_name"": ""English"", ""iso_639_1"": ""en"", ""name"": ""English""}]","[""US""]",null
185961,Arita,Arita,"ARITA is a short film told in pictures and in small moments. It is about a girl whose first friend is a small drawing named Arita, a cute nosed endearment she found everywhere. From her notebooks to her illustrations and school supplies, Arita appeared silently and still. Growing up with such a friend would raise questions and as she became older, she attempted to answer them. Iwai, one of Japan’s most exciting directors, tells a beautiful and dream-like story through the precious eyes of Ryoko Hirosue. The heavenly tint of the picture and the serene piano playing makes ARITA easily an audience favorite.",,Released,False,False,2002-01-01,15,0,0,0.7088,0.0,0,ja,,,/jyOV2JWtbXeG1QKvXpVPXof0ZyN.jpg,/s6ydNB90mzbYbowSEUWfiVHPQtn.jpg,"[{""id"": 18, ""name"": ""Drama""}]",[],"[{""iso_3166_1"": ""JP"", ""name"": ""Japan""}]","[{""english_name"": ""Japanese"", ""iso_639_1"": ""ja"", ""name"": ""\u65e5\u672c\u8a9e""}]","[""JP""]",null
185962,Harmony Lane,Harmony Lane,"The life and loves of composer Stephen Foster, from his early success through his decline, degradation, and death from alcoholism.",BASED ON THE LIFE OF America's Great Composer STEPHEN COLLINS FOSTER,Released,False,False,1935-10-22,89,0,0,0.4851,3.4,5,en,,tt0026455,/b0lbyKuMGSN6EWXWLMCcSyUa0S6.jpg,/qb4Dz4qGx1imPpjeJbXFVih3PsT.jpg,"[{""id"": 18, ""name"": ""Drama""}]","[{""id"": 4743, ""logo_path"": null, ""name"": ""Mascot Pictures"", ""origin_country"": ""US""}]","[{""iso_3166_1"": ""US"", ""name"": ""United States of America""}]","[{""english_name"": ""English"", ""iso_639_1"": ""en"", ""name"": ""English""}]","[""US""]",null
185967,Charly,Charly,"Charly, a young man in his thirties, is illiterate. He hides this handicap by combining humor and a sense of trickery. Charly found his mode of expression: music, for which and by which he lives while searching in the metro with his friends. It is there that he will meet Marie, seduced by this marginal sax player. Marie, despite the tricks deployed by Charly, will quickly realize that he is illiterate. But love has already given Charly the desire to learn to read...",,Released,False,False,1985-12-11,10,0,0,0.3889,0.0,0,fr,,tt0418595,/vc0WSlw68bidTHQI4vxuGYJMtAS.jpg,,[],"[{""id"": 356, ""logo_path"": ""/9tW5wZEGotn1Ei5pErA88m47XiD.png"", ""name"": ""TF1 Films Production"", ""origin_country"": ""FR""}, {""id"": 20846, ""logo_path"": null, ""name"": ""Pr\u00e9sident Films"", ""origin_country"": ""FR""}]","[{""iso_3166_1"": ""FR"", ""name"": ""France""}]","[{""english_name"": ""French"", ""iso_639_1"": ""fr"", ""name"": ""Fran\u00e7ais""}]","[""FR""]",null
185968,Dýrin í Hálsaskógi,Dýrin í Hálsaskógi,,,Released,False,True,2012-09-08,0,0,0,0.0143,0.0,0,is,,,/livp0gBnYZHp34Ndrrt7S19pmzD.jpg,,[],[],[],[],"[""IS""]",null
185971,The Bachelor,Mio caro dottor Gräsler,"In pre-WWI Austria-Hungary, a physician struggles with his decision about which woman will he marry.",,Released,False,False,1990-03-29,105,0,0,1.1745,0.0,0,it,,tt0102449,/59fK0TpSOsruL0jfCTPfIrHqYx0.jpg,,"[{""id"": 18, ""name"": ""Drama""}, {""id"": 10749, ""name"": ""Romance""}]","[{""id"": 1242, ""logo_path"": ""/qOvcm1WCLlAdNoQ1kCkk2J7bhWk.png"", ""name"": ""Reteitalia"", ""origin_country"": ""IT""}, {""id"": 68197, ""logo_path"": null, ""name"": ""Eidoscope International"", ""origin_country"": """"}, {""id"": 68198, ""logo_path"": null, ""name"": ""Mediapark Budapest"", ""origin_country"": """"}]","[{""iso_3166_1"": ""HU"", ""name"": ""Hungary""}, {""iso_3166_1"": ""IT"", ""name"": ""Italy""}]","[{""english_name"": ""English"", ""iso_639_1"": ""en"", ""name"": ""English""}]","[""IT""]",null
185972,The Governor's Party,Le bal du gouverneur,A French civil servant throws The Governor's Party when his daughter comes of age regardless of colonial unrest and her parents' stormy marriage.,,Released,False,False,1990-02-27,98,0,0,0.4388,4.7,6,fr,,tt0099098,/l3lwWdKdyiiphYKJiG7iqe3pjNm.jpg,/ijKWcqd18UNmLg8n94KbOUWfM39.jpg,"[{""id"": 18, ""name"": ""Drama""}, {""id"": 10749, ""name"": ""Romance""}]","[{""id"": 591, ""logo_path"": ""/q5I5RDwMEiqoNmfaJgd2LraEOJY.png"", ""name"": ""France 3 Cin\u00e9ma"", ""origin_country"": ""FR""}, {""id"": 874, ""logo_path"": null, ""name"": ""Cin\u00e9a"", ""origin_country"": ""FR""}]","[{""iso_3166_1"": ""FR"", ""name"": ""France""}]","[{""english_name"": ""French"", ""iso_639_1"": ""fr"", ""name"": ""Fran\u00e7ais""}]","[""FR""]",null
185973,Lady Furious,패는 여자,A female detective does everything she can to mop up the mess brought into Korea by Hong Kong drugs lords.,,Released,False,False,2012-10-17,88,0,0,0.4378,5.0,2,ko,,tt2849550,/cnOD2Wl8kCTzqaPApsu1OSFscsC.jpg,/3p5tfNkYbZL9nE7H8cl9yb8y1Ub.jpg,[],[],"[{""iso_3166_1"": ""KR"", ""name"": ""South Korea""}]","[{""english_name"": ""Korean"", ""iso_639_1"": ""ko"", ""name"": ""\ud55c\uad6d\uc5b4/\uc870\uc120\ub9d0""}]","[""KR""]",null
185976,Brúðubíllinn,Brúðubíllinn,,,Released,False,True,2005-04-14,0,0,0,0.0286,0.0,0,is,,,,,[],[],[],[],"[""IS""]",null
185977,Headstrong,Bille en tête,"Based on a popular novel with the English title Devil in the Flesh by Alexandre Jardin, this little drama tells the story of Virgile (Thomas Langmann), a sixteen-year old boy who has grown tired of being a virgin, and decides to seduce Carla (Kristin Scott-Thomas), an older woman. Rather to his surprise, despite his callowness, she proves to be quite willing.",,Released,False,False,1989-06-20,92,0,0,0.4492,5.0,2,fr,,tt0092903,/wOBUGOzrPlR8qAPG6CRVYWIE0zt.jpg,/fNfzTzNvImRXp40MH6mWrCmI4zk.jpg,[],[],[],"[{""english_name"": ""French"", ""iso_639_1"": ""fr"", ""name"": ""Fran\u00e7ais""}]","[""FR""]",null
185931,More Than Puppy Love,More Than Puppy Love,"This is the story of a girl, her dog, and a man who needs to regain his self-reliance. Curtis Peterson, a strong, vital man in his late twenties, and his wife Marie want to start a family. Tragedy strikes when Curtis is paralyzed in a construction accident. Meanwhile, another family welcomes an addition to its household. Teenager Steve Barnett adopts an 8 week old puppy to train as part of a church project. The Barnett family is to house-train Banner for a year. Then the dog would be returned to the Kansas Specialty Dog Service, where it will be trained to assist the disabled and visually impaired. Steve's sister, 8 year old Emily, ends up taking care of Banner, and falls in love with the dog. Her happiness is offset by the tragic circumstances affecting Curtis and Marie. When Marie takes a job as a waitress to support the family, Curtis is left to sit at home alone, wallowing in self pity.",,Released,False,False,2000-02-25,90,0,0,0.6063,8.5,3,en,,tt0263761,/plnmvVE8x1hvZE0JkwzUiRDua3n.jpg,/yEVM4pkF4yqnB1nkqIVMdDwZzjj.jpg,"[{""id"": 10751, ""name"": ""Family""}]",[],"[{""iso_3166_1"": ""US"", ""name"": ""United States of America""}]","[{""english_name"": ""English"", ""iso_639_1"": ""en"", ""name"": ""English""}]","[""US""]",null
185981,Lounge Chair,La Méridienne,"This uneven comedy of manners concerns a young film projectionist (Jerome Ange) who sets out to find a marriageable woman. He sets his sights on two women he has lived with for nearly ten years (Kristin Scott-Thomas and Sylvie Orcier). For some reason, the projectionist encourages one of the women to hire a private detective (Patrice Kerbrat) to monitor his romantic activities.",,Released,False,False,1988-05-18,80,0,0,0.3126,5.0,7,fr,,tt0095625,/fJVpAVfrf7I9EPuBNpRCa9Hq4hN.jpg,,"[{""id"": 18, ""name"": ""Drama""}, {""id"": 35, ""name"": ""Comedy""}]","[{""id"": 22587, ""logo_path"": null, ""name"": ""CAB Productions"", ""origin_country"": ""CH""}, {""id"": 1245, ""logo_path"": ""/suKdkPTtHn0DzGYmrXCA506dJON.png"", ""name"": ""TSR"", ""origin_country"": ""CH""}, {""id"": 110694, ""logo_path"": null, ""name"": ""AO Productions"", ""origin_country"": """"}]","[{""iso_3166_1"": ""FR"", ""name"": ""France""}, {""iso_3166_1"": ""CH"", ""name"": ""Switzerland""}]","[{""english_name"": ""French"", ""iso_639_1"": ""fr"", ""name"": ""Fran\u00e7ais""}]","[""US"", ""CH""]",null
185991,Plaisir d'offrir,Plaisir d'offrir,"It is the story of Pierre, a considerate husband who is vaguely obsessional and a touch sensitive. It is also the story of Claire, a strong-minded woman who loves literature and is at times obsessed with beards.",,Released,False,False,1995-05-11,8,0,0,0.1568,0.0,0,fr,,tt0114139,,,"[{""id"": 35, ""name"": ""Comedy""}]",[],[],[],"[""FR""]",null
185985,Valentino! I love you,Valentino! I love you,,,Released,False,False,1991-05-11,12,0,0,0.2065,0.0,1,en,,tt0379572,/g0gjMRdL8NVMhxCnPqeHQQhMszJ.jpg,,"[{""id"": 35, ""name"": ""Comedy""}]",[],[],"[{""english_name"": ""French"", ""iso_639_1"": ""fr"", ""name"": ""Fran\u00e7ais""}]","[""US""]",null
185992,Mayday,"En mai, fais ce qu'il te plaît",This a beautiful May evening. The sun has just set behind the hill. Tonight the inhabitants of the Le Corbusier housing unit are going to experience a slight change of program. They are all sitting in front of their TV sets and in twelve minutes the face of the new President of the Republic will appear on the screens..,,Released,False,False,1995-03-14,82,0,0,0.2597,0.0,0,fr,,tt0112954,/k5QAI7bt5EKdxEeFmALbIQ6EDP1.jpg,,[],"[{""id"": 6274, ""logo_path"": ""/ngZoa368SAnERTz3IBvgTT4eWeB.png"", ""name"": ""MK2 Films"", ""origin_country"": ""FR""}]","[{""iso_3166_1"": ""FR"", ""name"": ""France""}]","[{""english_name"": ""French"", ""iso_639_1"": ""fr"", ""name"": ""Fran\u00e7ais""}]","[""FR""]",null
185987,Black Rain,黒い雨,"Shigematsu Shizuma, who lives with his family in a village near Fukuyama, was in Hiroshima with his wife and niece just after the devastating atomic bombing, a tragedy that cruelly took the lives of thousands of people and forever marked the harsh existence of the survivors.",We do not live only to die.,Released,False,False,1989-05-13,123,0,0,2.9454,7.6,129,ja,,tt0097694,/uHL1uJoXZeU2zG0MMcXhfgw00tB.jpg,/zX4dTyfvFoyo7dTgQa9i6s3TY3r.jpg,"[{""id"": 18, ""name"": ""Drama""}, {""id"": 36, ""name"": ""History""}]","[{""id"": 45824, ""logo_path"": null, ""name"": ""Hayashibara Group"", ""origin_country"": ""JP""}, {""id"": 10444, ""logo_path"": null, ""name"": ""Imamura Productions"", ""origin_country"": ""JP""}, {""id"": 1780, ""logo_path"": ""/4Qzhr7FxVtaMwmsh7118G3yvOhO.png"", ""name"": ""TFC"", ""origin_country"": ""JP""}]","[{""iso_3166_1"": ""JP"", ""name"": ""Japan""}]","[{""english_name"": ""Japanese"", ""iso_639_1"": ""ja"", ""name"": ""\u65e5\u672c\u8a9e""}]","[""JP""]",null
185994,Lehi's Land of First Inheritance,Lehi's Land of First Inheritance,"This beautifully filmed documentary takes you on an incredible journey through Mexico and Guatemala, and provides highlight from more than thirty years of groundbreaking research and travel conducted by renowned LDS scholars. Based on his highly acclaimed book, Exploring the Lands of the Book of Mormon, Joseph L. Allen, introduces you to some of the astonishing parallels between the Book of Mormon and the archaeology, written language, history, culture and geography of ancient and modern Central America. Join LDS author Chris Heimerdinger, as Dr. Allen establishes a standardized criteria for legitimate study of Book of Mormon geography, along with new evidence for Lehi's land site",Explore the Lands of the Book of Mormon,Released,False,False,2002-01-01,60,0,0,0.0071,0.0,0,en,,,,,[],[],[],[],"[""US""]",null
185993,Bóbó Bangsi og vinir hans - Sjóræningjaeyjan,Bóbó Bangsi og vinir hans - Sjóræningjaeyjan,,,Released,False,True,1990-04-14,0,0,0,0.0143,0.0,0,is,,,,,"[{""id"": 10770, ""name"": ""TV Movie""}]",[],[],[],"[""IS""]",null
185995,Plus Minus,Plus Minus,A short avant-garde film from Finnish director Eino Ruutsalo.,,Released,False,False,1967-01-01,6,0,0,0.1032,6.0,2,fi,,tt1849040,,,"[{""id"": 18, ""name"": ""Drama""}, {""id"": 16, ""name"": ""Animation""}]","[{""id"": 62070, ""logo_path"": null, ""name"": ""Eino Ruutsalo"", ""origin_country"": ""FI""}]","[{""iso_3166_1"": ""FI"", ""name"": ""Finland""}]","[{""english_name"": ""No Language"", ""iso_639_1"": ""xx"", ""name"": ""No Language""}]","[""FI""]",null
185997,Buddy Guy Marciac Festival,Buddy Guy Marciac Festival,Buddy Guy at the Marciac Festival in France,,Released,False,False,,0,0,0,0.0998,0.0,0,en,,,,,[],[],[],[],"[""US""]",null
185998,Sweepstake Annie,Sweepstake Annie,A young woman who works in the movie business buys a sweepstakes ticket that turns out to be a winner. Her stroke of luck changes her life around--and not necessarily for the better.,,Released,False,False,1935-01-29,81,0,0,0.4173,4.0,4,en,,tt0027063,,/yGMUffJUF6WozWWUjpSJhl5uAuN.jpg,"[{""id"": 35, ""name"": ""Comedy""}]","[{""id"": 20938, ""logo_path"": null, ""name"": ""Liberty Pictures"", ""origin_country"": ""US""}]","[{""iso_3166_1"": ""US"", ""name"": ""United States of America""}]","[{""english_name"": ""English"", ""iso_639_1"": ""en"", ""name"": ""English""}]","[""US""]",null
186006,Love & Confusions,Amour & confusions,"Amour et confusions is a French film which was released in 1997. It stars Patrick Braoudé, Kristin Scott Thomas and Valeria Bruni Tedeschi.",,Released,False,False,1997-02-04,105,0,0,0.4976,4.0,6,fr,,tt0118612,/ekUN7dZiYbxTnut7bQB1Wf65zcq.jpg,/yC1O5eLvGuhu5m0DLqFxjPw5I6w.jpg,"[{""id"": 35, ""name"": ""Comedy""}]",[],[],"[{""english_name"": ""French"", ""iso_639_1"": ""fr"", ""name"": ""Fran\u00e7ais""}]","[""FR""]",null
186000,Souvenir,Souvenir,"An elliptical, poetic film about an American woman sportswriter who wanders around Paris remembering traumatic experiences in her life.",,Released,False,False,1996-06-13,74,0,0,0.6435,4.0,3,en,,tt0108182,/p7XoHfFvqmhihN0RwaOHtpz8rpD.jpg,/aC54OEeE7yGWDhO0hQeuDc57x4e.jpg,"[{""id"": 18, ""name"": ""Drama""}]","[{""id"": 729, ""logo_path"": ""/hNxGdbddbsDDnEWJ7RNLcGCRSLQ.png"", ""name"": ""Why Not Productions"", ""origin_country"": ""FR""}]","[{""iso_3166_1"": ""FR"", ""name"": ""France""}, {""iso_3166_1"": ""US"", ""name"": ""United States of America""}]",[],"[""US""]",null
186007,Chicago Blues Live- Disc1 - 2 & 3,Chicago Blues Live- Disc1 - 2 & 3,"Interviews and performances by the men who shaped the tough urban blues sound of Chicago. Dick Gregory provides the commentary, whilst sessions are provided by Muddy Waters, Johnnie Lewis, Floyd Jones, Buddy Guy, Junior Wells and J.B. Hutto.",,Released,False,True,2006-01-16,0,0,0,0.0535,7.0,1,en,,,,,"[{""id"": 10402, ""name"": ""Music""}]","[{""id"": 46333, ""logo_path"": null, ""name"": ""Delta Music PLC"", ""origin_country"": """"}]","[{""iso_3166_1"": ""GB"", ""name"": ""United Kingdom""}]",[],"[""US"", ""GB""]",null
186010,The Jump,Hyppy,An experimental short film from Finnish director Eino Ruutsalo.,,Released,False,False,1965-01-01,4,0,0,0.358,6.0,1,fi,,tt1909780,,,[],"[{""id"": 62070, ""logo_path"": null, ""name"": ""Eino Ruutsalo"", ""origin_country"": ""FI""}]","[{""iso_3166_1"": ""FI"", ""name"": ""Finland""}]","[{""english_name"": ""No Language"", ""iso_639_1"": ""xx"", ""name"": ""No Language""}]","[""FI""]",null
186008,James Brown: Live From The House Of Blues,James Brown: Live From The House Of Blues,"The hardest working man in show business brings down the House of Blues with a live concert event in Las Vegas. Recorded with high definition equipment, James Brown's influential music, uninhibited style and energetic stage presence are captured like never before. Generations of fans rejoice as the undisputed ""Godfather of Soul"" takes his diverse audience on a journey through five decades of chart-topping hits. Also includes an interview with Brown. Songs: Get Up Offa That Thing, Gonna Have a Funky Good Time, Living in America, Popcorn, Soul Power, Soul Man, I Got the Feeling, Hot Pants, Try Me, Prisoner of Love, Georgia on My Mind, If I Ruled the World, Why Don't You Do It Right, Papa's Got a Brand New Bag, Funk on a Roll, I Feel Good, Payback, Papa Don't Take No Mess, Please Please Please, Sex Machine.",,Released,False,True,1999-01-03,75,0,0,0.1786,0.0,0,en,,,/qM6Sx9wZjJTzxG9fhfgF7f72PKx.jpg,,"[{""id"": 10402, ""name"": ""Music""}]",[],[],"[{""english_name"": ""English"", ""iso_639_1"": ""en"", ""name"": ""English""}]","[""US""]",null
186011,John Lee Hooker - Live In Montreal,John Lee Hooker - Live In Montreal,"The world's greatest blues singer, John Lee Hooker reached legendary status with his deep, weathered voice and distinctive chugging rhythms. His influence spread to an entire generation of blues-tinged rockers, including The Rolling Stones and The Doors. Hooker's music is a lesson in deep blues, and here he revisits some of his most familiar material, including ""Boom Boom"" and his biggest hit, ""I'm in the Mood."" Filled with frisky, guitar-driven boogies and heartsick ballads, this is the blues at its very best! Songs: It Serves Me Right to Suffer, One Bourbon One Scotch One Beer, I'll Never Get Out of These Blues Alive, Roll Me Like You Roll a Wagon Wheel, Boom Boom, I'm in the Mood, Look at What You Did to My Life, Chicken and Gravy, We're Gonna Do the Shout.",,Released,False,False,2002-09-24,0,0,0,0.0,10.0,1,en,,,/AoKdAy9Hszu3F1bMa3ZmEda03EQ.jpg,,"[{""id"": 10402, ""name"": ""Music""}]",[],[],"[{""english_name"": ""English"", ""iso_639_1"": ""en"", ""name"": ""English""}]","[""US""]",null
186014,Marvin Gaye - Greatest Hits Live in '76,Marvin Gaye - Greatest Hits Live in '76,"Recorded live on Marvin Gaye's first European tour in 1976, at the Edenhalle Concert Hall, in Amsterdam, Holland.",,Released,False,True,1976-10-09,52,0,0,0.1861,6.8,4,en,,tt0498242,/p4iDG1nbMjSkFRcO5cpez9JiL3X.jpg,/q9Sl5MiOXWgxMhLS4KjjyJ1y8DW.jpg,"[{""id"": 10402, ""name"": ""Music""}]","[{""id"": 288049, ""logo_path"": null, ""name"": ""Eagle Rock"", ""origin_country"": """"}]","[{""iso_3166_1"": ""NL"", ""name"": ""Netherlands""}]","[{""english_name"": ""English"", ""iso_639_1"": ""en"", ""name"": ""English""}]","[""NL""]",null
186015,Stevie Ray Vaughan: Live at the Wax Museum Nightclub,Stevie Ray Vaughan: Live at the Wax Museum Nightclub,Stevie Ray Vaughan: Live at the Wax Museum Nightclub in 1983.,,Released,False,False,,0,0,0,0.0,10.0,2,en,,,,,[],[],[],[],"[""US""]",null
186017,Stevie Ray Vaughan Live in Amarillo Texas,Stevie Ray Vaughan Live in Amarillo Texas,Stevie Ray Vaughan Live in Amarillo Texas 1989.,,Released,False,False,,0,0,0,0.0239,0.0,0,en,,,,,[],[],[],[],"[""US""]",null
186018,Stevie Ray Vaughan South Texas Tornado Jam,Stevie Ray Vaughan South Texas Tornado Jam,"Decent quality Pro-shot Broadcast recordings of Stevie Ray Vaughan, recorded live at Steve Ely’s South Texas Tornado Jam, in Manor Downs, TX on July 11th, 1981.  DVD has a total running time of 29 minutes, and quality is about 7/10.  Tracks are as follows:  Come on Look at little sister Dirty pool Love struck baby You’ll be mine Manic depression",,Released,False,False,,0,0,0,0.0973,0.0,0,en,,,,,[],[],[],[],"[""US""]",null
186019,Sandow: The Strong Man,Sandow: The Strong Man,"Eugen Sandow, who claims to be the strongest man in the world, appears in the Edison Company's film studio.",,Released,False,False,1894-05-18,1,0,0,0.374,5.1,44,xx,,tt0203853,/beaxxBLlDpafl1nrYZrPvhr7FbV.jpg,/zhhzzUDglCAnZc2YahDcir14mAe.jpg,"[{""id"": 99, ""name"": ""Documentary""}]","[{""id"": 18758, ""logo_path"": ""/fe3cMUJLhbkTM9PDxdDA8hQpAxp.png"", ""name"": ""Edison Studios"", ""origin_country"": ""US""}]","[{""iso_3166_1"": ""US"", ""name"": ""United States of America""}]","[{""english_name"": ""No Language"", ""iso_639_1"": ""xx"", ""name"": ""No Language""}]","[""US""]",null
186024,The Last Hope: U-Boat 864,Am Ende die Hoffnung,"Germany, 1945: The 25-year-old Ellen is active in the resistance movement against the Nazis. When she meets Robert, a charismatic English secret agent, the two begin to have an affair. Ellen is ordered to spy on the German naval officer Hans. He is scheduled to serve as Chief Officer aboard the submarine U 864, which has been given a secret mission. Against her will, Ellen falls for Hans. Although he is engaged to another woman, Hans is strongly attracted to her as well. Eventually, Ellen succeeds in delivering critical information the submarines precise route to Japan. The English had suspected that Hitler planned to deliver his ominous wonder weapon to the weakened Japanese. The U 864 leaves its port. Because the war has been going badly for the Germans, the mood onboard is grim.",,Released,False,False,2011-10-17,110,0,0,0.5183,5.9,9,de,,tt2071407,/ihp3wcHOPi8QJ9GWPMFmNsEmFXg.jpg,/kWrRq28Qxv8UlFfhLCDmQhKiT2A.jpg,"[{""id"": 18, ""name"": ""Drama""}, {""id"": 36, ""name"": ""History""}, {""id"": 10770, ""name"": ""TV Movie""}]","[{""id"": 27877, ""logo_path"": null, ""name"": ""FILM27 Multimedia Produktions GmbH"", ""origin_country"": ""AT""}]","[{""iso_3166_1"": ""AT"", ""name"": ""Austria""}]","[{""english_name"": ""German"", ""iso_639_1"": ""de"", ""name"": ""Deutsch""}]","[""DE"", ""AT""]",null
186021,Caicedo (with Pole),Caicedo (with Pole),King of the slack wire. His daring feats of balancing as he performs his thrilling feats in midair show that he is perfectly at home.,,Released,False,False,1894-07-25,1,0,0,0.0829,6.0,45,en,,tt0241282,/ccX52HSqICXInX5O5z0DZjLIhTH.jpg,/he0GCozTKXfdZE3AhfX23oaGPST.jpg,"[{""id"": 99, ""name"": ""Documentary""}]","[{""id"": 18758, ""logo_path"": ""/fe3cMUJLhbkTM9PDxdDA8hQpAxp.png"", ""name"": ""Edison Studios"", ""origin_country"": ""US""}]","[{""iso_3166_1"": ""US"", ""name"": ""United States of America""}]","[{""english_name"": ""No Language"", ""iso_639_1"": ""xx"", ""name"": ""No Language""}]","[""US""]",null
186022,Furious Slaughter,黑虎門,"When a martial arts expert discovers the existence of an illegal slave trade in the 1930s, he goes to great lengths to overthrow it.",,Released,False,False,1972-03-31,86,0,0,1.1078,8.2,2,zh,,tt0072290,/bFFKE7VX7fsI3BXJd7Z0WzfI8tX.jpg,/61IRuPbKyMmsxU0bm1nWOZ4klnz.jpg,"[{""id"": 28, ""name"": ""Action""}]","[{""id"": 14104, ""logo_path"": null, ""name"": ""First Films"", ""origin_country"": """"}]","[{""iso_3166_1"": ""HK"", ""name"": ""Hong Kong""}]","[{""english_name"": ""Mandarin"", ""iso_639_1"": ""zh"", ""name"": ""\u666e\u901a\u8bdd""}]","[""HK""]",null
186025,Big Brother: Shit,Big Brother: Shit,"The creators of the skateboarding magazine Big Brother go on an East Coast tour, and get into some pretty wild shenanigans.",,Released,False,False,1996-04-14,48,0,0,0.0961,6.2,4,en,,tt6978490,/8WZHYMRN3kFFXd6glIA6BLpniOm.jpg,,"[{""id"": 99, ""name"": ""Documentary""}]","[{""id"": 158497, ""logo_path"": null, ""name"": ""Big Brother Magazine"", ""origin_country"": """"}]","[{""iso_3166_1"": ""US"", ""name"": ""United States of America""}]","[{""english_name"": ""English"", ""iso_639_1"": ""en"", ""name"": ""English""}]","[""US""]","{""id"": 218402, ""name"": ""The Big Brother Collection"", ""poster_path"": ""/sjmiSsXFJpy17c88qWqhsmhSu1G.jpg"", ""backdrop_path"": null}"
186026,Big Brother: Number Two,Big Brother: Number Two,"The Big Brother Number Two video featured Johnny Knoxville, Johnny Lee Countee, Kareem Campbell, Ronnie Creager, Jeremy Wray, Donny Barley, Heath Kirchart, Bill Pepper, SAD, Karma Tsocheff, Clyde Singleton, Dave Mayhew, Daewon Song, Gershon Mosley, Spencer Fujimoto, Jeff Pang, Ben Liversedge, Ed Templeton, Erik Ellington, Kerry Getz, Rodney Torres, and more.",,Released,False,False,1998-04-14,44,0,0,0.4494,5.0,2,en,,tt11005796,/dXcCabG9a049fZ5hrd4FyRKLl7D.jpg,,"[{""id"": 99, ""name"": ""Documentary""}, {""id"": 35, ""name"": ""Comedy""}]","[{""id"": 158497, ""logo_path"": null, ""name"": ""Big Brother Magazine"", ""origin_country"": """"}]",[],"[{""english_name"": ""English"", ""iso_639_1"": ""en"", ""name"": ""English""}]","[""US""]","{""id"": 218402, ""name"": ""The Big Brother Collection"", ""poster_path"": ""/sjmiSsXFJpy17c88qWqhsmhSu1G.jpg"", ""backdrop_path"": null}"
186030,D.I.Y. Hard,D.I.Y. Hard,A hostage situation takes an unusual turn.,,Released,False,False,2002-09-30,10,0,0,0.4619,8.7,3,en,,tt0376551,/zQUQKUc5AfBfhvN8B6kxoGndcod.jpg,,"[{""id"": 35, ""name"": ""Comedy""}, {""id"": 80, ""name"": ""Crime""}]","[{""id"": 127751, ""logo_path"": null, ""name"": ""First Film Foundation"", ""origin_country"": """"}]","[{""iso_3166_1"": ""GB"", ""name"": ""United Kingdom""}]",[],"[""US"", ""GB""]",null
186028,Born to Gamble,Born to Gamble,A wealthy man relates how gambling had tragic consequences for his family.,,Released,False,False,1935-07-09,63,0,0,0.9363,4.8,4,en,,tt0026131,/qQCG03rwaU4vfULNKNjakgtzq7T.jpg,,"[{""id"": 18, ""name"": ""Drama""}]","[{""id"": 20938, ""logo_path"": null, ""name"": ""Liberty Pictures"", ""origin_country"": ""US""}]","[{""iso_3166_1"": ""US"", ""name"": ""United States of America""}]","[{""english_name"": ""English"", ""iso_639_1"": ""en"", ""name"": ""English""}]","[""US""]",null
186033,Buddy Guy: Live Montreal Jazz Festival,Buddy Guy: Live Montreal Jazz Festival,Buddy Guy live at the Montreal Jazz Festival in 1997.,,Released,False,False,1997-07-06,0,0,0,0.0143,0.0,0,en,,,,,[],[],[],[],"[""US""]",null
186029,Big Brother: Crap,Big Brother: Crap,"Nearly two years in the making with a budget of 75 million rubles, crap brings to the silver screen the story of a boy and the crap that is his life.",,Released,False,True,2001-04-14,69,0,0,0.3742,6.0,2,en,,tt10308440,/tmS4fhfpRXzbsGtPWsLipq32CTK.jpg,,"[{""id"": 28, ""name"": ""Action""}, {""id"": 35, ""name"": ""Comedy""}, {""id"": 99, ""name"": ""Documentary""}]","[{""id"": 158497, ""logo_path"": null, ""name"": ""Big Brother Magazine"", ""origin_country"": """"}]","[{""iso_3166_1"": ""US"", ""name"": ""United States of America""}]","[{""english_name"": ""English"", ""iso_639_1"": ""en"", ""name"": ""English""}]","[""US""]","{""id"": 218402, ""name"": ""The Big Brother Collection"", ""poster_path"": ""/sjmiSsXFJpy17c88qWqhsmhSu1G.jpg"", ""backdrop_path"": null}"
186038,Group Portrait with a Lady,Gruppenbild mit Dame,"Leni Gruyetin, a resident of Nazi Germany, lives a tumultuous life as she bears witness to the fascist regime of the Nazis.",,Released,False,False,1977-05-25,100,0,0,0.7373,4.7,12,de,,tt0076113,/iTwu30DFGgDNdUJ6Zwz7OzcbfXd.jpg,/rkczFaQMxfzPvnQB3rMpKImBPFN.jpg,"[{""id"": 18, ""name"": ""Drama""}, {""id"": 36, ""name"": ""History""}, {""id"": 10749, ""name"": ""Romance""}]","[{""id"": 94051, ""logo_path"": null, ""name"": ""Stella Film"", ""origin_country"": ""DE""}, {""id"": 94052, ""logo_path"": null, ""name"": ""Cinema 77 4.KG Berlin"", ""origin_country"": """"}, {""id"": 64, ""logo_path"": null, ""name"": ""Les Productions Artistes Associ\u00e9s"", ""origin_country"": ""FR""}]","[{""iso_3166_1"": ""DE"", ""name"": ""Germany""}, {""iso_3166_1"": ""FR"", ""name"": ""France""}]","[{""english_name"": ""Russian"", ""iso_639_1"": ""ru"", ""name"": ""P\u0443\u0441\u0441\u043a\u0438\u0439""}, {""english_name"": ""German"", ""iso_639_1"": ""de"", ""name"": ""Deutsch""}, {""english_name"": ""French"", ""iso_639_1"": ""fr"", ""name"": ""Fran\u00e7ais""}]","[""DE""]",null
186041,Wet Woman,濡れた女,Pinku from 1965.,,Released,False,False,1965-10-01,77,0,0,0.4283,0.0,0,ja,,tt2367290,,,[],"[{""id"": 75740, ""logo_path"": null, ""name"": ""Tokyo Kikaku Co., Ltd."", ""origin_country"": ""JP""}]","[{""iso_3166_1"": ""JP"", ""name"": ""Japan""}]","[{""english_name"": ""Japanese"", ""iso_639_1"": ""ja"", ""name"": ""\u65e5\u672c\u8a9e""}]","[""JP""]",null
186044,The Ultimate Fighter 17 Finale,The Ultimate Fighter 17 Finale,"The Ultimate Fighter: Team Jones vs. Team Sonnen Finale (also known as The Ultimate Fighter 17 Finale) was a mixed martial arts event held by the Ultimate Fighting Championship. It took place on April 13, 2013 at the Mandalay Bay Events Center in Las Vegas, Nevada. The main event featured a bout between the former WEC Featherweight Champion Urijah Faber and long time bantamweight contender Scott Jorgensen.",,Released,False,True,2013-04-13,0,0,0,0.1133,0.0,0,en,,,,,[],[],[],[],"[""US""]",null
186045,Yume dorei,夢どれい,"Yuko, a beautiful married woman obsessed with SM delusions. Tachibana, the director at Tachibana Hospital where she is treated. Assistant Furuya. Nurse Megumi. Under the guise of reverse treatment for her, they gradually drag Yuko into a sensual SM hell. Yuko becomes a slave to the ecstasy and irresistible pleasure caused by her intense delusions, and she begins to live as a true masochist...",A crazy...rope pilgrimage. A group of tattooed people writhing in the darkness in search of the white skin of a married woman!,Released,False,False,1987-09-26,49,0,0,1.2273,2.0,2,ja,https://www.nikkatsu.com/movie/26473.html,tt2301364,/kh3JOPEUd3HiiD7AyJ4OQ4FWBYm.jpg,/ufHkzcVWd7f4KOnZcFZW027WYzK.jpg,"[{""id"": 18, ""name"": ""Drama""}]","[{""id"": 128759, ""logo_path"": null, ""name"": ""Hoyusha"", ""origin_country"": ""JP""}, {""id"": 955, ""logo_path"": ""/5xnXD3PJI1HqOJceSAKZ3fDqO1V.png"", ""name"": ""Nikkatsu Corporation"", ""origin_country"": ""JP""}]","[{""iso_3166_1"": ""JP"", ""name"": ""Japan""}]","[{""english_name"": ""Japanese"", ""iso_639_1"": ""ja"", ""name"": ""\u65e5\u672c\u8a9e""}]","[""JP""]",null
186046,Mutiny Ahead,Mutiny Ahead,A wealthy playboy winds up getting himself involved with mobsters and a search for buried treasure.,,Released,False,False,1935-03-01,71,0,0,0.7233,4.0,1,en,,tt0026751,/yujIKlfF6bEZdiYhQylLRU0hjpd.jpg,/9UZsArxduw6D83KtPWvsrEfr9Gl.jpg,"[{""id"": 28, ""name"": ""Action""}, {""id"": 12, ""name"": ""Adventure""}]","[{""id"": 4977, ""logo_path"": null, ""name"": ""Larry Darmour Productions"", ""origin_country"": """"}]","[{""iso_3166_1"": ""US"", ""name"": ""United States of America""}]","[{""english_name"": ""English"", ""iso_639_1"": ""en"", ""name"": ""English""}]","[""US""]",null
186031,Hallow's End,Hallow's End,"Eight college students become trapped in an Annual Haunted House when an ancient spell turns them into their Halloween costumes. By night's end, a group of survivors will have to take one final stand against ghouls, ghosts, zombies and vampires.",Where Shadows Come Alive,Released,False,False,2003-10-28,90,0,0,0.2462,1.9,5,en,,tt0338088,/nkHKXV6BMysCzr759sAKBMf3CpM.jpg,/eECRaEUPDsVKgyitkNrpOH2KsTY.jpg,"[{""id"": 27, ""name"": ""Horror""}]","[{""id"": 2762, ""logo_path"": ""/leWVtGmp0pyr9pGOAz7WgZj2FjA.png"", ""name"": ""Highland Myst Entertainment"", ""origin_country"": ""US""}]","[{""iso_3166_1"": ""US"", ""name"": ""United States of America""}]","[{""english_name"": ""English"", ""iso_639_1"": ""en"", ""name"": ""English""}]","[""US""]",null
186047,I Am an S+M Writer,不貞の季節,"Kurosaki is an erotic novelist who uses his editor and a hired model to act out scenarios in his living room to use for inspiration in his writing. His wife Shizuko calls him a pervert but on the inside, she feels physically neglected. She tries to make him jealous, while also going after what she desires with someone else.",,Released,False,False,2000-09-02,88,0,0,0.9372,4.5,16,ja,,tt0266568,/oTiTmR5EsiIrhDBtWDYcN6NH4vN.jpg,/k9TeuY8lKQ14DEcMFkriFwLGYbD.jpg,"[{""id"": 35, ""name"": ""Comedy""}, {""id"": 18, ""name"": ""Drama""}]",[],"[{""iso_3166_1"": ""JP"", ""name"": ""Japan""}]","[{""english_name"": ""Japanese"", ""iso_639_1"": ""ja"", ""name"": ""\u65e5\u672c\u8a9e""}]","[""JP""]",null
186058,Mrs. Scarlet Rose,紅薔薇夫人,Based on the novel by Oniroku Dan.,,Released,False,False,2006-05-27,70,0,0,3.0121,4.7,3,ja,,tt1594443,/uPnm4hlqw1tUd14r1WGPSjKzoFo.jpg,,"[{""id"": 18, ""name"": ""Drama""}]",[],"[{""iso_3166_1"": ""JP"", ""name"": ""Japan""}]","[{""english_name"": ""Japanese"", ""iso_639_1"": ""ja"", ""name"": ""\u65e5\u672c\u8a9e""}]","[""JP""]",null
186060,Captive Market,奴隷市,"After a happily married couple running a hot spring resort are awakened to their sadomasochistic desires, their relationship will never be the same.",,Released,False,False,2012-12-01,71,0,0,1.3251,4.5,4,ja,,tt2495124,/nvipJHQbfcNAQHDxGSovTRNO1QL.jpg,/dhF40wPpQ8CF7E16SqeArhdrlBN.jpg,"[{""id"": 18, ""name"": ""Drama""}, {""id"": 53, ""name"": ""Thriller""}]","[{""id"": 62093, ""logo_path"": ""/tyQjGwV3sjkzvQTb7kwJOtSoYQO.png"", ""name"": ""All In Entertainment"", ""origin_country"": ""JP""}, {""id"": 73435, ""logo_path"": null, ""name"": ""Shintoho Pictures"", ""origin_country"": ""JP""}]","[{""iso_3166_1"": ""JP"", ""name"": ""Japan""}]","[{""english_name"": ""Japanese"", ""iso_639_1"": ""ja"", ""name"": ""\u65e5\u672c\u8a9e""}]","[""JP""]",null
186062,Roulette,Roulette,"When three very different people from three completely different worlds begin a deadly game of Russian Roulette, they soon discover that their pasts are a trilogy of overlapping events that have brought them together for one last session of group therapy.","What goes around, comes around.",Released,False,False,2012-03-30,113,0,0,0.5972,3.4,4,en,http://www.RouletteFilm.com,tt1294794,/9XLjdM3jvWr5NjVKWbQYmX87ReZ.jpg,,"[{""id"": 18, ""name"": ""Drama""}, {""id"": 53, ""name"": ""Thriller""}]","[{""id"": 110899, ""logo_path"": null, ""name"": ""Four-Fingered Films"", ""origin_country"": """"}, {""id"": 110900, ""logo_path"": null, ""name"": ""J65 Productions"", ""origin_country"": """"}, {""id"": 110901, ""logo_path"": null, ""name"": ""Golden Tiger Productions"", ""origin_country"": """"}]","[{""iso_3166_1"": ""US"", ""name"": ""United States of America""}]","[{""english_name"": ""English"", ""iso_639_1"": ""en"", ""name"": ""English""}]","[""US""]",null
186059,Eva & Lola,Eva y Lola,"Eva and Lola are close friends. While Eva tries to cope with her past creating a fantasy life, Lola does not want to handle with the truth of her real identity. Two friends with different views of the same story.",When truth is a secret,Released,False,False,2010-06-03,87,0,15452,0.2887,6.9,4,es,,tt1576406,/bbkHKMTQrU1CVXuQU2IvOqr61BT.jpg,/nzGlEZqffYKg1HCAu5teRof17wk.jpg,"[{""id"": 18, ""name"": ""Drama""}, {""id"": 10402, ""name"": ""Music""}, {""id"": 10749, ""name"": ""Romance""}]","[{""id"": 6458, ""logo_path"": ""/eT4oMUK7ODM0vvZue8yq3Ojwqf8.png"", ""name"": ""INCAA"", ""origin_country"": ""AR""}, {""id"": 133375, ""logo_path"": null, ""name"": ""Cooperativa de Trabajo Felei"", ""origin_country"": """"}, {""id"": 136185, ""logo_path"": null, ""name"": ""Zoelle Producciones"", ""origin_country"": """"}]","[{""iso_3166_1"": ""AR"", ""name"": ""Argentina""}]","[{""english_name"": ""Spanish"", ""iso_639_1"": ""es"", ""name"": ""Espa\u00f1ol""}]","[""AR""]",null
186066,National Mechanics,Mecánica Nacional,"A mechanic takes his family to a car race and a series of events occur which brings problems, betrayals, violence and the unexpected death of an elderly person.",,Released,False,False,1972-12-28,105,0,0,0.6019,7.25,24,es,,tt0134817,/dzDD0xoabcBpPra3YlcP1pWs20i.jpg,/wFFFnbabUNHif6aKFt7Qx242ZDP.jpg,"[{""id"": 35, ""name"": ""Comedy""}, {""id"": 18, ""name"": ""Drama""}]","[{""id"": 17785, ""logo_path"": null, ""name"": ""Producciones Escorpi\u00f3n"", ""origin_country"": """"}]","[{""iso_3166_1"": ""MX"", ""name"": ""Mexico""}]","[{""english_name"": ""Spanish"", ""iso_639_1"": ""es"", ""name"": ""Espa\u00f1ol""}]","[""MX""]",null
186068,Breaking the Frame,Breaking the Frame,"Breaking The Frame is a feature–length documentary portrait of the New York artist Carolee Schneemann by Canadian filmmaker Marielle Nitoslawska. A pioneer of performance and body art as well as avant-garde cinema, Schneemann has been breaking the frames of the art world for five decades, in a variety of mediums, challenging assumptions of feminism, gender, sexuality, and identity.",,Released,False,False,2012-09-01,100,0,0,0.0214,2.0,2,en,http://breakingtheframe.com/,tt2556028,,,"[{""id"": 99, ""name"": ""Documentary""}]",[],"[{""iso_3166_1"": ""CA"", ""name"": ""Canada""}]","[{""english_name"": ""English"", ""iso_639_1"": ""en"", ""name"": ""English""}]","[""US"", ""CA""]",null
186069,95 Worlds and Counting,95 Worlds and Counting,"Swimming in Neptune's moons, flying in Uranus' moons, jumping in Mars' moons, living in Jupiter's moons...welcome to the future of the mankind, where you'll see the next worlds for to discover.",,Released,False,False,2000-01-01,50,0,0,0.5113,0.0,0,en,,tt0472992,/xNbXr78AVxyE63HrJiNkRp4Fzm.jpg,,"[{""id"": 99, ""name"": ""Documentary""}]","[{""id"": 6790, ""logo_path"": ""/A0TzRpnwLcUcNgrvDJ0BIajf56b.png"", ""name"": ""Discovery"", ""origin_country"": ""US""}]",[],[],"[""US""]",null
186071,The Terrys,The Terrys,The Terrys is a short film by Tim Heidecker and Eric Wareheim.,,Released,False,False,2011-04-14,15,0,0,0.4015,4.9,7,en,,tt1851076,,,"[{""id"": 35, ""name"": ""Comedy""}]","[{""id"": 64264, ""logo_path"": ""/AgKhE4VyVeFLRWVlerhDUWGKeKH.png"", ""name"": ""Abso Lutely Productions"", ""origin_country"": ""US""}]","[{""iso_3166_1"": ""US"", ""name"": ""United States of America""}]","[{""english_name"": ""English"", ""iso_639_1"": ""en"", ""name"": ""English""}]","[""US""]",null
186074,One for the Road,La última y nos vamos,"Friday night in Mexico City... guided by three different ways of understanding the world, 20-year-olds, Juan, Rodrigo and Christian live after-hour adventures of friendship, love, and respect in a city marked by social differences.",,Released,False,False,2010-03-19,90,0,0,0.3264,6.8,22,es,,tt1139666,/tjVX1dQaMfOHh1fxvMLRiAktoZq.jpg,,"[{""id"": 18, ""name"": ""Drama""}, {""id"": 35, ""name"": ""Comedy""}]","[{""id"": 52035, ""logo_path"": null, ""name"": ""Envases Universales de Mexico"", ""origin_country"": """"}, {""id"": 36153, ""logo_path"": ""/6GG11MRe3j1o9BYbSfYBdYS0ntw.png"", ""name"": ""Cin\u00e9polis Producciones"", ""origin_country"": ""MX""}, {""id"": 20678, ""logo_path"": null, ""name"": ""Odeon"", ""origin_country"": ""GR""}, {""id"": 52036, ""logo_path"": null, ""name"": ""JB y Compania"", ""origin_country"": """"}, {""id"": 15878, ""logo_path"": ""/iUe12EMGBPSCXd9x2BwSawujZe.png"", ""name"": ""FIDECINE"", ""origin_country"": ""MX""}]","[{""iso_3166_1"": ""MX"", ""name"": ""Mexico""}]","[{""english_name"": ""Spanish"", ""iso_639_1"": ""es"", ""name"": ""Espa\u00f1ol""}]","[""MX""]",null
186077,My 2 Fathers,My 2 Fathers,A modern family sit down for pancakes.,,Released,False,False,2004-04-14,5,0,0,0.0423,0.0,0,en,,tt2392764,,,"[{""id"": 16, ""name"": ""Animation""}]","[{""id"": 54019, ""logo_path"": null, ""name"": ""Channel 101"", ""origin_country"": """"}]","[{""iso_3166_1"": ""US"", ""name"": ""United States of America""}]","[{""english_name"": ""English"", ""iso_639_1"": ""en"", ""name"": ""English""}]","[""US""]",null
186079,K2: Siren of the Himalayas,K2: Siren of the Himalayas,"Following a group of climbers attempting to climb K2 in 2009, on the 100-year anniversary of its landmark 1909 expedition. Experience the adventure, peril and serenity of a group's attempt to climb the most challenging peak on earth.",Experience the adventure.,Released,False,False,2012-11-02,80,0,0,0.1646,6.6,9,en,http://www.k2siren.com,tt2467442,/h7fJALCIvtzBjxIeMH5UL2AgMZF.jpg,/7Vx31HdIIlrk9z70hlXTFX3Twpp.jpg,"[{""id"": 12, ""name"": ""Adventure""}, {""id"": 99, ""name"": ""Documentary""}]","[{""id"": 14087, ""logo_path"": null, ""name"": ""Ursus Films"", ""origin_country"": """"}, {""id"": 14088, ""logo_path"": null, ""name"": ""Roped In Productions"", ""origin_country"": """"}]",[],"[{""english_name"": ""English"", ""iso_639_1"": ""en"", ""name"": ""English""}]","[""US""]",null
186080,I Killed Lucio Flavio,Eu Matei Lúcio Flávio,"In the early seventies in Rio de Janeiro, detective Mariel Moryscötte de Mattos belonged to a special police force called ""The Golden Men"". This powerful group of the elite of the police was created with the intention of eliminate crime from Rio de Janeiro, and they had privileges above law to expedite their action against the outlaws. However, absolute power in wrong hands corrupts, and this group formed the ""Death Squad"", executing criminals without the conventional trial from the justice.",,Released,False,False,1979-03-01,97,0,0,0.3704,4.0,6,pt,,tt0186071,/tWM1SAmd4nmjsHeaTTvnFmf9pPN.jpg,/sEejpjdop3fI1B8pbQl3KX9OwUp.jpg,"[{""id"": 80, ""name"": ""Crime""}, {""id"": 53, ""name"": ""Thriller""}]","[{""id"": 13699, ""logo_path"": null, ""name"": ""Magnus Filmes"", ""origin_country"": ""BR""}]","[{""iso_3166_1"": ""BR"", ""name"": ""Brazil""}]","[{""english_name"": ""Portuguese"", ""iso_639_1"": ""pt"", ""name"": ""Portugu\u00eas""}]","[""BR""]",null
186082,Muddy Boots,Muddy Boots,A journey back to a place that many wish they could go again.,,Released,False,False,2013-04-06,7,0,0,0.0143,0.0,0,en,,tt2748364,,,[],[],[],[],"[""US""]",null
186081,Águia na Cabeça,Águia na Cabeça,"A senator having contacts with illegal betting activities is killed by the man who is his right arm, who wanted to get his position. But the power structure resents this disturbance and can fall apart, specially since there's a witness.",,Released,False,False,1984-04-01,108,0,0,0.4946,4.8,5,pt,,tt0137284,/7XcYwTKsXqMJxgAwcVYrTNPQfCZ.jpg,,"[{""id"": 18, ""name"": ""Drama""}, {""id"": 80, ""name"": ""Crime""}]",[],[],"[{""english_name"": ""Portuguese"", ""iso_639_1"": ""pt"", ""name"": ""Portugu\u00eas""}]","[""PT""]",null
186083,Arietta,いじめて、ください。アリエッタ,"A young widow becomes an SM call girl to pay off the debts accumulated by her yakuza husband. She's a depressed woman, merely going through the motions of existence, subjected to every cruel whim concocted by her clients. She's dedicated to the misery - even finding comfort in it - stumbling through life like a zombie.",,Released,False,False,1989-07-29,52,0,0,0.8492,3.0,3,ja,,tt0287493,/9y972PfYOjQ6v8pB95cYGQZnYZA.jpg,,"[{""id"": 18, ""name"": ""Drama""}]","[{""id"": 83425, ""logo_path"": null, ""name"": ""Kuki"", ""origin_country"": """"}]","[{""iso_3166_1"": ""JP"", ""name"": ""Japan""}]","[{""english_name"": ""Japanese"", ""iso_639_1"": ""ja"", ""name"": ""\u65e5\u672c\u8a9e""}]","[""JP""]",null
186094,Starman: Yuri Gagarin,Starman: Yuri Gagarin,"On April 12, 1961, Yuri Gagarin became the first person in history to leave the Earth's atmosphere and venture into space. His flight aboard a Russian Vostok rocket lasted only 108 minutes, but at the end of it he had become the most famous man in the world. Back on the ground, his smiling face captured the hearts of millions around the globe. Film stars, politicians and pop stars from Europe to Japan, India to the United States vied with each other to shake his hand.",,Released,False,False,2011-06-30,58,0,0,0.0143,0.0,0,en,,,,,"[{""id"": 99, ""name"": ""Documentary""}]",[],[],[],"[""US""]",null
186086,Flesh Hell,肉地獄,Directorial debut from Oniroku Dan.,,Released,False,False,1971-01-01,74,0,0,0.2096,0.0,0,ja,,tt10825300,,,[],"[{""id"": 75494, ""logo_path"": null, ""name"": ""Oni Production"", ""origin_country"": """"}]","[{""iso_3166_1"": ""JP"", ""name"": ""Japan""}]","[{""english_name"": ""Japanese"", ""iso_639_1"": ""ja"", ""name"": ""\u65e5\u672c\u8a9e""}]","[""JP""]",null
186095,Jackson Browne: Going Home,Jackson Browne: Going Home,"This chronicle of Jackson Browne's remarkable career contains interviews, performances and rare footage spanning 25 years featuring Don Henley, Bonnie Raitt, David Crosby, Graham Nash, The Eagles, David Lindley, Jennifer Warnes and many more.",,Released,False,False,1994-09-03,91,0,0,0.1787,0.0,0,en,,tt0348648,/h2qlxbT73cSctzBdPUL1h2bmNef.jpg,,"[{""id"": 10402, ""name"": ""Music""}, {""id"": 99, ""name"": ""Documentary""}]","[{""id"": 94445, ""logo_path"": null, ""name"": ""Mojo Productions"", ""origin_country"": """"}]","[{""iso_3166_1"": ""US"", ""name"": ""United States of America""}]","[{""english_name"": ""English"", ""iso_639_1"": ""en"", ""name"": ""English""}]","[""US""]",null
186096,Zero,零戦燃ゆ,Two young men are recruited into the Japanese air force just before outbreak of WW2 by the test pilot of Japans new super fighter - the Zero. The movie is told in reverse from the point of one of the young men who don't qualify for the pilot training and instead joins the ground crew. It chronicles the entire history of the famous fighter from the first prototype test flights all through the war.,,Released,False,False,1984-08-11,128,6250000,2500000,1.6794,5.4,5,ja,,tt0088449,/nFgDg6ibOq6evWNgaXnLieHXIVn.jpg,/23BT0ZhVq9pYTzYUYGs4v84htxu.jpg,"[{""id"": 10752, ""name"": ""War""}]","[{""id"": 882, ""logo_path"": ""/fRSWWjquvzcHjACbtF53utZFIll.png"", ""name"": ""TOHO"", ""origin_country"": ""JP""}]","[{""iso_3166_1"": ""JP"", ""name"": ""Japan""}]","[{""english_name"": ""Japanese"", ""iso_639_1"": ""ja"", ""name"": ""\u65e5\u672c\u8a9e""}]","[""JP""]",null
186098,Dark Funeral - Attera Orbis Terrarum - Part I,Dark Funeral - Attera Orbis Terrarum - Part I,"This is the first DVD from the Swedish black metal band Dark Funeral. The group has been around since 1993, and their current lineup includes original guitarist Lord Ahriman and longtime vocalist Emperor Magus Caligula along with some newer members.  Attera Orbis Terrarum: Part I is a 2 DVD set that includes three live shows. The first one was recorded on March 12, 2005 in Katowic, Poland. Tilburg, Netherlands was the setting for the second concert and was recorded on March 5, 2006. The final concert on the DVD was filmed less than two weeks later in Paris, France.",,Released,False,False,2007-10-09,220,0,0,0.0,10.0,1,en,,,/653kKa5ZYN2iUzP8C4cNNfQBZj1.jpg,/pPRN019urWhWPDtU8ganZyNGU8a.jpg,"[{""id"": 10402, ""name"": ""Music""}]","[{""id"": 81881, ""logo_path"": null, ""name"": ""Regain Records"", ""origin_country"": """"}]","[{""iso_3166_1"": ""NL"", ""name"": ""Netherlands""}, {""iso_3166_1"": ""PL"", ""name"": ""Poland""}, {""iso_3166_1"": ""FR"", ""name"": ""France""}, {""iso_3166_1"": ""NO"", ""name"": ""Norway""}]","[{""english_name"": ""English"", ""iso_639_1"": ""en"", ""name"": ""English""}]","[""SE""]",null
186105,The Flower Girl,꽃파는 처녀,"The country is occupied by the Japanese imperialists. Koppun is selling flowers at the market to get some money to buy medicine for her sick mother. Her brother is imprisoned, her father dead and her sister blind.",,Released,False,False,1972-08-31,127,0,0,0.8589,6.6,8,ko,,tt0168937,/bbf6SgMgUxixi3zJnKpBChWEqCa.jpg,/kQtlDwGFi4rw97s7iHFFJsrJwVV.jpg,"[{""id"": 18, ""name"": ""Drama""}]","[{""id"": 45494, ""logo_path"": null, ""name"": ""Korean Film"", ""origin_country"": ""KP""}, {""id"": 67579, ""logo_path"": null, ""name"": ""Pak Bu San"", ""origin_country"": """"}]","[{""iso_3166_1"": ""KP"", ""name"": ""North Korea""}]","[{""english_name"": ""Korean"", ""iso_639_1"": ""ko"", ""name"": ""\ud55c\uad6d\uc5b4/\uc870\uc120\ub9d0""}]","[""KP""]",null
186100,The King of Rio,Rei do Rio,"Two friends get rich running an illegal gambling business. But soon they start to compete, and become rivals.",,Released,False,False,1985-06-11,107,0,0,0.6016,4.0,3,pt,,tt0089896,/wNopuJNWAHbOxWOt2xwyXMdZ1iO.jpg,/o8hbTJqL1aUHOZbySGHTLFvurYb.jpg,"[{""id"": 18, ""name"": ""Drama""}, {""id"": 80, ""name"": ""Crime""}]","[{""id"": 13118, ""logo_path"": ""/cHKq00BCpqb4tLSMkoD48TZ6IyO.png"", ""name"": ""LC Barreto"", ""origin_country"": ""BR""}]","[{""iso_3166_1"": ""BR"", ""name"": ""Brazil""}]","[{""english_name"": ""Portuguese"", ""iso_639_1"": ""pt"", ""name"": ""Portugu\u00eas""}]","[""BR""]",null
186107,Desaster:  live Party San Open Air 2003,Desaster:  live Party San Open Air 2003,"Party.San Open Air is a metal festival held annually in Schlotheim Flugplatz- Obermehler, Germany (near Muhlhausen). Desaster are a black/thrash metal band formed in Koblenz, Germany in 1988. Their lyrical themes involve war, hate and Satanism.",,Released,False,False,2003-04-14,0,0,0,0.0,0.0,0,en,,,,,[],[],[],[],"[""US""]",null
186108,Dimmu Borgir: Live at Wacken Open Air,Dimmu Borgir: Live at Wacken Open Air,"Dimmu Borgir rocked the Wacken Open Air crowd in 2001, unleashing a blistering set that included fan favorites like ""Kings of the Carnival Creation"" and ""Puritania.""  Their performance, featuring the iconic lineup of Nick Barker, ICS Vortex, and Mustis, is still celebrated by fans as a highlight of the band's career.",,Released,False,True,2001-04-14,22,0,0,0.0143,0.0,0,en,,,/y9cUeNqJRHGVvBQAf8KERrIsUYj.jpg,,[],[],[],[],"[""US""]",null
186110,Dr. Babasaheb Ambedkar,Dr. Babasaheb Ambedkar,"The movie tells the story of Dr. B. R. Ambedkar, known mainly for his contributions in shaping the Constitution of India, as the chairman of the Drafting Committee of the Indian Constituent Assembly. He dedicated his life to fight against the evils of untouchability.","They were segregated, humiliated, condemned...Until he changed the rules of the game.",Released,False,False,2000-12-15,180,1800000,0,0.4702,7.643,7,en,,tt0270321,/sDzNFWANWAmYgiAkbilm12Khzzp.jpg,/vrOAx7NH3endEFByfAIWYpmv06r.jpg,"[{""id"": 36, ""name"": ""History""}]","[{""id"": 32413, ""logo_path"": ""/jXHqu6xyG8l5mKwK66u5ahzYdfD.png"", ""name"": ""National Film Development Corporation of India"", ""origin_country"": ""IN""}, {""id"": 203872, ""logo_path"": null, ""name"": ""Government of Maharashtra"", ""origin_country"": """"}]","[{""iso_3166_1"": ""IN"", ""name"": ""India""}]","[{""english_name"": ""English"", ""iso_639_1"": ""en"", ""name"": ""English""}, {""english_name"": ""Hindi"", ""iso_639_1"": ""hi"", ""name"": ""\u0939\u093f\u0928\u094d\u0926\u0940""}, {""english_name"": ""Marathi"", ""iso_639_1"": ""mr"", ""name"": """"}]","[""IN""]",null
186109,Especialista en chamacas,Especialista en chamacas,"Young doctor Jaime attends his father's clinic where Diana, a singer, is carried by emergency. After operating it, Jaime falls in love Diana and decides to accompany her throw artistic caravan, where replaced a singer and quarrels by jealousy with Javier, a womanizer trying to conquer Diana.",,Released,False,False,1965-12-09,100,0,0,0.2139,6.2,5,es,,tt0264585,/8gi94vN47giNMA8l8spIMXF14gg.jpg,/6DEYhet8PTXHCl5ZehHbtlyjdUj.jpg,"[{""id"": 10749, ""name"": ""Romance""}, {""id"": 35, ""name"": ""Comedy""}]","[{""id"": 2463, ""logo_path"": null, ""name"": ""Filmex"", ""origin_country"": ""MX""}]","[{""iso_3166_1"": ""MX"", ""name"": ""Mexico""}]","[{""english_name"": ""Spanish"", ""iso_639_1"": ""es"", ""name"": ""Espa\u00f1ol""}]","[""MX""]",null
186111,Lost Behind Bars,Lost behind bars,A reporter tracing the effect of the death penalty stumbles across a murder mystery and a potentially innocent man set for execution.,,Released,False,False,2008-05-07,83,0,0,0.7702,3.4,5,en,,tt0893493,/21v5VDdl9XaLKRDh8yUkCBOGr2e.jpg,,"[{""id"": 18, ""name"": ""Drama""}, {""id"": 10770, ""name"": ""TV Movie""}]","[{""id"": 5225, ""logo_path"": ""/3oajd9v7Zxw7QvnnyhK5TFjDcFB.png"", ""name"": ""Johnson Production Group"", ""origin_country"": ""CA""}, {""id"": 3431, ""logo_path"": ""/6LVLYfZAEQfhJey0MGvhFXdDEK1.png"", ""name"": ""Lifetime"", ""origin_country"": ""US""}, {""id"": 2865, ""logo_path"": ""/5O0gp5QS3n9ZPRvWFxaWa6QPpGX.png"", ""name"": ""Insight Film Studios"", ""origin_country"": ""CA""}, {""id"": 4131, ""logo_path"": null, ""name"": ""Ignite Entertainment"", ""origin_country"": ""US""}]","[{""iso_3166_1"": ""CA"", ""name"": ""Canada""}]","[{""english_name"": ""English"", ""iso_639_1"": ""en"", ""name"": ""English""}]","[""CA"", ""US""]",null
186117,Little Red Riding Hood,Little Red Riding Hood,"Little Red Riding Hood, named so because of the red riding hood she wears, loves her granny. She's asked by her kind mother to take a basket of cakes and jam to her ill grandmother, who lives at the other side of the big woods.",,Released,False,False,1995-07-30,49,0,0,0.5567,6.6,28,ja,,tt1112117,/aILYBuiGnPZd3KwqDJpmzeQKMe2.jpg,/oI8m8jIGrUCt95nNo9pa7pn8799.jpg,"[{""id"": 10751, ""name"": ""Family""}, {""id"": 16, ""name"": ""Animation""}]","[{""id"": 8333, ""logo_path"": null, ""name"": ""Jetlag Productions"", ""origin_country"": ""US""}, {""id"": 12313, ""logo_path"": ""/1GUIuC1Pjk0oOWJuaS42zb9NF43.png"", ""name"": ""GoodTimes Entertainment"", ""origin_country"": ""US""}, {""id"": 20179, ""logo_path"": null, ""name"": ""Cayre Brothers"", ""origin_country"": """"}]","[{""iso_3166_1"": ""US"", ""name"": ""United States of America""}, {""iso_3166_1"": ""JP"", ""name"": ""Japan""}]",[],[],null
186119,The Perfect Clue,The Perfect Clue,"Mona Stewart, madcap, spoiled daughter of a wealthy man, becomes upset when she learns that her father is engaged to a woman she hates. She runs away, via various modes of transportation, and hires an ex-con, David Mannering, to drive her around as she eludes the all-out search conducted by her father and her fiancée, Ronnie Van Zandt. A romance is blossoming until her chauffeur is arrested for the murder of a crime-syndicate boss.",,Released,False,False,1935-03-13,64,0,0,0.7133,5.5,4,en,,tt0026863,/4LHlp4cMzBPwy1w3MB8hBGXwlWd.jpg,/rkXlE8FTCeF6zPCdcS8jcRMv2YK.jpg,"[{""id"": 35, ""name"": ""Comedy""}, {""id"": 80, ""name"": ""Crime""}]","[{""id"": 4977, ""logo_path"": null, ""name"": ""Larry Darmour Productions"", ""origin_country"": """"}]","[{""iso_3166_1"": ""US"", ""name"": ""United States of America""}]","[{""english_name"": ""English"", ""iso_639_1"": ""en"", ""name"": ""English""}]","[""US""]",null
186123,Les lendemains,Les lendemains,"With her baccalauréat under her belt, Audrey decides to continue her studies at Rennes university. She leaves the family nest, her best friend since childhood, and her boyfriend. Her new roommate introduces Audrey to political activism. From disillusions to difficulties, Audrey crosses paths with the young members of GRAL, a squatter group, who propose a different way of living and offer a new vision of the world. She decides to join them, becoming increasingly radical in the process.",,Released,False,False,2013-04-17,115,0,0,0.5383,3.2,4,fr,,tt2062577,/zOjbWgotJHLG6uIKRWYm06VVx9o.jpg,,"[{""id"": 18, ""name"": ""Drama""}]",[],[],"[{""english_name"": ""French"", ""iso_639_1"": ""fr"", ""name"": ""Fran\u00e7ais""}]","[""FR""]",null
186121,The Pit,The Pit,"Documentary directed by Johanna Lee's that explores the emotionally charged, cutthroat world of commodities trading. They try to make a living trading coffee on the New York Board of Trade before electronic trading threatens to make their way of life obsolete.",,Released,False,False,2009-10-22,64,0,0,0.5583,6.2,5,en,,tt1540052,,,"[{""id"": 99, ""name"": ""Documentary""}]",[],"[{""iso_3166_1"": ""US"", ""name"": ""United States of America""}]","[{""english_name"": ""English"", ""iso_639_1"": ""en"", ""name"": ""English""}]","[""US""]",null
186126,Le voile brûlé,Le voile brûlé,"A brother and sister pair of orphans live together in a suburban high-rise block. Each of them forges their own path. The brother spends most of his time helping his neighbors, while his sister is passionate about the theater. One of them lives closed off the from world in his public housing building, the other escapes from it by playing imaginary characters. But then one day, the brother refuses that his sister continue her theater studies. They then lock themselves in a painful fraternal battle, from which neither of them will emerge unscathed.",,Released,False,False,2013-04-17,100,0,0,0.1811,0.0,0,fr,,tt1842397,/agyKK11h7ioYUGFfKAo1UAPIfT.jpg,,"[{""id"": 18, ""name"": ""Drama""}]",[],[],"[{""english_name"": ""French"", ""iso_639_1"": ""fr"", ""name"": ""Fran\u00e7ais""}]","[""FR""]",null
186125,La Traversée,La Traversée,"Every summer, many people transit by sea between France and Algeria, between Marseille and Algiers. Cars loaded to the hood... packages of all kinds... men loaded with bags and stories. At sea, we are no longer in France and not yet in Algeria, and vice versa. From the singular confines of the boat, in the back and forth and the parenthesis of the journey, the crossing puts back in the heart of the passage these women and men brought up.",,Released,False,False,2006-05-03,55,0,0,0.0802,8.0,2,fr,,tt0988749,/xtjpCVq3U2hl7PIukw7cg7hdT5M.jpg,/ai8zblbPMn6HGdIUwUOcpBj5Xta.jpg,"[{""id"": 99, ""name"": ""Documentary""}]","[{""id"": 87195, ""logo_path"": null, ""name"": ""Les \u00c9crans du Large"", ""origin_country"": """"}, {""id"": 87196, ""logo_path"": null, ""name"": ""Alice Films"", ""origin_country"": ""FR""}, {""id"": 11286, ""logo_path"": ""/tRA2THz3uVsc5LayTeMz7fGyp65.png"", ""name"": ""Artline Films"", ""origin_country"": ""FR""}]","[{""iso_3166_1"": ""FR"", ""name"": ""France""}]","[{""english_name"": ""Arabic"", ""iso_639_1"": ""ar"", ""name"": ""\u0627\u0644\u0639\u0631\u0628\u064a\u0629""}, {""english_name"": ""French"", ""iso_639_1"": ""fr"", ""name"": ""Fran\u00e7ais""}]","[""FR""]",null
186127,Slow Life,Slow Life,,,Released,False,False,2013-04-17,72,0,0,0.0214,0.0,0,fr,,tt2849136,/e1GK3RbXy6eqlcHAy0sSY8M7SEv.jpg,,"[{""id"": 35, ""name"": ""Comedy""}, {""id"": 18, ""name"": ""Drama""}]",[],"[{""iso_3166_1"": ""FR"", ""name"": ""France""}]",[],"[""FR""]",null
186129,Forgiven,Forgiven,"Suburban housewife Liz discovers that husband Stephen is abusing their daughter. She confronts him and reports him to the authorities, but also decides to try to help him recover from what must be ""a sickness"". Stephen is tried and imprisoned. When he leaves prison, Liz arranges for him to receive treatment at a residential clinic for sex offenders, where he undergoes intensive therapy. Stephen finally faces his guilt and the consequences of his abuse. The family decide to rebuild their lives together. Is this right? Is it even possible? And – if they do - what's the emotional cost?",,Released,False,False,2007-08-15,75,0,0,0.9132,4.0,4,en,http://www.paulwilmshurst.com/info/projects/forgiven.html,tt0835456,/aPmqb6K5xziqVdqTNPCd7u86rKN.jpg,,[],[],[],"[{""english_name"": ""English"", ""iso_639_1"": ""en"", ""name"": ""English""}]","[""US""]",null
186132,Hillsong - For All You Have Done,Hillsong - For All You Have Done,"Recorded live in 2004 at The Sydney Entertainment Centre, with over 11,000 worshippers. You will be inspired and touched with the 15 worship songs on Double CD, from Darlene Zschech and the Hillsong Team!",,Released,False,False,2004-01-26,0,0,0,0.0143,0.0,0,en,http://www.hillsong.com,,/gOKTz0EpFTTTKeTawmUMCBdSwnp.jpg,,"[{""id"": 10402, ""name"": ""Music""}]",[],[],[],"[""US""]",null
186133,Freak City,Freak City,"After being diagnosed with Multiple Sclerosis, a rebellious young woman is disease-stricken. Upon being admitted to a nursing home, she finds hope in the most unlikely of places...",,Released,False,False,1999-01-16,104,0,0,0.9181,5.0,2,en,,tt0176734,/9kfIIeB1xdXAz2TXxKNiBaCz1vY.jpg,/jBRoHL2GzbFncjnSD1pBpvCGSFy.jpg,"[{""id"": 18, ""name"": ""Drama""}, {""id"": 10770, ""name"": ""TV Movie""}]","[{""id"": 279, ""logo_path"": null, ""name"": ""Single Cell Pictures"", ""origin_country"": ""US""}]","[{""iso_3166_1"": ""US"", ""name"": ""United States of America""}]","[{""english_name"": ""English"", ""iso_639_1"": ""en"", ""name"": ""English""}]","[""US""]",null
186137,Le ali della vita,Le ali della vita,"The end of the 1950s: Rosanna returns as a music teacher to the claustrophobic confines of the convent boarding school from which she escaped as a young girl. Her happy, understanding ways, unconventional teaching methods and deep love of music soon win her the hearts of her girl pupils. Vithold, a nice young doctor, is also fascinated by Rosanna and gradually manages to convince her of his deep feelings for her. Rosanna encounters rejection and hatred from Alberta, the Mother Superior, who has a deep belief in strict discipline and order, as well as from her close associate Sister Federica, who is severe to the point of inhumanity.",,Released,False,False,2000-03-21,200,0,0,0.2294,7.4,28,en,,tt0214461,/30H9vIvjvXhAtHMkQbRJwkXHW2e.jpg,/ydALCe5kg1SWAPYpaN7DDBmIN1E.jpg,[],[],"[{""iso_3166_1"": ""IT"", ""name"": ""Italy""}]","[{""english_name"": ""Italian"", ""iso_639_1"": ""it"", ""name"": ""Italiano""}]","[""US""]",null
186131,Fujian Blue,金壁辉煌,"In the wake of China's open-door policy in the early 1980's, Fujian was one of the first Chinese coastal provinces to be opened to the outside world. Many of the male residents opted to go abroad for work, leaving behind their wives and families. Two decades later, Fujian is a microcosm of Chinese modernity: there are palatial suburbs populated by lonely ""remittance widows""; neon-lit discotheques frequented by karaoke kids; coastal villages inhabited by impoverished fishermen and city centers dominated by gangs, snakeheads and language schools acting as fronts for organized human trafficking.",,Released,False,False,2007-10-01,90,0,0,0.5386,8.0,1,zh,,tt1135971,/fDBwsuihp4tgQdqjRVGKBAcnTqD.jpg,/3twEV1Z8uiosCRfJesF170RRNhB.jpg,"[{""id"": 18, ""name"": ""Drama""}]",[],"[{""iso_3166_1"": ""CN"", ""name"": ""China""}]","[{""english_name"": ""Mandarin"", ""iso_639_1"": ""zh"", ""name"": ""\u666e\u901a\u8bdd""}]","[""CN""]",null
186138,As Simple as That,به همین سادگی,"A mother and wife is on the brink of an attack. Hengameh Tahareh Ghaziani lives with her husband, her son and daughter in a middle class neighborhood, and spends his days taking care of their needs.",,Released,False,False,2008-03-19,97,0,0,0.3808,6.9,7,fa,,tt1303685,/lCigaFIFkKe9SgRVQvUwKlUL9H5.jpg,/gTkvNskvhYQckggJ8n1z8GesjJb.jpg,"[{""id"": 18, ""name"": ""Drama""}]","[{""id"": 75328, ""logo_path"": null, ""name"": ""Sureh Cinema Development Organization"", ""origin_country"": ""IR""}]","[{""iso_3166_1"": ""IR"", ""name"": ""Iran""}]","[{""english_name"": ""Persian"", ""iso_639_1"": ""fa"", ""name"": ""\u0641\u0627\u0631\u0633\u06cc""}]","[""IR""]",null
186139,DPRK: The Land Of Whispers,DPRK: The Land Of Whispers,"""Land of Whispers"" invites you to visit arguably the most unique and isolated travel destination in the world - not to criticize, but to observe and listen. Aside from usual highlights such as Pyongyang or Arirang, this unique one-man documentary brings you to areas such as Chongjin or Wonson, still virtually unknown to even google or wikipedia. There, I attempt to pierce through the ever-present 'national mythology' and as much as possible, I try to connect with people - such as the waitress mesmerized by tablet computers, or a tour guide cautiously fascinated by modern pop culture.","North Korea lies somewhere between a 1930′s Soviet Union frozen in time and a dark, futuristic vision of society… as imagined back in the 70′s.",Released,False,False,2013-03-28,58,0,0,0.168,6.5,6,en,http://etheriumsky.byethost15.com/?p=489,tt2885450,/uiS0ERCPuEtgv2SN5JNYw5iTbiL.jpg,/oUN3smw8irsQHOZq1ReMFwncN3N.jpg,"[{""id"": 99, ""name"": ""Documentary""}]",[],"[{""iso_3166_1"": ""KR"", ""name"": ""South Korea""}]","[{""english_name"": ""Korean"", ""iso_639_1"": ""ko"", ""name"": ""\ud55c\uad6d\uc5b4/\uc870\uc120\ub9d0""}, {""english_name"": ""English"", ""iso_639_1"": ""en"", ""name"": ""English""}]","[""US""]",null
186140,Mariposas En El Hierro,Mariposas En El Hierro,The documentary brings together the voices of women who opt decisively for peace in Euskadi. They are all different. Together they form a powerful contribution to start down that path pointing to a violence-free Euskadi and cross it would be ineffective without their participation. The core of the narrative is composed of search experiences of peace and justice. Face the pain and consequences of such violence while fighting the root causes.,,Released,False,False,2012-09-21,61,0,0,0.197,0.0,0,eu,,tt2425236,,,"[{""id"": 99, ""name"": ""Documentary""}]",[],"[{""iso_3166_1"": ""ES"", ""name"": ""Spain""}]","[{""english_name"": ""Basque"", ""iso_639_1"": ""eu"", ""name"": ""euskera""}]","[""ES""]",null
186142,La Dernière Année,La Dernière Année,"Grape harvest in Rasiguères, a village in the French Pyrenees. An intense month of shared life. Amid changing times, workers reminisce about the days of collective work in the fields. Tradition and motions as old as the vines are taken up afresh by today's vintagers and made their own. A 16mm b/w fieldwork film, a document of the past.",,Released,False,False,2011-11-12,78,0,0,0.1098,0.0,0,fr,,tt2371202,/riFprBbfv34XtSacKcqNDQAicFq.jpg,,"[{""id"": 99, ""name"": ""Documentary""}]",[],"[{""iso_3166_1"": ""FR"", ""name"": ""France""}, {""iso_3166_1"": ""DE"", ""name"": ""Germany""}]","[{""english_name"": ""French"", ""iso_639_1"": ""fr"", ""name"": ""Fran\u00e7ais""}]","[""DE"", ""FR""]",null
186145,Doro: 25 Years in Rock ...and Still Going Strong,Doro: 25 Years in Rock ...and Still Going Strong,"DVD from the box set by the German hard rock singer Doro Pesch containing the full video of a concert held by Doro in Düsseldorf, Germany, on 13 December 2008, featuring many guests and friends and celebrating 25 years of the German singer's career.",,Released,False,False,2010-11-26,155,0,0,0.0816,8.5,2,en,,tt5872278,/s7PrDMLNxMwXfuTYfJNmJr7mPYM.jpg,/l3EgUhjhGH17h9WtfmoHqnFMtca.jpg,"[{""id"": 10402, ""name"": ""Music""}]",[],[],"[{""english_name"": ""English"", ""iso_639_1"": ""en"", ""name"": ""English""}, {""english_name"": ""German"", ""iso_639_1"": ""de"", ""name"": ""Deutsch""}]","[""DE""]",null
186146,Edguy: Live at Graspop,Edguy: Live at Graspop,01 - Intro  02 - Lavatory Love Machine  03 - Babylon  04 - Fucking With Fire  05 - Vain Glory Opera  06 - Superheroes  07 - Mysteria 08 - Avantasia  09 - King Of Fools,,Released,False,False,2006-07-14,0,0,0,0.0,0.0,0,en,,,,,[],[],[],[],"[""US""]",null
186147,Eluveitie: Graspop Metal Meeting,Eluveitie: Graspop Metal Meeting,00:00 Prologue  01:05 Helvetios  05:20 Luxtos  09:40 Neverland  14:20 Meet the Enemy  18:20 A Rose for Epona  22:45 Inis Mona  28:40 Alesia  33:10 Uxellodunon  38:30 Kingdom come Undone  42:35 Havoc  47:33 Epilogue,,Released,False,False,2012-06-11,0,0,0,0.0,0.0,0,en,,,,,[],[],[],[],"[""US""]",null
186154,Scandalous Eva,Skandal um Eva,An engaged woman discovers her fiancé has a four year old son. Pretending to take a cure she travels to the boy's foster-parents to make his acquaintance.,,Released,False,False,1930-06-12,96,0,0,0.429,0.0,0,de,,tt0021384,/2ev2ddBV0SyfpITBKPYeTIhyABt.jpg,,"[{""id"": 35, ""name"": ""Comedy""}]","[{""id"": 4903, ""logo_path"": null, ""name"": ""Nero Films"", ""origin_country"": """"}]","[{""iso_3166_1"": ""DE"", ""name"": ""Germany""}]","[{""english_name"": ""German"", ""iso_639_1"": ""de"", ""name"": ""Deutsch""}]","[""DE""]",null
186149,Half of Heaven,La mitad del cielo,"After the civil war, Rosa, a beautiful and hard worker woman falls in love with a sharpener who turns out to be a con man. When she becomes a widow, she emigrates to Madrid with her daughter beginning to work as a nurse in the home of Don Pedro, an influential food manager.",,Released,False,False,1986-10-09,127,0,0,0.8126,6.3,6,es,,tt0091531,/zXmvbQMNnwDU3qA7uAJEJfO3Mig.jpg,/gJGBSkB5YxwPLROEZOIVj6fRGkT.jpg,"[{""id"": 18, ""name"": ""Drama""}]","[{""id"": 981, ""logo_path"": ""/pkrdO9ykplO4Zc8edikoSX5APUN.png"", ""name"": ""TVE"", ""origin_country"": ""ES""}, {""id"": 58374, ""logo_path"": null, ""name"": ""Luis Megino"", ""origin_country"": ""ES""}]","[{""iso_3166_1"": ""ES"", ""name"": ""Spain""}]","[{""english_name"": ""Spanish"", ""iso_639_1"": ""es"", ""name"": ""Espa\u00f1ol""}]","[""ES""]",null
186148,Europe: Live In Stockholm 2008,Europe: Live In Stockholm 2008,1.Got to Have Faith2.Forever Traveling3.Devil Sings the Blues4.Wish You Were Here5.Dreamer6.Love to Love7.The Final Countdown8.Yesterday's News9.Since I've Been Loving You10.Hero11.Suicide12.Memories13.Superstitious14.Rock the Night,,Released,False,True,2008-09-14,0,0,0,0.0143,10.0,1,en,,,/19nOMNwnnneMcr4VZU2RbWCJ8XD.jpg,/mKHCD0MJHfzwn4NCq0JlHJBQjac.jpg,"[{""id"": 10402, ""name"": ""Music""}]",[],[],"[{""english_name"": ""English"", ""iso_639_1"": ""en"", ""name"": ""English""}]","[""US""]",null
186155,JK5022: Una Cadena de Errores,JK5022: Una Cadena de Errores,"In August 2008, the flight of the airline Spanair JK5022 crashed on the runway 36 at Barajas Airport. 154 people are killed and 18 survived. Four months after the Association of Flight Affected continues trying to prove the true causes.",,Released,False,False,2012-01-01,75,0,0,0.0982,0.0,0,en,,,/s7RHRv9nMNCPoamSjOmIH3Eti3Y.jpg,/7tQy3RKghCSONoIYX6xvpCCzpjR.jpg,"[{""id"": 99, ""name"": ""Documentary""}]",[],"[{""iso_3166_1"": ""ES"", ""name"": ""Spain""}]","[{""english_name"": ""Spanish"", ""iso_639_1"": ""es"", ""name"": ""Espa\u00f1ol""}]","[""US""]",null
186159,Foreigner: Unplugged VH1 Live Room,Foreigner: Unplugged VH1 Live Room,Unplugged session with the band Foreigner.,,Released,False,False,2010-04-16,0,0,0,0.0071,0.0,0,en,,,,,[],[],[],[],"[""US""]",null
186158,Tonka of the Gallows,Tonka Šibenice,"Melodramatic story of an innocent country girl (Ita Rina) who struggles to make a living in the city as a prostitute. As she provides last service to a murderer sentenced to death (Josef Rovenský), society condemns her and leads her to despair. This groundbreaking film directed by Karel Anton was made in 1930 as the first Czech feature movie with post-synchronised soundtrack, recorded in France. International star cast, sensitive adaptation of Egon Erwin Kisch’s short story and innovative combination of silent and sound film features make this movie an artwork of European significance.",,Released,False,False,1930-02-27,85,0,0,0.2559,6.4,11,cs,,tt0021484,/5enhoTXBG83nNCYx041vUrUQZJc.jpg,/9R95xAYyanToeNejczFBifiWm6P.jpg,"[{""id"": 18, ""name"": ""Drama""}]",[],"[{""iso_3166_1"": ""XC"", ""name"": ""Czechoslovakia""}]","[{""english_name"": ""No Language"", ""iso_639_1"": ""xx"", ""name"": ""No Language""}, {""english_name"": ""Czech"", ""iso_639_1"": ""cs"", ""name"": ""\u010cesk\u00fd""}]","[""XC""]",null
186160,A Notorious Affair,A Notorious Affair,A scheming musician seduces a wealthy woman for love and money.,,Released,False,False,1930-04-26,69,0,0,0.8407,4.0,8,en,,tt0021191,/fTtm5NFExo2VqjfnTvMKzRmS9Wz.jpg,/wc81su23AtcNvel5iQhsbCMwvNL.jpg,"[{""id"": 18, ""name"": ""Drama""}, {""id"": 10749, ""name"": ""Romance""}]","[{""id"": 3245, ""logo_path"": ""/9dBTQp9XitrHkx20i1r9HhZ3Q6B.png"", ""name"": ""First National Pictures"", ""origin_country"": ""US""}]","[{""iso_3166_1"": ""US"", ""name"": ""United States of America""}]","[{""english_name"": ""English"", ""iso_639_1"": ""en"", ""name"": ""English""}]","[""US""]",null
186161,The Gilded Cage,La Cage Dorée,"In the beautiful area of ​​Paris, Maria and José Ribeiro lived for almost thirty years on the ground floor of a Haussmann building, in their dear little lodge.",,Released,False,False,2013-04-19,90,7000000,11311521,1.1108,6.7,353,fr,http://www.pathefilms.com/film/lacagedoree,tt2261749,/rts29kBtuw1xAlNeWMFuZN4WZRe.jpg,/lpZpXLTdcuqZc9tEVU13xHm0BTL.jpg,"[{""id"": 35, ""name"": ""Comedy""}]","[{""id"": 13692, ""logo_path"": null, ""name"": ""Zazi Films"", ""origin_country"": ""FR""}, {""id"": 6832, ""logo_path"": ""/6Yv1gIAuGkHS5Vis4UjnqHhCPWV.png"", ""name"": ""Path\u00e9 Productions"", ""origin_country"": ""GB""}, {""id"": 356, ""logo_path"": ""/9tW5wZEGotn1Ei5pErA88m47XiD.png"", ""name"": ""TF1 Films Production"", ""origin_country"": ""FR""}]","[{""iso_3166_1"": ""FR"", ""name"": ""France""}]","[{""english_name"": ""French"", ""iso_639_1"": ""fr"", ""name"": ""Fran\u00e7ais""}, {""english_name"": ""English"", ""iso_639_1"": ""en"", ""name"": ""English""}, {""english_name"": ""Portuguese"", ""iso_639_1"": ""pt"", ""name"": ""Portugu\u00eas""}]","[""FR""]",null
186162,The Virtuous Sin,The Virtuous Sin,Marya gets friendly with General Platoff in order to save her husband Victor from being executed.,To her love meant disaster...yet she had the courage to love!,Released,False,False,1930-10-24,80,0,0,0.5232,4.2,6,en,,tt0021525,/m276Fg9dfYTq376SncARcNfn7gM.jpg,/o4SSnHSdH5EjPhGPy2vnvDcfk9d.jpg,"[{""id"": 10752, ""name"": ""War""}, {""id"": 18, ""name"": ""Drama""}, {""id"": 10749, ""name"": ""Romance""}]","[{""id"": 4, ""logo_path"": ""/jay6WcMgagAklUt7i9Euwj1pzTF.png"", ""name"": ""Paramount Pictures"", ""origin_country"": ""US""}]","[{""iso_3166_1"": ""US"", ""name"": ""United States of America""}]","[{""english_name"": ""English"", ""iso_639_1"": ""en"", ""name"": ""English""}]","[""US""]",null
186164,A Light-Play in Black-White-Gray,Ein Lichtspiel schwarz weiss grau,"This short film made by László Moholy-Nagy is based on the shadow patterns created by his Light-Space Modulator, an early kinetic sculpture consisting of a variety of curved objects in a carefully choreographed cycle of movements. Created in 1930, the film was originally planned as the sixth and final part of a much longer work depicting the new space-time.",,Released,False,False,1930-05-10,6,0,0,0.5252,5.1,14,de,,tt0234104,/smb787BMItqC6J29lBZZfYZKetk.jpg,,"[{""id"": 18, ""name"": ""Drama""}]",[],"[{""iso_3166_1"": ""DE"", ""name"": ""Germany""}, {""iso_3166_1"": ""SU"", ""name"": ""Soviet Union""}]","[{""english_name"": ""No Language"", ""iso_639_1"": ""xx"", ""name"": ""No Language""}]","[""DE"", ""SU""]",null
186165,Imágenes del Tío Sam,Imágenes del Tío Sam,Documentary about the situation of Argentine cinema against Hollywood domination and its relationship with the sanction of the Media Law in 2009.,,Released,False,False,2013-04-04,92,0,0,0.1527,0.0,0,en,http://imagenesdeltiosam.blogspot.com.ar/,tt2780430,,,"[{""id"": 99, ""name"": ""Documentary""}]",[],[],"[{""english_name"": ""Spanish"", ""iso_639_1"": ""es"", ""name"": ""Espa\u00f1ol""}]","[""US""]",null
186166,The Burning Crucible,Le Brasier ardent,"A woman, named simply ""Elle"" and her husband, a wealthy industrialist, are not on the best of terms. While she enjoys the way he caters to her every whim, she wonders whether he really loves her. He, on the other hand, torments himself by imagining rivals. One morning she awakens from a nightmare in which she has been pursued by a man in various guises, who turns out to be the famous Detective Z, whose memoirs she has been reading. When she and her husband quarrel over leaving Paris permanently for a country estate, he goes to the ""Trouve Tout"" Agency and hires, of all people, Detective Z, to win back her affection.",,Released,False,False,1923-08-04,97,0,0,0.2724,6.7,14,fr,,tt0293777,/zsm3qeAPUNbRZjeeG9mGQSjisBb.jpg,/1iBss5lTA5YKExRxufT6NfJ2hNc.jpg,"[{""id"": 35, ""name"": ""Comedy""}, {""id"": 18, ""name"": ""Drama""}, {""id"": 9648, ""name"": ""Mystery""}]",[],"[{""iso_3166_1"": ""FR"", ""name"": ""France""}]","[{""english_name"": ""No Language"", ""iso_639_1"": ""xx"", ""name"": ""No Language""}, {""english_name"": ""French"", ""iso_639_1"": ""fr"", ""name"": ""Fran\u00e7ais""}]","[""FR""]",null
186169,The White Rose,The White Rose,"A wealthy young Southern aristocrat, Joseph, graduates from a seminary and, before he takes charge of his assigned parish, decides to go out and see what ""the real world"" is all about. He winds up in New Orleans and finds himself attracted to a poor, unsophisticated orphan girl, Bessie. One thing leads to another, and before long Bessie finds that she is pregnant with Joseph's child.",The Glorification of a Woman's Eternal Love,Released,False,False,1923-05-21,100,0,0,0.5288,7.1,7,en,,tt0014604,/whW11h7zxgO8nYtGN9EW0IBRWLJ.jpg,/9hFolomv4FedBtCUK9d0X3f1HV9.jpg,"[{""id"": 18, ""name"": ""Drama""}, {""id"": 10749, ""name"": ""Romance""}]","[{""id"": 4759, ""logo_path"": null, ""name"": ""D.W. Griffith Productions"", ""origin_country"": ""US""}]","[{""iso_3166_1"": ""US"", ""name"": ""United States of America""}]","[{""english_name"": ""English"", ""iso_639_1"": ""en"", ""name"": ""English""}]","[""US""]",null
186171,Within the Law,Within the Law,"When Mary Turner is sent to prison for a crime she did not commit, she vows upon her release to take vengeance on those who wronged her, always staying however within the letter of the law.",From Prison Corridors to Brilliant Halls; From Shop-Girl's Struggle to Butterfly's Ease; From the Drab to the Diamond Horseshoe DRAMATIZING A WOMAN'S TRIUMPH,Released,False,False,1923-04-28,105,0,0,0.917,5.1,6,en,,tt0014619,/xgCYZA6PQX4ezurVRRBLWPQ4lFr.jpg,/9SfMRGOwfiW5VpBzNMsmZV5yGP3.jpg,"[{""id"": 18, ""name"": ""Drama""}]","[{""id"": 13913, ""logo_path"": null, ""name"": ""Joseph M. Schenck Productions"", ""origin_country"": ""US""}]","[{""iso_3166_1"": ""US"", ""name"": ""United States of America""}]","[{""english_name"": ""No Language"", ""iso_639_1"": ""xx"", ""name"": ""No Language""}]","[""US""]",null
186176,Ella and Friends,Ella ja kaverit,A young girl and her friends try to save their small rural school from being demolished to make way for a race track.,,Released,False,False,2012-12-28,81,0,0,0.3866,5.5,5,fi,,tt2112143,/kepAeTqs5JrX6t2SaRW8GUq44z7.jpg,/toWbak2iVRJxD0GpJ4UH0AdaIFK.jpg,"[{""id"": 35, ""name"": ""Comedy""}, {""id"": 12, ""name"": ""Adventure""}, {""id"": 10751, ""name"": ""Family""}]","[{""id"": 51995, ""logo_path"": ""/qTP8gSLNfzPJJ3D24wVA8IwOrBX.png"", ""name"": ""Snapper Films"", ""origin_country"": ""FI""}]","[{""iso_3166_1"": ""FI"", ""name"": ""Finland""}]","[{""english_name"": ""Finnish"", ""iso_639_1"": ""fi"", ""name"": ""suomi""}]","[""FI""]","{""id"": 914438, ""name"": ""Ella and Friends Collection"", ""poster_path"": null, ""backdrop_path"": null}"
186173,The Red Inn,L'Auberge rouge,"Two young doctors, surprised by the storm, take refuge in an inn. A diamond broker joins them and, for lack of space, shares their room. At dawn he is found dead. A few years later justice is done.",,Released,False,False,1923-09-27,80,0,0,0.6678,5.5,7,fr,,tt0013846,/x0WDhe6Fxif1wuwD2cHJOBhk10q.jpg,/6oto5fuBVkWp1eiB6NWIxeEfsGb.jpg,"[{""id"": 80, ""name"": ""Crime""}, {""id"": 18, ""name"": ""Drama""}]","[{""id"": 19243, ""logo_path"": null, ""name"": ""Memnon Films"", ""origin_country"": ""FR""}]","[{""iso_3166_1"": ""FR"", ""name"": ""France""}]","[{""english_name"": ""No Language"", ""iso_639_1"": ""xx"", ""name"": ""No Language""}]","[""FR""]",null
186179,Jews and Money: Investigation of a Myth,Jews and Money: Investigation of a Myth,"Filmmaker Lewis Cohen intelligently explores the origins and evolution of the myth of the wealthy Jew.  In 2006, Ilan Halimi, a French Jewish salesman is lured to the outskirts of Paris where he is kidnapped and later murdered by criminal gang who had demanded a half-million euro ransom on the assumption that 'all Jews are rich'. Jews &amp; Money is a probe into the myth about Jews, and where and when it took root. Why is the Jew so often cast as the banker or trader, pawnbroker or movie mogul? Of all the medieval moneylenders, why is only Shylock remembered? How did the Rothschilds become the symbols of international capitalism? And why does a simple cell phone salesman get pegged as rich, and die for it?",Lewis Cohen’s documentary centers on the Ilan Halimi case.,Released,False,False,2013-02-01,90,0,0,0.0724,0.0,0,en,"http://tjff.com/film-info.php?id=1714&sortby=&filterby=33,32,31,34,35",tt2084861,/tV1vPF549sNj0wulcs4wMfWp7cf.jpg,,"[{""id"": 99, ""name"": ""Documentary""}]",[],[],"[{""english_name"": ""English"", ""iso_639_1"": ""en"", ""name"": ""English""}]","[""US""]",null
186175,It's a Gift,It's a Gift,"A group of oil magnates are trying to think of new ways to attract business. One of them suggests that they contact the inventor Pollard, who has devised a new gasoline substitute. Pollard himself lives in a home filled with his eccentric inventions. When he gets the message from the oil company, he is excited about the opportunity to demonstrate his innovation.",,Released,False,False,1923-10-14,12,0,0,0.2314,6.0,5,xx,,tt0141405,/6luFmUuEAzUv8cKaA8xOikEv5aL.jpg,,"[{""id"": 35, ""name"": ""Comedy""}]","[{""id"": 2159, ""logo_path"": null, ""name"": ""Hal Roach Studios"", ""origin_country"": ""US""}]","[{""iso_3166_1"": ""US"", ""name"": ""United States of America""}]","[{""english_name"": ""No Language"", ""iso_639_1"": ""xx"", ""name"": ""No Language""}]","[""US""]",null
186178,Into Spring,Into Spring,"Spring breaks in vibrant color, movement and sound.",,Released,False,False,2012-09-01,5,0,0,0.0,0.0,0,en,,tt2538322,,,[],[],"[{""iso_3166_1"": ""NL"", ""name"": ""Netherlands""}]",[],"[""US""]",null
186186,The Last Tribe,The Last Tribe,"A charming look at the Jews of Leeds. The sons and daughters of the Jewish immigrants who settled in the city over 150 years ago share their personal stories and reflect on the history and current situation of the community in this British city. After enduring years of Russian persecution, many Jews escaped to what they thought was America, but turned out to be Britain. They settled in the city and began their social and economic climb. A touching and humorous film that offers rare insight into the struggles and successes of the Jews of Britain.",,Released,False,False,2011-11-03,69,0,0,0.0547,0.0,0,en,http://www.thelasttribe.co.uk/index.html,tt1986162,,,"[{""id"": 99, ""name"": ""Documentary""}]",[],[],"[{""english_name"": ""English"", ""iso_639_1"": ""en"", ""name"": ""English""}]","[""US""]",null
186181,Joe Papp in Five Acts,Joe Papp in Five Acts,"Joe Papp, the founder of the New York Shakespeare Festival and, subsequently, The Public Theater—arguably the most important theatre in North America—is profiled in this documentary that neither sanctifies nor vilifies him. He brought us free Shakespeare in the Park, Hair and A Chorus Line, and nurtured many of America’s greatest playwrights, directors and actors. His complex personality and mercurial behavior are much in evidence and spoken of with frankness through interviews with some of America’s most celebrated artists, including Meryl Streep, Christopher Walken, Martin Sheen, Kevin Kline, and James Earl Jones.",,Released,False,False,2012-04-30,84,0,0,0.9172,4.5,2,en,"http://tjff.com/film-info.php?id=1056&sortby=&filterby=33,32,31,34,35",,/tNDp1DZmYNTsvVvy2X9XFreTT6i.jpg,,"[{""id"": 99, ""name"": ""Documentary""}]","[{""id"": 174301, ""logo_path"": null, ""name"": ""The Papp Project"", ""origin_country"": """"}]","[{""iso_3166_1"": ""US"", ""name"": ""United States of America""}]",[],"[""US""]",null
186184,The Little Bird and the Leaf,Der kleine Vogel und das Blatt,"A little bird leaves its nest in pursuit of a leaf — but when a famished fox follows, the bird learns that sometimes you need to think on the fly!",,Released,False,False,2012-02-14,4,0,0,0.0486,5.9,4,de,,tt2248741,/BsbL0SPimzXnBevGO9Pg71RrQd.jpg,/kGQGJw7khAMP8s69CuB91Qnh256.jpg,"[{""id"": 16, ""name"": ""Animation""}]","[{""id"": 177288, ""logo_path"": null, ""name"": ""Swiss Effects Film GmbH"", ""origin_country"": ""CH""}, {""id"": 39807, ""logo_path"": null, ""name"": ""Hochschule Luzern (HSLU)"", ""origin_country"": ""CH""}]","[{""iso_3166_1"": ""CH"", ""name"": ""Switzerland""}]","[{""english_name"": ""No Language"", ""iso_639_1"": ""xx"", ""name"": ""No Language""}]","[""CH""]",null
186187,Life? or Theatre?,Leven? of Theater?,"A stunningly-crafted documentary that brings to life German-Jewish artist Charlotte Salomon in all her yearning for love and creative expression, her struggle to come to terms with her family history, and whose passion for beauty came face-to-face with the harsh reality of 1940s Europe. The title of this film comes from her remarkable 700-page painted life story in which she asks, “Where does life stop and art begin?” Director Franz Weisz masterfully weaves together interviews with people who knew her, family photographs, excerpts from a 1980 biopic, images of Charlotte’s vibrant paintings and a previously-unknown letter containing a shocking revelation.",,Released,False,False,2012-04-11,85,0,0,0.2663,0.0,0,en,,tt2142815,,,"[{""id"": 99, ""name"": ""Documentary""}, {""id"": 36, ""name"": ""History""}]",[],[],[],"[""US""]",null
186189,De Heideroosjes: Live at Lowlands,De Heideroosjes: Live at Lowlands,Heideroosjes for the final time at Lowlands festival.,,Released,False,False,2012-08-29,0,0,0,0.0,0.0,0,en,,,,,[],[],[],[],"[""US""]",null
186190,The Sinister Cellar,The Sinister Cellar,A young boy must fetch potatoes from the spooky basement.,,Released,False,False,2012-01-01,3,0,0,0.0168,6.0,2,en,,tt2385028,,,"[{""id"": 16, ""name"": ""Animation""}, {""id"": 35, ""name"": ""Comedy""}]",[],"[{""iso_3166_1"": ""GB"", ""name"": ""United Kingdom""}]","[{""english_name"": ""English"", ""iso_639_1"": ""en"", ""name"": ""English""}]","[""GB"", ""US""]",null
186193,White Tiger,White Tiger,Three crooks pull off a magnificent crime. As they're forced to hide out together they slowly begin to distrust each other.,,Released,False,False,1923-12-17,83,0,0,0.4697,5.2,13,en,,tt0014606,/qAZRpUI7L0usYdy0OTqloJ4EAU1.jpg,/22dYvk8sWNIqHhjti4KhcazOrCX.jpg,"[{""id"": 18, ""name"": ""Drama""}, {""id"": 80, ""name"": ""Crime""}, {""id"": 53, ""name"": ""Thriller""}]","[{""id"": 33, ""logo_path"": ""/8lvHyhjr8oUKOOy2dKXoALWKdp0.png"", ""name"": ""Universal Pictures"", ""origin_country"": ""US""}]","[{""iso_3166_1"": ""US"", ""name"": ""United States of America""}]","[{""english_name"": ""English"", ""iso_639_1"": ""en"", ""name"": ""English""}]","[""US""]",null
186196,Soul of the Beast,Soul of the Beast,"This northwoods comedy-drama, by way of a circus drama, was directed by John  Griffith Wray for Thomas H. Ince, and stars Madge Bellamy.",A STORY WITH A HEART AS BIG AS AN ELEPHANT,Released,False,False,1923-05-06,65,0,0,0.4429,6.0,1,en,,tt0014496,/isSsBIXgJLgL4Vyc1Vyw8ht8XKk.jpg,/of2Y8yRPLJGse8Atlb4NflEbVe9.jpg,"[{""id"": 18, ""name"": ""Drama""}]","[{""id"": 31782, ""logo_path"": null, ""name"": ""Thomas H. Ince Corporation"", ""origin_country"": """"}]","[{""iso_3166_1"": ""US"", ""name"": ""United States of America""}]","[{""english_name"": ""No Language"", ""iso_639_1"": ""xx"", ""name"": ""No Language""}]","[""US""]",null
186195,Anna Christie,Anna Christie,"A troubled young woman comes to live with her estranged father on the New York waterfront. A tough sailor falls in love with her, sparking conflict between her father and her suitor. What neither knows is that she has a secret that could cause her to lose both of them.","""I Think I'll be Killin' you Now!""",Released,False,False,1923-11-24,96,0,0,0.6844,5.5,2,en,,tt0013834,/iIfCfX2jDBdlMh0cZD2jGxIZPxf.jpg,/8j37ykS7J9BEPYQFs2rUnJ1uN13.jpg,"[{""id"": 18, ""name"": ""Drama""}]","[{""id"": 31782, ""logo_path"": null, ""name"": ""Thomas H. Ince Corporation"", ""origin_country"": """"}]","[{""iso_3166_1"": ""US"", ""name"": ""United States of America""}]","[{""english_name"": ""No Language"", ""iso_639_1"": ""xx"", ""name"": ""No Language""}]","[""US""]",null
186197,Pathé Review: Monsters of the Past,Pathé Review: Monsters of the Past,"Sculptress Virginia May is seen making a clay model of a tyrannosaurus rex, which is animated using stop motion, and then fights a stop-motion triceratops. Although Miss May's only known relationship with the movies is this particular short, her contemporary, Willis O'Brien and his student Ray Harryhausen certainly made the field a lively one until computer animation caught up in the 1990s -- and arguably their artistry is still unsurpassed.",,Released,False,False,1923-05-04,5,0,0,0.1034,6.0,1,en,,tt0278621,/sTkBU6PxFAKYS3cLXD17iLTl6IE.jpg,,"[{""id"": 14, ""name"": ""Fantasy""}, {""id"": 99, ""name"": ""Documentary""}, {""id"": 16, ""name"": ""Animation""}]","[{""id"": 14032, ""logo_path"": null, ""name"": ""Path\u00e9 Exchange"", ""origin_country"": ""US""}]","[{""iso_3166_1"": ""US"", ""name"": ""United States of America""}]","[{""english_name"": ""No Language"", ""iso_639_1"": ""xx"", ""name"": ""No Language""}]","[""US""]",null
186199,Noble Sissle and Eubie Blake Sing Snappy Songs,Noble Sissle and Eubie Blake Sing Snappy Songs,Noble Sissle and Eubie Blake sing snappy songs.,,Released,False,False,1923-05-04,10,0,0,0.0286,1.0,1,en,,tt0014310,/s63cnMNVuxGVOalKKmMhCDbNb7m.jpg,,[],[],[],[],"[""US""]",null
186201,The Red Lily,The Red Lily,"Jean and Marise, young lovers forced from their homes, flee to Paris. Irrevocably separated there, their lives deviate into the slums and hard labor of low-class French society. All the while, the two desperately search for one another.","SEE THE MAD, DANGEROUS, LAWLESS LIFE OF THE PARIS APACHES THRILLINGLY PICTURED",Released,False,False,1924-09-08,81,0,0,1.1061,6.1,12,en,,tt0015268,/3Err1rWrE3wSnDh7s9OSNS0seda.jpg,/xUENhocOIU1xa8ITo92ydI45HT.jpg,"[{""id"": 80, ""name"": ""Crime""}, {""id"": 18, ""name"": ""Drama""}]","[{""id"": 1467, ""logo_path"": null, ""name"": ""Metro-Goldwyn Pictures Corporation"", ""origin_country"": ""US""}, {""id"": 21, ""logo_path"": ""/usUnaYV6hQnlVAXP6r4HwrlLFPG.png"", ""name"": ""Metro-Goldwyn-Mayer"", ""origin_country"": ""US""}]","[{""iso_3166_1"": ""US"", ""name"": ""United States of America""}]","[{""english_name"": ""No Language"", ""iso_639_1"": ""xx"", ""name"": ""No Language""}]","[""US""]",null
186203,La Belle Nivernaise,La Belle Nivernaise,A young man falls in love with the daughter of the man who adopted him.,,Released,False,False,1924-01-25,69,0,0,0.2349,6.2,8,fr,,tt0013868,/c7w8PpYTJvZ4YlpttcoIKtqM5Zk.jpg,/3MKxTkLdzjglOVg4v6NaPL0L4BY.jpg,"[{""id"": 18, ""name"": ""Drama""}]",[],"[{""iso_3166_1"": ""FR"", ""name"": ""France""}]","[{""english_name"": ""No Language"", ""iso_639_1"": ""xx"", ""name"": ""No Language""}]","[""FR""]",null
186205,Judas Priest: [2008] Graspop Metal Meeting,Judas Priest: [2008] Graspop Metal Meeting,"Dawn Of Creation  Prophecy  Metal Gods  Eat Me Alive  Between The Hammer And The Anvil  Devil's Child  Breaking The Law  Hell Patrol  Death  Dissident Aggressor  Angel  The Hellion/Electric Eye  Rock Hard, Ride Free  Sinner  Painkiller  Hell Bent For Leather  The Green Manalishi  You've Got Another Thing Comin'",,Released,False,False,2008-06-22,0,0,0,0.0409,0.0,0,en,,,,,[],[],[],[],"[""US""]",null
186208,Jon Oliva's Pain: Greetings From Yesterday,Jon Oliva's Pain: Greetings From Yesterday,0:01:33 Sirens 0:04:56 Warriors 0:08:59 Hounds 0:16:21 Jesus saves 0:21:43 Tonight he grins again 0:27:00 Firefly 0:37:08 Maniacal renderings 0:45:33 Gutter ballet 0:52:40 Walk upon the water 0:58:43 Edge of thorns (feat. Zak Stevens) 1:06:06 All that I bleed (feat. Zak Stevens) 1:11:30﻿ Chance (feat. Zak Stevens) 1:20:16 Somewhere in time 1:23:27 Believe 1:30:20 When the crowds are gone 1:37:00 Hall of the mountain king,,Released,False,False,2008-11-25,0,0,0,0.0214,0.0,0,en,,,,,[],[],[],[],"[""US""]",null
186210,Scale 6,Stärke 6,"After a landslide in the Axenstrasse, geologist Mara Graf and her boyfriend, seismologist Gian Wyss, are investigating for the Seismological Service of the University of Technology in Switzerland. For Gian this is a good opportunity to spend some weeks of Spring at home. For Mara to be with her grandmother and sister. The next day Mara Gian want to anchor indicators at the bottom of Lake Lucerne in a dive. They decide to dive alone. Before Mara could follow him, an explosion rocked their ship.",,Released,False,False,2013-03-03,100,0,0,0.0956,4.1,5,de,,tt3526144,/fWhPQrZURVy6ET89cpCPTLsbE6h.jpg,,"[{""id"": 18, ""name"": ""Drama""}, {""id"": 53, ""name"": ""Thriller""}]","[{""id"": 5414, ""logo_path"": ""/n4en5473XwdNOmu1BmlCXDzPGGL.png"", ""name"": ""T&C Film"", ""origin_country"": ""CH""}, {""id"": 124, ""logo_path"": ""/7MjDMOybX0D3fcIEpCyY9es5XZU.png"", ""name"": ""SWR"", ""origin_country"": ""DE""}]","[{""iso_3166_1"": ""CH"", ""name"": ""Switzerland""}, {""iso_3166_1"": ""DE"", ""name"": ""Germany""}]","[{""english_name"": ""German"", ""iso_639_1"": ""de"", ""name"": ""Deutsch""}]","[""DE"", ""CH""]",null
186211,Neil Diamond: Solitary Man,Neil Diamond: Solitary Man,"This handsomely-produced documentary by the BBC chronicles Diamond’s success story, from shy Jewish Brooklyn kid to singer-songwriter and magnetic stage performer, sometimes called “the Jewish Elvis”. Filled with a vibrant soundtrack and rare archival footage, this complex portrait features interviews with musicians such as Robbie Robertson and Neil Sedaka as well as Diamond himself, who speaks candidly about his struggles. A must for anyone who adores Diamond either as an artist or as kitsch!",,Released,False,False,2010-11-13,49,0,0,0.2924,8.0,1,en,https://www.bbc.co.uk/programmes/b00vzzst,tt3691646,/wpzZFWFOs1uiu1qX7s7I7nd0GhB.jpg,/9JEKU7898NdS9re33Sc431zmvp0.jpg,"[{""id"": 99, ""name"": ""Documentary""}]",[],[],"[{""english_name"": ""English"", ""iso_639_1"": ""en"", ""name"": ""English""}]","[""US""]",null
186213,24 Hours of a Woman's Life,24 Hours of a Woman's Life,A compulsive gambler stumbles towards losing everything when Merle Oberon decides to save him from himself.,How Many Women Would Do What Linda Venning Did?,Released,False,False,1952-09-10,90,0,0,0.9961,4.8,4,en,,tt0044330,/qxU8488bNoUhFBeTtfxxOCD5Xfp.jpg,/xVsODLO5tMQAadYz1XZkDprA6nS.jpg,"[{""id"": 18, ""name"": ""Drama""}]","[{""id"": 1441, ""logo_path"": ""/28DJnfE2ZaR5oNJVlZ38uvnLaCH.png"", ""name"": ""Associated British Picture Corporation"", ""origin_country"": ""GB""}]","[{""iso_3166_1"": ""GB"", ""name"": ""United Kingdom""}]","[{""english_name"": ""English"", ""iso_639_1"": ""en"", ""name"": ""English""}]","[""US"", ""GB""]",null
186198,Live or Die in Entebbe,לחיות או למות באנטבה,"A moving documentary about the 1976 terrorist hijacking of an Air France flight and Israel’s military rescue raid, as told by Jonathan Khayat, the nephew of one of the hostages who did not survive. The film chronicles the events that unfolded, day-by-day, and uncovers some little-known and shocking back stories while shedding light on the four passengers who did not survive Israel’s rescue. A sensitive and riveting look at those for whom Israel’s most heroic moment was their family’s greatest tragedy.",,Released,False,False,2012-01-01,52,0,0,0.0,8.0,1,he,,,/boL2a2HuXZGdyN4FbJWTscS8KLC.jpg,/7sNsdTkSntyPObAbTKwJcs0K6yB.jpg,"[{""id"": 99, ""name"": ""Documentary""}]",[],[],"[{""english_name"": ""English"", ""iso_639_1"": ""en"", ""name"": ""English""}, {""english_name"": ""Hebrew"", ""iso_639_1"": ""he"", ""name"": ""\u05e2\u05b4\u05d1\u05b0\u05e8\u05b4\u05d9\u05ea""}, {""english_name"": ""French"", ""iso_639_1"": ""fr"", ""name"": ""Fran\u00e7ais""}]","[""IL""]",null
186217,Oded the Wanderer,עודד הנודד,"The first feature film produced in pre-state Israel. This newly-restored silent film tells the story of a boy from a Moshav who goes on a daytrip with his classmates and gets lost on the way, having adventures in the Jezreel Valley as well as encounters with Bedouins, an eccentric tourist and various animals. “Today, 78 years after its making,” Ha’aretz film critic Uri Klein wrote recently, “the major interest in watching the film stems from its attempt to deal with the conflict between the collective and the individual.” Upon its initial release, the film was praised by both the public and critics: ""A cornerstone for the Hebrew cinema was laid yesterday,"" announced Doar Hayom after the film's premiere at Jerusalem's Zion Cinema.  Released in the USA in 1934 as THE LOST COMRADE, with an added opening sequence and narration in English, as well as songs and snatches of dialogue in Hebrew.",,Released,False,False,1933-01-02,61,0,0,0.1995,7.2,2,he,"http://tjff.com/film-info.php?id=1803&sortby=&filterby=33,32,31,34,35",tt0151797,/kNs19dKf5nJpYOPpVPRAz90BCBr.jpg,/eWieSGXKeV748UsEvl3zYdH4zno.jpg,"[{""id"": 18, ""name"": ""Drama""}]",[],"[{""iso_3166_1"": ""IL"", ""name"": ""Israel""}]","[{""english_name"": ""Hebrew"", ""iso_639_1"": ""he"", ""name"": ""\u05e2\u05b4\u05d1\u05b0\u05e8\u05b4\u05d9\u05ea""}]","[""IL""]",null
186215,The North London Book of the Dead,The North London Book of the Dead,"Grown man, W, struggles to come to terms with the death of his domineering mother, only to discover that she's spending her dead existence very happily in a suburb of London.",,Released,False,False,2011-01-01,15,0,0,0.6823,3.8,3,en,http://tjff.com/film-info.php?id=1479&sortby=&filterby=,tt2011310,/7T9huhQvCojEypuxAcxVfr8C075.jpg,,"[{""id"": 18, ""name"": ""Drama""}, {""id"": 35, ""name"": ""Comedy""}]",[],[],[],"[""US""]",null
186223,Photonovela,פוטונובלה,"A 12-year-old girl must complete a family history assignment for school. The boring task slowly becomes a sweeping drama embodying many secrets over three generations of one family, beginning before the Second World War and ending with the fall of the collective kibbutz idealism. In the vein of Arnon Goldfinger’s The Flat, this quiet and sensitively-constructed documentary explores a family’s resistance to excavate a buried painful past.",,Released,False,False,2012-12-14,52,0,0,0.2208,0.0,0,he,"http://tjff.com/film-info.php?id=1857&sortby=&filterby=33,32,31,34,35",,/etpls0MNeMXnZ5TEDNDMJoCsaXI.jpg,/sqGKPuUSfeMvgp8IJUo4Hfs04KU.jpg,"[{""id"": 99, ""name"": ""Documentary""}]",[],[],"[{""english_name"": ""Hebrew"", ""iso_639_1"": ""he"", ""name"": ""\u05e2\u05b4\u05d1\u05b0\u05e8\u05b4\u05d9\u05ea""}]","[""IL""]",null
186225,Maze,Maze,Colorful lights construct a maze.,,Released,False,False,2013-05-07,2,0,0,0.0168,0.0,0,ja,,tt2290460,,,"[{""id"": 16, ""name"": ""Animation""}]",[],"[{""iso_3166_1"": ""JP"", ""name"": ""Japan""}]","[{""english_name"": ""No Language"", ""iso_639_1"": ""xx"", ""name"": ""No Language""}]","[""JP""]",null
186227,Vanessa: Her Love Story,Vanessa: Her Love Story,The Victorian wife of a mad baron waits years for a British soldier sent to Egypt.,"ALL THE POWER AND GLORY OF A GREAT BEAUTY WERE HERS YET SHE GAVE IT ALL TO A RECKLESS, DEVIL-MAY-CARE, BELOVED ROGUE!",Released,False,False,1935-03-01,74,0,0,1.1766,6.0,4,en,,tt0027166,/i8sZ9d8EY0vWcyZSd9LnTHCyRS8.jpg,/5GvuB6HNofu9mihxhuGdMeVN3Eg.jpg,"[{""id"": 18, ""name"": ""Drama""}]","[{""id"": 21, ""logo_path"": ""/usUnaYV6hQnlVAXP6r4HwrlLFPG.png"", ""name"": ""Metro-Goldwyn-Mayer"", ""origin_country"": ""US""}]","[{""iso_3166_1"": ""US"", ""name"": ""United States of America""}]","[{""english_name"": ""English"", ""iso_639_1"": ""en"", ""name"": ""English""}]","[""US""]",null
186228,Present Continuous / Ha’Chaim Beinataim,Present Continuous / Ha’Chaim Beinataim,"At the height of the second Intifada, Ruty witnesses a suicide attack that pushes her to the brink. Unwilling to live in a constant state of anxiety, she decides to protect her husband, teenaged daughter and soldier son by barricading their home while they sleep. She plans to keep them there “until there is peace”. Disconnected from the outside world, the family is forced to communicate with each other, and tensions brewing over the years begin to surface. Director Aner Preminger offers a keenly-observed family drama that resonates beyond Israel’s political context.",,Released,False,False,,99,0,0,0.0071,0.0,0,en,"http://tjff.com/film-info.php?id=1065&sortby=&filterby=33,32,31,34,35",,,,"[{""id"": 18, ""name"": ""Drama""}]",[],[],[],"[""US""]",null
186233,The Price of Kings: Shimon Peres,The Price of Kings: Shimon Peres,"“I don’t sleep at night... What we call experience the younger generation calls a chain of mistakes,” reflects Israeli President and Nobel Peace Prize winner Shimon Peres. Here, his life and career are chronicled, in all their contradictions: his arrival in Israel, his experiences with Ben-Gurion, the Oslo Accords, his rivalry—and eventual cooperation—with Yitzhak Rabin, and his current status in Israel. “Ultimately, there is something very melancholy in this portrait. Peres, it seems, is both the dream and its shattering. Aware of his achievements, pained about his failures, he continues to look forward with eternal optimism.” (Jerusalem International Film Festival)",,Released,False,False,2012-04-30,77,0,0,0.3522,10.0,1,en,,tt2310183,,,"[{""id"": 99, ""name"": ""Documentary""}]",[],[],[],"[""US""]",null
186234,Judas Priest: Live In New York '90,Judas Priest: Live In New York '90,"1. Intro 02. Hell Bent For Leather 03. Grinder 04. The Hellion 05. Electric Eye 06. All Guns Blazing 07. The Sentinel 08. Metal Gods 09. Night Crawler 10. The Ripper 11. Beyond The Realms Of Death",,Released,False,False,1990-12-11,0,0,0,0.0,0.0,0,en,,,,,[],[],[],[],"[""US""]",null
186236,Kreator: Live at Wacken 2011,Kreator: Live at Wacken 2011,hordes of chaos/ warcurse/ comsa of souls/endless pain/ pleasure to kill/ destroy what destroys you/ voices of dead/﻿ enemy of god/ phobia/ terrible certainty/ reconquering the throne/ violent revolution/ betrayer/ flag of hate/ tormentor,,Released,False,False,2011-08-01,0,0,0,0.0453,0.0,0,en,,,,,"[{""id"": 10402, ""name"": ""Music""}]",[],[],[],"[""US""]",null
186237,Professor Mamlock,Профессор Мамлок,"Made in Stalin’s Soviet Union, Professor Mamlock was one of the first films worldwide to tackle Nazi anti-Semitism openly. Based on a play by a German-Jewish exile in Moscow, Friedrich Wolf, and directed by an Austrian-Jewish exile in Moscow, Herbert Rappaport, the film tells with the story of an apolitical humanitarian Jewish doctor and his politically-aware, fascism-resisting son, an intern, as their lives become entangled with the Nazis’ rise to power in 1930s Germany, where they live and practice.  Things come to a head when the Nazi organization takes control of their hospital, and place a rabid antisemitic physician in charge over Mamlock and his staff.",,Released,False,False,1938-09-04,100,0,0,0.3525,5.2,4,ru,"http://tjff.com/film-info.php?id=1913&sortby=&filterby=33,32,31,34,35",tt0163797,/m0Xnffh0A9G51n5OtqOtSKWmY6i.jpg,,"[{""id"": 18, ""name"": ""Drama""}]","[{""id"": 10845, ""logo_path"": ""/8qh5BEyKYOQ0e81LPbvWHQvyOy5.png"", ""name"": ""Lenfilm"", ""origin_country"": ""SU""}]","[{""iso_3166_1"": ""SU"", ""name"": ""Soviet Union""}]","[{""english_name"": ""Russian"", ""iso_639_1"": ""ru"", ""name"": ""P\u0443\u0441\u0441\u043a\u0438\u0439""}]","[""SU""]",null
186238,Lee Aaron: Live in London,Lee Aaron: Live in London,"Filmed at the height of Lee Aaron's success, just after the release of her controversial but acclaimed record METAL QUEEN, this rousing concert was held at London's Camden Place in May of 1985 Lee Aaron - Live in London film. After an early beginning to her professional career as a singer, the young Karen Greening joined the band Lee Aaron, whose name she eventually adopted as her own Lee Aaron.",,Released,False,False,1985-04-14,0,0,0,0.0143,0.0,0,en,,,/rD405ABvSdGLSPcZk0wdd0mNopn.jpg,,[],[],[],[],"[""US""]",null
186240,Blonde Inspiration,Blonde Inspiration,A writer of pulp Westerns cranks out more words than his editor and publisher want to pay for.,When a fellow needs a girl,Released,False,False,1941-02-07,72,0,0,1.3857,5.4,6,en,,tt0033400,/y4j30NR8tbCzwsznBs43CP2ILxA.jpg,/5ZfQGBuOo4hSV7NmlmRGEyf8Kei.jpg,"[{""id"": 35, ""name"": ""Comedy""}]","[{""id"": 1460, ""logo_path"": null, ""name"": ""Loew's Incorporated"", ""origin_country"": ""US""}, {""id"": 21, ""logo_path"": ""/usUnaYV6hQnlVAXP6r4HwrlLFPG.png"", ""name"": ""Metro-Goldwyn-Mayer"", ""origin_country"": ""US""}]","[{""iso_3166_1"": ""US"", ""name"": ""United States of America""}]","[{""english_name"": ""English"", ""iso_639_1"": ""en"", ""name"": ""English""}]","[""US""]",null
186242,Re-Emerging: The Jews of Nigeria,Re-Emerging: The Jews of Nigeria,"Filmmaker Jeff Lieberman takes us on an unforgettable journey to Nigeria where the Igbo people, in researching their roots and history, find convincing cultural connections with Judaism. We are introduced to leaders of the community who maintain their Jewish beliefs and traditions with few resources. In a tormented country, where religious conflicts are a reality, the Igbo people are committed to perpetuating their legacy.",,Released,False,False,2013-05-17,93,0,0,0.0214,0.5,2,en,http://www.re-emergingfilm.com,tt2521776,,,"[{""id"": 99, ""name"": ""Documentary""}]",[],"[{""iso_3166_1"": ""US"", ""name"": ""United States of America""}]","[{""english_name"": ""English"", ""iso_639_1"": ""en"", ""name"": ""English""}]","[""US""]",null
186243,Lita Ford: Live in LA '88,Lita Ford: Live in LA '88,"Lita Ford was born on September 19, 1958 in London, England, and grew up in Los Angeles. She became the lead guitarist in the all-girl hard rock band The Runaways, whose debut album was released in 1976. With their punkish sound, provocative stage outfits and rebellious lyrics, the band shocked many in the rock world, and achieved mild popularity until they broke up in 1979. Ford then enjoyed a successful solo career in heavy metal, with such hits as ""Kiss Me Deadly"" and ""Close My Eyes Forever.""",,Released,False,False,,0,0,0,0.0,0.0,0,en,,,,,[],[],[],[],"[""US""]",null
186246,Reus,Reus,"A chronicle of two crime families' struggle to control the Reus neighborhood of Montevideo, Uruguay.",,Released,False,False,2011-04-01,90,0,0,0.07,5.8,5,en,,tt1914331,/evT7SVrTSIVqhSLNYXmnkZ1BwGX.jpg,,"[{""id"": 18, ""name"": ""Drama""}]",[],"[{""iso_3166_1"": ""UY"", ""name"": ""Uruguay""}, {""iso_3166_1"": ""BR"", ""name"": ""Brazil""}]","[{""english_name"": ""Spanish"", ""iso_639_1"": ""es"", ""name"": ""Espa\u00f1ol""}]","[""UY""]",null
186250,Second Movement for Piano and Needlework,Segundo Movimento para Piano e Costura,"In Sao Paulo, Brazil, Nicole, a Jewish clothing designer and IK, a Korean music teacher, lead quiet, rather lonely lives until fate unexpectedly brings them together in the city’s old Jewish quarter. In this poetic and charming tale, two contrasting traditions meet. Lush cinematography, beautiful music, gentle humour and superb performances blend seamlessly to tell a sweet story that explores the human need for creative fulfillment and love.",,Released,False,False,2011-03-17,51,0,0,0.2133,0.0,0,en,http://www.maodireita.com.br/site/?page_id=281,tt1914337,/y5UKMqfs4ClWhiOR17QUvvQlMek.jpg,,"[{""id"": 18, ""name"": ""Drama""}]",[],[],[],"[""US""]",null
186252,And Baby Makes Three,And Baby Makes Three,A recently divorced couple see things differently after learning they are going to be parents.,Calling all baby sitters!,Released,False,False,1949-12-02,84,0,0,1.6692,4.1,5,en,,tt0041122,/tN9jFeysD0qOiUx1HWPn4KeUKwp.jpg,/oSEsLoNbhpgQHBfnTonGXG9AIQf.jpg,"[{""id"": 35, ""name"": ""Comedy""}, {""id"": 10749, ""name"": ""Romance""}]","[{""id"": 3248, ""logo_path"": null, ""name"": ""Santana Pictures Corporation"", ""origin_country"": ""US""}, {""id"": 5, ""logo_path"": ""/71BqEFAF4V3qjjMPCpLuyJFB9A.png"", ""name"": ""Columbia Pictures"", ""origin_country"": ""US""}]","[{""iso_3166_1"": ""US"", ""name"": ""United States of America""}]","[{""english_name"": ""English"", ""iso_639_1"": ""en"", ""name"": ""English""}]","[""US""]",null
186251,Shalom Sesame,Shalom Sesame,"In Shalom Sesame, your favourite old friends from Sesame Street—plus some new characters and special guest stars—introduce viewers to Jewish customs, holidays, traditions and culture. The shows are in English, and though especially ideal for youngsters age three to eight, they can be enjoyed by the whole family.  Shalom Sesame: Shabbat Shalom Grover  Grover can’t seem to figure out why everyone is so busy just before a day of rest. Join Grover as he learns all about Shabbat, and sing along to Avigail’s favorite Shabbat song, Bim Bam!  Shalom Sesame: Countdown to Shavuot  It’s Shavuot! Avigail and Brosh want to stay up all night just like the grown-ups. Will they be able to do it? They will certainly try with a little help from a dancing cow! Featuring a guest appearance by Ben Stiller.",,Released,False,True,,60,0,0,0.0286,0.0,0,en,"http://tjff.com/film-info.php?id=1922&sortby=&filterby=33,32,31,34,35",,,,"[{""id"": 35, ""name"": ""Comedy""}]",[],[],[],"[""US""]",null
186257,The Perfectionists,The Perfectionists,"American wanderer, Mike Sobotka, recounts his short but life-changing experience with the Basque theater troupe ""Les Comediens du Lys Rouge"".",,Released,False,False,2013-04-14,14,0,0,0.3298,0.0,0,en,,tt2404502,/nd1JOlbWlm7J4ymI5gOVuhhOAVN.jpg,,[],[],[],[],"[""US""]",null
186254,Sirius,Sirius,"Dr. Steven Greer—an Emergency room doctor turned UFO researcher—discloses top secret information about classified energy and propulsion techniques, investigates new technology and sheds light on criminal and murderous suppression. He does so by accumulating over 100 Government, military and Intelligence-community witnesses who testify on record about the cover-up.",It's time for you to know,Released,False,False,2013-04-23,117,0,0,0.9313,6.2,24,en,http://www.siriusdisclosure.com,tt2637848,/7pBPEjEVIGfIDNgq7505jN9NheR.jpg,/wBUmTf1Yu2Tn8eGD7UPaiSrzgBI.jpg,"[{""id"": 99, ""name"": ""Documentary""}]","[{""id"": 27005, ""logo_path"": null, ""name"": ""Neverending Light"", ""origin_country"": ""US""}]","[{""iso_3166_1"": ""US"", ""name"": ""United States of America""}]","[{""english_name"": ""English"", ""iso_639_1"": ""en"", ""name"": ""English""}]","[""US""]",null
186259,The Tenth Drop / La dixieme goutte,The Tenth Drop / La dixieme goutte,"With only eight Jewish men in Corsica, how does this community gather a Minyan (a quorum of 10 Jewish men required to practice certain religious ceremonies)? A portrait of this tiny Jewish community, fighting to survive on a small island, as they reflect on their past and how difficult it is to contemplate their Jewish future.",,Released,False,False,,30,0,0,0.0261,5.0,2,en,"http://tjff.com/film-info.php?id=1252&sortby=&filterby=33,32,31,34,35",,,,"[{""id"": 99, ""name"": ""Documentary""}]",[],[],[],"[""US""]",null
186262,Broke,Broke,Four highschoolers' weekend trip to Canada is cut short when they crash their mini-van. Now they must raise enough money to fix the van before their parents return home.,The car is broke ... and so are they.,Released,False,False,2006-06-15,88,1000,0,0.0143,1.0,1,en,,tt0845968,/oQdptYUmVgFjCjSjNGakQQcNEHZ.jpg,,"[{""id"": 35, ""name"": ""Comedy""}]",[],[],"[{""english_name"": ""English"", ""iso_639_1"": ""en"", ""name"": ""English""}]","[""UG"", ""US""]",null
186268,Angels in Disguise,Angels in Disguise,Slip and the gang stray from newspaper work to detective work.,It's their Funniest Fightin-est Film!,Released,False,False,1949-09-25,63,0,0,0.7781,5.3,6,en,,tt0041124,/zzhtLkTvvbLxaOxsnXFVb59skxV.jpg,/agd0DHl1bZ9zdn2Q3DVlsR4aPzj.jpg,"[{""id"": 35, ""name"": ""Comedy""}, {""id"": 80, ""name"": ""Crime""}]","[{""id"": 4395, ""logo_path"": null, ""name"": ""Monogram Pictures"", ""origin_country"": ""US""}]","[{""iso_3166_1"": ""US"", ""name"": ""United States of America""}]","[{""english_name"": ""English"", ""iso_639_1"": ""en"", ""name"": ""English""}]","[""US""]","{""id"": 415931, ""name"": ""The Bowery Boys Collection"", ""poster_path"": ""/q6sA4bzMT9cK7EEmXYwt7PNrL5h.jpg"", ""backdrop_path"": ""/foe3kuiJmg5AklhtD3skWbaTMf2.jpg""}"
186263,"Wine, Women and Horses","Wine, Women and Horses",An ex-gambler hooks up with an old flame after his old habit resurfaces and drives off his wife.,IT'S PACED TO THE BEAT OF YOUR HEART! They lived and loved as they gambled...recklessly!,Released,False,False,1937-09-11,64,0,0,1.0158,4.3,3,en,,tt0029782,/i3DZ2nXZVetMwAM9NkzQAkqnQIg.jpg,/9mOhFxX85353r59EPkyTvd43vz8.jpg,"[{""id"": 18, ""name"": ""Drama""}]","[{""id"": 174, ""logo_path"": ""/zhD3hhtKB5qyv7ZeL4uLpNxgMVU.png"", ""name"": ""Warner Bros. Pictures"", ""origin_country"": ""US""}]","[{""iso_3166_1"": ""US"", ""name"": ""United States of America""}]","[{""english_name"": ""English"", ""iso_639_1"": ""en"", ""name"": ""English""}]","[""US""]",null
186270,Wherever You Go,Wherever You Go,"One of the strongest examples of Israeli cinematic storytelling in recent years. Zuhara is on her way to her younger sister’s wedding, when she picks up Neriman, a young Bedouin hitchhiker escaping from an arranged marriage. As she unintentionally becomes an accomplice in Neriman’s struggle, Zuhara must confront her conflicted feelings toward her estrangement from her own family. Director Rony Sasson Angel sensitively evokes moving drama through the characters’ quiet exchanges, while building to a powerful climax. Stars Hila Vidor and Maisa Abed Elhadi make the tension and camaraderie between these two strangers palpable and touching. A deeply-poignant and visually-striking road movie.",,Released,False,False,2015-09-16,40,0,0,0.1425,0.0,2,en,,tt2123223,,,"[{""id"": 18, ""name"": ""Drama""}]",[],"[{""iso_3166_1"": ""IL"", ""name"": ""Israel""}]","[{""english_name"": ""Arabic"", ""iso_639_1"": ""ar"", ""name"": ""\u0627\u0644\u0639\u0631\u0628\u064a\u0629""}, {""english_name"": ""Hebrew"", ""iso_639_1"": ""he"", ""name"": ""\u05e2\u05b4\u05d1\u05b0\u05e8\u05b4\u05d9\u05ea""}]","[""US""]",null
186272,Within the eye of the storm / Be’ein Ha’se’ara,Within the eye of the storm / Be’ein Ha’se’ara,"A thought provoking and inspiring documentary of shared tragedy and the unexpected journey of an Israeli and a Palestinian. Bassam and Rami, each once a dedicated fighter for his cause, have been faced with similar tragic losses. Their grief results in a surprising friendship as they become peace activists, working together—former enemies, now brothers in a cause. Their ultimate message, delivered on the Israeli radio show they co-hosted, is “It won’t end if we don’t talk”.",,Released,False,False,2012-09-20,68,0,0,0.0,6.5,1,en,"http://tjff.com/film-info.php?id=1502&sortby=&filterby=33,32,31,34,35",,/zfSPZjJjGr7359S3q4F83sQFzjq.jpg,,[],[],[],[],"[""US""]",null
186274,Stations,Stations,"Harry is a television journalist crossing Canada by train to a family event in Newfoundland. While travelling, the journalist is making a documentary about Canada and reassessing his life in response to a friend’s suicide.  - http://tiff.net/CANADIANFILMENCYCLOPEDIA/content/bios/william-d-macgillivray",,Released,False,False,1983-09-01,87,0,0,0.0402,0.0,0,fr,,tt0086360,/khKRhPUYyZn71C67K16H8ZIM64W.jpg,,"[{""id"": 18, ""name"": ""Drama""}]","[{""id"": 14072, ""logo_path"": ""/2pfrsSUYN62UqpBFKn10in7Kjfc.png"", ""name"": ""Picture Plant"", ""origin_country"": ""CA""}]","[{""iso_3166_1"": ""CA"", ""name"": ""Canada""}]","[{""english_name"": ""French"", ""iso_639_1"": ""fr"", ""name"": ""Fran\u00e7ais""}, {""english_name"": ""English"", ""iso_639_1"": ""en"", ""name"": ""English""}]","[""FR"", ""CA""]",null
186277,Fall to Grace,Fall to Grace,"In 2004, New Jersey Governor Jim McGreevey resigned his office on national television, coming out as a homosexual and admitting to an extramarital affair in the process. This documentary follows him in the near decade since that moment as McGreevey struggles to find his path in religion and serving the community he still loves.",,Released,False,False,2013-01-18,48,0,0,0.193,3.8,8,en,http://www.hbo.com/documentaries/fall-to-grace/index.html,tt2763308,/xbBkgpbjfGvszyWECClpVE7Zuzy.jpg,/lRYlNqVXls5VdbMwcdcA0Vtvj3v.jpg,"[{""id"": 99, ""name"": ""Documentary""}]",[],[],"[{""english_name"": ""English"", ""iso_639_1"": ""en"", ""name"": ""English""}]","[""US""]",null
186279,The Battle of Amfar,The Battle of Amfar,"When AIDS struck in the early 1980s, a scientist and a movie star did not have to respond - but they did. Dr. Mathilde Krim and Elizabeth Taylor joined forces to create amfAR, the Foundation for AIDS Research. The fight against HIV has never been the same. The Perfect Host reveals how two powerful and very different women came together, and what their combined efforts achieved. With passion and wit, Taylor wielded celebrity as a weapon against government indifference while Krim's commitment to science ensured support for the most promising research areas. Today, the only man cured of AIDS can thank research championed by Mathilde Krim. Visually dazzling and emotionally compelling, this story offers a surprising perspective on the still ongoing fight against AIDS.",,Released,False,False,2013-01-18,40,0,0,0.7718,4.4,7,en,,tt2674152,/cdPswia1JkVcCxDbXvJXtYkC3Lk.jpg,/qnRQil6wfAtPLMAH4Zd6JOx1pIP.jpg,"[{""id"": 99, ""name"": ""Documentary""}]","[{""id"": 14914, ""logo_path"": ""/1RZBWz53SpHUTLpRcM8BGv2plIP.png"", ""name"": ""HBO Documentary Films"", ""origin_country"": ""US""}]","[{""iso_3166_1"": ""US"", ""name"": ""United States of America""}]","[{""english_name"": ""English"", ""iso_639_1"": ""en"", ""name"": ""English""}]","[""US""]",null
186285,Beast,Beast,"Ten year old Benjamin and his mother live on an isolated farm under the violent reign of his father. Mother takes the beating and tries to cover up to keep things normal. But when Benjamin one day witnesses this beating, his suspicions are turned into facts. Benjamin wants his father to apologize to his mother for hitting her. Benjamin naively believes that things can be set straight with words alone. When Benjamin worsens the situation by taking his father's puppy as a hostage things escalate to a point where his mother has to step up and do what she should have done a long time ago.",,Released,False,False,2009-09-12,15,0,0,0.1907,6.0,5,en,https://www.facebook.com/pages/BEAST/16448178697,tt1418843,/gCLXLNvTMqn8esP13TMd2Lpf7WZ.jpg,/6eZ4lW4PohVmyzTsLeevzTKKzpK.jpg,"[{""id"": 18, ""name"": ""Drama""}]","[{""id"": 17717, ""logo_path"": null, ""name"": ""Picturewise Film"", ""origin_country"": """"}, {""id"": 17718, ""logo_path"": null, ""name"": ""Filmv\u00e6rkstedet"", ""origin_country"": ""DK""}]","[{""iso_3166_1"": ""DK"", ""name"": ""Denmark""}]","[{""english_name"": ""Danish"", ""iso_639_1"": ""da"", ""name"": ""Dansk""}]","[""US"", ""DK""]",null
186281,La Mise à mort du travail,La Mise à mort du travail,"In a world where the economy is no longer at the service of man but the man at the service of the economy, productivity objectives and management methods push employees to the limit. Never diseases, accidents at work have reached such a level.",,Released,False,False,2009-01-02,201,0,0,0.0511,7.0,3,fr,,tt2380608,/1P2YfpViGcA3mln1nLFeALZxiWv.jpg,,"[{""id"": 99, ""name"": ""Documentary""}]","[{""id"": 11359, ""logo_path"": ""/aqWJRi66t2oMPMmC60CdK9I3WQd.png"", ""name"": ""France 2"", ""origin_country"": ""FR""}]","[{""iso_3166_1"": ""FR"", ""name"": ""France""}]","[{""english_name"": ""French"", ""iso_639_1"": ""fr"", ""name"": ""Fran\u00e7ais""}]","[""FR""]",null
186292,The Collector,Neitoperho,"Eevi's life isn't going the way she would want it to, so she runs away, leaving destruction in her wake. No one will ever say no to her again.","You hate me, you despise me and you wish I were dead",Released,False,False,1997-10-31,98,0,0,0.5221,5.5,14,fi,,tt0119769,/kjVN5flO2mAff27UnfUIy9oycws.jpg,/3FqzFL41g2j2ANGjoesbbyMoPDl.jpg,"[{""id"": 18, ""name"": ""Drama""}, {""id"": 53, ""name"": ""Thriller""}]","[{""id"": 86861, ""logo_path"": null, ""name"": ""GNUfilms"", ""origin_country"": ""FI""}]","[{""iso_3166_1"": ""FI"", ""name"": ""Finland""}]","[{""english_name"": ""Finnish"", ""iso_639_1"": ""fi"", ""name"": ""suomi""}]","[""FI""]",null
186296,From Ear to Ear,Les Cousines,"Lucille, a paralyzed girl, is the scapegoat of her sister and her cousin Josine and Elisa. During a ""game"" that goes too far, they accidentally kill the lover of Elisa. Whilst attempting to make Lucille bear the guilt of the killing, they discover the frightful secret that would explain the vegetative state of Lucille.",How long does it take a razor sharp knife to slice... From Ear to Ear,Released,False,False,1970-09-25,81,0,0,0.3735,3.0,7,fr,,tt0218904,/dOWbwKtVKsuinfjZZAmgejPh45l.jpg,/ii6VpgIcwr0SREkVV8lfZiTJPXm.jpg,"[{""id"": 27, ""name"": ""Horror""}]","[{""id"": 90659, ""logo_path"": null, ""name"": ""Productions Claude Capra"", ""origin_country"": """"}, {""id"": 23055, ""logo_path"": null, ""name"": ""Activit\u00e9s Cin\u00e9graphiques et Cinephonic"", ""origin_country"": """"}, {""id"": 80483, ""logo_path"": null, ""name"": ""Les Activit\u00e9s Cin\u00e9graphiques"", ""origin_country"": """"}]","[{""iso_3166_1"": ""FR"", ""name"": ""France""}]","[{""english_name"": ""Italian"", ""iso_639_1"": ""it"", ""name"": ""Italiano""}, {""english_name"": ""French"", ""iso_639_1"": ""fr"", ""name"": ""Fran\u00e7ais""}]","[""FR""]",null
186304,Daddy,Daddy,"Daddy, filmed in cooperation with movie director Peter Whitehead, discovers the connection between a father and little girl. Like the majority of Niki De Saint Phalle’s films, the flick combines autobiography with imagination, mixing erotic scenes of incest with a reverse of energy as the female character humors the daddy figure. Saint Phalle narrates the film, offering an almost psycho-analytical explanation of its content and explains the different inexplicable.",,Released,False,False,1973-09-01,90,0,0,0.4692,5.0,8,en,,tt0071383,/ey5uMXPLK8YF1IbGzc5jC5xlHGf.jpg,/6K0sML1GiceGO2i81cEaII8EInt.jpg,"[{""id"": 18, ""name"": ""Drama""}]",[],"[{""iso_3166_1"": ""FR"", ""name"": ""France""}, {""iso_3166_1"": ""GB"", ""name"": ""United Kingdom""}]","[{""english_name"": ""English"", ""iso_639_1"": ""en"", ""name"": ""English""}]","[""US"", ""GB""]",null
186305,Carola: Julkonsert,Carola: Julkonsert,,,Released,False,False,1999-12-10,39,0,0,0.1013,3.8,2,sv,,,/74ND7P6xYTKOtI2qiUUCQQ7BP5x.jpg,/hNkxWuSnHhkEvGasthzR3s6Mrlh.jpg,"[{""id"": 10402, ""name"": ""Music""}]","[{""id"": 9339, ""logo_path"": ""/hwEpOrIYH7G4Rolt7s2thYquJnD.png"", ""name"": ""Universal Music Group"", ""origin_country"": ""US""}, {""id"": 14076, ""logo_path"": null, ""name"": ""Bravo Film"", ""origin_country"": """"}, {""id"": 2802, ""logo_path"": ""/7L7VUXTBLiHruhUjYJebV46uw3c.png"", ""name"": ""TV4"", ""origin_country"": ""SE""}]","[{""iso_3166_1"": ""SE"", ""name"": ""Sweden""}]","[{""english_name"": ""Swedish"", ""iso_639_1"": ""sv"", ""name"": ""svenska""}]","[""SE""]",null
186302,Spirit of the Raped,索命,"A Shaw Brothers production featuring a supernatural tale of revenge.  Liu Miao-Li suffers a string of terrible events. Once pushed to her limit, she decides to take back control of her existence, but chooses an unlikely path to vengeance.",,Released,False,False,1976-03-13,79,0,0,1.6377,6.0,1,zh,,tt0926336,/wknuD3UdQcXqUwj3OG3pCWGjN1H.jpg,/naT32gYktH0RwdS2iZtpxLgqCUS.jpg,"[{""id"": 27, ""name"": ""Horror""}]","[{""id"": 5798, ""logo_path"": ""/tmuI9BGXgpWLmokhlxpnG3IGNQB.png"", ""name"": ""Shaw Brothers"", ""origin_country"": ""HK""}]","[{""iso_3166_1"": ""HK"", ""name"": ""Hong Kong""}]","[{""english_name"": ""Cantonese"", ""iso_639_1"": ""cn"", ""name"": ""\u5e7f\u5dde\u8bdd / \u5ee3\u5dde\u8a71""}, {""english_name"": ""Mandarin"", ""iso_639_1"": ""zh"", ""name"": ""\u666e\u901a\u8bdd""}]","[""US"", ""HK""]",null
186306,The Continuing Story of Carel and Ferd,The Continuing Story of Carel and Ferd,"A fascinating hybrid of performance and video verité, The Continuing Story of Carel and Ferd introduces Carel and Ferd, a couple who allowed Ginsberg to produce an ongoing documentary record of the intimate moments of their relationship. Carel, a porn actress, and Ferd, a drug addict, invite the camera to participate in their wedding, their sex life, and their break-up. Produced before the landmark PBS documentary An American Family introduced television audiences to the live-in camera — and many decades before the ubiquity of reality television — this document raises questions about the relationship between subject and camera, privacy and manipulation. Originally presented as an installation, this one-hour version, which includes interviews with Carel, Ferd and Ginsberg, was distilled from thirty hours of footage recorded from 1970 to 1975. - Electronic Arts Intermix",,Released,False,False,1975-01-01,59,0,0,0.1555,4.0,6,en,http://www.eai.org/titles/2957,tt2055763,/rkt3lkmhrg2ISfw0YL5IwBbAcUU.jpg,/oaaboYCtITEFvnBVYg4vkEmEJFh.jpg,"[{""id"": 99, ""name"": ""Documentary""}, {""id"": 18, ""name"": ""Drama""}]","[{""id"": 97427, ""logo_path"": null, ""name"": ""Video Data Bank"", ""origin_country"": """"}, {""id"": 20988, ""logo_path"": null, ""name"": ""Electronic Arts Intermix"", ""origin_country"": """"}]",[],"[{""english_name"": ""English"", ""iso_639_1"": ""en"", ""name"": ""English""}]","[""US""]",null
186314,Lucie v opeře,Lucie v opeře,"Recording of a concert by the band Lucie at the Prague State Opera on November 12, 2002.",,Released,False,False,2002-01-01,0,0,0,0.0239,4.0,2,cs,,,/nA4xkpMelQ0CKprDpNqsBI2vFH4.jpg,,"[{""id"": 10402, ""name"": ""Music""}]","[{""id"": 6107, ""logo_path"": null, ""name"": ""HBO \u010cesk\u00e1 republika"", ""origin_country"": ""CZ""}, {""id"": 487, ""logo_path"": ""/x3BUIowxU2skXOpnOeOkl7kIYDo.png"", ""name"": ""\u010cesk\u00e1 televize"", ""origin_country"": ""CZ""}]","[{""iso_3166_1"": ""CZ"", ""name"": ""Czech Republic""}]","[{""english_name"": ""Czech"", ""iso_639_1"": ""cs"", ""name"": ""\u010cesk\u00fd""}]","[""CZ""]","{""id"": 375362, ""name"": ""Lucie (kolekce)"", ""poster_path"": null, ""backdrop_path"": null}"
186307,La face cachée du pétrole,La face cachée du pétrole,"From Rockefeller's first oil wells in 1860 to the recent war in Iraq, oil has been the driving force behind the tragic history of the 20th century. As a vital and strategic raw material, it has been at the heart of all political calculations. So much so that the world of oil has always been dominated by opacity and misinformation. The film lifts the veil on carefully guarded secrets and provides keys to understanding the issues surrounding oil, at a time when a veritable war over resources is underway.",,Released,False,False,2010-09-21,0,0,0,0.3142,0.0,0,fr,,tt7018850,/zTxARhg5nKE3uY0CwPMGJ4NX91u.jpg,,"[{""id"": 99, ""name"": ""Documentary""}]","[{""id"": 94, ""logo_path"": ""/huC7HqorvUThGIrENrbcHmQVUA0.png"", ""name"": ""ARTE France Cin\u00e9ma"", ""origin_country"": ""FR""}]","[{""iso_3166_1"": ""FR"", ""name"": ""France""}]","[{""english_name"": ""French"", ""iso_639_1"": ""fr"", ""name"": ""Fran\u00e7ais""}]","[""FR""]",null
186315,Geography of Fear,Pelon maantiede,"When her sister is mugged and raped, Oili, a young female forensic dentist, meets a group of abused women who have taken matters to their own hands to make the living in fear and just letting it happen stop.",It's all about respect.,Released,False,False,2000-01-21,95,0,0,0.5096,4.1,7,fi,,tt0188135,/8Kv9jaOZDVn4EQUkBieLnBFAay3.jpg,/rCXhmYUZpSNIse5aeKK1ef7ymNS.jpg,"[{""id"": 80, ""name"": ""Crime""}, {""id"": 18, ""name"": ""Drama""}, {""id"": 53, ""name"": ""Thriller""}]","[{""id"": 7330, ""logo_path"": null, ""name"": ""Blind Spot Pictures"", ""origin_country"": ""FI""}]","[{""iso_3166_1"": ""DK"", ""name"": ""Denmark""}, {""iso_3166_1"": ""FI"", ""name"": ""Finland""}, {""iso_3166_1"": ""DE"", ""name"": ""Germany""}]","[{""english_name"": ""Finnish"", ""iso_639_1"": ""fi"", ""name"": ""suomi""}]","[""FI""]",null
186317,Game On,Game On,"Game On is a documentary that chronicles a bold journey into the heart of the now infamous ""Seduction Community."" Between the years of 2002 and 2005, the film covers the rise of the Seduction Guru Leaders of the time and more importantly, the obsessive followers that give them their power. Insightful, humorous, thought-provoking, and at times just bizzare, Game On gives us an insight into a passionate and growing underground world.",A Journey into the Underground Seduction Community,Released,False,False,2007-01-01,51,0,0,0.4803,0.0,0,en,http://www.gameondvd.com,,,,"[{""id"": 99, ""name"": ""Documentary""}]","[{""id"": 14078, ""logo_path"": ""/tjUiJTnsLYKkjySjtEOfMW1iXOw.png"", ""name"": ""The Documentary Group"", ""origin_country"": ""US""}]",[],"[{""english_name"": ""English"", ""iso_639_1"": ""en"", ""name"": ""English""}]","[""US""]",null
186320,Handgun,Handgun,"Shortly after moving to Dallas, a young woman is raped at gunpoint. Her intense anger drives her to seek revenge, and she becomes a hunter on a vengeance mission.",She said no...and she meant it!,Released,False,False,1983-05-12,101,0,0,0.8399,5.6,17,en,,tt0085418,/A3cly4JkNtaFrl8rI4sCQ7GUXLI.jpg,/9fzCsBWGgTPBxifVKeDIHLM3VA5.jpg,"[{""id"": 18, ""name"": ""Drama""}, {""id"": 28, ""name"": ""Action""}, {""id"": 80, ""name"": ""Crime""}]","[{""id"": 538, ""logo_path"": ""/oGpxL5lFf8VpWsAQ6tut0on25LW.png"", ""name"": ""EMI Films"", ""origin_country"": ""GB""}, {""id"": 27023, ""logo_path"": null, ""name"": ""Kestrel Films"", ""origin_country"": ""GB""}]","[{""iso_3166_1"": ""GB"", ""name"": ""United Kingdom""}]","[{""english_name"": ""English"", ""iso_639_1"": ""en"", ""name"": ""English""}]","[""US"", ""GB""]",null
186323,Black and White Trypps Number Three,Black and White Trypps Number Three,"The third part in a series of films dealing with naturally-derived psychedelia. Shot during a performance by Rhode Island noise band Lightning Bolt, this film documents the transformation of a rock audience’s collective freak-out into a trance ritual of the highest spiritual order.",,Released,False,False,2007-06-16,12,0,0,0.0214,7.0,7,en,http://dimeshow.com/TRYPPS-1-7,tt0929859,,,"[{""id"": 10402, ""name"": ""Music""}]",[],"[{""iso_3166_1"": ""US"", ""name"": ""United States of America""}]","[{""english_name"": ""No Language"", ""iso_639_1"": ""xx"", ""name"": ""No Language""}]","[""US""]","{""id"": 1193512, ""name"": ""TRYPPS #1-7"", ""poster_path"": null, ""backdrop_path"": null}"
186324,Morris County,Morris County,A horror anthology with three stories connected by the thread of alienation and confusion within the seemingly ideal backdrop of suburban America.,This could be anywhere.,Released,False,False,2009-02-06,91,0,0,0.2861,4.3,3,en,,tt1260579,/o1nUIpG3s0UcViMa0KkwMV3Mm02.jpg,,"[{""id"": 27, ""name"": ""Horror""}, {""id"": 18, ""name"": ""Drama""}]","[{""id"": 33428, ""logo_path"": null, ""name"": ""Reluctant Pictures"", ""origin_country"": """"}, {""id"": 17716, ""logo_path"": null, ""name"": ""Catfish Studios"", ""origin_country"": """"}]","[{""iso_3166_1"": ""US"", ""name"": ""United States of America""}]",[],"[""US""]",null
186328,The Butterfly,나비,"In a near future Korea, where an ""oblivion virus"" which causes memory loss has become the centre of a tourist industry aimed at those who wish to forget the past, Anna Kim, a German woman of Korean descent, seeks the virus in order to erase painful memories and, along the way, develops a close bond with her driver and her teenage guide.",,Released,False,False,2001-10-13,112,0,0,1.0125,6.2,10,ko,,tt0293442,/fKyMcWDSgnxWUCF9bBQEZZDFMoX.jpg,/8jMpytNe2lhyd7kvSEDUMQyLITY.jpg,"[{""id"": 878, ""name"": ""Science Fiction""}]",[],"[{""iso_3166_1"": ""KR"", ""name"": ""South Korea""}]","[{""english_name"": ""Korean"", ""iso_639_1"": ""ko"", ""name"": ""\ud55c\uad6d\uc5b4/\uc870\uc120\ub9d0""}]","[""KR""]",null
186332,Trypps #7 (Badlands),Trypps #7 (Badlands),"""TRYPPS #7 (BADLANDS) charts, through an intimate long-take, a young woman's LSD trip in the Badlands National Park before descending into a psychedelic, formal abstraction of the expansive desert landscape. Concerned with notions of the romantic sublime, phenomenological experience, and secular spiritualism, the work continues Russell's unique investigation into the possibilities of cinema as a site for transcendence."" - Michael Green, Museum of Contemporary Art Chicago",,Released,False,False,2010-04-15,10,0,0,0.0416,6.1,11,en,http://dimeshow.com/TRYPPS-1-7,tt2015520,/7WRZtvbOsp1nveLF4JHweVmDOUA.jpg,,[],[],"[{""iso_3166_1"": ""US"", ""name"": ""United States of America""}]","[{""english_name"": ""No Language"", ""iso_639_1"": ""xx"", ""name"": ""No Language""}]","[""US""]","{""id"": 1193512, ""name"": ""TRYPPS #1-7"", ""poster_path"": null, ""backdrop_path"": null}"
186338,Roman's Bride,Roman's Bride,"Roman's Bride tells the story of Lily Heller, an Iowa woman torn between a repressive faith and an unrequited love for life-long neighbor Roman. Indulged in her world only by doting childhood friend Amos, Lily lives her life in a self-restricted isolation. When roman and his girlfriend announce plans to marry, Lily's fragile psyche collides fiercely with an immorality she sees permeating her world. And in Lily's world, sins must be punished.",,Released,False,False,2010-01-01,85,0,0,0.0071,6.0,1,en,,tt1326960,,,[],[],[],[],"[""US""]",null
186340,Tuning In,Tuning In,"Tuning In is a unique feature-length documentary about the phenomenon of spirit channeling. Channeling is a practice dating back to antiquity wherein an individual, usually in a trance state, makes a psychic connection with a nonphysical being. The individual making the connection, known as the channeler, is then able to act as a dimensional go-between in bringing other humans in contact with the entity, as well as interpreting messages from the entity.",Spirit Channelers In America,Released,False,False,2008-09-02,80,0,0,0.246,5.5,4,en,http://www.tuninginmovie.com/,tt1103276,,,"[{""id"": 99, ""name"": ""Documentary""}]","[{""id"": 14081, ""logo_path"": null, ""name"": ""Mouska Media"", ""origin_country"": """"}]","[{""iso_3166_1"": ""US"", ""name"": ""United States of America""}]","[{""english_name"": ""English"", ""iso_639_1"": ""en"", ""name"": ""English""}]","[""US""]",null
186342,Forever Ealing,Forever Ealing,"This is a history of the England's Ealing Film Studios, from its beginnings in 1902. It follows the studio's successes through the 1930's, World War II dramas, the well-known 'Ealing comedies' with Alec Guinness, and the BBC's television productions",,Released,False,False,2002-12-05,50,0,0,0.7645,6.8,4,en,,tt0343675,/wTwREnbBuxajS9fU49XOITjYLv2.jpg,,"[{""id"": 99, ""name"": ""Documentary""}]","[{""id"": 5778, ""logo_path"": ""/2loyoQweDxvotH3AknfL2zhsthg.png"", ""name"": ""Channel 4 Television"", ""origin_country"": ""GB""}]","[{""iso_3166_1"": ""GB"", ""name"": ""United Kingdom""}]","[{""english_name"": ""English"", ""iso_639_1"": ""en"", ""name"": ""English""}]","[""GB""]",null
186341,The Secret Life of Sarah Sheldon,The Secret Life of Sarah Sheldon,"Sarah Sheldon, a disturbed scientist deeply concerned with overpopulation, secretly sterilizes certain individuals during sexual intercourse.","Casual sex, mutilation and misdirected good intentions.",Released,False,False,2006-01-01,90,0,0,0.0338,0.0,0,en,,tt0860864,,/elc9vFoG653DiLhnSgiSmhpLef1.jpg,[],[],[],"[{""english_name"": ""English"", ""iso_639_1"": ""en"", ""name"": ""English""}]","[""US""]",null
186344,Moon Rider,Moon Rider,"Moon Rider is a coming-of-age story about the bike rider Rasmus Quaade. The film follows young Rasmus' struggle to become a professional rider, a rough and winding road through hell and back. Shot on fragile Super8 and raw helmet-cam, it is a journey seen from the inside of a young man's head - it is a personal story entrusted to the spectator by Rasmus himself from his intimate diary.",,Released,False,False,2012-09-02,82,0,0,0.0214,5.8,4,en,,tt2406596,,,"[{""id"": 99, ""name"": ""Documentary""}]",[],[],"[{""english_name"": ""Danish"", ""iso_639_1"": ""da"", ""name"": ""Dansk""}, {""english_name"": ""English"", ""iso_639_1"": ""en"", ""name"": ""English""}, {""english_name"": ""German"", ""iso_639_1"": ""de"", ""name"": ""Deutsch""}]","[""US""]",null
186349,The Strange Possession of Mrs. Oliver,The Strange Possession of Mrs. Oliver,"A houswife, tired of her everyday routine, makes changes in her hair, her wardrobe and her makeup, and begins to take on the personality of a woman who had died five years earlier.","She wanted to be someone else. But when she became ""Sandy"" her new friends wanted her dead!",Released,False,False,1977-02-28,77,0,0,0.9475,5.8,4,en,,tt0076771,/lUuCp0LpWJor626WF5yY7j05KAO.jpg,/6TcnBX1gP5wUktFztZrDJCFbfSA.jpg,"[{""id"": 18, ""name"": ""Drama""}, {""id"": 27, ""name"": ""Horror""}, {""id"": 9648, ""name"": ""Mystery""}, {""id"": 53, ""name"": ""Thriller""}, {""id"": 10770, ""name"": ""TV Movie""}]","[{""id"": 23881, ""logo_path"": null, ""name"": ""The Shpetner Company"", ""origin_country"": """"}, {""id"": 1502, ""logo_path"": ""/ywjcvHUiKxv7cYsestkONF8LieH.png"", ""name"": ""NBC"", ""origin_country"": ""US""}]","[{""iso_3166_1"": ""US"", ""name"": ""United States of America""}]","[{""english_name"": ""English"", ""iso_639_1"": ""en"", ""name"": ""English""}]","[""US""]",null
186346,Split of the Spirit,離魂,"A ghost takes over a dancer's body in order to find those who killed her, and thus her revenge.",,Released,False,False,1987-05-14,89,0,0,1.3476,5.7,3,zh,,tt0097739,/9PoTbuTTUV5EFD7dKbuPVlhHHIR.jpg,/bil1R4cYGNMit3w1mJMbdOWRoa1.jpg,"[{""id"": 18, ""name"": ""Drama""}, {""id"": 27, ""name"": ""Horror""}]","[{""id"": 14083, ""logo_path"": null, ""name"": ""Good Year Movie Co."", ""origin_country"": """"}]","[{""iso_3166_1"": ""TW"", ""name"": ""Taiwan""}]","[{""english_name"": ""Cantonese"", ""iso_639_1"": ""cn"", ""name"": ""\u5e7f\u5dde\u8bdd / \u5ee3\u5dde\u8a71""}, {""english_name"": ""Mandarin"", ""iso_639_1"": ""zh"", ""name"": ""\u666e\u901a\u8bdd""}]","[""TW"", ""HK""]",null
186351,Venom,Venom,"A Nazi scientist and a woman known as a ""spider goddess"" attempt to develop a nerve gas made from spider venom.",The only thing Paul Creville wanted was a quiet and peaceful time - instead all he found was...VENOM!,Released,False,False,1974-05-02,87,0,0,0.5385,4.5,13,en,,tt0067934,/qf58eUwhZqWRts3OSa5TTb3VkOM.jpg,/cB01tluqfdtwdi2JAg7Ao6m3ZiB.jpg,"[{""id"": 27, ""name"": ""Horror""}]","[{""id"": 14228, ""logo_path"": null, ""name"": ""Cupid Productions"", ""origin_country"": ""GB""}, {""id"": 15370, ""logo_path"": null, ""name"": ""Action Plus Productions Ltd."", ""origin_country"": """"}]","[{""iso_3166_1"": ""GB"", ""name"": ""United Kingdom""}]","[{""english_name"": ""English"", ""iso_639_1"": ""en"", ""name"": ""English""}]","[""GB"", ""US""]",null
186353,Woman Transformation,妖怪奇談,"Kamei mixes humour, drama and, in this occasion, bits of horror to visualize the physical transformation in yôkai that the three main actresses undergo. Mihiro Iwasaki (Anri Ban) is a model extremely preoccupied by how others look at and think of her. Then, her nails start growing disproportionately until they become killing weapons. Michiko Yamane (Mariko Miyamitsu) is an unsociable university student and part-time worker in her early twenties only crazy for a hobby. At night she becomes a rokurokubi (female yokai with an extremely long and flexible neck). Finally, Mana Saeki (Haruki Ichikawa) is a last year junior high school student with a very bad character and very distrustful of all her friends, who metamorphoses into a nopperabo (yokai without face).",,Released,False,False,2007-01-13,85,0,0,0.9591,0.0,0,ja,,tt0924001,/tLTSYZJvTxe2E0XLaaClLiywpDQ.jpg,,"[{""id"": 27, ""name"": ""Horror""}]",[],"[{""iso_3166_1"": ""JP"", ""name"": ""Japan""}]","[{""english_name"": ""Japanese"", ""iso_639_1"": ""ja"", ""name"": ""\u65e5\u672c\u8a9e""}]","[""JP""]",null
186355,Blood & Death History,Blood & Death History,"38 Amazing Matches From The Kings Of Deathmatch, Big Japan Pro Wrestling.",,Released,False,True,2006-01-01,437,0,0,0.0143,0.0,0,en,http://www.bigjapanshop.com/blood-amp-death-history-bjw-dvd-box-set.html,,,,[],[],[],[],"[""US""]",null
186356,Le Réserviste,Le Réserviste,"Soldier Joseph Danton returns to his native village after five years away. Welcomed by his uncle Gérard, who raised him, he rediscovers the joys of outdoor life and gradually regains his zest for life...",,Released,False,False,2012-04-28,39,0,0,0.0214,5.5,2,fr,,tt2612084,/vBJhe7tngvIKzi55MgDGWxNgYnR.jpg,,"[{""id"": 35, ""name"": ""Comedy""}, {""id"": 80, ""name"": ""Crime""}, {""id"": 28, ""name"": ""Action""}, {""id"": 27, ""name"": ""Horror""}, {""id"": 53, ""name"": ""Thriller""}]",[],[],[],"[""FR""]",null
186359,The Inside,The Inside,A group of girls are terrorized by violent vagrants before succumbing to a horrific supernatural evil.,,Released,False,False,2012-10-31,92,0,0,0.4845,3.5,13,en,http://www.blankcanvaspictures.ie/films/films-feature/films-feature-the-inside/,tt1612083,/T7JBlIhX2yQPFmJlUkhriTGy0o.jpg,,"[{""id"": 53, ""name"": ""Thriller""}, {""id"": 27, ""name"": ""Horror""}, {""id"": 18, ""name"": ""Drama""}]","[{""id"": 14084, ""logo_path"": null, ""name"": ""Blank Canvas Pictures"", ""origin_country"": """"}]","[{""iso_3166_1"": ""IE"", ""name"": ""Ireland""}]","[{""english_name"": ""English"", ""iso_639_1"": ""en"", ""name"": ""English""}]","[""IE"", ""US""]",null
186360,From 5 p.m. to 5 a.m.,5시부터 5시까지,"A squadron of North Korean soldiers during the Korean war must scramble across dangerous terrain to cut off an American attack (with only the eponymous 12 hours in which to do it). With a commander whose health is failing him, a group of young but fiercely patriotic soldiers the DPRK army manage to hold off the Yanks (who foolishly informed the press of their planned attack before going through with it).",,Released,False,False,1990-01-30,78,0,0,0.0143,4.5,4,en,,tt2162559,/j6lrTFQwrwzvN7sl6AK2iqvH1N4.jpg,,"[{""id"": 10752, ""name"": ""War""}]",[],"[{""iso_3166_1"": ""KP"", ""name"": ""North Korea""}]","[{""english_name"": ""Korean"", ""iso_639_1"": ""ko"", ""name"": ""\ud55c\uad6d\uc5b4/\uc870\uc120\ub9d0""}]","[""US""]",null
186361,Elsa the Rose,Elsa la rose,"Images and poems of the celebrated couple Louis Aragon and Elsa Triolet. Elsa’s youth as recalled by Aragon, with commentary by Elsa.",,Released,False,False,1966-10-23,20,0,0,0.4465,6.1,20,fr,,tt0781365,/mwHCfHKKKjfrNnIzzINKaalHQtN.jpg,/6LeW4F6n3Lb1EynMIOth8cN3TZz.jpg,"[{""id"": 99, ""name"": ""Documentary""}]","[{""id"": 220, ""logo_path"": null, ""name"": ""Path\u00e9 Consortium Cin\u00e9ma"", ""origin_country"": ""FR""}]","[{""iso_3166_1"": ""FR"", ""name"": ""France""}]","[{""english_name"": ""French"", ""iso_639_1"": ""fr"", ""name"": ""Fran\u00e7ais""}]","[""FR""]",null
186362,Lodela,Lodela,"An evocation of the origins of the world. A hymn to the beauty of the human form. A celebration of movement. A metaphor for life and death. Lodela draws its inspiration from the Bardo Thodol, with the film's title a corruption of ""l'au-delà,"" a French term for the hereafter",,Released,False,False,1996-08-19,26,0,0,0.0143,8.0,1,en,,tt0116901,,,[],"[{""id"": 10473, ""logo_path"": ""/lMUDQZVtg8On4PAW5XFQPaQy6UK.png"", ""name"": ""ONF | NFB"", ""origin_country"": ""CA""}]","[{""iso_3166_1"": ""CA"", ""name"": ""Canada""}]",[],"[""US"", ""CA""]",null
186365,Women Reply,"Réponse de femmes : Notre corps, notre sexe","What does being a woman really mean? How do women live the status society reserves for them? A group of women, beautiful or not, young or not, gifted with motherly instinct or not, answer before Agnès Varda's camera.","Our Bodies, Our Sex.",Released,False,False,1975-02-12,8,0,0,0.1963,6.3,54,fr,,tt0073619,/wKvmXHLTh2RBb1ck3QY76C2Xlc5.jpg,/hq2SYjBwzIFFZqiR2iQPQtEqVsW.jpg,"[{""id"": 99, ""name"": ""Documentary""}]","[{""id"": 1117, ""logo_path"": ""/2X2uFeObxawiAajNDOf3Mhri5Wg.png"", ""name"": ""Antenne 2"", ""origin_country"": ""FR""}, {""id"": 14683, ""logo_path"": ""/oqpU5dX9DlN3YB96NdsNXknJhcl.png"", ""name"": ""Cin\u00e9-Tamaris"", ""origin_country"": ""FR""}]","[{""iso_3166_1"": ""FR"", ""name"": ""France""}]","[{""english_name"": ""French"", ""iso_639_1"": ""fr"", ""name"": ""Fran\u00e7ais""}]","[""FR""]",null
186368,Beyond Belief,Beyond Belief,Beyond Belief explores the role beliefs and the subconscious mind play in creating your experience.,Wake up ... to your dream life,Released,False,False,2010-01-01,80,0,0,0.0311,0.0,0,en,http://www.beyondbeliefthemovie.com,tt2200832,/exhHZfILxCRVjvA9rBRd4ApROf7.jpg,,[],[],[],"[{""english_name"": ""English"", ""iso_639_1"": ""en"", ""name"": ""English""}]","[""US""]",null
186366,Spring Heeled Jack,Spring Heeled Jack,"'Spring Heeled Jack' is set in 2004, when the titular character resurfaces after a 100-year absence to continue his killing spree. His main focus seems to be teenager Sam Walker, who with the help of his mates and an Immortal Victorian Woman, must try and overcome the powers of evil to prevent the destruction of the world. The film focuses on Sam's inner battles as he comes to terms with the immense task he must endure and also why he's been chosen by the supernatural killer.",He Killed in 1904... And Now They've Brought Him Back...,Released,False,False,2008-08-31,88,15260,0,0.1893,0.0,0,en,,tt1288490,,,"[{""id"": 27, ""name"": ""Horror""}]",[],[],"[{""english_name"": ""English"", ""iso_639_1"": ""en"", ""name"": ""English""}]","[""US""]",null
186370,Deception Was My Job,Deception Was My Job,"Yuri Bezmenov, the son of a high-ranking Soviet officer, was a member of the elite propaganda arm of the KGB, known as the Novasti Press Agency. One of his assignments was to accompany journalists visiting the Soviet Union to make sure they did not discover the truth about Soviet life. After becoming disillusioned with the oppressive system, he escaped to the West at great risk to his life. In this interview, conducted by G. Edward Griffin, Mr. Bezmenov tells how the Soviets used propaganda against their own citizens; how he hoodwinked American journalists into publishing Soviet propaganda, how slave laborers are concealed from foreign visitors, and how he escaped to the West posing as an American hippie. Includes many photographs brought with him on microfilm at the time of his escape.",Soviet Subversion of the Free-World Press,Released,False,False,1984-01-01,90,0,0,0.0,0.0,0,en,,,,,"[{""id"": 99, ""name"": ""Documentary""}]",[],[],[],"[""US""]",null
186371,Idiots' Battle,Die Schlacht der Idioten,"This black and white silent film with music by Helge Schneider, starring Udo Kier as a vampire and Alfred Edel as an Indian chief was commissioned by the Filmmuseum Düsseldorf to inaugurate their cinema organ. The look and feel of the film stems from the silent film era, but the camp style and over use of clichéd characters bears the trade mark of Schlingensief all over. “I love all things kitsch, like opera, and I feel inspired by music. I was interested in silent film but not a great deal”, said the director.",,Released,False,False,1986-01-01,21,0,0,0.4296,0.0,0,de,,tt0091904,/d4No81W1tv024v7fHq6bFQaNcMT.jpg,/5Z5xd1o4waE3Emd6mmY1lW5QUsX.jpg,"[{""id"": 35, ""name"": ""Comedy""}, {""id"": 37, ""name"": ""Western""}, {""id"": 27, ""name"": ""Horror""}]","[{""id"": 122428, ""logo_path"": null, ""name"": ""Filminstitut D\u00fcsseldorf"", ""origin_country"": """"}]","[{""iso_3166_1"": ""DE"", ""name"": ""Germany""}]","[{""english_name"": ""No Language"", ""iso_639_1"": ""xx"", ""name"": ""No Language""}]","[""DE""]",null
186378,Heist,Heist,"In 1303, a ragtag bunch of crooks and ne'er-do-wells plot to take revenge on Edward I, the King of England.",,Released,False,False,2008-01-01,70,0,0,0.5482,5.2,3,en,,tt0892779,,,"[{""id"": 10770, ""name"": ""TV Movie""}, {""id"": 35, ""name"": ""Comedy""}, {""id"": 80, ""name"": ""Crime""}, {""id"": 18, ""name"": ""Drama""}]","[{""id"": 3324, ""logo_path"": ""/dqT3yOTlfJRmtvk52Ccd1O6dZ0A.png"", ""name"": ""BBC"", ""origin_country"": ""GB""}, {""id"": 14085, ""logo_path"": null, ""name"": ""Hardy Pictures"", ""origin_country"": """"}]","[{""iso_3166_1"": ""GB"", ""name"": ""United Kingdom""}]","[{""english_name"": ""English"", ""iso_639_1"": ""en"", ""name"": ""English""}]","[""US"", ""GB""]",null
186372,Scenes from the Class Struggle in Portugal,Cenas da Luta de Classes em Portugal,"Combining newsreel footage, still photographs, interviews, and analytical narration, this documentary focuses on the antifascist, anti-imperialist efforts of labor groups, peasants, and working-class soldiers to liberate Portugal from the control of the government of Antonio de Oliveira Salazar.",,Released,False,False,1977-10-11,96,0,0,0.0609,6.8,4,en,,tt0369901,/n0992Ue8G4lqwnq8duGA9vlv7bh.jpg,,"[{""id"": 99, ""name"": ""Documentary""}]",[],"[{""iso_3166_1"": ""PT"", ""name"": ""Portugal""}, {""iso_3166_1"": ""US"", ""name"": ""United States of America""}]","[{""english_name"": ""Portuguese"", ""iso_639_1"": ""pt"", ""name"": ""Portugu\u00eas""}, {""english_name"": ""English"", ""iso_639_1"": ""en"", ""name"": ""English""}]","[""US"", ""PT""]",null
186379,Tokyo Pop,Tokyo Pop,"A young rock singer is not appreciated by her band, and gets a postcard from Japan saying ""wish you were here"". She takes what little money she has including ex-boyfriend's rent money and goes to Tokyo. She has numerous cross-cultural adventures and ends up singing with a Japanese rock group looking for a gaijin gimmick.",An American success story that's far from ordinary. And far from home.,Released,False,False,1988-04-15,100,0,37834,1.2209,6.9,14,ja,,tt0096281,/v254GL7NRJFKNyEuEoVPTYEZTen.jpg,/6sCnOmBMy1f7MMpD9MOO10aUK8i.jpg,"[{""id"": 35, ""name"": ""Comedy""}, {""id"": 10749, ""name"": ""Romance""}, {""id"": 10402, ""name"": ""Music""}]","[{""id"": 2516, ""logo_path"": null, ""name"": ""Kuzui Enterprises"", ""origin_country"": ""US""}]","[{""iso_3166_1"": ""US"", ""name"": ""United States of America""}, {""iso_3166_1"": ""JP"", ""name"": ""Japan""}]","[{""english_name"": ""Japanese"", ""iso_639_1"": ""ja"", ""name"": ""\u65e5\u672c\u8a9e""}, {""english_name"": ""English"", ""iso_639_1"": ""en"", ""name"": ""English""}]","[""JP""]",null
186382,Kingdom of the Oceans,Le Peuple des Océans,"Diving into the planet’s waters, Kingdom Of The Oceans features astonishing footage that showcases the majesty of the underwater world. Shot at over 50 locations around the world and with eighty different species, this breath-taking four-part special offers a deeper insight into the aquatic side of nature, from the coastal shores to the open sea. 1) Giants Of The Deep: The voyages of blue whales and hordes of tuna through the vast, blue, liquid expanse of the oceans.  2) Sand Wars:The sandy plains of the seabed can appear to be empty, but hide multitudes of moving creatures.  3) Predator's Paradise: Coral polyps are tiny animals that construct underwater mountains, sheltering an extraordinarily diverse group of species.  4) Fire & Ice: Whales, penguins, iguanas and dolphins have all inherited a burdensome air-breathing legacy from their land-dwelling ancestors.",,Released,False,False,2011-09-11,55,0,0,0.2413,6.8,10,fr,http://natgeotv.com/uk/kingdom-of-the-oceans,tt1920024,/oCjvzztl4O7Yo2EFd6EPkhgsfL9.jpg,,"[{""id"": 99, ""name"": ""Documentary""}]","[{""id"": 793, ""logo_path"": ""/10DhIXAmAixQvBOsjZ1MOeSRyUC.png"", ""name"": ""Galat\u00e9e Films"", ""origin_country"": ""FR""}, {""id"": 7981, ""logo_path"": ""/6Yv1gIAuGkHS5Vis4UjnqHhCPWV.png"", ""name"": ""Path\u00e9"", ""origin_country"": ""FR""}]","[{""iso_3166_1"": ""FR"", ""name"": ""France""}]",[],"[""FR""]",null
186383,Kimagure Orange Road: I Want to Return to That Day,きまぐれオレンジ★ロード　あの日にかえりたい,"Kyousuke and Madoka have finally arrived at the point where they are close to graduation and have to decide where they want to go to college. Naturally, they want to go together, so beside all the studying they also have to look for a proper college where they can enter both. Hikaru, still a year from graduating, wants to support Kyousuke as well and does that in her own way. But while she does that, Madoka feels jealous and tells her feelings to Kyousuke. And then Kyousuke has to take action to finally decide on the girl he loves.",,Released,False,False,1988-10-08,70,0,0,2.3182,6.9,83,ja,,tt0095448,/ogeQoeHVPPDglkaMIVy0o3roHkx.jpg,/9V6jezUZtg6phUKq4Jhz46rrPAg.jpg,"[{""id"": 10749, ""name"": ""Romance""}, {""id"": 16, ""name"": ""Animation""}, {""id"": 18, ""name"": ""Drama""}, {""id"": 35, ""name"": ""Comedy""}]","[{""id"": 882, ""logo_path"": ""/fRSWWjquvzcHjACbtF53utZFIll.png"", ""name"": ""TOHO"", ""origin_country"": ""JP""}, {""id"": 3234, ""logo_path"": ""/wTPPnz05ZCQgEQVeSOxTkUCyhr5.png"", ""name"": ""Pierrot"", ""origin_country"": ""JP""}]","[{""iso_3166_1"": ""JP"", ""name"": ""Japan""}]","[{""english_name"": ""Japanese"", ""iso_639_1"": ""ja"", ""name"": ""\u65e5\u672c\u8a9e""}]","[""JP""]","{""id"": 693543, ""name"": ""Kimagure Orange\u2606Road Collection"", ""poster_path"": ""/cLJJZZ7QB6yjdV4BwRz8Rid48i8.jpg"", ""backdrop_path"": null}"
186385,Spy Smasher Returns,Spy Smasher Returns,"Edited version of the 1942 Republic serial ""Spy Smasher,"" cut down to one hour and sold for TV release in 1966 in a syndication package with other truncated Republic serials.",,Released,False,False,1966-01-01,101,0,0,0.6862,8.0,2,en,,tt0061018,/6B2D1dvmnpv24Ey7gNwNu9eMsnc.jpg,,"[{""id"": 28, ""name"": ""Action""}, {""id"": 12, ""name"": ""Adventure""}, {""id"": 10770, ""name"": ""TV Movie""}]","[{""id"": 1432, ""logo_path"": ""/odyWStT82nGf2LQCyfs7iFudwa0.png"", ""name"": ""Republic Pictures"", ""origin_country"": ""US""}]",[],[],"[""US""]",null
186389,Anthem,Anthem,"A series of shots depicting ""America"" are laid over a classic Gregorian Chant recreated through the distortion of a woman's screams.",,Released,False,False,1983-01-01,12,0,0,0.1921,6.3,8,en,http://www.eai.org/title.htm?id=1355,tt1798602,/cQLLMuw7Q4Y1DGCdrcs6AY0xIds.jpg,,"[{""id"": 99, ""name"": ""Documentary""}]","[{""id"": 113363, ""logo_path"": null, ""name"": ""Bill Viola Studio"", ""origin_country"": ""US""}]","[{""iso_3166_1"": ""US"", ""name"": ""United States of America""}]","[{""english_name"": ""No Language"", ""iso_639_1"": ""xx"", ""name"": ""No Language""}]","[""US""]",null
186391,The Demon's Baby,猛鬼食人胎,"When a group of Chinese soldiers raid a tomb, things take a turn for the worse when their wives get possessed and are expecting at the same time.",,Released,False,False,1998-08-15,85,0,0,1.9806,4.7,7,cn,,tt0327628,/t6reGd8YqI9eqNqcASIM65GOpes.jpg,/lhM2eqsRkC1tZ955tbDimdyXky9.jpg,"[{""id"": 27, ""name"": ""Horror""}, {""id"": 14, ""name"": ""Fantasy""}, {""id"": 35, ""name"": ""Comedy""}]","[{""id"": 72349, ""logo_path"": null, ""name"": ""B.O.B & Partners Co. Ltd"", ""origin_country"": ""HK""}]","[{""iso_3166_1"": ""HK"", ""name"": ""Hong Kong""}]","[{""english_name"": ""Cantonese"", ""iso_639_1"": ""cn"", ""name"": ""\u5e7f\u5dde\u8bdd / \u5ee3\u5dde\u8a71""}]","[""HK""]",null
186395,Lukas the Strange,Lukas Niño,"A small town in the Philippines is turned upside down by the arrival of a film crew that has everyone excited. Meanwhile, 13-year-old Lukas finds his own world overturned when he is told that his father is a tikbalang (half horse, half man). His father’s disappearance leaves Lukas to try to unravel the mystery of his own heritage and his own nature.",,Released,False,False,2013-01-25,85,0,0,0.0286,5.8,6,en,,tt2664766,/5RVYSd8SGojGIH1OeDvZUAuKnqh.jpg,,"[{""id"": 18, ""name"": ""Drama""}]","[{""id"": 89287, ""logo_path"": null, ""name"": ""Peliculas Los Otros"", ""origin_country"": """"}]","[{""iso_3166_1"": ""PH"", ""name"": ""Philippines""}]",[],"[""US""]",null
186394,On the Border,On the Border,A dumb as rocks security guard in a Texas border town gets involved in a planned bank heist thanks to the charms of two different femmes fatales.,A bank robbery to die for.,Released,False,False,1998-11-19,103,0,0,1.3799,4.7,9,en,,tt0126568,/8j5UaU2KUYsl34NtBsf2OnWsQtA.jpg,/1rOQIJMdO8a8kwDjTxcrP70G74n.jpg,"[{""id"": 53, ""name"": ""Thriller""}, {""id"": 10770, ""name"": ""TV Movie""}]",[],[],[],"[""US""]",null
186392,Hatsu Yume (First Dream),Hatsu Yume (First Dream),"With a title referring to Japanese folklore, wherein things done on the first day of a new year are significant, the film - an ardent dream entirely shot in Japan - stands as a spiritual allegory equating light and dark with life and death.",,Released,False,False,1981-01-01,56,0,0,0.0143,6.4,5,en,,tt1798636,/AuN8NbRhsNufdpFQt4GKNXtSChp.jpg,,"[{""id"": 99, ""name"": ""Documentary""}]","[{""id"": 113363, ""logo_path"": null, ""name"": ""Bill Viola Studio"", ""origin_country"": ""US""}, {""id"": 117247, ""logo_path"": null, ""name"": ""The TV Lab at WNET/13"", ""origin_country"": ""US""}]","[{""iso_3166_1"": ""US"", ""name"": ""United States of America""}]","[{""english_name"": ""No Language"", ""iso_639_1"": ""xx"", ""name"": ""No Language""}]","[""US""]",null
186397,The Garden of Eden,The Garden of Eden,"This poetic ensemble of personal stories converging over the course of a full year is a cinematic portrait of contemporary Israel: multifaceted, diverse, contradictory, complex. At Sakhne, one of the most popular parks in Israel, a varied collection of characters—recent immigrants, Zionist pioneers, Christians, Arabs and non-believers—coexist in an intricate microcosm of Israeli society. There are stories of camaraderie, loneliness, tolerance, intolerance, alienation and love. And each one, despite religion and politics, reminds us that we are, after all, one and the same. As summer turns to fall and winter, then spring, stories renew themselves with each new visitor that passes through the park gates.",,Released,False,False,2012-10-30,75,0,0,0.0881,0.0,0,en,,,/4pyoq7RkbMcoGyVljWjPCzszEHk.jpg,,[],[],[],[],"[""US""]",null
186398,The Last Black Sea Pirates,Последните черноморски пирати,"This is a modern pirate story complete with a captain, a mutinous crew of outlaws, a princess, her wedding dress and untold riches. Only one thing is missing: the ship. According to legend, Vulchan, a 19th-century gypsy pirate, attacked three convoys laden with gold. He robbed them, sunk them and hid his treasure by the coast. Fast forward to present day. Captain Jack, an ex-con himself, leads a motley bunch of homeless outcasts—alcoholics and petty criminals—in a search for the hidden loot. But their hopes of riches and glory are threatened when the brother of the Bulgarian Prime Minister announces plans to build a new mega tourist resort by the Black Sea.",,Released,False,False,2013-05-28,72,0,0,0.1392,4.2,6,bg,,tt2909286,/ijVdvAFWvtbqcOJoDddNrLrHQwF.jpg,,"[{""id"": 99, ""name"": ""Documentary""}]","[{""id"": 15608, ""logo_path"": ""/qBRUElUQABd4zOqTKYPi1A2nQdQ.png"", ""name"": ""Agitprop"", ""origin_country"": ""BG""}]","[{""iso_3166_1"": ""BG"", ""name"": ""Bulgaria""}]","[{""english_name"": ""Bulgarian"", ""iso_639_1"": ""bg"", ""name"": ""\u0431\u044a\u043b\u0433\u0430\u0440\u0441\u043a\u0438 \u0435\u0437\u0438\u043a""}]","[""BG""]",null
186399,A Deeper Shade of Blue,A Deeper Shade of Blue,Filmmaker Jack McCoy delves into surfing's deepest roots through ancient lore,,Released,False,False,2011-06-15,90,0,0,0.0124,7.0,4,en,,tt1885171,/a9vtACXCcQwP7AFiMF5qEI4l9Ej.jpg,,"[{""id"": 99, ""name"": ""Documentary""}]",[],[],[],"[""US""]",null
186408,The Traitor,The Traitor,"One time members of a resistance group come together every year to remember their dead leader, betrayed to and executed by the Nazis.  When it seems that they might finally know the name of the traitor - and that he or she comes from within their own unit - their annual gathering becomes a deadly trial...",,Released,False,False,1957-03-01,88,0,0,1.1234,7.0,4,en,,tt0051105,/gizRwCAkGAZQyj5bQwryyX2U38J.jpg,,"[{""id"": 18, ""name"": ""Drama""}, {""id"": 9648, ""name"": ""Mystery""}]","[{""id"": 82044, ""logo_path"": null, ""name"": ""Fantur Films"", ""origin_country"": """"}, {""id"": 28563, ""logo_path"": null, ""name"": ""E.J. Fancey Productions"", ""origin_country"": ""GB""}]","[{""iso_3166_1"": ""GB"", ""name"": ""United Kingdom""}]","[{""english_name"": ""English"", ""iso_639_1"": ""en"", ""name"": ""English""}]","[""GB"", ""US""]",null
186410,The Eternal Love,同命鴛鴦,"Tragedy strikes two pairs of lovers and a family, just three days after a happy marriage.",,Released,False,False,1960-12-29,89,0,0,0.2234,0.0,0,en,,tt0205474,/xs4sgQeJIpfFHrwyFYnoe7DDOR9.jpg,,"[{""id"": 18, ""name"": ""Drama""}]","[{""id"": 65520, ""logo_path"": null, ""name"": ""The Great Wall Movie Enterprises Ltd."", ""origin_country"": ""HK""}]","[{""iso_3166_1"": ""HK"", ""name"": ""Hong Kong""}]",[],"[""US"", ""HK""]",null
186411,The Seven Kittens,Os Sete Gatinhos,"Noronha is a low middle-class civil servant who lives with his frustrated wife Gorda and their four eldest daughters. The youngest one, virginal Silene, is unexpectedly sent back from boarding school after killing a female cat and her seven newborns in a hysterical fit. Many dark family secrets will emerge from that episode leading to tragic events.",Who drew the flying dicks on the bathroom wall?!,Released,False,False,1980-04-17,109,0,0,0.8446,5.9,26,pt,,tt0140543,/gDtK3boRVeqZ8llWdANCrpGoMoJ.jpg,/jPHdGtcHNJE6D2d5cW7bOAvBfSn.jpg,"[{""id"": 18, ""name"": ""Drama""}, {""id"": 35, ""name"": ""Comedy""}, {""id"": 53, ""name"": ""Thriller""}]","[{""id"": 116537, ""logo_path"": null, ""name"": ""Cineville Produ\u00e7\u00f5es Cinematogr\u00e1ficas"", ""origin_country"": ""BR""}, {""id"": 13930, ""logo_path"": ""/3XZZx8IOBO8bIl2kZxvvFeLuhMC.png"", ""name"": ""Embrafilme S/A"", ""origin_country"": ""BR""}, {""id"": 84262, ""logo_path"": null, ""name"": ""Terra Filmes"", ""origin_country"": ""BR""}]","[{""iso_3166_1"": ""BR"", ""name"": ""Brazil""}]","[{""english_name"": ""Portuguese"", ""iso_639_1"": ""pt"", ""name"": ""Portugu\u00eas""}]","[""BR""]",null
186412,Devil's Woman,南洋第一邪降,"A brutal story of revenge revolving around a doctor and a mystic, Lung, whose wife was killed by him. Lung travels to South-East Asia, learns how to cast spells, and devotes his life to taking revenge on the doctor.",,Released,False,False,1996-06-06,94,0,0,1.2817,3.0,4,cn,,tt0184767,/oJD5qeG7V8O8ndQPUkTISIUhUgN.jpg,/4XYquWkbMCwou8IEbrtfHbRjEMP.jpg,"[{""id"": 35, ""name"": ""Comedy""}, {""id"": 27, ""name"": ""Horror""}]",[],[],"[{""english_name"": ""Cantonese"", ""iso_639_1"": ""cn"", ""name"": ""\u5e7f\u5dde\u8bdd / \u5ee3\u5dde\u8a71""}]","[""HK""]",null
186414,The Storm Rider,The Storm Rider,"In this fast-paced Western, smaler ranchers hire a former gunman Bart Jones (Scott Brady) in the middle of a range war when he's called on to protect a group of small-time ranchers against cattle baron Maj.",CROSSFIRES OF VENGEANCE at CROSSROADS OF EMPIRE!,Released,False,False,1957-03-01,72,0,0,0.912,0.0,0,en,,tt0051012,/y4xHi2qjnN4UnDkovycU7HXnu3A.jpg,/5L6gyhOOIBHwQpShofm2bGVQAGQ.jpg,"[{""id"": 37, ""name"": ""Western""}]","[{""id"": 13973, ""logo_path"": null, ""name"": ""Regal Films"", ""origin_country"": ""US""}]","[{""iso_3166_1"": ""US"", ""name"": ""United States of America""}]","[{""english_name"": ""English"", ""iso_639_1"": ""en"", ""name"": ""English""}]","[""US""]",null
186416,Thieves,Thieves,"Martin and Sally Cramer grew up on the hardscrabble Lower East Side, where Sally still teaches; meanwhile, Martin's the head of a fancy private school. Romantic dalliances with others convince them that they're meant to be together despite their differences, a decision that's cemented, oddly enough, by an over-the-top argument that draws the police.","A comedy about love, marriage, reconciliation and other acts of courage.",Released,False,False,1977-02-11,92,0,0,1.0765,3.0,4,en,,tt0076815,/5le6Vv7C3STrT58y2d18pSBNPKz.jpg,/lKWkJ39aBrOvQgpROVEXRM9FVqA.jpg,"[{""id"": 35, ""name"": ""Comedy""}]","[{""id"": 6318, ""logo_path"": null, ""name"": ""Brut Productions"", ""origin_country"": """"}, {""id"": 4, ""logo_path"": ""/jay6WcMgagAklUt7i9Euwj1pzTF.png"", ""name"": ""Paramount Pictures"", ""origin_country"": ""US""}]","[{""iso_3166_1"": ""US"", ""name"": ""United States of America""}]","[{""english_name"": ""English"", ""iso_639_1"": ""en"", ""name"": ""English""}]","[""US""]",null
186418,14 Women,14 Women,"Documentary that explores the lives of 14 female U.S. senators and the uniquely feminine challenges they face, including the sometimes difficult balance between their roles as public servants and wives and mothers.",They’re women. They’re powerful. They’re senators.,Released,False,False,2007-07-14,79,0,0,0.9788,8.0,1,en,,tt1053791,/wvCUYrXXcuy7jcajDi0Fp6wZxUu.jpg,/iW5BeZShE9UEymzfOgK6BihKEe.jpg,"[{""id"": 99, ""name"": ""Documentary""}]","[{""id"": 148822, ""logo_path"": null, ""name"": ""Vertical Films"", ""origin_country"": """"}]","[{""iso_3166_1"": ""US"", ""name"": ""United States of America""}]",[],"[""US""]",null
186420,Serie B,Serie B,"An actor in low-budget films called Willie Molina retires because he wants to practice his greatest hobby: hunting. One day in the mountains, accidentally shoots some young who walk beside the weed, wounding one of them. It's a small wound, but the man insists on bringing them home and heal properly, and incidentally to the girls spend the day at home. When they arrive they realize the wealth of man. The reality is that the girls pretend to be damsels in distress, using her charms to rob men like Willie. But when the man gagged, this manages to escape and start the real hunt there.",,Released,False,False,2013-04-19,80,0,0,0.3722,0.0,0,en,,tt2112258,/ls4F7KNaxJgihuuYZ3jS6ceVgPb.jpg,/frOoweIveKIaPyhl13MhYYKWaDE.jpg,"[{""id"": 28, ""name"": ""Action""}]",[],"[{""iso_3166_1"": ""ES"", ""name"": ""Spain""}]","[{""english_name"": ""Spanish"", ""iso_639_1"": ""es"", ""name"": ""Espa\u00f1ol""}]","[""US""]",null
186421,Lost Horizon: Gates Of Metal,Lost Horizon: Gates Of Metal,"Lost Horizon are a power metal / progressive metal band from Gothenburg, Sweden. They went under the name Highlander from 1990 until 1994 (with Joacim Cans on vocals and other future HammerFall members) before the band was put on hold. Reformed in the late nineties, briefly under the same name, before changing it to Lost Horizon. The band is Swedish but Wojtek Lisicki is from Poland.",,Released,False,False,,0,0,0,0.0071,0.0,0,en,,,,,[],[],[],[],"[""US""]",null
186422,Machine Head: Dynamo Open Air 1995,Machine Head: Dynamo Open Air 1995,Machine Head at Dynamo Open Air 1995: Davidian - A Thousand Lies - The Rage to Overcome -﻿ None but My Own - The Frontlines - Blood for Blood - Old - A Nation on Fire - Hard Times - (Cro-Mags cover) (with Bobby Hambel) - Block Length:,,Released,False,False,,0,0,0,0.0,0.0,0,en,,,/zrs31qeXxQLFSEAEktRgfaAct2s.jpg,,[],[],[],[],"[""US""]",null
186425,Porky's Preview,Porky's Preview,"The audience enters Porky's movie theater, with a collection of quick gags: A firefly acting as usher, a kangaroo taking tickets and putting the stubs in her pouch, a chicken buying child tickets for her eggs. A skunk tries to buy a ticket, costing a nickel, but he only has one scent. He looks for a way to sneak in. Meanwhile, Porky introduces the show: a collection of cartoons, drawn as stick figures. At the end, the audience is all gone because the skunk managed to sneak in. Porky's cartoons include: Circus Parade, Choo-Choo Train, Soldiers (Marchin), Horse Race, and Dances (hula, Mexican hat, and ballet). All accompanied by a self-parody musical score.",,Released,False,False,1941-04-19,6,0,0,0.3048,6.6,15,en,,tt0034050,/u4TcggtIcA5o0V8D9nTlRDOoX2g.jpg,/iYK69lKkmJvObFyTiHRRf1WzdZd.jpg,"[{""id"": 16, ""name"": ""Animation""}, {""id"": 35, ""name"": ""Comedy""}]","[{""id"": 134798, ""logo_path"": null, ""name"": ""Leon Schlesinger Productions"", ""origin_country"": ""US""}]","[{""iso_3166_1"": ""US"", ""name"": ""United States of America""}]","[{""english_name"": ""English"", ""iso_639_1"": ""en"", ""name"": ""English""}]","[""US""]",null
186423,This I Wish and Nothing More,Nincsen nekem vágyam semmi,"Bruno, a bisexual but closeted young man lives in rural Hungary with his girlfriend Mari. Also on the scene is her homosexual brother Ringo. Mari doesn't know that when the boys go off to work together in the city they raise cash by turning tricks and burglarizing houses.",,Released,False,False,2000-09-20,80,0,0,0.1896,4.3,6,hu,,tt0243452,/xLGkgXgXT9CpgJLtFkiUUajyaDW.jpg,/eDXjL1m6PQXHUVgJR9cBXrW5WX7.jpg,"[{""id"": 18, ""name"": ""Drama""}]",[],"[{""iso_3166_1"": ""HU"", ""name"": ""Hungary""}]","[{""english_name"": ""Hungarian"", ""iso_639_1"": ""hu"", ""name"": ""Magyar""}]","[""HU""]",null
186426,Magnum: On A Storyteller's Night,Magnum: On A Storyteller's Night,"Magnum are a British progressive rock band from Birmingham, England. Formed as a four piece by Tony Clarkin (guitar, songwriter), Bob Catley (vocals), Kex Gorin (drums) and Bob Doyle (bass) in order to appear as the resident band at The Rum Runner night club in Birmingham. Magnum have undergone several changes in personnel over the years; however, the core of Catley and Clarkin remain.  Magnum's most notable success during their early years was Chase The Dragon in 1982, which reached #17 in the UK Albums Chart and included several songs that would be mainstays of the band's live set, notably ""Soldier Of The Line,"" ""Sacred Hour"" and ""The Spirit"".",,Released,False,False,1985-04-15,0,0,0,0.0,0.0,0,en,,,,,[],[],[],[],"[""US""]",null
186429,Wine of Youth,Wine of Youth,"Based on a play be Rachel Crothers, WINE OF YOUTH is a solid drama about ""the modern young generation"" and how they think they know it all. It's also a play about love and marriage.",There Never Was a Love As Big As Ours,Released,False,False,1924-09-15,72,0,0,0.7596,8.0,2,en,,tt0015500,/w2avi7UI1dXtL9PZDI2Ntl5jxI4.jpg,/qW4KE57RpRPqFJHIyB6ePvGC2Q1.jpg,"[{""id"": 35, ""name"": ""Comedy""}, {""id"": 18, ""name"": ""Drama""}]","[{""id"": 21, ""logo_path"": ""/usUnaYV6hQnlVAXP6r4HwrlLFPG.png"", ""name"": ""Metro-Goldwyn-Mayer"", ""origin_country"": ""US""}]","[{""iso_3166_1"": ""US"", ""name"": ""United States of America""}]","[{""english_name"": ""No Language"", ""iso_639_1"": ""xx"", ""name"": ""No Language""}]","[""US""]",null
186430,Backward Flow,逆流,"Nanjo Mikisaburo is a young samurai trying to restore his ruined family to its past glory. Enduring the contempt and disdain of high-ranking samurai, Mikisaburo devotes himself to the way of the warrior, mastering the literary and martial arts. His master Kurahashi Jupeita's daughter Misao feels for Mikisahuro who maintains his pride in the face of the arrogant samurai's scorn. She sympathizes with and encourages him. However this sympathy ignites a passionate love for her in Mikisaburo.",,Released,False,False,1924-09-26,28,0,0,0.5171,5.8,4,ja,,tt1165285,/j1AIaRfal8XkWNvdHQScLD4bzWU.jpg,,"[{""id"": 18, ""name"": ""Drama""}]","[{""id"": 35174, ""logo_path"": null, ""name"": ""T\u00f4a Kinema"", ""origin_country"": """"}]","[{""iso_3166_1"": ""JP"", ""name"": ""Japan""}]","[{""english_name"": ""Japanese"", ""iso_639_1"": ""ja"", ""name"": ""\u65e5\u672c\u8a9e""}]","[""JP""]",null
186431,Her Night of Romance,Her Night of Romance,"An impoverished British lord (Paul Menford) impersonates a doctor in order to woo an ailing American heiress (Dorothy Adams). The lord is in it for love, but his business associate (Joe Diamond) smells money.",,Released,False,False,1924-11-24,85,0,0,0.4507,6.5,10,en,,tt0014982,/2oHmsA6ajrTTYZCPWX04X7vo3qz.jpg,/4weCtCzK20wQWgNvMvxg94ESvG5.jpg,"[{""id"": 10749, ""name"": ""Romance""}, {""id"": 35, ""name"": ""Comedy""}]","[{""id"": 69716, ""logo_path"": null, ""name"": ""Constance Talmadge Film Company"", ""origin_country"": ""US""}]","[{""iso_3166_1"": ""US"", ""name"": ""United States of America""}]","[{""english_name"": ""No Language"", ""iso_639_1"": ""xx"", ""name"": ""No Language""}]","[""US""]",null
186432,Die Rättin,Die Rättin,"A drama directed by Martin Buchhorn based on the novel by Günter Grass. At the center of the film is artist Marcus Frank, who is informed by a talking rat about the imminent end of the world. Unfortunately, he does not take the signs of time seriously and rats conquer the earth, which cannot be stopped even by atomic bombs..",,Released,False,False,1997-10-14,87,0,0,0.2938,0.0,0,en,,tt0127263,,,"[{""id"": 18, ""name"": ""Drama""}]","[{""id"": 201, ""logo_path"": ""/6UIpEURdjnmcJPwgTDRzVRuwADr.png"", ""name"": ""ARTE"", ""origin_country"": ""FR""}, {""id"": 588, ""logo_path"": ""/6mWg9rdVSj8gwgMiOmZH4iBCcMm.png"", ""name"": ""MDR"", ""origin_country"": ""DE""}, {""id"": 2114, ""logo_path"": null, ""name"": ""Schweizer Fernsehen DRS"", ""origin_country"": ""CH""}, {""id"": 3391, ""logo_path"": ""/t0QBs2fI3mE3HxgoH1n39bYuzNu.png"", ""name"": ""ORF"", ""origin_country"": ""AT""}, {""id"": 7024, ""logo_path"": ""/r59UjG4QqARcBYrTnEKc2YIOWSI.png"", ""name"": ""Sender Freies Berlin"", ""origin_country"": ""DE""}, {""id"": 7201, ""logo_path"": ""/ljV8ZT3CIYCEIEDlTyBliXJVCZr.png"", ""name"": ""NDR"", ""origin_country"": ""DE""}, {""id"": 27899, ""logo_path"": null, ""name"": ""Telefilm Saar"", ""origin_country"": ""DE""}, {""id"": 23983, ""logo_path"": ""/mwdVAta6xcY8eCpL5t8KKc96BWm.png"", ""name"": ""SR"", ""origin_country"": ""DE""}, {""id"": 9291, ""logo_path"": ""/g6GYZXQrjB86Z5ocVliUZF1i3Tz.png"", ""name"": ""HR"", ""origin_country"": ""DE""}]","[{""iso_3166_1"": ""AT"", ""name"": ""Austria""}, {""iso_3166_1"": ""DE"", ""name"": ""Germany""}, {""iso_3166_1"": ""CH"", ""name"": ""Switzerland""}]","[{""english_name"": ""German"", ""iso_639_1"": ""de"", ""name"": ""Deutsch""}]","[""AT"", ""CH"", ""US""]",null
186433,Mountain of Destiny,Der Berg des Schicksals,"After a mountaineer is killed attempting to climb a difficult mountain, his son dreams of conquering the peak that has defeated his father. But his mother makes him promise never to attempt it. Events eventually force her to release him from the promise, and he ascends the mountain successfully.",,Released,False,False,1924-05-10,102,0,0,0.2603,7.0,2,de,,tt0014713,/6ZuX0Fti4DYQwZZz6Z1UKJN249S.jpg,,"[{""id"": 18, ""name"": ""Drama""}]","[{""id"": 21753, ""logo_path"": null, ""name"": ""Berg- und Sportfilm"", ""origin_country"": """"}, {""id"": 238541, ""logo_path"": null, ""name"": ""Alpenfilm AG"", ""origin_country"": """"}]","[{""iso_3166_1"": ""DE"", ""name"": ""Germany""}, {""iso_3166_1"": ""CH"", ""name"": ""Switzerland""}]","[{""english_name"": ""No Language"", ""iso_639_1"": ""xx"", ""name"": ""No Language""}]","[""DE""]",null
186435,Secrets,Secrets,"An old woman's memories are rekindled as she rereads her diary. She recalls her youth in England when she married a suitor over the objections of her parents and moved with him to the Wyoming frontier. They live a hardscrabble life there and suffered deprivation, hunger, Indian attacks, and the death of her baby. Although they eventually make a go of it, her husband becomes involved with another woman. Now that he is on his deathbed, will she forgive her husband after 40 years.",,Released,False,False,1924-03-24,108,0,0,0.5124,5.5,4,en,,tt0015312,/41gp8F8y7gnP3f3oHz98eDf2Gky.jpg,/kYYy4lRkLcNOQgTYXw6ZfgMYIoz.jpg,"[{""id"": 18, ""name"": ""Drama""}]","[{""id"": 13913, ""logo_path"": null, ""name"": ""Joseph M. Schenck Productions"", ""origin_country"": ""US""}]","[{""iso_3166_1"": ""US"", ""name"": ""United States of America""}]",[],"[""US""]",null
186436,Young Oldfield,Young Oldfield,Jimmy always fantasied about racing. But now he has to pay the mortgage before noon or else he won't own his shop any longer.,,Released,False,False,1924-06-22,10,0,0,0.1723,5.0,2,en,,tt0209500,/oSfZbI7LpITUzVujMyQ2DvOFRbw.jpg,,"[{""id"": 35, ""name"": ""Comedy""}]","[{""id"": 2159, ""logo_path"": null, ""name"": ""Hal Roach Studios"", ""origin_country"": ""US""}]","[{""iso_3166_1"": ""US"", ""name"": ""United States of America""}]","[{""english_name"": ""No Language"", ""iso_639_1"": ""xx"", ""name"": ""No Language""}]","[""US""]",null
186438,Free Fall,Freier Fall,"Edgar Wurlitzer is on his way home when a woman suddenly jumps in front of his car. He quickly drives on and enlists the help of his friend Werner for a conclusive alibi. However, before they can arrange the alibi, the police are already at the door. Soon Edgar finds out that he has run over and killed his own wife.",Are you ready for the truth?,Released,False,False,1997-02-24,89,0,0,0.3683,0.0,0,de,,tt0119154,/vjAmhlQyTXmC3cHRPFxwjrlPit6.jpg,,"[{""id"": 80, ""name"": ""Crime""}, {""id"": 53, ""name"": ""Thriller""}]","[{""id"": 20521, ""logo_path"": ""/umPV6gEtvSiqGuNyXAuuXdGZRYe.png"", ""name"": ""Neue Deutsche Filmgesellschaft"", ""origin_country"": ""DE""}, {""id"": 4606, ""logo_path"": ""/otZHbf1HmzLRQsZFSqJXkf8EHz7.png"", ""name"": ""ZDF"", ""origin_country"": ""DE""}]","[{""iso_3166_1"": ""DE"", ""name"": ""Germany""}]","[{""english_name"": ""German"", ""iso_639_1"": ""de"", ""name"": ""Deutsch""}]","[""DE""]",null
186442,The Lifeforce Experiment,The Lifeforce Experiment,A CIA agent infiltrates the research team of a scientist who seeks to capture the essence of a dying leukemia patient.,,Released,False,False,1994-04-16,95,0,0,0.749,5.3,3,en,,tt0110351,/pR276iIC5JESwLCgXiYOSIkDbWF.jpg,/jjaCTCBVqQaNXwrihmJxUKkjwPg.jpg,"[{""id"": 878, ""name"": ""Science Fiction""}, {""id"": 18, ""name"": ""Drama""}, {""id"": 9648, ""name"": ""Mystery""}, {""id"": 10770, ""name"": ""TV Movie""}]","[{""id"": 29820, ""logo_path"": null, ""name"": ""Lillian Gallo Productions"", ""origin_country"": """"}, {""id"": 2186, ""logo_path"": null, ""name"": ""Filmline International Inc."", ""origin_country"": """"}, {""id"": 2819, ""logo_path"": null, ""name"": ""Screen Partners Ltd."", ""origin_country"": """"}]","[{""iso_3166_1"": ""CA"", ""name"": ""Canada""}, {""iso_3166_1"": ""GB"", ""name"": ""United Kingdom""}]","[{""english_name"": ""English"", ""iso_639_1"": ""en"", ""name"": ""English""}]","[""CA"", ""GB""]",null
186441,Nokturnal Mortum: Kolovorot,Nokturnal Mortum: Kolovorot,New masterpiece of the most famour and oldest Ukrainian band. First official live dvd from the masters of metal art. Recorded and filmed live at the famour Kolorot festival in 2010.,,Released,False,False,2012-04-15,0,0,0,0.0071,0.0,0,en,,,,,"[{""id"": 10402, ""name"": ""Music""}]",[],[],[],"[""US""]",null
186446,Sabaton: Graspop,Sabaton: Graspop,1:25 - 5:10 Ghost Divison 5:15 - 9:45 Uprising 10:50 - 14:15 Gott mit uns 15:25 - 20:45 The Price of Mile 21:55 - 26:10 40:1 26:40 - 32:05 Gallipoli 33:45 - 36:48 Into the fire 37:10 - 41: 50 Carolus Rex 43:05 - 46:50 Attero Dominantus 47:40 - 52:00 The Art of War 53:15﻿ - 57:00 Primo Victoria 58:55 - 1:02:50 Metal Crue,,Released,False,False,2012-07-01,0,0,0,0.0,0.0,0,en,,,/m0gbXstMkjMgtfmQU7KFOPJb3HJ.jpg,,[],[],[],[],"[""US""]",null
186445,Ilusión,Ilusión,"Daniel, a Spanish filmmaker would like to give his country back some of the hope it has lost due to the financial crisis. He's determined to shoot an inspirational movie about the Moncloa Pact, the agreement that brought back Democracy to Spain after the Franco era. The thing is he wants the film to be a musical.",,Released,False,False,2013-06-28,65,0,0,0.3538,5.0,3,es,,tt2542842,/hcFetpwv2E08ZfwBQSKXtxfxL1W.jpg,,[],[],"[{""iso_3166_1"": ""ES"", ""name"": ""Spain""}]","[{""english_name"": ""Spanish"", ""iso_639_1"": ""es"", ""name"": ""Espa\u00f1ol""}]","[""ES""]",null
186447,For All Mankind - The Life and Career of Mick Foley,For All Mankind - The Life and Career of Mick Foley,"WWE superstar Mick Foley (aka Mankind, aka Dude Love, aka Cactus Jack) looks back at his spectacular career as one of the best-loved and biggest risk-taking wrestlers of his generation...",,Released,False,False,2013-04-21,134,0,0,0.0735,7.1,9,en,http://www.wwe.com,tt2737302,/zIyCyw691XwAajQLO123X754BoZ.jpg,/29qeYnzuIwmWvqE8g4Pyzh4fbQw.jpg,"[{""id"": 99, ""name"": ""Documentary""}]","[{""id"": 13651, ""logo_path"": ""/rVJkMs9cSaE1BQoPiDcH6OxmaVZ.png"", ""name"": ""WWE Home Video"", ""origin_country"": ""US""}]","[{""iso_3166_1"": ""US"", ""name"": ""United States of America""}]","[{""english_name"": ""German"", ""iso_639_1"": ""de"", ""name"": ""Deutsch""}, {""english_name"": ""English"", ""iso_639_1"": ""en"", ""name"": ""English""}, {""english_name"": ""French"", ""iso_639_1"": ""fr"", ""name"": ""Fran\u00e7ais""}]","[""US""]",null
186449,The Hunter,The Hunter,"In this cartoon, Oswald wears a shirt for the first time, therefore completing his outfit. Some plot elements in the cartoon would be used again in Carnival Capers.",,Released,False,False,1931-10-11,6,0,0,0.5056,5.8,2,en,,tt0142386,/2zWVQPA99RC8EVqSOznokLZ0uql.jpg,/ouAvahcfOVLKoWPgGAkLXj55oDr.jpg,"[{""id"": 16, ""name"": ""Animation""}]","[{""id"": 8520, ""logo_path"": ""/x6HLTQILKcImVQ3GvVCwy35W5fz.png"", ""name"": ""Walter Lantz Productions"", ""origin_country"": ""US""}]","[{""iso_3166_1"": ""US"", ""name"": ""United States of America""}]","[{""english_name"": ""English"", ""iso_639_1"": ""en"", ""name"": ""English""}]","[""US""]",null
186451,Helen of Troy,Helena,"Helena is a 1924 German silent drama film directed by Manfred Noa and starring Edy Darclea, Vladimir Gajdarov and Albert Steinrück. The film was based on the poem the Iliad by Homer. It was released in two separate parts: The Rape of Helen and The Fall of Troy. It was produced by Bavaria Film at the Emelka Studios in Munich. The film was made on an epic scale with thousands of extras, and large sets which rivalled those of the larger Berlin-based UFA.",,Released,False,False,1924-01-21,204,0,0,0.5959,6.2,6,de,,tt0133848,/v6TmACS6Be2ngVD9wh6QEsNqwf1.jpg,/vRQIFAvApDHAseF1EVSiyy083nj.jpg,"[{""id"": 36, ""name"": ""History""}, {""id"": 28, ""name"": ""Action""}, {""id"": 18, ""name"": ""Drama""}]","[{""id"": 70360, ""logo_path"": null, ""name"": ""M\u00fcnchner Lichtspielkunst AG (Emelka)"", ""origin_country"": ""DE""}, {""id"": 1704, ""logo_path"": ""/sb3PuMTgJgpPUY7x634etBAhodu.png"", ""name"": ""Bavaria Film"", ""origin_country"": ""DE""}]","[{""iso_3166_1"": ""DE"", ""name"": ""Germany""}]","[{""english_name"": ""No Language"", ""iso_639_1"": ""xx"", ""name"": ""No Language""}]","[""DE""]",null
186453,Husbands or Lovers,Nju - Eine unverstandene Frau,"A wife, bored by her overweight slob of a husband, gives in to the temptation of a slickly seductive poet.",,Released,False,False,1924-11-21,56,0,0,0.6909,5.3,9,de,,tt0015177,/sg25porJCaA35oHaJDE9covH9oq.jpg,/oKrcUJOIwhVJxMfVwy09juKeRhv.jpg,"[{""id"": 18, ""name"": ""Drama""}, {""id"": 10749, ""name"": ""Romance""}]","[{""id"": 277639, ""logo_path"": null, ""name"": ""Elisabeth Bergner Poetic Film Co."", ""origin_country"": ""DE""}, {""id"": 136231, ""logo_path"": null, ""name"": ""Rimax-Film AG"", ""origin_country"": ""DE""}]","[{""iso_3166_1"": ""DE"", ""name"": ""Germany""}]","[{""english_name"": ""No Language"", ""iso_639_1"": ""xx"", ""name"": ""No Language""}]","[""DE""]",null
186452,"Satyricon: Now, Crows","Satyricon: Now, Crows","Live At Hovefestivalen, Norway, 27.06.2008",,Released,False,True,2009-01-01,0,0,0,0.0478,0.0,0,en,,,/p3uJzOYkq3ylea3thcSOajO2Zne.jpg,,"[{""id"": 10402, ""name"": ""Music""}]","[{""id"": 145132, ""logo_path"": null, ""name"": ""Pennemunde Records"", ""origin_country"": """"}]","[{""iso_3166_1"": ""NL"", ""name"": ""Netherlands""}]",[],"[""US""]",null
186458,Dante's Inferno,Dante's Inferno,"The tactics of a vicious slumlord and greedy businessman finally drive a distraught man to commit suicide. The businessman is tried for murder and executed, and is afterward taken by demons to the Hell where he will spend the rest of eternity. .",The Picture The World Is Waiting for,Released,False,False,1924-09-07,60,0,0,0.3602,3.9,6,en,,tt0014826,/g0luz6lJgj9O6SAnwmJRYQwafyx.jpg,/8zRXTpbG5ZZ34yxmvCEVbBuERwC.jpg,"[{""id"": 18, ""name"": ""Drama""}, {""id"": 27, ""name"": ""Horror""}, {""id"": 10749, ""name"": ""Romance""}]","[{""id"": 5488, ""logo_path"": ""/3O2mAL8Z32SbKtQK7h9ePZjtzSu.png"", ""name"": ""Fox Film Corporation"", ""origin_country"": ""US""}]","[{""iso_3166_1"": ""US"", ""name"": ""United States of America""}]","[{""english_name"": ""No Language"", ""iso_639_1"": ""xx"", ""name"": ""No Language""}]","[""US""]",null
186455,Short Kilts,Short Kilts,"As a way to make peace between two feuding Scottish clans, one invites the other over for supper, but things don't turn out quite as expected.",,Released,False,False,1924-08-03,24,0,0,0.6365,5.3,15,xx,,tt0015329,/saKFoiRTnACTQqqxXHcdp3doRym.jpg,,"[{""id"": 35, ""name"": ""Comedy""}]",[],[],"[{""english_name"": ""No Language"", ""iso_639_1"": ""xx"", ""name"": ""No Language""}]","[""US""]",null
186459,Barbara Frietchie,Barbara Frietchie,"Two lovers in a small town in Maryland are torn apart by the Civil War--she is loyal to the south while he heads north to join the federal army, determined to protect the Union. Eventually his unit arrives in his hometown and he is reunited with his lover, but things aren't the way they used to be.",,Released,False,False,1924-09-26,85,0,0,0.3328,7.5,2,en,,tt0014696,/sUJ3Kc8gfldtRJliwknEtlPjBIy.jpg,/to8ue6jQko2weBzH5EaiZoNj3oD.jpg,"[{""id"": 18, ""name"": ""Drama""}, {""id"": 10752, ""name"": ""War""}, {""id"": 10749, ""name"": ""Romance""}, {""id"": 36, ""name"": ""History""}]","[{""id"": 81822, ""logo_path"": null, ""name"": ""Regal Pictures"", ""origin_country"": """"}]","[{""iso_3166_1"": ""US"", ""name"": ""United States of America""}]",[],"[""US""]",null
186454,The King of the Wild Horses,The King of the Wild Horses,"A stallion known as ""The Black"" is the leader of a band of wild horses. A cowboy is determined to capture and break him.",,Released,False,False,1924-04-06,50,0,0,0.7644,5.8,3,en,,tt0015038,/o0ROndHBI3KTForgWudbGU92Q9h.jpg,/g7hnjCjuJs7GZrHJQkq9VxphBOr.jpg,"[{""id"": 37, ""name"": ""Western""}]","[{""id"": 2159, ""logo_path"": null, ""name"": ""Hal Roach Studios"", ""origin_country"": ""US""}]","[{""iso_3166_1"": ""US"", ""name"": ""United States of America""}]","[{""english_name"": ""English"", ""iso_639_1"": ""en"", ""name"": ""English""}]","[""US""]",null
186460,Cloud Phenomena of Maloja,Das Wolkenphänomen von Maloja,"The cloud phenomena of Maloja are so well-known that some of them have names, such as the Maloja snake, a cloud bank that winds its way through the Alpine pass like a river. Clouds pass overhead, Fanck films them, just sufficiently to get the idea, among the crags of the Engadine, and gradually he connotes the wider scene, peopling the solitude and stillness below with a person or two, boating.",,Released,False,False,1924-05-11,10,0,0,0.1424,6.5,11,de,,tt0194549,/4sCROBWHAIY8ZFQtJqne1VW8Z2H.jpg,/jWLCYB6RXPEkgfX4msYU7TRdpdj.jpg,"[{""id"": 99, ""name"": ""Documentary""}]","[{""id"": 21753, ""logo_path"": null, ""name"": ""Berg- und Sportfilm"", ""origin_country"": """"}]","[{""iso_3166_1"": ""DE"", ""name"": ""Germany""}]","[{""english_name"": ""No Language"", ""iso_639_1"": ""xx"", ""name"": ""No Language""}]","[""DE""]",null
186461,Lizzies of the Field,Lizzies of the Field,"There is no love lost between the Red Dog Garage and the Black Cat Garage, two auto repair shops on opposite sides of the street. A big cross-country auto race is announced, and it turns into a no-holds-barred contest as the rival garages go all out to win.",,Released,False,False,1924-09-07,16,0,0,0.3854,6.2,4,en,,tt0015076,/2IkgK52UDzMv8UYaM1Ywhjq5xhz.jpg,/str2SxL6mRGeR9bkgcBIyWdy2IM.jpg,"[{""id"": 35, ""name"": ""Comedy""}, {""id"": 28, ""name"": ""Action""}]","[{""id"": 22520, ""logo_path"": null, ""name"": ""Mack Sennett Comedies"", ""origin_country"": ""US""}]","[{""iso_3166_1"": ""US"", ""name"": ""United States of America""}]","[{""english_name"": ""No Language"", ""iso_639_1"": ""xx"", ""name"": ""No Language""}]","[""US""]",null
186463,El último centauro - La epopeya del gaucho Juan Moreira,El último centauro - La epopeya del gaucho Juan Moreira,Life of Juan Moreira.,,Released,False,False,1924-06-11,0,0,0,0.0281,5.0,1,es,,tt0331722,/8FAP5IOojH0X4uWFzoswACyW9XY.jpg,,[],[],"[{""iso_3166_1"": ""AR"", ""name"": ""Argentina""}]",[],"[""ES""]",null
186464,Saxon: Wacken 2012,Saxon: Wacken 2012,"Playlist:  1. Heavy Metal Thunder  2. Power And The Glory  3. I've Got To Rock (To Stay Alive)  4. Interview with Biff Byford, Part 1  5. Crusader (18:10)  6. Battalions Of Steel (24:00)  7. The Eagle Has Landed (28:50)  8. Interview with Biff Byford, Part 2 (35:55)  9. Wheels Of Steel (38:50)  10. Strong Arm Of The Law (48:25)  11. Princess Of The Night (53:15)",,Released,False,False,2012-08-01,0,0,0,0.0071,0.0,0,en,,,,,[],[],[],[],"[""US""]",null
186466,Insanity,Insanity,"Goverment corruption, hidden forensic secrets, top secret task forces, and murder all intertwined in this psychological thriller.",,Released,False,False,2005-06-01,100,0,0,0.0538,0.0,0,en,,tt0464066,/5ygdcnn2wYd55rx1jSwhNQrnznC.jpg,,[],[],"[{""iso_3166_1"": ""US"", ""name"": ""United States of America""}]","[{""english_name"": ""English"", ""iso_639_1"": ""en"", ""name"": ""English""}]","[""US""]",null
186467,Sick Of It All: Live at the Bizarre Festival,Sick Of It All: Live at the Bizarre Festival,"Sick Of It All - live at the Bizarre Festival, Butzweiler Hof, Köln 22.08.1999",,Released,False,False,1999-04-15,0,0,0,0.0,0.0,0,en,,,/uEY8DRiPaSuJdSHKhJ7p2Pv0MeM.jpg,,[],[],[],[],"[""US""]",null
186470,My Back Page,マイ・バック・ページ,"In 1969, Sawada is filled with idealism that permeated that era and starts working as a gonzo journalist for a weekly magazine. Two years later, Sawada interviews activist Umeyama with senior reporter Nakahira. Umeyama boasts that his group will steal arms and take action in April. Sawada doubts Umeyama's claims but is attracted to his personality. An incident occurs... Sawada hears news that a man was killed at a army post...",,Released,False,False,2011-05-28,141,0,0,1.6372,5.1,4,ja,,tt1639427,/xKb7Pea6Rg9QVpQx1XHkG3Jvj3f.jpg,/bUNZx2eMR9z8FD4a6kxfja85JdT.jpg,"[{""id"": 18, ""name"": ""Drama""}]","[{""id"": 5073, ""logo_path"": ""/eaLQAIIVIcHAWPOAAaj8J8Pt4W0.png"", ""name"": ""WOWOW FILMS"", ""origin_country"": ""JP""}, {""id"": 4667, ""logo_path"": ""/kW2HfJ2R3xBfXRW6jdevcSGavHT.png"", ""name"": ""Bitters End"", ""origin_country"": ""JP""}, {""id"": 194517, ""logo_path"": ""/nZaVIrCY0pIopTLScuRr9XAUj4G.png"", ""name"": ""Asmik Ace Entertainment"", ""origin_country"": ""JP""}]","[{""iso_3166_1"": ""JP"", ""name"": ""Japan""}]","[{""english_name"": ""Japanese"", ""iso_639_1"": ""ja"", ""name"": ""\u65e5\u672c\u8a9e""}]","[""JP""]",null
186473,Vibration,Lejonsommar,"Mauritz, a handsome but frustrated writer, journeys to an island idyll of the coast of Sweden to enjoy the fleeting summer sun. Soon he becomes romantically involved with Barbro, a sexy young temptress.",,Released,False,False,1968-01-08,86,0,0,0.1788,5.5,4,sv,http://www.sfi.se/sv/svensk-filmdatabas/Item/?type=MOVIE&itemid=4778,tt0063223,/8R9mhUMSnUI6Ds1t8eM0FFCs8ZG.jpg,,"[{""id"": 18, ""name"": ""Drama""}]","[{""id"": 8222, ""logo_path"": null, ""name"": ""Nordisk Tonefilm"", ""origin_country"": """"}]","[{""iso_3166_1"": ""SE"", ""name"": ""Sweden""}]","[{""english_name"": ""Swedish"", ""iso_639_1"": ""sv"", ""name"": ""svenska""}]","[""SE""]",null
186474,30 Maidens and Pythagoras,Třicet panen a Pythagoras,A musical starring Jiří Menzel (whose part is sung by Achilles Michailidis) as a math and physics teacher employing innovative teaching methods.,,Released,False,False,1977-09-16,68,0,0,0.5549,3.9,7,cs,,tt0069666,/ycyRbs1d8pBYb55YEWk5flYkMry.jpg,/9GZvjL558lmsfvntlmOb6mq6iPG.jpg,"[{""id"": 35, ""name"": ""Comedy""}, {""id"": 10402, ""name"": ""Music""}]","[{""id"": 116714, ""logo_path"": null, ""name"": ""Kr\u00e1tk\u00fd film Gottwaldov"", ""origin_country"": ""XC""}]","[{""iso_3166_1"": ""XC"", ""name"": ""Czechoslovakia""}]","[{""english_name"": ""Czech"", ""iso_639_1"": ""cs"", ""name"": ""\u010cesk\u00fd""}]","[""XC""]",null
186475,Lions for Sale,Lions for Sale,"If taken from their mother within the first few weeks of birth, lions are trainable animals. Several such lions are seen going through their training at the world's largest lion farm: Gay's Lion Farm in El Monte, California. If a lion has only one cub in her litter, that cub is always removed from her surroundings for the cub's protection. The lion tamers look for any natural tendency within an animal's behavior to enhance in training.",,Released,False,False,1941-08-09,9,0,0,0.0071,6.5,2,en,,tt0345066,/appK9EmGKTLjLDliBb497iSz6Fz.jpg,,[],[],[],[],"[""US""]",null
186477,Shotgun Wedding,Shotgun Wedding,"While Rafe Anchors longs to marry the daughter of his father's sworn enemy, his father is being pressured into marriage by a sexy, shady gold-digger closer to Rafe's age.",In Flaming Hillbilly Color!,Released,False,False,1963-01-01,64,0,0,0.6825,5.3,3,en,,tt0057496,/qY8QqP7bithnAMFRsSfourWMlHN.jpg,/aKSsorBuC08sVQkO97wZkMtBzZP.jpg,"[{""id"": 18, ""name"": ""Drama""}]","[{""id"": 73597, ""logo_path"": null, ""name"": ""Boris Petroff Productions"", ""origin_country"": ""US""}, {""id"": 283018, ""logo_path"": null, ""name"": ""Pat Patterson Productions"", ""origin_country"": ""US""}]","[{""iso_3166_1"": ""US"", ""name"": ""United States of America""}]","[{""english_name"": ""English"", ""iso_639_1"": ""en"", ""name"": ""English""}]","[""US""]",null
186476,"Slayer: Live Hammersmith Odeon, London, England","Slayer: Live Hammersmith Odeon, London, England","1 Flesh Storm  2 War Ensemble  3 Chemical Warfare  4 Ghosts of War  5 Seasons in the Abyss  6 Jihad  7 Live Undead  8 South of Heaven  9 Angel of Death  10 Piece by Piece  11 Necrophobic  12 Altar of Sacrifice  13 Jesus Saves  14 Criminally Insane  15 Reborn  16 Epidemic  17 Postmortem  18 Raining Blood  Slayer Live Hammersmith Odeon, London, England 2008 [Full Concert] .",,Released,False,False,2008-10-15,0,0,0,0.0071,0.0,0,en,,,,,[],[],[],[],"[""US""]",null
186478,Mlle. Irene The Great,Mlle. Irene The Great,"Al St. John is almost discouraged from marrying Aileen Cook, when her family turns out to be a bunch of noisy circus performers. At the wedding, even the minister joins the act, and barely has time to complete the ceremony.",,Released,False,False,1931-04-15,20,0,0,0.3032,0.0,0,en,,tt4861962,,,"[{""id"": 35, ""name"": ""Comedy""}]","[{""id"": 4, ""logo_path"": ""/jay6WcMgagAklUt7i9Euwj1pzTF.png"", ""name"": ""Paramount Pictures"", ""origin_country"": ""US""}]","[{""iso_3166_1"": ""US"", ""name"": ""United States of America""}]",[],"[""US""]",null
186482,Slechtvalk: Upon the Fields of Battle,Slechtvalk: Upon the Fields of Battle,"Slechtvalk (the Dutch word for peregrine falcon) is an extreme metal band from The Netherlands, formed in 1999. Previously signed to Fear Dark Record and currently to Whirlwind Records, the group has released four albums, a split-CD with Kekal, a single and a DVD. The second album, The War That Plagues the Lands, reached No. 2 at Lowland's Top 50 Metal Charts. The third album, At the Dawn of War, coincided with the release of a live-DVD, Upon the Fields of Battle, a maxisingle for ""Thunder of War"", and was named one of HM Magazine's ""100 Best Christian metal albums of all time.""",,Released,False,False,,0,0,0,0.0,0.0,0,en,,,,,[],[],[],[],"[""US""]",null
186481,Lolo,Lolo,"This 2012 documentary profiles Lori ""Lolo"" Jones, who surmounted poverty and homelessness to become one of the most dominant athletes in women's track and field history at Louisiana State University, a successful Olympian and a world champion.",,Released,False,False,2012-06-16,49,0,0,0.3702,7.0,1,en,,tt2369069,/fywc701UxNHb57sHFfwpJibSZex.jpg,/gDURYPcOPGndkIDJ3SUVgZx1gMw.jpg,"[{""id"": 99, ""name"": ""Documentary""}]","[{""id"": 18595, ""logo_path"": ""/2K8ko5VX6K2JTLmyctDpvH7Sgk9.png"", ""name"": ""ESPN Films"", ""origin_country"": ""US""}, {""id"": 17037, ""logo_path"": ""/w9le4FUeXVlKLfnlkuk1djRrena.png"", ""name"": ""ESPN"", ""origin_country"": ""US""}, {""id"": 272439, ""logo_path"": ""/bqo13wIc4YZmdeeXJrjcINix2Yk.png"", ""name"": ""SEC Network Films"", ""origin_country"": ""US""}]","[{""iso_3166_1"": ""US"", ""name"": ""United States of America""}]","[{""english_name"": ""English"", ""iso_639_1"": ""en"", ""name"": ""English""}]","[""US""]",null
186483,Finding Ambrosia,Finding Ambrosia,"On his deathbed, a wizened alchemist must travel through time to fix his broken past.",,Released,False,False,2012-08-09,15,0,0,0.051,0.0,0,en,,tt2382366,,,[],[],[],[],"[""US""]",null
186485,Iced Earth : Live In Ancient Kourion,Iced Earth : Live In Ancient Kourion,"ICED EARTH's August 19 concert at the ancient Kourion Amphitheater, outside Limassol in Cyprus, was professionally filmed and recorded for an upcoming CD/DVD release. 1,500 fans witnessed the show, which ran for three hours and featured on-stage scenery and artwork that was uniquely created for this special event. Veteran producer Jim Morris of Morrisound Studios flew in from Tampa, Florida to supervise the entire audio section with the help of the ToneDeaf Recording Studio.",,Released,False,False,2013-04-14,0,0,0,0.0661,8.0,1,en,,,/9Xp3ZZRCateEp6sAOSGnEg8xe1w.jpg,/7R0rSYtVXGrVc3TBzu4W1P24yFW.jpg,"[{""id"": 10402, ""name"": ""Music""}]",[],[],"[{""english_name"": ""English"", ""iso_639_1"": ""en"", ""name"": ""English""}]","[""US""]",null
186486,Tenacious D: Rock am Ring,Tenacious D: Rock am Ring,00:00 Rize of the Fenix  06:00 Low Hangin' Fruit  09:25 Senorita  13:00 Deth Starr  17:30 Roadie  21:30 Throw Down  25:00 Saxaboom  26:40 Kielbasa  30:10 Kickapoo  34:40 The Metal  38:35 Beelzeboss (The Final Showdown)  44:50 The Who Medley  47:55 Fuck Her Gently  50:30 Tribute  56:00 Double Team,,Released,False,False,2012-06-01,0,0,0,0.0071,9.5,2,en,,,/t2ZJXULTbiuZ1rhCdwXLwQqWGXv.jpg,,[],[],[],[],"[""US""]",null
186488,Famous Songs on Screen,Les Chansons célèbres à l'écran,"How do you preserve part of the heritage sung in cafés where singers entertain customers? By bringing them to the screen of course! And here’s how La boiteuse du regiment, La femme du roulier and Tout l’pays l’a su, famous songs from the popular French repertoire are to be found at the cinema on film and set to music. La boiteuse du régiment belongs to barrack-room comedy where a soldier pines for a beautiful lame woman who prefers to visit the officers rather than the soldiers, the la femme du roulier is desperately looking for the latter in all of the town’s taverns; in tout l’pays l’a su you have a whole village gossiping, always on the lookout for spicy, malicious bits of gossip.",,Released,False,False,1931-04-15,0,0,0,0.0,0.0,0,en,,,,,[],[],[],[],"[""US""]",null
186494,Crocus / Strelka,Крокус / Стрелка,"In September Zemfira organized a mini-tour in honor of the re-release of the first three albums. Solo performance at the Moscow concert hall ""Crocus City Hall"", September 17, 2010.",,Released,False,False,2010-09-16,74,0,0,0.3016,0.0,0,ru,,,/AnCXyZulWTSNu0jTdWV9NavIgWY.jpg,,"[{""id"": 99, ""name"": ""Documentary""}, {""id"": 10402, ""name"": ""Music""}]",[],"[{""iso_3166_1"": ""RU"", ""name"": ""Russia""}]","[{""english_name"": ""Russian"", ""iso_639_1"": ""ru"", ""name"": ""P\u0443\u0441\u0441\u043a\u0438\u0439""}]","[""RU""]",null
186496,Rockpalast: Van Der Graaf Generator,Rockpalast: Van Der Graaf Generator,"Van Der Graaf Generator on Rockpalast, 16 January 2006.",,Released,False,False,2006-01-15,0,0,0,0.0,0.0,0,en,,tt2210710,/fDth875NYzbkAucktd449Yx9Ix2.jpg,/ikbsCyC0vxrrMjMuvXcGqBfXPEU.jpg,[],[],[],[],"[""US""]",null
186490,The Terrible Adventure of Doctor Faust,La Terrible aventure du Dr. Faust,"No longer able to bear to see himself age, doctor Faust decides to put an end to his life. But just as he’s about to swallow the poison that will kill him, the Devil enters the stage and makes him a deal. If Faust gives him his soul, he will be young again. The interested party ends up accepting and the puppets can begin their humorous reading of Faust’s myth.",,Released,False,False,1931-04-15,0,0,0,0.0,0.0,0,en,,,,,[],[],[],[],"[""US""]",null
186497,Porcupine Tree: Rockpalast,Porcupine Tree: Rockpalast,"Porcupine Tree live on Rockpalast 19 November 2005.  Disc 1: 1. 	""Intro"" 2. 	""Open Car"" 3. 	""Blackest Eyes"" 4. 	""Lazarus"" 5. 	""Futile"" 6. 	""Mellotron Scratch"" 7. 	""Mother and Child Divided"" 8. 	"".3"" 9. 	""So Called Friend""  Disc 2: 1. 	""Arriving Somewhere But Not Here"" 2. 	""The Sound of Muzak"" 3. 	""Start of Something Beautiful"" 4. 	""Halo"" 5. 	""Radioactive Toy"" 6. 	""Trains""",Porcupine Tree: Rockpalast,Released,False,False,2005-11-19,63,0,0,0.0338,8.0,1,en,,tt0479780,/6yX3jJljULuyFBulGnRaUKzpMCH.jpg,/joQtIfF4oBQun8Wn0CNKKBnksYx.jpg,"[{""id"": 10402, ""name"": ""Music""}]",[],[],[],"[""US""]",null
186498,Rockpalast: Kula Shaker,Rockpalast: Kula Shaker,"Kula Shaker on Rockpalast, 2008",,Released,False,False,,0,0,0,0.0143,0.0,0,en,,,,,[],[],[],[],"[""US""]",null
186499,Turisas: Download festival,Turisas: Download festival,"Turisas is a Finnish metal band from Hämeenlinna. It was founded in 1997 by Mathias Nygård - and Jussi Wickström- and named after an ancient Finnish God of war.  Turisas is a folk metal band, incorporating elements of power metal and symphonic metal along with frequent harsh vocals. Turisas is known to play most of their solos on electric violin, as opposed to traditional guitar solos. The album title Battle Metal has given rise to the term ""battle metal"" being used as a description of Turisas' genre (used mainly by Metal Hammer magazine and its readers) but it is not yet recognised as a canonical metal subgenre.",,Released,False,False,2007-08-15,0,0,0,0.0143,0.0,0,en,,,,,[],[],[],[],"[""US""]",null
186500,U.D.O.:  We Are The Timebombs,U.D.O.:  We Are The Timebombs,"01. Metal Eater  02. Thunderforce  03. We Want It Loud  04. Timebomb  05. Commentary (Mathias Dieth, Thomas Smuszynski)  06. Princes Of The Dawn  07. In The Darknes  08. Commentary (Seppo Ruonakoski)  09. Kick In The Face  10. Animal House  11. Commentary Fan  12. Solo Guitar  13. The Want War",,Released,False,False,1991-04-16,0,0,0,0.0143,0.0,0,en,,,,,"[{""id"": 10402, ""name"": ""Music""}]",[],[],[],"[""US""]",null
186501,U.D.O.: Live from Russia,U.D.O.: Live from Russia,"U.D.O., the German band fronted by former ACCEPT singer Udo Dirkschneider, have set an August 25 European release date for their upcoming ""Live In Russia"" DVD.  As previously reported, the forthcoming DVD will come in a special package containing a bonus live CD.",,Released,False,False,2001-10-15,0,0,0,0.0261,0.0,0,en,,,,,"[{""id"": 10402, ""name"": ""Music""}]",[],[],[],"[""US""]",null
186502,U.D.O.: Wacken 2012,U.D.O.: Wacken 2012,"U.D.O. live at Wacken with special guests. U.D.O. is a German power metal band founded by lead singer Udo Dirkschneider in 1987. Wacken Open Air (W:O:A) is a summer open air heavy metal music festival. It takes place annually in the small village of Wacken in Schleswig-Holstein,",,Released,False,False,2012-08-01,0,0,0,0.0,0.0,0,en,,,,,"[{""id"": 10402, ""name"": ""Music""}]",[],[],[],"[""US""]",null
186504,Venom: Live in London,Venom: Live in London,"Recorded Live at the Hammersmith Odeon Theatre, London, 8 October 1985. Can the bombast and fury of one of Extreme Metal's founders truly be captured on video? Turn it up and find out! Touring supporting 1985's POSSESSED, this would become one of the last documents of the original lineup, as guitarist Mantas would depart not long after. Songs: 01 - Too Loud (For the Crowd) - 02 - Black Metal - 03 - Nightmare - 04 - Countess Bathory - 05 - The Seven Gates of Hell (Bass Solo) - 06 - Buried Alive - 07 - Don't Burn The Witch - 08 - In Nomine Satanas - 09 - Welcome To Hell - 10 - Warhead (Guitar Solo) - 11 - Schizo - 12 - Satanachist - 13 - Bloodlust - 14 - Witching Hour",,Released,False,False,2005-03-29,60,0,0,0.0586,6.1,4,en,,,/bT9KtEa5klcNh4JflTTnYd5wWFZ.jpg,,"[{""id"": 10402, ""name"": ""Music""}]",[],[],"[{""english_name"": ""English"", ""iso_639_1"": ""en"", ""name"": ""English""}]","[""US""]",null
186514,Blake of Scotland Yard,Blake of Scotland Yard,"Sir James Blake has retired from Scotland Yard so that he can assist his niece Hope and her friend Jerry in developing an apparatus they have invented. Sir James thinks that their invention has the potential to prevent wars, and plans to donate it to the League of Nations. But a gang of criminals led by the elusive ""Scorpion"" steals the device, and Blake and his associates must recover the invention and determine the identity of the ""Scorpion"".",,Released,False,False,1937-01-30,72,0,0,0.8317,3.0,5,en,,tt0126215,/yLNFs0tk5sowWmUK6hg8tbIVOB6.jpg,/krgAVD87K4QZtwa7ebHbEAYI33R.jpg,"[{""id"": 80, ""name"": ""Crime""}, {""id"": 9648, ""name"": ""Mystery""}]","[{""id"": 3874, ""logo_path"": null, ""name"": ""Victory Moving Pictures"", ""origin_country"": """"}]","[{""iso_3166_1"": ""US"", ""name"": ""United States of America""}]","[{""english_name"": ""English"", ""iso_639_1"": ""en"", ""name"": ""English""}]","[""US""]",null
186518,Live Hard,鐵膽雄風,"In Hong Kong, terrorists from Libya blow up a bus which kills the son of the American consul. The Hong Kong Police Force sends Lui Yung and his team of special agents to investigate the case and destroy the terrorist group. On the other hand, Senior Inspector Hui Tat Ming (Simon Yam) of the Regional Crime Unit is discontented by the fact that he is no longer in charge of the case since it has been transferred to the Politics Department. However, Hui secretly investigates alone to track down the terrorists and bring them to justice",,Released,False,False,1989-07-14,88,0,0,1.6286,6.0,1,cn,,tt0098476,/zbefcTr1GfXNQvUDzRkc1oC53HB.jpg,/952bbsy5jhqCPaohptrYFvflcg4.jpg,"[{""id"": 53, ""name"": ""Thriller""}, {""id"": 28, ""name"": ""Action""}]","[{""id"": 49692, ""logo_path"": null, ""name"": ""Top Sun Film Production House"", ""origin_country"": ""HK""}]","[{""iso_3166_1"": ""HK"", ""name"": ""Hong Kong""}]","[{""english_name"": ""Cantonese"", ""iso_639_1"": ""cn"", ""name"": ""\u5e7f\u5dde\u8bdd / \u5ee3\u5dde\u8a71""}]","[""HK""]",null
186524,The Crash,The Crash,Linda Gault is a luxury loving wife who casually seduces other men while getting investment tips from one of her lovers.,She Took Him for Better or Worse-yet demanded a marriage bed of roses. Are all wives that way?,Released,False,False,1932-10-09,58,0,0,1.6777,4.8,5,en,,tt0022784,/ydfe7KEyDqg53JMkmQ9NyhYOoij.jpg,/4OOMx46HpCKAwSoaS5oJo0fKKG1.jpg,"[{""id"": 18, ""name"": ""Drama""}]","[{""id"": 9329, ""logo_path"": ""/aue5pVfj9TcjYEOufkcuCbAL5hE.png"", ""name"": ""The Vitaphone Corporation"", ""origin_country"": ""US""}, {""id"": 3245, ""logo_path"": ""/9dBTQp9XitrHkx20i1r9HhZ3Q6B.png"", ""name"": ""First National Pictures"", ""origin_country"": ""US""}, {""id"": 174, ""logo_path"": ""/zhD3hhtKB5qyv7ZeL4uLpNxgMVU.png"", ""name"": ""Warner Bros. Pictures"", ""origin_country"": ""US""}]","[{""iso_3166_1"": ""US"", ""name"": ""United States of America""}]","[{""english_name"": ""English"", ""iso_639_1"": ""en"", ""name"": ""English""}]","[""US""]",null
186528,Good Portuguese People,Bom Povo Português,"Using film and television footage taken during the revolutionary movement of April 25, 1974 in Portugal, and mixing it with music and live interviews with common people, the director conveys a vivid account of the period in which a military coup evolved to a socialist revolution, then was tempered into a formal European style democracy.",The Carnation Revolution's Film,Released,False,False,1981-11-18,135,0,0,0.1488,6.6,5,pt,,tt0082092,/lbPHedLN45vXkShogY1h6Cra0XL.jpg,/gTBdTq2xRDEZH82KwlYe9rwdCoo.jpg,"[{""id"": 99, ""name"": ""Documentary""}]",[],"[{""iso_3166_1"": ""PT"", ""name"": ""Portugal""}]","[{""english_name"": ""Portuguese"", ""iso_639_1"": ""pt"", ""name"": ""Portugu\u00eas""}]","[""PT""]",null
186532,Death Is My Trade,Aus einem deutschen Leben,A biography of Auschwitz commander Rudolf Höss.,,Released,False,False,1977-11-18,145,0,0,0.5689,7.364,11,de,,tt0075708,/aSnoQMOeMaCNtC6EvbOgJ6qztLU.jpg,/egKFLem9RQ6BidnBSUrKQ3hfgmF.jpg,"[{""id"": 10752, ""name"": ""War""}, {""id"": 18, ""name"": ""Drama""}]","[{""id"": 609, ""logo_path"": null, ""name"": ""Iduna Film Produktiongesellschaft"", ""origin_country"": ""DE""}, {""id"": 46, ""logo_path"": ""/3xFdKHLXPGHEbrAkmsepGE8974Y.png"", ""name"": ""WDR"", ""origin_country"": ""DE""}]","[{""iso_3166_1"": ""DE"", ""name"": ""Germany""}]","[{""english_name"": ""German"", ""iso_639_1"": ""de"", ""name"": ""Deutsch""}]","[""DE""]",null
186531,Rose Marie,Rose Marie,"Rose Marie Lemaitre, an orphan living in the Canadian wilderness, falls in love with her guardian, Mike Malone, an officer of the Royal Canadian Mounted Police. The feeling is mutual. But, when she leaves to learn proper etiquette, Rose Marie meets a trapper named James Duval, who also falls for her. Further complications arise when Native American Chief Black Eagle -- a rival of Duval's -- is murdered.",M-G-M presents the first great musical in Cinemascope! In Color Glory!,Released,False,False,1954-03-03,115,0,0,1.0872,4.0,7,en,,tt0047429,/ahnmK76uBief2jXe1RCGngIPwbw.jpg,/xxptXeoJlyGTi5z2QbLzsfKtVXG.jpg,"[{""id"": 10402, ""name"": ""Music""}, {""id"": 35, ""name"": ""Comedy""}]","[{""id"": 21, ""logo_path"": ""/usUnaYV6hQnlVAXP6r4HwrlLFPG.png"", ""name"": ""Metro-Goldwyn-Mayer"", ""origin_country"": ""US""}]","[{""iso_3166_1"": ""US"", ""name"": ""United States of America""}]","[{""english_name"": ""English"", ""iso_639_1"": ""en"", ""name"": ""English""}, {""english_name"": ""French"", ""iso_639_1"": ""fr"", ""name"": ""Fran\u00e7ais""}]","[""US""]",null
186548,Cheiro de Amor - Acústico,Cheiro de Amor - Acústico,,,Released,False,False,2008-11-15,0,0,0,0.0379,0.0,0,pt,,,/APa0flYFdlwU5wpim9mK9wDiWm.jpg,,[],[],[],[],"[""BR"", ""PT""]",null
186538,Virgin Steele: Beacon Theate,Virgin Steele: Beacon Theate,"The band released a few career highlights albums (Noble Savage, The Marriage of Heaven and Hell Part I, The Marriage of Heaven and Hell Part II and Invictus). In recent years, they have enriched their sound with elements of musical theatre, progressive and symphonic metal, developing and writing projects such as the Metal Opera ""The House of Atreus"" (based on Oresteia and the Greek myth related to the Atreides) in 1999/2000 and the soundtrack for an imaginary movie Visions of Eden (A Barbaric Romantic Movie of the Mind) aka ""The Lilith Project"" (based on the Sumerian legend of Lilith) in 2006.",,Released,False,False,,0,0,0,0.0,0.0,0,en,,,,,[],[],[],[],"[""US""]",null
186539,Virgin Steele: Ludwigsburg 1993,Virgin Steele: Ludwigsburg 1993,"Virgin Steele play what they call ""barbaric romanticism"" which is a symphonic, romantic and bombastic music with many elements taken from classical music and fantasy/mythological lyrics based on real life events.David DeFeis (all vocals, keyboards, orchestration, synth bass, swords and effects) about Virgin Steele's music: ""From a whisper to a scream, barbaric, romantic, bombastic, yet subtle, grandiose, yet earthy. A call, a shout, an invocation to Freedom and the continual awakening to the awareness that every moment of life is lived to its fullest potential. It is a force, a sacred quest which drives Virgin Steele on",,Released,False,False,,0,0,0,0.0,0.0,0,en,,,,,[],[],[],[],"[""US""]",null
186551,"The Eyes, the Mouth","Gli occhi, la bocca","A rich Italian's shocking suicide means different things to his twin brother, mother and pregnant lover.",,Released,False,False,1982-09-10,93,0,0,0.469,5.3,22,it,,tt0084432,/hOu3bFZwdmLjguHe87iY9UsMSzi.jpg,/foXgFPPWWngy7zeIprq76MhAFEm.jpg,"[{""id"": 18, ""name"": ""Drama""}]","[{""id"": 9, ""logo_path"": ""/nda3dTUYdDrJ6rZqBpYvY865aDv.png"", ""name"": ""Gaumont"", ""origin_country"": ""FR""}, {""id"": 30908, ""logo_path"": null, ""name"": ""Odyssia"", ""origin_country"": ""IT""}, {""id"": 1583, ""logo_path"": ""/gKP4egMJOi5rksdnplfPV1wa0sd.png"", ""name"": ""RAI"", ""origin_country"": ""IT""}]","[{""iso_3166_1"": ""FR"", ""name"": ""France""}, {""iso_3166_1"": ""IT"", ""name"": ""Italy""}]","[{""english_name"": ""Italian"", ""iso_639_1"": ""it"", ""name"": ""Italiano""}, {""english_name"": ""Japanese"", ""iso_639_1"": ""ja"", ""name"": ""\u65e5\u672c\u8a9e""}, {""english_name"": ""English"", ""iso_639_1"": ""en"", ""name"": ""English""}]","[""IT"", ""FR""]",null
186555,Trans,Trans,"TRANS is an intimate experimental documentary focusing on transgender female, Kali. Exploring themes of transformation and identity, the film constructs various scenes based on her thoughts, feelings and imaginings as she reflects on influences and choices that formed her attitudes towards her gender dysphoria.",,Released,False,False,2013-02-07,7,0,0,0.0143,0.0,0,en,,tt2276041,/dDtsfqMrVftLEFT2meO8FTo2XU5.jpg,,"[{""id"": 99, ""name"": ""Documentary""}]",[],[],"[{""english_name"": ""English"", ""iso_639_1"": ""en"", ""name"": ""English""}]","[""US""]",null
186552,TRANS,TRANS,An up-close and very personal journey into the transgender world through the memorable stories and the unusual lives of a remarkable cast of characters.,It takes a special kind of courage to be who you really are.,Released,False,False,2012-04-30,104,0,0,0.0614,5.0,9,en,http://transthemovie.com,tt2351417,/R8d4ErJ4aEY8LwSPK9ir0s71V6.jpg,/78yvGFraXvArXRgINlCXiPMZ7lw.jpg,"[{""id"": 99, ""name"": ""Documentary""}]","[{""id"": 68252, ""logo_path"": ""/k3pW3t8qM3gS7518b7zzPYoCHKi.png"", ""name"": ""Sex Smart Films"", ""origin_country"": ""US""}, {""id"": 68253, ""logo_path"": null, ""name"": ""RoseWorks"", ""origin_country"": ""US""}]","[{""iso_3166_1"": ""US"", ""name"": ""United States of America""}]","[{""english_name"": ""English"", ""iso_639_1"": ""en"", ""name"": ""English""}]","[""US""]",null
186556,Over,Uit,"""The love between Thomas and Emma is in decline. Thomas is gripped by the fear of losing her when Emma decides to go abroad for a few months. His inability to deal with this takes him to a dark place, far removed from reality until on the evening of her farewell party he threatens to screw up their relationship."" (KeyFilm, 2012)",,Released,False,False,2012-09-29,49,0,0,0.1146,10.0,1,nl,,tt2369189,/fe4b4195P9Yzw2Pchfl5HVhrpZC.jpg,,"[{""id"": 18, ""name"": ""Drama""}]",[],"[{""iso_3166_1"": ""NL"", ""name"": ""Netherlands""}]","[{""english_name"": ""Dutch"", ""iso_639_1"": ""nl"", ""name"": ""Nederlands""}]","[""NL""]",null
186559,Masikip sa Dibdib: The Boobita Rose Story,Masikip sa Dibdib: The Boobita Rose Story,Boobita Rose is a woman dealing with her dysfunctional family and a socially challenged love life.,,Released,False,False,2004-04-14,105,0,0,0.4855,1.0,2,tl,,tt0409037,/fzsUeBwRJX8Q8dAL3aaToWxw8hR.jpg,,"[{""id"": 35, ""name"": ""Comedy""}]","[{""id"": 8356, ""logo_path"": ""/tais5f60IAWlBZvkU8KwjGvBUc4.png"", ""name"": ""Viva Films"", ""origin_country"": ""PH""}]","[{""iso_3166_1"": ""PH"", ""name"": ""Philippines""}]","[{""english_name"": ""English"", ""iso_639_1"": ""en"", ""name"": ""English""}, {""english_name"": ""Tagalog"", ""iso_639_1"": ""tl"", ""name"": """"}]","[""PH""]",null
186560,Patrick the Great,Patrick the Great,"A famous stage actor hopes to land the lead role in a big new Broadway musical, but he's unaware his teenage son has already been given the part.",THE YEAR'S DIZZIEST WHIRL OF LAUGHS!,Released,False,False,1945-05-04,84,0,0,1.6601,4.0,1,en,,tt0037975,/vA0YQQF1GbJcwtMeE66UbZD4RI1.jpg,/AjaUXJH7NL00tV9P6cxbs60qfVJ.jpg,"[{""id"": 35, ""name"": ""Comedy""}, {""id"": 10402, ""name"": ""Music""}]","[{""id"": 33, ""logo_path"": ""/8lvHyhjr8oUKOOy2dKXoALWKdp0.png"", ""name"": ""Universal Pictures"", ""origin_country"": ""US""}]","[{""iso_3166_1"": ""US"", ""name"": ""United States of America""}]","[{""english_name"": ""English"", ""iso_639_1"": ""en"", ""name"": ""English""}]","[""US""]",null
186562,Fröhliche Weihnachten 2,Fröhliche Weihnachten 2,,,Released,False,False,2009-12-12,0,0,0,0.1185,10.0,1,de,,,/j1XSFwWNqbtnoZqKyO0CVvdYZJU.jpg,,"[{""id"": 35, ""name"": ""Comedy""}]","[{""id"": 26925, ""logo_path"": ""/Zp3kNV9LYSslP6x1EcmEeYgCSL.png"", ""name"": ""Brainpool"", ""origin_country"": ""DE""}]","[{""iso_3166_1"": ""DE"", ""name"": ""Germany""}]","[{""english_name"": ""German"", ""iso_639_1"": ""de"", ""name"": ""Deutsch""}]","[""DE""]",null
186564,"Armin van Buuren: Ultra Music Festival, Miami","Armin van Buuren: Ultra Music Festival, Miami",,,Released,False,False,2013-03-23,0,0,0,0.0336,0.0,0,es,,,,,"[{""id"": 10402, ""name"": ""Music""}]",[],"[{""iso_3166_1"": ""US"", ""name"": ""United States of America""}]","[{""english_name"": ""English"", ""iso_639_1"": ""en"", ""name"": ""English""}]","[""ES""]",null
186568,Spiritually a Cop,駁腳差佬,"A young man wants to be a Hong Kong police officer but is too short to qualify. However, he doesn't let that stop him: he goes around impersonating an officer, investigating crimes and busting criminals. One day, he interrupts a bank robbery (by three men in drag), gets shot in the process and dies. When the case is assigned to a female investigator, he returns as a ghost to lend a hand at solving the robbery.",,Released,False,False,1989-12-28,92,0,0,1.6523,6.0,1,cn,,tt0121762,/acDq8ZN48T6YUWgoSkf7jsdNVjb.jpg,/zflwCnOtsVWzGMjLINI7IvBroc.jpg,"[{""id"": 28, ""name"": ""Action""}, {""id"": 80, ""name"": ""Crime""}, {""id"": 27, ""name"": ""Horror""}]","[{""id"": 72576, ""logo_path"": null, ""name"": ""Golden Sun Light Production Co., Ltd."", ""origin_country"": ""HK""}]","[{""iso_3166_1"": ""HK"", ""name"": ""Hong Kong""}]","[{""english_name"": ""Cantonese"", ""iso_639_1"": ""cn"", ""name"": ""\u5e7f\u5dde\u8bdd / \u5ee3\u5dde\u8a71""}]","[""HK""]",null
186567,Gotham Uncovered: Creation of a Scene,Gotham Uncovered: Creation of a Scene,"Director Christopher Nolan and creative collaborators unmask the incredible detail and planning behind The Dark Knight, including stunt staging, filming in IMAX, the new Bat-Suit and Bat-Pod and other exclusive features.",,Released,False,False,2008-07-15,64,0,0,1.4905,7.0,11,en,,tt5237190,/lAAwYAEnDXJoYt1V0DUBkLJK8sh.jpg,/v6EUsxCZBksSmcomBcXErJZWL2I.jpg,"[{""id"": 99, ""name"": ""Documentary""}]","[{""id"": 14772, ""logo_path"": ""/uRjA81rM7O46H588ZeYunRfiZRn.png"", ""name"": ""Warner Bros. Home Entertainment Group"", ""origin_country"": ""US""}]","[{""iso_3166_1"": ""GB"", ""name"": ""United Kingdom""}, {""iso_3166_1"": ""US"", ""name"": ""United States of America""}]","[{""english_name"": ""English"", ""iso_639_1"": ""en"", ""name"": ""English""}]","[""US"", ""GB""]",null
186572,Davacı,Davacı,It is a comedy of stubborn people who initiate a judicial process which would last 7 years because some sheep ate a few cabbages.,,Released,False,False,1986-01-01,79,0,0,0.4343,7.0,49,tr,,tt0252360,/aYQ8iROTDsIMAYXubrjPgUZfLMT.jpg,/aJZJ93NNAPPbnOYA9F3RB9iLHa3.jpg,"[{""id"": 35, ""name"": ""Comedy""}]","[{""id"": 26956, ""logo_path"": null, ""name"": ""Cem Film"", ""origin_country"": ""TR""}]","[{""iso_3166_1"": ""TR"", ""name"": ""Turkey""}]","[{""english_name"": ""Turkish"", ""iso_639_1"": ""tr"", ""name"": ""T\u00fcrk\u00e7e""}]","[""TR""]","{""id"": 1089428, ""name"": ""K\u00fc\u00e7\u00fck Adam \u00dc\u00e7lemesi"", ""poster_path"": ""/aKoPYFwi0bKFkDXzrfspjyeFy6M.jpg"", ""backdrop_path"": null}"
186569,Bad Weather,Bad Weather,"Off the coast of Bangladesh in the Bay of Bengal is a tiny 'brothel island' populated by women forced to sell their bodies to men who arrive by the boatload.  Each of the women came to inhabit the 100m long and 10m wide piece of land for different reasons, whether through a sister, the need for money, or in search of love and affection, but for all of them it is a life tougher than they could have imagined.  Deepening their troubles is the island's existence at the frontline of climate change, and with the increase of cyclones, floods and soil erosion the prospect of losing their homes, and the island itself, is closer than ever.  Beautifully shot and subverting expectation, Bad Weather is a documentary that carves out a message of hope in extreme adversity.",,Released,False,False,2011-11-23,83,0,0,0.0763,6.0,1,en,,tt2274206,/xf8Uj2SqC8wom5m7GLOg0coIrh3.jpg,,"[{""id"": 99, ""name"": ""Documentary""}]","[{""id"": 93296, ""logo_path"": ""/kjFwtItBYKBSc7QwVes355MbAp6.png"", ""name"": ""Century Films"", ""origin_country"": ""GB""}, {""id"": 230347, ""logo_path"": null, ""name"": ""Cornbread Films"", ""origin_country"": """"}, {""id"": 12340, ""logo_path"": ""/2tgY95Di4hQhR4JUkejJWx2sN2z.png"", ""name"": ""ma.ja.de. FilmProduktions"", ""origin_country"": ""DE""}]","[{""iso_3166_1"": ""DE"", ""name"": ""Germany""}, {""iso_3166_1"": ""GB"", ""name"": ""United Kingdom""}]","[{""english_name"": ""Bengali"", ""iso_639_1"": ""bn"", ""name"": ""\u09ac\u09be\u0982\u09b2\u09be""}]","[""GB""]",null
186574,Pretty Dead Things,Pretty Dead Things,"Adult film star Jennifer Bond has everything a girl could want: looks, power, a fabulously dangerously sexy boyfriend…and immortality due to the fact she was transformed into a vampire circa 1979.  But as her 50th birthday draws near, she returns to the town she left in search of the love of her life, the aging porn director John Welles. Unfortunately, one of her travelling companions and former co-star takes a shine to one of their midnight snacks, a pizza delivery boy, and she creates a new vampire with a taste for bloody revenge!  As the four ex-porn stars ravage the town as part of their nightly fun, the pizza boy hooks up with the beleaguered mayor and the Moral Majority to stomp out the dangerously porn star-vampire menace.",Death Never Looked This Good,Released,False,False,2006-10-26,90,22,0,0.2455,3.5,2,en,,tt0818874,/aa9RyMqwZDQHNHNnrwaPlAklFjP.jpg,,"[{""id"": 27, ""name"": ""Horror""}, {""id"": 35, ""name"": ""Comedy""}]","[{""id"": 22526, ""logo_path"": null, ""name"": ""Scorpio Film Releasing"", ""origin_country"": ""US""}]","[{""iso_3166_1"": ""US"", ""name"": ""United States of America""}]",[],"[""US""]",null
186578,Sorrows,Sorrows,"Set to music by Beethoven, this lyrical portrait moves from a chilled and misty exterior to the crystalline interior of the Swiss chateau that King Ludwig II built for Wagner.",,Released,False,False,1969-12-31,6,0,0,0.2394,7.9,8,en,,tt0383641,/wi4Fu7TTorPa4Niy2HY2s77XKl2.jpg,/j9Qfrz3iCHJHFTMPLIjaSfJ7tHA.jpg,[],[],"[{""iso_3166_1"": ""CH"", ""name"": ""Switzerland""}]","[{""english_name"": ""No Language"", ""iso_639_1"": ""xx"", ""name"": ""No Language""}]","[""CH"", ""US""]",null
186576,Stregati dalla luna,Stregati dalla luna,Dario and Carlo are the owners of a small restaurant organizing a wedding. Everything goes awry after Miria confesses a fling to her fiance.,,Released,False,False,2001-04-13,91,0,0,0.5738,5.2,10,it,,tt0283017,/h0KBrYK1Wk8iNIyfoX5sj2RcC5Z.jpg,/wznXydoNaFcdjRUsXho8USsfy7M.jpg,"[{""id"": 35, ""name"": ""Comedy""}]","[{""id"": 37346, ""logo_path"": null, ""name"": ""Rita Rusic Company"", ""origin_country"": ""IT""}, {""id"": 206053, ""logo_path"": null, ""name"": ""Telecinelanda"", ""origin_country"": ""IT""}, {""id"": 15139, ""logo_path"": ""/pDMWjx8DQZ7joB5Yd5lieixKUAp.png"", ""name"": ""Tele+"", ""origin_country"": ""IT""}]","[{""iso_3166_1"": ""IT"", ""name"": ""Italy""}]","[{""english_name"": ""Italian"", ""iso_639_1"": ""it"", ""name"": ""Italiano""}]","[""IT""]",null
186579,Batman Tech,Batman Tech,"He's caped, cowled and the coolest superhero of them all, because underneath that Batsuit, Batman only has his human strength and intellect to rely on. That and the greatest arsenal of crime fighting weaponry ever devised. But just where does comic book science fiction end and scientific fact begin? What technologies are behind the gadgets in Batman's utility belt? And just how plausible is the Batmobile? Get ready for a real life trip to the Batcave as we reveal the secrets behind Batman Tech.",,Released,False,False,2008-07-21,45,0,0,0.5679,7.4,24,en,,tt1265588,/tlAYMNTvga69AUXMIY0HeeoblHT.jpg,/bOc2eQBSeRI2fHoAVCtm3yaA0e6.jpg,"[{""id"": 99, ""name"": ""Documentary""}]","[{""id"": 174, ""logo_path"": ""/zhD3hhtKB5qyv7ZeL4uLpNxgMVU.png"", ""name"": ""Warner Bros. Pictures"", ""origin_country"": ""US""}]","[{""iso_3166_1"": ""US"", ""name"": ""United States of America""}, {""iso_3166_1"": ""GB"", ""name"": ""United Kingdom""}]","[{""english_name"": ""English"", ""iso_639_1"": ""en"", ""name"": ""English""}]","[""US"", ""GB""]",null
186580,Dark Soul,Animanera,"Enrico Russo rapes and slaughters children. A magistrate, a policeman and a psychiatrist try to arrest him, but it’s too difficult to identify a cancer that hides itself behind a normal life. Then, one day, Enrico meets Andrea, a 7 year old child, and falls in love with him. He wants to be Andrea’s good father, the good father he himself never had. But his emotional delirium isn’t able to hold back his animal instinct. By pure ‘chance’, the detectives find the monster in the act of his last execution. On time?",,Released,False,False,2008-08-28,93,0,0,0.211,5.5,2,it,,tt1179758,/1oyx9IAz9lLy8EytiSUi2LRlVbS.jpg,,"[{""id"": 18, ""name"": ""Drama""}]",[],"[{""iso_3166_1"": ""IT"", ""name"": ""Italy""}]","[{""english_name"": ""Italian"", ""iso_639_1"": ""it"", ""name"": ""Italiano""}]","[""IT""]",null
186582,Strike Me Deadly,Strike Me Deadly,A forest ranger witnesses a murder. He and his wife are captured by the killer and held captive in a remote cabin.,A Honeymoon Filled With Love and Terror,Released,False,False,1959-01-01,80,0,0,0.3074,6.5,2,en,,tt0176193,/luqu3a9PDRjP0p2kzx7iSfHXJDV.jpg,,"[{""id"": 18, ""name"": ""Drama""}]",[],[],"[{""english_name"": ""English"", ""iso_639_1"": ""en"", ""name"": ""English""}]","[""US""]",null
186584,Code Name: Diamond Head,Code Name: Diamond Head,"A failed Quinn Martin pilot for a series starring a Hawaii-based government counter intelligence agency run by the indomitable Aunt Mary. In this, his only adventure, Diamond Head has to prevent the evil Tree from stealing a deadly nerve toxin gas and selling it to foreign powers. To help Diamond Head is the Dragon Lady and Zulu.",,Released,False,False,1977-05-03,78,0,0,0.9347,3.0,12,en,,tt0075862,/ldzw49n70z7ONaSv1b8dj5gtQWg.jpg,/lamNIEK8D6xYiHRLk11uRD6fyf.jpg,"[{""id"": 80, ""name"": ""Crime""}, {""id"": 18, ""name"": ""Drama""}, {""id"": 10770, ""name"": ""TV Movie""}]","[{""id"": 15696, ""logo_path"": null, ""name"": ""Quinn Martin Productions (QM)"", ""origin_country"": ""US""}]","[{""iso_3166_1"": ""US"", ""name"": ""United States of America""}]",[],"[""US""]",null
186588,I Wish to Speak,Прошу слова,"The mayor of a village sees her son killed in a gun accident. A successful, dedicated bureuacrat, she must reconcile her desire to build a bridge - and the new housing that will come with it - with the reality of resistance from the townspeople and her own grief.",,Released,False,False,1976-11-29,145,0,0,0.8053,6.2,13,ru,,tt0073584,/pMAdJ7zhWNy0PIDPmJ6lIS54czQ.jpg,,"[{""id"": 18, ""name"": ""Drama""}]","[{""id"": 10845, ""logo_path"": ""/8qh5BEyKYOQ0e81LPbvWHQvyOy5.png"", ""name"": ""Lenfilm"", ""origin_country"": ""SU""}, {""id"": 97067, ""logo_path"": null, ""name"": ""Second Creative Association"", ""origin_country"": ""SU""}]","[{""iso_3166_1"": ""SU"", ""name"": ""Soviet Union""}]","[{""english_name"": ""French"", ""iso_639_1"": ""fr"", ""name"": ""Fran\u00e7ais""}, {""english_name"": ""Russian"", ""iso_639_1"": ""ru"", ""name"": ""P\u0443\u0441\u0441\u043a\u0438\u0439""}]","[""SU""]",null
186585,Last of the Wild Horses,Last of the Wild Horses,A cowboy must clear himself of a murder he did not commit.,Wild fury... Wide open thrills!,Released,False,False,1948-12-27,84,0,0,0.9716,2.6,11,en,,tt0040530,/yWaoqgdxjqSmmFZG9skdJARaDXG.jpg,/mmgUkveGNQdjLduPzD6MYMv41J5.jpg,"[{""id"": 37, ""name"": ""Western""}]","[{""id"": 92161, ""logo_path"": null, ""name"": ""Crestwood Pictures"", ""origin_country"": """"}, {""id"": 4946, ""logo_path"": null, ""name"": ""Lippert Pictures"", ""origin_country"": ""US""}, {""id"": 77803, ""logo_path"": null, ""name"": ""Robert L. Lippert Productions"", ""origin_country"": """"}]","[{""iso_3166_1"": ""US"", ""name"": ""United States of America""}]","[{""english_name"": ""English"", ""iso_639_1"": ""en"", ""name"": ""English""}]","[""US""]",null
186592,Winning Favor,Winning Favor,"Based on a true story, it concerns a group of boys who grow up together playing basketball in tournaments and driveways - and end up on opposite sides of the proverbial fence, playing for rival high schools. Then another twist occurs when each high school yields a championship team - pitting the two against one another in the finals and forcing the young men to learn the importance of family, friendship and a great deal more.",,Released,False,False,2012-09-18,70,0,0,0.0694,3.0,2,en,,tt2418988,/65vdijbYRoRxs2W1hgENZVKwsKt.jpg,/74fkZvE65BdBGJuyYpPwsMTOEzm.jpg,"[{""id"": 10751, ""name"": ""Family""}]",[],[],[],"[""US""]",null
186590,Kathryn: The Story of a Teller,Kathryn: The Story of a Teller,"A glimpse into the life of an extraordinary woman whose phenomenal memory reaches back to conversations with people who lived before the Civil War.  Pioneering female journalist, collector of tales, ""the queen of storytellers"", Kathryn Tucker Windham opens the windows of our collective imagination, connecting us with our heritage.",,Released,False,False,2022-12-06,88,0,0,0.0676,0.0,0,en,https://www.pbs.org/video/kathryn-story-of-a-teller-rq95in/,tt1971436,/nZtwmeBS67uwsu8J5ErBx2hMiLz.jpg,,"[{""id"": 99, ""name"": ""Documentary""}]","[{""id"": 249684, ""logo_path"": null, ""name"": ""The Documentary Depot"", ""origin_country"": """"}, {""id"": 249685, ""logo_path"": null, ""name"": ""Dill Productions, Inc."", ""origin_country"": """"}]",[],[],"[""US""]",null
186598,Green Fields,Grine Felder,"Ulmer's soulful, open-air adaptation of Peretz Hirshbein's classic play heralded the Golden Age of Yiddish cinema. When an ascetic young scholar ventures into the countryside, searching for the city of ""true Jews,"" he learns some unexpected lessons from the Jewish peasants who take him in as a tutor for their children.",,Released,False,False,1937-01-01,106,0,0,0.1653,5.0,1,yi,,tt0028957,,,"[{""id"": 35, ""name"": ""Comedy""}, {""id"": 10749, ""name"": ""Romance""}]","[{""id"": 98399, ""logo_path"": null, ""name"": ""Collective Film Producers Inc."", ""origin_country"": """"}]","[{""iso_3166_1"": ""US"", ""name"": ""United States of America""}]","[{""english_name"": ""Yiddish"", ""iso_639_1"": ""yi"", ""name"": """"}, {""english_name"": ""Hebrew"", ""iso_639_1"": ""he"", ""name"": ""\u05e2\u05b4\u05d1\u05b0\u05e8\u05b4\u05d9\u05ea""}]",[],null
186599,Cara ou Coroa,Cara ou Coroa,"During the Brazilian military dictatorship in the seventies, two brothers working on a play will risk their lives to help the resistance.",,Released,False,False,2012-09-07,115,0,0,0.2578,5.0,1,pt,,tt2435676,/7Kr55OplWvStxat23OlIyPZzAPA.jpg,,[],"[{""id"": 152575, ""logo_path"": null, ""name"": ""SP Filmes de S\u00e3o Paulo"", ""origin_country"": ""BR""}]",[],"[{""english_name"": ""Portuguese"", ""iso_639_1"": ""pt"", ""name"": ""Portugu\u00eas""}]","[""PT""]",null
186600,The Amateur Monster Movie,The Amateur Monster Movie,"After a group of boy scouts are mysteriously killed by a wolf-like creature on Cadaverous Island, Walter Romero, whose best friend was among the killed, sets out to find exactly what happened. In order to reach the island, Walter teams up with Johnny Mason, neighborhood stoner, to smoke up Ashley Valinski, neighborhood hottie, and get her to take them out on her father's boat. But soon after arriving on Cadaverous Island, a horde of zombies steals their boat, leaving them stranded, and the three are forced to team up with two cops, the mayor, and a team of botanists to either kill the monsters... or be killed themselves..... DUN-DUN-DUN!!!",,Released,False,False,2011-01-01,99,0,0,0.3175,4.2,6,en,http://www.spadeheartclub.com/tamm,tt1717690,/n1gtASNJBRGMWXccWuutfcvlKNC.jpg,,"[{""id"": 27, ""name"": ""Horror""}, {""id"": 35, ""name"": ""Comedy""}]",[],"[{""iso_3166_1"": ""US"", ""name"": ""United States of America""}]","[{""english_name"": ""English"", ""iso_639_1"": ""en"", ""name"": ""English""}]","[""US""]",null
186602,Zombie A-Hole,Zombie A-Hole,"Zombie A-Hole takes place in a world that's a bit different from our own. A realm that teeters on the edge of sleaze and comic book stylized awesomeness. It's Planet Terror meets Sin City meets The Good The Bad and The Ugly. All the men are hard-asses, and all the women are bombshells. Just because vengeance is your way of life doesn't mean you can't look damn sexy while you dole out hearty doses of whoop-ass. Everything is just a bit bigger and more interesting than their real life counterparts. This is a an exploitation flick with a southern gothic flair. Written by Dustin Mills",,Released,False,False,2012-08-21,108,0,0,0.0239,3.2,6,en,https://www.facebook.com/ZombieAHole,tt2228102,/aBR1ZD7mtij3UUw7wiPhwh2h7ay.jpg,,"[{""id"": 27, ""name"": ""Horror""}]","[{""id"": 64931, ""logo_path"": null, ""name"": ""Dustin Mills Productions"", ""origin_country"": ""US""}]","[{""iso_3166_1"": ""US"", ""name"": ""United States of America""}]","[{""english_name"": ""English"", ""iso_639_1"": ""en"", ""name"": ""English""}]","[""US""]",null
186606,iSteve,iSteve,The story of the modern technology guru Steve Jobs from Apple's humble start to a global phenomenon. Follow behind the scenes and discover how Jobs and co-founder Steve Wozniak happened to be on top of each other.,"There are a lot of Steve Jobs biopics out there, but only one that came out first: this one.",Released,False,False,2013-04-14,79,0,0,0.8701,4.7,40,en,https://funnyordie.com/studio/film/isteve/,tt2782834,/5DOCcRRWyljKq4Ysgs6PEDLRaIM.jpg,/zH1X4tXGzw8BxzGmLbWnGufBNEp.jpg,"[{""id"": 35, ""name"": ""Comedy""}]","[{""id"": 21213, ""logo_path"": ""/wV3mBqWgfgdRtFEkh6hHpHW9Cb1.png"", ""name"": ""Funny or Die"", ""origin_country"": ""US""}]","[{""iso_3166_1"": ""US"", ""name"": ""United States of America""}]","[{""english_name"": ""English"", ""iso_639_1"": ""en"", ""name"": ""English""}]","[""US""]",null
186605,Go Ganges!,Go Ganges!,Television producers and adventurers Josh Thomas and J.J. Kelley test their skills on an epic adventure down India's sacred River Ganges.,"From source to sea, by any means possible...",Released,False,False,2012-01-01,82,0,0,0.2597,6.5,1,en,,tt2339467,,,"[{""id"": 99, ""name"": ""Documentary""}]","[{""id"": 15617, ""logo_path"": null, ""name"": ""Dudes on Media"", ""origin_country"": """"}]",[],[],"[""US""]",null
186607,Aventure en Indochine,Aventure en Indochine,,,Released,False,False,2012-01-04,90,0,0,0.0256,4.8,2,fr,,,/nqH3osS4rsjcxPS3etPcOuJyEBa.jpg,,"[{""id"": 36, ""name"": ""History""}, {""id"": 99, ""name"": ""Documentary""}, {""id"": 16, ""name"": ""Animation""}, {""id"": 10752, ""name"": ""War""}]","[{""id"": 11244, ""logo_path"": ""/gCHH1xt3dKjlm9NuMPF9ekpPWD6.png"", ""name"": ""France 3"", ""origin_country"": ""FR""}]","[{""iso_3166_1"": ""FR"", ""name"": ""France""}]","[{""english_name"": ""French"", ""iso_639_1"": ""fr"", ""name"": ""Fran\u00e7ais""}]","[""FR""]",null
186609,Man from Tangier,Man from Tangier,"International crook Armstrong flees post-war Tangier with priceless forgery plates and is pursued to London where he accidentally swaps coats in a barber's shop with film actor Chuck Collins, setting off a train of events.",,Released,False,False,1957-11-25,66,0,0,0.6344,4.6,4,en,,tt0050677,/9gesEJNnSVtiVt9PAuQeJKjld1V.jpg,,"[{""id"": 80, ""name"": ""Crime""}, {""id"": 18, ""name"": ""Drama""}]","[{""id"": 5998, ""logo_path"": null, ""name"": ""Butcher's Film Service"", ""origin_country"": """"}]","[{""iso_3166_1"": ""GB"", ""name"": ""United Kingdom""}]","[{""english_name"": ""English"", ""iso_639_1"": ""en"", ""name"": ""English""}]","[""US"", ""GB""]",null
186610,Swearnet: The Movie,Swearnet: The Movie,"Fed up with being censored in their post-Trailer Park Boys lives, the out of work stars/world-renowned 'swearists', Mike Smith, Robb Wells and John Paul Tremblay decide to start their own uncensored network on the internet.",Because people f#@king swear.,Released,False,False,2014-08-29,112,0,0,0.907,5.2,49,en,https://www.swearnet.com/,tt2380564,/yxJGlfTUAEIy46M4T3EDks75P9S.jpg,/dr6m5UDbTdIU3dH9Ls3ruHfjiUk.jpg,"[{""id"": 35, ""name"": ""Comedy""}]","[{""id"": 8147, ""logo_path"": ""/q6HOAdSNgCbeOqwoMVRc6REgbXF.png"", ""name"": ""Entertainment One"", ""origin_country"": ""CA""}, {""id"": 122916, ""logo_path"": null, ""name"": ""Swearnet Pictures"", ""origin_country"": """"}]","[{""iso_3166_1"": ""CA"", ""name"": ""Canada""}]",[],"[""CA"", ""US""]",null
186611,Everything Went Down,Everything Went Down,"A young professor has become a shell of a person following the death of his wife. Crippled by a numbing grief, he's shut himself off from the world. At the same time, a young singer-songwriter has lost faith in the struggle to make a name for herself as a musician. Bogged down by the pressures of turning her art into commerce, she's lost sight of why she wanted to make music in the first place. This deeply moving film chronicles the budding friendship between the professor and the singer, as the energy and beauty of her music begins to bring him back to life, and the value of her music to this man reawakens her to the merits of making music.",,Released,False,False,2013-05-02,86,0,0,0.0004,5.5,4,en,,tt2300836,,,[],[],"[{""iso_3166_1"": ""US"", ""name"": ""United States of America""}]",[],"[""US""]",null
186612,Fortunes of War,Fortunes of War,"When Canadian diplomat Carl Pimmler sends his friend Peter Kernan and his wife Johanna  to deliver medicine to the deep jungles of Cambodia, but Peter gets more than he bargained for when the journey ends in a fight for survival. Peter must use his experience and knowledge of South East Asia to get them out of this dangerous mess.",,Released,False,False,1994-12-07,107,0,0,1.0388,3.3,3,en,,tt0106951,/a9c8qaASCWO3fMkxB6lG8O0ZBSb.jpg,,"[{""id"": 28, ""name"": ""Action""}, {""id"": 53, ""name"": ""Thriller""}]",[],[],"[{""english_name"": ""English"", ""iso_639_1"": ""en"", ""name"": ""English""}]","[""US""]",null
186614,Air Strike,Air Strike,"Tasked with training a group of untested new recruits, a no-nonsense Navy commander faces a host of challenges as he attempts to transform the greenhorns into a squadron of crackerjack jet pilots. Don Haggerty co-stars as the unit's second-in-command who clashes bitterly with the cocky young upstart of the team after the lad shows off with some reckless aerial acrobatics.",JET-HOT ACTION BLASTS THE SKIES!,Released,False,False,1955-05-06,67,0,0,0.8338,5.0,1,en,,tt0047805,/tDvrYuvAZ6abUtVje5SANS5bmHD.jpg,/3mqtxoMHilxH8ngg5QAdlanwE6f.jpg,"[{""id"": 10752, ""name"": ""War""}, {""id"": 18, ""name"": ""Drama""}]","[{""id"": 185905, ""logo_path"": null, ""name"": ""Cy Roth Productions Inc."", ""origin_country"": """"}]","[{""iso_3166_1"": ""US"", ""name"": ""United States of America""}]","[{""english_name"": ""English"", ""iso_639_1"": ""en"", ""name"": ""English""}]","[""US""]",null
186615,Stardust,Stardust,"A scientist finds his newest invention; a microchip that infuses inanimate objects with human qualities co-opted by the company he works for, which wants to capitalize on his findings. Knowing his creation can be used for evil purposes, he stashes it away, but his 11-year-old son, Charlie (Jared Robbins), finds it and implants it into a vacuum cleaner he calls Stardust. Will he manage to elude his dad's greedy bosses?",Prepare to be shocked into the adventure of a lifetime,Released,False,False,1998-01-01,97,0,0,0.5204,4.0,1,en,,tt0161988,/6l5YUeSFpK9kPq0VEBmjXqmvWlS.jpg,,"[{""id"": 18, ""name"": ""Drama""}, {""id"": 878, ""name"": ""Science Fiction""}, {""id"": 10751, ""name"": ""Family""}]","[{""id"": 35736, ""logo_path"": null, ""name"": ""Cireel Films Ltd."", ""origin_country"": """"}, {""id"": 35737, ""logo_path"": null, ""name"": ""Zone V Productions Ltd."", ""origin_country"": """"}]","[{""iso_3166_1"": ""US"", ""name"": ""United States of America""}]","[{""english_name"": ""English"", ""iso_639_1"": ""en"", ""name"": ""English""}]","[""US""]",null
186621,Entre rojas,Entre rojas,"Madrid, 1974. Former women's jail of Yeserias. Lucia, a girl well situated in society, is condemned to spend ten years in jail due to her relation with a politic militant against Franco's dictatorship. While being in prison she lives with every kind of woman: intelectuals, killers, illiterates, ... All of them must share food, living space, joys and pities; joined by the same fate, lack of freedom, they will have to fight together against desperation. Lucia is willing o live, to learn form that world the fate has given to her where, on the contrary to what she imagines, tenderness and laugh exist. And also the complicity and solidarity of some women living an experience which will mark them for ever.",,Released,False,False,1995-04-20,93,0,0,0.7218,4.1,8,en,,tt0109735,/sxOqsqy4lJCa8ayzUesy6QuF0pt.jpg,/hBoVjYW64OOSBw1WIzg1ESSoAWC.jpg,"[{""id"": 18, ""name"": ""Drama""}]",[],"[{""iso_3166_1"": ""ES"", ""name"": ""Spain""}]","[{""english_name"": ""Spanish"", ""iso_639_1"": ""es"", ""name"": ""Espa\u00f1ol""}]","[""US""]",null
186620,Antártida,Antártida,A rock star falls in love with a common pickpocket without any personal history. But soon she finds herself in a contraband of drugs and both try to escape it.,,Released,False,False,1995-09-08,106,0,0,0.3521,3.8,5,en,,tt0112380,/4outfivtI5FXgflythE85bPMLNI.jpg,,"[{""id"": 18, ""name"": ""Drama""}, {""id"": 53, ""name"": ""Thriller""}]",[],"[{""iso_3166_1"": ""ES"", ""name"": ""Spain""}]","[{""english_name"": ""Spanish"", ""iso_639_1"": ""es"", ""name"": ""Espa\u00f1ol""}]","[""US""]",null
186622,Women,Ainsi soient-elles,"Every Sunday, Mary, Alice and Joan, three long-time friends, find themselves at the pool to talk about their love affairs. Mary, who is a stockbroker, leads her love life with meetings. One night she is raped by Franck in a nightclub toilet. The young woman then discovers she is pregnant. Alice, a student dominated by an authoritarian father, she has difficult relationship with men. She meets a painter who wants to make her his model. Jeanne lives a dreary relationship with her husband and decides to work and earn a living through prostitution.",,Released,False,False,1995-01-25,106,0,0,0.9549,4.8,8,fr,,tt0112310,/ud7IhFWeyj1QB8QLljp2K73mNBL.jpg,/xadx0B4m98VAkYDoDQEq0Xg5g0A.jpg,"[{""id"": 18, ""name"": ""Drama""}, {""id"": 35, ""name"": ""Comedy""}]","[{""id"": 1115, ""logo_path"": ""/ntH7T5gsN6wtyrfHGHJDTuneQ7o.png"", ""name"": ""M6 Films"", ""origin_country"": ""FR""}, {""id"": 732, ""logo_path"": null, ""name"": ""Mate Producciones S.A."", ""origin_country"": """"}, {""id"": 1712, ""logo_path"": null, ""name"": ""Odessa Films"", ""origin_country"": ""FR""}, {""id"": 403, ""logo_path"": ""/h2nyRbglJy4d6TN6UDycqpdsLpr.png"", ""name"": ""Neue Bioskop Film"", ""origin_country"": ""DE""}]","[{""iso_3166_1"": ""FR"", ""name"": ""France""}, {""iso_3166_1"": ""ES"", ""name"": ""Spain""}]","[{""english_name"": ""French"", ""iso_639_1"": ""fr"", ""name"": ""Fran\u00e7ais""}]","[""FR""]",null
186623,El niño invisible,El niño invisible,A group of children find a magic stone that transports them to the XII century.,,Released,False,False,1995-12-15,80,0,507483,0.468,2.8,4,es,,tt0113989,/9miNKhe4tdaPaCEIWlxL4Mxy6KA.jpg,,"[{""id"": 12, ""name"": ""Adventure""}, {""id"": 14, ""name"": ""Fantasy""}, {""id"": 10402, ""name"": ""Music""}]","[{""id"": 9335, ""logo_path"": ""/ldfniRgxCYegCbGEROEBKbmg4A5.png"", ""name"": ""Canal+ Espa\u00f1a"", ""origin_country"": ""ES""}, {""id"": 72465, ""logo_path"": null, ""name"": ""Benjam\u00edn Producciones Cinematogr\u00e1ficas S.L."", ""origin_country"": """"}, {""id"": 2465, ""logo_path"": null, ""name"": ""Xaloc"", ""origin_country"": ""ES""}, {""id"": 11955, ""logo_path"": ""/ejsZYTo3EM5nAErdL2KNgK2bW4t.png"", ""name"": ""Sogepaq"", ""origin_country"": ""ES""}]","[{""iso_3166_1"": ""ES"", ""name"": ""Spain""}]","[{""english_name"": ""Spanish"", ""iso_639_1"": ""es"", ""name"": ""Espa\u00f1ol""}]","[""ES""]",null
186624,Samurai Saga,或る剣豪の生涯,"Edmund Rostand's play Cyrano de Bergerac, transplanted to Japan. A poet-warrior with an oversized nose (matched only by his great heart) loves a lady. But she sees him only as a friend, so he helps another man to woo her by giving him the poetry of his own heart.",,Released,False,False,1959-04-28,111,0,0,0.8032,6.8,18,ja,,tt0052579,/1NbRZbD7wW4fQuOqvuV42OZpVmh.jpg,/fYWg3VH0DkVbM3nq5AjPv1YQHDm.jpg,"[{""id"": 28, ""name"": ""Action""}, {""id"": 18, ""name"": ""Drama""}]","[{""id"": 882, ""logo_path"": ""/fRSWWjquvzcHjACbtF53utZFIll.png"", ""name"": ""TOHO"", ""origin_country"": ""JP""}]","[{""iso_3166_1"": ""JP"", ""name"": ""Japan""}]","[{""english_name"": ""Japanese"", ""iso_639_1"": ""ja"", ""name"": ""\u65e5\u672c\u8a9e""}]","[""JP""]",null
186625,Treasure is Where you Find It,Treasure is Where you Find It,"This is a true ""Indian Jones"" like tale that examines the hunt to save the forgotten arsenal of the Royal Nepalese Gurkha Army. The cache was stored in an ancient palace called Lagan Silekhana since 1839. This film takes you inside the 30 year quest to save more than 50,000 antique firearms. The material includes over 150 Napoleonic Era Bronze cannons, P-1796 Brown Bess Muskets, P-1871 Martini-Henry Rifles, countless edged weapons, and so much more. This film is a must for Collectors of any sort, after all it appeals to the treasure hunter in us all! (The film format is NTSE, meaning European DVD players must have NTSE technology, but it will play perfectly on all North American DVD players and computers).",,Released,False,False,2007-01-01,60,0,0,0.0,0.0,0,en,,,,,"[{""id"": 99, ""name"": ""Documentary""}]",[],[],"[{""english_name"": ""English"", ""iso_639_1"": ""en"", ""name"": ""English""}]","[""US""]",null
186626,The Bielski Brothers,The Bielski Brothers,"The Bielskis were the only Jewish family in their tiny village of Stankevich, and while Jews in Belorussia were persecuted under tsarist rule, the family managed to maintain a successful mill. In June 1941, when Nazi Germany invaded its former ally the Soviet Union, conditions for Jews worsened immediately. Jewish ghettos were established in the nearby cities of Novogrudek and Lida, which early in the war were the sites of several mass killings of Jews. Nazis combed the countryside, and the Bielski parents and two siblings were taken to their deaths.",,Released,False,False,1994-03-11,50,0,0,0.0,4.2,2,en,,tt0829109,,,"[{""id"": 99, ""name"": ""Documentary""}]","[{""id"": 14096, ""logo_path"": null, ""name"": ""Soma Films Ltd."", ""origin_country"": """"}]",[],[],"[""US""]",null
186629,The Prophet,Il Profeta,"In this comedy, a guru’s groupie plans to seduce him so she can number him among her many conquests.",,Released,False,False,1968-02-15,93,0,0,1.2315,5.3,19,it,,tt0063464,/6jPsvsAziCgOVQF4h27532VaIcm.jpg,/xb8QO9QIFjY3bcsdn8q9jJgPXQp.jpg,"[{""id"": 35, ""name"": ""Comedy""}]","[{""id"": 1399, ""logo_path"": null, ""name"": ""Fair Film"", ""origin_country"": ""IT""}]","[{""iso_3166_1"": ""IT"", ""name"": ""Italy""}]","[{""english_name"": ""Italian"", ""iso_639_1"": ""it"", ""name"": ""Italiano""}]","[""IT""]",null
186632,Dismissed on His Wedding Night,Sissignore,"A businessman is nicknamed ""L'avvocato"" and his driver, Oscar, is a yes-man. When L'avvocato has a crash while driving his car, Oscar is put in jail in his place. When Oscar gets out, he finds himself married to the beautiful Maria, but he can't even touch her: she is l'avvocato's lover. Afterwards Oscar is appointed manager, but he can't manage a dime. At the end he shall find himself again in jail, hoping that his ""sissignore"" (yessir) will let him have, sometime, a driver to send to prison in his place.  —",,Released,False,False,1968-11-14,105,0,0,0.8802,5.4,9,it,,tt0173203,/zzs68Ng7N5pPjfU7zimKYAnwToy.jpg,/httNPWeiba3y8XivEZ6sPW54lH3.jpg,"[{""id"": 35, ""name"": ""Comedy""}]","[{""id"": 1399, ""logo_path"": null, ""name"": ""Fair Film"", ""origin_country"": ""IT""}]","[{""iso_3166_1"": ""IT"", ""name"": ""Italy""}]","[{""english_name"": ""Italian"", ""iso_639_1"": ""it"", ""name"": ""Italiano""}]","[""IT""]",null
186627,Daily Lives of High School Boys,男子高校生の日常,"At an all boys high school, Tadakuni, Yoshitake and Hidenori are close friends and think usually all day about girls. Their high school then co-hosts a school festival with an all girls high school.",,Released,False,False,2013-10-12,85,0,0,0.082,5.0,10,ja,,tt2851298,/tWUPngH8v0khKRssPYQTzHYd1U1.jpg,/qqCRQzMuY8kwNnN8mFgWuoxIp8C.jpg,"[{""id"": 35, ""name"": ""Comedy""}, {""id"": 10749, ""name"": ""Romance""}]","[{""id"": 27718, ""logo_path"": ""/xrxoUde9wwgQkX3NvnAWWIDv7Sk.png"", ""name"": ""DUB"", ""origin_country"": ""JP""}]","[{""iso_3166_1"": ""JP"", ""name"": ""Japan""}]","[{""english_name"": ""Japanese"", ""iso_639_1"": ""ja"", ""name"": ""\u65e5\u672c\u8a9e""}]","[""JP""]",null
186630,Il gaucho,Il gaucho,An italian film producer travels to Argentina with part of the crew to a Film Festival contest.,,Released,False,False,1964-09-18,107,0,0,0.4952,6.7,31,it,,tt0134668,/luFE7CDreEhLmi4EADHTGGnrzoj.jpg,/8KeS3FUpzZlHxn3IYqYcxqFXri9.jpg,"[{""id"": 35, ""name"": ""Comedy""}]","[{""id"": 14097, ""logo_path"": null, ""name"": ""Clemente Lococo"", ""origin_country"": ""AR""}, {""id"": 1399, ""logo_path"": null, ""name"": ""Fair Film"", ""origin_country"": ""IT""}, {""id"": 641, ""logo_path"": ""/w8flpSJntsxVCMkIU1qeg1kJcJh.png"", ""name"": ""Titanus"", ""origin_country"": ""IT""}]","[{""iso_3166_1"": ""IT"", ""name"": ""Italy""}, {""iso_3166_1"": ""AR"", ""name"": ""Argentina""}]","[{""english_name"": ""Spanish"", ""iso_639_1"": ""es"", ""name"": ""Espa\u00f1ol""}, {""english_name"": ""Italian"", ""iso_639_1"": ""it"", ""name"": ""Italiano""}]","[""IT""]",null
186635,Panthers Eat the Rich,Las panteras se comen a los ricos,"In order to access a more important position in the company, Don José, a wealthy bachelor, must get rid of his lover. To try to achieve this, he must get her romantically entangled with his friend Vicente.",,Released,False,False,1969-01-01,83,0,0,0.7883,0.0,0,es,,tt0064786,/hKDuLiG5WjuzYRWQCJbHey8SNZ6.jpg,,"[{""id"": 35, ""name"": ""Comedy""}]","[{""id"": 10453, ""logo_path"": null, ""name"": ""Atl\u00e1ntida Films"", ""origin_country"": ""ES""}]","[{""iso_3166_1"": ""ES"", ""name"": ""Spain""}]","[{""english_name"": ""Spanish"", ""iso_639_1"": ""es"", ""name"": ""Espa\u00f1ol""}]","[""ES""]",null
186634,Kung Fu Rascals,Kung Fu Rascals,"In the tradition of Bruce Lee, Jackie Chan and the Three Stooges comes this wildly funny action comedy from director Steve Wang. When chased by mutated monsters, crafty ninjas and a 300 foot tall stone god, the bumbling heroes battle against the powers of darkness in search of ""The Power Most Big"".",,Released,False,False,1992-01-01,101,0,0,0.174,0.0,0,en,,tt0148388,/b453XHOYdokTXPOwXnfUZI87BMl.jpg,,"[{""id"": 35, ""name"": ""Comedy""}, {""id"": 28, ""name"": ""Action""}]","[{""id"": 3865, ""logo_path"": null, ""name"": ""York Pictures Corporation"", ""origin_country"": ""US""}, {""id"": 60949, ""logo_path"": null, ""name"": ""Hero Communications"", ""origin_country"": ""JP""}]","[{""iso_3166_1"": ""US"", ""name"": ""United States of America""}]","[{""english_name"": ""English"", ""iso_639_1"": ""en"", ""name"": ""English""}]","[""US""]",null
186636,Don't Tell Me,Non me lo dire,,,Released,False,False,2012-03-14,0,0,0,0.2338,5.0,8,it,,tt2323619,/4TstaiRpibLs4FrIrZPrtKU0ui0.jpg,/iCFYHnwG3EUujUiGgulmlzCxzgf.jpg,"[{""id"": 35, ""name"": ""Comedy""}]","[{""id"": 14099, ""logo_path"": null, ""name"": ""Idea Comunicazione e Spettacolo"", ""origin_country"": """"}, {""id"": 104800, ""logo_path"": ""/dQcywJCmWry749huSdi3jQbP5i.png"", ""name"": ""Apulia Film Commission"", ""origin_country"": ""IT""}]","[{""iso_3166_1"": ""IT"", ""name"": ""Italy""}]","[{""english_name"": ""Italian"", ""iso_639_1"": ""it"", ""name"": ""Italiano""}]","[""IT""]",null
186637,Kreator: Enemy Of God Revisited,Kreator: Enemy Of God Revisited,Filmed Live at Wacken Open Air 2005  Intro  Enemy Of God  Impossible Brutality  Pleasure To Kill  Phobia  Violent Revolution  Suicide Terrorist  Extreme Aggression  People Of The Lie  Voices Of The Dead  Terrible Certanity  Betrayer  Flag Of Hate  Tormentor,,Released,False,False,2006-10-27,100,0,0,0.1383,0.0,0,en,,,/j7WrFgsrWXsMOtptE68uh68LADQ.jpg,,"[{""id"": 10402, ""name"": ""Music""}]",[],[],[],"[""US""]",null
186639,Forbidden Woman,Forbidden Woman,An up-and-coming attorney reaches a pivotal point in his life and career when he falls in love with the wife of his boss.,,Released,False,False,2013-02-14,90,2,0,0.2479,1.0,2,en,,tt2324544,,,"[{""id"": 18, ""name"": ""Drama""}]","[{""id"": 41671, ""logo_path"": null, ""name"": ""New Kingdom Pictures"", ""origin_country"": """"}]","[{""iso_3166_1"": ""US"", ""name"": ""United States of America""}]",[],"[""US""]",null
186643,Anthrax: Live Noize,Anthrax: Live Noize,"Released: July 28, 1992 Label: PolyGram Formats: VHS, DVD",,Released,False,False,1992-07-27,0,0,0,0.2139,0.0,0,en,,tt7797802,/ocQ2L26s9fZcvKyPekOW7zl9mo8.jpg,/lRThdgl2kyjdxnkLb0Yh7dzwWIF.jpg,[],[],[],[],"[""US""]",null
186646,Eagles Are Turning People Into Horses,Eagles Are Turning People Into Horses,"Lyle, sick of his girlfriend's annoying laugh, wants to end their relationship. Too scared to do it honestly, he enacts a scheme to convince her that they must break up because he is at the center of an epic battle between man, beast and fowl. Unfortunately, it all goes according to plan in this epic comedy filled to the brim with twists and turns.",,Released,False,False,2011-01-24,15,0,0,0.4945,0.0,0,en,http://www.youtube.com/watch?v=c1-Oep9uNwM,tt1541723,,,"[{""id"": 35, ""name"": ""Comedy""}]","[{""id"": 92810, ""logo_path"": null, ""name"": ""BriTANicK"", ""origin_country"": ""US""}]","[{""iso_3166_1"": ""US"", ""name"": ""United States of America""}]","[{""english_name"": ""English"", ""iso_639_1"": ""en"", ""name"": ""English""}]","[""US""]",null
186648,Thirteen Worms,十三條蟲,"After being beaten in a chess game by The Saint of Chess, the 13 Worms agree to grant the chess master's daring request to rescue a captive Princess.",,Released,False,False,1970-01-08,93,0,0,0.7235,0.0,0,zh,,tt1244619,/dKkA5ZIL6h30Uv1i3AKXXO9mbzE.jpg,,"[{""id"": 28, ""name"": ""Action""}]","[{""id"": 14101, ""logo_path"": null, ""name"": ""Hwa Kuo Movie Studio Ltd."", ""origin_country"": ""TW""}]","[{""iso_3166_1"": ""TW"", ""name"": ""Taiwan""}]","[{""english_name"": ""Mandarin"", ""iso_639_1"": ""zh"", ""name"": ""\u666e\u901a\u8bdd""}]","[""TW""]",null
186655,The Grand Passion,烈火,Polly Kuan and her brother (Pai Ying) are safeguarding a list of rebels from the villainous Jin dynasty.,,Released,False,False,1970-01-01,0,0,0,1.2309,5.5,2,zh,,tt0187087,/q0AiCPg2zNwaLjxuDwzgMK1oCg6.jpg,/dxqPi1IkbmuI7TAQg2k2SXL9voE.jpg,"[{""id"": 28, ""name"": ""Action""}, {""id"": 12, ""name"": ""Adventure""}]","[{""id"": 14102, ""logo_path"": null, ""name"": ""Union Film Company"", ""origin_country"": ""TW""}]","[{""iso_3166_1"": ""TW"", ""name"": ""Taiwan""}]","[{""english_name"": ""Mandarin"", ""iso_639_1"": ""zh"", ""name"": ""\u666e\u901a\u8bdd""}]","[""TW""]",null
186660,Le 15/8,Le 15/8,"Mid-August in Paris (the title is a date: August 15) in a sunny, quiet apartment a young woman talks, thinks, reflects about herself, everyday life and little events in a long, uninterrupted monologue. The camera pictures her and her gestures in long, fixed shots moving around the rooms, the space, the light and shadows of a summer day.",,Released,False,False,1973-08-15,43,0,0,0.0671,5.2,8,fr,,tt0069664,/neb8swmkpKIkE5iESkhAEAU81DV.jpg,/g3zXO67JZgf3HI65v1wIBRsGoRi.jpg,"[{""id"": 99, ""name"": ""Documentary""}, {""id"": 18, ""name"": ""Drama""}]","[{""id"": 10645, ""logo_path"": null, ""name"": ""Paradise Films"", ""origin_country"": ""BE""}]","[{""iso_3166_1"": ""BE"", ""name"": ""Belgium""}, {""iso_3166_1"": ""FR"", ""name"": ""France""}]","[{""english_name"": ""English"", ""iso_639_1"": ""en"", ""name"": ""English""}]","[""BE"", ""FR""]",null
186659,The Bravest Revenge,武林龍虎鬥,"Polly's father is murdered, and it's up to her, her brothers, and the ""Sword King"" (Roc Tien Ping) to avenge him.",,Released,False,False,1970-01-01,91,0,0,0.7821,6.0,0,zh,,tt1361599,/cSXvEjbp3CGIu9l6U4zSbEEB20E.jpg,/ghxR0hNoHMHrcCQwwdZYjWUFpjV.jpg,"[{""id"": 28, ""name"": ""Action""}, {""id"": 36, ""name"": ""History""}]","[{""id"": 14102, ""logo_path"": null, ""name"": ""Union Film Company"", ""origin_country"": ""TW""}]","[{""iso_3166_1"": ""TW"", ""name"": ""Taiwan""}]","[{""english_name"": ""Mandarin"", ""iso_639_1"": ""zh"", ""name"": ""\u666e\u901a\u8bdd""}]","[""TW""]","{""id"": 1584743, ""name"": ""Swordsman of All Swordsmen Trilogy"", ""poster_path"": null, ""backdrop_path"": null}"
186657,Cum to live,Cum to live,"Two strangers, a young a man and woman, are stranded in an isolated house in the French Alps during a snowstorm. As they bond and lie to each other about their pasts, their sexual desires become intense. One problem soon becomes evident as they tear the house apart looking for a condom. Will he succumb to the carnal desires of this young nymph? A crazy, fun thriller with lots of quirky French humor! It's not Porn...it's French. Bone Appetite!",The first fun thriller about safe sex,Released,False,False,2001-02-08,82,0,0,0.0168,4.6,5,en,,tt0276886,/sSmrhYSlROWvgenv5IC3985ATEy.jpg,,"[{""id"": 35, ""name"": ""Comedy""}, {""id"": 53, ""name"": ""Thriller""}]","[{""id"": 14103, ""logo_path"": null, ""name"": ""Mystuff"", ""origin_country"": """"}]","[{""iso_3166_1"": ""FR"", ""name"": ""France""}]","[{""english_name"": ""English"", ""iso_639_1"": ""en"", ""name"": ""English""}, {""english_name"": ""French"", ""iso_639_1"": ""fr"", ""name"": ""Fran\u00e7ais""}]","[""US""]",null
186662,Love in Time,等我愛你,"The lives of two Hong Kong room-mates with an ice cream truck change when an attractive cousin from Taiwan moves in.  Cho is a slacker who spends his day selling ice cream with his best friend/roommate Beer. Even though his ice cream truck business is failing, he still has a roof over his head because his apartment belongs to his uncle. When his cousin Tina decides to return to Hong Kong, Cho and Beer are forced to share their home with her, creating an antagonistic relationship between the three. However, Cho and Tina begin to bond over time, though they won't admit to having feelings for each other. When Tina's charismatic boss Machi enters the picture, Cho realizes that he may already be too late.",,Released,False,False,2012-11-21,104,0,0,0.9859,6.7,3,cn,http://loveintimemovie.com/,tt3376596,/8CGNZfaQYW8xOLRHwfKM32mltQX.jpg,/Ak6T24eiBmSbvkDARd5efrrgPA0.jpg,"[{""id"": 10749, ""name"": ""Romance""}, {""id"": 35, ""name"": ""Comedy""}]",[],"[{""iso_3166_1"": ""HK"", ""name"": ""Hong Kong""}]","[{""english_name"": ""Cantonese"", ""iso_639_1"": ""cn"", ""name"": ""\u5e7f\u5dde\u8bdd / \u5ee3\u5dde\u8a71""}, {""english_name"": ""English"", ""iso_639_1"": ""en"", ""name"": ""English""}]","[""HK""]",null
186666,Duel with Devil,鬼見愁決鬧鬼見愁,This early Taiwanese Wuxia film is a classic genre tale of a revenge-seeking swordswoman (Cheung Ching-ching).,,Released,False,False,1970-11-19,95,0,0,0.5708,5.5,2,zh,,tt1342398,/9MN4M8JtKW1PP8sD56mRPwRTIRx.jpg,/g21UsLfinDU2cmpu4QbhpaCRddE.jpg,"[{""id"": 12, ""name"": ""Adventure""}, {""id"": 28, ""name"": ""Action""}]","[{""id"": 37614, ""logo_path"": null, ""name"": ""Filmline Enterprises"", ""origin_country"": ""HK""}]","[{""iso_3166_1"": ""TW"", ""name"": ""Taiwan""}]","[{""english_name"": ""Mandarin"", ""iso_639_1"": ""zh"", ""name"": ""\u666e\u901a\u8bdd""}, {""english_name"": ""Italian"", ""iso_639_1"": ""it"", ""name"": ""Italiano""}]","[""TW""]",null
186669,The Hammer,Le Marteau,The hammer is the tool a sculptor uses to chip away at the block. It is the emblematic tool of French artist Jean-Luc Vilmouth. Akerman here instigates a game of musical chairs. The winner is then permitted to hurl the hammer out into the starry night.,"Four minutes long, a commission, the hammer flies. A film on an artist.",Released,False,False,1986-01-01,4,0,0,0.0398,6.0,2,fr,,tt0091489,/eUR1BKcA0TRWYaVEc8xOfYTinmz.jpg,/7V8nTzEejCA9ha6JeRjl93ETZkO.jpg,"[{""id"": 18, ""name"": ""Drama""}]",[],"[{""iso_3166_1"": ""FR"", ""name"": ""France""}]","[{""english_name"": ""French"", ""iso_639_1"": ""fr"", ""name"": ""Fran\u00e7ais""}]","[""FR""]",null
186670,Vengeance of Snow-Maid,雪嶺劍女,"Snow Maid spends years practicing kung fu under the guidance of Ugly Maid in the mountains. All she has on her mind in these years is to avenge her mother’s death. Nevertheless, after she bids farewell to her master and leaves the mountains, she unexpectedly falls in love with her enemy’s son. As they both conceal their true identities and misunderstanding keeps accumulating, how will this romance end?",,Released,False,False,1970-03-06,87,0,0,0.617,0.0,0,zh,,tt1164665,/9t5j1ZaJgKE07vI35CyUmB6iBIg.jpg,,"[{""id"": 28, ""name"": ""Action""}, {""id"": 12, ""name"": ""Adventure""}]","[{""id"": 80821, ""logo_path"": null, ""name"": ""Chinese Oversea Film Co."", ""origin_country"": """"}]","[{""iso_3166_1"": ""TW"", ""name"": ""Taiwan""}]","[{""english_name"": ""Mandarin"", ""iso_639_1"": ""zh"", ""name"": ""\u666e\u901a\u8bdd""}]","[""TW""]",null
186671,The Darkest Sword,Hei jian gui jing tian,"An evil student (Yee Yuen) cripples his old master and steals the dark sword that is just made. The old master tells him that his dark sword will be defeated by a golden sword. Yee Yuen begins to challenge all the swordsmen of the Feng school and kills all of them including their master, Kong Ban earlier was forced to leave the school and now has to find the Golden Sword in Order to take revenge and defeat the evil Dark Sword.",,Released,False,False,1970-01-01,97,0,0,0.4151,5.0,1,zh,,tt1931444,/fRYk9VBM2oAXhwRez8KJCMBI3kv.jpg,/mep0nKAosbSQr9IfZ0SW2Uy2J1M.jpg,"[{""id"": 28, ""name"": ""Action""}, {""id"": 12, ""name"": ""Adventure""}]",[],"[{""iso_3166_1"": ""TW"", ""name"": ""Taiwan""}]","[{""english_name"": ""Mandarin"", ""iso_639_1"": ""zh"", ""name"": ""\u666e\u901a\u8bdd""}]","[""TW""]",null
186676,Rhapsody: The Frozen Tour Of Angels,Rhapsody: The Frozen Tour Of Angels,"Rhapsody filmed live on The Frozen Tour Of Angels, released on DVD.",,Released,False,False,,0,0,0,0.0,0.0,0,en,,,,,[],[],[],[],"[""US""]",null
186525,Rich Man,何日金再來,A triad gangster is sent to prison and there he meets a millionaire who takes him under his wing. When back out he is showered with wealth. There is one problem--he doesn't fit in with his old friends nor his new rich acquaintances.,,Released,False,False,1992-10-15,79,0,0,2.1926,0.0,0,cn,,tt0105255,/v3WO8Znw6E51qg6qLBq01otCZ07.jpg,,[],[],[],"[{""english_name"": ""Cantonese"", ""iso_639_1"": ""cn"", ""name"": ""\u5e7f\u5dde\u8bdd / \u5ee3\u5dde\u8a71""}]","[""HK""]",null
186677,Rhapsody: Wacken 2011,Rhapsody: Wacken 2011,Rhapsody live at Wacken 2011.,,Released,False,False,2011-09-03,0,0,0,0.0071,0.0,0,en,,,,,"[{""id"": 10402, ""name"": ""Music""}]",[],[],[],"[""US""]",null
186678,Children of Bodom: [2011] Wacken Open Air,Children of Bodom: [2011] Wacken Open Air,1. Not My Funeral  2. Bodom Beach Terror  3. Shovel Knockout  4. Roundtrip to Hell and Back  5. In Your Face  6. Living Dead Beat  7. Children of Bodom  8. Hate Me!  9. Blooddrunk  10. Angels Don't Kill  11. Follow the Reaper  12. Downfall  Encore:  13. Are You Dead Yet?  14. Hate Crew Deathroll,,Released,False,False,2011-08-04,53,0,0,0.0,4.0,2,en,,,/nDTnefohAd8yv4iQHSb9Ucme44x.jpg,,"[{""id"": 10402, ""name"": ""Music""}]",[],[],[],"[""US""]",null
186683,Amici ahrarara,Amici ahrarara,"Two penniless cousins have a common passion: to be inventors, but they never managed to make money out of their patents. Their only hope is represented by their hateful and rich uncle.",,Released,False,False,2001-03-16,95,0,0,0.4055,5.2,16,it,,tt0267259,/4UhNTMhniGIGnuRFa51zL9qPqt4.jpg,/jLHlVg41lID5rPp1yBOiP2KUrPQ.jpg,"[{""id"": 35, ""name"": ""Comedy""}]","[{""id"": 4753, ""logo_path"": ""/v596rkvfJX3K6Ypgd4KHkzOhQrs.png"", ""name"": ""Filmauro"", ""origin_country"": ""IT""}]","[{""iso_3166_1"": ""IT"", ""name"": ""Italy""}]","[{""english_name"": ""Italian"", ""iso_639_1"": ""it"", ""name"": ""Italiano""}]","[""IT""]",null
186679,Learning to Fly: The World Champion Chicago Bulls Rise to Glory,Learning to Fly: The World Champion Chicago Bulls Rise to Glory,"Celebrate the Chicago Bulls’ first NBA Championship with this incredible 6-disc DVD collector’s set. Relive the historic 1991 NBA Finals showdown against the Los Angeles Lakers with all 5 games, each in its entirety and original broadcast format. Also included is an action-packed Championship Season recap with memorable highlights and revealing behind-the-scenes footage. Experience the heart-pounding action again and again!",,Released,False,False,1991-07-25,53,0,0,0.398,0.0,0,en,http://www.magnapacific.com.au/index.php?option=com_jmovies&Itemid=9&task=detail&id=3209,,/lmIGZ5U8mWJIGm3hrbJM6RqRHS7.jpg,,"[{""id"": 99, ""name"": ""Documentary""}]",[],[],[],"[""US""]",null
186687,Sorrowful to a Ghost,鬼見愁,"As Meng, master of Patience School prepares to announce his successor, a rival swordsman named Dare Devil kills him. Although their skills are no match, the school’s students vow to get revenge.",,Released,False,False,1970-06-11,90,0,0,0.2882,7.5,2,zh,,tt0165228,/ndogKjSdo5Zo1jEQJsU3ElzyugU.jpg,,"[{""id"": 28, ""name"": ""Action""}, {""id"": 18, ""name"": ""Drama""}, {""id"": 14, ""name"": ""Fantasy""}]","[{""id"": 4534, ""logo_path"": null, ""name"": ""Hong Hwa Motion Picture (H.K) Co."", ""origin_country"": """"}, {""id"": 14102, ""logo_path"": null, ""name"": ""Union Film Company"", ""origin_country"": ""TW""}]","[{""iso_3166_1"": ""TW"", ""name"": ""Taiwan""}]","[{""english_name"": ""Mandarin"", ""iso_639_1"": ""zh"", ""name"": ""\u666e\u901a\u8bdd""}]","[""TW""]",null
186682,The Outsider,The Outsider,"Ira Hayes, a young Pima Indian, enlists in the Marine Corps. At boot camp, he is shunned and mocked by everyone, aside from a Marine named Sorenson, who he befriends. They happen to be two of the six marines captured in the famous photograph of Marines raising the U.S. flag on Suribachi during the battle of Iwo Jima, but Sorenson is killed soon after.  Although he is hailed as a hero, Ira's life begins to spiral out of control after the war.",His most electrifying role!,Released,False,False,1961-12-27,108,0,0,1.134,6.5,9,en,,tt0055270,/9BDUF1q45iuggEkfByniae6wZVD.jpg,/3g8JmyuKC1lyXgrQRTfRbXtzwOo.jpg,"[{""id"": 18, ""name"": ""Drama""}, {""id"": 10752, ""name"": ""War""}]","[{""id"": 10330, ""logo_path"": ""/vevakirICdmHxRPeZUdbjFqcFLM.png"", ""name"": ""Universal International Pictures"", ""origin_country"": ""US""}]","[{""iso_3166_1"": ""US"", ""name"": ""United States of America""}]","[{""english_name"": ""English"", ""iso_639_1"": ""en"", ""name"": ""English""}]","[""US""]",null
186689,The Man Who Was Afraid of Falling,The Man Who Was Afraid of Falling,Ivor's life is turned upside down after a falling plant pot sparks a series of paranoid reactions.,,Released,False,False,2011-05-31,5,0,0,0.0143,6.5,9,en,,tt2140563,/izCbS2og0ahNL5OebiSJ6r16HR3.jpg,/uO8Ou1B6DQB6bjgehpMaFcKgbs.jpg,"[{""id"": 16, ""name"": ""Animation""}, {""id"": 35, ""name"": ""Comedy""}]","[{""id"": 177496, ""logo_path"": null, ""name"": ""Newport Film School"", ""origin_country"": """"}]","[{""iso_3166_1"": ""GB"", ""name"": ""United Kingdom""}]","[{""english_name"": ""No Language"", ""iso_639_1"": ""xx"", ""name"": ""No Language""}]","[""GB""]",null
186685,Boulevard des assassins,Boulevard des assassins,"After a messy divorce, a struggling writer takes a holiday on the French Riviera, where he decides to investigate a series of mysterious incidents.",,Released,False,False,1982-03-29,105,0,0,0.9376,5.8,6,fr,,tt0083684,/nqePOOM8ydSKKZM3ZFpcV86CVgR.jpg,/3GDVBKHRnvS6MWKA2U9eXMdEfKK.jpg,"[{""id"": 80, ""name"": ""Crime""}, {""id"": 18, ""name"": ""Drama""}, {""id"": 9648, ""name"": ""Mystery""}]","[{""id"": 11244, ""logo_path"": ""/gCHH1xt3dKjlm9NuMPF9ekpPWD6.png"", ""name"": ""France 3"", ""origin_country"": ""FR""}]","[{""iso_3166_1"": ""FR"", ""name"": ""France""}]","[{""english_name"": ""French"", ""iso_639_1"": ""fr"", ""name"": ""Fran\u00e7ais""}]","[""FR""]",null
186691,Women in the Wind,Women in the Wind,A famous aviator helps an amateur enter a cross-country air race for women.,THESE ARE THE WOMEN NO MAN DARES LOVE! They search for thrills other women fear!,Released,False,False,1939-04-15,63,0,0,1.5391,6.8,4,en,,tt0032142,/xcZ3wRz1D5bOZMwgGSFvxP4PwHf.jpg,/ymTz4JEWBZoDzVUFUOTgAcARBP9.jpg,"[{""id"": 12, ""name"": ""Adventure""}]","[{""id"": 174, ""logo_path"": ""/zhD3hhtKB5qyv7ZeL4uLpNxgMVU.png"", ""name"": ""Warner Bros. Pictures"", ""origin_country"": ""US""}]","[{""iso_3166_1"": ""US"", ""name"": ""United States of America""}]","[{""english_name"": ""English"", ""iso_639_1"": ""en"", ""name"": ""English""}]","[""US""]",null
186693,Every Man for Himself,綽頭王,"Sha Yung (Wang Sha) and Shuang La (Lin Hui-huang), a sly duo with some kung fu skills, make their living through clever schemes. After accumulating a sum of money through less-than-honest means, they venture into the “consultancy” business, which proves to be a thriving enterprise.  Their path crosses with Ah Ying (Yang Tsing-tsing), who disguises herself as a man. Upon learning that she is being pursued by her widowed stepmother, Hua (Lo Wan-yin), and Hua’s lover, who conspired to harm Ying’s father, Sha Yung and Shuang La extend their sympathy. Hua employs a professional assassin to attack Ying’s hideout . The two resourceful con-artists assist Yang to resist the assault. Eventually, they capture Hua and her partner in crime, setting the stage for a reckoning with justice.",,Released,False,False,1980-10-31,106,0,0,1.5724,0.0,0,cn,,tt1233465,/jMG2Vtztk31FcJMa3K8ylCnLaw4.jpg,/eqZ6g02QsJcf9im0oLM6rDyXCy8.jpg,[],"[{""id"": 5798, ""logo_path"": ""/tmuI9BGXgpWLmokhlxpnG3IGNQB.png"", ""name"": ""Shaw Brothers"", ""origin_country"": ""HK""}]","[{""iso_3166_1"": ""HK"", ""name"": ""Hong Kong""}]","[{""english_name"": ""Cantonese"", ""iso_639_1"": ""cn"", ""name"": ""\u5e7f\u5dde\u8bdd / \u5ee3\u5dde\u8a71""}]","[""HK""]",null
186695,Rendezvous with Death,請帖,"Sun Chung had been recognized as an expert comedy and crime thriller director, but he was to gain even greater acclaim for his soulful, powerful, intelligent, and beautifully-made martial arts epics. This stands alongside The Deadly Breaking Sword and The Kung-fu Instructor as one of his very best. It’s not so much the plot – a master swordsman protects a treasure chest on a dangerous journey – that makes this great, but what Sun does with it, inspiring the cast and crew to some of their finest work.",,Released,False,False,1980-10-17,98,0,0,1.4853,7.0,8,zh,,tt0080529,/vMkCxmtDpbTLXAFOmISyoHP9pdz.jpg,/5UMBbhNWp3h7DzZsw1Xz4HETbWp.jpg,"[{""id"": 28, ""name"": ""Action""}]","[{""id"": 5798, ""logo_path"": ""/tmuI9BGXgpWLmokhlxpnG3IGNQB.png"", ""name"": ""Shaw Brothers"", ""origin_country"": ""HK""}]","[{""iso_3166_1"": ""HK"", ""name"": ""Hong Kong""}]","[{""english_name"": ""Mandarin"", ""iso_639_1"": ""zh"", ""name"": ""\u666e\u901a\u8bdd""}]","[""HK""]",null
186696,Camp Virginovich,Camp Virginovich,"Two helpless high school geeks travel to Russia the summer before their senior year in hopes of losing their virginity at a summer camp that ""guarantees"" they'll get laid.",How far would you go to lose your virginity?,Released,False,False,2012-02-21,0,0,0,0.2903,2.0,2,en,http://www.campvirginovich.com,tt1581844,/4gx61xDqniT3fPlIDN4MxzPzGpo.jpg,,"[{""id"": 12, ""name"": ""Adventure""}, {""id"": 35, ""name"": ""Comedy""}, {""id"": 14, ""name"": ""Fantasy""}, {""id"": 10749, ""name"": ""Romance""}]",[],[],"[{""english_name"": ""Russian"", ""iso_639_1"": ""ru"", ""name"": ""P\u0443\u0441\u0441\u043a\u0438\u0439""}, {""english_name"": ""English"", ""iso_639_1"": ""en"", ""name"": ""English""}]","[""US""]",null
186697,Annychka,Анничка,"In the dark days of Nazi occupation, a young Hutsul girl native to the Carpathian mountains falls in love with a wounded Soviet partisan. Their affair sets in motion a tragic chain of events, as her family turns against her with shocking results.",,Released,False,False,1969-05-27,89,0,0,0.414,5.1,7,uk,,tt0312363,/fHjdqLkup8P9js2LJD2HrdXop5p.jpg,/2EQTNZyr5aDAPfHqienZpKDrT97.jpg,"[{""id"": 18, ""name"": ""Drama""}]","[{""id"": 4581, ""logo_path"": ""/p858ADU9O67a7ageVEjsk18jqak.png"", ""name"": ""Dovzhenko Film Studios"", ""origin_country"": ""SU""}]","[{""iso_3166_1"": ""SU"", ""name"": ""Soviet Union""}]","[{""english_name"": ""Ukrainian"", ""iso_639_1"": ""uk"", ""name"": ""\u0423\u043a\u0440\u0430\u0457\u043d\u0441\u044c\u043a\u0438\u0439""}]","[""SU""]",null
186698,"27, rue de la Paix","27, rue de la Paix","A young woman wishing to divorce, promises money to her husband's ex-mistress to obtain her testimony on her behalf. But the same evening, the corpse of the young woman is found in the Seine. Everything seems to confirm the husband's guilt, however a journalist disappears with the evidence.",,Released,False,False,1936-11-11,100,0,0,0.5632,5.0,3,fr,,tt0203276,/8iO7f0uPMgpOtT38CVeKqNdQgfk.jpg,,"[{""id"": 80, ""name"": ""Crime""}]",[],"[{""iso_3166_1"": ""FR"", ""name"": ""France""}]","[{""english_name"": ""French"", ""iso_639_1"": ""fr"", ""name"": ""Fran\u00e7ais""}]","[""FR""]",null
186699,Disco Bumpkins,摩登土佬,"The film is about Fen, who hangs out with four total losers who are in ""Macho Man"" tank tops and what happens. Ching Li plays Selina, who is a commercial director who hires him.",,Released,False,False,1980-02-15,90,0,0,0.5748,4.8,6,cn,,tt0923794,/2Wbi6u8r7FeRJV6LwlH39PWZQvT.jpg,,"[{""id"": 35, ""name"": ""Comedy""}, {""id"": 10402, ""name"": ""Music""}]","[{""id"": 5798, ""logo_path"": ""/tmuI9BGXgpWLmokhlxpnG3IGNQB.png"", ""name"": ""Shaw Brothers"", ""origin_country"": ""HK""}]","[{""iso_3166_1"": ""HK"", ""name"": ""Hong Kong""}]","[{""english_name"": ""Mandarin"", ""iso_639_1"": ""zh"", ""name"": ""\u666e\u901a\u8bdd""}]","[""HK""]",null
186700,Das total verrückte Wochenende,Das total verrückte Wochenende,"Hannah and her husband, the insurance agent Reinhard Petzold, initially lead a quiet life in Swabia. However, when daughter Lina goes to Berlin for a weekend and Hannah and Reinhard secretly follow her, this throws the orderly family life into disarray. In Berlin, the couple stumbles from one chaos to the next...",,Released,False,False,2009-03-30,89,0,0,0.352,5.0,3,de,,tt1305761,/7Po1SgC4zjYw0Cc7RNZPlVevbJq.jpg,,"[{""id"": 35, ""name"": ""Comedy""}, {""id"": 10751, ""name"": ""Family""}]","[{""id"": 1478, ""logo_path"": ""/plHEkpGkULYqiLRpYsUak8uYmhU.png"", ""name"": ""Sat.1"", ""origin_country"": ""DE""}]","[{""iso_3166_1"": ""DE"", ""name"": ""Germany""}]","[{""english_name"": ""German"", ""iso_639_1"": ""de"", ""name"": ""Deutsch""}]","[""DE""]",null
186701,Linked,Esposados,"Antonio and Concha, a couple who are constantly fighting about money, win the Christmas Lottery first prize. Concha, who is very bossy, starts making decisions about how they're going to spend it. But Antonio is fed up with her, he just wants to go to Brazil, lay in the sun, and never see her again. So he starts to plan how to get rid of her...",,Released,False,False,1996-11-16,24,0,0,0.5437,5.0,4,es,,tt0116233,/cd3POjxUrh8KI52OumjJquE4Vym.jpg,/vZr44WnLCEFHfBBMsIRax8gMl8V.jpg,"[{""id"": 18, ""name"": ""Drama""}, {""id"": 35, ""name"": ""Comedy""}, {""id"": 53, ""name"": ""Thriller""}]","[{""id"": 10036, ""logo_path"": ""/s3sG7MOBWboc5jHvBdGisWez9pJ.png"", ""name"": ""La Mirada Producciones"", ""origin_country"": ""ES""}, {""id"": 77746, ""logo_path"": null, ""name"": ""Zodiac Films"", ""origin_country"": """"}, {""id"": 217707, ""logo_path"": null, ""name"": ""Papi Productions"", ""origin_country"": """"}]","[{""iso_3166_1"": ""ES"", ""name"": ""Spain""}]","[{""english_name"": ""Spanish"", ""iso_639_1"": ""es"", ""name"": ""Espa\u00f1ol""}]","[""ES""]",null
186703,Emperor Chien Lung and the Beauty,乾隆皇與三姑娘,"The year is 1756 and the Emperor journeys to Soochow, where he encounters a famous courtesan and gets involved with in all sorts of un-emperor-like activities.",,Released,False,False,1980-03-01,100,0,0,1.6623,7.0,2,zh,,tt0080682,/ppe6x26V1R4ocT0Gyja7Htyyh2.jpg,/nowPiBp3XB8XOK1YmP3napsL0MZ.jpg,"[{""id"": 18, ""name"": ""Drama""}, {""id"": 35, ""name"": ""Comedy""}]","[{""id"": 5798, ""logo_path"": ""/tmuI9BGXgpWLmokhlxpnG3IGNQB.png"", ""name"": ""Shaw Brothers"", ""origin_country"": ""HK""}]","[{""iso_3166_1"": ""HK"", ""name"": ""Hong Kong""}]","[{""english_name"": ""Mandarin"", ""iso_639_1"": ""zh"", ""name"": ""\u666e\u901a\u8bdd""}]","[""HK""]","{""id"": 839593, ""name"": ""\u90b5\u6c0f\u4e7e\u9686\uff08\u7cfb\u5217\uff09"", ""poster_path"": ""/9qO5Krm7JcHHnxBh9dSpIu6FyM5.jpg"", ""backdrop_path"": ""/zQ3IuxZVzUZux0C2wQ4VTpcvSnH.jpg""}"
186705,"Love, etc.","Love, etc.","A triangle: love, obsession, and choice. Pierre, a ladies' man who has little cash and no fixed residence, describes his best friend Benoît as the world's oldest 32-year-old. The shy, well-employed Benoît's life changes when he answers the personal ad of Marie, a 25-year-old who restores paintings. He's attracted to her and she likes his steady calm and his honest attention. They're soon a couple, and they include Pierre in their dinners, outings, and trips. What will happen when Pierre realizes that he too is in love with Marie?",,Released,False,False,1996-11-27,105,0,0,0.698,5.444,18,fr,,tt0116932,/nTeN63kPWnFYTVZNs1s0TR35oCL.jpg,/1xOjLunn21mXbBmp7eKN7jXDwMY.jpg,"[{""id"": 18, ""name"": ""Drama""}, {""id"": 10749, ""name"": ""Romance""}]","[{""id"": 8799, ""logo_path"": null, ""name"": ""Alic\u00e9l\u00e9o"", ""origin_country"": ""FR""}, {""id"": 591, ""logo_path"": ""/q5I5RDwMEiqoNmfaJgd2LraEOJY.png"", ""name"": ""France 3 Cin\u00e9ma"", ""origin_country"": ""FR""}, {""id"": 694, ""logo_path"": ""/5LEHONGkZBIoWvp1ygHOF8iyi1M.png"", ""name"": ""StudioCanal"", ""origin_country"": ""FR""}]","[{""iso_3166_1"": ""FR"", ""name"": ""France""}]","[{""english_name"": ""French"", ""iso_639_1"": ""fr"", ""name"": ""Fran\u00e7ais""}]","[""FR""]",null
186702,Show-Business at War,Show-Business at War,A multi-studio effort to show the newsreel audience the progress of the Hollywood war effort.,,Released,False,False,1943-05-21,17,0,0,1.6929,7.0,3,en,,tt0036351,/bUmtQnpHqBKmIdPLgb2GCzuNW5i.jpg,/6QrmVxmjSfwWD17xRzg86Ve0Mnu.jpg,"[{""id"": 99, ""name"": ""Documentary""}]","[{""id"": 80371, ""logo_path"": null, ""name"": ""The March of Time"", ""origin_country"": """"}]","[{""iso_3166_1"": ""US"", ""name"": ""United States of America""}]","[{""english_name"": ""English"", ""iso_639_1"": ""en"", ""name"": ""English""}]","[""US""]",null
186709,Alma gitana,Alma gitana,A young man who wants to become a professional dancer falls in love with a gypsy girl and gets in conflict with her totally different cultural background. But love can overcome these differences..,,Released,False,False,1996-02-02,95,0,0,0.4862,4.8,5,es,,tt0115519,/rOAOWjSZxHvJ5lFxOSoLcW4Z44Q.jpg,,"[{""id"": 18, ""name"": ""Drama""}, {""id"": 10749, ""name"": ""Romance""}]",[],"[{""iso_3166_1"": ""ES"", ""name"": ""Spain""}]","[{""english_name"": ""Spanish"", ""iso_639_1"": ""es"", ""name"": ""Espa\u00f1ol""}]","[""ES""]",null
186712,The Mad Monk,佛跳牆,Li's The Mad Monk consists of four stories that see the roaming monk save a mother and daughter from the brink of death and a young man from the hands of unscrupulous debtors. Ji Gong also deals mischievous justice on robbers and corrupt officials.,,Released,False,False,1977-01-01,100,0,0,1.4036,7.0,0,cn,,tt0076346,/t8ma94jE7uoLgSDFIyH1bPXnVli.jpg,,"[{""id"": 35, ""name"": ""Comedy""}]","[{""id"": 5798, ""logo_path"": ""/tmuI9BGXgpWLmokhlxpnG3IGNQB.png"", ""name"": ""Shaw Brothers"", ""origin_country"": ""HK""}]","[{""iso_3166_1"": ""HK"", ""name"": ""Hong Kong""}]","[{""english_name"": ""Cantonese"", ""iso_639_1"": ""cn"", ""name"": ""\u5e7f\u5dde\u8bdd / \u5ee3\u5dde\u8a71""}]","[""HK""]",null
186713,Una papa sin catsup,Una papa sin catsup,"Gloria's grandmother is kidnapped by ""La greñas"", a gang leader, and is forced to impersonate her to save her grandmother's life.",,Released,False,False,1995-07-06,95,0,0,0.3167,5.8,33,es,,tt0229632,/bNRjrvvlyzHUCqVlYHWUAkJgAWa.jpg,/64tpsDyQ6JN53XfVdqIcXPiaC1Q.jpg,"[{""id"": 10402, ""name"": ""Music""}, {""id"": 28, ""name"": ""Action""}, {""id"": 35, ""name"": ""Comedy""}]","[{""id"": 8165, ""logo_path"": null, ""name"": ""Televicine"", ""origin_country"": ""MX""}]","[{""iso_3166_1"": ""MX"", ""name"": ""Mexico""}]","[{""english_name"": ""Spanish"", ""iso_639_1"": ""es"", ""name"": ""Espa\u00f1ol""}]","[""MX""]",null
186714,Like a Bolt of Lightning,Como un relámpago,"Miguel Hermoso's Like Lightning offers a fresh take on a familiar scenario, the teenaged boy searching for his unknown father. Pablo is a typical teen, with a fondness for football and sneaking beers with his buddies. He enjoys a comfortable upper-middle class life with his mother (Assumpta Serna), a successful lawyer and former feminist rabble-rouser, but has a gaping hole at the core of his identity: he has no idea who his father is. Preoccupied with the question to the point of obsession, he sets out in search of answers, and finds himself on a trail that leads to the Canary Islands.",,Released,False,False,1996-11-04,105,0,0,0.4187,5.7,6,es,,tt0115930,/dZLZVyA067f1I03jjU6TdBJv232.jpg,,"[{""id"": 18, ""name"": ""Drama""}]","[{""id"": 72991, ""logo_path"": null, ""name"": ""Los Films del Tango"", ""origin_country"": """"}, {""id"": 9335, ""logo_path"": ""/ldfniRgxCYegCbGEROEBKbmg4A5.png"", ""name"": ""Canal+ Espa\u00f1a"", ""origin_country"": ""ES""}, {""id"": 981, ""logo_path"": ""/pkrdO9ykplO4Zc8edikoSX5APUN.png"", ""name"": ""TVE"", ""origin_country"": ""ES""}, {""id"": 7868, ""logo_path"": null, ""name"": ""Central de Producciones Audiovisuales S.L."", ""origin_country"": """"}]","[{""iso_3166_1"": ""ES"", ""name"": ""Spain""}]","[{""english_name"": ""Spanish"", ""iso_639_1"": ""es"", ""name"": ""Espa\u00f1ol""}]","[""ES""]",null
186715,L'affaire Kergalen,L'affaire Kergalen,"After the discovery of the bodies of two women raped and murdered, Lieutenant Sarlat, is assigned to the case. During your research you will find a family linked to black magic, and two gypsy women, Ana and her mother Marina, without having any connection that may be the key to the whole mystery. Sarlat will be responsible for discovering the connection between a serial murderer, and this dark and complex family.",,Released,False,False,2001-03-02,90,0,0,0.5003,1.0,2,fr,,tt0259172,/lgfwpxtq5iqz18vw8Q5KRmO09R1.jpg,/e9qMYjtMUw3ovBW4cAirDAJGdFy.jpg,"[{""id"": 18, ""name"": ""Drama""}, {""id"": 80, ""name"": ""Crime""}]",[],"[{""iso_3166_1"": ""FR"", ""name"": ""France""}]","[{""english_name"": ""French"", ""iso_639_1"": ""fr"", ""name"": ""Fran\u00e7ais""}]","[""FR""]",null
186716,Amores que matan,Amores que matan,"Consuelo is a bored housewife. Her husband is away on business in Berlin, and her only company would be a mysterious neighbor, a science professor who spends a lot of time gardening (?) One fine morning, Consuelo is compelled to find an excuse to speak with her neighbor. She asks him for some sugar, and then starts discussing gardening. During the rest of the film we find out what may be below the well-manicured flowers, and what secrets involving everyone, these may conceal.",,Released,False,False,1996-02-02,90,0,0,0.3366,10.0,1,en,,tt0112353,,,[],[],[],[],"[""US""]",null
186719,Namie Amuro 5 Major Domes Tour 2012 ~20th Anniversary Best~,Namie Amuro 5 Major Domes Tour 2012 ~20th Anniversary Best~,"For her 20th anniversary concert tour, Namie Amuro visited the five major dome venues across Japan for a total of eight special concerts. Fans voted for this concert's 30 track set list which included songs that dated back to her solo debut as well her time with the SuperMonkeys. Complete setlist: Body Feels Exit, How to be a Girl, Hot Girls, Naked, Sit! Stay! Wait! Down!, Get Myself Back, Girl Talk, New Look, Go Round, In the Spotlight (TOKYO), Fight Together, You're my sunshine, Don't wanna cry, Respect the Power of Love, Never End, A Walk in the Park, Sweet 19 Blues, Love Story, Damage, Break It, Yeah-Oh, Chase the Chance, Let's Go, Try Me ~ Watashi wo Shinjite, Taiyou no Season, Aishite Muscat, Baby Don't Cry, Can You Celebrate?, Only You and Say the Word.",,Released,False,False,2013-02-27,142,0,0,0.152,8.0,2,ja,http://namieamuro.jp/,,/13p6i4uJ3oVtOVF4KO5ETv9nqrj.jpg,/fEUvHXpIlYl93doB4iil8iORkEc.jpg,"[{""id"": 10402, ""name"": ""Music""}]",[],"[{""iso_3166_1"": ""JP"", ""name"": ""Japan""}]","[{""english_name"": ""Japanese"", ""iso_639_1"": ""ja"", ""name"": ""\u65e5\u672c\u8a9e""}]","[""JP""]",null
186717,The Stud and the Nympho,怨婦·淫娃·瘋殺手,"The stud may be sued for divorce by his wife and cheated on by his mistress, but the nympho may be in even more trouble if she trusts someone who is actually a murderous lunatic.",,Released,False,False,1980-04-04,99,0,0,1.6674,2.5,4,cn,,tt0292377,/mvc0AyVFss2OB5pYgS8VV1zVwZk.jpg,/demIYVBzqTpac7ApUKv5wXR8Q27.jpg,"[{""id"": 18, ""name"": ""Drama""}, {""id"": 35, ""name"": ""Comedy""}]","[{""id"": 109363, ""logo_path"": null, ""name"": ""Golden Film (Lui Chi) Company"", ""origin_country"": """"}]","[{""iso_3166_1"": ""HK"", ""name"": ""Hong Kong""}]","[{""english_name"": ""Cantonese"", ""iso_639_1"": ""cn"", ""name"": ""\u5e7f\u5dde\u8bdd / \u5ee3\u5dde\u8a71""}]","[""HK""]",null
186720,The Train Rolls On,Le Train en marche,"This half-hour documentary by Chris Marker explores Aleksandr Medvedkin’s 1930s “Cine-Train,” a mobile film studio equipped with cameras, editing rooms, animation stations, and a laboratory. Traveling across the Soviet countryside, the train’s crew documented agricultural and industrial life—from Ukrainian harvests to southern steelworks—while living and working in cramped shared quarters.",,Released,False,False,1971-11-01,32,0,0,0.6121,6.3,7,fr,,tt0067874,/1fKBzuPOcM8lAuV6dcwEjVMkWUY.jpg,,"[{""id"": 99, ""name"": ""Documentary""}]","[{""id"": 70639, ""logo_path"": null, ""name"": ""Societe pour le Lancement des Oeuvres Nouvelles (SLON)"", ""origin_country"": ""FR""}]","[{""iso_3166_1"": ""FR"", ""name"": ""France""}]","[{""english_name"": ""French"", ""iso_639_1"": ""fr"", ""name"": ""Fran\u00e7ais""}]","[""FR""]",null
186724,Pelo suelto,Pelo suelto,"Pelo Suelo follows Gloria Trevi, an aspiring singer who works in a Monterrey bar, performing her own compositions, and dreams of going to the capital to start a professional career. After a rather awkward encounter with a famous singer, Gloria finally decides to leave the bar where she has worked for so many years to seek her fortune in the capital. On the way to her destination, on a motorcycle trip, Gloria will be accompanied by Ricky, a boy who escaped from a kidnapping carried out by a gang that will not stop chasing the boy until he returns the stolen diskette, which contains information on the modus operandi of your organization. Meanwhile, in the city, a producer in crisis argues with his star singer and decides to look for new talent for the record company. After receiving an amateur recording of Gloria sent to him by the bar owner, the producer won't stop until he finds her.",,Released,False,False,1991-12-20,100,0,0,0.1662,6.1,21,es,,tt0229644,/gcC5hGvWnUvbqEXGTKY3GUUi8jV.jpg,/94diQ2Vb6Hdz0Kns1uBiqhxPHaa.jpg,"[{""id"": 10402, ""name"": ""Music""}, {""id"": 35, ""name"": ""Comedy""}, {""id"": 18, ""name"": ""Drama""}]",[],"[{""iso_3166_1"": ""MX"", ""name"": ""Mexico""}]","[{""english_name"": ""Spanish"", ""iso_639_1"": ""es"", ""name"": ""Espa\u00f1ol""}]","[""MX""]",null
186723,Haunted Tales,碟仙,"Newlyweds Mr. and Mrs. Chow have landed themselves a beautiful yet remote home at Forever Garden, but Mrs. Chow is exceedingly worried about strange happenings on the grounds. Lowly building superintendent Ah Shing discovers children playing a Ouija-like game with a saucer in an empty apartment.",,Released,False,False,1980-04-19,99,0,0,2.0112,4.6,7,zh,,tt0080845,/ec1BfmKHOIxh9gTIpRwhI9Z4C2f.jpg,/egOcHlOZXEmyWmFNoVX6ufawUnX.jpg,"[{""id"": 53, ""name"": ""Thriller""}, {""id"": 27, ""name"": ""Horror""}]","[{""id"": 5798, ""logo_path"": ""/tmuI9BGXgpWLmokhlxpnG3IGNQB.png"", ""name"": ""Shaw Brothers"", ""origin_country"": ""HK""}]","[{""iso_3166_1"": ""HK"", ""name"": ""Hong Kong""}]","[{""english_name"": ""Cantonese"", ""iso_639_1"": ""cn"", ""name"": ""\u5e7f\u5dde\u8bdd / \u5ee3\u5dde\u8a71""}]","[""HK""]",null
186721,Zapatos viejos,Zapatos viejos,"Young Gloria is abused by the Vitorina, hospice caretaker hosting it. She forces her to perform the heaviest tasks. Gloria is only happy in music class. When she grows decides to escape, and now she lives on the street with another girl, both singing in the trucks and try to survive.",,Released,False,False,1993-02-12,90,0,0,0.1977,6.2,25,es,,tt0229865,/b9qzo67b9mUIclYEJ38IqoQPnri.jpg,/wSyihctr9Uz9Gt3XvDe47Idp1F1.jpg,"[{""id"": 35, ""name"": ""Comedy""}, {""id"": 18, ""name"": ""Drama""}, {""id"": 10402, ""name"": ""Music""}]",[],"[{""iso_3166_1"": ""MX"", ""name"": ""Mexico""}]","[{""english_name"": ""Spanish"", ""iso_639_1"": ""es"", ""name"": ""Espa\u00f1ol""}]","[""MX""]",null
186727,Young Outcasts,醒目仔,shaw production,,Released,False,False,1980-08-03,0,0,0,0.6304,0.0,0,cn,,tt1562478,,,[],"[{""id"": 5798, ""logo_path"": ""/tmuI9BGXgpWLmokhlxpnG3IGNQB.png"", ""name"": ""Shaw Brothers"", ""origin_country"": ""HK""}]","[{""iso_3166_1"": ""HK"", ""name"": ""Hong Kong""}]",[],"[""HK""]",null
186726,Stefan Och Krister - Buskiskungarnas Bästa,Stefan Och Krister - Buskiskungarnas Bästa,,,Released,False,False,2011-10-26,0,0,0,0.0492,4.5,1,sv,,,/edu68ewCixAA2AqBef6oKiFeO46.jpg,,[],[],[],[],"[""SE""]",null
186730,"Cuba: Battle of the 10,000,000",La bataille des dix millions,"Documentary about economic development in Cuba, particularly the effort to boost output of sugar cane. This film is made from a compilation of newsreel footage from the Cuban film institute and from Santiago Alvarez's film Despegue a las 18.00 (Departure 18:00).",,Released,False,False,1971-01-01,58,0,0,0.614,6.5,2,fr,,tt0065453,/ovSXaAfZnqj3KqYqFrzNx0SPs5I.jpg,/4K2cILNHLSPw8k68ceWtzYVrmuD.jpg,"[{""id"": 99, ""name"": ""Documentary""}]","[{""id"": 5175, ""logo_path"": ""/sEc4VmMYh1G09ySm8ThZ5S3gcUS.png"", ""name"": ""ICAIC"", ""origin_country"": ""CU""}]","[{""iso_3166_1"": ""CU"", ""name"": ""Cuba""}, {""iso_3166_1"": ""FR"", ""name"": ""France""}]","[{""english_name"": ""French"", ""iso_639_1"": ""fr"", ""name"": ""Fran\u00e7ais""}, {""english_name"": ""Spanish"", ""iso_639_1"": ""es"", ""name"": ""Espa\u00f1ol""}]","[""FR""]",null
186729,Attila Marcel,Attila Marcel,"Paul is a sweet man-child, raised — and smothered — by his two eccentric aunts in Paris since the death of his parents when he was a toddler. Now thirty-three, he still does not speak. Paul's aunts have only one dream for him: to win piano competitions. Although Paul practices dutifully, he remains unfulfilled until he submits to the interventions of his upstairs neighbour. Suitably named after the novelist, Madame Proust offers Paul a concoction that unlocks repressed memories from his childhood and awakens the most delightful of fantasies.",,Released,False,False,2013-11-06,106,0,0,0.7898,6.8,68,fr,,tt2474438,/eU61s3yRn7zFKof1sDrS018d2vs.jpg,/eXYrO4nvvC0atKfAGCeRKzIS9Jn.jpg,"[{""id"": 35, ""name"": ""Comedy""}, {""id"": 18, ""name"": ""Drama""}]","[{""id"": 7627, ""logo_path"": null, ""name"": ""Eurowide Film Production"", ""origin_country"": ""FR""}, {""id"": 7981, ""logo_path"": ""/6Yv1gIAuGkHS5Vis4UjnqHhCPWV.png"", ""name"": ""Path\u00e9"", ""origin_country"": ""FR""}]","[{""iso_3166_1"": ""FR"", ""name"": ""France""}]","[{""english_name"": ""French"", ""iso_639_1"": ""fr"", ""name"": ""Fran\u00e7ais""}]","[""FR""]",null
186732,The Women Men Marry,The Women Men Marry,A newsman with a no-good wife exposes a religious racket with a newswoman who loves him.,Exposé of a brand new racket!,Released,False,False,1937-09-10,61,0,0,1.0947,5.5,1,en,,tt0029793,/peFGseZkkiFCucIRfc7OHrLlnWd.jpg,,"[{""id"": 18, ""name"": ""Drama""}, {""id"": 80, ""name"": ""Crime""}]","[{""id"": 21, ""logo_path"": ""/usUnaYV6hQnlVAXP6r4HwrlLFPG.png"", ""name"": ""Metro-Goldwyn-Mayer"", ""origin_country"": ""US""}]","[{""iso_3166_1"": ""US"", ""name"": ""United States of America""}]","[{""english_name"": ""English"", ""iso_639_1"": ""en"", ""name"": ""English""}]","[""US""]",null
186734,Documentário,Documentário,"Two young men decide to go to the cinema. However, since their tastes are very strict, they end up in a quarrel.",,Released,False,False,1966-01-01,11,0,0,0.1002,8.0,7,pt,,tt0144874,/llX697CZ4WtyN9Y7vkYPLSO9bx7.jpg,/61JlUJIYEU9IWHiPfkXyd4klu1r.jpg,"[{""id"": 35, ""name"": ""Comedy""}]","[{""id"": 107882, ""logo_path"": ""/b2WGUyLfT3YOOmvqfJRqaLkxpJh.png"", ""name"": ""Merc\u00fario Produ\u00e7\u00f5es"", ""origin_country"": ""BR""}]","[{""iso_3166_1"": ""BR"", ""name"": ""Brazil""}]","[{""english_name"": ""Portuguese"", ""iso_639_1"": ""pt"", ""name"": ""Portugu\u00eas""}]","[""BR""]",null
186737,Girls Dead Monster starring LiSA Tour 2010- Keep The Angel Beats!,Girls Dead Monster starring LiSA Tour 2010- Keep The Angel Beats!,"A national concert tour featuring LiSA titled ""Girls Dead Monster starring LiSA Tour 2010: Keep The Angel Beats!"" was held across Japan August 3 and September 2, 2010; all of the venues ultimately sold out.  A BD/DVD video album box set titled Girls Dead Monster starring LiSA Tour 2010 Final: Keep The Angel Beats! of the tour's final performance was released on June 1, 2011 by Key Sounds Label bearing the catalog numbers KSLV-0001–0003.  The last concert of Girls Dead Monster was held on December 27, 2010 at an event called ""Girls Dead Monster Last Live: Final Operation"" featuring Marina and LiSA at the Tokyo International Forum.",Keep The Beats!,Released,False,False,2011-06-11,157,0,0,0.1371,6.8,3,ja,http://key.visualarts.gr.jp/lisatour/index.html,,/kGvQuQOq86nHYcpoGb1KNdIbGfa.jpg,,"[{""id"": 10402, ""name"": ""Music""}]","[{""id"": 1393, ""logo_path"": ""/lUACMATs6jcscXIrzNCQzbvNVN5.png"", ""name"": ""TBS"", ""origin_country"": ""JP""}, {""id"": 246743, ""logo_path"": null, ""name"": ""Key Sounds Label"", ""origin_country"": ""JP""}, {""id"": 79196, ""logo_path"": ""/NYY3Hbo8AfoI0lTKnGlMp4ffAP.png"", ""name"": ""Visual Arts"", ""origin_country"": ""JP""}, {""id"": 5807, ""logo_path"": ""/47XpInC1W5huoXUUUMB635X98V2.png"", ""name"": ""VISUAL ARTS/Key"", ""origin_country"": ""JP""}]","[{""iso_3166_1"": ""JP"", ""name"": ""Japan""}]","[{""english_name"": ""Japanese"", ""iso_639_1"": ""ja"", ""name"": ""\u65e5\u672c\u8a9e""}]","[""JP""]",null
186740,Landgang für Ringo,Landgang für Ringo,"Marine Ringo deserts in Hamburg when he finds his girlfriend with rival Eggers. Squatting with friend Yusuf, he uncovers Eggers’s shady land deals.",,Released,False,False,1996-10-02,89,0,0,0.3647,5.0,1,de,,tt0116818,,/uUtLN4L1WnmSBSqmnaNuzg9QUPP.jpg,"[{""id"": 18, ""name"": ""Drama""}, {""id"": 80, ""name"": ""Crime""}, {""id"": 10770, ""name"": ""TV Movie""}]","[{""id"": 7201, ""logo_path"": ""/ljV8ZT3CIYCEIEDlTyBliXJVCZr.png"", ""name"": ""NDR"", ""origin_country"": ""DE""}, {""id"": 680, ""logo_path"": ""/2GQ81QeLGGR9qnYhqGuDoYdsPw4.png"", ""name"": ""Studio Hamburg Filmproduktion"", ""origin_country"": ""DE""}]","[{""iso_3166_1"": ""DE"", ""name"": ""Germany""}]","[{""english_name"": ""German"", ""iso_639_1"": ""de"", ""name"": ""Deutsch""}]","[""DE""]",null
186735,"No Way, Spider","Sem Essa, Aranha","Spider, a banker, lives with three women. This tycoon is a caricature of Brazil's bourgeoisie, his trajectory is the starting point for an essay on the mental underdevelopment of Brazilian elites, in which black humor sets the tone for sharp criticism.",A cosmik odissey in amerika,Released,False,False,1970-04-09,92,0,0,0.3525,5.9,14,pt,,tt0260354,/2Nym9dXRG5m7x9hWHeWYwuZ85HC.jpg,/6i8XBJx192wFojZkn2QaWqgE1Wq.jpg,"[{""id"": 35, ""name"": ""Comedy""}]","[{""id"": 37722, ""logo_path"": null, ""name"": ""Belair Filmes"", ""origin_country"": ""BR""}]","[{""iso_3166_1"": ""BR"", ""name"": ""Brazil""}]","[{""english_name"": ""English"", ""iso_639_1"": ""en"", ""name"": ""English""}, {""english_name"": ""Portuguese"", ""iso_639_1"": ""pt"", ""name"": ""Portugu\u00eas""}]","[""BR""]",null
186738,The Red Light Bandit,O Bandido da Luz Vermelha,"Born and raised in the misery of Brazilian slums, Jorge becomes a luxury house burglar in São Paulo and gets nicknamed ""The Red Light Bandit"" by the sensationalist press. In addition to wearing a red flashlight, he talks to his hostages in an irreverent tone and makes bold breakthroughs to later spend the money extravagantly. His world is the decadent neighbourhood of Boca do Lixo.",A third world western,Released,False,False,1968-12-02,92,0,0,0.5236,7.6,67,pt,,tt0144782,/49CQCiWXs3mnFSJmAxVTTYOMQjh.jpg,/xNlM02ePeIyMRKtmngqeptkivIC.jpg,"[{""id"": 53, ""name"": ""Thriller""}, {""id"": 80, ""name"": ""Crime""}]","[{""id"": 146922, ""logo_path"": null, ""name"": ""Urano Filmes"", ""origin_country"": """"}]","[{""iso_3166_1"": ""BR"", ""name"": ""Brazil""}]","[{""english_name"": ""Portuguese"", ""iso_639_1"": ""pt"", ""name"": ""Portugu\u00eas""}]","[""BR""]","{""id"": 1307543, ""name"": ""O Bandido Da Luz Vermelha - Cole\u00e7\u00e3o"", ""poster_path"": ""/eXqdUblDjbzPIIwOFFNUbGMOFwy.jpg"", ""backdrop_path"": null}"
186741,Schattenboxer,Schattenboxer,"Eddi is just back in town after his imprisonment. He plans to free his African jail comrade Timpe, because the latter will get no asylum in Germany and probably be killed when sent to his country. When freeing Timpe at the airport, Eddi and his comrades find out that the police officers are smuggling drugs when escorting those who get no asylum back to their countries. Eddi decides to take advantage of the situation.",,Released,False,False,1992-10-31,77,0,0,0.45,0.0,0,en,,tt0105325,,,"[{""id"": 18, ""name"": ""Drama""}, {""id"": 53, ""name"": ""Thriller""}]","[{""id"": 204, ""logo_path"": null, ""name"": ""W\u00fcste Filmproduktion"", ""origin_country"": ""DE""}, {""id"": 7201, ""logo_path"": ""/ljV8ZT3CIYCEIEDlTyBliXJVCZr.png"", ""name"": ""NDR"", ""origin_country"": ""DE""}]","[{""iso_3166_1"": ""DE"", ""name"": ""Germany""}]","[{""english_name"": ""German"", ""iso_639_1"": ""de"", ""name"": ""Deutsch""}]","[""US""]",null
186744,Harry and Harriet,Eine Frau namens Harry,"A quiet, offbeat German dramedy about self-reinvention and the messy ways we try to escape ourselves. When a middle-aged woman decides to shed her old life and adopt the name “Harry,” her transformation unsettles family, friends, and lovers who can’t quite keep up. Blurring gender identity, midlife crisis, and dark humour, the film plays like a bittersweet character study — deadpan, gently absurd, and tinged with melancholy.",,Released,False,False,1990-07-18,92,0,0,1.0034,4.2,10,de,,tt0099613,/2mtCwKI9GsUxDZlygHE9qXveYiN.jpg,/agyiyZBKd9yEr1pJ1UKWLv68u0V.jpg,"[{""id"": 35, ""name"": ""Comedy""}]","[{""id"": 81480, ""logo_path"": null, ""name"": ""K.S. Film"", ""origin_country"": """"}, {""id"": 101, ""logo_path"": ""/raOrnuBuBXLhQTnwmiEjyg5d4kQ.png"", ""name"": ""Roxy Film"", ""origin_country"": ""DE""}, {""id"": 7348, ""logo_path"": null, ""name"": ""Monaco Film"", ""origin_country"": ""DE""}, {""id"": 10437, ""logo_path"": null, ""name"": ""Lisa Film"", ""origin_country"": ""DE""}]","[{""iso_3166_1"": ""DE"", ""name"": ""Germany""}]","[{""english_name"": ""German"", ""iso_639_1"": ""de"", ""name"": ""Deutsch""}]","[""DE""]",null
186743,Vampire Boys 2: The New Brood,Vampire Boys 2: The New Brood,"The vampires are back in town but this time there’s a new brood.  Chisel-jawed Jon Euler steams up the screen as brood leader Jasin in this hot sequel to the wildly popular original. This time his vengeful ex-lover Demetrius (ripped dreamboat Rob Hoflund) is out to get Jasin and brings along his coven to boot.  Jasin and Caleb’s eternal love is put to the test when Jasin’s jilted lover Demetrius returns to get this revenge. Demetrius plots to destroy Jasin by creating an army of vampires — unwilling victims recruited from the local boxing gym. Tara, reeling from her own rejection by Jasin, is eventually compelled by Demetrius to join him in his quest.",Love Conquers All Things,Released,False,False,2013-01-29,75,20000,0,0.3933,2.7,25,en,,tt2378567,/e6XGaSXregKKPrSodFOAB0YX74.jpg,/jBk2UOmtuzdZJIo34Iplgi5pXfM.jpg,"[{""id"": 27, ""name"": ""Horror""}]","[{""id"": 18004, ""logo_path"": null, ""name"": ""Lime Street Entertainment"", ""origin_country"": """"}, {""id"": 6765, ""logo_path"": null, ""name"": ""Sterling Entertainment"", ""origin_country"": ""US""}]","[{""iso_3166_1"": ""US"", ""name"": ""United States of America""}]","[{""english_name"": ""English"", ""iso_639_1"": ""en"", ""name"": ""English""}]","[""US""]","{""id"": 256746, ""name"": ""Vampire Boys Collection"", ""poster_path"": ""/kbTTgenqwz8IrKih4VZ5i1s6rri.jpg"", ""backdrop_path"": null}"
186747,Ek Thi Daayan,एक थी डायन,A popular magician seeks help from a psychiatrist to protect him from a witch that has haunted him since childhood.,Everything Comes Full Circle,Released,False,False,2013-04-18,135,3500000,6500000,1.2157,5.043,35,hi,,tt2406676,/i0GKZCeNJD7VHk3pCtWTVvZ8lEz.jpg,/3T6YaU7GdaK3ke8IX5mpYeBiLBI.jpg,"[{""id"": 27, ""name"": ""Horror""}, {""id"": 10749, ""name"": ""Romance""}, {""id"": 53, ""name"": ""Thriller""}]","[{""id"": 13678, ""logo_path"": null, ""name"": ""Vishal Bhardwaj Pictures"", ""origin_country"": ""IN""}, {""id"": 3750, ""logo_path"": ""/4YRT7sNsvvULDZclOcJkvNpDGOb.png"", ""name"": ""Balaji Motion Pictures"", ""origin_country"": ""IN""}, {""id"": 5567, ""logo_path"": null, ""name"": ""Cult Movies"", ""origin_country"": """"}]","[{""iso_3166_1"": ""IN"", ""name"": ""India""}]","[{""english_name"": ""Hindi"", ""iso_639_1"": ""hi"", ""name"": ""\u0939\u093f\u0928\u094d\u0926\u0940""}]","[""IN""]",null
186745,Rape of Love,L'Amour violé,"Nicole, nurse in Grenoble, is raped one night by four men. Deeply scarred, emotionally and physically, she thinks she will never recover from the trauma. Following a friend's advice, she decides to file a lawsuit.",,Released,False,False,1978-01-10,115,0,0,3.1872,5.5,23,fr,,tt0074141,/qVGL9xgGCzXtRwexUTmpz7z1MVg.jpg,/xGJT18qN8lzELAnHRyfoe1vLTiI.jpg,"[{""id"": 18, ""name"": ""Drama""}]","[{""id"": 102083, ""logo_path"": null, ""name"": ""Les Films du Dragon"", ""origin_country"": """"}, {""id"": 6274, ""logo_path"": ""/ngZoa368SAnERTz3IBvgTT4eWeB.png"", ""name"": ""MK2 Films"", ""origin_country"": ""FR""}]","[{""iso_3166_1"": ""BE"", ""name"": ""Belgium""}, {""iso_3166_1"": ""FR"", ""name"": ""France""}]","[{""english_name"": ""French"", ""iso_639_1"": ""fr"", ""name"": ""Fran\u00e7ais""}]","[""FR""]",null
186746,Bikkar Bai Sentimental,Bikkar Bai Sentimental,"Jassi Jasraj, a singer and music composer, who is better known for his rebellious attitude",,Released,False,False,2013-04-19,127,0,0,0.1419,7.7,3,pa,,tt3162164,/x5IPDUXPvigjPsGiRlho6XvB2vk.jpg,/o90iIIRT4CzP3ukIr0r46OweDou.jpg,"[{""id"": 28, ""name"": ""Action""}, {""id"": 18, ""name"": ""Drama""}]",[],"[{""iso_3166_1"": ""IN"", ""name"": ""India""}]",[],"[""IN""]",null
186748,K-ON! Live Event ~Come With Me!!~,けいおん!! ライブイベント ～Come with Me!!～,"K-ON! Live Concert: Come With Me!! is a live concert held in Saitama Super Arena on February 20, 2009. A concert dedicated to all the K-ON! fans from each of the seiyuu of the characters. There are a total 9 seiyuu attending the event, including Aki Toyosaki (Yui's seiyuu), Yoko Hikasa (Mio's seiyuu), Satomi Sato (Ritsu's seiyuu), Minako Kotobuki (Tsumugi's seiyuu), Ayana Taketatsu (Azusa's seiyuu), Asami Sanada (Ms. Sawako's seiyuu), Madoka Yonezawa (Ui's seiyuu), Chika Fujito (Nodoka's seiyuu) and Yoriko Nagata (Jun's seiyuu). This concert has been attended by more that 17 thousand fans and a CD, DVD and Blu-Ray copy has been sold throughout Japan.",Come With Me!!,Released,False,True,2011-02-20,267,0,0,1.2285,7.6,5,ja,,,/zXEycPEa2XxXxst1rhEQp4B0iMC.jpg,/kMKv2VePghvwZjkMVgyPJmZJgfQ.jpg,"[{""id"": 10402, ""name"": ""Music""}]","[{""id"": 1393, ""logo_path"": ""/lUACMATs6jcscXIrzNCQzbvNVN5.png"", ""name"": ""TBS"", ""origin_country"": ""JP""}]","[{""iso_3166_1"": ""JP"", ""name"": ""Japan""}]","[{""english_name"": ""Japanese"", ""iso_639_1"": ""ja"", ""name"": ""\u65e5\u672c\u8a9e""}]","[""JP""]",null
186752,El crimen del cine Oriente,El crimen del cine Oriente,"Valencia, Spain, in the early 1950s. Salvador and María, two unfortunate people, meet by chance when she takes shelter from the rain at the Oriente Cinema, where he works as a manager.",,Released,False,False,1997-05-15,105,0,0,0.4041,3.5,2,es,,tt0118899,/ehmYlGPGtTIvUF7yLraR2S3WsTX.jpg,/jd6vuI9FaVmeC2uimYL9szv5LBS.jpg,"[{""id"": 18, ""name"": ""Drama""}, {""id"": 53, ""name"": ""Thriller""}]","[{""id"": 9335, ""logo_path"": ""/ldfniRgxCYegCbGEROEBKbmg4A5.png"", ""name"": ""Canal+ Espa\u00f1a"", ""origin_country"": ""ES""}, {""id"": 8522, ""logo_path"": null, ""name"": ""Pedro Costa P. C."", ""origin_country"": ""ES""}, {""id"": 981, ""logo_path"": ""/pkrdO9ykplO4Zc8edikoSX5APUN.png"", ""name"": ""TVE"", ""origin_country"": ""ES""}]","[{""iso_3166_1"": ""ES"", ""name"": ""Spain""}]","[{""english_name"": ""Spanish"", ""iso_639_1"": ""es"", ""name"": ""Espa\u00f1ol""}]","[""ES""]",null
186753,The Color of the Clouds,El color de las nubes,"Clementina befriends Lola’s nerdy lawyer, Valerio, and slowly a romance develops between them. Meanwhile, old fisherman and model-maker Colo  has found a consignment of drugs floating in the sea and tries to get rid of them to raise money to save Lola’s house. The adventure element of pic is in a smuggling gang’s attempt to recover the drugs.",,Released,False,False,1997-10-04,110,1832035,0,1.0445,6.2,6,es,,tt0120636,/1yyp4CJ8cOj6DkhrJfDyb4R7SN0.jpg,,"[{""id"": 18, ""name"": ""Drama""}, {""id"": 35, ""name"": ""Comedy""}]","[{""id"": 11955, ""logo_path"": ""/ejsZYTo3EM5nAErdL2KNgK2bW4t.png"", ""name"": ""Sogepaq"", ""origin_country"": ""ES""}, {""id"": 146294, ""logo_path"": null, ""name"": ""Urbana Films S.L."", ""origin_country"": """"}]","[{""iso_3166_1"": ""ES"", ""name"": ""Spain""}]","[{""english_name"": ""Spanish"", ""iso_639_1"": ""es"", ""name"": ""Espa\u00f1ol""}]","[""ES""]",null
186755,Comanche Territory,Territorio comanche,Spanish TV reporters covering the War in Bosnia. Based on true experience.,,Released,False,False,1997-03-07,88,0,0,0.2899,5.9,8,es,,tt0120311,/tQK9bx1EICIik2Up49ZCyUX4BM3.jpg,/myiRU6hEqxn0aDB3Pkf49baOJr3.jpg,"[{""id"": 18, ""name"": ""Drama""}, {""id"": 10752, ""name"": ""War""}]","[{""id"": 83356, ""logo_path"": null, ""name"": ""Kompel Producciones"", ""origin_country"": """"}, {""id"": 7680, ""logo_path"": ""/aZ5xfV3J3kSShvHxo06ypgE2QBD.png"", ""name"": ""Tornasol Media"", ""origin_country"": ""ES""}, {""id"": 6458, ""logo_path"": ""/eT4oMUK7ODM0vvZue8yq3Ojwqf8.png"", ""name"": ""INCAA"", ""origin_country"": ""AR""}]","[{""iso_3166_1"": ""AR"", ""name"": ""Argentina""}, {""iso_3166_1"": ""FR"", ""name"": ""France""}, {""iso_3166_1"": ""DE"", ""name"": ""Germany""}, {""iso_3166_1"": ""ES"", ""name"": ""Spain""}]","[{""english_name"": ""German"", ""iso_639_1"": ""de"", ""name"": ""Deutsch""}, {""english_name"": ""English"", ""iso_639_1"": ""en"", ""name"": ""English""}, {""english_name"": ""French"", ""iso_639_1"": ""fr"", ""name"": ""Fran\u00e7ais""}, {""english_name"": ""Croatian"", ""iso_639_1"": ""hr"", ""name"": ""Hrvatski""}, {""english_name"": ""Spanish"", ""iso_639_1"": ""es"", ""name"": ""Espa\u00f1ol""}]","[""ES""]",null
186757,Retrato de mujer con hombre al fondo,Retrato de mujer con hombre al fondo,"Cristina is a 35-year-old woman who has life figured out: she has a job she loves and a beautiful house. However, her life begins to change when she starts feeling attracted to one of her clients.",,Released,False,False,1997-05-14,96,0,0,0.4046,3.0,4,en,,tt0156951,/17o33RjHZCfO90KDe8al8TerFjY.jpg,,"[{""id"": 18, ""name"": ""Drama""}]","[{""id"": 3631, ""logo_path"": ""/ttrj8O0KF5PbUoHamU2mTOLB6d9.png"", ""name"": ""Filmax"", ""origin_country"": ""ES""}]","[{""iso_3166_1"": ""ES"", ""name"": ""Spain""}]","[{""english_name"": ""Spanish"", ""iso_639_1"": ""es"", ""name"": ""Espa\u00f1ol""}]","[""US""]",null
186759,Get a Job,Get a Job,"Life after college graduation is not exactly going as planned for Will and Jillian who find themselves lost in a sea of increasingly strange jobs. But with help from their family, friends and coworkers they soon discover that the most important (and hilarious) adventures are the ones that we don't see coming.",Graduating was the easy part.,Released,False,False,2016-03-17,83,8000000,0,1.9123,5.3,697,en,,tt1468846,/eElBXTTBBy9xgnJh6rMQcXm17En.jpg,/simmMpmHLWsDYRRzQbCWcqMHrxw.jpg,"[{""id"": 18, ""name"": ""Drama""}, {""id"": 35, ""name"": ""Comedy""}]","[{""id"": 5490, ""logo_path"": ""/xuJSR4dWsvkE194aemIJwflyNF2.png"", ""name"": ""CBS Films"", ""origin_country"": ""US""}, {""id"": 193626, ""logo_path"": null, ""name"": ""Double Features Films"", ""origin_country"": """"}, {""id"": 213776, ""logo_path"": null, ""name"": ""Granville Pictures"", ""origin_country"": """"}]","[{""iso_3166_1"": ""US"", ""name"": ""United States of America""}]","[{""english_name"": ""English"", ""iso_639_1"": ""en"", ""name"": ""English""}]","[""US""]",null
186761,En un mundo de infectados,En un mundo de infectados,A documentary about the making of the movie [Rec] ². It was included in the Spanish blu-ray release of the movie.,,Released,False,False,2010-02-10,115,0,0,0.1037,3.5,2,en,,tt1570501,,,[],[],[],"[{""english_name"": ""Spanish"", ""iso_639_1"": ""es"", ""name"": ""Espa\u00f1ol""}]","[""US""]",null
186765,What a Mess,Ein dicker Hund,"Eduard von Bittermagen and his friend Professor Pfiff, indulge in an amusing hobby. They take every opportunity to bet on anything. Their latest bet: Bittermagen claims that his nephew Tommi, a young rascal and the Professor's young daughter Julia will become a couple although the two are actually not crazy about each other. Of course, Pfiff bets against it. But then Bittermagen uses a macabre trick. He acts as if his last hour had come and summons Tommi and Julia to his ""deathbed"". He offers his immense heritage to both of them-if they solve a problem.",,Released,False,False,1982-12-16,86,0,0,0.4764,3.2,4,de,,tt0083831,/1OkQFxteuOcKT1Pcp7FQdiFZBdY.jpg,/riLHHUsfsuX0HRrrrCD617Be6sy.jpg,"[{""id"": 35, ""name"": ""Comedy""}]","[{""id"": 10437, ""logo_path"": null, ""name"": ""Lisa Film"", ""origin_country"": ""DE""}]","[{""iso_3166_1"": ""DE"", ""name"": ""Germany""}]","[{""english_name"": ""German"", ""iso_639_1"": ""de"", ""name"": ""Deutsch""}]","[""DE""]",null
186764,Skreem House,Skreem House,"Irish horror in which a woman investigates the mysterious circumstances surrounding her brother's murder. When Brian McDonald is found dead his sister Sarah becomes suspicious and begins to look back at his final few weeks for any clues about what happened to him and why. As she does so, however, secrets about her and Brian's past slowly unravel. She finds herself led to an ominous mansion which appears to be connected to the reason why she and her brother were fostered, but a number of strange people are determined to stop her from discovering the truth...",,Released,False,False,2013-02-25,85,0,0,0.0071,0.0,0,en,http://www.bva.org.uk/node/1901840,,/cYhEVbUX5XU9HuxONXRheu1Z2Jw.jpg,,[],[],[],[],"[""US""]",null
186775,Hold That Baby!,Hold That Baby!,"While working in a laundromat, the boys find a baby hidden among the linen. They soon find out that the baby, who is the heir to a fortune, has been abandoned by his mother so that her two evil aunts can't cheat her and the baby out of the inheritance. The boys determine to help the woman claim her baby's rightful inheritance from her aunts, who have hired gangsters to find and eliminate the girl, the baby and anyone who helps them.","LOOK WHO'S BABY-SITTING! Leo's playing ""Mother"" to a missing heir worth millions!",Released,False,False,1949-06-06,64,0,0,0.3214,5.0,3,en,,tt0041472,/4kQClcI44cELXx1gNjvb9xOJd3D.jpg,/lLDR6fRmSYeALMKyzHH3ElLLWVB.jpg,"[{""id"": 35, ""name"": ""Comedy""}]","[{""id"": 4395, ""logo_path"": null, ""name"": ""Monogram Pictures"", ""origin_country"": ""US""}]","[{""iso_3166_1"": ""US"", ""name"": ""United States of America""}]","[{""english_name"": ""English"", ""iso_639_1"": ""en"", ""name"": ""English""}]","[""US""]","{""id"": 415931, ""name"": ""The Bowery Boys Collection"", ""poster_path"": ""/q6sA4bzMT9cK7EEmXYwt7PNrL5h.jpg"", ""backdrop_path"": ""/foe3kuiJmg5AklhtD3skWbaTMf2.jpg""}"
186766,Olympia 52,Olympia 52,"Olympia 52 is a 1952 French documentary film about the '52 Summer Olympics in Helsinki, Finland. Olympia 52 was produced by Peuple et Culture, a nonprofit organization, and it was the first feature-length work directed by the French filmmaker Chris Marker, who also co-wrote the narrative and served as one of the production’s four cinematographers.",,Released,False,False,1952-07-10,86,0,0,0.0999,0.0,0,fr,,tt0044992,/p0kBL95eARjyjpawMNlfmdsxeXR.jpg,,"[{""id"": 99, ""name"": ""Documentary""}]",[],"[{""iso_3166_1"": ""FR"", ""name"": ""France""}]","[{""english_name"": ""French"", ""iso_639_1"": ""fr"", ""name"": ""Fran\u00e7ais""}]","[""FR""]",null
186776,Smiling Through the Apocalypse: Esquire in the 60s,Smiling Through the Apocalypse: Esquire in the 60s,"'Smiling Through the Apocalypse' chronicles a man whose editorial instincts produced one of the greatest magazines ever: Harold Hayes, the swinging editor and cultural provocateur of the iconic Esquire Magazine of the Sixties. Through the narrative of his son Tom, a journey ensues opening unprecedented access to some of the Esquire magazine's most compelling talents, from Nora Ephron to George Lois, and Tom Wolfe to Gore Vidal. The film is a story of risk, triumph, and challenge told by the people that helped make the magazine great, and a son who only come to understand his father's editorial greatness 23 years after his passing.",,Released,False,False,2013-01-13,99,0,0,0.099,5.0,3,en,http://smilingthroughtheapocalypse.com/,tt2466654,/gA9z2mH4yWJW4qBJ316Ad7VZl7s.jpg,,"[{""id"": 99, ""name"": ""Documentary""}]",[],[],[],"[""US""]",null
186780,With a Smile,Avec le sourire,"A tramp learns that even honesty won't help him overcome his struggles to prosper. After a man tells him that he needs to smile in order to succeed, he turns his attitude around and he becomes successful.",,Released,False,False,1936-12-03,98,0,0,0.5743,6.8,5,fr,,tt0027321,/aTTEa5C6mzKeiQQADKnUeX25toS.jpg,,"[{""id"": 35, ""name"": ""Comedy""}, {""id"": 10402, ""name"": ""Music""}]","[{""id"": 14124, ""logo_path"": null, ""name"": ""Les Films Marquise"", ""origin_country"": ""FR""}]","[{""iso_3166_1"": ""FR"", ""name"": ""France""}]","[{""english_name"": ""French"", ""iso_639_1"": ""fr"", ""name"": ""Fran\u00e7ais""}]","[""FR""]",null
186783,"Mata Hari, Agent H21","Mata Hari, agent H21","Ordered to seduce French captain and steal from him classified papers, Mata Hari, an exotic dancer and a spy, instead falls in love with him and blows the cover.",,Released,False,False,1964-01-29,98,0,0,0.7867,5.6,27,fr,,tt0059435,/6oemw4xFK8yTeGNwXpFVbRrqU21.jpg,/qiZh0JWze6AT6b47YQ9RUt3TMsi.jpg,"[{""id"": 18, ""name"": ""Drama""}, {""id"": 36, ""name"": ""History""}, {""id"": 10749, ""name"": ""Romance""}, {""id"": 10752, ""name"": ""War""}]","[{""id"": 73, ""logo_path"": null, ""name"": ""Fida Cinematografica"", ""origin_country"": ""IT""}, {""id"": 42182, ""logo_path"": null, ""name"": ""Filmel"", ""origin_country"": ""FR""}, {""id"": 53, ""logo_path"": ""/3cWJikm9MdWCMKdatuk8gDTa5xy.png"", ""name"": ""Les Films du Carrosse"", ""origin_country"": ""FR""}, {""id"": 21466, ""logo_path"": null, ""name"": ""Simar Films"", ""origin_country"": ""FR""}]","[{""iso_3166_1"": ""FR"", ""name"": ""France""}, {""iso_3166_1"": ""IT"", ""name"": ""Italy""}]","[{""english_name"": ""German"", ""iso_639_1"": ""de"", ""name"": ""Deutsch""}, {""english_name"": ""Spanish"", ""iso_639_1"": ""es"", ""name"": ""Espa\u00f1ol""}, {""english_name"": ""French"", ""iso_639_1"": ""fr"", ""name"": ""Fran\u00e7ais""}]","[""FR"", ""IT""]",null
186782,Captured,Captured,"Directed by cult British director John Krish, the film was sponsored by the Army Kinematograph Corporation. This tightly plotted drama shows British POWs enduring brainwashing and torture during the Korean War, thereby revealing what a soldier could expect if he was ever captured by enemy forces.",,Released,False,False,1959-01-01,65,0,0,0.9525,4.188,8,en,,tt2025516,/uiWeDE6d6cdAaBWnqkq4NScCjwY.jpg,/qz5dwxMydvcxD4RdvOQsqaFC3yH.jpg,"[{""id"": 10752, ""name"": ""War""}]","[{""id"": 18759, ""logo_path"": null, ""name"": ""Army Kinematograph Corporation"", ""origin_country"": """"}, {""id"": 18760, ""logo_path"": null, ""name"": ""World Wide Pictures"", ""origin_country"": ""GB""}]","[{""iso_3166_1"": ""GB"", ""name"": ""United Kingdom""}]","[{""english_name"": ""English"", ""iso_639_1"": ""en"", ""name"": ""English""}]","[""US"", ""GB""]",null
186784,Liebesfeuer,Liebesfeuer,,,Released,False,False,1998-04-15,88,0,0,0.1278,5.0,1,de,,tt0139424,,,"[{""id"": 18, ""name"": ""Drama""}]",[],"[{""iso_3166_1"": ""DE"", ""name"": ""Germany""}]","[{""english_name"": ""German"", ""iso_639_1"": ""de"", ""name"": ""Deutsch""}]","[""DE""]",null
186787,One-Third,One-Third,A tragic tale of an individual teen prostitute as seen from the lens of her Buddhist neighbor.,,Released,False,False,2006-10-06,88,0,0,0.5095,3.8,7,en,http://www.onethirdfilm.com/,tt0465553,/3kxEQFqDNw7wRUBR53b6iDiwJA9.jpg,,"[{""id"": 18, ""name"": ""Drama""}, {""id"": 80, ""name"": ""Crime""}, {""id"": 10749, ""name"": ""Romance""}]",[],"[{""iso_3166_1"": ""US"", ""name"": ""United States of America""}]","[{""english_name"": ""English"", ""iso_639_1"": ""en"", ""name"": ""English""}]","[""US""]",null
186786,Night Visitors,Night Visitors,Agents for the government are after a graduate student and her brother when a secret mysterious box is stolen.,,Released,False,False,1996-10-13,100,0,0,0.8559,4.0,1,en,,tt0117178,/sGCh3iw0JLEw1x4xvLnBEbLVAXz.jpg,/hFI60u9K2NB4EZ2hSU2VtZMr3dF.jpg,"[{""id"": 878, ""name"": ""Science Fiction""}, {""id"": 10770, ""name"": ""TV Movie""}]","[{""id"": 7928, ""logo_path"": ""/tsa8zFtAIHlOJjL5G4fe75bBeCP.png"", ""name"": ""NBC Studios"", ""origin_country"": ""US""}, {""id"": 1502, ""logo_path"": ""/ywjcvHUiKxv7cYsestkONF8LieH.png"", ""name"": ""NBC"", ""origin_country"": ""US""}]","[{""iso_3166_1"": ""US"", ""name"": ""United States of America""}]","[{""english_name"": ""English"", ""iso_639_1"": ""en"", ""name"": ""English""}]","[""US""]",null
186790,The Cousin,El primo,"A sheltered, sensitive teenager visits his tough, older cousin in Laredo, Texas and learns a hard lesson about what it means to be a man.",Some ties are never broken.,Released,False,False,2008-06-11,15,0,0,0.5571,4.8,8,en,,tt1153695,/ds8WC3iy2IC9FphJWILb4k4jfxI.jpg,/3HVoh1HsvlZoUzB3h5Guo993KnW.jpg,"[{""id"": 18, ""name"": ""Drama""}]","[{""id"": 93453, ""logo_path"": null, ""name"": ""Alluvial Filmworks"", ""origin_country"": """"}, {""id"": 93454, ""logo_path"": null, ""name"": ""Castle2000 Films"", ""origin_country"": """"}]","[{""iso_3166_1"": ""US"", ""name"": ""United States of America""}]","[{""english_name"": ""Spanish"", ""iso_639_1"": ""es"", ""name"": ""Espa\u00f1ol""}, {""english_name"": ""English"", ""iso_639_1"": ""en"", ""name"": ""English""}]","[""US""]",null
186788,Null Risiko und reich,Null Risiko und reich,Up-and-coming writer Junghans leads a rather dull life.,,Released,False,False,1997-04-21,90,0,0,0.5841,4.0,4,de,,tt0119811,,,[],"[{""id"": 4606, ""logo_path"": ""/otZHbf1HmzLRQsZFSqJXkf8EHz7.png"", ""name"": ""ZDF"", ""origin_country"": ""DE""}]","[{""iso_3166_1"": ""DE"", ""name"": ""Germany""}]","[{""english_name"": ""German"", ""iso_639_1"": ""de"", ""name"": ""Deutsch""}]","[""DE""]",null
186789,Basketball and Mathematics,Basket et Maths,"Jérôme and Cédric play basketball in the same team at school and are best friends.  Jérôme also gives Cédric some private math lessons.  During one of those sessions, Cédric's action will be interpreted by both young men in a different way.",,Released,False,False,2009-05-31,7,0,0,0.3567,5.6,15,fr,,tt2148926,/39lGRmWfWIXbPrLudeqJGBDhwa9.jpg,/d1OrnNO5L4lGyXZktaLkjjAqUjv.jpg,"[{""id"": 18, ""name"": ""Drama""}, {""id"": 10770, ""name"": ""TV Movie""}]","[{""id"": 104, ""logo_path"": ""/9aotxauvc9685tq9pTcRJszuT06.png"", ""name"": ""Canal+"", ""origin_country"": ""FR""}]","[{""iso_3166_1"": ""FR"", ""name"": ""France""}]","[{""english_name"": ""French"", ""iso_639_1"": ""fr"", ""name"": ""Fran\u00e7ais""}]","[""FR""]",null
186791,Birthday Time,Birthday Time,"Tom, a married closet case and parent who trolls gay bars for sex on the sly, is placed in charge of his friend's teenage son. And the boy wants a kiss. Or more. What to do?",,Released,False,False,2000-06-21,18,0,0,0.1058,3.8,6,en,,tt0303769,/ogKcf96A4h7UXG6Vex9lgvKKzVy.jpg,/tXChoIzVsQHeXqsrILUuxjxBGXr.jpg,"[{""id"": 18, ""name"": ""Drama""}, {""id"": 10749, ""name"": ""Romance""}]",[],"[{""iso_3166_1"": ""US"", ""name"": ""United States of America""}]","[{""english_name"": ""English"", ""iso_639_1"": ""en"", ""name"": ""English""}]","[""US""]",null
186792,5 Telephone Conversations,5 Telephone Conversations,"Meeting through an Internet dating website, John and Korey find a unique connection through a series of telephone conversations. Despite never meeting face to face, each person affects change in the other in an unconventional yet touching love story about finding your counterpart in a technologically isolated world.",,Released,False,False,2006-08-23,13,0,0,0.1308,4.1,8,en,,tt1141748,/q2z6XOJmQbwsEHdf31f3augTCQF.jpg,,"[{""id"": 10749, ""name"": ""Romance""}, {""id"": 18, ""name"": ""Drama""}]",[],"[{""iso_3166_1"": ""US"", ""name"": ""United States of America""}]","[{""english_name"": ""English"", ""iso_639_1"": ""en"", ""name"": ""English""}]","[""US""]",null
186793,America - Live in Central Park 1979,America - Live in Central Park 1979,"In 1979 America (Dewey Bunnell and Gerry Beckley) were at the height of their popularity and had just released ""Silent Letter"" their first album as a duo following the departure of fellow founding member Dan Peek. Acclaimed Australian filmmaker Peter Clifton captured the band at their concert in New York's Central Park and then followed them across to California where he filmed them in the studio and on location. All of this footage was combined to make America ""Live In Central Park"".",America Live,Released,False,False,2008-02-19,54,0,0,0.0821,0.0,0,en,,,/jNjajdrjk3WgS3BORmfhxupncMY.jpg,/y7wRjEw5HELOwZRjfGIlkMH5Pyr.jpg,"[{""id"": 10402, ""name"": ""Music""}]",[],[],"[{""english_name"": ""English"", ""iso_639_1"": ""en"", ""name"": ""English""}]","[""US""]",null
186795,Virgin Forest,Virgin Forest,When Hyunjung returns to Seo-chun for the funeral of her grandmother she is inevitably overwhelmed by her childhood memories. She would like to capture both memories and time but as time cannot be contained the emotion of parting from her beloved grandmother motivate her to take an important decision in her life.,,Released,False,False,,73,0,0,0.0,0.0,0,en,,,,,[],[],[],[],"[""US""]",null
186796,Erased James Franco,Erased James Franco,James Franco re-enacts scenes from his filmography and reinterprets Julianne Moore's role in Todd Haynes' Safe.,,Released,False,False,2009-04-05,65,0,0,0.5495,5.5,1,en,,tt1543208,/wqfey46TibVwxmu9TlX9VeTC3CG.jpg,,[],[],[],"[{""english_name"": ""English"", ""iso_639_1"": ""en"", ""name"": ""English""}]","[""US""]",null
186798,Myths & Mysteries of the World,Myths & Mysteries of the World,"Embark on a journey of mystery around the world, from ancient legend up to modern-day myths that defy explanation.  This fascinating collection of footage and stills revisits 25 of the most astonishing mysteries of humankind. Including the legend of Atlantis, the curse of the Bermuda Triangle and the Sliding Rocks of Death Valley.  Make your way through this enthralling documentary of the Myths and Mysteries of the World and find interesting answers of clarifications for questions that have long excited humankind.",Unexplained wonders and mysterious phenomena,Released,False,False,2012-12-30,0,0,0,0.0,0.0,0,en,,,/r7zGYQ7m30vr8zVn1rnFPZ9Vdmu.jpg,/u9j4o6hJhtTT8KbJiKsETdlSwHf.jpg,"[{""id"": 99, ""name"": ""Documentary""}]",[],[],[],"[""US""]",null
186809,Crossing the Bridge,Crossing the Bridge,"A film about three high school friends who find their happy-go-lucky existence tarnished forever the instant they get embroiled in a drug-running scheme that goes awry. When things start getting messy, they rue the day they agreed to the venture; instead of smuggling weed from Canada to Detroit, which they'd expected, the threesome's forced to traffic a huge stash of heroin.",Every day you make a million decisions. But it only takes one to change your life forever...,Released,False,False,1992-09-11,103,0,0,1.3189,5.6,16,en,,tt0104030,/foUGj7SQu2b5GgVlc7ADyWhZGL.jpg,/6D8wJae0pwWIOJRqWjqhPJYfNCv.jpg,"[{""id"": 18, ""name"": ""Drama""}]","[{""id"": 9195, ""logo_path"": ""/geK5QOBsXIPGHutKwXtYjMUyYSG.png"", ""name"": ""Touchstone Pictures"", ""origin_country"": ""US""}, {""id"": 889, ""logo_path"": ""/aqba7mtkseSCXByZiULc0aF2Djq.png"", ""name"": ""Outlaw Productions"", ""origin_country"": ""US""}]","[{""iso_3166_1"": ""US"", ""name"": ""United States of America""}]","[{""english_name"": ""English"", ""iso_639_1"": ""en"", ""name"": ""English""}]","[""US""]",null
186807,Atlantic City,Atlantic City,"In 1915, Atlantic City is a sleepy seaside resort, but Brad Taylor, son of a small hotel and vaudeville house proprietor, has big plans: he thinks it can be ""the playground of the world."" Brad's wheeling and dealing proves remarkably successful in attracting big enterprises and big shows, but brings him little success in personal relationships. Full of nostalgic songs and acts, some with the original artists. Reissued in 1950 as ""Atlantic City Honeymoon"".",The Hit Musical Comedy Picture of the Year,Released,False,False,1944-09-15,87,0,0,0.7911,5.0,2,en,,tt0036619,/mRHWDZXWjZPtDtZRZYKDcy1tmgc.jpg,/8jnMkgyXuRVP17OURzpMgNwLowP.jpg,"[{""id"": 10749, ""name"": ""Romance""}, {""id"": 10402, ""name"": ""Music""}]","[{""id"": 1432, ""logo_path"": ""/odyWStT82nGf2LQCyfs7iFudwa0.png"", ""name"": ""Republic Pictures"", ""origin_country"": ""US""}]","[{""iso_3166_1"": ""US"", ""name"": ""United States of America""}]","[{""english_name"": ""English"", ""iso_639_1"": ""en"", ""name"": ""English""}]","[""US""]",null
186810,K-ON! Live Event ~Let's Go!~,けいおん! ライブイベント 〜レッツゴー!〜,"""K-ON! Live Concert: Let's Go!"" is a live concert held in Yokohama on December 30, 2009. A concert dedicated to all the K-ON! fans from each of the seiyuu of the characters. There are a total 8 seiyuu attending the event, including Aki Toyosaki (Yui's seiyuu), Yōko Hikasa (Mio's seiyuu), Satomi Satō (Ritsu's seiyuu), Minako Kotobuki (Tsumugi's seiyuu), Ayana Taketatsu (Azusa's seiyuu), Asami Sanada (Ms. Sawako's seiyuu), Madoka Yonezawa (Ui's seiyuu) and Chika Fujitō (Nodoka's seiyuu). This concert has been attended by more that 17 thousand fans and a CD, DVD and Blu-Ray copy has been sold throughout Japan.",Let's Go!,Released,False,True,2010-06-30,93,0,0,1.1911,5.8,3,ja,,,/zUZiZvPxB4zzevFbGEElS9EZXdw.jpg,/bmgJdGzkKBsIxE6k9BmiIYVwSOB.jpg,"[{""id"": 10402, ""name"": ""Music""}]","[{""id"": 1393, ""logo_path"": ""/lUACMATs6jcscXIrzNCQzbvNVN5.png"", ""name"": ""TBS"", ""origin_country"": ""JP""}, {""id"": 5438, ""logo_path"": ""/leZ8GPCL0GneHHayPVnXtB3p0We.png"", ""name"": ""Kyoto Animation"", ""origin_country"": ""JP""}, {""id"": 9148, ""logo_path"": ""/rtW3NadfF4kR5mTW00ahiFxw6k7.png"", ""name"": ""Pony Canyon"", ""origin_country"": ""JP""}, {""id"": 3466, ""logo_path"": ""/lmCg0zarmM52wrmsZRUY0QlPKLh.png"", ""name"": ""movic"", ""origin_country"": ""JP""}, {""id"": 22597, ""logo_path"": ""/neo38FzewK5I1ilLOQyPOKseRWS.png"", ""name"": ""Houbunsha"", ""origin_country"": ""JP""}]","[{""iso_3166_1"": ""JP"", ""name"": ""Japan""}]","[{""english_name"": ""Japanese"", ""iso_639_1"": ""ja"", ""name"": ""\u65e5\u672c\u8a9e""}]","[""JP""]",null
186813,Boys to Men,Boys to Men,"A four-part anthology film dealing with homosexuality from the young to the old.  Crush, detailing the budding relationship between two 16-year old boys, who bond over their outdoor sports.  The Mountain King, details a young street hustler who makes a play for a straight man on a deserted beach one afternoon. .  Lost is a look at a day in the life of a young man who is first seen engaging in unsafe sex with a random partner,.  The Confession, a dying Catholic asks his partner of 35 years to send for a priest, even though the partner is greatly opposed to such a request. ~ Jason Clark, Rovi",,Released,False,False,2001-03-16,75,0,0,1.0696,4.8,12,en,,tt0283960,,/mS91qaOeuChKeuEXi92w0HKYHYO.jpg,"[{""id"": 18, ""name"": ""Drama""}, {""id"": 10749, ""name"": ""Romance""}]","[{""id"": 93445, ""logo_path"": null, ""name"": ""Goin' Back Productions"", ""origin_country"": """"}, {""id"": 210715, ""logo_path"": null, ""name"": ""Jour De Fete Films"", ""origin_country"": """"}]","[{""iso_3166_1"": ""US"", ""name"": ""United States of America""}]","[{""english_name"": ""English"", ""iso_639_1"": ""en"", ""name"": ""English""}]","[""US""]",null
186814,15 Reasons to Live,15 Reasons to Live,"What gives your life meaning? Family, yoga, good food, those shoes that were on sale? Ray Robertson outlines his own list in his non-fiction book “Why Not: Fifteen Reasons To Live?” And that has inspired Alan Zweig’s documentary feature 15 REASONS TO LIVE which takes up that list as a call to adventure. The list is: Love, Solitude, Critical Mind, Art, Individuality, Home, Work, Humour, Friendship, Intoxication, Praise, Meaning, Body, Duty and Death.",,Released,False,False,2013-10-04,84,0,0,0.0571,0.0,0,en,http://www.kinosmith.com/catalog/186/15-reasons-to-live/,tt3244630,/8J6U4rVDQ7zskd5yctJfv6xoDow.jpg,,"[{""id"": 99, ""name"": ""Documentary""}]",[],"[{""iso_3166_1"": ""CA"", ""name"": ""Canada""}]","[{""english_name"": ""English"", ""iso_639_1"": ""en"", ""name"": ""English""}]","[""US"", ""CA""]",null
186817,Alias,Alias,An observational look at the lives of five Toronto rappers.,,Released,False,False,2013-04-19,67,0,0,0.3922,0.0,0,en,,tt2948222,/wW7Lrqizv30vKgkWPzef45SY9AO.jpg,,"[{""id"": 99, ""name"": ""Documentary""}]",[],"[{""iso_3166_1"": ""CA"", ""name"": ""Canada""}]",[],"[""US"", ""CA""]",null
186820,Hacken’s Concert Hall Live 2007,李克勤 你的克勤演奏厅,"Top vocalist Hacken Lee pleased his fans with a total of eleven gigs at the Hong Kong Coliseum during the Lunar New Year period in February 2008. With this time's concert theme set as Concert Hall Live, Hacken counted on conductor Chiu Tsang Hei and an equally strong orchestra for a very harmonic sound  Language: 	Cantonese  Country of Origin: 	Hong Kong",,Released,False,False,2008-02-08,0,0,0,0.4768,8.0,1,zh,,,/ukuA9rLYf8cLPV5kM4bwqxRe1EP.jpg,/d8eJrvl8MiWf0qrpFCLsFz8wk3V.jpg,"[{""id"": 10402, ""name"": ""Music""}]",[],[],[],"[""CN""]",null
186823,Vacuity,Vacuity,"Shortly after a major disaster aboard the XOEH (zoh•ee) space station, Alan Brahm awakes to find himself trapped in the airlock/escape pod, with a torn space suit, and the room rapidly decompressing. With his attempts to force the airlock's door open failing and only minutes left, Alan must make the choice of living to see his family again or sacrificing himself to save the lives of his stranded crew.",Failure is a choice.,Released,False,False,2012-04-30,14,6000,0,0.0281,5.2,4,en,http://www.vacuitymovie.com/,tt2276057,/v2qgjkp4tLpeiZ8j7sqfGpRnv82.jpg,,"[{""id"": 18, ""name"": ""Drama""}, {""id"": 878, ""name"": ""Science Fiction""}]",[],[],"[{""english_name"": ""English"", ""iso_639_1"": ""en"", ""name"": ""English""}]","[""US""]",null
186831,Hacken Lee And Hong Kong Sinfonietta  Live 2011,Hacken Lee And Hong Kong Sinfonietta  Live 2011,"Hacken Lee's perfect voice finds the perfect accompaniment! The pitch-perfect singer collaborated with the Hong Kong Sinfonietta and conductor Yip Wing Sze for a series of concerts at the Hong Kong Coliseum in July 2011. Hacken sang over 30 songs with the orchestra including unforgettable hits like ""Blue Moon"", ""Deep Deep Deep"", ""Moonlight Sonata"", ""I Can't Sing"", and ""Red Day"", as well as his new song ""Galaxy"". He also performed ""Romeo and Juliet in Sarajevo"", ""Best Position"", ""Short Date"", and ""Why Did I Let You Leave"" for the first time, earning great cheers from the audience.",,Released,False,False,2011-10-14,0,0,0,0.2277,7.0,1,en,,,/6gLNMz1LcfHsEmgNxz0bXopayo.jpg,/pcMO8ILCX6JchsstFIdjxaAOrSN.jpg,"[{""id"": 10402, ""name"": ""Music""}]",[],[],"[{""english_name"": ""Cantonese"", ""iso_639_1"": ""cn"", ""name"": ""\u5e7f\u5dde\u8bdd / \u5ee3\u5dde\u8a71""}]","[""US""]",null
186834,Balala the Fairies,巴啦啦小魔仙大电影,"The film is mainly about the fairies's fate ""star of the key"" mysterious fall, Blue fairy back to the human world, with Qi Mei fairy and Xue Mei fairy together, Guarding the positive energy...",,Released,False,False,2013-01-30,85,0,7600000,0.4292,0.0,0,zh,,tt6967268,/vzmXKymqGffVkRVrGRO2XV78CBx.jpg,/o9MNviIf4ZWlvtrTc37hZHGUNNu.jpg,"[{""id"": 16, ""name"": ""Animation""}, {""id"": 10751, ""name"": ""Family""}, {""id"": 10770, ""name"": ""TV Movie""}]","[{""id"": 130779, ""logo_path"": ""/5dz5jAmgXeW2IwIUlQ7Clgt7yMk.png"", ""name"": ""Alpha Group"", ""origin_country"": ""CN""}, {""id"": 161772, ""logo_path"": null, ""name"": ""Mr. Cartoon Pictures"", ""origin_country"": """"}, {""id"": 146501, ""logo_path"": null, ""name"": ""Zhejiang Hei Ao Film and Television Culture \u6d59\u6c5f\u9ed1\u5965\u5f71\u89c6\u6587\u5316"", ""origin_country"": ""CN""}]","[{""iso_3166_1"": ""CN"", ""name"": ""China""}]","[{""english_name"": ""Mandarin"", ""iso_639_1"": ""zh"", ""name"": ""\u666e\u901a\u8bdd""}]","[""CN""]","{""id"": 571332, ""name"": ""Balala the Fairies series"", ""poster_path"": ""/fbbbShcXP3hZ7IFr8lgiJz5pAki.jpg"", ""backdrop_path"": null}"
186833,G.E.M Tang - Get Everybody Moving Concert 2011,G.E.M. Get Everybody Moving Concert 2011,"In May 2011, G.E.M. became the youngest female artist to hold solo concerts at the Hong Kong Coliseum when she took to the prestigious stage at the age of 19. These landmark concerts also kicked off her Get Everybody Moving 2011 world tour, which brought her to Australia in August, back in Hong Kong for a second leg in September, Guangzhou and Macau in October, a limited theatrical run in Hong Kong in November, and Canada in December. The pop sensation was in top form and she spared no effort to entertain her audiences, bringing the house down with a string of hit songs and hot dances. Now the unforgettable concert is released on Blu-ray, and it's time you put that live G.E.M. in your collection!",,Released,False,True,2011-05-14,138,0,0,0.654,8.0,1,zh,,,/qmI4d9XasgONSkJq6kSLWiBj9nT.jpg,/vpTTgGzPqIllWtJhsaghjkAsaJQ.jpg,"[{""id"": 10402, ""name"": ""Music""}]",[],"[{""iso_3166_1"": ""HK"", ""name"": ""Hong Kong""}]","[{""english_name"": ""Cantonese"", ""iso_639_1"": ""cn"", ""name"": ""\u5e7f\u5dde\u8bdd / \u5ee3\u5dde\u8a71""}]","[""HK""]",null
186836,古巨基「Amazing World」世界巡回演唱会2011,古巨基「Amazing World」世界巡回演唱会2011,"Leo Ku turned the Hong Kong Coliseum into a theme park! The innovative pop star held three concerts there in October 2011 as the first leg of his Amazing World world tour, bringing the audiences into his fantastical music dreamland. The spectacular concerts featured nearly 30 songs, including new songs like the tour theme song ""Exploded""",,Released,False,False,2011-10-07,163,0,0,0.5338,0.0,0,zh,,,/zzklCaEabsNJoWoX2cQg0YsPv8T.jpg,/vQQIbaw0X1FtqTohv0qopcSfsL0.jpg,"[{""id"": 10402, ""name"": ""Music""}]",[],[],"[{""english_name"": ""Cantonese"", ""iso_639_1"": ""cn"", ""name"": ""\u5e7f\u5dde\u8bdd / \u5ee3\u5dde\u8a71""}]","[""HK""]",null
186837,DUO Eason Chan Concert Live 2010,DUO Eason Chan Concert Live 2010,"Eason Chan recently held his biggest-scale concert series to date with 18 concerts at the Hong Kong Coliseum between March and April 2010, breaking his personal record. The critically acclaimed and highly popular Canto-pop superstar handed in his all in the DUO concerts, which saw him perform various sets of songs with a similar motif chosen from his own repertoire as well as those of other artists. He brought his unique style to favorites like Faye Wong's ""Promise"", Roman Tam's ""Good Song Dedicated to You"", Sandy Lam's ""Dawn"", Tat Ming Pair's ""Forbidden Lust"", Kay Tse's ""Street of Wedding Invitations"", and Japanese song Mr. Lonely originally by Tamaki Koji",,Released,False,True,2010-03-20,0,0,0,0.5208,9.1,4,cn,,,/wJvy7oT5pk5JIP9NONoWvEFahMC.jpg,/j4g0cKLKCdCI5fCgTXNdpzsDSCM.jpg,"[{""id"": 10402, ""name"": ""Music""}]","[{""id"": 139263, ""logo_path"": null, ""name"": ""Cinepoly Record.Co.Ltd"", ""origin_country"": """"}]","[{""iso_3166_1"": ""HK"", ""name"": ""Hong Kong""}]","[{""english_name"": ""Cantonese"", ""iso_639_1"": ""cn"", ""name"": ""\u5e7f\u5dde\u8bdd / \u5ee3\u5dde\u8a71""}]","[""HK""]",null
186842,Minding The Baby,Minding The Baby,"Scrappy gets a buffalo nickel to mind bratty baby Oscar, but quickly finds the job isn't worth it.",,Released,False,False,1931-11-16,7,0,0,0.0586,0.0,0,en,,tt0151578,/e7LUYEkUG3MUBwgpYJ7k69DC6oR.jpg,/4nJ17thwuwKEOpIFhHTbsh3Grkh.jpg,"[{""id"": 16, ""name"": ""Animation""}]",[],"[{""iso_3166_1"": ""US"", ""name"": ""United States of America""}]","[{""english_name"": ""English"", ""iso_639_1"": ""en"", ""name"": ""English""}]","[""US""]",null
186840,Mr. Write,Mr. Write,"Aspiring writer (with no talent) gets a job on a TV commercial, falls for an advertising executive.",Charlie's got a bad case of writer's block...And her name is Nicole!,Released,False,False,1994-05-06,89,0,0,0.7495,2.0,5,en,,tt0110587,/ednJCf5jrfdVEIeJgeLZrdlVyyy.jpg,,"[{""id"": 35, ""name"": ""Comedy""}]","[{""id"": 16636, ""logo_path"": null, ""name"": ""Shapiro-Glickenhaus Entertainment"", ""origin_country"": """"}]","[{""iso_3166_1"": ""US"", ""name"": ""United States of America""}]","[{""english_name"": ""English"", ""iso_639_1"": ""en"", ""name"": ""English""}]","[""US""]",null
186844,Asian Stories,Asian Stories,"Jim, the cheapest Chinese American dude in LA, has recently been left by his fiancé, Katherine two weeks before their wedding on Valentine's Day. In order to ease his pain, he asks his long-time best friend and ex-con, Alex, to kill him. Alex reluctantly agrees to give Jim his wish, but he doesn't think its a good idea to do the job down in LA. So Jim and Alex begin their journey with a trip up to Jim's Aunt's cabin in the mountains, under the strict condition that all business is to be taken care of before Valentine's Day.","When Jim is jilted by his bride-to-be, he decides to convince his ex-con and best friend, Alex to kill him before Valentines Day.",Released,False,False,2006-04-15,98,0,0,0.2258,4.8,2,en,http://asianstoriesmovie.com/,tt0810760,,,"[{""id"": 18, ""name"": ""Drama""}, {""id"": 35, ""name"": ""Comedy""}]",[],"[{""iso_3166_1"": ""US"", ""name"": ""United States of America""}]","[{""english_name"": ""English"", ""iso_639_1"": ""en"", ""name"": ""English""}]","[""US""]",null
186848,The Butcher Boy,The Butcher Boy,"This 1932 Pooch the Pup entry is based on a very simple idea; Pooch gets a call from his girl -- who doesn't seem to have a name -- ordering one chicken, please. So Pooch goes to the back of his butcher shop and selects one, and understandably the chicken in question is less than cooperative in going along with the idea, but ends up in the basket. At Pooch's girl's house both Pooch and chicken face off with the pet cat, who is particularly conniving; the cat winds up running off with the chicken.",,Released,False,False,1932-09-25,7,0,0,0.0962,0.0,0,en,,tt0142142,/icdxZE7IU6Sden6OLfCiGDut4AI.jpg,,"[{""id"": 16, ""name"": ""Animation""}]","[{""id"": 8520, ""logo_path"": ""/x6HLTQILKcImVQ3GvVCwy35W5fz.png"", ""name"": ""Walter Lantz Productions"", ""origin_country"": ""US""}]","[{""iso_3166_1"": ""US"", ""name"": ""United States of America""}]","[{""english_name"": ""English"", ""iso_639_1"": ""en"", ""name"": ""English""}]","[""US""]",null
186845,Symphony of the Soil,Symphony of the Soil,"Drawing from ancient knowledge and cutting edge science, Symphony of the Soil is an artistic exploration of the miraculous substance soil. By understanding the elaborate relationships and mutuality between soil, water, the atmosphere, plants and animals, we come to appreciate the complex and dynamic nature of this precious resource. The film also examines our human relationship with soil, the use and misuse of soil in agriculture, deforestation and development, and the latest scientific research on soil’s key role in ameliorating the most challenging environmental issues of our time. Filmed on four continents, featuring esteemed scientists and working farmers and ranchers, Symphony of the Soil is an intriguing presentation that highlights possibilities of healthy soil creating healthy plants creating healthy humans living on a healthy planet.",,Released,False,False,2013-10-11,104,0,0,0.0511,8.8,4,en,http://www.symphonyofthesoil.com/,tt2229397,/2a6jiCeUVoSQ9dXSbjlRGliZmEn.jpg,,"[{""id"": 99, ""name"": ""Documentary""}, {""id"": 12, ""name"": ""Adventure""}]",[],"[{""iso_3166_1"": ""US"", ""name"": ""United States of America""}]","[{""english_name"": ""English"", ""iso_639_1"": ""en"", ""name"": ""English""}]","[""US""]",null
186850,I Remember,I Remember,"Set and shot chronologically in natural light over one hour at dusk, I REMEMBER materialized out of this sense of intangible loss and a desire to hold on to memories that, however fleeting, give our lives meaning.",,Released,False,False,1999-01-24,18,0,0,0.4084,7.0,1,en,http://iremember.vhx.tv/,tt0819693,,,"[{""id"": 10749, ""name"": ""Romance""}]","[{""id"": 62350, ""logo_path"": null, ""name"": ""Loop Filmworks"", ""origin_country"": """"}]","[{""iso_3166_1"": ""US"", ""name"": ""United States of America""}]","[{""english_name"": ""English"", ""iso_639_1"": ""en"", ""name"": ""English""}]","[""US""]",null
186851,Last Chance to See,Last Chance to See,"Twenty years after Douglas Adams and Mark Carwardine traveled the world in search of some of the most endangered animals, Stephen Fry joins Mark to retrace their journeys.",,Released,False,False,2009-09-06,0,0,0,0.4005,7.4,5,en,,tt1409667,/5RqgoYsWqJ2xc101SvAhN0Gz4lV.jpg,/lEgVeNmJsgMj6iiGsYeqbeMM0GP.jpg,"[{""id"": 99, ""name"": ""Documentary""}]",[],[],"[{""english_name"": ""English"", ""iso_639_1"": ""en"", ""name"": ""English""}]","[""US""]",null
186853,Seeing Stars,Seeing Stars,"As the guest of honor, Krazy plays music at a night club. Various celebrities are in attendance, finding ways to disturb the show.",,Released,False,False,1932-09-11,7,0,0,0.0416,0.0,0,en,,tt0152358,/yfw68SxeXb6bIMHAAftWAP4tV89.jpg,,"[{""id"": 16, ""name"": ""Animation""}]",[],"[{""iso_3166_1"": ""US"", ""name"": ""United States of America""}]",[],"[""US""]",null
186857,X Marks the Spot,X Marks the Spot,"A private detective, soon to enlist in the army, is drawn into one final case when his police officer father is killed in the line of duty.  Soon his prime suspect is murdered as well, and he finds himself framed for the crime.  As more witnesses get murdered, he finds himself on the run from both the police and former Prohibition violators who seem to have found a new racket.",BLACK MARKET CZAR!...Exchanging human lives for blood-soaked Profit!,Released,False,False,1942-11-04,55,0,0,0.7454,3.9,11,en,,tt0035570,/sBs3ymI14HRdiTNcVrMKkHvDwLn.jpg,/8KVphQ7liEWOslHOll5y8ETrczM.jpg,"[{""id"": 9648, ""name"": ""Mystery""}]","[{""id"": 1432, ""logo_path"": ""/odyWStT82nGf2LQCyfs7iFudwa0.png"", ""name"": ""Republic Pictures"", ""origin_country"": ""US""}]","[{""iso_3166_1"": ""US"", ""name"": ""United States of America""}]","[{""english_name"": ""English"", ""iso_639_1"": ""en"", ""name"": ""English""}]","[""US""]",null
186858,An Unattached Unit,An Unattached Unit,Set in 1951 at the height of the Korean War it tells the story of a group of soldiers who are being replaced in the front line after serving their rotation. But on the way home they find enemy troops are about to make a breakthrough and it is up to them to pull together to save the country.,,Released,False,False,1993-01-30,87,0,0,0.0261,5.0,3,ko,,tt2162711,/bWUOdQ2uMT7hdf9XBzlMXcLv6NQ.jpg,,"[{""id"": 18, ""name"": ""Drama""}, {""id"": 10752, ""name"": ""War""}]",[],"[{""iso_3166_1"": ""KP"", ""name"": ""North Korea""}]",[],"[""KR""]",null
186859,White Sea-Baltic Canal,Belomoro-Baltijskij Vodnyj Put',"Documentary about construction of the White Sea – Baltic Canal shot by Aleksandr Lemberg ( former member of the group ""kino-oki"").",,Released,False,False,1932-04-17,0,0,0,0.0404,0.0,0,en,,tt6679392,,,"[{""id"": 99, ""name"": ""Documentary""}]","[{""id"": 9012, ""logo_path"": null, ""name"": ""Vostokfilm"", ""origin_country"": """"}]","[{""iso_3166_1"": ""SU"", ""name"": ""Soviet Union""}]","[{""english_name"": ""Russian"", ""iso_639_1"": ""ru"", ""name"": ""P\u0443\u0441\u0441\u043a\u0438\u0439""}]","[""US""]",null
186863,Lighthouse,등대,"The hero of this film toiled was a lighthouse keeper before Korea's liberation in World War II. He suffered many indignities and mistreatment by the Japanese, who were then occupying Korea. After the liberation, he leads a better life, and despite his advanced age, he keeps the lighthouse in full working order, in devotion to his country and doesn't rely on recognition or praise. Lighthouse is a quiet revolution drama, which makes it clear that a meritorious fate can also stand behind an unassuming person.",,Released,False,False,1983-01-30,79,0,0,0.0143,5.0,3,ko,,tt2162735,,,"[{""id"": 18, ""name"": ""Drama""}]",[],"[{""iso_3166_1"": ""KP"", ""name"": ""North Korea""}]","[{""english_name"": ""Korean"", ""iso_639_1"": ""ko"", ""name"": ""\ud55c\uad6d\uc5b4/\uc870\uc120\ub9d0""}]","[""KP""]",null
186861,Hide and Seek,Hide and Seek,A Fleischer Studios cartoon....,,Released,False,False,1932-03-25,6,0,0,0.0143,4.0,1,en,,tt0023006,/iZVEPVXl5dfQ9yPFf6ErgxRYAcc.jpg,,"[{""id"": 16, ""name"": ""Animation""}]","[{""id"": 8302, ""logo_path"": null, ""name"": ""Fleischer Studios"", ""origin_country"": ""US""}]","[{""iso_3166_1"": ""US"", ""name"": ""United States of America""}]",[],"[""US""]",null
186864,Sold for Marriage,Sold for Marriage,"A poor Russian girl's beauty leads her unscrupulous uncle to bring her to the United States. There he is going to sell her into a marriage with a rich old man she has never met. But her lover, an returning immigrant visiting Russia from the U.S., sails on the same ship. When they arrive he learns, to his surprise, that the American police, unlike those of his native country, are not oppressors of the poor, but friends that will aid in securing the release of his beloved Marfa.",,Released,False,False,1916-04-15,55,0,0,0.2365,5.9,4,xx,,tt0007368,/bB08CePSYNew9BAfRewTG2LkWra.jpg,,"[{""id"": 18, ""name"": ""Drama""}]","[{""id"": 36191, ""logo_path"": null, ""name"": ""Fine Arts Film Company"", ""origin_country"": ""US""}]","[{""iso_3166_1"": ""US"", ""name"": ""United States of America""}]",[],"[""US""]",null
186866,Martin the Cobbler,Martin the Cobbler,"A poor cobbler has a dream in which he hears the Lord promise to visit him. Instead poor people in need of food, clothing, warmth, and understanding come to him. In the end he understands that this is how the Lord visits men today.",,Released,False,False,1977-06-01,27,0,0,0.295,8.2,4,en,,tt0475655,/wC0TD5Otcv9Vc2fx5v3tHMdczv8.jpg,,"[{""id"": 16, ""name"": ""Animation""}, {""id"": 10751, ""name"": ""Family""}]","[{""id"": 98450, ""logo_path"": null, ""name"": ""Billy Budd Films"", ""origin_country"": ""US""}]",[],[],"[""US""]",null
186869,The Vagrant,The Vagrant,"A business man buys a house, but he has a hard time trying to get rid of its previous tenant, a dirty bum.",He's not home alone.,Released,False,False,1992-05-15,91,9500000,5900,2.0144,5.8,57,en,,tt0105719,/8XTaMcU4WxafaIxT6HvfYHL8KTP.jpg,/5cfA1lIyHg8o7Js8l7ChHcWcu1W.jpg,"[{""id"": 35, ""name"": ""Comedy""}, {""id"": 27, ""name"": ""Horror""}, {""id"": 53, ""name"": ""Thriller""}]","[{""id"": 5612, ""logo_path"": null, ""name"": ""Brooksfilms"", ""origin_country"": ""US""}, {""id"": 183, ""logo_path"": ""/eadyph99FClrWlnE0jPniwOcvvw.png"", ""name"": ""Le Studio Canal+"", ""origin_country"": ""FR""}, {""id"": 15526, ""logo_path"": null, ""name"": ""MGM-Path\u00e9 Communications"", ""origin_country"": ""US""}, {""id"": 21, ""logo_path"": ""/usUnaYV6hQnlVAXP6r4HwrlLFPG.png"", ""name"": ""Metro-Goldwyn-Mayer"", ""origin_country"": ""US""}]","[{""iso_3166_1"": ""US"", ""name"": ""United States of America""}, {""iso_3166_1"": ""FR"", ""name"": ""France""}]","[{""english_name"": ""English"", ""iso_639_1"": ""en"", ""name"": ""English""}]","[""US""]",null
186868,Rip Van Winkle,Rip Van Winkle,"Rip Van Winkle, a lazy American man, wanders off one day with his dog Wolf into the Kaatskill mountains where he runs into an odd group of men drinking and playing bowls. He drinks some of their mysterious brew and passes out. When he wakes up under a tree he is astonished to find that 20 years have passed and things are a lot different.  Preserved by the Academy Film Archive in 2013.",,Released,False,False,1978-11-20,27,0,0,0.3985,5.0,2,en,,tt0078168,/oRlNNWDR9grUkxIpFDvKOW7d89h.jpg,,"[{""id"": 16, ""name"": ""Animation""}]","[{""id"": 98450, ""logo_path"": null, ""name"": ""Billy Budd Films"", ""origin_country"": ""US""}, {""id"": 1515, ""logo_path"": ""/bU7G4LZfEk9SxlnlU7uUdRgOmja.png"", ""name"": ""Will Vinton Studios"", ""origin_country"": ""US""}]",[],"[{""english_name"": ""English"", ""iso_639_1"": ""en"", ""name"": ""English""}]","[""US""]",null
186872,Flowers of Our Motherland,祖国的花朵,Tells a story of how two pupils are brought up the spirit of collectivism with the help of their teachers and Young Pioneers.,,Released,False,False,1955-01-30,75,0,0,0.3354,5.5,2,zh,,tt0355056,/gOOLbTtfnqBZ0aWGyO6uCHM1v4W.jpg,/jGd4Wayw5IchTcbDeuszgQYBRO0.jpg,"[{""id"": 18, ""name"": ""Drama""}, {""id"": 10751, ""name"": ""Family""}]","[{""id"": 181840, ""logo_path"": ""/yF76RLTDFnM0GBEjpqrvYtCdoyG.png"", ""name"": ""\u957f\u6625\u7535\u5f71\u5236\u7247\u5382"", ""origin_country"": ""CN""}]","[{""iso_3166_1"": ""CN"", ""name"": ""China""}]","[{""english_name"": ""Mandarin"", ""iso_639_1"": ""zh"", ""name"": ""\u666e\u901a\u8bdd""}]","[""CN""]",null
186874,Gambler's Delight,流氓千王,The story concerns with Danny Lee's character as a manager of one of Macau's casinos battling it out on the card table to settle a gambling score with a Japanese gambler played by Chen Ping. He enlists the help of Tsung Wa's character and the battle of wits escalates.,,Released,False,False,1981-01-01,87,0,0,1.2657,2.0,2,cn,,tt0192257,/sp17gmGWIsHwiv5KS5cNNITzWdw.jpg,,"[{""id"": 35, ""name"": ""Comedy""}, {""id"": 80, ""name"": ""Crime""}]","[{""id"": 5798, ""logo_path"": ""/tmuI9BGXgpWLmokhlxpnG3IGNQB.png"", ""name"": ""Shaw Brothers"", ""origin_country"": ""HK""}]","[{""iso_3166_1"": ""HK"", ""name"": ""Hong Kong""}]","[{""english_name"": ""Cantonese"", ""iso_639_1"": ""cn"", ""name"": ""\u5e7f\u5dde\u8bdd / \u5ee3\u5dde\u8a71""}]","[""HK""]",null
186875,Boots Malone,Boots Malone,An agent for horse jockeys faces his greatest challenge.,The story of a boy who left home... and a stumble bum who never had one!,Released,False,False,1952-01-11,102,0,0,0.651,7.9,4,en,,tt0044437,/eUBOPUgW0mIxJHzGzotstw5qtTD.jpg,/jyFj3mfjevYvk1gG5fR6HOeGTPO.jpg,"[{""id"": 18, ""name"": ""Drama""}]","[{""id"": 5, ""logo_path"": ""/71BqEFAF4V3qjjMPCpLuyJFB9A.png"", ""name"": ""Columbia Pictures"", ""origin_country"": ""US""}]","[{""iso_3166_1"": ""US"", ""name"": ""United States of America""}]","[{""english_name"": ""English"", ""iso_639_1"": ""en"", ""name"": ""English""}]","[""US""]",null
186877,Murderer Pursues,踩線,A fascinating crime saga of a Sino-Vietnamese crime gang. Danny Lee stars as a misunderstood refugee while Ray Lui plays a cop struggling against his own preconceptions to make sure that justice is done.,,Released,False,False,1981-06-26,89,0,0,0.855,7.0,1,cn,,tt2047696,/rxuwjNYku3j0rq09JGqIPviZszR.jpg,/tTJFGtBYKB0g0vPWN7wszlexuYZ.jpg,"[{""id"": 28, ""name"": ""Action""}]","[{""id"": 5798, ""logo_path"": ""/tmuI9BGXgpWLmokhlxpnG3IGNQB.png"", ""name"": ""Shaw Brothers"", ""origin_country"": ""HK""}]","[{""iso_3166_1"": ""HK"", ""name"": ""Hong Kong""}]","[{""english_name"": ""Cantonese"", ""iso_639_1"": ""cn"", ""name"": ""\u5e7f\u5dde\u8bdd / \u5ee3\u5dde\u8a71""}]","[""HK""]",null
186876,Kamelot: Poetry For The Poisoned,Kamelot: Poetry For The Poisoned,Bonus dvd.,,Released,False,False,,0,0,0,0.0,0.0,0,en,,,,,[],[],[],[],"[""US""]",null
186882,The Emperor and His Brother,書劍恩仇錄,A young boy betrays his family who hides a refugee and tells the pursuer where the hiding-place is - just because he wants a valuable telescope for reward. His father decides to kill the boy in order to restore the honor of the family.,,Released,False,False,1981-07-19,101,0,0,2.6611,5.7,14,zh,,tt0083072,/ylJCiBhBiWwXOGLefFmSd7NkfKn.jpg,/ukl7x7VHvJwX0ZQ3GJ5v7DuEJj9.jpg,"[{""id"": 28, ""name"": ""Action""}, {""id"": 18, ""name"": ""Drama""}]","[{""id"": 5798, ""logo_path"": ""/tmuI9BGXgpWLmokhlxpnG3IGNQB.png"", ""name"": ""Shaw Brothers"", ""origin_country"": ""HK""}]","[{""iso_3166_1"": ""HK"", ""name"": ""Hong Kong""}]","[{""english_name"": ""Mandarin"", ""iso_639_1"": ""zh"", ""name"": ""\u666e\u901a\u8bdd""}]","[""HK""]",null
186881,The Treasure Hunters,龍虎少爺,"Fu Sheng and his real-life brother star as friends who are searching for a treasure that a Shaolin priest, a villainous traitor and his sister are also trying to find.",,Released,False,False,1981-07-09,104,0,0,1.9133,7.1,9,cn,,tt0084310,/23AgCIeqZsM9Dn6TiO0EbpmX9md.jpg,/4ypsJdQsmHHzrCPEiiVqkRieUjG.jpg,"[{""id"": 28, ""name"": ""Action""}, {""id"": 12, ""name"": ""Adventure""}, {""id"": 35, ""name"": ""Comedy""}]","[{""id"": 5798, ""logo_path"": ""/tmuI9BGXgpWLmokhlxpnG3IGNQB.png"", ""name"": ""Shaw Brothers"", ""origin_country"": ""HK""}]","[{""iso_3166_1"": ""HK"", ""name"": ""Hong Kong""}]","[{""english_name"": ""Cantonese"", ""iso_639_1"": ""cn"", ""name"": ""\u5e7f\u5dde\u8bdd / \u5ee3\u5dde\u8a71""}, {""english_name"": ""Mandarin"", ""iso_639_1"": ""zh"", ""name"": ""\u666e\u901a\u8bdd""}]","[""HK""]",null
186885,Slightly Ahead,Courte-tête,"A brilliant swindler, Olivier Parker, hires a small-time pipe salesman, Amédée, to swindle a naive provincial, Ferdinand Galiveau, a chicken merchant. Renamed Teddy Morton and now a jockey, Amédée must ride a mare on which Ferdinand, advised by Parker, must bet. Absolutely convinced of his mystification, Parker bets on an oddball who, of course, loses, while at the last minute Galiveau, having bet on an outsider, wins a fortune. All Parker has to do is find another sucker.",,Released,False,False,1956-10-10,88,0,0,0.5246,6.1,7,fr,,tt0049097,/8lw7zQ9nm4Gq1nTdPC31pClzLXj.jpg,/tMPJffsrh15AsPiJmaBDgVUiUvb.jpg,"[{""id"": 35, ""name"": ""Comedy""}]",[],"[{""iso_3166_1"": ""FR"", ""name"": ""France""}]","[{""english_name"": ""French"", ""iso_639_1"": ""fr"", ""name"": ""Fran\u00e7ais""}]","[""FR""]",null
186884,側田 Justin Around The World Tour 2011,側田 Justin Around The World Tour 2011,"To pursue new career opportunities, Justin Lo decided that he should move his base to Beijing. Bidding an emotional farewell to the Hong Kong music scene, the singer-songwriter entertained his fans one last time at the Hong Kong Coliseum with two concerts in late January 2011. A number of top musicians and interesting artists participated in the concerts, including producer Mark Lui, guitarist Joey Tang, Justin's musician uncle Ted Lo, and guest performers C AllStar and Wan Kwong. The concert rundown comprised a variety of music genres and styles, including some re-arranged versions of Justin's most popular songs.",,Released,False,False,2011-06-13,0,0,0,0.1543,0.0,0,cn,,,/ug2Bsma2qOovD1F5XcGG4wwwuJC.jpg,/cosDLjSgRan2s4LlUzqkNzLxT9b.jpg,"[{""id"": 10402, ""name"": ""Music""}]",[],[],"[{""english_name"": ""Cantonese"", ""iso_639_1"": ""cn"", ""name"": ""\u5e7f\u5dde\u8bdd / \u5ee3\u5dde\u8a71""}]","[""CN""]",null
186887,Dayo Wong Talk Show II 2012,Dayo Wong Talk Show II 2012,"Twenty years after he first introduced stand-up comedy to Hong Kong, Dayo Wong finally took to the stage of Hong Kong Coliseum in November 2010 for his 12th talk show series. Back on top form, the master comedian has made audiences laugh and cry and laugh some more with his self-mocking account of his showbiz career, one marked by a series of alternating setbacks and comebacks. Dayo, in his inimitable performing style, managed to win rounds of applause with the humorous and thought-provoking inside stories of how he had repeatedly endeavored to chase his dream to be a successful actor, but still unable to achieve that after two decades.",,Released,False,False,,0,0,0,0.0214,0.0,0,en,,,/g7iVefahGXO7jooG1nKyAzKl1LL.jpg,,[],[],[],[],"[""US""]",null
186886,Story of Taxi Dancers,串女·人渣·妙嬌娃,"Xiu Juan, a filial daughter and caring sister, trades her soul for money to look after her mother and her brother's studies. The unsung heroine meets a tragic end when her complexion is destroyed by drug pusher Qin Chao who was jilted by her.",,Released,False,False,1981-08-12,98,0,0,0.4905,2.0,2,cn,,tt1437809,/v0HOD2Gsv725fl8RNfUayPTV45i.jpg,,"[{""id"": 18, ""name"": ""Drama""}]","[{""id"": 109363, ""logo_path"": null, ""name"": ""Golden Film (Lui Chi) Company"", ""origin_country"": """"}]","[{""iso_3166_1"": ""HK"", ""name"": ""Hong Kong""}]","[{""english_name"": ""Cantonese"", ""iso_639_1"": ""cn"", ""name"": ""\u5e7f\u5dde\u8bdd / \u5ee3\u5dde\u8a71""}]","[""HK""]",null
186889,Devil's Tower,Devil's Tower,"Abused, broke and down on her luck, Sarah is given a new shot at life when she moves into a new apartment. At first the apartment seems to have been the right choice for Sarah, she even meets some new friends including Sid (Jason Mewes). But before long tenants begin disappearing, when Sarah and Sid go looking for them, they discover an evil lurks, hell bent on not only taking over their building, but the city as well. As Sarah and Sid fight for survival, the bitter and vengeful ghost begins inhabiting the bodies of the tower’s tenants turning them to bloodthirsty zombies.",High Rise. Low Rent. No Chance.,Released,False,False,2014-09-05,82,0,0,0.4038,3.6,30,en,,tt2290534,/zPmZW9o3ZfypJJgAvAmeSOkgVYW.jpg,/5uWInWR09m4bMCj0ltZZLe8khbI.jpg,"[{""id"": 27, ""name"": ""Horror""}]","[{""id"": 19182, ""logo_path"": null, ""name"": ""Hawthorne Productions"", ""origin_country"": """"}, {""id"": 14262, ""logo_path"": ""/x04bvG6G7J3EfweMELPmTRnYwSL.png"", ""name"": ""Templeheart Films"", ""origin_country"": ""GB""}]","[{""iso_3166_1"": ""GB"", ""name"": ""United Kingdom""}]","[{""english_name"": ""English"", ""iso_639_1"": ""en"", ""name"": ""English""}]","[""GB"", ""US""]",null
186890,Notorious Eight,千门八将,A group of secret agent gambling heroes put the squeeze on some gangsters who are cheating the public now after having been involved with Japanese war criminals.,,Released,False,False,1981-09-03,102,0,0,1.8286,6.0,1,zh,,tt0082825,/zzIxfZlrMfVIgCO4FDyiXDMrb4Z.jpg,,"[{""id"": 18, ""name"": ""Drama""}, {""id"": 28, ""name"": ""Action""}]","[{""id"": 5798, ""logo_path"": ""/tmuI9BGXgpWLmokhlxpnG3IGNQB.png"", ""name"": ""Shaw Brothers"", ""origin_country"": ""HK""}]","[{""iso_3166_1"": ""HK"", ""name"": ""Hong Kong""}]","[{""english_name"": ""Mandarin"", ""iso_639_1"": ""zh"", ""name"": ""\u666e\u901a\u8bdd""}]","[""HK""]",null
186892,The Family of Lust,代代風流代代春,shaw production,,Released,False,False,1981-09-26,0,0,0,1.0277,0.0,0,en,,tt0362241,,,[],"[{""id"": 5798, ""logo_path"": ""/tmuI9BGXgpWLmokhlxpnG3IGNQB.png"", ""name"": ""Shaw Brothers"", ""origin_country"": ""HK""}]","[{""iso_3166_1"": ""HK"", ""name"": ""Hong Kong""}]",[],"[""HK""]",null
186893,The Battle for the Republic of China,辛亥雙十,"Patriotic extravanganza concerning early 20th century political events in Taiwan (i.e. the Republic of China), told in an ensemble format",,Released,False,False,1981-10-09,121,0,0,1.1226,6.2,5,zh,,tt0083346,/tXAzn9WyX5uuPQ3emKo9vqjPWqM.jpg,,"[{""id"": 18, ""name"": ""Drama""}, {""id"": 36, ""name"": ""History""}]","[{""id"": 25345, ""logo_path"": ""/pFRF57Hp5x8EKIqmWHv1t34dWVR.png"", ""name"": ""Central Motion Picture Corporation"", ""origin_country"": ""TW""}, {""id"": 5798, ""logo_path"": ""/tmuI9BGXgpWLmokhlxpnG3IGNQB.png"", ""name"": ""Shaw Brothers"", ""origin_country"": ""HK""}]","[{""iso_3166_1"": ""TW"", ""name"": ""Taiwan""}, {""iso_3166_1"": ""HK"", ""name"": ""Hong Kong""}]","[{""english_name"": ""Mandarin"", ""iso_639_1"": ""zh"", ""name"": ""\u666e\u901a\u8bdd""}]","[""TW"", ""HK""]",null
186896,Tiger Killer,武松,"TIGER KILLER (1982) is a straightforward adaptation of one story from the sprawling Chinese literary epic, ""The Water Margin."" It tells the tale of Wu Song, who slays a man-eating tiger preying on farmers and villagers and becomes the hero of the province, getting appointed as a constable by the local magistrate. He is reunited with his older brother, the short, disfigured Wu the Elder, a peddler of buns, who invites Wu Song to move in with him and his new wife. The wife, Golden Lotus, is an attractive young former maid who had been forced to marry Wu the Elder as punishment for getting caught in bed with her master by the master's wife. She takes a liking to the handsome, strong Wu Song, who rebuffs her attempts to seduce him. When Wu Song is sent on a long journey, the wife begins an affair with a rich local merchant. When Wu Song returns from his mission, he is met with shocking news which sets off a series of violent acts of retribution.",,Released,False,False,1982-10-28,94,0,0,1.6617,7.3,3,zh,,tt0084922,/6iDITztlpRv2bxv7QlY5VgZBB6k.jpg,/qdUqn5lC6gVonV7ybvAlZe0AnIo.jpg,"[{""id"": 28, ""name"": ""Action""}]","[{""id"": 5798, ""logo_path"": ""/tmuI9BGXgpWLmokhlxpnG3IGNQB.png"", ""name"": ""Shaw Brothers"", ""origin_country"": ""HK""}]","[{""iso_3166_1"": ""HK"", ""name"": ""Hong Kong""}]",[],"[""HK""]","{""id"": 201835, ""name"": ""The Water Margin Collection"", ""poster_path"": ""/9b8NPgCjdJICEihRlOVGlcEq6vT.jpg"", ""backdrop_path"": ""/eWuRhCZ3NHZbEfwCz8YIAoqhWFI.jpg""}"
186899,Destiny's Champion,拳击小子,"An aging snooker player relives the mistakes of his violent past through a poverty-stricken, streetwise kid.",,Released,False,False,1982-01-01,98,0,0,1.2621,7.0,1,cn,,tt0084436,/6TqmZqMAkR27SW356BXKL2wNUHi.jpg,/mdrFEbjRE5WpE6u1kar8omPsoqx.jpg,"[{""id"": 18, ""name"": ""Drama""}, {""id"": 28, ""name"": ""Action""}, {""id"": 12, ""name"": ""Adventure""}]","[{""id"": 5798, ""logo_path"": ""/tmuI9BGXgpWLmokhlxpnG3IGNQB.png"", ""name"": ""Shaw Brothers"", ""origin_country"": ""HK""}]","[{""iso_3166_1"": ""HK"", ""name"": ""Hong Kong""}]","[{""english_name"": ""Cantonese"", ""iso_639_1"": ""cn"", ""name"": ""\u5e7f\u5dde\u8bdd / \u5ee3\u5dde\u8a71""}]","[""HK""]",null
186901,Winner Takes All,賊王之王,"Patrick Tse is the thief of thieves whose family is long retired from the robin hood lifestyle for 10 years. Recent robberies have occured who use the families calling card and the police forcefully want this mystery solved. They suspect smeone from there past but feel this cant not be him, then who is it?",,Released,False,False,1982-02-12,96,0,0,1.8721,6.5,2,cn,,tt0084936,/uepv2npSJlwDN3d88zrMeOTGp7d.jpg,/iHhFylQ4mfFh1buqQ0qoumSLYZj.jpg,"[{""id"": 18, ""name"": ""Drama""}]","[{""id"": 5798, ""logo_path"": ""/tmuI9BGXgpWLmokhlxpnG3IGNQB.png"", ""name"": ""Shaw Brothers"", ""origin_country"": ""HK""}]","[{""iso_3166_1"": ""HK"", ""name"": ""Hong Kong""}]","[{""english_name"": ""Cantonese"", ""iso_639_1"": ""cn"", ""name"": ""\u5e7f\u5dde\u8bdd / \u5ee3\u5dde\u8a71""}]","[""HK""]",null
186898,The Rats,Las ratas,"In the mid-fifties, El Nini lives in the poorest and most forgotten rural Castile (Spain). He is a child with no more knowledge than those provided by nature. El Nini lives with his father in a cave, and with him he devotes himself to the hunting of water rats, the only means of subsistence they know. But when they are tried to deprive them of their roof and their livelihood, violence will erupt uncontrollably.",,Released,False,False,1997-06-04,97,0,0,0.4228,5.0,1,es,,tt0169167,/9uD4kDy6y1PLfGRqp49Wwox4Cei.jpg,,"[{""id"": 18, ""name"": ""Drama""}]",[],"[{""iso_3166_1"": ""ES"", ""name"": ""Spain""}]","[{""english_name"": ""Spanish"", ""iso_639_1"": ""es"", ""name"": ""Espa\u00f1ol""}]","[""ES""]",null
186903,Kung Fu from Beyond the Grave,陰忌,Humans use martial arts to battle ferocious zombies.,,Released,False,False,1982-02-19,88,0,0,1.1499,5.9,5,en,,tt0084225,/fSf7UpC8HGzNuNcR4Dyzvx6SYZG.jpg,/kw1OozRmdmCz2ZAjYHFhFJKqu29.jpg,"[{""id"": 27, ""name"": ""Horror""}, {""id"": 28, ""name"": ""Action""}]","[{""id"": 18726, ""logo_path"": null, ""name"": ""The Eternal Film (H.K.) Co."", ""origin_country"": ""HK""}]","[{""iso_3166_1"": ""HK"", ""name"": ""Hong Kong""}]","[{""english_name"": ""Cantonese"", ""iso_639_1"": ""cn"", ""name"": ""\u5e7f\u5dde\u8bdd / \u5ee3\u5dde\u8a71""}]","[""US"", ""HK""]",null
186902,Mararía,Mararía,"Fermín (Carmelo Gómez) is a Basque doctor who arrives on the island of Lanzarote. Meet a beautiful girl named Mararía (Goya Toledo), which falls in love in silence. One day a handsome Englishman named Beltrahn (Iain Glen) appears, who will win the love of Mararía and unleash the wrath of Fermín, who will lead the lovers to misfortune, destroying himself at the same time and becoming another kind of person, capable to get to kill for love.",,Released,False,False,1998-10-30,109,0,0,0.5162,3.8,10,es,,tt0190552,/8fZs40mkKwFdSOhpmvn1vTTOyte.jpg,,"[{""id"": 18, ""name"": ""Drama""}]","[{""id"": 93902, ""logo_path"": null, ""name"": ""Panavision UK"", ""origin_country"": """"}, {""id"": 93903, ""logo_path"": null, ""name"": ""Reyes Abades"", ""origin_country"": """"}, {""id"": 93904, ""logo_path"": null, ""name"": ""Filmigranas"", ""origin_country"": """"}, {""id"": 93905, ""logo_path"": null, ""name"": ""Madrid Film S.A."", ""origin_country"": """"}, {""id"": 110653, ""logo_path"": null, ""name"": ""Cinetel"", ""origin_country"": ""ES""}]","[{""iso_3166_1"": ""ES"", ""name"": ""Spain""}]","[{""english_name"": ""Spanish"", ""iso_639_1"": ""es"", ""name"": ""Espa\u00f1ol""}]","[""ES""]",null
186905,Everybody hurts,Todas hieren,"Sartorius returns to his hometown in search of his wife, after spending fifteen years imprisoned in a concentration camp. On the train, he meets Beatriz and Bruno, a newlywed couple, and together they head to the mansion of an eccentric architect, where the former prisoner is supposed to meet his wife; but things don't go as planned...",,Released,False,False,1998-08-14,82,0,0,0.1671,6.0,1,en,,tt0127935,,,[],[],"[{""iso_3166_1"": ""ES"", ""name"": ""Spain""}]",[],"[""US""]",null
186907,Teenage Dreamers,檸檬可樂,"Chou Hsiu-Lan plays Ting-Ting, a teenage girl who's starting to get interested in love and romance. Teenage pop star Rowena Cortes co-stars as Shan-Shan one of her best friends, she's a rich girl who has a streak of larceny within her.",,Released,False,False,1982-03-24,86,0,0,1.5687,6.5,2,cn,,tt0084775,/xwt2862vGQ532gTaWHqFn2JzAES.jpg,/QNqXtyBpXtPYNvvalnSPyoduD7.jpg,"[{""id"": 18, ""name"": ""Drama""}, {""id"": 10749, ""name"": ""Romance""}]","[{""id"": 5798, ""logo_path"": ""/tmuI9BGXgpWLmokhlxpnG3IGNQB.png"", ""name"": ""Shaw Brothers"", ""origin_country"": ""HK""}]","[{""iso_3166_1"": ""HK"", ""name"": ""Hong Kong""}]","[{""english_name"": ""Cantonese"", ""iso_639_1"": ""cn"", ""name"": ""\u5e7f\u5dde\u8bdd / \u5ee3\u5dde\u8a71""}, {""english_name"": ""English"", ""iso_639_1"": ""en"", ""name"": ""English""}]","[""HK""]",null
186906,Me gusta verlos mirarse,Me gusta verlos mirarse,Comedy about love,,Released,False,False,1998-05-04,0,0,0,0.0441,0.0,0,en,,tt0345637,,,[],[],[],[],"[""US""]",null
186908,The Lion Has Seven Heads,Der Leone Have Sept Cabeças,A white-robed preacher wanders and sermonizes across African lands; European communists and CIA spies conspire out of mutual self-interest to engineer the appointment of an African bourgeois to a puppet government presidency; and a revolutionary group marches in exile.,,Released,False,False,1971-08-03,103,0,0,0.3974,5.9,28,pt,,tt0064582,/ggcVPHmCnufUKPp87PCgLzzITMF.jpg,/dv6VRlzLjomNQT3A6esc57bkFMo.jpg,"[{""id"": 18, ""name"": ""Drama""}]","[{""id"": 93147, ""logo_path"": null, ""name"": ""Claude Antoine Films"", ""origin_country"": ""FR""}, {""id"": 90799, ""logo_path"": null, ""name"": ""Polifilm"", ""origin_country"": ""IT""}, {""id"": 8565, ""logo_path"": null, ""name"": ""Mapa Filmes"", ""origin_country"": ""BR""}]","[{""iso_3166_1"": ""BR"", ""name"": ""Brazil""}, {""iso_3166_1"": ""FR"", ""name"": ""France""}, {""iso_3166_1"": ""IT"", ""name"": ""Italy""}, {""iso_3166_1"": ""CG"", ""name"": ""Congo""}]","[{""english_name"": ""French"", ""iso_639_1"": ""fr"", ""name"": ""Fran\u00e7ais""}, {""english_name"": ""Portuguese"", ""iso_639_1"": ""pt"", ""name"": ""Portugu\u00eas""}, {""english_name"": ""Italian"", ""iso_639_1"": ""it"", ""name"": ""Italiano""}, {""english_name"": ""English"", ""iso_639_1"": ""en"", ""name"": ""English""}]","[""BR"", ""CG""]",null
186912,The Sewing Circle,The Sewing Circle,Kembra Pfahler invites director Richard Kern to document her latest piece of provocative performance art.,,Released,False,False,1992-01-01,7,0,0,0.0774,4.6,11,en,,tt0274828,/yNFmltvjoaG3llK3CDmWeGxiaCD.jpg,/jDPd5vlMnbkYcpNO0RaRAuLGWah.jpg,[],[],[],"[{""english_name"": ""English"", ""iso_639_1"": ""en"", ""name"": ""English""}]","[""US""]",null
186909,Massacre in the Black Forest,Hermann der Cherusker - Die Schlacht im Teutoburger Wald,"In the first half of the first century A.D., the Teutonic tribes, led by Arminius The Terrible, rebel against the cruel and conquering Roman Empire. In raging torments and blood curdling battles, the barbarian tribes and Roman Legions fight a war of attrition, so brutal and terrible that Arminius becomes a legend throughout the empire. Only Augustus, Emperor of Rome is evil and treacherous enough to enslave the Teuton barbarian and halt his murderous uprisings.",,Released,False,False,1967-02-03,88,0,0,0.64,6.4,4,de,,tt0144962,/gsQiw5JugaeeJhLI1fih3xB4UeT.jpg,,"[{""id"": 28, ""name"": ""Action""}, {""id"": 12, ""name"": ""Adventure""}, {""id"": 10752, ""name"": ""War""}, {""id"": 18, ""name"": ""Drama""}]","[{""id"": 5940, ""logo_path"": ""/pJR6Hhx3FsRPzoh4LyJyHEa6cD3.png"", ""name"": ""Avala Film"", ""origin_country"": ""YU""}, {""id"": 11639, ""logo_path"": null, ""name"": ""Peter Carsten Produktion"", ""origin_country"": ""DE""}, {""id"": 14126, ""logo_path"": null, ""name"": ""Debora Film"", ""origin_country"": ""IT""}]","[{""iso_3166_1"": ""DE"", ""name"": ""Germany""}, {""iso_3166_1"": ""IT"", ""name"": ""Italy""}, {""iso_3166_1"": ""YU"", ""name"": ""Yugoslavia""}]","[{""english_name"": ""English"", ""iso_639_1"": ""en"", ""name"": ""English""}, {""english_name"": ""German"", ""iso_639_1"": ""de"", ""name"": ""Deutsch""}, {""english_name"": ""Italian"", ""iso_639_1"": ""it"", ""name"": ""Italiano""}]","[""DE""]",null
186910,"Rolls, Rolls, I Love You",卒仔抽車,"A teenager and a tycoon gets into an early morning road altercation that eventually lead to a bet: if the teenager can steal his beloved Rolls Royce car from him, the youngster will get to keep it. However, if the teenager fails to do that in the alloted time given, he will need to pay the tycoon HK$40,000.",,Released,False,False,1982-04-18,91,0,0,1.0139,0.0,0,cn,,tt0805601,/rppiHNYNBAo54uhWViYqktcABGE.jpg,/m2fMZ6HeGGs4hEbyA04QNhA6gAn.jpg,"[{""id"": 35, ""name"": ""Comedy""}]","[{""id"": 5798, ""logo_path"": ""/tmuI9BGXgpWLmokhlxpnG3IGNQB.png"", ""name"": ""Shaw Brothers"", ""origin_country"": ""HK""}]","[{""iso_3166_1"": ""HK"", ""name"": ""Hong Kong""}]","[{""english_name"": ""Cantonese"", ""iso_639_1"": ""cn"", ""name"": ""\u5e7f\u5dde\u8bdd / \u5ee3\u5dde\u8a71""}]","[""HK""]",null
186914,Gang Master,幫規,"It has to do with a young clan member, Zhong Yuan, who is promoted to chief of the Dragon Gang after his adoptive father dies, only to be expelled when a letter arrives revealing him to be of Mongol birth, an awkward bit of news at a time when the Dragon Gang is actively fighting Mongol occupiers. In fact, Zhong soon learns that the Mongol general leading the anti-rebel campaign is actually his real father. Still, he persists in trying to get back into the good graces of the clan, eventually helping to ferret out a traitor in their midst.",,Released,False,False,1982-04-28,85,0,0,1.3888,5.5,1,cn,,tt0083988,/17TrkHeubZPf0gXqdNyHSD5pudz.jpg,,"[{""id"": 28, ""name"": ""Action""}]","[{""id"": 5798, ""logo_path"": ""/tmuI9BGXgpWLmokhlxpnG3IGNQB.png"", ""name"": ""Shaw Brothers"", ""origin_country"": ""HK""}]","[{""iso_3166_1"": ""HK"", ""name"": ""Hong Kong""}]","[{""english_name"": ""Cantonese"", ""iso_639_1"": ""cn"", ""name"": ""\u5e7f\u5dde\u8bdd / \u5ee3\u5dde\u8a71""}, {""english_name"": ""Mandarin"", ""iso_639_1"": ""zh"", ""name"": ""\u666e\u901a\u8bdd""}]","[""HK""]",null
186916,Horoscope,Horoscope,"Holly Adams plays an attractive but rather repressed young woman. She checks her horoscope, shambles homeward from her dull office job and promptly falls asleep in front of the TV. Two naked young men appear in her living room and begin dancing around for her pleasure.",,Released,False,False,1991-01-01,5,0,0,0.0932,4.5,10,en,,tt0287487,/pvqRqGvjW9YnUmw8v9qce9ZSwQL.jpg,/nHA4ARwWv5qbPgBQ0lsy9COPGRO.jpg,[],[],"[{""iso_3166_1"": ""US"", ""name"": ""United States of America""}]","[{""english_name"": ""No Language"", ""iso_639_1"": ""xx"", ""name"": ""No Language""}]","[""US""]",null
186917,Passing Flickers,三十年細說從頭,"The main characters - the arrogant, harassed director, the sexy starlet, or naïve actors are familiar enough stereotypes. Along the way however, there is some fun to be had as more humorous incidents occur on the sound stage, together with dashes of nudity. Some of the events are presumably inspired by real life experiences, others have a distinct air of wishful fabrication. The over-the-top Kung Fu star, deserted by director and crew as he goes through his pointless extended routine, for instance. Or the action heroes, sweating in furs while they dutifully munch through their meal scene, 'snow' falling outside in studio land.",,Released,False,False,1982-04-06,92,0,0,0.983,6.8,5,zh,,tt0084480,/4r8jkUCMVhfyIPLyJVUHu5cLR06.jpg,/jAdHJo8pCuI38wfvrW3kNdx6M2Q.jpg,"[{""id"": 35, ""name"": ""Comedy""}, {""id"": 18, ""name"": ""Drama""}]","[{""id"": 5798, ""logo_path"": ""/tmuI9BGXgpWLmokhlxpnG3IGNQB.png"", ""name"": ""Shaw Brothers"", ""origin_country"": ""HK""}]","[{""iso_3166_1"": ""HK"", ""name"": ""Hong Kong""}]","[{""english_name"": ""Mandarin"", ""iso_639_1"": ""zh"", ""name"": ""\u666e\u901a\u8bdd""}]","[""HK""]",null
186919,Death Billiards,デス・ビリヤード,"Death Billiards is one of the four anime works that each received 38 million yen (about US$480,000) from the ""2012 Young Animator Training Project."" Just like in 2010 and 2011, the animation labor group received 214.5 million yen (US$2.65 million) from the Japanese government's Agency for Cultural Affairs, and it distributed most of those funds to studios who train young animators on-the-job.  An old and a young man find themselves in a mysterious bar where they have to play a game of billiard. The bet: their lives.",An old and a young man find themselves in a mysterious bar where they have to play a game of billiard. The bet: their lives.,Released,False,False,2013-03-01,25,0,0,2.408,7.3,121,ja,http://www.vap.co.jp/deathparade/,tt2807626,/vNOoWNDFwyivqOYzeWYS9XyYTub.jpg,/rNSQoUBzW8qXHniyYxN2OrwlKI7.jpg,"[{""id"": 16, ""name"": ""Animation""}, {""id"": 18, ""name"": ""Drama""}, {""id"": 9648, ""name"": ""Mystery""}]","[{""id"": 3464, ""logo_path"": ""/9k0nr75nwnNeT2MHerf1OXJN0hj.png"", ""name"": ""Madhouse"", ""origin_country"": ""JP""}]","[{""iso_3166_1"": ""JP"", ""name"": ""Japan""}]","[{""english_name"": ""Japanese"", ""iso_639_1"": ""ja"", ""name"": ""\u65e5\u672c\u8a9e""}]","[""JP""]",null
186918,R.E.M.: When the Light is Mine,R.E.M.: When the Light is Mine,"This is the first complete overview of R.E.M.'s videos for I.R.S. Records, developed and compiled by all four original members of R.E.M. DVD features over two hours of content including all 11 music videos, TV performances, and interviews, plus the unseen music video for ""Wolves, Lower.""",,Released,False,True,2006-09-12,126,0,0,0.214,0.0,0,en,,tt1084966,/e1m1sF727gMUHeYZrbE18vsqSBK.jpg,,"[{""id"": 10402, ""name"": ""Music""}]",[],[],"[{""english_name"": ""English"", ""iso_639_1"": ""en"", ""name"": ""English""}]","[""US""]",null
186920,Hell Has No Boundary,魔界,"While out enjoying a seaside picnic with her fellow officer boyfriend, policewoman May becomes possessed by a murdered little girl spirit who immediately unleashes violent rage within her.",,Released,False,False,1982-06-04,96,0,0,2.1396,5.2,7,cn,,tt0084061,/fM95J374iNTopIS5AhaMPeD9l37.jpg,/bmVAtxRPBsFwEmWeWMVIPGu91po.jpg,"[{""id"": 27, ""name"": ""Horror""}, {""id"": 53, ""name"": ""Thriller""}]","[{""id"": 5798, ""logo_path"": ""/tmuI9BGXgpWLmokhlxpnG3IGNQB.png"", ""name"": ""Shaw Brothers"", ""origin_country"": ""HK""}]","[{""iso_3166_1"": ""HK"", ""name"": ""Hong Kong""}]","[{""english_name"": ""English"", ""iso_639_1"": ""en"", ""name"": ""English""}, {""english_name"": ""Cantonese"", ""iso_639_1"": ""cn"", ""name"": ""\u5e7f\u5dde\u8bdd / \u5ee3\u5dde\u8a71""}]","[""HK""]",null
186923,Man Crazy,追男仔,shaw production,,Released,False,False,1982-11-12,0,0,0,0.8713,0.0,0,cn,,tt1275892,/z5f686v1ntRx8QVll7eYgS93DO6.jpg,,[],"[{""id"": 109363, ""logo_path"": null, ""name"": ""Golden Film (Lui Chi) Company"", ""origin_country"": """"}]","[{""iso_3166_1"": ""HK"", ""name"": ""Hong Kong""}]","[{""english_name"": ""Cantonese"", ""iso_639_1"": ""cn"", ""name"": ""\u5e7f\u5dde\u8bdd / \u5ee3\u5dde\u8a71""}]","[""HK""]",null
186921,The Pure and the Evil,青春1000日,The Pure and The Evil is about two teenage friends who meet later in life when the sexual tension between one friend and the other friend's husband reaches a high level.,,Released,False,False,1982-10-13,93,0,0,0.9283,1.0,2,cn,,tt0445653,/mv0cJdPXqic821y7Oxbgcb3Z2so.jpg,,[],"[{""id"": 5798, ""logo_path"": ""/tmuI9BGXgpWLmokhlxpnG3IGNQB.png"", ""name"": ""Shaw Brothers"", ""origin_country"": ""HK""}]","[{""iso_3166_1"": ""HK"", ""name"": ""Hong Kong""}]","[{""english_name"": ""Cantonese"", ""iso_639_1"": ""cn"", ""name"": ""\u5e7f\u5dde\u8bdd / \u5ee3\u5dde\u8a71""}]","[""HK""]",null
186924,The Emperor and the Minister,乾隆皇君臣鬥智,"The story about royal intrigue with the ingenious Lord Liu, whose intelligence was envied by the Emperor himself.",,Released,False,False,1982-11-20,87,0,0,1.5055,6.0,2,zh,,tt0083880,/leYhnFCHfyhZEYIXKFfeX1ZxexM.jpg,/mwebEgMz9IFGifXDvpZxzMlQ7vf.jpg,"[{""id"": 35, ""name"": ""Comedy""}]","[{""id"": 5798, ""logo_path"": ""/tmuI9BGXgpWLmokhlxpnG3IGNQB.png"", ""name"": ""Shaw Brothers"", ""origin_country"": ""HK""}]","[{""iso_3166_1"": ""HK"", ""name"": ""Hong Kong""}]","[{""english_name"": ""Mandarin"", ""iso_639_1"": ""zh"", ""name"": ""\u666e\u901a\u8bdd""}]","[""HK""]","{""id"": 839593, ""name"": ""\u90b5\u6c0f\u4e7e\u9686\uff08\u7cfb\u5217\uff09"", ""poster_path"": ""/9qO5Krm7JcHHnxBh9dSpIu6FyM5.jpg"", ""backdrop_path"": ""/zQ3IuxZVzUZux0C2wQ4VTpcvSnH.jpg""}"
186926,My Rebellious Son,小子有種,"Here Chang Siu Tai is the son of Master Chang, a renowned chiropractor bone-setter operating a clinic in a poor neighborhood in an unidentified city in early 20th century China. Siu Tai works for his father and studies bone-setting and kung fu under him, but gets into lots of trouble, especially after white foreigners and their westernized Chinese enablers descend on the town in hopes of acquiring a valuable statue of the Goddess of Mercy on display at a local Buddhist temple.",,Released,False,False,1982-11-26,93,0,0,2.0958,5.2,4,cn,,tt0084926,/qAX9If7waLy2qYhwk520nSMwWWG.jpg,/5QuM425aRDS83iRzW7oLZwbFDEj.jpg,"[{""id"": 35, ""name"": ""Comedy""}, {""id"": 28, ""name"": ""Action""}]","[{""id"": 5798, ""logo_path"": ""/tmuI9BGXgpWLmokhlxpnG3IGNQB.png"", ""name"": ""Shaw Brothers"", ""origin_country"": ""HK""}]","[{""iso_3166_1"": ""HK"", ""name"": ""Hong Kong""}]","[{""english_name"": ""Cantonese"", ""iso_639_1"": ""cn"", ""name"": ""\u5e7f\u5dde\u8bdd / \u5ee3\u5dde\u8a71""}]","[""HK""]",null
186925,WWE SummerSlam 1992,WWE SummerSlam 1992,"SummerSlam (1992) was the fifth annual SummerSlam. It took place on August 29, 1992 at Wembley Stadium, London, England but was aired in the United States on August 31.  The pay-per-view featured two main event matches. In the first, The Ultimate Warrior challenged Randy Savage for the WWF Championship. The Warrior won the match by count-out but did not win the title. In the other main event, The ""British Bulldog"" Davey Boy Smith pinned Bret Hart to win the WWF Intercontinental Championship. The WWF Tag Team Championship was also defended, as The Natural Disasters retained the championship belts in their match against the Beverly Brothers. One of the heavily promoted matches on the undercard was between Shawn Michaels and Rick Martel. The match, which had a special stipulation that the wrestlers could not hit each other in the face, ended in a double count-out.  The WWF considers the crowd to be the third largest live audience ever to attend a WWF/E event, with 80,355 in attendance.",All the Way from Wembley Stadium,Released,False,True,1992-08-29,166,0,0,1.2071,8.0,11,en,http://www.wwe.com/shows/summerslam/1992‎,tt0286998,/wBNDK5Ycy6A9CLNpDGhVMYMYZpH.jpg,/4JABlUOq58Dvz29bf2WgqriSObR.jpg,"[{""id"": 28, ""name"": ""Action""}, {""id"": 18, ""name"": ""Drama""}]","[{""id"": 146598, ""logo_path"": ""/6B6g6PR19RWX4UVi8Q46lZbwb2L.png"", ""name"": ""World Wrestling Entertainment (WWE)"", ""origin_country"": ""US""}]","[{""iso_3166_1"": ""US"", ""name"": ""United States of America""}]","[{""english_name"": ""English"", ""iso_639_1"": ""en"", ""name"": ""English""}]","[""US""]",null
186927,The Weird Man,神通術與小霸王,"Chang is known for his lone swordsman and hero movies and strangely The Weird Man still reflects this. Cheng plays a righteous, beheaded priest with supernatural powers that returns from the dead to wreak havoc against one of the corrupt kingdoms, making Cheng a heroic swords-ghost.",,Released,False,False,1983-01-01,87,0,0,1.7799,4.5,8,zh,,tt0086574,/3E33JbcTSg2r8gSaZylSfD6QST3.jpg,/219oyNQIYTXcWa6ZzVip8h0ppHk.jpg,"[{""id"": 28, ""name"": ""Action""}, {""id"": 14, ""name"": ""Fantasy""}]","[{""id"": 5798, ""logo_path"": ""/tmuI9BGXgpWLmokhlxpnG3IGNQB.png"", ""name"": ""Shaw Brothers"", ""origin_country"": ""HK""}]","[{""iso_3166_1"": ""HK"", ""name"": ""Hong Kong""}]","[{""english_name"": ""Mandarin"", ""iso_639_1"": ""zh"", ""name"": ""\u666e\u901a\u8bdd""}]","[""HK""]",null
186929,Borgman,Borgman,"An enigmatic vagrant cons himself into the home life of an arrogant upper-class family, turning their lives into a psychological nightmare in the process.",,Released,False,False,2013-08-29,113,0,0,1.0691,6.509,352,nl,,tt1954315,/kasPhXDk4BI4FUS3ku5Y4GrgBJY.jpg,/d6ZaqMPzteFbvUvIZce9cTYUcn.jpg,"[{""id"": 53, ""name"": ""Thriller""}, {""id"": 18, ""name"": ""Drama""}]","[{""id"": 32473, ""logo_path"": ""/pyamoFFEqp9BLekCMRrdlFcp1hk.png"", ""name"": ""Graniet Film"", ""origin_country"": ""NL""}, {""id"": 32474, ""logo_path"": null, ""name"": ""Epidemic"", ""origin_country"": ""BE""}, {""id"": 129660, ""logo_path"": ""/iVwl8n2Pt1mAws3UPCZ9lbG0RZa.png"", ""name"": ""Angel Films"", ""origin_country"": ""DK""}]","[{""iso_3166_1"": ""NL"", ""name"": ""Netherlands""}, {""iso_3166_1"": ""DK"", ""name"": ""Denmark""}, {""iso_3166_1"": ""BE"", ""name"": ""Belgium""}]","[{""english_name"": ""English"", ""iso_639_1"": ""en"", ""name"": ""English""}, {""english_name"": ""Dutch"", ""iso_639_1"": ""nl"", ""name"": ""Nederlands""}]","[""NL""]",null
186932,Westward Passage,Westward Passage,"A struggling writer divorces his wife to pursue his career without interference, but they meet in Europe years later after she has remarried.",A story of divorce and second marriage that plumbs the secret heart of womankind!,Released,False,False,1932-05-27,73,0,0,0.4257,5.8,5,en,,tt0023684,/bsfzNYFfPwiDjsnevepMoZBAjHn.jpg,/fvwvQYU2p6A4HIE4bS8vbFTEjIb.jpg,"[{""id"": 10749, ""name"": ""Romance""}, {""id"": 18, ""name"": ""Drama""}]","[{""id"": 105710, ""logo_path"": null, ""name"": ""RKO Path\u00e9 Pictures"", ""origin_country"": ""US""}]","[{""iso_3166_1"": ""US"", ""name"": ""United States of America""}]","[{""english_name"": ""English"", ""iso_639_1"": ""en"", ""name"": ""English""}, {""english_name"": ""French"", ""iso_639_1"": ""fr"", ""name"": ""Fran\u00e7ais""}, {""english_name"": ""German"", ""iso_639_1"": ""de"", ""name"": ""Deutsch""}]","[""US""]",null
186930,"Mad, Mad 83",瘋狂83,shaw production,,Released,False,False,1983-08-20,90,0,0,1.3511,0.0,0,cn,,tt0085531,/n0i3wkpeT5yMsnSUcwlQ54AV2Xc.jpg,/mTjd2R9a4woNLud3AHP5i6usRLg.jpg,[],"[{""id"": 5798, ""logo_path"": ""/tmuI9BGXgpWLmokhlxpnG3IGNQB.png"", ""name"": ""Shaw Brothers"", ""origin_country"": ""HK""}]","[{""iso_3166_1"": ""HK"", ""name"": ""Hong Kong""}]","[{""english_name"": ""Cantonese"", ""iso_639_1"": ""cn"", ""name"": ""\u5e7f\u5dde\u8bdd / \u5ee3\u5dde\u8a71""}]","[""HK""]",null
186936,Bloodsucking Redneck Vampires,Bloodsucking Redneck Vampires,"Sexy vampire Catherine and her familiar Lendel are on the run from a ruthless vampire hunter. They hide out in the small redneck town of Backwash, where Catherine hatches a plan to turn the backwoods folk into an army of her vampire slaves. Cultures further clash when Ma Poissier wins a free room redecoration by fruity Frenchman Jean-Claude Les Eaux, who tries his best to fit in with crazy hillbillies like Lil' Junior and his buddy Cletus. Beer drinking, bean eating, tripe cooking, shower peeping, competitive farting, strip poker playing and all manner of insanity follow, all leading up to the town's annual Tripe Days Festival.",,Released,False,False,2004-06-10,108,0,0,0.1116,0.0,0,en,,tt0421758,/fVGI5hSb80NVkEdyukzWzgYJxur.jpg,,"[{""id"": 35, ""name"": ""Comedy""}, {""id"": 27, ""name"": ""Horror""}]","[{""id"": 48848, ""logo_path"": null, ""name"": ""Sub Rosa Studios"", ""origin_country"": ""US""}]","[{""iso_3166_1"": ""US"", ""name"": ""United States of America""}]",[],"[""US""]",null
186935,Heli,Heli,Heli must try and protect his young family when his 12-year-old sister inadvertently involves them in the brutal drug world. He must battle against the drug cartel that have been angered as well as the corrupt police force.,,Released,False,False,2013-08-09,105,1000000,0,1.0355,6.6,156,es,,tt2852376,/cblCQ0h5oFYlufWoYeFJZAYm0bZ.jpg,/q4xhZ4GYIgZ9hTyIMhVpYieLrwO.jpg,"[{""id"": 80, ""name"": ""Crime""}, {""id"": 18, ""name"": ""Drama""}, {""id"": 10749, ""name"": ""Romance""}]","[{""id"": 863, ""logo_path"": null, ""name"": ""Mantarraya Producciones"", ""origin_country"": ""MX""}, {""id"": 22621, ""logo_path"": null, ""name"": ""Tres Tunas"", ""origin_country"": ""MX""}, {""id"": 864, ""logo_path"": null, ""name"": ""No Dream Cinema"", ""origin_country"": ""MX""}, {""id"": 5125, ""logo_path"": ""/t3oWTsVukmEzrZzvfr37XRBibo5.png"", ""name"": ""Le Pacte"", ""origin_country"": ""FR""}, {""id"": 9980, ""logo_path"": ""/tvtK88MhdxjOZN3zSeyrkP8iWd1.png"", ""name"": ""Fondo para la Producci\u00f3n Cinematogr\u00e1fica de Calidad"", ""origin_country"": ""MX""}, {""id"": 14547, ""logo_path"": ""/ubSOjyWFqQG4E1kaJmvPdOQ52qR.png"", ""name"": ""unafilm"", ""origin_country"": ""DE""}, {""id"": 2345, ""logo_path"": ""/nozBgqHmM9A22IHkghTnLiUrM7Q.png"", ""name"": ""Lemming Film"", ""origin_country"": ""NL""}, {""id"": 22623, ""logo_path"": null, ""name"": ""Ticoman"", ""origin_country"": ""MX""}, {""id"": 22624, ""logo_path"": null, ""name"": ""Ik\u00e9 Asistencia"", ""origin_country"": """"}, {""id"": 5439, ""logo_path"": ""/yzcxOpyPQs9bA5g6GPYRklImYQv.png"", ""name"": ""Consejo Nacional para la Cultura y las Artes"", ""origin_country"": ""MX""}]","[{""iso_3166_1"": ""FR"", ""name"": ""France""}, {""iso_3166_1"": ""DE"", ""name"": ""Germany""}, {""iso_3166_1"": ""MX"", ""name"": ""Mexico""}, {""iso_3166_1"": ""NL"", ""name"": ""Netherlands""}]","[{""english_name"": ""Spanish"", ""iso_639_1"": ""es"", ""name"": ""Espa\u00f1ol""}]","[""MX""]",null
186940,"Hong Kong, Hong Kong",男與女,"Hong Kong, Hong Kong is the story of a young woman, Man Si Sun, who has arrived illegally in Hong Kong from mainland China, and Kong Yuen Sang, a young man who is a gambler and wannabe boxing champion.",,Released,False,False,1983-07-21,97,0,0,2.0464,6.4,13,cn,,tt0125784,/AreK6BTfKwMeGxRf0EOGi9LkvD5.jpg,/s1MWo1ohZgFS4KzvUQOeMfBgUxV.jpg,"[{""id"": 18, ""name"": ""Drama""}, {""id"": 10749, ""name"": ""Romance""}]","[{""id"": 5798, ""logo_path"": ""/tmuI9BGXgpWLmokhlxpnG3IGNQB.png"", ""name"": ""Shaw Brothers"", ""origin_country"": ""HK""}]","[{""iso_3166_1"": ""HK"", ""name"": ""Hong Kong""}]","[{""english_name"": ""Cantonese"", ""iso_639_1"": ""cn"", ""name"": ""\u5e7f\u5dde\u8bdd / \u5ee3\u5dde\u8a71""}]","[""HK""]",null
186941,"Take Care, Your Majesty",皇帝保重,shaw production,,Released,False,False,1983-08-12,81,0,0,1.5044,0.0,0,cn,,tt0086408,/q1quNxfjLGPnPDCasD9p0JrFZvK.jpg,/sZfBwcpJ09XzyA488WzBUXmKWUr.jpg,[],"[{""id"": 5798, ""logo_path"": ""/tmuI9BGXgpWLmokhlxpnG3IGNQB.png"", ""name"": ""Shaw Brothers"", ""origin_country"": ""HK""}]","[{""iso_3166_1"": ""HK"", ""name"": ""Hong Kong""}]","[{""english_name"": ""Cantonese"", ""iso_639_1"": ""cn"", ""name"": ""\u5e7f\u5dde\u8bdd / \u5ee3\u5dde\u8a71""}]","[""HK""]",null
186938,Great Day,Great Day,"An impending V.I.P. visit causes bustle in an English village, while the Ellis family struggles with private problems.",You've seen such girls in this town,Released,False,False,1945-07-09,80,0,0,0.903,7.3,5,en,,tt0037748,/8RKWukHFmo4cz6t7xJKfLorm9Xg.jpg,/jZM3HPTlHSMn4zW0m3xAhQUFfQ5.jpg,"[{""id"": 18, ""name"": ""Drama""}]","[{""id"": 14127, ""logo_path"": null, ""name"": ""Victor Hanbury Productions"", ""origin_country"": """"}, {""id"": 14128, ""logo_path"": null, ""name"": ""RKO Radio British Productions"", ""origin_country"": ""GB""}, {""id"": 6, ""logo_path"": ""/n53F7K9scQWFXYbrCablqLKqJdp.png"", ""name"": ""RKO Radio Pictures"", ""origin_country"": ""US""}]","[{""iso_3166_1"": ""GB"", ""name"": ""United Kingdom""}]","[{""english_name"": ""English"", ""iso_639_1"": ""en"", ""name"": ""English""}]","[""US"", ""GB""]",null
186942,Innocent Sinners,Innocent Sinners,A neglected girl in post-World War II London befriends street urchins who help her build a tiny garden in a bombed-out church.,,Released,False,False,1958-03-25,95,0,0,0.4827,7.0,3,en,,tt0051778,/oC9Hus9fW7Y0BIkhKKDVapHmn9h.jpg,,"[{""id"": 18, ""name"": ""Drama""}]","[{""id"": 364, ""logo_path"": null, ""name"": ""The Rank Organisation"", ""origin_country"": ""GB""}]","[{""iso_3166_1"": ""GB"", ""name"": ""United Kingdom""}]","[{""english_name"": ""English"", ""iso_639_1"": ""en"", ""name"": ""English""}]","[""GB""]",null
186944,The Cute Little Fellow,男女方程式,shaw production,,Released,False,False,1984-01-01,85,0,0,1.1292,0.0,0,zh,,tt0121586,/xC8AhIclKq7GF6C1CfsIVXrLNuD.jpg,/b2Q6q9QJtK9GzcWUPoTj0KJXXIP.jpg,"[{""id"": 35, ""name"": ""Comedy""}, {""id"": 10749, ""name"": ""Romance""}]","[{""id"": 5798, ""logo_path"": ""/tmuI9BGXgpWLmokhlxpnG3IGNQB.png"", ""name"": ""Shaw Brothers"", ""origin_country"": ""HK""}]","[{""iso_3166_1"": ""HK"", ""name"": ""Hong Kong""}]","[{""english_name"": ""Mandarin"", ""iso_639_1"": ""zh"", ""name"": ""\u666e\u901a\u8bdd""}]","[""HK""]",null
186946,The Hunt,A Caça,"Two friends decide to go hunting but without guns, so that no accident will happen. As they stroll and talk, one of them falls into a hole in a hidden marshland. His friend runs away, and manages to gather a number of men that were in the vicinity. They form a human chain to pull the victim out, but their affliction mounts, as they have no strategy for doing it, and they can't understand each other.",,Released,False,False,1964-01-20,21,0,0,0.2125,7.1,15,pt,,tt0057928,/jPf9dAWgbsCLq5zAsbGq1Utk8Er.jpg,,"[{""id"": 18, ""name"": ""Drama""}]","[{""id"": 10178, ""logo_path"": null, ""name"": ""Tobis Portuguesa"", ""origin_country"": ""PT""}]","[{""iso_3166_1"": ""PT"", ""name"": ""Portugal""}]","[{""english_name"": ""Portuguese"", ""iso_639_1"": ""pt"", ""name"": ""Portugu\u00eas""}]","[""PT""]",null
186947,Manowar: Blood in Brazil,Manowar: Blood in Brazil,"Manowar Blood in Brazil, performed 26th September 1998, Sao Paulo, Brazil.  Metal Daze  Blood of my Enemies  Kill with Power  Sign of the Hammer  Gates of Valhalla  Sting of the Bumblebee  The Gods Made Heavy Metal  Metal Warriors  Kings of Metal  The Power  Hail and kill  Black wind, Fire and Steel  The Crown and the King",,Released,False,False,1998-09-25,86,0,0,0.0538,0.0,0,en,,,/pw9jIbVWpJNXpINS8IffUrhNClf.jpg,,[],[],[],"[{""english_name"": ""English"", ""iso_639_1"": ""en"", ""name"": ""English""}]","[""US""]",null
186948,The Ugly Tycoon,大鱷群雌,"A girlie bar singer Shih Mei-na is wooed by an underworld tycoon Chia and marries him after he agrees to provide for her family. Her childhood friend, a young film star Yen Fang-fang, is seduced by Chia’s handsome employee Johnny and is cheated out of a large sum of money. Yen is later forced to become a notable’s mistress.",,Released,False,False,1984-01-13,100,0,0,0.6171,5.0,1,cn,,tt1275585,/bCsHfxELSzbSoy8MEmOAQpKn3gG.jpg,,[],"[{""id"": 109363, ""logo_path"": null, ""name"": ""Golden Film (Lui Chi) Company"", ""origin_country"": """"}, {""id"": 5798, ""logo_path"": ""/tmuI9BGXgpWLmokhlxpnG3IGNQB.png"", ""name"": ""Shaw Brothers"", ""origin_country"": ""HK""}]","[{""iso_3166_1"": ""HK"", ""name"": ""Hong Kong""}]","[{""english_name"": ""Cantonese"", ""iso_639_1"": ""cn"", ""name"": ""\u5e7f\u5dde\u8bdd / \u5ee3\u5dde\u8a71""}]","[""HK""]",null
186950,Bread,O Pão,"Each day, Man must work around the clock to produce and acquire bread: throwing the seeds into earth, helping the breeding of the corn, the corn's recolt, transport to the mills – traditional or industrial ones – manipulation of the flour into actual bread, transport to a variety of locations and consumers. And then, after the consumption, the cycle restarts.",,Released,False,False,1959-11-28,59,0,0,0.3629,6.0,2,pt,,tt0053195,/AlRNSs5t0BuT3MhdDjIvaYHQVAI.jpg,/zu0SKoINX6bdNMDWOe26FsG8Ahw.jpg,"[{""id"": 99, ""name"": ""Documentary""}]","[{""id"": 173440, ""logo_path"": null, ""name"": ""Federa\u00e7\u00e3o Nacional dos Produtores de Trigo (FNIM)"", ""origin_country"": """"}]","[{""iso_3166_1"": ""PT"", ""name"": ""Portugal""}]","[{""english_name"": ""Latin"", ""iso_639_1"": ""la"", ""name"": ""Latin""}, {""english_name"": ""Portuguese"", ""iso_639_1"": ""pt"", ""name"": ""Portugu\u00eas""}]","[""PT""]",null
186952,Mostly Autumn Live At The Boerderij,Mostly Autumn Live At The Boerderij,"Recorded live at the Boerderij, Zoetermeer, Netherlands, 15th September 2012 Line-up / Musicians - Bryan Josh / guitar, vocals - Olivia Sparnenn / vocals, tambourine - Iain Jennings / keyboards - Anne-Marie Helder / flute, keyboards, vocals - Liam Davison / guitar - Andy Smith / bass - Gavin Griffiths / drums",concert progressive rock,Released,False,False,,136,0,0,0.0,0.0,0,en,http://www.mostly-autumn.com/mostlyautumnrecords/3/Products/Live_At_The_Boerderij/,,,,[],[],[],[],"[""US""]",null
186955,The Artist and the City,O Pintor e a Cidade,"The painter António Cruz wanders around the city of Porto painting what he sees: old and modern buildings, people arriving and leaving work in the factories, children playing. The impressionist realism of Cruz’s drawings dissolves into Oliveira’s vision of Porto, which at the same time portrays the painter and his work.",,Released,False,False,1956-11-26,26,0,0,0.1693,7.7,16,pt,,tt0049620,/zWXE1JhXFx4qIsi8XvAzCuXTFzL.jpg,/o1ml0gPBAmW73hyR2ba8ihY6pJX.jpg,"[{""id"": 99, ""name"": ""Documentary""}]",[],"[{""iso_3166_1"": ""PT"", ""name"": ""Portugal""}]",[],"[""PT""]",null
186958,Asia-Pol,亚洲秘密警探,"Yang Ming Xuan intercepts a truckload of contraband, but the criminals stage a brazen helicopter attack, ruthlessly eliminating their own operatives and destroying most of the shipment before it can be confiscated. In the process, Ming Xuan's partner is killed, and the young agent is brought to the unwelcome attention of the leader of the smuggling operation.",,Released,False,False,1967-06-23,97,0,0,1.1629,6.7,5,cn,,tt0202217,/wRMl0l6WnLwnI2uydlMVoRCmvS7.jpg,/uKfz3OX70zBRIyzPQ7fZ4AqLJaV.jpg,"[{""id"": 80, ""name"": ""Crime""}, {""id"": 18, ""name"": ""Drama""}]","[{""id"": 5798, ""logo_path"": ""/tmuI9BGXgpWLmokhlxpnG3IGNQB.png"", ""name"": ""Shaw Brothers"", ""origin_country"": ""HK""}, {""id"": 955, ""logo_path"": ""/5xnXD3PJI1HqOJceSAKZ3fDqO1V.png"", ""name"": ""Nikkatsu Corporation"", ""origin_country"": ""JP""}]","[{""iso_3166_1"": ""HK"", ""name"": ""Hong Kong""}, {""iso_3166_1"": ""JP"", ""name"": ""Japan""}]","[{""english_name"": ""Japanese"", ""iso_639_1"": ""ja"", ""name"": ""\u65e5\u672c\u8a9e""}, {""english_name"": ""French"", ""iso_639_1"": ""fr"", ""name"": ""Fran\u00e7ais""}, {""english_name"": ""Mandarin"", ""iso_639_1"": ""zh"", ""name"": ""\u666e\u901a\u8bdd""}]","[""HK""]",null
186959,Woton's Wake,Woton's Wake,"Woton Wretchichevsky has a disfigured face, dresses in a cloak and mask, and stalks couples to burn them with a blowtorch. He is also a sculptor of steel and garbage installations. One day, one of his creations comes to life in the form of a young woman. She flees from him when he tries to express his love by pointing his blowtorch at her.",,Released,False,False,1963-05-26,27,0,0,0.4495,6.1,9,en,,tt0257277,/Ba8UXZlBYsX4YZbJom5IlNpWK0.jpg,,"[{""id"": 27, ""name"": ""Horror""}, {""id"": 35, ""name"": ""Comedy""}]",[],"[{""iso_3166_1"": ""US"", ""name"": ""United States of America""}]","[{""english_name"": ""English"", ""iso_639_1"": ""en"", ""name"": ""English""}]","[""US""]",null
186964,Hotel y domicilio,Hotel y domicilio,"Ángel works as a forensic doctor in a medium-sized city. Abandoned by his partner, a psychiatrist friend and neighbor helps him, induces him to play sports, and directs him to a dating agency to solve his most pressing problem. This is how Ángel meets Bruno, a hustler in his early twenties , and Mavi, a prostitute with whom he maintains a friendly relationship. But in Bruno's past there is Guillermo, a former police officer who was his pimp until a conviction separated them...",,Released,False,False,1995-10-26,105,0,0,0.4498,1.0,2,es,,tt0113338,/2MwrdlzTHEsgEzrseZGu3Hx4dqP.jpg,/qIF0oWGWNa9Z5N8qSDF8mK44AI1.jpg,"[{""id"": 18, ""name"": ""Drama""}]","[{""id"": 41534, ""logo_path"": null, ""name"": ""Lan Zinema / Sendeja Films"", ""origin_country"": """"}]","[{""iso_3166_1"": ""ES"", ""name"": ""Spain""}]","[{""english_name"": ""Spanish"", ""iso_639_1"": ""es"", ""name"": ""Espa\u00f1ol""}]","[""ES""]",null
186963,Simones Entscheidung,Simones Entscheidung,Architect shuttles between two husbands.,,Released,False,False,1997-03-03,90,0,0,0.3,0.0,0,en,,tt0120132,,,[],"[{""id"": 680, ""logo_path"": ""/2GQ81QeLGGR9qnYhqGuDoYdsPw4.png"", ""name"": ""Studio Hamburg Filmproduktion"", ""origin_country"": ""DE""}, {""id"": 4606, ""logo_path"": ""/otZHbf1HmzLRQsZFSqJXkf8EHz7.png"", ""name"": ""ZDF"", ""origin_country"": ""DE""}]","[{""iso_3166_1"": ""DE"", ""name"": ""Germany""}]","[{""english_name"": ""German"", ""iso_639_1"": ""de"", ""name"": ""Deutsch""}]","[""US""]",null
186965,Sunday Afternoon,Domingo à Tarde,"Reflections on life and death unfold through the eyes of Jorge, the head doctor of the Haematology Department, whose world is plunged into despair when he falls in love with Clarisse, a woman suffering from advanced leukemia.",,Released,False,False,1966-04-13,90,0,0,0.4373,7.2,5,pt,,tt0059115,/jVnZdsvAtjBTZwpq7u2Kj3rm5iK.jpg,/iKZMxUkmssnUt8PKYGxh0C2mhEU.jpg,"[{""id"": 18, ""name"": ""Drama""}]","[{""id"": 15446, ""logo_path"": null, ""name"": ""Produ\u00e7\u00f5es Cunha Telles"", ""origin_country"": ""PT""}]","[{""iso_3166_1"": ""PT"", ""name"": ""Portugal""}]","[{""english_name"": ""Portuguese"", ""iso_639_1"": ""pt"", ""name"": ""Portugu\u00eas""}]","[""PT""]",null
186966,O Princípio da Sabedoria,O Princípio da Sabedoria,"In the gardens of a large village house belonging to a reclusive architect, a hand is found. In a sign placed at the gates of the property, the architect annouces he will return it to whoever proves to be the owner.",,Released,False,False,1976-11-01,155,0,0,0.1458,0.0,0,pt,,tt0073574,/x8DcE2zz6xfjgnRqGiO13UvJiQl.jpg,,"[{""id"": 18, ""name"": ""Drama""}]","[{""id"": 10178, ""logo_path"": null, ""name"": ""Tobis Portuguesa"", ""origin_country"": ""PT""}]","[{""iso_3166_1"": ""PT"", ""name"": ""Portugal""}]","[{""english_name"": ""Portuguese"", ""iso_639_1"": ""pt"", ""name"": ""Portugu\u00eas""}]","[""PT""]",null
186967,Tras-os-Montes,Trás-os-Montes,"The first feature in António Reis and Margarida Cordeiro’s trilogy is a journey through this almost mythical region of north-east Portugal, a tapestry of micronarratives where past, present and future become intertwined.",,Released,False,False,1976-06-10,108,0,0,0.1692,6.9,13,pt,,tt0075354,/1SpExnhCADsKa5q6y4GeCojP4kH.jpg,/2C0PZONReMPZkhYmioIvr14vdUB.jpg,"[{""id"": 99, ""name"": ""Documentary""}]","[{""id"": 10178, ""logo_path"": null, ""name"": ""Tobis Portuguesa"", ""origin_country"": ""PT""}, {""id"": 18867, ""logo_path"": null, ""name"": ""Centro Portugu\u00eas de Cinema (CPC)"", ""origin_country"": ""PT""}, {""id"": 8492, ""logo_path"": ""/wYhNCpXIThYDXevad6n90vsMXZ2.png"", ""name"": ""RTP"", ""origin_country"": ""PT""}]","[{""iso_3166_1"": ""PT"", ""name"": ""Portugal""}]","[{""english_name"": ""Portuguese"", ""iso_639_1"": ""pt"", ""name"": ""Portugu\u00eas""}]","[""PT""]",null
186969,Rainbow Fireflies,虹色ほたる 〜永遠の夏休み〜,"One year ago, Yūta lost his father in a car crash. Now in the 6th grade, Yūta goes to catch beetles in a dam near a mountain, a place he often went with his father. There, Yūta meets a strange old man, and while walking in heavy rainfall, slips and blacks out. When Yūta awakes, he sees a child, Saeko, who shows him a village from the past. A precious summer vacation for Yūta begins.",,Released,False,False,2012-05-19,105,0,0,1.9894,7.1,6,ja,https://lineup.toei-anim.co.jp/en/movie/nijiirohotaru/,tt2450486,/hNiOMm90Ei3prxgh3nnbXv9WVKG.jpg,/qnWmb4S1DHbh4CrJMORiZZKCzL5.jpg,"[{""id"": 14, ""name"": ""Fantasy""}, {""id"": 16, ""name"": ""Animation""}]","[{""id"": 5542, ""logo_path"": ""/ayE4LIqoAWotavo7xdvYngwqGML.png"", ""name"": ""Toei Animation"", ""origin_country"": ""JP""}]","[{""iso_3166_1"": ""JP"", ""name"": ""Japan""}]","[{""english_name"": ""Japanese"", ""iso_639_1"": ""ja"", ""name"": ""\u65e5\u672c\u8a9e""}]","[""JP""]",null
186970,Grigris,Grigris,"Souleymane, 25, dreams of being a dancer in spite of having a paralyzed leg. At nightclubs, he transforms into the beloved dancer Grigris, impressing people with his moves. However, when his stepfather falls seriously ill, Souleymane desperately needs money and decides to work for petrol smugglers.",,Released,False,False,2013-07-10,101,0,0,0.4437,5.9,19,fr,,tt2852394,/lfiIYLRZJehim4ZaCkoKj4dv5do.jpg,/plLF8Xj4ADJ2XtEnGDoG5XqKyhV.jpg,"[{""id"": 18, ""name"": ""Drama""}, {""id"": 80, ""name"": ""Crime""}]","[{""id"": 89839, ""logo_path"": ""/ow9FiFejtLYJzYGvkvt7MWyI6RJ.png"", ""name"": ""Pili Films"", ""origin_country"": ""FR""}, {""id"": 54781, ""logo_path"": null, ""name"": ""G\u00f6i-G\u00f6i Productions"", ""origin_country"": ""TD""}, {""id"": 591, ""logo_path"": ""/q5I5RDwMEiqoNmfaJgd2LraEOJY.png"", ""name"": ""France 3 Cin\u00e9ma"", ""origin_country"": ""FR""}]","[{""iso_3166_1"": ""TD"", ""name"": ""Chad""}, {""iso_3166_1"": ""FR"", ""name"": ""France""}]","[{""english_name"": ""Arabic"", ""iso_639_1"": ""ar"", ""name"": ""\u0627\u0644\u0639\u0631\u0628\u064a\u0629""}, {""english_name"": ""French"", ""iso_639_1"": ""fr"", ""name"": ""Fran\u00e7ais""}]","[""TD""]",null
186973,Camelot: The Legend,Camelot: The Legend,"The legend of Guinevere and Lancelot, retold as a loopy, animated musical.",,Released,False,False,1998-07-21,69,0,0,0.4924,5.2,5,en,,tt1851873,/4dYZjybahVfku3mBfDwpeoFbCHs.jpg,/e0TDrqcn568GYvZC0BX5ewy6i0d.jpg,"[{""id"": 16, ""name"": ""Animation""}, {""id"": 14, ""name"": ""Fantasy""}]","[{""id"": 31197, ""logo_path"": ""/1x9nmZipM4y22KyjPp5jAih1v7P.png"", ""name"": ""Tundra Productions"", ""origin_country"": ""US""}]","[{""iso_3166_1"": ""US"", ""name"": ""United States of America""}]","[{""english_name"": ""English"", ""iso_639_1"": ""en"", ""name"": ""English""}]","[""US""]",null
186971,Age of Uprising: The Legend of Michael Kohlhaas,Michael Kohlhaas,"In the 16th century in the Cévennes, a horse dealer by the name of Michael Kohlhaas leads a happy and prosperous family life. When a lord treats him unjustly, this pious, upstanding man raises an army and puts the country to fire and sword in order to have his rights restored.",,Released,False,False,2013-08-14,122,0,0,1.0369,5.9,229,fr,,tt2054790,/hlLec0D9nq9TSv5OjbgqPqEDGKK.jpg,/7OFw4NIC6RPQtKonm8kU6yR2VC5.jpg,"[{""id"": 18, ""name"": ""Drama""}, {""id"": 36, ""name"": ""History""}]","[{""id"": 76921, ""logo_path"": ""/dkPpGhEL2uQ5bmNDAqSZRFp894g.png"", ""name"": ""Les Films d'Ici"", ""origin_country"": ""FR""}, {""id"": 32536, ""logo_path"": ""/zVBXUgux1SxaX9LlCtos0MH1q05.png"", ""name"": ""LOOKSfilm"", ""origin_country"": ""DE""}, {""id"": 94, ""logo_path"": ""/huC7HqorvUThGIrENrbcHmQVUA0.png"", ""name"": ""ARTE France Cin\u00e9ma"", ""origin_country"": ""FR""}, {""id"": 11237, ""logo_path"": ""/nzPEges9ftjCDQWru0qrIfTX8OR.png"", ""name"": ""ZDF/Arte"", ""origin_country"": ""DE""}, {""id"": 109756, ""logo_path"": ""/sudlIoNIIrKmVWaYD2ZVo9HGogW.png"", ""name"": ""Auvergne-Rh\u00f4ne-Alpes Cin\u00e9ma"", ""origin_country"": ""FR""}, {""id"": 7673, ""logo_path"": null, ""name"": ""H\u00e9rodiade"", ""origin_country"": ""FR""}, {""id"": 17174, ""logo_path"": null, ""name"": ""K'Ien Productions"", ""origin_country"": ""FR""}]","[{""iso_3166_1"": ""FR"", ""name"": ""France""}, {""iso_3166_1"": ""DE"", ""name"": ""Germany""}]","[{""english_name"": ""German"", ""iso_639_1"": ""de"", ""name"": ""Deutsch""}, {""english_name"": ""French"", ""iso_639_1"": ""fr"", ""name"": ""Fran\u00e7ais""}, {""english_name"": ""Occitan"", ""iso_639_1"": ""oc"", ""name"": """"}]","[""FR""]",null
186974,Sarah Prefers to Run,Sarah préfère la course,"When Sarah has a chance to go to a first class university and to join its premiere athletic club, her suburban mother is fearful of the change and refuses to help financially. But Sarah's roommate knows that they will get a grant if they marry. Sarah agrees but only to discover that her true heart lies elsewhere. Sarah prefers to run.",,Released,False,False,2013-05-21,96,0,0,0.7879,5.9,29,fr,,tt2384328,/t2H08fxb0FSWRW3WwC70JFgq8xL.jpg,/wZlbWV0z9iecfJg2rkB7azTBwR4.jpg,"[{""id"": 18, ""name"": ""Drama""}]","[{""id"": 16039, ""logo_path"": ""/8vVMTmyjT5tRgiVeptu5cvjVc8Y.png"", ""name"": ""La Bo\u00eete \u00e0 Fanny"", ""origin_country"": ""CA""}]","[{""iso_3166_1"": ""CA"", ""name"": ""Canada""}]","[{""english_name"": ""French"", ""iso_639_1"": ""fr"", ""name"": ""Fran\u00e7ais""}]","[""FR"", ""CA""]",null
186975,"Norte, the End of History","Norte, Hangganan ng Kasaysayan",An embittered law student commits a brutal double murder; a family man takes the fall and is forced to take a harsh sentence; and a mother and her two children wander the countryside in search of some kind of redemption.,Unravelling at the speed of life.,Released,False,False,2014-03-11,250,0,0,0.993,7.429,63,tl,,tt2852432,/23FlJD2ykd4M7RTQ7A9HNayYOQy.jpg,/mkLPEV7raBVlpKZTlJjZ3LpsXSj.jpg,"[{""id"": 80, ""name"": ""Crime""}, {""id"": 18, ""name"": ""Drama""}]","[{""id"": 59279, ""logo_path"": null, ""name"": ""Origin8 Media"", ""origin_country"": ""PH""}, {""id"": 67834, ""logo_path"": null, ""name"": ""Wacky O Productions"", ""origin_country"": """"}, {""id"": 67835, ""logo_path"": null, ""name"": ""Kayan Productions"", ""origin_country"": """"}]","[{""iso_3166_1"": ""PH"", ""name"": ""Philippines""}]","[{""english_name"": ""Tagalog"", ""iso_639_1"": ""tl"", ""name"": """"}, {""english_name"": ""English"", ""iso_639_1"": ""en"", ""name"": ""English""}]","[""PH""]",null
186979,7enty 5ive - Pray for Mercy,7enty 5ive - Pray for Mercy,,,Released,False,False,2007-08-23,0,0,0,0.1675,0.0,0,de,,,/robsTzhwSk8f8ATeenXCZ0PQ45l.jpg,,"[{""id"": 27, ""name"": ""Horror""}, {""id"": 53, ""name"": ""Thriller""}]",[],[],"[{""english_name"": ""German"", ""iso_639_1"": ""de"", ""name"": ""Deutsch""}, {""english_name"": ""English"", ""iso_639_1"": ""en"", ""name"": ""English""}]","[""DE""]",null
186976,The Golden Dream,La jaula de oro,"A group of Central-American teen-agers depart from the slums of Guatemala City escaping poverty and violence, towards the promised land of California.",,Released,False,False,2013-10-25,110,2500000,0,0.5004,6.852,152,es,,tt2042583,/95RJFUkUzy9iskS8lhCMJpMbHYH.jpg,/nurGOIIEQEJIfBerLXLpDhOr7yu.jpg,"[{""id"": 18, ""name"": ""Drama""}]","[{""id"": 14707, ""logo_path"": ""/lXULDRRWb50uPhp9HVWLkoqp2w5.png"", ""name"": ""Animal de Luz Films"", ""origin_country"": ""MX""}, {""id"": 14708, ""logo_path"": ""/bLuRxWwHJ0BM6PYR3QFfasd32Q4.png"", ""name"": ""Machete Producciones"", ""origin_country"": ""MX""}, {""id"": 9971, ""logo_path"": null, ""name"": ""Castafiore Films"", ""origin_country"": ""ES""}]","[{""iso_3166_1"": ""GT"", ""name"": ""Guatemala""}, {""iso_3166_1"": ""MX"", ""name"": ""Mexico""}, {""iso_3166_1"": ""ES"", ""name"": ""Spain""}]","[{""english_name"": ""Spanish"", ""iso_639_1"": ""es"", ""name"": ""Espa\u00f1ol""}]","[""MX""]",null
186980,Steve Harley & Cockney Rebel:The Comeback All Is Forgiven Tour,Steve Harley & Cockney Rebel:The Comeback All Is Forgiven Tour,Live in concert in 1989,,Released,False,False,,90,0,0,0.0071,0.0,0,en,,,,,[],[],[],[],"[""US""]",null
186982,A Liberal Passion,Passione Sinistra,"When an uncompromising idealist and rich, arrogant heir cross paths, their contrasting beliefs begin to shift when they fall for each other.",,Released,False,False,2013-04-18,88,2500000,0,0.4427,5.6,100,it,,tt2882850,/8UDMUdvE8zD6VjdzvU4vwn2ZB2u.jpg,/qkaySVriokZeUPAT0ahj70ZnqNc.jpg,"[{""id"": 35, ""name"": ""Comedy""}, {""id"": 10749, ""name"": ""Romance""}]","[{""id"": 27559, ""logo_path"": null, ""name"": ""Bianca Film"", ""origin_country"": ""IT""}, {""id"": 155990, ""logo_path"": ""/py9VaywwK6KVi94YwrxSKVg1gkh.png"", ""name"": ""RAI Cinema"", ""origin_country"": ""IT""}]","[{""iso_3166_1"": ""IT"", ""name"": ""Italy""}]","[{""english_name"": ""Italian"", ""iso_639_1"": ""it"", ""name"": ""Italiano""}]","[""IT""]",null
186988,Honey,Miele,"Irene, nicknamed 'Miele', has devote herself to people looking for help, and tries to alleviate their suffering even when they make extreme decisions. One day she has to cope with Grimaldi and his invisible malaise.",,Released,False,False,2013-05-01,96,0,0,0.992,6.6,69,it,,tt2357461,/s7QhAAnHcwc9w45pGQLrBUJwdxh.jpg,/rE62yFLg0ihbVmLE3eug1lDYJiv.jpg,"[{""id"": 18, ""name"": ""Drama""}]","[{""id"": 5096, ""logo_path"": null, ""name"": ""Buena Onda"", ""origin_country"": ""GB""}, {""id"": 1583, ""logo_path"": ""/gKP4egMJOi5rksdnplfPV1wa0sd.png"", ""name"": ""RAI"", ""origin_country"": ""IT""}, {""id"": 2280, ""logo_path"": ""/rYrkINGzLKCsL74y2A9zPDaSwUG.png"", ""name"": ""Les Films des Tournelles"", ""origin_country"": ""FR""}]","[{""iso_3166_1"": ""FR"", ""name"": ""France""}, {""iso_3166_1"": ""IT"", ""name"": ""Italy""}]","[{""english_name"": ""Italian"", ""iso_639_1"": ""it"", ""name"": ""Italiano""}]","[""IT""]",null
186991,Grand Central,Grand Central,A young unemployed man finds work at a nuclear power plant and begins an illicit affair with the fiancée of one of his senior workmates.,,Released,False,False,2013-08-28,94,0,0,1.3426,5.6,140,fr,,tt2835548,/qH0LA0KJNr6f98agFNxJ8OvrY7W.jpg,/d898vaxI1klRWTEq4CFXq9kaSxj.jpg,"[{""id"": 18, ""name"": ""Drama""}, {""id"": 10749, ""name"": ""Romance""}]","[{""id"": 7117, ""logo_path"": ""/mVAjfnm0GI1V6ZHiGjq4HNH9xiA.png"", ""name"": ""Les Films Velvet"", ""origin_country"": ""FR""}, {""id"": 591, ""logo_path"": ""/q5I5RDwMEiqoNmfaJgd2LraEOJY.png"", ""name"": ""France 3 Cin\u00e9ma"", ""origin_country"": ""FR""}, {""id"": 20693, ""logo_path"": null, ""name"": ""KGP Kranzelbinder Gabriele Production"", ""origin_country"": ""AT""}, {""id"": 109756, ""logo_path"": ""/sudlIoNIIrKmVWaYD2ZVo9HGogW.png"", ""name"": ""Auvergne-Rh\u00f4ne-Alpes Cin\u00e9ma"", ""origin_country"": ""FR""}]","[{""iso_3166_1"": ""AT"", ""name"": ""Austria""}, {""iso_3166_1"": ""FR"", ""name"": ""France""}]","[{""english_name"": ""French"", ""iso_639_1"": ""fr"", ""name"": ""Fran\u00e7ais""}]","[""AT"", ""FR""]",null
186983,"Sono un pirata, sono un signore","Sono un pirata, sono un signore",,,Released,False,False,2013-04-18,0,0,0,0.0928,5.6,7,it,,tt3266942,/vtRJa0imIn7FbkqyP9sVGdm91mS.jpg,,"[{""id"": 35, ""name"": ""Comedy""}]",[],[],[],"[""IT""]",null
186984,The Mongrel,RazzaBastarda,"The story of a drug dealer from Romania and his son in Rome's suburbs.Roman is an immigrant from Romania arrived in Italy 30 years ago. He sells drugs and lives in criminal contexts. His dream is to see his child, Nicu, whom he raised without a mother, live a different and better life.",,Released,False,False,2013-04-18,106,0,0,0.4823,6.1,12,it,,tt2381293,/zsLUmTWe1sdRv3w46anMEEmilQa.jpg,/fOe5nTgACzu0mQs5viQ0NP3Q2u5.jpg,"[{""id"": 53, ""name"": ""Thriller""}, {""id"": 18, ""name"": ""Drama""}]","[{""id"": 66433, ""logo_path"": null, ""name"": ""Cucchini"", ""origin_country"": """"}, {""id"": 11225, ""logo_path"": null, ""name"": ""DAP Italy"", ""origin_country"": ""IT""}, {""id"": 178158, ""logo_path"": null, ""name"": ""MasiFilm"", ""origin_country"": ""IT""}, {""id"": 127342, ""logo_path"": null, ""name"": ""Fondazione Latina Film Commission"", ""origin_country"": """"}, {""id"": 14016, ""logo_path"": ""/snclwsIZQbgvqYCBJP8fqNlCA5y.png"", ""name"": ""MiC"", ""origin_country"": ""IT""}, {""id"": 155990, ""logo_path"": ""/py9VaywwK6KVi94YwrxSKVg1gkh.png"", ""name"": ""RAI Cinema"", ""origin_country"": ""IT""}]","[{""iso_3166_1"": ""IT"", ""name"": ""Italy""}]","[{""english_name"": ""Italian"", ""iso_639_1"": ""it"", ""name"": ""Italiano""}]","[""IT""]",null
186992,Stranger by the Lake,L'Inconnu du lac,"Frank spends his summer days hopelessly searching for companionship at a popular cruising spot on the shores of a lake in rural France. One day, he meets Michel, an attractive yet darkly mysterious man and falls blindly in love.",,Released,False,False,2013-06-12,100,1400000,1200000,1.7455,6.278,465,fr,https://strandreleasing.com/films/stranger-lake,tt2852458,/ug6IbPt19J8YIW9vh87Xw9FOTaJ.jpg,/kwhZU5VYcikvoGMejg6gBo4kpwx.jpg,"[{""id"": 18, ""name"": ""Drama""}, {""id"": 53, ""name"": ""Thriller""}]","[{""id"": 7395, ""logo_path"": ""/cGOGYYfbJZ1uJHynRIf8yj4phRn.png"", ""name"": ""Les films du Worso"", ""origin_country"": ""FR""}, {""id"": 94, ""logo_path"": ""/huC7HqorvUThGIrENrbcHmQVUA0.png"", ""name"": ""ARTE France Cin\u00e9ma"", ""origin_country"": ""FR""}, {""id"": 34378, ""logo_path"": ""/lNOr2K6lGnvWFXLJfzpSGRgnPix.png"", ""name"": ""Films de Force Majeure"", ""origin_country"": ""FR""}, {""id"": 108575, ""logo_path"": ""/kpmIo6qtqUHSnlI8mLkcLbGkzsc.png"", ""name"": ""M141"", ""origin_country"": ""FR""}]","[{""iso_3166_1"": ""FR"", ""name"": ""France""}]","[{""english_name"": ""French"", ""iso_639_1"": ""fr"", ""name"": ""Fran\u00e7ais""}]","[""FR""]",null
186994,Circus,Circus,Flip the Frog is working as a hot dog vendor at a circus. A thief steals a woman's purse and it's up to Flip to stop him.,,Released,False,False,1932-08-26,7,0,0,0.3785,6.0,1,en,,tt0147998,/2TcP4coX7R540svY1NaQCyywiYo.jpg,,"[{""id"": 16, ""name"": ""Animation""}]","[{""id"": 3197, ""logo_path"": null, ""name"": ""Celebrity Productions"", ""origin_country"": ""US""}]","[{""iso_3166_1"": ""US"", ""name"": ""United States of America""}]","[{""english_name"": ""English"", ""iso_639_1"": ""en"", ""name"": ""English""}]","[""US""]",null
186997,The Missing Picture,L'image manquante,"Rithy Panh uses clay figures, archival footage, and his narration to recreate the atrocities Cambodia's Khmer Rouge committed between 1975 and 1979.",,Released,False,False,2013-11-04,95,0,76933,0.4492,7.2,97,fr,,tt2852470,/vPE5WXwdwKvQ1un90yKEBrh7aY6.jpg,/MD2Q2YCgTaR3n2bqmCWljq3Hmg.jpg,"[{""id"": 99, ""name"": ""Documentary""}]","[{""id"": 309, ""logo_path"": ""/eVdJe4ha50lW1Eop1tq93TMh1XW.png"", ""name"": ""Angoa-Agicoa"", ""origin_country"": ""FR""}, {""id"": 311, ""logo_path"": ""/TNGvZ8zOklntjPP3EcsHtrR8Rc.png"", ""name"": ""PROCIREP"", ""origin_country"": ""FR""}, {""id"": 851, ""logo_path"": ""/kieSA3GFVysJcAUXNRer06u6e5x.png"", ""name"": ""MEDIA Programme of the European Union"", ""origin_country"": ""BE""}, {""id"": 11246, ""logo_path"": ""/4YZ5CQZkJa2FIKGtjLLoKhNOAIw.png"", ""name"": ""La R\u00e9gion \u00cele-de-France"", ""origin_country"": ""FR""}, {""id"": 17084, ""logo_path"": ""/gvpnQhxFbQ6afXjzRKt654HPy7y.png"", ""name"": ""Catherine Dussart Productions"", ""origin_country"": ""FR""}, {""id"": 26255, ""logo_path"": null, ""name"": ""Bophana Production"", ""origin_country"": ""KH""}, {""id"": 310, ""logo_path"": ""/4Gp5A4YdjPBfsHT47ngHMaXWmb9.png"", ""name"": ""CNC"", ""origin_country"": ""FR""}, {""id"": 94, ""logo_path"": ""/huC7HqorvUThGIrENrbcHmQVUA0.png"", ""name"": ""ARTE France Cin\u00e9ma"", ""origin_country"": ""FR""}]","[{""iso_3166_1"": ""BE"", ""name"": ""Belgium""}, {""iso_3166_1"": ""KH"", ""name"": ""Cambodia""}, {""iso_3166_1"": ""FR"", ""name"": ""France""}]","[{""english_name"": ""French"", ""iso_639_1"": ""fr"", ""name"": ""Fran\u00e7ais""}]","[""KH"", ""FR""]",null
186998,Death March,Death March,The story of its namesake - the forcible transfer of 76000 American and Filipino prisoners of war by the Japanese Army in 1942.,,Released,False,False,2013-05-26,110,0,0,0.3145,0.0,0,tl,,tt2852446,/dtuItCsG1qnxnqSHMLsnE2JX36w.jpg,,"[{""id"": 18, ""name"": ""Drama""}]","[{""id"": 159892, ""logo_path"": null, ""name"": ""Forward Group"", ""origin_country"": """"}, {""id"": 19782, ""logo_path"": null, ""name"": ""Phoenix Features"", ""origin_country"": """"}]","[{""iso_3166_1"": ""PH"", ""name"": ""Philippines""}]","[{""english_name"": ""Tagalog"", ""iso_639_1"": ""tl"", ""name"": """"}]","[""PH""]",null
187004,My Darling Genie,我愛神仙遮,"Out of the Shaw Brothers vaults comes My Darling Genie, an amiable early-eighties comedy starring the enchanting Cherie Chung. Derek Yee is Cheng, a brusque construction worker who discovers a magical umbrella on a routine dig. When the umbrella is opened and sprinkled with water, a 200 year-old genie arrives to grant the owner's wishes. As if that weren't enough, this genie happens to look like Cherie Chung! Cheng has been given a virtual ticket to Heaven, but he's more annoyed than grateful, and uses the Genie to perform mostly menial tasks.",Wo ai shen xian zhe,Released,False,False,1984-05-11,88,0,0,1.82,5.7,3,cn,,tt0088410,/c7v22hvvwjyoPm7A5kprA7b0ttX.jpg,/3M49Riwhg9nvbUZRlPCVh40fWW9.jpg,"[{""id"": 35, ""name"": ""Comedy""}, {""id"": 14, ""name"": ""Fantasy""}]","[{""id"": 5798, ""logo_path"": ""/tmuI9BGXgpWLmokhlxpnG3IGNQB.png"", ""name"": ""Shaw Brothers"", ""origin_country"": ""HK""}]","[{""iso_3166_1"": ""HK"", ""name"": ""Hong Kong""}]","[{""english_name"": ""Cantonese"", ""iso_639_1"": ""cn"", ""name"": ""\u5e7f\u5dde\u8bdd / \u5ee3\u5dde\u8a71""}]","[""HK""]",null
187005,Wits of the Brats,南斗官三斗北少爷,"Tou Kuan, a spoiled affluent kid, travels with pal Mai Song to Beijing to challenge 3 Masters to improve Kuan's status. Along the way, they contend with inept assassins hired by Kuan's uncle, who wants the family business and fortune.",,Released,False,False,1984-05-24,93,0,0,1.7695,6.7,3,cn,,tt0201795,/1yOl9c1r7B5lIcNEpiLDYXuwqkY.jpg,,"[{""id"": 35, ""name"": ""Comedy""}]","[{""id"": 5798, ""logo_path"": ""/tmuI9BGXgpWLmokhlxpnG3IGNQB.png"", ""name"": ""Shaw Brothers"", ""origin_country"": ""HK""}]","[{""iso_3166_1"": ""HK"", ""name"": ""Hong Kong""}]",[],"[""HK""]",null
187003,Prince Charming,青蛙王子,"Chen Li is the son of an enormously wealthy Hong Kong businessman and is vacationing in Hawaii, experiencing typical girl problems. His lothario friend Lolanto flies in from Hong Kong and is determined to find Chen Li a girl within a few days. After a series of hijinks, Chen Li and Lolanto are back in Hong Kong and investigating high-level embezzling in Chen's father's corporation. It also turns out that Kitty and May are employed there as well, with Kitty being the secretary of the supposed embezzler. Because Chen has been notoriously inconspicuous and no one knows what he looks like, he is able to assume to role of a limousine driver for Lolanto, who takes on the persona of Chen Li himself. While tracking down the corruption, Lolanto and Chen also are trying to win the hearts of the two women, but are they looking for true love or only money?",,Released,False,False,1984-04-18,92,0,0,1.7202,5.6,8,cn,,tt0087960,/hLUf4Pr17VvpYWUZgV3BMdznrOd.jpg,/59WsWFMY016rbQax8l56MMmEhOz.jpg,"[{""id"": 35, ""name"": ""Comedy""}, {""id"": 10749, ""name"": ""Romance""}]","[{""id"": 5798, ""logo_path"": ""/tmuI9BGXgpWLmokhlxpnG3IGNQB.png"", ""name"": ""Shaw Brothers"", ""origin_country"": ""HK""}]","[{""iso_3166_1"": ""HK"", ""name"": ""Hong Kong""}]","[{""english_name"": ""Cantonese"", ""iso_639_1"": ""cn"", ""name"": ""\u5e7f\u5dde\u8bdd / \u5ee3\u5dde\u8a71""}]","[""HK""]",null
187008,Hollywood on Parade No. A-4,Hollywood on Parade No. A-4,"Hollywood on Parade was a series of short subjects produced by Paramount Pictures between 1932 and 1934. They showcased the studio's stars both in newsreel-type footage (glimpses of Hollywood figures at premieres, parties, the races, etc.) and in new material such as sketches or musical numbers.",,Released,False,False,1932-04-17,7,0,0,0.79,0.0,0,en,,tt5057264,/A0dxSRRPzXaHFmtHyPx7dBUrWum.jpg,,"[{""id"": 35, ""name"": ""Comedy""}]","[{""id"": 10755, ""logo_path"": null, ""name"": ""Criterion Pictures"", ""origin_country"": ""US""}]","[{""iso_3166_1"": ""US"", ""name"": ""United States of America""}]","[{""english_name"": ""English"", ""iso_639_1"": ""en"", ""name"": ""English""}]","[""US""]",null
187010,Buck Wild,Buck Wild,A hunting vacation goes horribly awry for 4 friends after they accidentally shoot the lease's land owner.,"Three friends, one cousin, and a hunting vacation to die for.",Released,False,False,2013-04-01,90,0,0,0.3526,3.9,24,en,http://www.buckwildmovie.com/Buck_Wild/home.html,tt1839426,/1kt5n24hjdLEP9mUsmTcwg2oAlL.jpg,/hyJv9mVYHV6PF2vagGaLMUy9oDf.jpg,"[{""id"": 35, ""name"": ""Comedy""}, {""id"": 27, ""name"": ""Horror""}]",[],"[{""iso_3166_1"": ""US"", ""name"": ""United States of America""}]","[{""english_name"": ""English"", ""iso_639_1"": ""en"", ""name"": ""English""}]","[""US""]",null
187011,Da Makkin o'a Keshie,Da Makkin o'a Keshie,"A crofter in the Shetland Isles demonstrates how to make a 'keshie' to carry home his peat.  This is one of a number of films made by Jenny Brown and bought by the GPO  Film Library in the 1930s. It's shows Gideon cutting corn and then working  it into a keshie, a basket traditionally used in Shetland for carrying peat.  Looking back this short now has something really charming about it. David  leads this film on his Martin concert ukulele, with Ian on soprano uke, and  Allan on classical guitar. Alyth disgraces herself on kazoo. We have to finish the tune at the same time Gideon finishes his keshie, and we could swear that sometimes he deliberately speeds up to try to catch us out.",,Released,False,False,1932-04-17,5,0,0,0.0,0.0,0,en,,,/iHsD4lm4q3kjGHQrqgCzA5Z8542.jpg,,[],[],[],[],"[""US""]",null
187013,Pale Passion,我为你狂,"Eddie Chan plays Fa, a psychotic loser, always between jobs, who never seems to have his prerogative s straight. His girlfriend at the time, Ah Hsia (Chiang Li Ping) even starts to think he is psycho and decides to call off their relationship. Fa, being a psycho that he is, is unable to take the word ""no"" for answer as he constantly hounds Ah Hsia and her family and practically stalks her. (Why doesn't Ah Hsia knee this guy in the nuts??) Worse comes to worst, as Ah Hsia cannot stand Fa any longer and practically disappears off the face of the earth and starts another life, albeit in Hong Kong, but far enough from the crazy Fa. Fa, still thinking of Ah Hsia, manages to get involved in a relationship with a PR girl named Hsing (Elaine Kam), to soothe over his desire for a female companion. Eventually, Fa spots Ah Hsia again, and this time he will not let her go. Man! This Fa is crazy.",,Released,False,False,1984-09-15,92,0,0,1.3515,4.0,2,zh,,tt0125974,/889qkpPKzehEExmJhkK6e4GQCRQ.jpg,,"[{""id"": 18, ""name"": ""Drama""}]","[{""id"": 5798, ""logo_path"": ""/tmuI9BGXgpWLmokhlxpnG3IGNQB.png"", ""name"": ""Shaw Brothers"", ""origin_country"": ""HK""}]","[{""iso_3166_1"": ""HK"", ""name"": ""Hong Kong""}]","[{""english_name"": ""Mandarin"", ""iso_639_1"": ""zh"", ""name"": ""\u666e\u901a\u8bdd""}]","[""HK""]",null
187012,Stacker,Stacker,"Stacker takes you inside the fiercely competitive world of sport stacking: an international individual and team sport that involves stacking specialized plastic cups in specific sequences in as little time as possible. What started as a novelty on the Johnny Carson Show in 1990 has grown to become part of school curriculums for students in over 34,000 schools in 30 countries. It's a sport that spans generations, from preschoolers to retirees, but the best of the best are 10 to 14 years old. Dive into the unique subculture of the stacking community, and find out what it's like to be a fierce competitor in an underdog sport.",Cups are no longer just for drinking,Released,False,False,2013-04-01,63,0,0,0.2862,7.0,1,en,,tt2554812,/nfem9aPqXxtrKovWV91MMxLlsXw.jpg,/m69X4Zez8yjgp9fvGybWL4A1nkz.jpg,"[{""id"": 99, ""name"": ""Documentary""}]","[{""id"": 222737, ""logo_path"": null, ""name"": ""Danger Films"", ""origin_country"": """"}]","[{""iso_3166_1"": ""US"", ""name"": ""United States of America""}]","[{""english_name"": ""English"", ""iso_639_1"": ""en"", ""name"": ""English""}]","[""US""]",null
187015,"I Will Finally Knock You Down, Dad!",望子成蟲,There is an underlying story about a lazy son who knows some kung fu but mostly fakes it to show off. After being exposed he does good by improving his skills to the point where he can finally knock down his kung fu master father.,,Released,False,False,1984-11-02,92,0,0,1.0129,7.0,2,cn,,tt0088376,/sLG63yjWPeCuHt7dGcZ16E6Pewk.jpg,,"[{""id"": 35, ""name"": ""Comedy""}, {""id"": 28, ""name"": ""Action""}]","[{""id"": 5798, ""logo_path"": ""/tmuI9BGXgpWLmokhlxpnG3IGNQB.png"", ""name"": ""Shaw Brothers"", ""origin_country"": ""HK""}]","[{""iso_3166_1"": ""HK"", ""name"": ""Hong Kong""}]","[{""english_name"": ""Cantonese"", ""iso_639_1"": ""cn"", ""name"": ""\u5e7f\u5dde\u8bdd / \u5ee3\u5dde\u8a71""}]","[""HK""]",null
187017,22 Jump Street,22 Jump Street,"After making their way through high school (twice), big changes are in store for officers Schmidt and Jenko when they go deep undercover at a local college. But when Jenko meets a kindred spirit on the football team, and Schmidt infiltrates the bohemian art major scene, they begin to question their partnership. Now they don't have to just crack the case - they have to figure out if they can have a mature relationship. If these two overgrown adolescents can grow from freshmen into real men, college might be the best thing that ever happened to them.",They're not 21 anymore.,Released,False,False,2014-06-05,112,50000000,331333876,7.3594,6.827,8452,en,http://www.22jumpstreetmovie.com,tt2294449,/850chzYHYbT3IISl6Q7dbBuFP2B.jpg,/kdyYOwpKvvD2fSbwfnMM2YPAzfq.jpg,"[{""id"": 80, ""name"": ""Crime""}, {""id"": 35, ""name"": ""Comedy""}, {""id"": 28, ""name"": ""Action""}]","[{""id"": 5, ""logo_path"": ""/71BqEFAF4V3qjjMPCpLuyJFB9A.png"", ""name"": ""Columbia Pictures"", ""origin_country"": ""US""}, {""id"": 333, ""logo_path"": ""/5xUJfzPZ8jWJUDzYtIeuPO4qPIa.png"", ""name"": ""Original Film"", ""origin_country"": ""US""}, {""id"": 2531, ""logo_path"": ""/9MfCJ2G6Nrf9yyRj4tAgPmMiDcn.png"", ""name"": ""MRC"", ""origin_country"": ""US""}, {""id"": 21, ""logo_path"": ""/usUnaYV6hQnlVAXP6r4HwrlLFPG.png"", ""name"": ""Metro-Goldwyn-Mayer"", ""origin_country"": ""US""}, {""id"": 9194, ""logo_path"": null, ""name"": ""Cannell Studios"", ""origin_country"": """"}, {""id"": 34036, ""logo_path"": ""/8i2HD1U9uFBCD2BVDQN0myvZ5gC.png"", ""name"": ""JHF Productions"", ""origin_country"": ""US""}, {""id"": 34035, ""logo_path"": null, ""name"": ""33andOut Productions"", ""origin_country"": ""US""}]","[{""iso_3166_1"": ""US"", ""name"": ""United States of America""}]","[{""english_name"": ""English"", ""iso_639_1"": ""en"", ""name"": ""English""}]","[""US""]","{""id"": 212562, ""name"": ""Jump Street Collection"", ""poster_path"": ""/of42UiM2j4MJQqso9To2ULM7hIP.jpg"", ""backdrop_path"": ""/3fkhNqG2i6dlWZmjg100PFEpbWW.jpg""}"
187014,Misfire,走火炮,"Inspector E.T. (Alex Man) investigates a murder case reported by singer Chu Szu Ting (Shirley Lui). The suspect, plastic factory owner Lu (Michael Tong) testifies and is acquitted. An important clue is later found and killer Lu comes to attack Szu Ting only to be stopped and killed by E.T. and his men. E.T., who has been estranged from his wife, tries different tricks to woo Szu Ting and eventually wins her heart. Her long lost father Chu Hung (Ku Feng), newly discharged from prison, intends to retrieve a hidden loot and tells her of his intention to join her. Szu Ting tells E.T. to probe his background when E.T. is injured and hospitalized. She takes her father to their former residence as ordered, but something there makes her suspicious of his identity. She spots him holding an axe and shouts for help when he is killed by someone sent by E.T. to secretly protect her.",,Released,False,False,1984-10-24,97,0,0,2.0318,7.5,2,en,,tt1653951,/9LQAm8kdmlE5mmvBSI4KlQ7DtEG.jpg,,"[{""id"": 53, ""name"": ""Thriller""}, {""id"": 28, ""name"": ""Action""}, {""id"": 35, ""name"": ""Comedy""}]","[{""id"": 5798, ""logo_path"": ""/tmuI9BGXgpWLmokhlxpnG3IGNQB.png"", ""name"": ""Shaw Brothers"", ""origin_country"": ""HK""}]","[{""iso_3166_1"": ""HK"", ""name"": ""Hong Kong""}]","[{""english_name"": ""Cantonese"", ""iso_639_1"": ""cn"", ""name"": ""\u5e7f\u5dde\u8bdd / \u5ee3\u5dde\u8a71""}]","[""US"", ""HK""]",null
187018,How to Choose a Royal Bride,天官賜福,"Emperor Kangxi's mother tries to marry him with the daughter of an official, but she's too strong-willed to agree to an arranged marriage even if it is with the Emperor, so she dresses as a man and heads off to Jiang Nan to see the spring blossoms. As luck would have it, Kangxi also decides to head to Jiang Nan in disguise in search of adventure, and the two cross paths and quickly become firm friends.",,Released,False,False,1985-01-01,92,0,0,2.2966,6.0,4,cn,,tt1354567,/blCqpcgrTgxocdnwjTbj91VwKBq.jpg,/88WquiW0jh1u1tJf0EEwNd1ewxs.jpg,"[{""id"": 35, ""name"": ""Comedy""}]","[{""id"": 5798, ""logo_path"": ""/tmuI9BGXgpWLmokhlxpnG3IGNQB.png"", ""name"": ""Shaw Brothers"", ""origin_country"": ""HK""}]","[{""iso_3166_1"": ""HK"", ""name"": ""Hong Kong""}]","[{""english_name"": ""Cantonese"", ""iso_639_1"": ""cn"", ""name"": ""\u5e7f\u5dde\u8bdd / \u5ee3\u5dde\u8a71""}]","[""HK""]",null
187020,This Man Is Dangerous,山東狂人,"Cheng Tzu-hao and Kao Ying-wei, both wooing the same girl Ah Tzu, are transferred to the same Action Squad to help crack a number of robberies committed by a notorious robber/killer Ku Lung from Shantung. They inadvertently offend their immediate superior Beast King, and land themselves in a tight spot…",,Released,False,False,1985-03-16,92,0,0,1.2905,6.6,5,cn,,tt0090159,/5EsO1m2WDvvBNO0Zzw9CCX59JrS.jpg,,"[{""id"": 28, ""name"": ""Action""}]","[{""id"": 5798, ""logo_path"": ""/tmuI9BGXgpWLmokhlxpnG3IGNQB.png"", ""name"": ""Shaw Brothers"", ""origin_country"": ""HK""}]","[{""iso_3166_1"": ""HK"", ""name"": ""Hong Kong""}]","[{""english_name"": ""Cantonese"", ""iso_639_1"": ""cn"", ""name"": ""\u5e7f\u5dde\u8bdd / \u5ee3\u5dde\u8a71""}]","[""HK""]",null
187021,My Name Ain't Suzie,花街時代,"Hungry for fun, American soldiers crowd the bars of late-’50s Hong Kong. Staffed with handpicked young girls from the countryside, the Lucky Bar is the most popular of them all, and Shui Mei is the smartest and keenest of the apprentices working there. She soon catches the eye of Jimmy, who every evening wanders from table to table, showing his father’s photo and asking for news about him.",,Released,False,False,1985-10-24,96,0,0,1.6793,4.7,6,cn,,tt0089651,/eNdY1OCdqElOjUyzGsi1aXI5FUi.jpg,/ai1AIq4wvhrpJKjDGQyB5qTBTgg.jpg,"[{""id"": 18, ""name"": ""Drama""}]","[{""id"": 5798, ""logo_path"": ""/tmuI9BGXgpWLmokhlxpnG3IGNQB.png"", ""name"": ""Shaw Brothers"", ""origin_country"": ""HK""}]","[{""iso_3166_1"": ""HK"", ""name"": ""Hong Kong""}]","[{""english_name"": ""Cantonese"", ""iso_639_1"": ""cn"", ""name"": ""\u5e7f\u5dde\u8bdd / \u5ee3\u5dde\u8a71""}, {""english_name"": ""Mandarin"", ""iso_639_1"": ""zh"", ""name"": ""\u666e\u901a\u8bdd""}]","[""HK""]",null
187022,A Touch of Sin,天注定,Four people in different provinces are driven to violent ends: An angry miner is enraged by corruption in his village. A migrant discovers the possibilities of owning a firearm. A receptionist is pushed beyond her limits by an abusive client. A young factory worker goes from one job to the next.,,Released,False,False,2013-10-04,131,4000000,154120,3.7773,7.198,379,zh,http://atouchofsin.com/,tt2852400,/yZKem3DGUiM3664otaSfuGacjiz.jpg,/sKrZb0tPP72SOiOJM5iEewflG3H.jpg,"[{""id"": 80, ""name"": ""Crime""}, {""id"": 18, ""name"": ""Drama""}]","[{""id"": 567, ""logo_path"": ""/6Vfm1fYBTeHNxPvgDZsxTv9BcXu.png"", ""name"": ""Office Kitano"", ""origin_country"": ""JP""}, {""id"": 1079, ""logo_path"": null, ""name"": ""Xstream Pictures"", ""origin_country"": ""CN""}, {""id"": 3407, ""logo_path"": ""/iVMjKOFyRvm9PW45lW1wW6TSvnj.png"", ""name"": ""Shanghai Film Group"", ""origin_country"": ""CN""}, {""id"": 107031, ""logo_path"": null, ""name"": ""Shanxi Film & Television Group"", ""origin_country"": ""CN""}, {""id"": 528, ""logo_path"": ""/fO3Aof3lXQclYpBByYC8aneTXwA.png"", ""name"": ""Bandai Visual"", ""origin_country"": ""JP""}, {""id"": 4667, ""logo_path"": ""/kW2HfJ2R3xBfXRW6jdevcSGavHT.png"", ""name"": ""Bitters End"", ""origin_country"": ""JP""}]","[{""iso_3166_1"": ""CN"", ""name"": ""China""}]","[{""english_name"": ""Cantonese"", ""iso_639_1"": ""cn"", ""name"": ""\u5e7f\u5dde\u8bdd / \u5ee3\u5dde\u8a71""}, {""english_name"": ""Mandarin"", ""iso_639_1"": ""zh"", ""name"": ""\u666e\u901a\u8bdd""}]","[""CN"", ""FR"", ""JP""]",null
187024,Wives and Lovers,偷情四响炮,shaw production,,Released,False,False,1985-01-26,96,0,0,1.2645,0.0,0,cn,,tt1675890,/z9kY2nZkTgB4QhZU96Cy617C6xs.jpg,,[],"[{""id"": 5798, ""logo_path"": ""/tmuI9BGXgpWLmokhlxpnG3IGNQB.png"", ""name"": ""Shaw Brothers"", ""origin_country"": ""HK""}]","[{""iso_3166_1"": ""HK"", ""name"": ""Hong Kong""}]","[{""english_name"": ""Cantonese"", ""iso_639_1"": ""cn"", ""name"": ""\u5e7f\u5dde\u8bdd / \u5ee3\u5dde\u8a71""}]","[""HK""]",null
187028,Omar,عمر,"The drama, the story of three childhood friends and a young woman who are torn apart in their fight for freedom, is billed as the first fully-financed film to come out of the Palestinian cinema industry.",,Released,False,False,2013-05-21,96,0,0,0.0386,7.055,181,ar,,tt2852406,/mzCdtXQYdLPrNr16Ld5ZowavKoa.jpg,/16CMTxHLSTAIIQPsJQQigXuNxFc.jpg,"[{""id"": 53, ""name"": ""Thriller""}, {""id"": 18, ""name"": ""Drama""}, {""id"": 10749, ""name"": ""Romance""}]","[{""id"": 38175, ""logo_path"": null, ""name"": ""ZBros"", ""origin_country"": ""PS""}]","[{""iso_3166_1"": ""PS"", ""name"": ""Palestinian Territory""}]","[{""english_name"": ""Hebrew"", ""iso_639_1"": ""he"", ""name"": ""\u05e2\u05b4\u05d1\u05b0\u05e8\u05b4\u05d9\u05ea""}, {""english_name"": ""Arabic"", ""iso_639_1"": ""ar"", ""name"": ""\u0627\u0644\u0639\u0631\u0628\u064a\u0629""}]","[""PS""]",null
187030,Love with the Perfect Stranger,錯點鴛鴦,"A pregnant student marries a total stranger, leading to a string of bizarre incidents.",,Released,False,False,1985-04-18,88,0,0,2.1129,0.0,0,cn,,tt0089515,/tZGtEqW09b0Va3IOdITgjgaUcEC.jpg,/uI3gCdhXxwBVI40bPKVSY9TPDuP.jpg,[],"[{""id"": 5798, ""logo_path"": ""/tmuI9BGXgpWLmokhlxpnG3IGNQB.png"", ""name"": ""Shaw Brothers"", ""origin_country"": ""HK""}]","[{""iso_3166_1"": ""HK"", ""name"": ""Hong Kong""}]","[{""english_name"": ""Cantonese"", ""iso_639_1"": ""cn"", ""name"": ""\u5e7f\u5dde\u8bdd / \u5ee3\u5dde\u8a71""}]","[""HK""]",null
187031,The Illegal Immigrant,非法移民,"The lead, arrested and processed after a police raid on a Canal St. clothing workshop. He has no status in HK, where he'd swam, or the US, where he arrived as a stowaway, to avoid metal detectors which would pick up the bullets still in his body.",,Released,False,False,1985-05-03,98,0,0,1.3425,6.0,3,cn,,tt0089133,/anpjrNALFvidTNig4bMzBqecwFV.jpg,/fDZO5B5J0sBfCH54CBRHBBDKr9F.jpg,"[{""id"": 18, ""name"": ""Drama""}]","[{""id"": 5798, ""logo_path"": ""/tmuI9BGXgpWLmokhlxpnG3IGNQB.png"", ""name"": ""Shaw Brothers"", ""origin_country"": ""HK""}]","[{""iso_3166_1"": ""HK"", ""name"": ""Hong Kong""}]","[{""english_name"": ""Cantonese"", ""iso_639_1"": ""cn"", ""name"": ""\u5e7f\u5dde\u8bdd / \u5ee3\u5dde\u8a71""}, {""english_name"": ""Mandarin"", ""iso_639_1"": ""zh"", ""name"": ""\u666e\u901a\u8bdd""}, {""english_name"": ""English"", ""iso_639_1"": ""en"", ""name"": ""English""}]","[""HK""]",null
187033,Women,女人心,"Liang Pao-erh joins the carefree Spinsters' Club when she discovers her husband is having an affair. Despite the seemingly happy front that her sisters put on, beneath it all, each of them secretly yearns for a man in her life.",,Released,False,False,1985-06-12,90,0,0,1.1066,6.6,8,cn,,tt0089708,/i9jPlphJJM34QrGKi9MjI3jyA8T.jpg,/4XHtrFIl648ftmNbFdSFVcrJtad.jpg,"[{""id"": 18, ""name"": ""Drama""}]","[{""id"": 5798, ""logo_path"": ""/tmuI9BGXgpWLmokhlxpnG3IGNQB.png"", ""name"": ""Shaw Brothers"", ""origin_country"": ""HK""}, {""id"": 12359, ""logo_path"": null, ""name"": ""Pearl City Films"", ""origin_country"": """"}]","[{""iso_3166_1"": ""HK"", ""name"": ""Hong Kong""}]","[{""english_name"": ""Cantonese"", ""iso_639_1"": ""cn"", ""name"": ""\u5e7f\u5dde\u8bdd / \u5ee3\u5dde\u8a71""}]","[""HK""]",null
187034,Girl with the Diamond Slipper,摩登仙履奇緣,"Two hopeless housebreaker brothers, Ah Chi and Fatty, steal a diamond that had already been earmarked by a criminal gang. Through a series of unfortunate and - frankly - unlikely events, the diamond ends up in the shoe of a rising star TV actress Cheung Man Ju. They pursue her all over Hong Kong until finally tracking her down at a charity ball where she must leave by midnight, and accidentally loses a shoe in the process.",,Released,False,False,1985-07-25,89,0,0,2.4619,4.5,2,cn,,tt0089608,/ayzSLixqkpBcnhisdkkeVSKn3fh.jpg,/wEpqiJi54XDbLKqP6POzGQyveS2.jpg,"[{""id"": 35, ""name"": ""Comedy""}, {""id"": 10749, ""name"": ""Romance""}]","[{""id"": 5798, ""logo_path"": ""/tmuI9BGXgpWLmokhlxpnG3IGNQB.png"", ""name"": ""Shaw Brothers"", ""origin_country"": ""HK""}]","[{""iso_3166_1"": ""HK"", ""name"": ""Hong Kong""}]","[{""english_name"": ""Cantonese"", ""iso_639_1"": ""cn"", ""name"": ""\u5e7f\u5dde\u8bdd / \u5ee3\u5dde\u8a71""}]","[""HK""]",null
187036,I Love Lolanto,我愛羅蘭度,"Nat chan finds a mentally retarded Pat Ha, who has run away from home. Her father is a millionare and wants her to have brain surgery which has a 50% chance of death. Pat runs away because her father girlfriends secret lover threatens her.",,Released,False,False,1984-08-31,97,0,0,1.6136,5.5,2,cn,,tt0087447,/3lOy7vjQ8yhGj2mEdPnEDV0AXkX.jpg,/pY1go8xneT15NWjY9if091Vxpa4.jpg,"[{""id"": 35, ""name"": ""Comedy""}]","[{""id"": 5798, ""logo_path"": ""/tmuI9BGXgpWLmokhlxpnG3IGNQB.png"", ""name"": ""Shaw Brothers"", ""origin_country"": ""HK""}]","[{""iso_3166_1"": ""HK"", ""name"": ""Hong Kong""}]","[{""english_name"": ""Cantonese"", ""iso_639_1"": ""cn"", ""name"": ""\u5e7f\u5dde\u8bdd / \u5ee3\u5dde\u8a71""}]","[""HK""]",null
187040,Carry On Doctors and Nurses,天使出更,"This film is a Hong Kong version of the British Carry On films, this one specifically set in a hospital. The hospital is full of inept people, so Miss Kuk (Meg Lam) vows to the board that she will reform it. This involves the recruitment of student nurses, keeping in check some silly interns and dealing with Dr. Chen, whose wife just left him.",,Released,False,False,1985-09-05,86,0,0,2.2489,5.0,1,cn,,tt0350211,/6HwtbXcypc1txTBVXlac0VnVF7K.jpg,/8Fb4rtFQkbjvojTiARfiznDmUFU.jpg,"[{""id"": 35, ""name"": ""Comedy""}]","[{""id"": 5798, ""logo_path"": ""/tmuI9BGXgpWLmokhlxpnG3IGNQB.png"", ""name"": ""Shaw Brothers"", ""origin_country"": ""HK""}]","[{""iso_3166_1"": ""HK"", ""name"": ""Hong Kong""}]","[{""english_name"": ""Cantonese"", ""iso_639_1"": ""cn"", ""name"": ""\u5e7f\u5dde\u8bdd / \u5ee3\u5dde\u8a71""}]","[""HK""]",null
187037,Benur: Un Gladiatore In Affitto,Benur: Un Gladiatore In Affitto,"Milan is a Belarusian immigrant who arrived in Rome with the dream of being able to change his life but, unable to take advantage of his degree in engineering, he finds work as a fake centurion, in front of the Colosseum and dealing with the crowd of tourists with whom he has his photo taken. His employer is Sergio, a former stuntman and self-styled invalid who is busy with a thousand imaginative jobs just to make some money and who shares a house with his sister Maria, a hotline operator. As the competition in front of the Colosseum becomes increasingly tough, Milan devises a plan to defeat everyone and, using his university studies, builds a real chariot with which to attract as many customers as possible.",,Released,False,False,2013-04-23,98,0,0,0.2915,5.5,9,it,,tt2778518,/oFajvWGA0YocyYahvDSfRIC4jUP.jpg,/6tYvc39DeBTfVYdya3aTGTrErYi.jpg,"[{""id"": 35, ""name"": ""Comedy""}]","[{""id"": 19910, ""logo_path"": null, ""name"": ""Combo Produzioni"", ""origin_country"": """"}, {""id"": 14016, ""logo_path"": ""/snclwsIZQbgvqYCBJP8fqNlCA5y.png"", ""name"": ""MiC"", ""origin_country"": ""IT""}, {""id"": 155990, ""logo_path"": ""/py9VaywwK6KVi94YwrxSKVg1gkh.png"", ""name"": ""RAI Cinema"", ""origin_country"": ""IT""}]","[{""iso_3166_1"": ""IT"", ""name"": ""Italy""}]","[{""english_name"": ""Italian"", ""iso_639_1"": ""it"", ""name"": ""Italiano""}]","[""IT""]",null
187048,Buckskin,Buckskin,A Montana marshal fights a land baron out to parch homesteaders with a spite dam.,He Bucked For A Badge... A Woman... And A Last Chance To Prove He Was Still A Man... Out Of The Prairie Rode The Gunfighter!,Released,False,False,1968-05-01,97,0,0,0.6674,5.4,9,en,,tt0062764,/fr67IjeCYTDIMcW6nKk0WCiu35w.jpg,/tZQQTa81jzXgvdgeMVU15a4rAmQ.jpg,"[{""id"": 37, ""name"": ""Western""}]","[{""id"": 4, ""logo_path"": ""/jay6WcMgagAklUt7i9Euwj1pzTF.png"", ""name"": ""Paramount Pictures"", ""origin_country"": ""US""}]","[{""iso_3166_1"": ""US"", ""name"": ""United States of America""}]","[{""english_name"": ""English"", ""iso_639_1"": ""en"", ""name"": ""English""}, {""english_name"": ""Italian"", ""iso_639_1"": ""it"", ""name"": ""Italiano""}]","[""US""]",null
187046,Twisted Love,Xian dai hao fang nu,"A wealthy businessman gives his wife everything she wants, besides one thing, a passionate sex life. The sexually frustrated woman soon gets into several other relationships and soon also learns why her husband is so uninterested with her in bed.",,Released,False,False,1985-09-26,98,0,0,1.6627,1.0,3,zh,,tt0090224,/vrqLsbyUjzpTOFLBCDTQNG71qi9.jpg,/4JtwTxCeMQiePYACNblQ5kSqr4G.jpg,"[{""id"": 18, ""name"": ""Drama""}]","[{""id"": 5798, ""logo_path"": ""/tmuI9BGXgpWLmokhlxpnG3IGNQB.png"", ""name"": ""Shaw Brothers"", ""origin_country"": ""HK""}]","[{""iso_3166_1"": ""HK"", ""name"": ""Hong Kong""}]","[{""english_name"": ""Mandarin"", ""iso_639_1"": ""zh"", ""name"": ""\u666e\u901a\u8bdd""}, {""english_name"": ""Cantonese"", ""iso_639_1"": ""cn"", ""name"": ""\u5e7f\u5dde\u8bdd / \u5ee3\u5dde\u8a71""}]","[""HK""]",null
187050,Shadow Girl,隱身女俠,A young woman whose kung fu has reached the point where she can turn invisible runs afoul of a powerful family when she disrupts a wedding.  She must fight off kung fu masters and even a poisonous centipede ring!,,Released,False,False,1971-09-10,86,0,0,1.31,10.0,1,zh,,tt0200297,/b3avzROGudGAbYmuHjRqudinImH.jpg,,"[{""id"": 18, ""name"": ""Drama""}, {""id"": 28, ""name"": ""Action""}]","[{""id"": 5798, ""logo_path"": ""/tmuI9BGXgpWLmokhlxpnG3IGNQB.png"", ""name"": ""Shaw Brothers"", ""origin_country"": ""HK""}]","[{""iso_3166_1"": ""HK"", ""name"": ""Hong Kong""}, {""iso_3166_1"": ""TW"", ""name"": ""Taiwan""}]","[{""english_name"": ""Mandarin"", ""iso_639_1"": ""zh"", ""name"": ""\u666e\u901a\u8bdd""}]","[""TW"", ""HK""]",null
187049,No Burqas Behind Bars,Frihet bakom galler,A documentary that takes us into one of the world’s most unique settings: an Afghan women's prison. A prison where prisoners neither regret nor are ashamed of the 'crimes' they have been locked up for. These women have committed 'moral crimes'. With their lives at stake they fled the violence for the sake of dignity and love.,,Released,False,False,2013-04-19,77,0,0,0.0037,7.2,4,en,,tt2536816,/uQx9B8uh5EdFU7sQjFDY5CVjV9G.jpg,/nJHY2yRIvWoy3NrJV5Yg82g9TMh.jpg,"[{""id"": 99, ""name"": ""Documentary""}]",[],[],[],"[""US""]",null
187052,Ripples,一池春水,A comic folk musical about two pairs of lovers and their romantic misadventures in a rural Hong Kong town.,,Released,False,False,1970-01-08,100,0,0,0.6888,0.0,0,zh,,tt0926351,/atQT2pD5GicJHKYcfGVRU6T5Zwh.jpg,,"[{""id"": 18, ""name"": ""Drama""}]","[{""id"": 5798, ""logo_path"": ""/tmuI9BGXgpWLmokhlxpnG3IGNQB.png"", ""name"": ""Shaw Brothers"", ""origin_country"": ""HK""}]","[{""iso_3166_1"": ""HK"", ""name"": ""Hong Kong""}]",[],"[""HK""]",null
187055,Baby Sister,Baby Sister,Sultry college dropout Annie Burroughs moves in with her older sister Marsha and proceeds to break up the relationship between Marsha and her live-in boyfriend David Mitchell so Annie can begin a sensuous love affair and have David all for herself.,,Released,False,False,1983-03-06,100,0,0,1.5042,4.0,10,en,,tt0085207,/7ta0kOhPZdNnyKeeT0TztRyLMOj.jpg,/rVDhQsK0cJF9qH4hEoHpfMsxzHp.jpg,"[{""id"": 18, ""name"": ""Drama""}, {""id"": 10749, ""name"": ""Romance""}, {""id"": 10770, ""name"": ""TV Movie""}]","[{""id"": 3668, ""logo_path"": null, ""name"": ""ABC Productions"", ""origin_country"": ""US""}, {""id"": 14137, ""logo_path"": null, ""name"": ""Moonlight Productions"", ""origin_country"": ""US""}, {""id"": 176162, ""logo_path"": ""/6p5mbxa1dzikbnVlLc11uroG9GU.png"", ""name"": ""ABC"", ""origin_country"": ""US""}]","[{""iso_3166_1"": ""US"", ""name"": ""United States of America""}]","[{""english_name"": ""English"", ""iso_639_1"": ""en"", ""name"": ""English""}]","[""US""]",null
187058,Na stojáka – Volume 1,Na stojáka – Volume 1,,,Released,False,True,2004-01-01,0,0,0,0.0214,7.0,1,cs,,,/xYlcFiUbJW2JHbrQH51V2CppghJ.jpg,,"[{""id"": 35, ""name"": ""Comedy""}]","[{""id"": 3268, ""logo_path"": ""/tuomPhY2UtuPTqqFnKMVHvSb724.png"", ""name"": ""HBO"", ""origin_country"": ""US""}]","[{""iso_3166_1"": ""CZ"", ""name"": ""Czech Republic""}]","[{""english_name"": ""Czech"", ""iso_639_1"": ""cs"", ""name"": ""\u010cesk\u00fd""}]","[""CZ""]","{""id"": 187180, ""name"": ""Na stoj\u00e1ka"", ""poster_path"": null, ""backdrop_path"": null}"
187061,Time Goes by Like a Roaring Lion,Die Zeit vergeht wie ein brüllender Löwe,Hartmann proposes a 76-minute film in which each minute stands for a year of his life. This obsessive rule is invoked in the last 4 “years” of his life (and of the film). A cable-car journey codes in its own duration the secret of a perdurable shot. A poetic emancipation by a young filmmaker: a life plan finding its right frame.  Roger Koza,,Released,False,False,2013-10-06,79,0,0,0.0856,6.0,5,de,http://zeit-film.de/,tt2671324,,/zQxh69L44wPngsjdHomO0g0FOyn.jpg,"[{""id"": 99, ""name"": ""Documentary""}]",[],"[{""iso_3166_1"": ""DE"", ""name"": ""Germany""}]","[{""english_name"": ""German"", ""iso_639_1"": ""de"", ""name"": ""Deutsch""}]","[""DE""]",null
187064,"4 Buildings, Facing the Sea","4 bâtiments, face à la mer","Three months after the March 2011 disaster in Fukushima, TEPCO, the  electric company operating the nuclear power plant, installed a livecam on  the facilities. The images, on which days and minutes add up, are available  online. Using them for sole visual material, such is the daring challenge  Philippe Rouy has taken up in 4 bâtiments, face à la mer.  (Nicola Féodoroff, FID 2012)",,Released,False,False,2012-07-05,47,0,0,0.1677,0.0,0,en,"http://www.film-documentaire.fr/4_B%C3%A2timents_face_%C3%A0-mer.html,film,36714",tt2356360,/c2LSHiDEjTKyK6Fbo6HEUdnHSQZ.jpg,,"[{""id"": 99, ""name"": ""Documentary""}]",[],[],"[{""english_name"": ""Japanese"", ""iso_639_1"": ""ja"", ""name"": ""\u65e5\u672c\u8a9e""}]","[""US""]",null
187090,Laafi,Laafi - Tout va bien,"After obtaining their Secondary School diplomas, some young people plan to continue their education but are not sure which area to choose.",,Released,False,False,1990-04-18,85,0,0,0.0071,5.5,5,fr,,tt0107354,/ecqAfWrkGuWUd2MZyyNpmpFI2pv.jpg,/eFECeO4nKvN91gVis1yHhmqDqOT.jpg,"[{""id"": 18, ""name"": ""Drama""}]","[{""id"": 88970, ""logo_path"": null, ""name"": ""Les Films de l'Espoir"", ""origin_country"": ""BF""}, {""id"": 8472, ""logo_path"": ""/1W54BW7b0KZW0QoU55OPr9Sjde5.png"", ""name"": ""Thelma Film"", ""origin_country"": ""CH""}]","[{""iso_3166_1"": ""BF"", ""name"": ""Burkina Faso""}, {""iso_3166_1"": ""CH"", ""name"": ""Switzerland""}]","[{""english_name"": ""French"", ""iso_639_1"": ""fr"", ""name"": ""Fran\u00e7ais""}]","[""BF""]",null
187084,Apple Stories,Apple Stories,"Documentary about the poor circumstances in the process of manufacturing iPhones - about mineworkers in Rwanda, illegal workers in Shenzhen, and repair-techs in Hamburg.",,Released,False,False,2012-10-31,83,0,0,0.2964,8.0,1,en,,tt2672162,,,"[{""id"": 99, ""name"": ""Documentary""}]",[],[],"[{""english_name"": ""Hungarian"", ""iso_639_1"": ""hu"", ""name"": ""Magyar""}, {""english_name"": ""Arabic"", ""iso_639_1"": ""ar"", ""name"": ""\u0627\u0644\u0639\u0631\u0628\u064a\u0629""}, {""english_name"": ""Cantonese"", ""iso_639_1"": ""cn"", ""name"": ""\u5e7f\u5dde\u8bdd / \u5ee3\u5dde\u8a71""}, {""english_name"": ""German"", ""iso_639_1"": ""de"", ""name"": ""Deutsch""}, {""english_name"": ""English"", ""iso_639_1"": ""en"", ""name"": ""English""}, {""english_name"": ""French"", ""iso_639_1"": ""fr"", ""name"": ""Fran\u00e7ais""}]","[""US""]",null
187091,Tour de Japon: music from Final Fantasy,Tour de Japon: music from Final Fantasy,"Tour de JAPON music from FINAL FANTASY is a concert tour featuring music from the Final Fantasy video game series that toured Japan from March 12 to April 16, 2004. The concert was built upon the success of 20020220 music from FINAL FANTASY and featured numerous unreleased tracks during its tour.  The Yokohama performance (March 12, 2004) was recorded and released exclusively on DVD to fanclub members residing in Japan.",,Released,False,True,2004-08-10,77,0,0,0.1722,10.0,2,ja,https://web.archive.org/web/20090412102126/http://www.square-enix.co.jp/music/sem/page/uematsu/tour/,tt12688604,/2myIaMiyYjCExI2HLCVoMJTzrIG.jpg,/heC8b2WjAxn0Fdkwp5YApf2BSG6.jpg,"[{""id"": 10402, ""name"": ""Music""}]","[{""id"": 10038, ""logo_path"": ""/nCueXKwYIEXrZ5ofqSJBO1YcmRr.png"", ""name"": ""Square Enix"", ""origin_country"": ""JP""}]","[{""iso_3166_1"": ""JP"", ""name"": ""Japan""}]","[{""english_name"": ""Japanese"", ""iso_639_1"": ""ja"", ""name"": ""\u65e5\u672c\u8a9e""}]","[""JP""]",null
187093,Casting,Casting,,,Released,False,False,2013-11-22,90,0,0,0.5181,5.0,1,es,,tt2893256,/r8TVWiZYA82DdQzmciutJ6S2Giu.jpg,,"[{""id"": 35, ""name"": ""Comedy""}, {""id"": 18, ""name"": ""Drama""}, {""id"": 10749, ""name"": ""Romance""}]","[{""id"": 131878, ""logo_path"": ""/5HZqzda0lklWCi4CAgYf0HL4WLh.png"", ""name"": ""Gauger Film"", ""origin_country"": ""DE""}, {""id"": 131879, ""logo_path"": ""/foQTzBVmocEJGSBtWQyvev3GVTm.png"", ""name"": ""Nana Films"", ""origin_country"": ""ES""}]","[{""iso_3166_1"": ""DE"", ""name"": ""Germany""}, {""iso_3166_1"": ""ES"", ""name"": ""Spain""}]","[{""english_name"": ""Spanish"", ""iso_639_1"": ""es"", ""name"": ""Espa\u00f1ol""}]","[""ES""]",null
187095,"1,7","1,7","A tour-documentary about the german punk-band ""Slime"".",,Released,False,False,2013-04-13,97,0,0,0.2077,5.0,1,en,http://www.testspiel.de/slime-doku-trailer-17/260031/,tt2827874,,,"[{""id"": 99, ""name"": ""Documentary""}]",[],[],[],"[""US""]",null
187098,Black Diamonds,Diamantes Negros,Diamantes Negros tells the long journey undertaken by two young boys from Mali who arrive in Spain after being persuaded to pursue their dream of escaping from poverty by becoming professional football players.,,Released,False,False,2013-11-29,94,0,0,0.1495,6.6,12,es,,tt2362320,/wrGpBDABkYWyMQgXDZiZN8VyWux.jpg,,"[{""id"": 18, ""name"": ""Drama""}]","[{""id"": 850, ""logo_path"": ""/aF7qajGJGtMpdrtvssM9g90YanX.png"", ""name"": ""Eurimages"", ""origin_country"": ""FR""}, {""id"": 16422, ""logo_path"": ""/19yhde0kh9fJ0O6njd38ZkciSe4.png"", ""name"": ""Fado Filmes"", ""origin_country"": ""PT""}, {""id"": 136250, ""logo_path"": null, ""name"": ""Fundaci\u00f3n Voces"", ""origin_country"": """"}]","[{""iso_3166_1"": ""ES"", ""name"": ""Spain""}, {""iso_3166_1"": ""PT"", ""name"": ""Portugal""}]","[{""english_name"": ""Portuguese"", ""iso_639_1"": ""pt"", ""name"": ""Portugu\u00eas""}, {""english_name"": ""Spanish"", ""iso_639_1"": ""es"", ""name"": ""Espa\u00f1ol""}]","[""ES""]",null
187100,Finders Keepers: The Root of All Evil,Finders Keepers: The Root of All Evil,A high stakes poker game. A drug lord. A million dollars. A set of ruthless killers who want it all.,,Released,False,False,2013-04-04,74,0,0,0.1175,3.0,1,en,http://www.finderskeepersmovie.com/,tt2219868,,,"[{""id"": 28, ""name"": ""Action""}, {""id"": 27, ""name"": ""Horror""}, {""id"": 53, ""name"": ""Thriller""}]",[],"[{""iso_3166_1"": ""US"", ""name"": ""United States of America""}]","[{""english_name"": ""English"", ""iso_639_1"": ""en"", ""name"": ""English""}]","[""US""]",null
187102,Farm Frolics,Farm Frolics,A series of wacky vignettes involving farm animals.,,Released,False,False,1941-05-10,7,0,0,0.5116,6.1,15,en,,tt0033589,/rg4zfPuvuDTsyNzR4pNEGfazPLZ.jpg,/uf2M7clhZldu2tll0v0dddaCMV.jpg,"[{""id"": 16, ""name"": ""Animation""}, {""id"": 35, ""name"": ""Comedy""}]","[{""id"": 174, ""logo_path"": ""/zhD3hhtKB5qyv7ZeL4uLpNxgMVU.png"", ""name"": ""Warner Bros. Pictures"", ""origin_country"": ""US""}, {""id"": 134798, ""logo_path"": null, ""name"": ""Leon Schlesinger Productions"", ""origin_country"": ""US""}]","[{""iso_3166_1"": ""US"", ""name"": ""United States of America""}]","[{""english_name"": ""English"", ""iso_639_1"": ""en"", ""name"": ""English""}]","[""US""]",null
187106,The Last Frankenstein,ラスト・フランケンシュタイン,"Professor Sarusawa and his psychic daughter Mai live together after the suicide of the Professor's wife years earlier - which was caused by a suicide plague running rampant throughout the city. Dr. Aryo lives in a nearby castle with his wife, whom Dr. Aryo created, and a hunchbacked assistant. Dr. Aryo once worked at the same university with Professor Sarusawa but was fired for his morbid experiments. Now, Dr. Aryo may hold the key to unlocking the origins &amp; cure for the suicide virus which Professor Sarusawa may now have. Meanwhile Professor Sarusawa's daughter Mai can be bring to life Dr. Aryo's stitched up cadavers which Dr. Aryo hopes to create a new race with.",,Released,False,False,1991-04-20,120,0,0,0.9745,4.8,4,ja,,tt0227348,/x0G7HkcH2YRcio5v7WsomZHeGv7.jpg,,"[{""id"": 18, ""name"": ""Drama""}, {""id"": 27, ""name"": ""Horror""}]","[{""id"": 192, ""logo_path"": ""/93eAKlnQecDdMtucfOprzcjMw9V.png"", ""name"": ""Shochiku"", ""origin_country"": ""JP""}, {""id"": 528, ""logo_path"": ""/fO3Aof3lXQclYpBByYC8aneTXwA.png"", ""name"": ""Bandai Visual"", ""origin_country"": ""JP""}]","[{""iso_3166_1"": ""JP"", ""name"": ""Japan""}]","[{""english_name"": ""Japanese"", ""iso_639_1"": ""ja"", ""name"": ""\u65e5\u672c\u8a9e""}]","[""JP""]",null
187107,The Giving Tree,The Giving Tree,"Nine former schoolmates, staying at a secluded mountain cabin for a reunion, try to figure out why one of their friends and their hostess would invite them there and commit suicide which prompts them to look into the mysterious and dark past of their 10th friend.",Close Friends... Dark Secrets... The Brutal Truth,Released,False,False,2000-03-07,89,0,0,0.7906,2.8,12,en,,tt0165800,/s3CL0echM9q3cblJ8HaT3ds7Kx9.jpg,/tpwJolvSHXAoH6ZSwRvBkWrt0oK.jpg,"[{""id"": 18, ""name"": ""Drama""}]","[{""id"": 87750, ""logo_path"": ""/8pdU8tWD6TJ8K5vN37C6LtClGFR.png"", ""name"": ""La Famiglia"", ""origin_country"": ""FR""}, {""id"": 1804, ""logo_path"": null, ""name"": ""North by Northwest Entertainment"", ""origin_country"": """"}]","[{""iso_3166_1"": ""US"", ""name"": ""United States of America""}]","[{""english_name"": ""English"", ""iso_639_1"": ""en"", ""name"": ""English""}]","[""US""]",null
187109,Duran Duran: Greatest Videos,Duran Duran: Greatest Videos,A collection of Duran Durans' greatest hits.,The Videos,Released,False,True,2003-10-13,195,0,0,0.1092,7.4,17,en,,tt0477166,/6Q6c9YGU68oZWhU6ROJcQKfw7B7.jpg,,"[{""id"": 10402, ""name"": ""Music""}]","[{""id"": 14259, ""logo_path"": null, ""name"": ""EMI"", ""origin_country"": ""GB""}]","[{""iso_3166_1"": ""GB"", ""name"": ""United Kingdom""}]","[{""english_name"": ""English"", ""iso_639_1"": ""en"", ""name"": ""English""}]","[""US"", ""GB""]",null
187112,Taylor,Taylor,"Mystery woman arrives in small mountain hallmark type town to attend a memorial or perhaps just to find resolve in her own life. She stays at a bed and breakfast run by a recent widower and a relationship develops. Some towns people suspect a romance, others just want this mystery girl to go away for no apparent reason other than she is an outsider. The mystery unravels and the girl's presence is cloaked in a deeper need that she has. What is her connection to this town, these people?",She thought her past was buried...,Released,False,False,2005-11-01,97,0,0,0.7301,6.0,1,en,,tt0455715,/mKMuCBzRjB5QHMmwEzP08ePHedY.jpg,,"[{""id"": 18, ""name"": ""Drama""}]",[],"[{""iso_3166_1"": ""US"", ""name"": ""United States of America""}]",[],"[""US""]",null
187110,Lady Ramboh,女ランボー,"Lady Ramboh finds her sister and her best friend on vacation, and the three of them spend the days having lots of fun. But the fun trip is ruined, when the girls are kidnapped and raped by the remaining traffickers. Lady Ramboh seeks revenge. She has a room full of grenade launchers to prove it.",,Released,False,False,1991-01-01,80,0,0,0.5161,4.0,1,ja,,tt0227196,/a2wxySOKgX5ZLUr4ZPFqLAfvhwh.jpg,/lCLajFMuNd8eQ6SoLFVpgY3mykU.jpg,"[{""id"": 28, ""name"": ""Action""}]","[{""id"": 91297, ""logo_path"": null, ""name"": ""Japan Video Movie Co., Ltd."", ""origin_country"": """"}]","[{""iso_3166_1"": ""JP"", ""name"": ""Japan""}]","[{""english_name"": ""English"", ""iso_639_1"": ""en"", ""name"": ""English""}, {""english_name"": ""Japanese"", ""iso_639_1"": ""ja"", ""name"": ""\u65e5\u672c\u8a9e""}]","[""JP""]",null
187116,A Waste of Shame: The Mystery of Shakespeare and His Sonnets,A Waste of Shame: The Mystery of Shakespeare and His Sonnets,"In 1609, William Shakespeare published a collection of 154 sonnets, creating what is arguably the greatest lyric sequence in English literature - and at the center of this masterpiece lies a mystery that has endured for centuries. What are the identities of “the young man” and “the dark lady” to whom all but two of the sonnets allude? This moving performance brings to life the gritty reality of Shakespeare’s England, bits of the Bard’s plays and poems, and the consummate poet and dramatist himself as it exposes these personages unseen but so keenly felt in Shakespeare’s sonnets and in his life. Rupert Graves, Tom Sturridge, Indira Varma, Anna Chancellor, and Zoë Wanamaker star. Contains mature themes and explicit language. Some content may be objectionable. Produced by the Open University.",A mystery in Shakespeare's sonnets is explored.,Released,False,False,2005-11-22,86,0,0,1.0469,4.8,9,en,,tt0491232,/egm4nhdCFIJnAJs2ehqz1OthoJy.jpg,/iznk9vtiuQZwixHpTTJJWwBLEQT.jpg,"[{""id"": 18, ""name"": ""Drama""}, {""id"": 10770, ""name"": ""TV Movie""}, {""id"": 36, ""name"": ""History""}]","[{""id"": 3324, ""logo_path"": ""/dqT3yOTlfJRmtvk52Ccd1O6dZ0A.png"", ""name"": ""BBC"", ""origin_country"": ""GB""}]","[{""iso_3166_1"": ""GB"", ""name"": ""United Kingdom""}]","[{""english_name"": ""English"", ""iso_639_1"": ""en"", ""name"": ""English""}, {""english_name"": ""French"", ""iso_639_1"": ""fr"", ""name"": ""Fran\u00e7ais""}]","[""US"", ""GB""]",null
187115,Detention,Detention,"After some personal trauma, Wilson Walmsley is invited to work as a substitute teacher in a suburban public high school. He finds lack of authority and interest in the school direction and teacher body; uncontrolled and abusive students in an environment of disrespect and lack of discipline. He becomes close to the arts teacher Louise and to the smart and abused student Joey. When he saves Louise from a sexual assault of the student Davey, Louise and him are sued by Davey's family lawyer; then Davey's girlfriend beats Louise. The upset Walmsley lures, drugs and kidnaps Joey and six troublemakers of his class and brings them to his isolate real estate in Alpine, Texas. When the seven students wake up, they are naked and caged in cages with electric fences. When Walmsley arrives, he advises that his class will begin, and any disrespect or lack of discipline will be duly punished, and shots Joey to make clear his intentions. And the class begins.","Goodbye Mister Chips, Hello Midnight Express",Released,False,False,1998-03-01,108,0,0,0.6237,5.6,8,en,,tt0134613,/8FeYIQbSwFahGlwdZipjSK8LOdu.jpg,,"[{""id"": 18, ""name"": ""Drama""}, {""id"": 35, ""name"": ""Comedy""}, {""id"": 27, ""name"": ""Horror""}]","[{""id"": 145336, ""logo_path"": null, ""name"": ""Andersonfilm"", ""origin_country"": """"}]","[{""iso_3166_1"": ""US"", ""name"": ""United States of America""}]","[{""english_name"": ""English"", ""iso_639_1"": ""en"", ""name"": ""English""}]","[""US""]",null
187117,Sword of the Conqueror,Rosmunda e Alboino,"Alboino, the Lombard ruler, wants to marry the daughter of a neighboring king, but she loves another. Her father arranges the marriage to Alboino, which he believes will be beneficial to him, only to have Alboino kill him and leave Amalchi, his daughter's real love, beaten and left for dead. Amalchi recovers to lead a revolt against the murderous Alboino and reclaim his woman.",THE MOST BARBARIC CONQUEROR WHO EVER PILLAGED THE WORLD!,Released,False,False,1961-08-24,96,0,0,0.8284,5.5,5,it,,tt0056427,/8ODHz8hQw7vcjKv2SNg2QoSwLw2.jpg,/rGLRtrGIOn4tmc3sgbvcXDUJneH.jpg,"[{""id"": 36, ""name"": ""History""}, {""id"": 12, ""name"": ""Adventure""}]","[{""id"": 641, ""logo_path"": ""/w8flpSJntsxVCMkIU1qeg1kJcJh.png"", ""name"": ""Titanus"", ""origin_country"": ""IT""}]","[{""iso_3166_1"": ""IT"", ""name"": ""Italy""}]","[{""english_name"": ""Italian"", ""iso_639_1"": ""it"", ""name"": ""Italiano""}, {""english_name"": ""English"", ""iso_639_1"": ""en"", ""name"": ""English""}]","[""IT""]",null
187118,O.H.M.S.,O.H.M.S.,"American racketeer Jimmie Dean travels to England, where he assumes the identity of a Canadian whom he has been falsely accused of murdering. Jimmie is then forced to join the British army in the dead man's place. He falls in love with the Canadian's childhood playmate, Sally Briggs, and becomes a hero after saving an isolated English colony in China.",,Released,False,False,1937-01-01,87,0,0,1.148,3.5,2,en,,tt0029328,/lWZkstVowqR5sqRsvVOqUETrPNA.jpg,,"[{""id"": 28, ""name"": ""Action""}, {""id"": 35, ""name"": ""Comedy""}, {""id"": 18, ""name"": ""Drama""}]","[{""id"": 4978, ""logo_path"": null, ""name"": ""Gaumont-British Picture Corporation"", ""origin_country"": ""GB""}]","[{""iso_3166_1"": ""GB"", ""name"": ""United Kingdom""}]","[{""english_name"": ""English"", ""iso_639_1"": ""en"", ""name"": ""English""}]","[""US"", ""GB""]",null
187128,Maximum,Maximum,"A story of two of Mumbai Police's top encounter specialists' fight for control and oneupmanship which goes through a complex maze of politics, land deals, fake encounters and bad money.",TWO COPS. ONE JOURNEY. A STRUGGLE FOR POWER. MAXIMUM POWER.,Released,False,False,2012-06-28,106,0,0,0.3417,8.0,1,en,,tt2339549,/lujV0oBcdaYsao3Sia18AlxzxXH.jpg,,"[{""id"": 28, ""name"": ""Action""}, {""id"": 80, ""name"": ""Crime""}, {""id"": 18, ""name"": ""Drama""}, {""id"": 53, ""name"": ""Thriller""}]",[],"[{""iso_3166_1"": ""IN"", ""name"": ""India""}]",[],"[""US""]",null
187123,Familia para armar,Familia para armar,Familia para armar tells the story of the emotive encounter between a father and his teenage daughter after a long and traumatic separation. Ernesto is an obfuscated and distant father and Julia a hardheaded daughter wanting to be loved and to rebuild the relationship with her father.,,Released,False,False,2011-03-17,89,0,0,0.1901,0.0,0,es,,tt1801504,/hkOJKqggxlnlcyQDCglFP5CJlZL.jpg,,"[{""id"": 18, ""name"": ""Drama""}, {""id"": 35, ""name"": ""Comedy""}]","[{""id"": 69283, ""logo_path"": ""/3wLMYi08GrBYkQO4tiRUCIqVMw1.png"", ""name"": ""2mcine"", ""origin_country"": ""AR""}]","[{""iso_3166_1"": ""AR"", ""name"": ""Argentina""}]","[{""english_name"": ""Spanish"", ""iso_639_1"": ""es"", ""name"": ""Espa\u00f1ol""}]","[""ES""]",null
187125,My Mother's Laptop,ലാപ്‌ടോപ്‌,,,Released,False,False,2008-07-25,0,0,0,0.084,8.0,1,ml,,tt1984211,/5BFPnzWQ3t5JyRAOin1VhrxUOe1.jpg,,"[{""id"": 10749, ""name"": ""Romance""}]",[],[],"[{""english_name"": ""Malayalam"", ""iso_639_1"": ""ml"", ""name"": """"}]","[""IN""]",null
187131,Dare To Dream: The Story of the U.S. Women's Soccer Team,Dare To Dream: The Story of the U.S. Women's Soccer Team,"Documentary chronicling the rise of U.S. women's soccer. Mia Hamm, Julie Foudy, and other players of note are profiled.",,Released,False,False,2007-11-08,77,0,0,0.4091,0.0,0,en,,tt1146435,,,"[{""id"": 99, ""name"": ""Documentary""}]","[{""id"": 3268, ""logo_path"": ""/tuomPhY2UtuPTqqFnKMVHvSb724.png"", ""name"": ""HBO"", ""origin_country"": ""US""}, {""id"": 14914, ""logo_path"": ""/1RZBWz53SpHUTLpRcM8BGv2plIP.png"", ""name"": ""HBO Documentary Films"", ""origin_country"": ""US""}]","[{""iso_3166_1"": ""US"", ""name"": ""United States of America""}]",[],"[""US""]",null
187133,Harold and the Purple Crayon,Harold and the Purple Crayon,"This is the ingeniously imaginative story of a small boy who, with his magic crayon, draws himself in and out of a series of adventures.",,Released,False,False,1959-12-31,7,0,0,0.1203,7.0,3,en,,tt1219760,/xRjF0uT3Lsjge8zJySOzW99B2kZ.jpg,,"[{""id"": 16, ""name"": ""Animation""}, {""id"": 10751, ""name"": ""Family""}]",[],[],[],"[""US""]",null
187139,Lala-oopsies A Sew Magical Tale,Lala-Oopsies A Sew Magical Tale,"From the creators of Lalaoopsy comes a ""Sew Magical Tale""! Now, for the very first time, journey beyond the rolling green hills of Lalaoopsy Land to a magical place never seen before where you'll meet the Lala-Oopsies! On islands that float on strawberry milk rivers, surrounded by tall mushroom trees, live the whimsical Lala-Oopsies princess ballerinas, fairies and mermaids. Join them as they embark on a fantastical journey to save their precious homes when the strawberry milk, which powers Lala-Oopsies Land, suddenly stops flowing.",Enter the Magical Land of Lala-oopsies in This Movie Adventure!,Released,False,False,2013-03-01,44,0,0,0.158,5.8,3,en,,tt3164318,,,"[{""id"": 16, ""name"": ""Animation""}]","[{""id"": 1632, ""logo_path"": ""/cisLn1YAUuptXVBa0xjq7ST9cH0.png"", ""name"": ""Lionsgate"", ""origin_country"": ""US""}]","[{""iso_3166_1"": ""US"", ""name"": ""United States of America""}]","[{""english_name"": ""English"", ""iso_639_1"": ""en"", ""name"": ""English""}]","[""US""]",null
187141,Invicta FC 5: Penne vs. Waterson,Invicta FC 5: Penne vs. Waterson,"Invicta FC 5: Penne vs. Waterson was a mixed martial arts event held on April 5, 2013. Shannon Knapp announced during Invicta FC 4 that the event will be headlined by a co-main event of Jessica Penne defending her Invicta FC Atomweight Championship against ""The Karate Hottie"" Michelle Waterson along with a flyweight championship bout between Vanessa Porto and Barb Honchak and that Sarah Kaufman would make her Invicta debut on the show. The show was originally targeted for April 13, however Knapp announced they would change it to April 5 after the UFC announced a show on that date.",,Released,False,True,2013-04-19,0,0,0,0.1617,0.0,0,en,,,/5dOLjJemHHbsnr7zvXUojD6JrqQ.jpg,,[],[],[],[],"[""US""]",null
187144,The Wandering Jew,The Wandering Jew,"Old Jerusalem: Matathias, spiteful over his lover's illness, spits on Jesus along the road to Calvary, and is cursed to live endlessly until His return.  The Crusades, 1150: Matathias, now an anonymous knight, competes for glory in combat and for the wife of a soldier.  Palermo, 1290: Matteos Battadios witnesses the death of his young son, leading to conflict with his wife over whether to take comfort in Christianity.  Seville, 1560: Dr Matteos Battadios dedicates himself to the treatment and comfort of the poor, but his life and work are endangered by the arrival of the Spanish Inquisition.",,Released,False,False,1933-11-15,110,0,0,0.6707,7.6,5,en,,tt0024750,/di2DfEV1TNXjDLaivMODPFoqJ4S.jpg,,"[{""id"": 18, ""name"": ""Drama""}, {""id"": 14, ""name"": ""Fantasy""}]","[{""id"": 465, ""logo_path"": null, ""name"": ""Twickenham Film Studios"", ""origin_country"": ""GB""}]","[{""iso_3166_1"": ""GB"", ""name"": ""United Kingdom""}]","[{""english_name"": ""English"", ""iso_639_1"": ""en"", ""name"": ""English""}]","[""GB""]",null
187142,Doris Day: A Sentimental Journey,Doris Day: A Sentimental Journey,"A retrospective documentary on the life and career of Ohio-born actress, singer and TV star Doris Day.",,Released,False,False,1991-11-16,80,0,0,0.9156,0.0,0,en,,tt0319313,/m6Fg1kx2s3wgzFKdCPmEZTA9aQR.jpg,,"[{""id"": 99, ""name"": ""Documentary""}]","[{""id"": 1823, ""logo_path"": null, ""name"": ""Arwin Productions"", ""origin_country"": """"}]","[{""iso_3166_1"": ""US"", ""name"": ""United States of America""}]","[{""english_name"": ""English"", ""iso_639_1"": ""en"", ""name"": ""English""}]","[""US""]",null
187147,Capture That Capsule,Capture That Capsule,A spy ring attempts to steal rocket secrets from Cape Canaveral.,,Released,False,False,1961-08-16,75,0,0,0.3646,5.0,1,en,,tt0054723,,,"[{""id"": 12, ""name"": ""Adventure""}]",[],"[{""iso_3166_1"": ""US"", ""name"": ""United States of America""}]",[],"[""US""]",null
187146,Apache Woman,Apache Woman,A government agent ventures west to look into reports that Apaches are behind a recent wave of frontier attacks. Begins to suspect a set-up.,Naked violence... with a gun or a knife she was a match for any man!,Released,False,False,1955-09-15,79,0,0,0.8344,4.7,12,en,,tt0047837,/dM1PVRNIOlozVSx69P7NgrLO9sC.jpg,/CzcprPlfbIS0VfZ3UVfvJhwx7j.jpg,"[{""id"": 37, ""name"": ""Western""}]","[{""id"": 14572, ""logo_path"": null, ""name"": ""Golden State Productions"", ""origin_country"": """"}, {""id"": 76329, ""logo_path"": null, ""name"": ""American Releasing Corporation (ARC)"", ""origin_country"": """"}, {""id"": 9266, ""logo_path"": ""/lRinQ7scVye5N8qkUIoCB4QXbRh.png"", ""name"": ""American International Pictures"", ""origin_country"": ""US""}]","[{""iso_3166_1"": ""US"", ""name"": ""United States of America""}]","[{""english_name"": ""English"", ""iso_639_1"": ""en"", ""name"": ""English""}]","[""US""]",null
187151,"Test Pack, You're My Baby","Test Pack, You're My Baby",A marriage counselor reels from his own marital woes when the struggle to start a family with his eager wife puts their marriage on shaky ground.,,Released,False,False,2012-09-06,106,0,0,0.2101,6.0,2,id,,tt2455368,/rzGXnxxiG2eLkVd41p6t14ql4ch.jpg,/s7B19isaue6PPJtjAUiQs3ldEWl.jpg,"[{""id"": 35, ""name"": ""Comedy""}, {""id"": 18, ""name"": ""Drama""}, {""id"": 10749, ""name"": ""Romance""}]","[{""id"": 14140, ""logo_path"": ""/tYujZw7UWP1mjWv48eqsjutjqeN.png"", ""name"": ""Starvision Plus"", ""origin_country"": ""ID""}]","[{""iso_3166_1"": ""ID"", ""name"": ""Indonesia""}]","[{""english_name"": ""Indonesian"", ""iso_639_1"": ""id"", ""name"": ""Bahasa indonesia""}]","[""ID""]",null
187154,To Music,To Music,"Villagers surrounding Antwan, a middle-aged lute player who struggles with a depression, try to get him involved with life again. But only when an old friend and musician appears in the village something changes",,Released,False,False,2013-04-22,17,0,0,0.1998,3.0,1,en,,tt2402318,/3GderoyNkiOvBSfOjuqhggvz99O.jpg,,[],[],[],[],"[""US""]",null
187152,"Wild, Wild Winter","Wild, Wild Winter","Low-budget beach party rip-off relocated to the slopes, with the plot of Taming of the Shrew loosely pasted on and with beats by the Beau Brummels.",From the SURF to THE SNOW it's an ice meltin' romantic RIOT!,Released,False,False,1966-01-05,80,0,0,0.9332,5.0,1,en,,tt0061194,/n6j7gmiqEAdnoITawmfU5J5vUoO.jpg,/zgaZJ3vbDFpE2Ncfuevt3nAx24W.jpg,"[{""id"": 35, ""name"": ""Comedy""}, {""id"": 10402, ""name"": ""Music""}, {""id"": 10749, ""name"": ""Romance""}]","[{""id"": 33, ""logo_path"": ""/8lvHyhjr8oUKOOy2dKXoALWKdp0.png"", ""name"": ""Universal Pictures"", ""origin_country"": ""US""}]","[{""iso_3166_1"": ""US"", ""name"": ""United States of America""}]","[{""english_name"": ""English"", ""iso_639_1"": ""en"", ""name"": ""English""}]","[""US""]",null
187156,Jean-Luc Cinema Godard,Jean-Luc Cinema Godard,"A biography of the great French director made for 3DD, featuring interviews with Anna Karina and Mike Leigh among others.",,Released,False,False,2009-09-30,24,0,0,0.0193,0.0,0,en,,tt1515157,/m0IyeHW9G3Mj1hDLOivlix7MviZ.jpg,,"[{""id"": 99, ""name"": ""Documentary""}]",[],"[{""iso_3166_1"": ""GB"", ""name"": ""United Kingdom""}]","[{""english_name"": ""French"", ""iso_639_1"": ""fr"", ""name"": ""Fran\u00e7ais""}, {""english_name"": ""English"", ""iso_639_1"": ""en"", ""name"": ""English""}]","[""US"", ""GB""]",null
187161,"Annyeong, Sayonara","Annyeong, Sayonara","This joint Korean-Japanese production follows a Korean woman, Lee Ha-jong, as she searches for her father's remains. He - like tens of thousands of other Koreans - was forced into the Japanese military, and subsequently killed during WW2. She is joined by a Japanese man, seeking reconciliation between his country's military past, and the countries victimized by that history. The filmmakers portray both sides of a still highly emotional debate that centers around the enshrinement of soldiers at the Yasukuni Shrine, and Lee's lawsuit to prevent her father from being enshrined there. As Lee visits Japan and the controversial Yasukuni Shrine, she confronts - and is confronted by a wall of nationalistic pride that might be compared to neo-Nazis defending the righteousness of The Reich. This is contrasted with her meeting and working with Japanese peace activists, who deplore their countries' militaristic past, and seek to heal the wounds with her neighbors.",,Released,False,False,2005-11-25,110,0,0,0.1862,0.0,0,en,,tt2111262,/gVUfQv657jzMetu68kmUHBK34dc.jpg,,"[{""id"": 99, ""name"": ""Documentary""}]",[],"[{""iso_3166_1"": ""KR"", ""name"": ""South Korea""}, {""iso_3166_1"": ""JP"", ""name"": ""Japan""}]","[{""english_name"": ""Korean"", ""iso_639_1"": ""ko"", ""name"": ""\ud55c\uad6d\uc5b4/\uc870\uc120\ub9d0""}]","[""US""]",null
187164,Un millón en la basura,Un millón en la basura,"In the vast army of human society, Pepe, a sweeper, occupies one of the last places: anonymous, gray, vague. Pepe is a member of that ghostly dawn brigade, to blow hose, clean the streets at dawn. One day Pepe finds a million in the trash. Financial need of the poor sweeper suggests keeping the money, but his wife advises him to do his civic duty and return the money ...",,Released,False,False,1967-03-02,90,0,0,0.695,6.8,13,es,,tt0061977,/v4sdyZ7iTR9BH6x7arKUjx8tPAm.jpg,/kmpj2cOod8w1ihLmVD3lQGBcggq.jpg,"[{""id"": 35, ""name"": ""Comedy""}, {""id"": 18, ""name"": ""Drama""}]","[{""id"": 31131, ""logo_path"": null, ""name"": ""Pedro Mas\u00f3 PC"", ""origin_country"": ""ES""}, {""id"": 2101, ""logo_path"": null, ""name"": ""C. B. Films"", ""origin_country"": ""ES""}]","[{""iso_3166_1"": ""ES"", ""name"": ""Spain""}]","[{""english_name"": ""Spanish"", ""iso_639_1"": ""es"", ""name"": ""Espa\u00f1ol""}]","[""ES""]",null
187165,Blood Appears,La sangre brota,"The story follows the struggles of Arturo, a cab driver who has to find $2000 within 24 hours; his older son, Ramiro, who left home four years ago, has just phoned from Houston asking for urgent help. However, Arturo's wife Irene keeps their savings away from Arturo's reach.",,Released,False,False,2009-04-29,100,0,0,0.194,5.3,10,es,,tt1189361,/u5p6cR2jZP5zSK2n5rXpeHBxwfX.jpg,,"[{""id"": 18, ""name"": ""Drama""}]","[{""id"": 52162, ""logo_path"": ""/eH7ljgi5kSmkATrtjnWq5FILrov.png"", ""name"": ""Magma Cine"", ""origin_country"": ""AR""}, {""id"": 168110, ""logo_path"": null, ""name"": ""Neue Cameo Film"", ""origin_country"": """"}, {""id"": 65266, ""logo_path"": null, ""name"": ""Acrobates Film"", ""origin_country"": """"}]","[{""iso_3166_1"": ""AR"", ""name"": ""Argentina""}, {""iso_3166_1"": ""FR"", ""name"": ""France""}, {""iso_3166_1"": ""DE"", ""name"": ""Germany""}]","[{""english_name"": ""Spanish"", ""iso_639_1"": ""es"", ""name"": ""Espa\u00f1ol""}]","[""FR"", ""AR""]",null
187167,The Summit,The Summit,"The actions of the Italian police against peaceful demonstrators durign G8 in Genua in 2001, one of whom died and a hundred of whom sustained serious injuries, was described by Amnesty International as one of the most severe breaches of democratic rights in a European country since the SecondWorld War. Under the pretext of wanting to arrest members of the anarchistic Black Bloc, police stormed into the Diaz school complex which at the time housed journalists covering the event, and spent over two hours raining blows on defenceless women and men.",,Released,False,False,2013-02-13,95,0,0,0.0071,7.4,6,it,,tt2251541,/kYx19fuIRBK71YaBRnAAEmB68W9.jpg,/qUioMRaBjmgNlX2PBfOj56bFwtw.jpg,"[{""id"": 99, ""name"": ""Documentary""}]","[{""id"": 14141, ""logo_path"": null, ""name"": ""Telemaco"", ""origin_country"": """"}]","[{""iso_3166_1"": ""IT"", ""name"": ""Italy""}]","[{""english_name"": ""English"", ""iso_639_1"": ""en"", ""name"": ""English""}, {""english_name"": ""Italian"", ""iso_639_1"": ""it"", ""name"": ""Italiano""}]","[""IT""]",null
187169,Double Bliss,双喜临门,"A musical comedy about two students returning home from abroad with plans to wed.  However, their dads are bitter enemies and oppose the marriage.",,Released,False,False,1970-02-04,86,0,0,1.1224,0.0,0,zh,,tt0192607,/kuTEuIUBtWfJANXYW9tJZQFgMyn.jpg,,"[{""id"": 35, ""name"": ""Comedy""}]","[{""id"": 5798, ""logo_path"": ""/tmuI9BGXgpWLmokhlxpnG3IGNQB.png"", ""name"": ""Shaw Brothers"", ""origin_country"": ""HK""}]","[{""iso_3166_1"": ""HK"", ""name"": ""Hong Kong""}]","[{""english_name"": ""Mandarin"", ""iso_639_1"": ""zh"", ""name"": ""\u666e\u901a\u8bdd""}]","[""HK""]",null
187168,Jazz '34,Jazz '34,A recreation of 1934 Kansas City jazz jam session created by Robert Altman.,Remembrances of Kansas City swing,Released,False,False,1997-01-29,72,0,0,0.5146,6.1,8,en,,tt0116688,/6pgWmevP1UCXOnjzyHWc8M0tX8T.jpg,/xQnA6BDChzmPyyUpcCFAJDT5X3t.jpg,"[{""id"": 99, ""name"": ""Documentary""}, {""id"": 10402, ""name"": ""Music""}]","[{""id"": 11487, ""logo_path"": null, ""name"": ""Sandcastle 5"", ""origin_country"": ""US""}, {""id"": 105, ""logo_path"": ""/pyiNvPJYGz4W2SImgULoG2sn4y4.png"", ""name"": ""CiBy 2000"", ""origin_country"": ""FR""}]","[{""iso_3166_1"": ""US"", ""name"": ""United States of America""}, {""iso_3166_1"": ""FR"", ""name"": ""France""}]",[],"[""US""]",null
187170,Whose Baby Is in the Classroom?,女校春色,"This movie stars Peter Chen Ho as a male teacher in an all girls school. The girls are teens and, since they live there, are kind of tickled to see a male teacher. They don't particularly lust after him, but they kind of crush on him. The title of the film refers to a baby that Chen minded as a favor in a doctor's office, only to find the mother left him with Chen. Chen has to take care of the baby and, inevitably, has to bring him to school and hide him, as he lives there also.",,Released,False,False,1970-02-18,108,0,0,1.3092,5.0,1,zh,,tt0445598,/eWiZdwRbYERtK0henMbQ8aAdILw.jpg,,"[{""id"": 35, ""name"": ""Comedy""}]","[{""id"": 5798, ""logo_path"": ""/tmuI9BGXgpWLmokhlxpnG3IGNQB.png"", ""name"": ""Shaw Brothers"", ""origin_country"": ""HK""}]","[{""iso_3166_1"": ""HK"", ""name"": ""Hong Kong""}]","[{""english_name"": ""Mandarin"", ""iso_639_1"": ""zh"", ""name"": ""\u666e\u901a\u8bdd""}]","[""HK""]",null
187174,A Place to Call Home,玉女親情,"Li Ching plays one of three daughters, whose life is turned upside down when she discovers she is adopted. But things get even worse when she goes in search of her real mother. Finally, after almost a double tragedy, she realizes what so many knew all along: There's no place like home.",,Released,False,False,1970-04-11,89,0,0,0.8489,0.0,0,zh,,tt0445848,/7MF7suicxi5sN6OyBj8HdxTAxlY.jpg,,[],"[{""id"": 5798, ""logo_path"": ""/tmuI9BGXgpWLmokhlxpnG3IGNQB.png"", ""name"": ""Shaw Brothers"", ""origin_country"": ""HK""}]","[{""iso_3166_1"": ""HK"", ""name"": ""Hong Kong""}]","[{""english_name"": ""Mandarin"", ""iso_639_1"": ""zh"", ""name"": ""\u666e\u901a\u8bdd""}]","[""HK""]",null
187172,The Younger Generation,兒女是我們的,"The Younger Generation is an ultra-tragic tale about a young girl, played by Ivy Ling Po who gets married, has five kids, then she and her husband die forcing one child sold to prostitution to feed the other four. Chinese culture dictates that great respect is given to the elders and in The Younger Generation, it is an elder that is the hero, telling audiences that although sadness abounds, they can return home happy with their Confucius mindset.",,Released,False,False,1970-03-12,84,0,0,1.0836,5.0,3,zh,,tt0193906,/6KiCDlbxqt8WEAOundXKI6Ixr7s.jpg,,"[{""id"": 18, ""name"": ""Drama""}]","[{""id"": 5798, ""logo_path"": ""/tmuI9BGXgpWLmokhlxpnG3IGNQB.png"", ""name"": ""Shaw Brothers"", ""origin_country"": ""HK""}]","[{""iso_3166_1"": ""HK"", ""name"": ""Hong Kong""}]","[{""english_name"": ""Mandarin"", ""iso_639_1"": ""zh"", ""name"": ""\u666e\u901a\u8bdd""}]","[""HK""]",null
187178,My Son,春火,Jimmy Wang Yu gets to flex his dramatic muscles in this contemporary Lo Chen drama. Wang is a detective's son whose attempt to punish a swindler leaves him and his father in a thrilling final face-off.,,Released,False,False,1970-06-26,93,0,0,1.5161,5.0,1,zh,,tt0061478,/w1SKuWFMXmT1zhG7cJJTZRuCPx4.jpg,,"[{""id"": 28, ""name"": ""Action""}, {""id"": 18, ""name"": ""Drama""}]","[{""id"": 5798, ""logo_path"": ""/tmuI9BGXgpWLmokhlxpnG3IGNQB.png"", ""name"": ""Shaw Brothers"", ""origin_country"": ""HK""}]","[{""iso_3166_1"": ""HK"", ""name"": ""Hong Kong""}]","[{""english_name"": ""Mandarin"", ""iso_639_1"": ""zh"", ""name"": ""\u666e\u901a\u8bdd""}]","[""HK""]",null
187176,Hellgate,鬼門關,shaw production,,Released,False,False,1970-06-05,90,0,0,1.0466,0.0,0,zh,,tt1020879,/sfcXgRwEjcwjjbIMAGeNQqvka1s.jpg,,[],"[{""id"": 5798, ""logo_path"": ""/tmuI9BGXgpWLmokhlxpnG3IGNQB.png"", ""name"": ""Shaw Brothers"", ""origin_country"": ""HK""}]","[{""iso_3166_1"": ""HK"", ""name"": ""Hong Kong""}]","[{""english_name"": ""Mandarin"", ""iso_639_1"": ""zh"", ""name"": ""\u666e\u901a\u8bdd""}]","[""HK""]",null
187179,Love Song Over the Sea,海外情歌,Romantic musical comedy.,,Released,False,False,1970-08-30,0,0,0,0.93,0.0,0,zh,,tt0066010,,,"[{""id"": 35, ""name"": ""Comedy""}, {""id"": 10749, ""name"": ""Romance""}, {""id"": 10402, ""name"": ""Music""}]","[{""id"": 5798, ""logo_path"": ""/tmuI9BGXgpWLmokhlxpnG3IGNQB.png"", ""name"": ""Shaw Brothers"", ""origin_country"": ""HK""}]","[{""iso_3166_1"": ""HK"", ""name"": ""Hong Kong""}]","[{""english_name"": ""Mandarin"", ""iso_639_1"": ""zh"", ""name"": ""\u666e\u901a\u8bdd""}]","[""HK""]",null
187182,A Time for Love,那個不多情,"A Time For Love features Shaw Brothers' darling Lily Ho in a Romeo and Juliet stylized love story that breaks the tradition of Hong Kong's ""class distinction"" love stories. It is a film ending with a Cinderella-esque love saving happiness happy ever other ending.",,Released,False,False,1970-10-16,95,0,0,1.1695,3.0,1,zh,,tt0814356,/mcoit65giYfmr8V5f12dLLjfmVX.jpg,,[],"[{""id"": 5798, ""logo_path"": ""/tmuI9BGXgpWLmokhlxpnG3IGNQB.png"", ""name"": ""Shaw Brothers"", ""origin_country"": ""HK""}]","[{""iso_3166_1"": ""HK"", ""name"": ""Hong Kong""}]","[{""english_name"": ""Mandarin"", ""iso_639_1"": ""zh"", ""name"": ""\u666e\u901a\u8bdd""}]","[""HK""]",null
187183,Dua Kalimah,Dua Kalimah,"""2 Kalimah"" tells the story of a couple, Aiman and a Malay-English girl Selena, who decide to return to their hometown. The couple have a secret of their own: Aiman is actually still in love with Humaira, thus he does not want want to wed Selena, but due to her pregnancy, is forced to lie to their relatives and friends that they are married.",Everything is Already Written [Semuanya Sudah Tertulis],Released,False,False,2013-04-03,95,0,0,0.1025,0.0,0,ms,http://cinemamalaysia.com.my/film/info/?id=2_Kalimah_1222,,/9GERUEerlTBsfKh37MB8VGAkk7W.jpg,,"[{""id"": 10749, ""name"": ""Romance""}, {""id"": 18, ""name"": ""Drama""}, {""id"": 9648, ""name"": ""Mystery""}]",[],[],"[{""english_name"": ""Malay"", ""iso_639_1"": ""ms"", ""name"": ""Bahasa melayu""}]","[""MY""]",null
187185,The Iron Buddha,鐵羅漢,"After a notorious rapist kills his master and entire clan, the Iron Buddha sets out for revenge. He'll need a magic sword first though, naturally.",,Released,False,False,1970-11-12,89,0,0,2.0637,5.8,6,zh,,tt0211666,/a5TxROxDA0ryAosNJ5EXhpa57wL.jpg,/zyid86CGlpR6KpNfZ8SErZbh4Ly.jpg,"[{""id"": 28, ""name"": ""Action""}]","[{""id"": 5798, ""logo_path"": ""/tmuI9BGXgpWLmokhlxpnG3IGNQB.png"", ""name"": ""Shaw Brothers"", ""origin_country"": ""HK""}]","[{""iso_3166_1"": ""HK"", ""name"": ""Hong Kong""}]","[{""english_name"": ""Mandarin"", ""iso_639_1"": ""zh"", ""name"": ""\u666e\u901a\u8bdd""}]","[""HK""]",null
187187,Apartment for Ladies,女子公寓,"Betty Ting Pei plays the lead, a Taiwanese singer searching in Hong Kong for her younger sister, who disappears after coming to HK to be discovered as a nightclub singer.",,Released,False,False,1970-11-20,101,0,0,1.6349,7.0,1,zh,,tt0450468,/y1IlFYT0tfJ6FATiOJQ6AwYvdEd.jpg,/ogNJzJRtuZLn69PRa7SBZcBtbZN.jpg,"[{""id"": 35, ""name"": ""Comedy""}]","[{""id"": 5798, ""logo_path"": ""/tmuI9BGXgpWLmokhlxpnG3IGNQB.png"", ""name"": ""Shaw Brothers"", ""origin_country"": ""HK""}]","[{""iso_3166_1"": ""HK"", ""name"": ""Hong Kong""}]","[{""english_name"": ""Mandarin"", ""iso_639_1"": ""zh"", ""name"": ""\u666e\u901a\u8bdd""}]","[""HK""]",null
187188,Udhayam NH4,Udhayam NH4,"Prabhu, a young college student, kidnaps his lover Rithika when her father disapproves of their relationship. Manoj Menon, an encounter specialist, is appointed to track them down.",,Released,False,False,2013-04-18,123,0,0,0.6813,5.8,15,ta,,tt2872256,/qlYCoCnVS7sfKAD0rs6koeKrKJb.jpg,,"[{""id"": 10749, ""name"": ""Romance""}, {""id"": 53, ""name"": ""Thriller""}]","[{""id"": 26968, ""logo_path"": ""/k5pMGQkP6j62wmlNGSpPf5Formo.png"", ""name"": ""Grass Root Film Company"", ""origin_country"": ""IN""}]","[{""iso_3166_1"": ""IN"", ""name"": ""India""}]","[{""english_name"": ""Kannada"", ""iso_639_1"": ""kn"", ""name"": ""?????""}, {""english_name"": ""Malayalam"", ""iso_639_1"": ""ml"", ""name"": """"}, {""english_name"": ""Tamil"", ""iso_639_1"": ""ta"", ""name"": ""\u0ba4\u0bae\u0bbf\u0bb4\u0bcd""}]","[""IN""]",null
187190,The Night Is Young,夜合花,A rich man is constantly plagued by suspicions that his wife is cheating on him. He's not at peace even at this own house as his house guests are indulging themselves...,,Released,False,False,1971-01-01,0,0,0,0.7139,1.0,2,zh,,tt1075648,/pJDIKj9vlihr0OfOl5ymJPBgWsC.jpg,,[],"[{""id"": 5798, ""logo_path"": ""/tmuI9BGXgpWLmokhlxpnG3IGNQB.png"", ""name"": ""Shaw Brothers"", ""origin_country"": ""HK""}]","[{""iso_3166_1"": ""HK"", ""name"": ""Hong Kong""}]","[{""english_name"": ""Mandarin"", ""iso_639_1"": ""zh"", ""name"": ""\u666e\u901a\u8bdd""}]","[""HK""]",null
187191,Aerosmith: live at Orlando 2001,Aerosmith: live at Orlando 2001,1.Beyond Beautiful  2.Love in an Elevator  3.Jaded  4.Just Push Play  5.Big Ten Inch Record  6.Fly Away From Here  7.Pink  8.Mama Kin  9.Dream On  10.Rats In The Cellar  11.Under My Skin  12.Back in the Saddle  13.Walk This Way  14.Uncle Salty  15.Sweet Emotion,,Released,False,False,2001-06-14,88,0,0,0.2523,0.0,0,en,,,/xYDMJefNJe97qyGIMQr5N221ru7.jpg,/4AgwpdQrJaB3pdoa505n17at2Ln.jpg,[],[],[],"[{""english_name"": ""English"", ""iso_639_1"": ""en"", ""name"": ""English""}]","[""US""]",null
187192,Aerosmith: Lightning Strikes,Aerosmith: Lightning Strikes,1.Toys In the Attic (0:00:55)  2.Same Old Song and Dance (0:04:51)  3.Big Ten Inch Record (0:11:13)  4.Dude Looks Like a Lady (0:14:44)  5.Lightning Strikes (0:19:36)  6.Rag Doll (0:24:52)  7.Hangman Jury (0:29:12)  8.Permanent Vacation (0:35:16)  9.Angel (0:40:00)  10.Back In the Saddle (0:45:52)  11.Brad Whitford﻿ Solo (0:50:21)  12.Last Child (0:52:11)  13.Joe Perry Solo (0:55:26)  14.Draw the Line (0:58:06)  15.One Way﻿ Street (1:03:26)  16.Dream On (1:05:31)  17.Train Kept A-Rollin' (1:10:33)  18.Joey Kramer solo (1:16:43)  19.Sweet Emotion (1:25:55)  20.Peter Gunn theme (1:30:24)  21.I'm Down (1:36:42)  22.Walk This Way (1:38:53),,Released,False,False,1988-04-22,0,0,0,0.0071,0.0,0,en,,,,,[],[],[],[],"[""US""]",null
187193,Free of Eden,Free of Eden,"Story about Will Cleamons, a former teacher-turned-businessman who agrees to tutor 18-year-old high school dropout, Nicole Turner. Much to his surprise, their relationship not only helps Nicole build a future, but helps Cleamons put his personal life back together.",,Released,False,False,1999-02-21,98,0,0,0.867,10.0,2,en,,tt0139225,/rbdkTMUhQy8VNhpbmBz3zHaNIhb.jpg,,"[{""id"": 18, ""name"": ""Drama""}, {""id"": 10770, ""name"": ""TV Movie""}]",[],"[{""iso_3166_1"": ""US"", ""name"": ""United States of America""}]","[{""english_name"": ""English"", ""iso_639_1"": ""en"", ""name"": ""English""}]","[""US""]",null
187195,Sons and Daughters,千萬人家,shaw production,,Released,False,False,1971-03-03,0,0,0,0.8026,0.0,0,zh,,tt0350011,/iQYsVurijWmJHe1DPzJS09maSEc.jpg,,[],"[{""id"": 5798, ""logo_path"": ""/tmuI9BGXgpWLmokhlxpnG3IGNQB.png"", ""name"": ""Shaw Brothers"", ""origin_country"": ""HK""}]","[{""iso_3166_1"": ""HK"", ""name"": ""Hong Kong""}]","[{""english_name"": ""Mandarin"", ""iso_639_1"": ""zh"", ""name"": ""\u666e\u901a\u8bdd""}]","[""TW""]",null
187194,Ladies Man,Damernes ven,"Mrs. Jonsen discovered after her husband's death, that he was not at all a paragon, she thought. Her sister and some diary notes reveal him as a man with numerous amourous adventures.",,Released,False,False,1969-09-27,75,0,0,0.4461,6.5,2,da,,tt0123782,/sdthydXlVvQodvROrGggEx6LjQr.jpg,/xiGfOBQA2y5bcG4w9LrhXgAHmhS.jpg,"[{""id"": 35, ""name"": ""Comedy""}]","[{""id"": 2379, ""logo_path"": null, ""name"": ""Palladium"", ""origin_country"": ""DK""}]","[{""iso_3166_1"": ""DK"", ""name"": ""Denmark""}]","[{""english_name"": ""Danish"", ""iso_639_1"": ""da"", ""name"": ""Dansk""}]","[""DK""]",null
187196,Kidnapped in Paradise,Kidnapped in Paradise,"A woman engages a down-on-his-luck sailor to help her find her sister, who was kidnapped by modern day pirates.",,Released,False,False,1999-05-26,91,0,0,0.5085,1.8,4,en,,tt0158708,/78Hy1SJkQZvPVXfMx7SOXQzlO5X.jpg,/1h36MTFZJdDpU8BvsoN9xzWsp6x.jpg,"[{""id"": 80, ""name"": ""Crime""}, {""id"": 53, ""name"": ""Thriller""}, {""id"": 10770, ""name"": ""TV Movie""}]","[{""id"": 26727, ""logo_path"": ""/jeTxdjXhzgKZyLr3l9MllkTn3fy.png"", ""name"": ""Universal Television"", ""origin_country"": ""US""}]","[{""iso_3166_1"": ""US"", ""name"": ""United States of America""}]","[{""english_name"": ""English"", ""iso_639_1"": ""en"", ""name"": ""English""}]","[""US""]",null
187199,Electric Edwardians - The Films Of Mitchell And Kenyon,Electric Edwardians - The Films Of Mitchell And Kenyon,"Archive footage, recently discovered, shot by the Edwardian documentary film-makers Sagar Mitchell and James Kenyon. Selected from a total of 28 hours of material, this compilation is grouped into five sections: 'Youth and Education'; 'The Anglo-Boer War'; 'Workers'; 'High Days and Holidays' and 'People and Places'. It includes footage of ordinary people going about their everyday business, from the factory gates to football matches, and is set to a specially commisioned score by the Shieffield-based duo In the Nursery.",,Released,False,False,2005-05-29,85,0,0,0.0071,0.0,0,en,,tt4969726,/aG6COMadM0AO1xRe9QR8cQhfS5m.jpg,/mThe2316vTmmULF1mWTp1ahbNjy.jpg,"[{""id"": 99, ""name"": ""Documentary""}]","[{""id"": 7281, ""logo_path"": ""/iI7qdR1OFPo0U41BlpKBLD3xesh.png"", ""name"": ""BFI"", ""origin_country"": ""GB""}]","[{""iso_3166_1"": ""GB"", ""name"": ""United Kingdom""}]",[],"[""US""]",null
187198,Moby: Go - A Film About Moby,Moby: Go - A Film About Moby,"This exclusive feature-length documentary film chronicles Moby's life story from his humble beginnings in rural Connecticut to his current status as world-renowned musician and song-writer. Filmed in high- definition in Europe, the USA and South America during his world tour of 2005 this film give hitherto unseen insight into the man and his music. Moby, along with friends, family, and associates, tells us his story in his own words and takes us back to where he was brought up and where he first earned his spurs as a DJ before creating his own music. This is a rare in-depth portrait of an artist, his life and work.",,Released,False,False,2006-10-24,90,0,0,0.205,9.0,1,en,http://moby.com,tt0997449,/2ZJdVABnIBElFHTogW4mXluTftT.jpg,,"[{""id"": 99, ""name"": ""Documentary""}]","[{""id"": 249129, ""logo_path"": null, ""name"": ""Mute Film"", ""origin_country"": """"}]","[{""iso_3166_1"": ""US"", ""name"": ""United States of America""}]","[{""english_name"": ""English"", ""iso_639_1"": ""en"", ""name"": ""English""}]","[""US""]",null
187201,Unchain,アンチェイン,"Documentary on the Japanese boxer Unchain Kaji, who retired from the ring at the age of 30 with an eye injury and a losing record. He then tries to start a new life as a civilian.",,Released,False,False,2001-05-19,98,0,0,0.5231,5.5,5,ja,,tt0280170,/ac8x9tXD6FeAYlpkhUN5EuGr9Ne.jpg,,"[{""id"": 99, ""name"": ""Documentary""}]","[{""id"": 14144, ""logo_path"": null, ""name"": ""Film Makers"", ""origin_country"": ""JP""}, {""id"": 14145, ""logo_path"": ""/2evcxgkCBfWAt8h0zo7xNaw7H78.png"", ""name"": ""Little More"", ""origin_country"": ""JP""}]","[{""iso_3166_1"": ""JP"", ""name"": ""Japan""}]","[{""english_name"": ""Japanese"", ""iso_639_1"": ""ja"", ""name"": ""\u65e5\u672c\u8a9e""}]","[""JP""]",null
187205,Gorillaz: Demon Days Live in Harlem at Apollo Theater,Gorillaz: Demon Days Live in Harlem at Apollo Theater,"The visual element of the evenings was provided by Gorillaz co-creator Jamie Hewlett and displayed on screens on the stage, and the artists performed in front of the screens, with Damon Albarn in silhouette form for most of the concert (unlike previous concerts, where the musicians were behind the screens, with only silhouettes visible). The event was filmed by an EMI film crew for a DVD release, Demon Days Live, in late March 2006. It was later announced that an American version of the event would take place from April 2 to April 6, 2006 at the famed Apollo Theater in Harlem. Within an hour of release tickets were sold out.",,Released,False,False,2006-04-06,64,0,0,0.4211,7.0,1,en,,,/mfjwXd2Hra5AQBp0GRLrLqwUhFS.jpg,/rM8ebi4Qhq61t04Xg6GWVAhhFDJ.jpg,"[{""id"": 10402, ""name"": ""Music""}]",[],[],"[{""english_name"": ""English"", ""iso_639_1"": ""en"", ""name"": ""English""}]","[""US""]",null
187206,Is There Sex After Death?,Is There Sex After Death?,"Driving through New York City in his Sexmobile, Dr. Harrison Rogers of the Bureau of Sexological Investigation, searches out luminary figures in the world of sex.",,Released,False,False,1971-10-24,102,0,0,0.6658,3.0,4,en,,tt0125263,,/eOHYyj33Wgd9XbGaYTOyW63YHHO.jpg,"[{""id"": 35, ""name"": ""Comedy""}, {""id"": 99, ""name"": ""Documentary""}]",[],"[{""iso_3166_1"": ""US"", ""name"": ""United States of America""}]","[{""english_name"": ""English"", ""iso_639_1"": ""en"", ""name"": ""English""}]","[""US""]",null
187209,Gorillaz - Live at Paris La Cigale,Gorillaz - Live at Paris La Cigale,It was the first concert of the animated band Gorillaz that turned a huge success throughout Europe and rage in the U.S.  thus highlighting songs such as 19/2000 and clint Eastwood,,Released,False,False,2001-06-22,95,0,0,0.0071,0.0,0,en,,,,,"[{""id"": 10402, ""name"": ""Music""}]",[],"[{""iso_3166_1"": ""GB"", ""name"": ""United Kingdom""}]","[{""english_name"": ""English"", ""iso_639_1"": ""en"", ""name"": ""English""}]","[""US""]",null
187207,Victory Parade,Парад Победы,Soviet Documentary film of the 1945 victory parade in Moscows Red Square.,,Released,False,False,1945-07-19,50,0,0,0.1746,2.0,2,ru,,tt7030214,,/5qjODTlSALxA7pH5DsND1fZOAQl.jpg,"[{""id"": 99, ""name"": ""Documentary""}]","[{""id"": 83366, ""logo_path"": null, ""name"": ""Central Studio of Documentary Films"", ""origin_country"": ""SU""}]","[{""iso_3166_1"": ""SU"", ""name"": ""Soviet Union""}]","[{""english_name"": ""Russian"", ""iso_639_1"": ""ru"", ""name"": ""P\u0443\u0441\u0441\u043a\u0438\u0439""}]","[""SU""]",null
187213,Strange Parallel,Strange Parallel,"Strange Parallel is a documentary/short film revolving around the American singer/songwriter Elliott Smith. The film features interviews with Elliott himself as well as fans, friends and other acquaintances of his (including Gus Van Sant, Larry Crane, and the members of Quasi). The film also includes snippets of Elliott Smith performing as well as footage of him recording an unreleased song, ""Brand New Game"". The film sometimes moves out of reality, with acted-out, metaphorical sequences that involve Elliott considering purchasing a mechanical hand (a ""robot hand"" ) to improve his music.",,Released,False,False,1998-10-15,30,0,0,0.1859,5.9,5,en,,tt0466259,/u6BXbxZ8G4vWZ4SUxN4YK5BPQ4B.jpg,/aJzPzMdhZ5YTeq7V6BSvXyRtF4o.jpg,"[{""id"": 99, ""name"": ""Documentary""}, {""id"": 10402, ""name"": ""Music""}, {""id"": 14, ""name"": ""Fantasy""}]","[{""id"": 215472, ""logo_path"": null, ""name"": ""DreamWorks Records"", ""origin_country"": ""US""}]","[{""iso_3166_1"": ""US"", ""name"": ""United States of America""}]","[{""english_name"": ""Spanish"", ""iso_639_1"": ""es"", ""name"": ""Espa\u00f1ol""}, {""english_name"": ""English"", ""iso_639_1"": ""en"", ""name"": ""English""}]","[""US""]",null
187216,Speed King,Speed King,"Biopic of Malcolm Campbell, detailing his tumultuous life and extreme drive as he attempts to break the world speed records on land and water.",,Released,False,False,1979-12-19,93,0,0,0.29,0.0,0,en,,tt0926878,,,"[{""id"": 18, ""name"": ""Drama""}, {""id"": 10770, ""name"": ""TV Movie""}]","[{""id"": 3324, ""logo_path"": ""/dqT3yOTlfJRmtvk52Ccd1O6dZ0A.png"", ""name"": ""BBC"", ""origin_country"": ""GB""}]","[{""iso_3166_1"": ""GB"", ""name"": ""United Kingdom""}]","[{""english_name"": ""English"", ""iso_639_1"": ""en"", ""name"": ""English""}]","[""GB""]",null
187218,Norah Jones - VH1 Storytellers,Norah Jones - VH1 Storytellers,Norah Jones performs live for VH1 Storytellers.,,Released,False,False,,0,0,0,0.0,0.0,0,en,,,,,[],[],[],[],"[""US""]",null
187217,Scorpions: Live At Wacken Open Air 2012,Scorpions: Live At Wacken Open Air 2012,Scorpions hit the stage in a sea of lights for opener ‘Sting In The Tail’ and soon proved to Wacken that you don’t need to play fast and furious to be heavy with the slower tracks ‘Make It Real’ and the reggae flavour of ‘Is There Anybody There?’. The set consisted of tracks from ‘Love Drive’ and onwards from when Matthias Jabs became a permanent member of the Scorpions.,,Released,False,False,2012-08-02,0,0,0,0.0673,0.0,0,en,,tt3978404,/zwpHL5WxQjFqDvYAa1jduMdUfdk.jpg,,"[{""id"": 10402, ""name"": ""Music""}]",[],[],[],"[""US""]",null
187219,Joshua Then and Now,Joshua Then and Now,"Based on a novel by Mordecai Richler, allegedly his autobiography, it tells the story of a Jewish writer, from his life as a young boy in Montreal to his more complicated grown-up life.",Some men rise to greatness because of their upbringing. Joshua did it in spite of his.,Released,False,False,1985-09-17,119,0,0,1.2237,5.0,10,en,,tt0089383,/hemwTJfxeffxfl51av6PvFTSMgX.jpg,/qluvyMWA57xw8NFey0YaZr66UTH.jpg,"[{""id"": 18, ""name"": ""Drama""}, {""id"": 10770, ""name"": ""TV Movie""}]",[],"[{""iso_3166_1"": ""CA"", ""name"": ""Canada""}]","[{""english_name"": ""English"", ""iso_639_1"": ""en"", ""name"": ""English""}]","[""CA"", ""US""]",null
187221,Halford: En Chile,Halford: En Chile,Halford Chile 2001 (full concert),,Released,False,False,2001-09-18,0,0,0,0.0,0.0,0,en,,,,,[],[],[],[],"[""US""]",null
187225,Aerosmith: Live in Nuremberg,Aerosmith: Live in Nuremberg,"Aerosmith Live in Nuremberg, Germany, during the Nine Lives Tour in 1997.",,Released,False,False,1997-04-22,81,0,0,0.2425,0.0,0,en,,,,,[],[],[],"[{""english_name"": ""English"", ""iso_639_1"": ""en"", ""name"": ""English""}]","[""DE""]",null
187222,Seeds of Tragedy,Seeds of Tragedy,Coca leaves making their way from Peru to Downtown Los Angeles.,,Released,False,False,1991-06-15,100,0,0,0.4662,6.7,3,en,,tt0102871,/fAy5pPN6Fv4LraxE5WAKSSKJ80R.jpg,/hYxreG5eerzTF4Qj00ktqU60zNM.jpg,"[{""id"": 18, ""name"": ""Drama""}, {""id"": 10770, ""name"": ""TV Movie""}]",[],"[{""iso_3166_1"": ""US"", ""name"": ""United States of America""}]","[{""english_name"": ""English"", ""iso_639_1"": ""en"", ""name"": ""English""}]","[""US""]",null
187226,Aerosmith: Live in Philadelphia,Aerosmith: Live in Philadelphia,Full proshot DVD,,Released,False,False,1990-01-18,106,0,0,0.2866,0.0,0,en,,,/5oAhj21P3EAHYr75AHa3WmcjJq7.jpg,,[],[],[],"[{""english_name"": ""English"", ""iso_639_1"": ""en"", ""name"": ""English""}]","[""US""]",null
187230,Emperor: Live Inferno - Wacken Open Air,Emperor: Live Inferno - Wacken Open Air,Live At Wacken Open Air 2006 - A Night Of Emperial Wrath,,Released,False,False,2009-04-19,0,0,0,0.0071,8.0,1,en,,,/eLfo7NL0yMMvpx2dq2CzqfjhBZU.jpg,/y3cENIGDnq4XiBqI1sB5VrbU0J.jpg,"[{""id"": 10402, ""name"": ""Music""}]",[],[],[],"[""US""]",null
187232,Helloween: Live in Köln,Helloween: Live in Köln,"Helloween, Köln, with Michael Kiske",,Released,False,False,1992-04-22,0,0,0,0.0,0.0,0,en,,,/jYhRvPOtNxFQwz3c1asxQCDomKd.jpg,,[],[],[],[],"[""US""]",null
187234,Slow Attack,Endstation Freiheit,"Nik, a released prisoner who started writing in prison, wants to leave his past behind him, but refuses to contact his former girlfriend and her family. Under the name of his jail buddy Henry, he moves in with his pen pal - who has never seen him - and is always watched suspiciously by their roommate. Nik began writing in prison and now seeks contact with the literary culture, even though he feels disgusted by the pompous fuss of this society. He is not without talent and works on a novel in which he minutely describes the abduction of an industrialist. Henry gets shot at the prison breakout and visits Nik to get help from him. He likes his novel plot and wants to put it into action.",,Released,False,False,1980-10-31,112,0,0,0.2693,6.0,1,de,,tt0080686,,,"[{""id"": 18, ""name"": ""Drama""}, {""id"": 80, ""name"": ""Crime""}]","[{""id"": 4606, ""logo_path"": ""/otZHbf1HmzLRQsZFSqJXkf8EHz7.png"", ""name"": ""ZDF"", ""origin_country"": ""DE""}, {""id"": 7011, ""logo_path"": null, ""name"": ""Planet Film"", ""origin_country"": ""DE""}, {""id"": 403, ""logo_path"": ""/h2nyRbglJy4d6TN6UDycqpdsLpr.png"", ""name"": ""Neue Bioskop Film"", ""origin_country"": ""DE""}]","[{""iso_3166_1"": ""DE"", ""name"": ""Germany""}]","[{""english_name"": ""German"", ""iso_639_1"": ""de"", ""name"": ""Deutsch""}]","[""DE""]",null
187227,Dream Theater: Awake in Japan,Dream Theater: Awake in Japan,Dream Theater - Awake in Japan '95 dvd,,Released,False,False,1995-04-22,0,0,0,0.0143,0.0,0,en,,,/ihKXliCK638Wn7lAbveRpUDWBMS.jpg,,[],[],[],[],"[""US""]",null
187235,La Dernière Campagne,La Dernière Campagne,,,Released,False,False,2013-04-17,0,0,0,0.3656,4.5,2,fr,,tt2485248,/ypJWt0tMGxYQELyFngK8SLSixK8.jpg,,"[{""id"": 36, ""name"": ""History""}, {""id"": 10770, ""name"": ""TV Movie""}]","[{""id"": 1028, ""logo_path"": null, ""name"": ""GMT Productions"", ""origin_country"": ""FR""}]","[{""iso_3166_1"": ""FR"", ""name"": ""France""}]","[{""english_name"": ""French"", ""iso_639_1"": ""fr"", ""name"": ""Fran\u00e7ais""}]","[""FR""]",null
187236,Harrigan's Kid,Harrigan's Kid,A former jockey teaches a newcomer the dirty tricks of the track.,THE TRACK IS FAST! THE RACE IS FIXED THE INSIDE OF THE RACING GAME!,Released,False,False,1943-03-01,80,0,0,0.3561,0.0,0,en,,tt0035971,/tKZe0SAb9xRyTnUvz6CgU7yXppE.jpg,/9OAemp6HQ8MOUr28ywR8HXWAgvL.jpg,"[{""id"": 18, ""name"": ""Drama""}]","[{""id"": 21, ""logo_path"": ""/usUnaYV6hQnlVAXP6r4HwrlLFPG.png"", ""name"": ""Metro-Goldwyn-Mayer"", ""origin_country"": ""US""}]","[{""iso_3166_1"": ""US"", ""name"": ""United States of America""}]","[{""english_name"": ""English"", ""iso_639_1"": ""en"", ""name"": ""English""}]","[""US""]",null
187238,Si può fare l'amore vestiti?,Si può fare l'amore vestiti?,,,Released,False,False,2012-12-05,90,0,0,0.1446,5.8,16,it,,tt2557954,/sbf3z60Q5pjaX27HfYjHfgTCKl3.jpg,/74TI4wyFn8t7KKjW2y0AedQ37ra.jpg,"[{""id"": 35, ""name"": ""Comedy""}]","[{""id"": 104800, ""logo_path"": ""/dQcywJCmWry749huSdi3jQbP5i.png"", ""name"": ""Apulia Film Commission"", ""origin_country"": ""IT""}, {""id"": 150347, ""logo_path"": null, ""name"": ""Belumbury"", ""origin_country"": """"}, {""id"": 41681, ""logo_path"": null, ""name"": ""Red Carpet"", ""origin_country"": ""IT""}, {""id"": 150348, ""logo_path"": null, ""name"": ""Sardegna Grandi Eventi Queres"", ""origin_country"": """"}]","[{""iso_3166_1"": ""IT"", ""name"": ""Italy""}]","[{""english_name"": ""Italian"", ""iso_639_1"": ""it"", ""name"": ""Italiano""}]","[""IT""]",null
187239,Det lille hotel,Det lille hotel,"Marianne has the most amazing blue eyes, so it's no wonder that Per falls head over heels in love with her. Per has just returned from abroad to help his mother run a hotel that she has inherited from her lover and Per's father, the married Albert, who is also Henrik's father. And that's just the beginning of the many complications that need to be sorted out before everything can end well at Det Lille Hotel.",,Released,False,False,1958-03-16,0,0,0,0.2768,6.7,3,da,,tt0124781,/iC7DDAD8ujmYFinG5tqWurbGFTD.jpg,/37EDBXyIMpzKuuKZjMrwvYOMPqu.jpg,"[{""id"": 10751, ""name"": ""Family""}, {""id"": 35, ""name"": ""Comedy""}]","[{""id"": 2379, ""logo_path"": null, ""name"": ""Palladium"", ""origin_country"": ""DK""}]","[{""iso_3166_1"": ""DK"", ""name"": ""Denmark""}]","[{""english_name"": ""Danish"", ""iso_639_1"": ""da"", ""name"": ""Dansk""}]","[""DK""]",null
187240,It’s All Up With Auntie,Det er nat med fru Knudsen,"In a dilapidated little apartment in Vesterbro, Mrs. Knudsen lives with her incompetent and petty criminal son Arnold. Arnold's friend Benny also hangs out in the apartment at all hours, even though there is tension between the two companions. When a pretty girl accidentally rings the doorbell and ends up moving in, the battle between the two rivals breaks out into the open, and there is little room left for old Mrs. Knudsen.",,Released,False,False,1971-02-08,89,0,0,0.2325,3.8,4,da,,tt0122456,/7tnKw2KhVQ8bSs0gswXiNU2R3aX.jpg,,"[{""id"": 18, ""name"": ""Drama""}, {""id"": 35, ""name"": ""Comedy""}]","[{""id"": 48094, ""logo_path"": null, ""name"": ""Klaus Pagh Film"", ""origin_country"": """"}]","[{""iso_3166_1"": ""DK"", ""name"": ""Denmark""}]","[{""english_name"": ""Danish"", ""iso_639_1"": ""da"", ""name"": ""Dansk""}]","[""DK""]",null
187242,The Devil's Lair,The Devil's Lair,"In the midst of a deadly drug turf war in Cape Town, a gangster tries to secure the future of his young family amidst a community of dangerous rivals with the same goals.",,Released,False,False,2013-09-25,86,0,0,0.0071,0.0,0,en,https://www.journeyman.tv/film/5754,,/vuVsrE5Sr85cUHNmrKrQTEkMJik.jpg,,"[{""id"": 99, ""name"": ""Documentary""}]","[{""id"": 182729, ""logo_path"": null, ""name"": ""Fireworx Media"", ""origin_country"": """"}, {""id"": 110594, ""logo_path"": ""/n6IN6QhMcLyr8zwPRz43lF1Y2Ew.png"", ""name"": ""Doc Society"", ""origin_country"": ""GB""}]","[{""iso_3166_1"": ""ZA"", ""name"": ""South Africa""}]","[{""english_name"": ""Afrikaans"", ""iso_639_1"": ""af"", ""name"": ""Afrikaans""}, {""english_name"": ""English"", ""iso_639_1"": ""en"", ""name"": ""English""}]","[""ZA""]",null
187241,Do Not Shoot at White Swans,Не стреляйте в белых лебедей,"Egor Polushkin (Stanislav Lyubshin) is a kind-hearted, nature loving, artistic family man who is living in a small village. To his neighbors and even his wife (Nina Ruslanova) he is a walking disaster, so they frown at him and call him Bedonosec (engl. misfortune bearer). Only Egors son (Viktor Anisimov) shares his enthusiasm for the beautiful things of live. As Egor becomes the new forest ranger, this new position brings him not only joy, but it is also the source of great suffering to come, as his fondness for the living nature and especially the newly acquired white swans is in conflict with the interests of others...",,Released,False,False,1980-06-11,136,0,0,0.8962,4.7,7,ru,,tt0230571,/aDwCDwKfHECHuNcU57vJJldp6Lh.jpg,/i98TdrhsB6LSB9EvBCyaqNW5ZID.jpg,"[{""id"": 18, ""name"": ""Drama""}]","[{""id"": 14620, ""logo_path"": ""/zbQk1aw57z6LUOSQzb0MoZDLiUz.png"", ""name"": ""Gosteleradio USSR"", ""origin_country"": ""SU""}, {""id"": 344, ""logo_path"": ""/xenuUvcunUNpbaDOYGhWZERaym7.png"", ""name"": ""Mosfilm"", ""origin_country"": ""SU""}]","[{""iso_3166_1"": ""SU"", ""name"": ""Soviet Union""}]","[{""english_name"": ""Russian"", ""iso_639_1"": ""ru"", ""name"": ""P\u0443\u0441\u0441\u043a\u0438\u0439""}]","[""SU""]",null
187244,Leonard Cohen - Cheerfullness Keeps Breaking Through,Leonard Cohen - Cheerfullness Keeps Breaking Through,"“The last time I was in London was about 14-15 years ago.  I was about 60 years old – just a kid with a crazy dream….  “Since then I’ve studied deeply in the philosophies and  religions.  “But cheerfulness kept breaking through.”  Leonard Cohen  Live in London Concert 2008  Leonard Cohen, a Canadian born in 1934,  is a singer-songwriter, musician, poet and novelist.  After a successful career, he spent five years in a Zen Buddhist monastery in the 1990′s.  When he left, he discovered that his accountant had lost all his money and Cohen returned to public performing.  Since then, his song Hallelujah has become massively popular.",,Released,False,False,,0,0,0,0.0071,10.0,1,en,,,,,[],[],[],[],"[""US""]",null
187246,Video 50,Video 50,"Produced in an era before 24-hour programming cycles, Video 50 was initially used as a late night filler on TV stations in Germany, France, Belgium, and Switzerland. Random, surreal, and unexpected, Video 50 resembles the dream cycle of a dormant TV station after it conscious programming has ceased. Its structure and form anticipate the dissociated sequence of moving images we are now accustomed to encountering on YouTube and social media.",,Released,False,False,1978-02-02,51,0,0,0.3302,5.0,2,en,,tt0491225,/fCNLufRhVfuzYaZOEOXB1KVkgE9.jpg,/6y9UVG8MUJlLtLrGgO1qnZ3acLI.jpg,"[{""id"": 18, ""name"": ""Drama""}]","[{""id"": 4606, ""logo_path"": ""/otZHbf1HmzLRQsZFSqJXkf8EHz7.png"", ""name"": ""ZDF"", ""origin_country"": ""DE""}]","[{""iso_3166_1"": ""CH"", ""name"": ""Switzerland""}, {""iso_3166_1"": ""DE"", ""name"": ""Germany""}]",[],"[""CH"", ""US""]",null
187247,Elliott Smith Live at the Steamboat,Elliott Smith Live at the Steamboat,"On June 20, 2005, in conversation with a LMA curator, Dr. Smith gave his go-ahead for Elliot's shows to be hosted at the Archive.  More notes:  Quotes from sweet adeline faq: what did elliott think about places where i download music (like napster)? ""i like the idea...sure, people should be able to trade musically with each other, i mean people do anyway...there's arguments to be made...but i don't really have an opinion...i'm not one of those bands that sells millions of records and then gets mad at napster""",,Released,False,False,,0,0,0,0.1174,0.0,0,en,,,,,[],[],[],[],"[""US""]",null
187248,Bright Eyes - Festival International Of Benicassim,Bright Eyes - Festival International Of Benicassim,"Bright Eyes - Festival International Of Benicassim 2007 Source: Satellite Broadcasted by TVVi -&gt; Hauppauge Win TV Nova -&gt; PC  Video: DVD PAL, 720x576 (4:3), 25 fps, 3900 kbps Audio: MPEG-1 Audio Layer-2, 48 kHz Stereo, 256 kbps",,Released,False,False,,0,0,0,0.0071,0.0,0,en,,,,,[],[],[],[],"[""US""]",null
187250,Bob Dylan Quest Television Special,Bob Dylan Quest Television Special,"During Bob Dylan’s tour for his third LP, The Times They Are a-Changin’, released in January 1964, the Canadian Broadcasting Corporation offered him a half-hour special in which to promote the album. The program, Quest, was a free-form show regularly featuring different types of artists that began in 1961 under the name Q for Quest and in 1964 was in its final year.",,Released,False,False,1964-03-09,27,0,0,0.1465,10.0,1,en,,,/zLdatSUZDGjG6lXMFwOEQVsExr.jpg,,[],[],"[{""iso_3166_1"": ""CA"", ""name"": ""Canada""}]",[],"[""CA"", ""US""]",null
187252,In the Name of the Son,Au nom du fils,"When Elisabeth, a woman of faith, host of a radio show on a Catholic radio station, devoted to her family and the suffering of the world, is confronted with the pedophilia of priests and the suicide of her son, belief gives way to rage and to violence.",,Released,False,False,2012-09-29,80,0,0,0.6327,6.1,23,fr,,tt2460468,/akzojndpxqYICSUP8z3QEsPC13F.jpg,/iL9CK7TX8NMEDWEbV8zkxOZkfWN.jpg,"[{""id"": 18, ""name"": ""Drama""}]","[{""id"": 4509, ""logo_path"": null, ""name"": ""Hands Up Prodctions"", ""origin_country"": """"}, {""id"": 208256, ""logo_path"": null, ""name"": ""Yoni Productions"", ""origin_country"": """"}]","[{""iso_3166_1"": ""BE"", ""name"": ""Belgium""}, {""iso_3166_1"": ""FR"", ""name"": ""France""}]","[{""english_name"": ""French"", ""iso_639_1"": ""fr"", ""name"": ""Fran\u00e7ais""}]","[""BE""]",null
187255,The Real Little Britain,The Real Little Britain,"Documentary which goes in search of real-life versions of the characters and situations featured in the comedy series ""Little Britain"" (2003), exploring contemporary Britain for the 'only gay in the village', men that think they are ladies and outspoken teenagers.","""The only Gay in the village.""",Released,False,False,2004-10-12,55,0,0,0.321,0.0,0,en,,tt0430514,/w3hzrP1aQgZLIMcq5LTeQxGVqg0.jpg,/senqfH1YuayctaNdcU64NVucQBw.jpg,"[{""id"": 35, ""name"": ""Comedy""}, {""id"": 99, ""name"": ""Documentary""}]","[{""id"": 3324, ""logo_path"": ""/dqT3yOTlfJRmtvk52Ccd1O6dZ0A.png"", ""name"": ""BBC"", ""origin_country"": ""GB""}]","[{""iso_3166_1"": ""GB"", ""name"": ""United Kingdom""}]","[{""english_name"": ""English"", ""iso_639_1"": ""en"", ""name"": ""English""}]","[""US"", ""GB""]",null
187254,Don't Let Me Go,Don't Let Me Go,"An ailing father, who is about to undergo a potentially life-threatening surgery, takes his teenage kids into the woods to try and recapture their early closeness, before he and his wife divorced and everything changed. But the three are swept into a supernatural adventure, in which only their Father, Chris, ""The Healer,"" has the ability to control their destinies. Lost in a haunted forest from which there seems no escape except death, this moving and sensitive script tells a beautiful story of a family's tragedy &amp; resilience",Step out fearlessly,Released,False,False,2013-04-06,89,0,0,1.2499,3.0,2,en,,tt1976629,,,"[{""id"": 12, ""name"": ""Adventure""}, {""id"": 18, ""name"": ""Drama""}]","[{""id"": 27207, ""logo_path"": null, ""name"": ""Smiley Productions"", ""origin_country"": """"}]","[{""iso_3166_1"": ""US"", ""name"": ""United States of America""}]","[{""english_name"": ""English"", ""iso_639_1"": ""en"", ""name"": ""English""}]","[""US""]",null
187257,Fucking Different XXX,Fucking Different XXX,"In Fucking Different XXX, the passion for explicit sex scenes brought eight international filmmakers together. The eight short films shot in Paris, Berlin and San Francisco are about intensive sex, quick sex, romantic sex, funny sex, the first sex, and the last sex. The range goes from a lesbian quickie in the toilet, a bloodthirsty orgy, romantic fisting all the way to wet teenage dreams. The result is a never seen before look upon sexual tastes and varieties, far from clichés, with a fresh and sometimes humorous approach.",,Released,False,False,2012-02-08,94,0,0,0.3307,7.1,17,en,http://fucking-differentxxx.de/,tt1937165,/yuDMPJvdNv9ze4yUi53cdyyUZuV.jpg,/livzcdK0DS8VRjuEFpdS290HRd2.jpg,"[{""id"": 18, ""name"": ""Drama""}]","[{""id"": 143336, ""logo_path"": null, ""name"": ""Kristian Petersen Filmproduktion"", ""origin_country"": """"}, {""id"": 1373, ""logo_path"": ""/elABIdMBK1AiBv7jzU48P0my55j.png"", ""name"": ""J\u00fcrgen Br\u00fcning Filmproduktion"", ""origin_country"": ""DE""}]","[{""iso_3166_1"": ""DE"", ""name"": ""Germany""}]","[{""english_name"": ""English"", ""iso_639_1"": ""en"", ""name"": ""English""}, {""english_name"": ""German"", ""iso_639_1"": ""de"", ""name"": ""Deutsch""}]","[""DE"", ""US"", ""FR""]",null
187263,"Y/N: You Lie, You Die","Y/N: You Lie, You Die","On the surface, Kate and Jack, late 20's, are happy. But like everyone, they carry secrets that neither of them is prepared to reveal. After their wedding, they wake from a deep, dark sleep, each alone in a sealed room with no doors or windows, just a projection screen and a monitor with two buttons: one for “yes”, one for “no”. As the horror of their situation unfolds, surveillance films showing their life together, appear on the screen as the monitor asks questions, each more strange and terrifying that the last. It soon becomes apparent that a bizarre test of their relationship is underway, and the secrets revealed lead them deeper and deeper into what could not just destroy their love, but threaten their very lives…",Do you trust your love?,Released,False,False,2012-10-13,103,0,0,0.657,4.7,21,en,http://www.transmissionfilms.com.au/index.php/yn-you-lie-you-die/,tt1927172,/dSDb91ir36zCmf22QKt5SVNJFCi.jpg,/wxvLmgdPbGSvtSf32pm3KXySWDj.jpg,"[{""id"": 53, ""name"": ""Thriller""}]","[{""id"": 14156, ""logo_path"": null, ""name"": ""Mercurio Domina"", ""origin_country"": """"}, {""id"": 14157, ""logo_path"": null, ""name"": ""True Love Film Productions"", ""origin_country"": """"}, {""id"": 14158, ""logo_path"": null, ""name"": ""Wildside Media"", ""origin_country"": ""CH""}, {""id"": 11565, ""logo_path"": ""/odU3l6csuBmXUrzFm6araUgEUHQ.png"", ""name"": ""The Safran Company"", ""origin_country"": ""US""}]","[{""iso_3166_1"": ""US"", ""name"": ""United States of America""}, {""iso_3166_1"": ""IT"", ""name"": ""Italy""}]","[{""english_name"": ""English"", ""iso_639_1"": ""en"", ""name"": ""English""}, {""english_name"": ""German"", ""iso_639_1"": ""de"", ""name"": ""Deutsch""}]","[""US""]",null
187259,Escapade,Escapade,An English pacifist's (John Mills) sons run away from school and hijack a plane to Vienna to petition for peace.,,Released,False,False,1955-08-05,87,0,0,0.9805,5.2,8,en,,tt0048043,/tlztPtPSpVwHoPs7jw7kuyYkWtt.jpg,/rbpkOopzvv8syTjmIvdoLfc66x6.jpg,"[{""id"": 35, ""name"": ""Comedy""}, {""id"": 18, ""name"": ""Drama""}]","[{""id"": 4079, ""logo_path"": null, ""name"": ""Angel Productions"", ""origin_country"": ""GB""}, {""id"": 4919, ""logo_path"": null, ""name"": ""Eros Films"", ""origin_country"": """"}]","[{""iso_3166_1"": ""GB"", ""name"": ""United Kingdom""}]",[],"[""US"", ""GB""]",null
187265,"Man, Woman and Child","Man, Woman and Child","A California professor (Martin Sheen), his wife (Blythe Danner) and his daughters make room for his orphaned illegitimate French son (Sebastian Dungan).",Could he choose between the family he always loved and the son he never knew was his?,Released,False,False,1983-04-01,99,0,2314561,1.381,5.1,9,en,,tt0085895,/o333NT6LDTkSTw6sCt7nvtPVW57.jpg,/1QIkFTIPwtz1P5nKu4LzPWAjv7P.jpg,"[{""id"": 18, ""name"": ""Drama""}]","[{""id"": 11617, ""logo_path"": null, ""name"": ""Gaylord Productions"", ""origin_country"": """"}, {""id"": 4, ""logo_path"": ""/jay6WcMgagAklUt7i9Euwj1pzTF.png"", ""name"": ""Paramount Pictures"", ""origin_country"": ""US""}]","[{""iso_3166_1"": ""US"", ""name"": ""United States of America""}]","[{""english_name"": ""English"", ""iso_639_1"": ""en"", ""name"": ""English""}]","[""US""]",null
187262,Heaven with a Barbed Wire Fence,Heaven with a Barbed Wire Fence,New York store clerk joins a hobo and an illegal immigrant heading for his newly bought land in Arizona.,A GAY VAGABOND ON THE WESTERN TRAIL TO ROMANCE!,Released,False,False,1939-11-03,62,0,0,1.3836,6.3,6,en,,tt0031409,/terYrHwr2NwpV7WnWyRGIyArdAn.jpg,/qxp1cvZJJP6cVNOv3O5GZPJJLRW.jpg,"[{""id"": 18, ""name"": ""Drama""}]","[{""id"": 25, ""logo_path"": ""/qZCc1lty5FzX30aOCVRBLzaVmcp.png"", ""name"": ""20th Century Fox"", ""origin_country"": ""US""}]","[{""iso_3166_1"": ""US"", ""name"": ""United States of America""}]","[{""english_name"": ""English"", ""iso_639_1"": ""en"", ""name"": ""English""}]","[""US""]",null
187269,We Are Wisconsin,We Are Wisconsin,"When a Republican Governor's bill threatens to wipe away worker rights and lock out public debate, six (extra)ordinary citizens force their way into the Wisconsin State Capitol, joining thousands of protesters who spend the next twenty-six days launching a popular uprising that not only challenges the bill, but the soul of a nation.",This is what democracy looks like,Released,False,False,2012-11-10,105,0,0,0.0261,6.0,1,en,http://wearewisconsinthefilm.com/,tt2297053,,,"[{""id"": 99, ""name"": ""Documentary""}]",[],"[{""iso_3166_1"": ""US"", ""name"": ""United States of America""}]","[{""english_name"": ""English"", ""iso_639_1"": ""en"", ""name"": ""English""}]","[""US""]",null
187270,The Heartbreakers,Die Heartbreakers,Four teenagers in the German Ruhr region try to succeed as a rock band in 1966. A girl tries to join them as a singer but is rejected by them.,,Released,False,False,1983-01-19,114,0,0,0.1932,7.2,4,de,,tt0085660,/sKGM2BDLviPwctZD6dhkbFOMQNW.jpg,/4DNeo0q54aHBNBYGca892f5iwh9.jpg,"[{""id"": 18, ""name"": ""Drama""}, {""id"": 10402, ""name"": ""Music""}]","[{""id"": 1448, ""logo_path"": null, ""name"": ""Pro-ject Filmproduktion"", ""origin_country"": ""DE""}, {""id"": 14162, ""logo_path"": null, ""name"": ""Tura-Film"", ""origin_country"": """"}, {""id"": 46, ""logo_path"": ""/3xFdKHLXPGHEbrAkmsepGE8974Y.png"", ""name"": ""WDR"", ""origin_country"": ""DE""}]","[{""iso_3166_1"": ""DE"", ""name"": ""Germany""}]","[{""english_name"": ""German"", ""iso_639_1"": ""de"", ""name"": ""Deutsch""}]","[""DE""]",null
187271,The Life of Wu Xun,武训传,"The life-story of Wu Xun, a beggar in the Qing dynasty who set up free schools for poor children.",,Released,False,False,1951-02-21,208,0,0,0.348,5.0,2,zh,,tt0457630,/cJzUBmMQdOATLELyw5VFcali31U.jpg,/fSrFLLPTedZwDFBJlbNIMVIdAbl.jpg,"[{""id"": 18, ""name"": ""Drama""}]","[{""id"": 17808, ""logo_path"": null, ""name"": ""Inner Mongolia Film Studio"", ""origin_country"": """"}]","[{""iso_3166_1"": ""CN"", ""name"": ""China""}]","[{""english_name"": ""Mandarin"", ""iso_639_1"": ""zh"", ""name"": ""\u666e\u901a\u8bdd""}]","[""CN""]",null
187273,Les Amants naufragés,Les Amants naufragés,"Stan Mirkine would have everything to be happy. Now, he is sure of it: his wife is cheating on him. Too much in love, possessive to the extreme, he is haunted every day by the only fear of discovering that Mathilde is unfaithful. Day after day, week after week, suspicions precipitate Stan in an infernal spiral driven by jealousy. The existence of Mathilde and Stan rocking after an irreparable act: Stan kills the one he thinks is his rival. Soon, doubt settles, jealousy resurfaced. What if Stan was abused by his paranoia? Could it be that his jealousy is only the result of a mad scheme? Who would then draw the strings? ...",,Released,False,False,2011-06-13,90,0,0,0.6042,4.1,4,fr,,tt1815798,,,"[{""id"": 10770, ""name"": ""TV Movie""}, {""id"": 53, ""name"": ""Thriller""}]",[],[],"[{""english_name"": ""French"", ""iso_639_1"": ""fr"", ""name"": ""Fran\u00e7ais""}]","[""FR""]",null
187274,The Day Elvis Came to Bremerhaven,"Der Tag, an dem Elvis nach Bremerhaven kam","A 17 year old tries to find his own identity in October 1958 while Elvis Presley begins his service as a G.I in Germany. He is torn between his parents' generation which was marked by war and the new ""American way of life"" which is particularly present in the town of Bremerhaven.",,Released,False,False,1979-04-19,0,0,0,0.3859,7.0,1,de,,tt0217077,,,"[{""id"": 18, ""name"": ""Drama""}, {""id"": 10749, ""name"": ""Romance""}, {""id"": 10402, ""name"": ""Music""}]","[{""id"": 14162, ""logo_path"": null, ""name"": ""Tura-Film"", ""origin_country"": """"}, {""id"": 46, ""logo_path"": ""/3xFdKHLXPGHEbrAkmsepGE8974Y.png"", ""name"": ""WDR"", ""origin_country"": ""DE""}]","[{""iso_3166_1"": ""DE"", ""name"": ""Germany""}]",[],"[""DE""]",null
187276,In Memorium,In Memorium,A man dying of cancer installs a series of cameras in his home to try to capture a paranormal entity that has been causing issues in the home before he dies.,What's scarier than dying?,Released,False,False,2005-10-01,73,0,0,0.1542,3.9,14,en,,tt0491777,/voGaDjSfZP8ccjWmCoex9xdBKe0.jpg,/llTngmeKw38yz00oaDqxq9hkxTD.jpg,"[{""id"": 27, ""name"": ""Horror""}]",[],[],[],"[""US""]",null
187277,The Juliette Year,L'Année Juliette,"Camille Prader, back from a physicians' meeting, is waiting for his suitcase on the Airport conveyor belt. Clémentine, his girlfriend of the day, has come to fetch him. With a radiant smile, she tells Fabrice that she left everything to live with him. When Camille picks a case he realizes ha has taken the wrong one. The label shows it belongs to a musician called Juliette Graveur. Hegrasps the occasion to run away from Clémentine by claiming Juliette is his mistress....",,Released,False,False,1995-03-20,85,0,0,0.5792,5.8,19,fr,,tt0109137,/tSlPrKQNFtmKucIJhkvb6KJhuWE.jpg,/zcbrVCMwPCl152k7LqWyLbng8Il.jpg,"[{""id"": 35, ""name"": ""Comedy""}]",[],"[{""iso_3166_1"": ""FR"", ""name"": ""France""}]","[{""english_name"": ""French"", ""iso_639_1"": ""fr"", ""name"": ""Fran\u00e7ais""}]","[""FR""]",null
187284,Untamed,Untamed,"In her first Talkie, Joan Crawford plays Bingo, a jungle-raised oil heiress, who turns Manhattan upside down in her hunt for Andy McAllister, the man of her dreams. Unfortunately for Bingo, Andy is penniless and refuses to agree to the match until he can provide for the wild, rich girl. Andy's prideful position is more than encouraged by Bingo's Uncle Ben, who seeks to scuttle their love match.","Joan Crawford, as the fiery jungle girl, shows herself in the foremost ranks of talking-screen stars.",Released,False,False,1929-11-23,86,0,0,0.7692,5.9,9,en,,tt0020538,/fGVNRKcG8PpkUHKJXLthiT62fFn.jpg,/6bU2Ta0oSrDNTgu29GBRLA8fZ9v.jpg,"[{""id"": 18, ""name"": ""Drama""}]","[{""id"": 21, ""logo_path"": ""/usUnaYV6hQnlVAXP6r4HwrlLFPG.png"", ""name"": ""Metro-Goldwyn-Mayer"", ""origin_country"": ""US""}]","[{""iso_3166_1"": ""US"", ""name"": ""United States of America""}]","[{""english_name"": ""English"", ""iso_639_1"": ""en"", ""name"": ""English""}]","[""US""]",null
187285,La Chasse à l'homme,La Chasse à l'homme,,,Released,False,False,2006-11-08,0,0,0,0.5887,4.2,2,fr,,tt0793481,/5TUYQlYbpnDhJdhDdhNSJtPpSFa.jpg,/kDPg1kq0z0EELSQlSysCuUueffp.jpg,"[{""id"": 80, ""name"": ""Crime""}, {""id"": 18, ""name"": ""Drama""}]",[],[],"[{""english_name"": ""French"", ""iso_639_1"": ""fr"", ""name"": ""Fran\u00e7ais""}]","[""FR""]",null
187282,Maintenance,Maintenance,"Maintenance is filmmaker Adele Horne’s exploration and meditation on house cleaning. Cleaning is one of the most private things we do in our homes, other than sex and arguments. We often feel shameful about clutter and dirt, so there is something particularly intimate and meticulous about the act of cleaning it up. Although a clean home is socially valued, the work required to achieve it is not. House cleaning exists on the shadow side of the economy, on the margins or outside of paid employment. It is an additional, uncounted form of labour that enables our roles as paid workers and consumers. This film invites viewers to meditate on the ongoing maintenance work that makes other, more highly valued labour possible.",,Released,False,False,,91,0,0,0.0827,3.0,1,en,,,,,[],[],[],"[{""english_name"": ""English"", ""iso_639_1"": ""en"", ""name"": ""English""}, {""english_name"": ""Spanish"", ""iso_639_1"": ""es"", ""name"": ""Espa\u00f1ol""}]","[""US""]",null
187286,6:30,6:30,"SIX-THIRTY (6:30) is the story of a rich, white, ""All-American"" 17 year-old named MORGAN, who has it all and loses it all in 24 hours. Morgan hails from a wealthy background. He has the affluent home, successful parents, a new S.U.V., loyal friends, is the captain of the football team and has a gorgeous girl, BRIANNA. Morgan, along with his two friends, DILLON and B.J., decide to skip school on the last day of summer and head out to the beach for a day of carefree fun in the sun. They get more than they bargain for. A seemingly perfect day at the beach becomes a twisted day of violent altercations, lucid hallucinations and unpredictable turn of events. The insatiable thirst for drugs leads Morgan, Dillon, B.J. and a shady newfound acquaintance, CALEB, across the safety of U.S. lines into the seedy underworld of Tijuana, Mexico, as the lure of cheap liquor, cheap women and high quality ""meth"" seduce the boys into an all night experience that will change and possibly end their lives.",Every choice has a consequence.,Released,False,False,2005-10-27,78,15000,0,0.4668,0.0,0,en,http://sixthirtymovie.com/,tt0933350,/gdQUaVqlDd1CeyDNkSzbcr3xmqa.jpg,,"[{""id"": 28, ""name"": ""Action""}]",[],[],[],"[""US""]",null
187288,Two Days Back,Two Days Back,"Five-year-old Emma follows a feral boy into the woods and is lost for two days. Remembering nothing of her ordeal, she avoids the woods, until seventeen years later when she accompanies a group of environmental students up a mountain to catch forestry students suspected of illegal foresting. When people go missing and bodies begin to surface, the groups join forces, but before they can make it back down the mountain, they stumble across a hunter's cabin and Emma comes face to face with the dark mystery of her past.",,Released,False,False,2011-11-18,96,15000,0,0.2134,4.8,4,en,http://twodaysback.com/,tt2083385,/29mjqjn85SFTzDqpz9kuvDe5z3V.jpg,/fqexrjQIyCy1ECYtQxLOIdDoIZ0.jpg,"[{""id"": 27, ""name"": ""Horror""}, {""id"": 53, ""name"": ""Thriller""}, {""id"": 9648, ""name"": ""Mystery""}]","[{""id"": 39171, ""logo_path"": null, ""name"": ""Third Child Productions"", ""origin_country"": """"}]","[{""iso_3166_1"": ""US"", ""name"": ""United States of America""}]","[{""english_name"": ""English"", ""iso_639_1"": ""en"", ""name"": ""English""}]","[""US""]",null
187289,A Rota do Brilho,A Rota do Brilho,,,Released,False,False,1990-08-16,0,0,0,0.1362,5.0,2,pt,,tt0456635,/1JhGyqRK43mFW2rWyVlKJvdhWXB.jpg,,"[{""id"": 80, ""name"": ""Crime""}, {""id"": 12, ""name"": ""Adventure""}]",[],[],"[{""english_name"": ""Portuguese"", ""iso_639_1"": ""pt"", ""name"": ""Portugu\u00eas""}]","[""PT""]",null
187291,Devils of War,Devils of War,"Poland, 1944. Assembled for a top-secret rescue mission, a daring team of Special Forces soldiers quickly find themselves trapped deep behind enemy lines.",Get ready to raise hell,Released,False,False,2013-01-01,75,75,0,0.0963,3.188,16,en,,tt2675318,/doMsFL5nEQs4sT1CpmY2BoY18zM.jpg,/mBgWXvnY9RHzgHwAfr1mlVGbDGe.jpg,"[{""id"": 28, ""name"": ""Action""}, {""id"": 27, ""name"": ""Horror""}]",[],"[{""iso_3166_1"": ""US"", ""name"": ""United States of America""}]","[{""english_name"": ""English"", ""iso_639_1"": ""en"", ""name"": ""English""}]","[""US""]",null
187292,Such Is Life,Takový je život,A story about domestic life in a typical working-class environment. Life and trials and how little situations have big consequences.,,Released,False,False,1930-03-24,71,6000,0,0.2559,6.4,11,cs,,tt0020427,/pxspH7mVO32N0Tv5s2pmF85yUcE.jpg,/74DWEqZSbWIkT9XW4WcS5LaiX6K.jpg,"[{""id"": 18, ""name"": ""Drama""}]",[],"[{""iso_3166_1"": ""XC"", ""name"": ""Czechoslovakia""}]","[{""english_name"": ""No Language"", ""iso_639_1"": ""xx"", ""name"": ""No Language""}]","[""XC""]",null
187294,Si Sos Brujo: A Tango Story,Si Sos Brujo: Una Historia de Tango,The compelling story of a group of young Argentine musicians racing against time to learn and preserve the elegant and nuanced music played by the legendary Golden Age tango orchestras of Buenos Aires in the 40's and 50's.,,Released,False,False,2008-10-01,79,0,0,0.0423,0.0,0,es,,tt0455758,/eEGNXe2KBsYIV9NdOb3FTgKoI1b.jpg,,"[{""id"": 99, ""name"": ""Documentary""}, {""id"": 10402, ""name"": ""Music""}]","[{""id"": 6458, ""logo_path"": ""/eT4oMUK7ODM0vvZue8yq3Ojwqf8.png"", ""name"": ""INCAA"", ""origin_country"": ""AR""}]","[{""iso_3166_1"": ""AR"", ""name"": ""Argentina""}]","[{""english_name"": ""Spanish"", ""iso_639_1"": ""es"", ""name"": ""Espa\u00f1ol""}]","[""ES""]",null
187298,Felix Austria!,Felix Austria!,"Compelled by the inheritance of a mysterious box of letters, American aesthete Felix Pfeifle begins the journey of a lifetime to reach the source of the correspondence: the last heir of the Holy Roman Emperors, aging Archduke Otto von Habsburg. The quest takes Felix across America , over the Atlantic and beyond.",,Released,False,False,2013-04-27,77,500000,0,0.265,0.0,0,en,http://felixaustriafilm.com,tt0481470,/oNandhlMzV1CtZ0N8aVdYUvkgD5.jpg,/qGkoU0b0eJ0I5Huib9ubWQmMqnE.jpg,"[{""id"": 99, ""name"": ""Documentary""}, {""id"": 36, ""name"": ""History""}]","[{""id"": 104656, ""logo_path"": null, ""name"": ""The Archduke ad Herbert Hinkel, LLC"", ""origin_country"": """"}, {""id"": 92986, ""logo_path"": null, ""name"": ""Belvedere-Film"", ""origin_country"": """"}, {""id"": 172755, ""logo_path"": null, ""name"": ""La Turista Films"", ""origin_country"": """"}]","[{""iso_3166_1"": ""AT"", ""name"": ""Austria""}, {""iso_3166_1"": ""US"", ""name"": ""United States of America""}]","[{""english_name"": ""English"", ""iso_639_1"": ""en"", ""name"": ""English""}, {""english_name"": ""German"", ""iso_639_1"": ""de"", ""name"": ""Deutsch""}]","[""AT"", ""US""]",null
187300,The Ripcurl Padang Cup 2011,The Ripcurl Padang Cup 2011,"Now in its ninth year, the Rip Curl Cup Invitational at Padang Padang is Indonesia's longest-running surfing competition and the only ISC tour event featuring top international surfers alongside Indonesia's best.  The field of 32 surfers is split equally between 16 of Indonesia's all-time greatest and 16 of the world's best barrel riders. This invitational format, along with the allure of the wave at Padang and a $10,000 prize purse, makes the Rip Curl Cup the most anticipated event of the Indonesian surf season.",,Released,False,False,2011-11-30,0,0,0,0.0,0.0,0,en,,,,,"[{""id"": 99, ""name"": ""Documentary""}]",[],[],[],"[""US""]",null
187301,If It's Loud It's Cool,If It's Loud It's Cool,"Drop in at big Uluwatu with Ozzie Wright, watch Lee Wilson grapple with Indo’s heaviest left and disappear deep inside the barrel with Craig Anderson, Owen Wright and Chris Ward in one of the best Desert Point sessions ever to appear on film.  Shot over six months, this eclectic Indonesian montage delivers a very different take on the archipelago that has kept surfers enchanted for over four decades. Set to a rhapsodic soundtrack and also featuring the best high performance action from Bali, If it’s Loud it’s Cool will lock you in like a long Indo barrel.",,Released,False,False,2012-11-30,0,0,0,0.0,0.0,0,en,,,,,"[{""id"": 99, ""name"": ""Documentary""}]",[],[],[],"[""US""]",null
187302,The Married Couples,مسرحية المتزوجون,"The story revolves around the problems of married people in (Egypt) from the economic and social aspects, where the poor young man (Masoud) falls in love with the aristocratic girl (Lina), and marries her despite her father's refusal. The simple poor life experience with her husband, whom she loves, her father tries to pressure her by various means, including threatening to deprive her of the inheritance, but she is determined to stay with her husband, Masoud asks Lina to move with her to her father's villa in order to get out of the difficult life he lives in rented home.",,Released,False,False,1976-04-19,194,12000,0,0.7234,8.6,14,ar,,tt7085732,/ZXR4LYgyX1G4IDraaE4o9QLBW7.jpg,/jQJYp6UodbmJBwXXsAqeTfx86Ye.jpg,"[{""id"": 18, ""name"": ""Drama""}, {""id"": 35, ""name"": ""Comedy""}, {""id"": 10751, ""name"": ""Family""}]",[],"[{""iso_3166_1"": ""EG"", ""name"": ""Egypt""}]","[{""english_name"": ""Arabic"", ""iso_639_1"": ""ar"", ""name"": ""\u0627\u0644\u0639\u0631\u0628\u064a\u0629""}]","[""EG""]",null
187305,If It's Loud It's Cool Bonus - Jaffle with the Lot,If It's Loud It's Cool Bonus - Jaffle with the Lot,If It's Loud It's Cool Bonus - Jaffle with the Lot (2012),,Released,False,False,2012-11-30,0,0,0,0.0,0.0,0,en,,,,,"[{""id"": 99, ""name"": ""Documentary""}]",[],[],[],"[""US""]",null
187304,If It's Loud It's Cool Bonus - Bingin Bits,If It's Loud It's Cool Bonus - Bingin Bits,If It's Loud It's Cool Bonus - Bingin Bits (2012),,Released,False,False,2012-11-30,0,0,0,0.0,0.0,0,en,,,,,"[{""id"": 99, ""name"": ""Documentary""}]",[],[],[],"[""US""]",null
187306,Men on the Offsides,Muži v offsidu,"The owner of the ready-to-wear store, Mr. Richard Naceradec from Zizkov, is an enthusiastic fan of S.K. Slavia and despite his wife's opposition, he goes to football every Sunday. Tailor Emanuel Habásko lives alone with his adult son Eman. Widow Ouholicková chases Krejcí endlessly, but father Habásko bravely resists. Habásko do not recognize any other club except S.K. Viktoria. One day, Naceradec will face Eman at the match between Slavia and Viktoria.",,Released,False,False,1931-09-11,96,0,0,0.1656,6.5,4,cs,,tt0166723,/bV8MOObIE4PBpJe81TXluwVzVMl.jpg,/zVPixE9z5FvRpvi3R1tiXSHRPxa.jpg,"[{""id"": 35, ""name"": ""Comedy""}]","[{""id"": 53989, ""logo_path"": null, ""name"": ""A-B"", ""origin_country"": ""XC""}]","[{""iso_3166_1"": ""XC"", ""name"": ""Czechoslovakia""}]","[{""english_name"": ""Czech"", ""iso_639_1"": ""cs"", ""name"": ""\u010cesk\u00fd""}]","[""XC""]",null
187308,Life Is a Dog,Život je pes,"Young music composer Viktor Honzl in vain looks for work. He is prevented from committing suicide by a technician of the gasworks who shortly beforehand has disconnected his gas due to past due bills. In the disguise of an older, serious, musical scholar Viktor obtains work in a music publishing house.",,Released,False,False,1933-12-01,87,0,0,0.3531,7.3,3,cs,,tt0166891,/ijPlN35bLfwEbse4Gk3o5QQf36N.jpg,,"[{""id"": 35, ""name"": ""Comedy""}]","[{""id"": 19075, ""logo_path"": null, ""name"": ""Moldavia-Film"", ""origin_country"": ""XC""}]","[{""iso_3166_1"": ""XC"", ""name"": ""Czechoslovakia""}]","[{""english_name"": ""Czech"", ""iso_639_1"": ""cs"", ""name"": ""\u010cesk\u00fd""}]","[""XC""]",null
187312,The Eleventh Commandment,Jedenácté přikázání,"During the New Year's Eve celebration of the arrival of the twentieth century, three friends meet in a nightclub. Notary Jiří Voborský, clerk Emanuel Střela and Lieutenant Miloslav Jičínský.",,Released,False,False,1935-08-30,77,0,0,0.2342,6.3,3,cs,,tt0168902,/ocpUsjAXEfKB7KiIzjCswAGlclc.jpg,,"[{""id"": 35, ""name"": ""Comedy""}]","[{""id"": 17373, ""logo_path"": null, ""name"": ""Elektafilm"", ""origin_country"": ""XC""}]","[{""iso_3166_1"": ""XC"", ""name"": ""Czechoslovakia""}]","[{""english_name"": ""Czech"", ""iso_639_1"": ""cs"", ""name"": ""\u010cesk\u00fd""}]","[""XC""]",null
187310,Long Live the Dead Man,Ať žije nebožtík,"Wealthy and ill Petr Kornel (Karel Hasler) is not pleased with the carousing lifestyle of his nephew. He stops supporting him financially and demands that he change his name. Out of gratitude Kornel bequeaths a substantial sum of money to his nurse Alice (Adina Mandlová) with the condition that she marries. Petr Suk (Hugo Haas), as the nephew is now named, visits the doctor. In the waiting room his X-ray is mistakenly switched with one of another patient's. On the basis of this he presently learns that he is seriously ill and has only one day of life left to him.",,Released,False,False,1935-02-08,82,0,0,0.2702,7.0,4,cs,,tt0166492,/ta21xvXlkmdNp9LfBfZ5ArbAC49.jpg,/jPvDLh8rWX2JDxPWcmStOofqPrD.jpg,"[{""id"": 35, ""name"": ""Comedy""}]","[{""id"": 70223, ""logo_path"": null, ""name"": ""Meissner Film Prague"", ""origin_country"": ""XC""}]","[{""iso_3166_1"": ""XC"", ""name"": ""Czechoslovakia""}]","[{""english_name"": ""Czech"", ""iso_639_1"": ""cs"", ""name"": ""\u010cesk\u00fd""}]","[""XC""]",null
187313,Emeli Sandé: Live at the Royal Albert Hall,Emeli Sandé: Live at the Royal Albert Hall,"This beautiful film showcases Emeli Sandé’s incredible voice in front of a captivated crowd at London’s iconic Royal Albert Hall. The multi-camera live concert spectacular, directed by Paul Dugdale - whose previous work include Coldplay Live 2012 and The Prodigy’s World on Fire - includes guest performances from Labrinth and Professor Green as well as the stunning tracks Next To Me, My Kind of Love and Heaven. A bonus CD of the live audio from the concert is also included.",,Released,False,False,2013-02-07,0,0,0,0.2781,7.1,5,en,http://www.emelisande.com/,tt2659342,/ikzDXWsWJeYRCWozuWaQ7B101eZ.jpg,/xeR1nT9Pl0V2rcX5MM3yw4NZZGN.jpg,"[{""id"": 10402, ""name"": ""Music""}]",[],"[{""iso_3166_1"": ""GB"", ""name"": ""United Kingdom""}]","[{""english_name"": ""English"", ""iso_639_1"": ""en"", ""name"": ""English""}]","[""US"", ""GB""]",null
187314,Morality Above All Else,Mravnost nade vše,"Professor Karas is widely known as enthusiastic propagator of the motto ""Morality Above All Else"". He guides his students as well as his own family to live a morally decent life. One day he has an unexpected visit. It's his illegitimate daughter Vera, who is proof of his thoughtless youth. Mr. Karas know that she can ruin his image, thus he decides to keep her a secret and asks her to leave. Instead of leaving she takes a position of a governess in his own family without letting him know. Mr. Karas realizes that he must reveal the truth sooner or later, but he doesn't have enough courage to do so. As he postpones it, he is more and more scared to come to his own home.",,Released,False,False,1937-02-24,75,0,0,0.3064,8.0,3,cs,,tt0166722,/oMpvGefJepW1rLGtyXAV9XgTAcL.jpg,,"[{""id"": 35, ""name"": ""Comedy""}]","[{""id"": 53989, ""logo_path"": null, ""name"": ""A-B"", ""origin_country"": ""XC""}]","[{""iso_3166_1"": ""XC"", ""name"": ""Czechoslovakia""}]","[{""english_name"": ""Czech"", ""iso_639_1"": ""cs"", ""name"": ""\u010cesk\u00fd""}]","[""XC""]",null
187317,Chautauqua: An American Narrative,Chautauqua: An American Narrative,"Chautauqua: An American Narrative is a one-hour documentary that looks at the contemporary aspects of Chautauqua, the utopian community that is in Chautauqua, New York. The program goes briefly into the history of Chautauqua, the national Chautauqua Movement of the early 19th century, and the historic and cultural importance that Chautauqua once held. But most of the program focuses on what goes on at Chautauqua today, including a tremendous artistic community, spiritual aspects, recreation and the daily dose of educational/intellectual lectures attend by thousands of people in a large semi-outdoor amphitheater. Voices heard in the program include David McCollough, Sandra Day O'Conner, E.J. Dionne, and many others.",,Released,False,False,2011-02-22,55,0,0,0.2139,0.0,0,en,http://www.pbs.org/wned/chautauqua-american-narrative/,tt2797524,,,"[{""id"": 99, ""name"": ""Documentary""}]",[],"[{""iso_3166_1"": ""US"", ""name"": ""United States of America""}]",[],"[""US""]",null
187320,The Counterfeit Cat,The Counterfeit Cat,A cat steals the headpiece of a dog to deceive the bulldog Spike and get a chance to eat the canary Spike is guarding.,,Released,False,False,1949-12-04,7,0,0,0.5724,6.3,24,en,,tt0041262,/1iM1bjUdFPYg2wROJnggcC6Y3Sk.jpg,/yDwPwnNjoxbQ7OSRl8oCjoHU9ZW.jpg,"[{""id"": 35, ""name"": ""Comedy""}, {""id"": 16, ""name"": ""Animation""}, {""id"": 10751, ""name"": ""Family""}]","[{""id"": 89237, ""logo_path"": null, ""name"": ""Quimby-Hanna/Barbera"", ""origin_country"": """"}, {""id"": 100655, ""logo_path"": null, ""name"": ""Fred Quimby Productions"", ""origin_country"": """"}, {""id"": 1460, ""logo_path"": null, ""name"": ""Loew's Incorporated"", ""origin_country"": ""US""}, {""id"": 89238, ""logo_path"": null, ""name"": ""MGM Cartoon Studio"", ""origin_country"": ""US""}, {""id"": 21, ""logo_path"": ""/usUnaYV6hQnlVAXP6r4HwrlLFPG.png"", ""name"": ""Metro-Goldwyn-Mayer"", ""origin_country"": ""US""}]","[{""iso_3166_1"": ""US"", ""name"": ""United States of America""}]","[{""english_name"": ""English"", ""iso_639_1"": ""en"", ""name"": ""English""}]","[""US""]",null
187318,Militant Eagle,俠大兒乞,"The forces of good and evil clash in this martial-arts picture, as personified by warriors and overlords from the Orient's past.",,Released,False,False,1978-08-18,93,0,0,0.8584,6.0,6,zh,,tt0164444,/dgktt2dm7mUuJPciovyubiVXbSS.jpg,/A86rWNLozBKEjI1sPZm3PcYu6IO.jpg,"[{""id"": 28, ""name"": ""Action""}]",[],"[{""iso_3166_1"": ""HK"", ""name"": ""Hong Kong""}, {""iso_3166_1"": ""TW"", ""name"": ""Taiwan""}]","[{""english_name"": ""Mandarin"", ""iso_639_1"": ""zh"", ""name"": ""\u666e\u901a\u8bdd""}]","[""TW"", ""HK""]",null
187321,Der var engang en gade,Der var engang en gade,"In the charming old Copenhagen neighborhood of Nyboder lives a group of quirky and distinctive characters. Among them is Albertine, who one day is visited by her young niece Ditte, who has run away from a strict upbringing at home. She has fallen in love with her dance teacher Johny, who, however, is not very keen on surrendering to the young woman's charms. Fortunately, circumstances bring the two closer together.",,Released,False,False,1957-03-03,0,0,0,0.3225,6.0,2,da,,tt0050305,/fBrOjNq8siqwKuQchpN2XeJ4zxP.jpg,/bgtKnj9va3778RBWwteiib49NdT.jpg,"[{""id"": 10751, ""name"": ""Family""}, {""id"": 18, ""name"": ""Drama""}]","[{""id"": 2379, ""logo_path"": null, ""name"": ""Palladium"", ""origin_country"": ""DK""}]","[{""iso_3166_1"": ""DK"", ""name"": ""Denmark""}]","[{""english_name"": ""Danish"", ""iso_639_1"": ""da"", ""name"": ""Dansk""}]","[""DK""]",null
187324,A Day at Santa Anita,A Day at Santa Anita,"Orphaned horse-trainer's little daughter has reciprocated bond with horse, which needs her presence to win races.",,Released,False,False,1937-05-22,18,0,0,1.0617,5.0,1,en,,tt0174576,/jqcCQu9eoNqXlmpICP7NLKB7yzf.jpg,,"[{""id"": 18, ""name"": ""Drama""}]","[{""id"": 174, ""logo_path"": ""/zhD3hhtKB5qyv7ZeL4uLpNxgMVU.png"", ""name"": ""Warner Bros. Pictures"", ""origin_country"": ""US""}, {""id"": 9329, ""logo_path"": ""/aue5pVfj9TcjYEOufkcuCbAL5hE.png"", ""name"": ""The Vitaphone Corporation"", ""origin_country"": ""US""}]","[{""iso_3166_1"": ""US"", ""name"": ""United States of America""}]","[{""english_name"": ""English"", ""iso_639_1"": ""en"", ""name"": ""English""}]","[""US""]",null
187323,Stuff for Stuff,Stuff for Stuff,A short economic history of the world from Neolithic man through the present day which espouses free trade and global economics.,,Released,False,False,1949-03-29,11,0,0,0.1294,6.0,3,en,,tt0212540,/D6qAdMmGprBpupvL8cPW4GEXoW.jpg,,"[{""id"": 99, ""name"": ""Documentary""}]","[{""id"": 21, ""logo_path"": ""/usUnaYV6hQnlVAXP6r4HwrlLFPG.png"", ""name"": ""Metro-Goldwyn-Mayer"", ""origin_country"": ""US""}, {""id"": 1460, ""logo_path"": null, ""name"": ""Loew's Incorporated"", ""origin_country"": ""US""}]","[{""iso_3166_1"": ""US"", ""name"": ""United States of America""}]",[],"[""US""]",null
187327,Each Dawn I Crow,Each Dawn I Crow,"Chided by a narrator, John Rooster thinks Elmer Fudd is going to slaughter him with an axe for Sunday dinner and is willing to do anything to prevent his hour of doom.",,Released,False,False,1949-09-23,8,0,0,0.2394,7.4,8,en,,tt0041326,/qtJevsr2M2BbcQTQGQfh5WL0D9a.jpg,/nqdvTZUhjdWQTYowMllfI1axQLe.jpg,"[{""id"": 16, ""name"": ""Animation""}, {""id"": 35, ""name"": ""Comedy""}]","[{""id"": 174, ""logo_path"": ""/zhD3hhtKB5qyv7ZeL4uLpNxgMVU.png"", ""name"": ""Warner Bros. Pictures"", ""origin_country"": ""US""}, {""id"": 8298, ""logo_path"": ""/r6cuEYq7DqrHCNVa7vSanTS0cuw.png"", ""name"": ""Warner Bros. Cartoons"", ""origin_country"": ""US""}]","[{""iso_3166_1"": ""US"", ""name"": ""United States of America""}]","[{""english_name"": ""English"", ""iso_639_1"": ""en"", ""name"": ""English""}]","[""US""]",null
187328,Den kyske levemand,Den kyske levemand,"Bolsche manufacturer Basse wants his daughter to marry the boring Bumbach. In an attempt to spruce up Bumbach's image a little, Basse invents an affair that Bumbach is supposed to have had with the actress Ria Ray. His daughter immediately becomes more interested in her suitor, and the plan seems to be working, until the real Ria Ray shows up, to everyone's surprise.",,Released,False,False,1974-02-07,0,0,0,0.102,5.5,2,da,,tt0125825,/f5DY870Y3O42ieZnpmSEQQWOWdD.jpg,/wZnfbeoMFoJbMsFJfr10HWd0TEo.jpg,"[{""id"": 35, ""name"": ""Comedy""}]","[{""id"": 62056, ""logo_path"": null, ""name"": ""Danish Film & Theatre Production Ltd."", ""origin_country"": """"}]","[{""iso_3166_1"": ""DK"", ""name"": ""Denmark""}]","[{""english_name"": ""Danish"", ""iso_639_1"": ""da"", ""name"": ""Dansk""}]","[""DK""]",null
187326,Detouring America,Detouring America,A humorous travelogue chronicling various oddities across the United States.,,Released,False,False,1939-08-23,7,0,0,0.0662,6.4,7,en,,tt0031227,/1gQC6FDw8oxPnMmo0PUYGiIzJJa.jpg,/lZpmmtOZ8I1Lgz5WfUZSdCi8Q4s.jpg,"[{""id"": 16, ""name"": ""Animation""}]","[{""id"": 134798, ""logo_path"": null, ""name"": ""Leon Schlesinger Productions"", ""origin_country"": ""US""}]","[{""iso_3166_1"": ""US"", ""name"": ""United States of America""}]","[{""english_name"": ""English"", ""iso_639_1"": ""en"", ""name"": ""English""}]","[""US""]",null
187329,De bør forelske Dem,De bør forelske Dem,"Although Danish-American George Steffenson comes from poor circumstances, he has built a large financial empire, where the money rolls in. But the busy life is wearing on George, and when no medicine helps, he goes to Denmark on vacation, where no one knows him and he may find the true values ​​of life. But it is no easy matter to turn your back on the empire, while sneaky backers are making insidious plans.",,Released,False,False,1935-12-19,0,0,0,0.1097,4.7,3,da,,tt0122036,/5fvujZkTuxQ9jzxg8y6E9baAgy5.jpg,/6V6ao4l8tGgOSLWZ5Em1XSNUteC.jpg,"[{""id"": 10751, ""name"": ""Family""}, {""id"": 35, ""name"": ""Comedy""}]","[{""id"": 2379, ""logo_path"": null, ""name"": ""Palladium"", ""origin_country"": ""DK""}]","[{""iso_3166_1"": ""DK"", ""name"": ""Denmark""}]","[{""english_name"": ""Danish"", ""iso_639_1"": ""da"", ""name"": ""Dansk""}]","[""DK""]",null
187331,Moonlight and Romance,Moonlight and Romance,A musical short with Rosita Moreno & Nino Martini singing us some love songs. An itinerant troubadour serenades the woman he loves.,,Released,False,False,1930-04-19,20,0,0,0.0856,0.0,0,en,,tt1294186,,,"[{""id"": 10749, ""name"": ""Romance""}, {""id"": 10402, ""name"": ""Music""}]","[{""id"": 4, ""logo_path"": ""/jay6WcMgagAklUt7i9Euwj1pzTF.png"", ""name"": ""Paramount Pictures"", ""origin_country"": ""US""}]","[{""iso_3166_1"": ""US"", ""name"": ""United States of America""}]","[{""english_name"": ""English"", ""iso_639_1"": ""en"", ""name"": ""English""}]","[""US""]",null
187332,Fatal Reunion,Fatal Reunion,"Jessica is a housewife, unhappy in her marriage, who decides to ""spice it up"" a little bit. But she gets more than she bargained for when she contacts an old high school classmate she once had a crush on.",,Released,False,False,2005-01-09,96,0,0,1.0038,5.4,7,en,,tt0434931,/t1vbforjlpjPzeAG74pyS5nj6aR.jpg,/rGqlo1WfQrCkyjdyqcFb1hwxBx5.jpg,"[{""id"": 53, ""name"": ""Thriller""}, {""id"": 10770, ""name"": ""TV Movie""}]","[{""id"": 4679, ""logo_path"": null, ""name"": ""Shavick Entertainment"", ""origin_country"": ""CA""}, {""id"": 2865, ""logo_path"": ""/5O0gp5QS3n9ZPRvWFxaWa6QPpGX.png"", ""name"": ""Insight Film Studios"", ""origin_country"": ""CA""}, {""id"": 1341, ""logo_path"": null, ""name"": ""Regent Entertainment"", ""origin_country"": ""US""}, {""id"": 3431, ""logo_path"": ""/6LVLYfZAEQfhJey0MGvhFXdDEK1.png"", ""name"": ""Lifetime"", ""origin_country"": ""US""}]","[{""iso_3166_1"": ""CA"", ""name"": ""Canada""}, {""iso_3166_1"": ""US"", ""name"": ""United States of America""}]","[{""english_name"": ""English"", ""iso_639_1"": ""en"", ""name"": ""English""}]","[""US""]",null
187333,China Passage,China Passage,Americans Tommy Baldwin and Joe Dugan are hired to transport a fabulous diamond from Shanghai to San Francisco. They will be paid handsomely on success or killed on failure. The diamond is stolen as they take possession of it.,Trapped by Shanghai's Diamond Smugglers!,Released,False,False,1937-03-12,65,0,0,0.6821,5.5,3,en,,tt0028715,/5skz1avVlpqgVPJ9rmSs8xdvPMt.jpg,/vFylv1LYe8LjoPPF5fYNZTxkyZp.jpg,"[{""id"": 12, ""name"": ""Adventure""}, {""id"": 80, ""name"": ""Crime""}, {""id"": 9648, ""name"": ""Mystery""}]","[{""id"": 6, ""logo_path"": ""/n53F7K9scQWFXYbrCablqLKqJdp.png"", ""name"": ""RKO Radio Pictures"", ""origin_country"": ""US""}]","[{""iso_3166_1"": ""US"", ""name"": ""United States of America""}]","[{""english_name"": ""English"", ""iso_639_1"": ""en"", ""name"": ""English""}]","[""US""]",null
187336,The Drinking Knight,乾坤大醉俠,"An unfinished Shaw Brothers production initially to be the directorial debut of Chiu Kang Chien, but was then shelved for a year before being taken over by Pao Hsueh-Li. However, the film appears never to have been finished and hence remains unreleased.",,Released,False,False,1971-01-01,0,0,0,1.0128,0.0,0,zh,,tt0165722,/y4T5j2Z1tDAlFgRJGx0SXJvNXF2.jpg,,"[{""id"": 28, ""name"": ""Action""}]","[{""id"": 5798, ""logo_path"": ""/tmuI9BGXgpWLmokhlxpnG3IGNQB.png"", ""name"": ""Shaw Brothers"", ""origin_country"": ""HK""}]","[{""iso_3166_1"": ""HK"", ""name"": ""Hong Kong""}]","[{""english_name"": ""Mandarin"", ""iso_639_1"": ""zh"", ""name"": ""\u666e\u901a\u8bdd""}]","[""HK""]",null
187337,Come Haunt with Me,狐鬼嬉春,"A mix of supernatural tone, comedic banter and nudity with musical numbers, it takes a while before this story of two scholars being courted and haunted by both, fox spirits and malicious ghosts, gets started. Do the scholars side with the fox spirits, trying to achieve immortality or are they being bewitched by it? It leads to a wild ending with a battle between humans, fox spirits and ghosts that seems more like a Halloween costume showcase than anything else.",,Released,False,False,1971-11-27,0,0,0,0.4846,5.0,1,zh,,tt1205496,/46BnIVFoyt0uzc5KvqM00B1fSNa.jpg,,"[{""id"": 35, ""name"": ""Comedy""}, {""id"": 27, ""name"": ""Horror""}, {""id"": 36, ""name"": ""History""}, {""id"": 10402, ""name"": ""Music""}]","[{""id"": 5798, ""logo_path"": ""/tmuI9BGXgpWLmokhlxpnG3IGNQB.png"", ""name"": ""Shaw Brothers"", ""origin_country"": ""HK""}]","[{""iso_3166_1"": ""HK"", ""name"": ""Hong Kong""}]","[{""english_name"": ""Mandarin"", ""iso_639_1"": ""zh"", ""name"": ""\u666e\u901a\u8bdd""}]","[""HK""]",null
187334,Genesis of Aquarion: Wings of Genesis,劇場版アクエリオン -壱発逆転篇-,"This movie is an alternative version of the TV series; it is composed of the two 2007 OVAs, edited to improve the pacing of the plot, and an extra segment akin to a TV episode where the cast are given the task of studying flowers.  The plot has several differences to the TV series, most important being Sirius's death at the beginning, Apollo's different childhood and the more marked focus on the events of 12000 years ago, particularly Apollonius' death and Reika's previous incarnation's involvement.",,Released,False,False,2007-09-21,116,0,0,3.0563,4.4,4,ja,,tt5914216,/aW97fR83Kw2hVfWeF4C4Pbbp3Ez.jpg,/cQPqfw6FtbbcawekdXZJbsZElkN.jpg,"[{""id"": 28, ""name"": ""Action""}, {""id"": 10749, ""name"": ""Romance""}, {""id"": 16, ""name"": ""Animation""}, {""id"": 878, ""name"": ""Science Fiction""}]","[{""id"": 30293, ""logo_path"": ""/uXK0FJB6rlX6kegyZl8uGOeiwHd.png"", ""name"": ""SATELIGHT"", ""origin_country"": ""JP""}]","[{""iso_3166_1"": ""JP"", ""name"": ""Japan""}]","[{""english_name"": ""Japanese"", ""iso_639_1"": ""ja"", ""name"": ""\u65e5\u672c\u8a9e""}]","[""JP""]",null
187339,Mission Impossible,剑女幽魂,"The daughter of a slain, respected hero embarks on a desperate, heroic odyssey to take the highly coveted Golden Dragon Sword, a weapon of immense spiritual power, back to the Capitol to keep it safe from those who would abuse its might.",,Released,False,False,1971-03-05,100,0,0,1.2632,3.0,5,zh,,tt0978621,/4JYrtCopJEdtYSt6Mf3PLiEFjMa.jpg,,"[{""id"": 18, ""name"": ""Drama""}, {""id"": 28, ""name"": ""Action""}]","[{""id"": 5798, ""logo_path"": ""/tmuI9BGXgpWLmokhlxpnG3IGNQB.png"", ""name"": ""Shaw Brothers"", ""origin_country"": ""HK""}]","[{""iso_3166_1"": ""HK"", ""name"": ""Hong Kong""}]",[],"[""HK""]",null
187341,It Takes a Man to Be Henpecked,怕老婆是大丈夫,A comedy about three henpecked men and how they cope with not only their wives but a society which says they should rule the roost.  A comedy of errors complicates their already complicated lives and wives.,,Released,False,False,1971-03-19,79,0,0,1.0046,0.0,0,zh,,tt1086713,,,"[{""id"": 35, ""name"": ""Comedy""}]","[{""id"": 5798, ""logo_path"": ""/tmuI9BGXgpWLmokhlxpnG3IGNQB.png"", ""name"": ""Shaw Brothers"", ""origin_country"": ""HK""}]","[{""iso_3166_1"": ""HK"", ""name"": ""Hong Kong""}]","[{""english_name"": ""Mandarin"", ""iso_639_1"": ""zh"", ""name"": ""\u666e\u901a\u8bdd""}]","[""HK""]",null
187343,The Silent Love,啞吧與新娘,"Ivy Ling Po gives a startling performance as an abused wife who suffers through all his adulterous and treacherous ways in The Silent Love, which became an allegorical, tragic love story that reflected the unspoken truths inherent in Chinese society. Lead actor Chin Feng received the 1971 Golden Horse Outstanding Performance award for his portrayal as The Mute, a man that secretly loves Ivy and does all he can to make her life better, except that it backfires on him.",,Released,False,False,1971-04-02,80,0,0,0.8861,6.0,1,zh,,tt0194566,/sv8Ek2zv2L8OVbIkaXK0npx9AHZ.jpg,,"[{""id"": 10749, ""name"": ""Romance""}, {""id"": 18, ""name"": ""Drama""}]","[{""id"": 5798, ""logo_path"": ""/tmuI9BGXgpWLmokhlxpnG3IGNQB.png"", ""name"": ""Shaw Brothers"", ""origin_country"": ""HK""}]","[{""iso_3166_1"": ""HK"", ""name"": ""Hong Kong""}]","[{""english_name"": ""Mandarin"", ""iso_639_1"": ""zh"", ""name"": ""\u666e\u901a\u8bdd""}]","[""HK""]",null
187345,Long Road to Freedom,五枝紅杏,"To prevent a drug ring from killing her brother, Ping Ping surrenders to police, claiming she is guilty of trafficking drugs. She is subsequently jailed. Years later she joins fellow inmates to escape and the girls are bent on smashing the drug ring and to wipe out its members.",,Released,False,False,1971-04-16,92,0,0,0.8517,2.0,2,zh,,tt1234764,/cvbUDUa6omy4K9nWBlb46fWvpr1.jpg,,[],"[{""id"": 5798, ""logo_path"": ""/tmuI9BGXgpWLmokhlxpnG3IGNQB.png"", ""name"": ""Shaw Brothers"", ""origin_country"": ""HK""}]","[{""iso_3166_1"": ""HK"", ""name"": ""Hong Kong""}]","[{""english_name"": ""Mandarin"", ""iso_639_1"": ""zh"", ""name"": ""\u666e\u901a\u8bdd""}]","[""HK""]",null
187346,The Long Years,芳華虛度,This is a melodrama about a girl who has an affair with her brother-in-law.,,Released,False,False,1971-05-28,0,0,0,0.8228,0.0,0,zh,,tt1244543,/n3MK1DFOS7fThK7GFXc6bbO2tmB.jpg,,"[{""id"": 18, ""name"": ""Drama""}]","[{""id"": 5798, ""logo_path"": ""/tmuI9BGXgpWLmokhlxpnG3IGNQB.png"", ""name"": ""Shaw Brothers"", ""origin_country"": ""HK""}]","[{""iso_3166_1"": ""HK"", ""name"": ""Hong Kong""}]","[{""english_name"": ""Mandarin"", ""iso_639_1"": ""zh"", ""name"": ""\u666e\u901a\u8bdd""}]","[""HK""]",null
187348,The Man with Two Wives,齊人樂,shaw production,,Released,False,False,1971-06-11,0,0,0,0.8935,0.0,0,zh,,tt1289831,/xmNsSaJFApvZpbKRvSbz1eSO4MY.jpg,,"[{""id"": 35, ""name"": ""Comedy""}]","[{""id"": 5798, ""logo_path"": ""/tmuI9BGXgpWLmokhlxpnG3IGNQB.png"", ""name"": ""Shaw Brothers"", ""origin_country"": ""HK""}]","[{""iso_3166_1"": ""HK"", ""name"": ""Hong Kong""}]","[{""english_name"": ""Mandarin"", ""iso_639_1"": ""zh"", ""name"": ""\u666e\u901a\u8bdd""}]","[""HK""]",null
187351,The Love Auction,愛情大拍賣,,,Released,False,False,1971-06-12,70,0,0,0.8464,0.0,0,zh,,tt1236181,/8WDCC6ERLxCsa3InmUIi1iwg7H6.jpg,,[],"[{""id"": 5798, ""logo_path"": ""/tmuI9BGXgpWLmokhlxpnG3IGNQB.png"", ""name"": ""Shaw Brothers"", ""origin_country"": ""HK""}]","[{""iso_3166_1"": ""HK"", ""name"": ""Hong Kong""}]","[{""english_name"": ""Mandarin"", ""iso_639_1"": ""zh"", ""name"": ""\u666e\u901a\u8bdd""}]","[""HK""]",null
187353,Fidèle,Fidèle,A woman and a man recount their first sexual encounters to each other as they get out of bed and get dressed.,,Released,False,False,1999-01-05,5,0,0,0.2778,0.0,0,en,,tt0433565,,,[],"[{""id"": 1712, ""logo_path"": null, ""name"": ""Odessa Films"", ""origin_country"": ""FR""}]","[{""iso_3166_1"": ""FR"", ""name"": ""France""}]","[{""english_name"": ""French"", ""iso_639_1"": ""fr"", ""name"": ""Fran\u00e7ais""}]","[""US""]",null
187349,Dong Cunrui,董存瑞,This war film tells the story of a martyr who gave his life in order to save his comrades. It pays tribute to Dong at the same time as it glorifies the communist revolution and provides a model hero for the audience to emulate.,,Released,False,False,1955-01-30,100,0,0,0.4847,5.0,8,zh,,tt6567022,/fZ1JKRmYLtXolBRduUB8R6qUjfC.jpg,/c0cQCjh10qEtR1DE9QgZcqb5K4Z.jpg,"[{""id"": 18, ""name"": ""Drama""}, {""id"": 10752, ""name"": ""War""}]","[{""id"": 48805, ""logo_path"": null, ""name"": ""Changchun Film Studio"", ""origin_country"": ""CN""}]","[{""iso_3166_1"": ""CN"", ""name"": ""China""}]","[{""english_name"": ""Mandarin"", ""iso_639_1"": ""zh"", ""name"": ""\u666e\u901a\u8bdd""}]","[""CN""]",null
187354,Redbeard,紅鬍子,,,Released,False,False,1971-07-09,93,0,0,0.8988,0.0,0,zh,,tt0194014,/6igULx0fmJx48pFyvwigiwkxZi3.jpg,,"[{""id"": 18, ""name"": ""Drama""}]","[{""id"": 5798, ""logo_path"": ""/tmuI9BGXgpWLmokhlxpnG3IGNQB.png"", ""name"": ""Shaw Brothers"", ""origin_country"": ""HK""}]","[{""iso_3166_1"": ""HK"", ""name"": ""Hong Kong""}]","[{""english_name"": ""Mandarin"", ""iso_639_1"": ""zh"", ""name"": ""\u666e\u901a\u8bdd""}]","[""HK""]",null
187355,We Love Millionaires,我愛金龜婿,This is a film about three pretty young ladies from Hong Kong who work as sales agents who travel to a resort in Japan for the sole purpose of meeting and wooing millionaires.,,Released,False,False,1971-08-18,93,0,0,0.6044,0.0,0,zh,,tt0445836,/iNVtSBEHbqYqYUHn95NzylzDU3Z.jpg,,"[{""id"": 10749, ""name"": ""Romance""}]","[{""id"": 5798, ""logo_path"": ""/tmuI9BGXgpWLmokhlxpnG3IGNQB.png"", ""name"": ""Shaw Brothers"", ""origin_country"": ""HK""}]","[{""iso_3166_1"": ""HK"", ""name"": ""Hong Kong""}]","[{""english_name"": ""Mandarin"", ""iso_639_1"": ""zh"", ""name"": ""\u666e\u901a\u8bdd""}]","[""HK""]",null
187358,Sunset,夕陽戀人,"Teenage heart throbs Ching Li and Paul Chin Pei come across like Annette Funicello and Frankie Avalon in the musical Sunset, a musical romp that plays similar to one of Hollywood's famous ""Beach Party"" movies. A car load of girls meets a car load of boys and Ching and Paul ultimately fall in love. Yet the film takes an acrid twist and turns out to be more like a Shakespearian tragedy than a beach-babe party.",,Released,False,False,1971-11-19,94,0,0,0.9544,0.0,0,zh,,tt0445838,/9Rb9sGp8E6fTg9Te5ov1J64INsU.jpg,,"[{""id"": 10749, ""name"": ""Romance""}]","[{""id"": 5798, ""logo_path"": ""/tmuI9BGXgpWLmokhlxpnG3IGNQB.png"", ""name"": ""Shaw Brothers"", ""origin_country"": ""HK""}]","[{""iso_3166_1"": ""HK"", ""name"": ""Hong Kong""}]","[{""english_name"": ""Mandarin"", ""iso_639_1"": ""zh"", ""name"": ""\u666e\u901a\u8bdd""}]","[""HK""]",null
187361,Sticky Fingers,Sticky Fingers,"Two dippy roommates, struggling musicians Lolly and Hattie, are asked by a drug-dealing friend-of-a-friend, Diane, to baby-sit a bag containing nearly a million dollars while she scoots out of town in order to avoid trouble. Once the money is in their possession, however, temptation proves too much for them.",Only these two could turn a fortune into a misfortune,Released,False,False,1988-05-06,97,0,0,1.3025,5.7,8,en,,tt0096176,/uUqYx5IApWRt3bJHMIHayTApXPb.jpg,/93FMBWRLH6iRSuXSlAjDtfTgSox.jpg,"[{""id"": 35, ""name"": ""Comedy""}]","[{""id"": 88308, ""logo_path"": null, ""name"": ""Hightop Productions"", ""origin_country"": """"}]","[{""iso_3166_1"": ""US"", ""name"": ""United States of America""}]","[{""english_name"": ""English"", ""iso_639_1"": ""en"", ""name"": ""English""}]","[""US""]",null
187363,The Nocturnal Killer,The Nocturnal Killer,"This is an unfinished [Shaw Brothers] production entitled THE NOCTURNAL KILLER. It's possibly an aka for the above mentioned THE LITTLE POISONOUS DRAGON. It's just one of many unfinished films that were started at Shaw's and abandoned for whatever reason. With between 40 and 50 movies being scheduled throughout 1971 and 1972, some productions were scrapped, or morphed into an entirely different picture. Curiously, the plot and Shi Szu's attire appears similar to HEROES OF SUNG (1973; it was filmed under different titles as well), a film that did starred the actress and Lo Lieh, but not the Taiwanese actor, An Ping. - coolasscinema.com, Dec 2010",,Released,False,False,1971-01-01,0,0,0,0.0,0.0,0,zh,,tt1142883,,,[],[],[],[],"[""TW""]",null
187364,Stranger in Hong Kong,香港過客,A computer engineer working for an insurance company stops over in Hong Kong on his way to a conference. He gets tricked into breaking into a bank.,,Released,False,False,1972-10-27,85,0,0,1.6956,0.0,0,zh,,tt1234765,/kPMvtD9XyNEPLgOu3ixM3f0LP5p.jpg,,"[{""id"": 9648, ""name"": ""Mystery""}, {""id"": 12, ""name"": ""Adventure""}]","[{""id"": 5798, ""logo_path"": ""/tmuI9BGXgpWLmokhlxpnG3IGNQB.png"", ""name"": ""Shaw Brothers"", ""origin_country"": ""HK""}]","[{""iso_3166_1"": ""HK"", ""name"": ""Hong Kong""}]","[{""english_name"": ""Mandarin"", ""iso_639_1"": ""zh"", ""name"": ""\u666e\u901a\u8bdd""}]","[""HK""]",null
187365,Girl Of Ghost Valley,鬼谷神女,An unreleased movie by Shaw Brothers Studio. It was probably never finished.,,Released,False,False,1972-01-01,0,0,0,0.6424,0.0,0,zh,,tt1092583,/zvZRbweyfbcsIsqqvJHqzZO9Seg.jpg,,"[{""id"": 28, ""name"": ""Action""}]","[{""id"": 5798, ""logo_path"": ""/tmuI9BGXgpWLmokhlxpnG3IGNQB.png"", ""name"": ""Shaw Brothers"", ""origin_country"": ""HK""}]","[{""iso_3166_1"": ""HK"", ""name"": ""Hong Kong""}]","[{""english_name"": ""Mandarin"", ""iso_639_1"": ""zh"", ""name"": ""\u666e\u901a\u8bdd""}]","[""HK""]",null
187369,Pursuit,林沖夜奔,"Instructor Lin who is home from training the imperial troops for several years. He meets his wife and runs into his brother who has become a monk at the local temple. His superior Lord Gao, strangely decides to rape Lin's wife in the temple but Lin interrupts the crime. His brother is enraged and tries to kill Gao but Lin stops him with the help of Lin's training brother and old friend Lu who works for Gao. Lin is loyal to the Commissioner and will not do anything to harm his son. Once back at the Commissioner's house, Gao and Lu hatch a plan to discredit and eventually kill Lin all with the Commissioner's approval. The plan is put into motion and Lin is unjustly arrested for trespassing on imperial property.",,Released,False,False,1972-01-06,88,0,0,1.9002,5.5,1,zh,,tt0192250,/baZ7y6pswrw3vS4xRpuEi2BBZLT.jpg,,"[{""id"": 18, ""name"": ""Drama""}, {""id"": 28, ""name"": ""Action""}]","[{""id"": 5798, ""logo_path"": ""/tmuI9BGXgpWLmokhlxpnG3IGNQB.png"", ""name"": ""Shaw Brothers"", ""origin_country"": ""HK""}]","[{""iso_3166_1"": ""HK"", ""name"": ""Hong Kong""}]","[{""english_name"": ""Mandarin"", ""iso_639_1"": ""zh"", ""name"": ""\u666e\u901a\u8bdd""}]","[""HK""]","{""id"": 201835, ""name"": ""The Water Margin Collection"", ""poster_path"": ""/9b8NPgCjdJICEihRlOVGlcEq6vT.jpg"", ""backdrop_path"": ""/eWuRhCZ3NHZbEfwCz8YIAoqhWFI.jpg""}"
187373,Saddam's Tribe,Saddam's Tribe,"The invasion of Iraq in 2003 brought a dramatic end to Saddam Hussein's brutal regime. But behind the headlines lay an even more extraordinary story of family and tribal loyalty, rivalry and betrayal.  Inspired by interviews with Saddam's daughter Raghad and other key eye-witnesses, as well as extensive research, this drama gets to the heart of the dictator's tyranny and his eventual downfall.",,Released,False,False,2007-05-09,89,0,0,0.5432,0.0,0,en,,tt0945391,/cg2ggfHcc81SfvKi7u9pWV9U2tC.jpg,,"[{""id"": 18, ""name"": ""Drama""}]",[],[],[],"[""US""]",null
187376,The Champion of Champions,大地龍蛇,A young woman who seeks revenge on the master of a kung fu school who murdered her parents is aided by acrobats and a traveling hero and his female friend.,,Released,False,False,1972-01-21,90,0,0,1.4451,0.0,0,zh,,tt0872247,/3ClCjAHcnOMa1sudNZUYUwBRv9H.jpg,,"[{""id"": 28, ""name"": ""Action""}]","[{""id"": 5798, ""logo_path"": ""/tmuI9BGXgpWLmokhlxpnG3IGNQB.png"", ""name"": ""Shaw Brothers"", ""origin_country"": ""HK""}]","[{""iso_3166_1"": ""HK"", ""name"": ""Hong Kong""}]","[{""english_name"": ""Mandarin"", ""iso_639_1"": ""zh"", ""name"": ""\u666e\u901a\u8bdd""}]","[""HK""]",null
187378,The Angry Guest,惡客,"The Angry Guest is a direct sequel to Duel of Fists which had two long-separated brothers, Ti Lung and David Chiang, reuniting in Bangkok and running afoul of the local mob after Ti Lung, a boxer, beats the local favorite in the ring. In this film, the action shifts from Bangkok to Hong Kong to Japan and then back to HK as the brothers contend with a Japanese mob led by crime boss Yamaguchi, who is played by the film's director, Chang Cheh, in a rare screen appearance.",,Released,False,False,1972-02-29,90,0,0,2.1701,5.7,10,zh,,tt0067037,/e1rkLLWB3A2ACOOrHeZcDCextYz.jpg,/eEzeMVah7PBtgDp1KPUHu4q5Gqo.jpg,"[{""id"": 28, ""name"": ""Action""}, {""id"": 80, ""name"": ""Crime""}, {""id"": 18, ""name"": ""Drama""}]","[{""id"": 5798, ""logo_path"": ""/tmuI9BGXgpWLmokhlxpnG3IGNQB.png"", ""name"": ""Shaw Brothers"", ""origin_country"": ""HK""}]","[{""iso_3166_1"": ""HK"", ""name"": ""Hong Kong""}]","[{""english_name"": ""Mandarin"", ""iso_639_1"": ""zh"", ""name"": ""\u666e\u901a\u8bdd""}]","[""HK""]","{""id"": 987723, ""name"": ""Duel of Fists Collection"", ""poster_path"": ""/gdbQ0g2bdP11dGJTUtSqNMipfeg.jpg"", ""backdrop_path"": ""/q5hnhzIAzJsGZChAYHGa9mOCMoi.jpg""}"
187377,Heißes Pflaster Köln,Heißes Pflaster Köln,"Exploitation movie about a war between pimps in Cologne, Germany, in the Sixties.",,Released,False,False,1967-08-31,90,0,0,0.9068,4.875,4,de,,tt0173895,/7EjUitJ3opUng57FlNUQ8SLIHnM.jpg,/gEbctEvxJZRFJsXVutRttSppDXC.jpg,"[{""id"": 28, ""name"": ""Action""}, {""id"": 80, ""name"": ""Crime""}, {""id"": 53, ""name"": ""Thriller""}]","[{""id"": 10437, ""logo_path"": null, ""name"": ""Lisa Film"", ""origin_country"": ""DE""}]","[{""iso_3166_1"": ""DE"", ""name"": ""Germany""}]","[{""english_name"": ""German"", ""iso_639_1"": ""de"", ""name"": ""Deutsch""}]","[""DE""]",null
