id,title,original_title,overview,tagline,status,adult,video,release_date,runtime,budget,revenue,popularity,vote_average,vote_count,original_language,homepage,imdb_id,poster_path,backdrop_path,genres,production_companies,production_countries,spoken_languages,origin_country,belongs_to_collection
174782,Father of the Kamikaze,あゝ決戦航空隊,"Vice Admiral Takajiro Ohnishi could see that Japan's defeat in WWII was inevitable. He came to realize that the only way to force a negotiated solution was to convince the Americans that invading Japan would cause massive casualties on both sides. The cold logic of suicide attacks, where one man and one plane could kill hundreds, seemed the only solution. In one of the cruel ironies of fate, Ohnishi actually succeeded; he convinced the Americans that invading Japan would be too costly in lives. But what he could not foresee was that America had another way of ending the war.",,Released,False,False,1974-09-14,199,0,0,2.0276,0.0,0,ja,,tt1534351,/ji9NZiHtqWH4xWxDmUghmLnZTUh.jpg,,"[{""id"": 10752, ""name"": ""War""}, {""id"": 18, ""name"": ""Drama""}, {""id"": 36, ""name"": ""History""}]","[{""id"": 5822, ""logo_path"": ""/qyTbRgCyU9NLKvKaiQVbadtr7RY.png"", ""name"": ""Toei Company"", ""origin_country"": ""JP""}]","[{""iso_3166_1"": ""JP"", ""name"": ""Japan""}]","[{""english_name"": ""Japanese"", ""iso_639_1"": ""ja"", ""name"": ""\u65e5\u672c\u8a9e""}]","[""JP""]",null
174773,Sealed Cargo,Sealed Cargo,"A Newfoundland fishingboat comes to the aid of a wrecked Danish sailing ship and tows it to a small village, but eventually the captain of the fishingboat realises that it's a U-boat supply ship in disguise, loaded with torpedoes. So, together with his crew and a group of villagers he sets about a plan to blow the ship as well as any U-boats that approach it. Based on the novel ""The Gaunt Woman"" by Edmund Gilligan.",Cargo that blasts the sea wide open!,Released,False,False,1951-05-19,90,0,0,1.1106,6.4,22,en,,tt0044012,/hBmecd5wIph6Oe03cH3sDmyPjlb.jpg,/rz7sqjWkOeAhA8RQoY5bRS3GjLW.jpg,"[{""id"": 10752, ""name"": ""War""}, {""id"": 18, ""name"": ""Drama""}]","[{""id"": 6, ""logo_path"": ""/n53F7K9scQWFXYbrCablqLKqJdp.png"", ""name"": ""RKO Radio Pictures"", ""origin_country"": ""US""}]","[{""iso_3166_1"": ""US"", ""name"": ""United States of America""}]","[{""english_name"": ""English"", ""iso_639_1"": ""en"", ""name"": ""English""}]","[""US""]",null
174784,Lucky Night,Lucky Night,"Cora, an heiress who gives it all up for the excitement of looking for a job and living on her own, meets up with unemployed and flat broke Dick. The two of them embark on a wild night of gambling and winning, where everything they touch turns to gold. Pretty soon they're in love and, to the horror of Cora's father, married.",A dime is their bank roll but they can live on love,Released,False,False,1939-05-05,82,0,0,1.3833,6.6,6,en,,tt0031595,/9W6pe3VwP53GPxwu7bhCNZRu3ZI.jpg,/449tgrczFC4z3I1Yhi140IHFPlU.jpg,"[{""id"": 35, ""name"": ""Comedy""}, {""id"": 18, ""name"": ""Drama""}]","[{""id"": 21, ""logo_path"": ""/usUnaYV6hQnlVAXP6r4HwrlLFPG.png"", ""name"": ""Metro-Goldwyn-Mayer"", ""origin_country"": ""US""}]","[{""iso_3166_1"": ""US"", ""name"": ""United States of America""}]","[{""english_name"": ""English"", ""iso_639_1"": ""en"", ""name"": ""English""}]","[""US""]",null
174771,The Lady Professional,女杀手,Lily Ho as a deadly assassin becomes the target of murder herself,crime,Released,False,False,1971-07-01,80,0,0,1.0619,6.5,2,zh,,tt0400699,/65R9qIP94GR2IshJsHinCKvbhNQ.jpg,/zXQRUxwIW3sW3ki4csUTWuKIB2V.jpg,"[{""id"": 28, ""name"": ""Action""}, {""id"": 12, ""name"": ""Adventure""}, {""id"": 53, ""name"": ""Thriller""}]","[{""id"": 5798, ""logo_path"": ""/tmuI9BGXgpWLmokhlxpnG3IGNQB.png"", ""name"": ""Shaw Brothers"", ""origin_country"": ""HK""}]","[{""iso_3166_1"": ""HK"", ""name"": ""Hong Kong""}]","[{""english_name"": ""Mandarin"", ""iso_639_1"": ""zh"", ""name"": ""\u666e\u901a\u8bdd""}]","[""HK""]",null
174772,Europa Report,Europa Report,A crew of international astronauts are sent on a private mission to Jupiter's fourth moon.,Fear. Sacrifice. Contact.,Released,False,False,2013-06-27,90,0,125687,3.6587,6.284,1524,en,,tt2051879,/tbsfaBjiAW5vfrV06R8KCOzVOYy.jpg,/7bXsWwEkqrjCEAykNR9D5EspTLD.jpg,"[{""id"": 878, ""name"": ""Science Fiction""}, {""id"": 53, ""name"": ""Thriller""}]","[{""id"": 5703, ""logo_path"": null, ""name"": ""Wayfare Entertainment"", ""origin_country"": ""US""}, {""id"": 11581, ""logo_path"": ""/yIORcWTFHtbXvWjqXAqFuMxx0K0.png"", ""name"": ""Misher Films"", ""origin_country"": ""US""}, {""id"": 19961, ""logo_path"": null, ""name"": ""Start Motion Pictures"", ""origin_country"": """"}]","[{""iso_3166_1"": ""US"", ""name"": ""United States of America""}]","[{""english_name"": ""Mandarin"", ""iso_639_1"": ""zh"", ""name"": ""\u666e\u901a\u8bdd""}, {""english_name"": ""English"", ""iso_639_1"": ""en"", ""name"": ""English""}, {""english_name"": ""Russian"", ""iso_639_1"": ""ru"", ""name"": ""P\u0443\u0441\u0441\u043a\u0438\u0439""}]","[""US""]",null
174777,The Man Who Laughs,L'uomo che ride,"This loose adaptation of the Victor Hugo classic shifts the story to Italy and back in time, with the deformed protagonist meeting Lucrezia Borgia instead of Queen Anne. Also, Gwynplaine is renamed Angelo (Jean Sorel) with his disfigurement represented by a single broad slash across his mouth, crude yet convincing. The story (not credited to Hugo) is a swashbuckler pitting the disfigured acrobat against the henchmen of the Borgias.","If you liked ""Scaramouche"" you'll love ""The Man Who Laughs""",Released,False,False,1966-08-20,97,0,0,0.7852,5.0,7,it,,tt0060664,/5c1vkcswsI1PTxfZ5GhajxCblp2.jpg,/61ZcN2JkV2A07ryhfrFK8oBw3cI.jpg,"[{""id"": 18, ""name"": ""Drama""}, {""id"": 12, ""name"": ""Adventure""}]","[{""id"": 21, ""logo_path"": ""/usUnaYV6hQnlVAXP6r4HwrlLFPG.png"", ""name"": ""Metro-Goldwyn-Mayer"", ""origin_country"": ""US""}, {""id"": 38039, ""logo_path"": null, ""name"": ""Sanson Film"", ""origin_country"": ""IT""}, {""id"": 14386, ""logo_path"": null, ""name"": ""Compagnie Internationale de Productions Cin\u00e9matographiques (CIPRA)"", ""origin_country"": """"}]","[{""iso_3166_1"": ""FR"", ""name"": ""France""}, {""iso_3166_1"": ""IT"", ""name"": ""Italy""}]","[{""english_name"": ""Italian"", ""iso_639_1"": ""it"", ""name"": ""Italiano""}]","[""IT""]",null
174779,Four And A Half Days,Four And A Half Days,A short film about...,,Released,False,False,2012-09-07,0,0,0,0.0143,0.0,0,en,,,,,[],[],[],[],"[""US""]",null
174783,Two Mothers,Zwei Mütter,The unexpected difficulty of becoming mothers through the means of artificial insemination slowly erodes the relationship between Katja and Isabella.,,Released,False,False,2013-02-14,75,0,0,1.6293,5.1,26,de,,tt2622156,/qshKQqBLKCJMZPDiNdK5gNEXGLH.jpg,/evaPd6Y34ObtMaX4B3AtElSTGX5.jpg,"[{""id"": 18, ""name"": ""Drama""}]","[{""id"": 296, ""logo_path"": ""/oPCnyumoJtIedjQoQin6zSSHkv8.png"", ""name"": ""Filmakademie Baden-W\u00fcrttemberg"", ""origin_country"": ""DE""}, {""id"": 4606, ""logo_path"": ""/otZHbf1HmzLRQsZFSqJXkf8EHz7.png"", ""name"": ""ZDF"", ""origin_country"": ""DE""}]","[{""iso_3166_1"": ""DE"", ""name"": ""Germany""}]","[{""english_name"": ""German"", ""iso_639_1"": ""de"", ""name"": ""Deutsch""}]","[""DE""]",null
174775,Katz and Carrasso,כץ וקרסו,"Katz and Carasso are owners of rival insurance companies, who strongly loathe each other. They seek to sell insurance to the wealthy womanizer Israel Israeli, and use all available means for this purpose: Katz's elder daughter Naomi uses her feminine charms on Israeli, while Carasso's elder son Osi does the same with his actress friend Daniela. Despite the rivalry, Naomi and Osi grow fond of each other. Meanwhile, Katz's beatnik daughter Tiki meets Eliyahu, Carasso's younger son, and they start an affair. The fathers are very displeased from the growing romance between the two couples, and they become even more irritated to find out that they are competing on the same potential client.",,Released,False,False,1971-06-06,110,0,0,0.3392,7.2,1,he,,tt0142428,/h62JGJaKCVl7KPIk6ZGqk5FryR.jpg,/plRREFkg6TcWnagItfml4N512AF.jpg,"[{""id"": 10749, ""name"": ""Romance""}, {""id"": 35, ""name"": ""Comedy""}]","[{""id"": 20023, ""logo_path"": null, ""name"": ""Noah Films"", ""origin_country"": ""IL""}, {""id"": 76565, ""logo_path"": null, ""name"": ""Israel Motion Picture Studios"", ""origin_country"": """"}]","[{""iso_3166_1"": ""IL"", ""name"": ""Israel""}]","[{""english_name"": ""Hebrew"", ""iso_639_1"": ""he"", ""name"": ""\u05e2\u05b4\u05d1\u05b0\u05e8\u05b4\u05d9\u05ea""}]","[""IL""]",null
174781,Follow the Leader,Follow the Leader,"Muggs and Glimpy, two East Side Kids in the army, return to their neighborhood, supposedly on furlough; actually, Muggs has been honorably discharged with a physical defect, but he tells no one of this. Danny, another East Side kid, is in jail because a large amount of medical supplies have been stolen from the warehouse where he works. Muggs see Spider, a new member of the gang, flashing a large amount of money around, and Muggs shrewdly turns toughie, boasting that he has a dishonorable discharge because of thievery. This leads Spider to confide in Muggs that he is the one who has been aiding in the theft of supplies from the warehouse, and he gets paid for the loot by Larry, operator of a nightclub where Muggs' sister, Milly, is an entertainer. Fingers, a henchman for Larry, kills Spider when he learns that Muggs has been let in on the operation. The police then suspect Muggs of killing Spider.",FOLLOW 'EM FOR FUN...and Thrills Aplenty While the Kids Put a Hoodoo on the Hoodlums!,Released,False,False,1944-06-03,65,85000,0,0.9007,2.7,3,en,,tt0036833,/5Uk6ZeEoCghn7tPoeGGgy2tB9oK.jpg,/9TtQNBrgViuHpFmJh3EQOVgJUE1.jpg,"[{""id"": 28, ""name"": ""Action""}, {""id"": 18, ""name"": ""Drama""}, {""id"": 80, ""name"": ""Crime""}, {""id"": 35, ""name"": ""Comedy""}, {""id"": 12, ""name"": ""Adventure""}]","[{""id"": 14040, ""logo_path"": null, ""name"": ""Banner Productions"", ""origin_country"": ""US""}]","[{""iso_3166_1"": ""US"", ""name"": ""United States of America""}]","[{""english_name"": ""English"", ""iso_639_1"": ""en"", ""name"": ""English""}]","[""US""]",null
174786,Cannery Woe,Cannery Woe,Speedy Gonzales helps provide cheese for the mayor's reelection campaign (and two hungry friends) by swiping it from the store guarded by Sylvester.,,Released,False,False,1961-01-07,6,0,0,0.3761,6.2,10,en,,tt0054720,/pZw1ePadR6iRDvz3voWYlyua1iA.jpg,/58ACaOi5OZjcXbv3ZGusRuSodli.jpg,"[{""id"": 35, ""name"": ""Comedy""}, {""id"": 10751, ""name"": ""Family""}, {""id"": 16, ""name"": ""Animation""}]","[{""id"": 174, ""logo_path"": ""/zhD3hhtKB5qyv7ZeL4uLpNxgMVU.png"", ""name"": ""Warner Bros. Pictures"", ""origin_country"": ""US""}, {""id"": 8298, ""logo_path"": ""/r6cuEYq7DqrHCNVa7vSanTS0cuw.png"", ""name"": ""Warner Bros. Cartoons"", ""origin_country"": ""US""}]","[{""iso_3166_1"": ""US"", ""name"": ""United States of America""}]","[{""english_name"": ""English"", ""iso_639_1"": ""en"", ""name"": ""English""}]","[""US""]",null
174787,Guerrilla: The Taking of Patty Hearst,Guerrilla: The Taking of Patty Hearst,"A documentary on the curious American domestic terrorist group, infamous for the 1974 kidnapping of Patty Hearst.",,Released,False,False,2004-11-26,89,0,0,0.1038,6.3,11,en,,tt0884842,/59xLyJBAK046RE1Ji9jK6DeX7Ue.jpg,/4iRPDIyELqGDwfavBy2GYZYfSF7.jpg,"[{""id"": 99, ""name"": ""Documentary""}]","[{""id"": 18720, ""logo_path"": null, ""name"": ""Robert Stone Productions"", ""origin_country"": ""US""}]","[{""iso_3166_1"": ""US"", ""name"": ""United States of America""}]","[{""english_name"": ""English"", ""iso_639_1"": ""en"", ""name"": ""English""}]","[""US""]",null
174789,Us vs. Corruption,Kita Versus Korupsi,"An omnibus about fighting corruption in our daily life: in workplace, in our family, in school.",,Released,False,False,2012-01-26,72,77735,0,0.118,7.0,1,id,,tt16605576,/u5CjSPyUMcy6rj7g4rAEWYuzVSl.jpg,,"[{""id"": 18, ""name"": ""Drama""}]","[{""id"": 90502, ""logo_path"": null, ""name"": ""Cangkir Kopi"", ""origin_country"": """"}, {""id"": 123216, ""logo_path"": null, ""name"": ""Komisi Pemberantasan Korupsi"", ""origin_country"": """"}, {""id"": 123217, ""logo_path"": null, ""name"": ""Management System International"", ""origin_country"": """"}, {""id"": 123218, ""logo_path"": null, ""name"": ""USAID"", ""origin_country"": """"}]","[{""iso_3166_1"": ""ID"", ""name"": ""Indonesia""}]","[{""english_name"": ""Indonesian"", ""iso_639_1"": ""id"", ""name"": ""Bahasa indonesia""}]","[""ID""]",null
174797,Witchblade,Witchblade,"NYPD Detective Sara Pezzini's main goal in life was to bring down Tommy Gallo, the hitman who killed her father, her best friend, and eventually her partner. While chasing down one of Gallo's thugs, she acquires the Witchblade, an enchanted armored glove once used by Joan of Arc that deflects bullets, extends into bladed weapons, produces visions, and neatly compacts itself into a bracelet.",A new force of justice has arrived on the streets of New York.,Released,False,False,2000-08-27,94,0,0,1.3688,5.4,23,en,,tt0169514,/zeYnBrsunBHdeMkYIXzcXgypLI4.jpg,,"[{""id"": 10770, ""name"": ""TV Movie""}, {""id"": 28, ""name"": ""Action""}, {""id"": 14, ""name"": ""Fantasy""}, {""id"": 9648, ""name"": ""Mystery""}]","[{""id"": 2528, ""logo_path"": ""/5OZP2dM6B6wBXfwadqk0TJBBPJP.png"", ""name"": ""Top Cow Productions"", ""origin_country"": ""US""}, {""id"": 98614, ""logo_path"": null, ""name"": ""Halsted Pictures"", ""origin_country"": ""US""}, {""id"": 138907, ""logo_path"": ""/3RdLG2Kx1nGI6E0UhQfQ3NqmQxJ.png"", ""name"": ""Image Comics"", ""origin_country"": ""US""}, {""id"": 13489, ""logo_path"": null, ""name"": ""Mythic Films"", ""origin_country"": ""US""}]","[{""iso_3166_1"": ""CA"", ""name"": ""Canada""}, {""iso_3166_1"": ""US"", ""name"": ""United States of America""}]","[{""english_name"": ""English"", ""iso_639_1"": ""en"", ""name"": ""English""}]","[""US""]",null
174790,"Hantu Kak Limah 2: Husin, Mon dan Jin Pakai Toncit","Hantu Kak Limah 2: Husin, Mon dan Jin Pakai Toncit","After the events of ""Hantu Kak Limah Balik Rumah"", Husin returns to his village in order to deal with his money problems - which he has none of! In the village, Husin reunites with the usual patrons of Pak Jabit's stall and everything seems to be as normal as it could be. However, what Husin doesn't realise is that there is a new breed of evil returning after more than a century of slumber to claim the village's long standing debt and Husin too of course!",,Released,False,False,2013-02-06,95,0,0,0.3504,8.0,2,ms,http://cinemamalaysia.com.my/film/info/?id=Hantu_Kak_Limah_2_Husin_Mon_Dan_Jin_Pakai_Toncit_1058,tt2981728,/xxgbuw2oENQSuvlMcdJU4UMFVWT.jpg,/gPTkKA0GNWK99ZW8DVaNBNAztKr.jpg,"[{""id"": 27, ""name"": ""Horror""}, {""id"": 35, ""name"": ""Comedy""}]","[{""id"": 5341, ""logo_path"": ""/7pafqFu3WJzFJUuhEpWBzcbdKIm.png"", ""name"": ""Tayangan Unggul"", ""origin_country"": ""MY""}, {""id"": 19055, ""logo_path"": ""/g7R3rz40PaD1vcDEtc0DOODzw0F.png"", ""name"": ""Astro Shaw"", ""origin_country"": ""MY""}]","[{""iso_3166_1"": ""MY"", ""name"": ""Malaysia""}]","[{""english_name"": ""Malay"", ""iso_639_1"": ""ms"", ""name"": ""Bahasa melayu""}]","[""MY""]","{""id"": 659225, ""name"": ""Hantu Kak Limah Collection"", ""poster_path"": ""/njwVQZ5g8dvFZihwlcZwJjyTAeh.jpg"", ""backdrop_path"": ""/5RCRDmk08honTodsxBEsLHtE0Li.jpg""}"
174795,Offenbach - Le Dernier Show Au Forum,Offenbach - Le Dernier Show Au Forum,,,Released,False,False,1989-03-07,0,0,0,0.0,0.0,0,fr,,,,,"[{""id"": 10402, ""name"": ""Music""}]",[],[],[],"[""FR""]",null
174792,The Girl Said No,The Girl Said No,"A comedy romance in which breezy Haines, as a young lady killer, tries to capture the heart of Hyams who has turned him down for Bushman.  Haines plots dozens of extreme measures to win her over, and finally goes so far as to drag her from the altar, bound and gagged.",WISE-CRACKING! SMART-ALECK! LOVABLE!,Released,False,False,1930-03-15,91,0,0,1.3135,5.5,4,en,,tt0020919,/hp08Bi7baJJPvjpapZ3gvahNAG0.jpg,/qhljuOiNXQFEbG2PskjFpc01ouC.jpg,"[{""id"": 35, ""name"": ""Comedy""}, {""id"": 10749, ""name"": ""Romance""}]","[{""id"": 21, ""logo_path"": ""/usUnaYV6hQnlVAXP6r4HwrlLFPG.png"", ""name"": ""Metro-Goldwyn-Mayer"", ""origin_country"": ""US""}]","[{""iso_3166_1"": ""US"", ""name"": ""United States of America""}]","[{""english_name"": ""English"", ""iso_639_1"": ""en"", ""name"": ""English""}]","[""US""]",null
174785,By Word of Mouse,By Word of Mouse,"Hans, a mouse from Germany, comes to America to visit his cousin Willie, and learns about the wonders of the capitalist system.",,Released,False,False,1954-10-02,8,0,0,0.1552,6.0,9,en,,tt0046813,/kzbdBT3PRXOyMFQBphJGC7RdYxC.jpg,/3Lb6jZwVx6Sbt9lEtc6AtXJ0Lvt.jpg,"[{""id"": 16, ""name"": ""Animation""}, {""id"": 35, ""name"": ""Comedy""}]","[{""id"": 8298, ""logo_path"": ""/r6cuEYq7DqrHCNVa7vSanTS0cuw.png"", ""name"": ""Warner Bros. Cartoons"", ""origin_country"": ""US""}, {""id"": 271991, ""logo_path"": ""/aHiqfS56lKvhGf0laFoFdD6NGhL.png"", ""name"": ""Alfred P. Sloan Foundation"", ""origin_country"": ""US""}]","[{""iso_3166_1"": ""US"", ""name"": ""United States of America""}]","[{""english_name"": ""English"", ""iso_639_1"": ""en"", ""name"": ""English""}]","[""US""]",null
174800,Led Zeppelin: Dazed & Confused,Led Zeppelin: Dazed & Confused,"A rare look at Led Zeppelin, from their humble beginnings to their status as rock gods. The unique chemistry between singer Robert Plant, guitarist Jimmy Page, bassist John Paul Jones & drummer John Bonham led to tensions within the band, but were essential to their success. Take a journey where incredible heights and extreme lows helped forge one of the greatest rock bands ever.",,Released,False,False,2009-09-01,56,135585,0,0.3203,6.8,5,en,,tt1691330,/csWyijL6pc2um1S0W12ct2euGKn.jpg,/sj6wcVo8BWeAHvd60HU2VpT8al.jpg,"[{""id"": 99, ""name"": ""Documentary""}]","[{""id"": 13493, ""logo_path"": ""/1K6FYi17dmSIMIvBDHIxtFqQWP.png"", ""name"": ""Entertain ME"", ""origin_country"": ""GB""}, {""id"": 13494, ""logo_path"": null, ""name"": ""12 Between Us"", ""origin_country"": """"}]","[{""iso_3166_1"": ""GB"", ""name"": ""United Kingdom""}]","[{""english_name"": ""English"", ""iso_639_1"": ""en"", ""name"": ""English""}]","[""US"", ""GB""]",null
174798,She Couldn't Say No,She Couldn't Say No,Two big city lawyers are handed an important case but then find it requires them to deal with the oddball and very shrewd characters in a small town.,She Was A Lawyer... And So Was He... So They Took Their Heart Troubles To Court!,Released,False,False,1940-12-07,62,0,0,1.0036,6.8,1,en,,tt0034178,/nFXIp0ydoG3RYfHlTPLuD3wICCJ.jpg,/r0ly0eoW1HULDd4FkbHOHdvI4WL.jpg,"[{""id"": 35, ""name"": ""Comedy""}]","[{""id"": 174, ""logo_path"": ""/zhD3hhtKB5qyv7ZeL4uLpNxgMVU.png"", ""name"": ""Warner Bros. Pictures"", ""origin_country"": ""US""}]","[{""iso_3166_1"": ""US"", ""name"": ""United States of America""}]","[{""english_name"": ""English"", ""iso_639_1"": ""en"", ""name"": ""English""}]","[""US""]",null
174808,Last Hours in Suburbia,Last Hours in Suburbia,"When Grace is accused of playing a role in a deadly accident, her best friend reaches out from beyond the grave to unveil the truth behind what happened.",,Released,False,False,2013-01-20,87,0,0,0.451,5.1,22,en,,tt2375093,/jRQhgMaa5vZVwhRFq3s5gHdo5v9.jpg,,"[{""id"": 9648, ""name"": ""Mystery""}, {""id"": 53, ""name"": ""Thriller""}, {""id"": 80, ""name"": ""Crime""}, {""id"": 14, ""name"": ""Fantasy""}, {""id"": 10770, ""name"": ""TV Movie""}]","[{""id"": 6679, ""logo_path"": ""/r3r7qbHKgo8N0yr7r1TjLmzLXfQ.png"", ""name"": ""MarVista Entertainment"", ""origin_country"": ""US""}, {""id"": 38977, ""logo_path"": null, ""name"": ""Moody Independent"", ""origin_country"": ""US""}, {""id"": 3431, ""logo_path"": ""/6LVLYfZAEQfhJey0MGvhFXdDEK1.png"", ""name"": ""Lifetime"", ""origin_country"": ""US""}]","[{""iso_3166_1"": ""US"", ""name"": ""United States of America""}]","[{""english_name"": ""English"", ""iso_639_1"": ""en"", ""name"": ""English""}, {""english_name"": ""Polish"", ""iso_639_1"": ""pl"", ""name"": ""Polski""}]","[""US""]",null
174818,Forevermore,Forevermore,Young successful architect Anton obligingly pays a visit to his ailing grandfather Alejandor Cordero’s in their Cordero estate. The people in his grandfather’s place believe to a legend that their mango orchard would yield the sweetest mangoes in the country when the next Cordero will learn to fall in love unconditionally. Anton’s grandfather believes that Anton needs to find his one true love so the legend would be proven true. Anton does not share the same belief. When Marian learns about the homecoming of her childhood friend and crush; she gets excited for she believes that she and Anton would make the tale come true.,,Released,False,False,2002-06-26,0,0,0,0.4188,8.0,2,en,http://starcinema.abs-cbn.com/movies/forevermore,tt0343676,/85gXFLYi1UL1VKPOVfBlkzlrwnp.jpg,/rWdOGr6HxpTYCuOh62zoPkA0OGH.jpg,"[{""id"": 10749, ""name"": ""Romance""}, {""id"": 18, ""name"": ""Drama""}]","[{""id"": 4676, ""logo_path"": ""/fu7gOKwS2l2fiFlEQFamITFEWDk.png"", ""name"": ""Star Cinema \u2013 ABS-CBN Film Productions"", ""origin_country"": ""PH""}]","[{""iso_3166_1"": ""PH"", ""name"": ""Philippines""}]","[{""english_name"": ""Tagalog"", ""iso_639_1"": ""tl"", ""name"": """"}]","[""US""]",null
174815,Tenjho Tenge: The Past Chapter,天上天下 - The Past Chapter,"Mitsuomi Takayanagi and Maya Natsume both want to become stronger. On there way to becoming the best they learn that there are many things going on behind the scenes, and Shin, Maya's brother, may be the cause of all of it. Mitsuomi feels that he is the only one that can stop him. A retelling of what happened in the past of tenjou tenge, in movie form.",,Released,False,False,2005-03-30,92,0,0,1.2071,4.5,4,ja,,tt2449128,/76Jn2LEzxFjpWrGIR6KjRu6KAuQ.jpg,/f1MPuiMMbjD7MVrhQGAVSqsJcop.jpg,"[{""id"": 16, ""name"": ""Animation""}, {""id"": 28, ""name"": ""Action""}, {""id"": 10749, ""name"": ""Romance""}]","[{""id"": 3464, ""logo_path"": ""/9k0nr75nwnNeT2MHerf1OXJN0hj.png"", ""name"": ""Madhouse"", ""origin_country"": ""JP""}]","[{""iso_3166_1"": ""JP"", ""name"": ""Japan""}]","[{""english_name"": ""Japanese"", ""iso_639_1"": ""ja"", ""name"": ""\u65e5\u672c\u8a9e""}]","[""JP""]",null
174819,Sleepy Time Possum,Sleepy Time Possum,Pa Possum dresses up like a dog to try to get Junior Possum to stop sleeping all the time and do his chores.,,Released,False,False,1951-11-03,7,0,0,0.0989,6.3,7,en,,tt0044046,/m2d4QBDB5azPzPMy7OJmcnOEFeu.jpg,/mRcgiZnuT20o0xBnWSjoQlFb4yy.jpg,"[{""id"": 16, ""name"": ""Animation""}, {""id"": 35, ""name"": ""Comedy""}, {""id"": 10751, ""name"": ""Family""}]","[{""id"": 174, ""logo_path"": ""/zhD3hhtKB5qyv7ZeL4uLpNxgMVU.png"", ""name"": ""Warner Bros. Pictures"", ""origin_country"": ""US""}, {""id"": 8298, ""logo_path"": ""/r6cuEYq7DqrHCNVa7vSanTS0cuw.png"", ""name"": ""Warner Bros. Cartoons"", ""origin_country"": ""US""}]","[{""iso_3166_1"": ""US"", ""name"": ""United States of America""}]","[{""english_name"": ""English"", ""iso_639_1"": ""en"", ""name"": ""English""}]","[""US""]",null
174805,Maybe It's Love,Maybe It's Love,Director William C. McGann's 1935 film stars Gloria Stuart and Ross Alexander as a young couple in love who face economic woes once they're wed.,,Released,False,False,1935-01-12,63,0,0,0.4964,6.0,1,en,,tt0026691,/rlyAa2FNZg6CTsjqmSfx7hPWEp6.jpg,,"[{""id"": 10749, ""name"": ""Romance""}, {""id"": 35, ""name"": ""Comedy""}]","[{""id"": 3245, ""logo_path"": ""/9dBTQp9XitrHkx20i1r9HhZ3Q6B.png"", ""name"": ""First National Pictures"", ""origin_country"": ""US""}]","[{""iso_3166_1"": ""US"", ""name"": ""United States of America""}]","[{""english_name"": ""English"", ""iso_639_1"": ""en"", ""name"": ""English""}]","[""US""]",null
174821,Now That You're Here,Ngayong Nandito Ka,"In the colorful and exciting world of the Baguio music scene, Garie and Rocky share the perfect romance. Garie is a backup singer, while Rocky is a keyboardist they are members of a band that is all set to go to Japan for a contractual gig. Happily in love and brimming with dreams of a future together, Garie and Rocky believe that nothing can come between them; not even the fact that Rocky comes from one of Baguio’s richest and oldest clans, while that Garie only has humble roots. They exchange promises that no matter what happens, they will not let anything get in the way of their love.",,Released,False,False,2003-02-26,110,0,0,0.3325,6.5,1,tl,http://starcinema.abs-cbn.com/movies/ngayong-nandito-ka,tt0356946,/dUfUdPniPUuS7YBOWuFAoXCKRAb.jpg,/tWhJWZBCP8399xcWlRRJKjzdtYA.jpg,"[{""id"": 18, ""name"": ""Drama""}, {""id"": 10749, ""name"": ""Romance""}]","[{""id"": 4676, ""logo_path"": ""/fu7gOKwS2l2fiFlEQFamITFEWDk.png"", ""name"": ""Star Cinema \u2013 ABS-CBN Film Productions"", ""origin_country"": ""PH""}]","[{""iso_3166_1"": ""PH"", ""name"": ""Philippines""}]","[{""english_name"": ""English"", ""iso_639_1"": ""en"", ""name"": ""English""}, {""english_name"": ""Tagalog"", ""iso_639_1"": ""tl"", ""name"": """"}]","[""PH""]",null
174823,"Shake, Rattle, and Roll Fourteen: The Invasion","Shake, Rattle, and Roll Fourteen: The Invasion","The first part follows four cousins who gathered together to receive their own 5 million peso inheritance from their dead uncle, and the responsibility of taking care of his comic book creations. The second part follows an army special unit trying to survive from a horde of zombies. The third and last part follows a couple who became survivors when the aliens invaded Earth.",,Released,False,False,2012-12-24,122,0,0,0.6117,6.0,2,tl,,tt2538176,/hZZHvrb3aSUkbkk7IgKYsrplmyE.jpg,/A74pb3n5j85kmdJbQyMO7c8P1U4.jpg,"[{""id"": 28, ""name"": ""Action""}, {""id"": 35, ""name"": ""Comedy""}, {""id"": 27, ""name"": ""Horror""}]","[{""id"": 8238, ""logo_path"": ""/3f3SS3sep9V3Nf7RAxNd5UUEw1E.png"", ""name"": ""Regal Entertainment"", ""origin_country"": ""PH""}]","[{""iso_3166_1"": ""PH"", ""name"": ""Philippines""}]","[{""english_name"": ""English"", ""iso_639_1"": ""en"", ""name"": ""English""}, {""english_name"": ""Tagalog"", ""iso_639_1"": ""tl"", ""name"": """"}]","[""PH""]","{""id"": 527950, ""name"": ""Shake, Rattle & Roll Collection"", ""poster_path"": null, ""backdrop_path"": null}"
174822,A Cartoonist's Nightmare,A Cartoonist's Nightmare,"A cartoonist falls asleep at the drawing board and into the clutches of his own villains, until Beans the Cat comes to the rescue.",,Released,False,False,1935-09-21,7,0,0,0.677,6.6,14,en,,tt0026182,/99dlzARuO9IOqd73fg4GGlHp3Jw.jpg,/3RSiYmFvw63Mdt30DFHHnkIEPiH.jpg,"[{""id"": 16, ""name"": ""Animation""}, {""id"": 14, ""name"": ""Fantasy""}, {""id"": 35, ""name"": ""Comedy""}]","[{""id"": 134798, ""logo_path"": null, ""name"": ""Leon Schlesinger Productions"", ""origin_country"": ""US""}]","[{""iso_3166_1"": ""US"", ""name"": ""United States of America""}]","[{""english_name"": ""English"", ""iso_639_1"": ""en"", ""name"": ""English""}]","[""US""]",null
174825,Guni-Guni,Guni-Guni,"Thirty years ago, an unborn child was buried in the garden of what is now a boardinghouse in Cubao. It lies beneath the ground, unbeknownst to the tenants who live there. One of the tenants is Mylene (Lovi Poe) who appears like the perfect girl, nice, pretty and at the top of her Medicine class. But nobody knows about her past, not even the man who loves her most, Paolo (Benjamin Alvez). Paolo doesn't know anything about Mylene's family, her long, lost sibling or her estranged, nervous wreck of a mother. Nor does he know about the very long scar that runs across Mylene's body, nor of how incomplete she always feels. And he finds that the more he tries to win back her love, the more she retreats to her secret world that nobody could enter.",,Released,False,False,2012-08-21,104,0,0,0.2399,0.0,0,tl,,tt2350984,/cvV7JbLfecnqaWAv50kPBVRkKlQ.jpg,,"[{""id"": 27, ""name"": ""Horror""}, {""id"": 53, ""name"": ""Thriller""}]","[{""id"": 8238, ""logo_path"": ""/3f3SS3sep9V3Nf7RAxNd5UUEw1E.png"", ""name"": ""Regal Entertainment"", ""origin_country"": ""PH""}]","[{""iso_3166_1"": ""PH"", ""name"": ""Philippines""}]","[{""english_name"": ""Tagalog"", ""iso_639_1"": ""tl"", ""name"": """"}]","[""PH""]",null
174826,Baliw,Baliw,"Angelo (Eigenmann) is an orphan who turns into a serial killer. Despite the efforts of rehabilitation, psychological turmoil still haunts and prevents him from living a peaceful and ordinary life. Faced with this reality, Angelo searches for a way to exorcise his personal demons. In the end, he gets his just reward when he crosses paths with a demon that he himself created.",,Released,False,False,2007-01-01,0,0,0,0.2085,0.0,0,tl,,tt0953313,/mxaHy1J60PND7gI5nybcJ0pMUry.jpg,,"[{""id"": 18, ""name"": ""Drama""}]",[],"[{""iso_3166_1"": ""PH"", ""name"": ""Philippines""}]","[{""english_name"": ""Tagalog"", ""iso_639_1"": ""tl"", ""name"": """"}]","[""US""]",null
174842,The Sin of Adam and Eve,El pecado de Adán y Eva,"Absurd retelling of the story of Adam and Eve, this was the first of several biblical movies by director Miguel Zacarías that were intended to inspire the faithful but only inspired laughter instead. This film gained much notoriety due to the abundant nudity of its stars and was released worldwide.",,Released,False,False,1969-01-01,92,0,0,0.5064,4.1,12,es,,tt0195130,/oBlTswYjy9wygztXZkxXdSXEJsJ.jpg,/wYWiR0fMTiqEPfXlewZM1WeYjUn.jpg,"[{""id"": 18, ""name"": ""Drama""}, {""id"": 14, ""name"": ""Fantasy""}]","[{""id"": 17786, ""logo_path"": null, ""name"": ""Azteca Films"", ""origin_country"": ""MX""}]","[{""iso_3166_1"": ""MX"", ""name"": ""Mexico""}]","[{""english_name"": ""Spanish"", ""iso_639_1"": ""es"", ""name"": ""Espa\u00f1ol""}]","[""MX""]",null
174838,Atman,アートマン,"ĀTMAN is a visual tour-de-force based on the idea of the subject at the centre of the circle created by camera positions (480 such positions). Shooting frame-by-frame the filmmaker set up an increasingly rapid circular motion. ĀTMAN is an early Buddhist deity often connected with destruction; the Japanese aspect is stressed by the devil mask of Hangan, from the Noh, and by using both Noh music and the general principle of acceleration often associated with Noh drama.",,Released,False,False,1975-07-01,12,0,0,0.7723,6.571,35,ja,,tt1095169,/74fZ1ajvxtmwMT08cUgG8GkO8a7.jpg,/lejH6HlvhxR4FWFFKE1V6JQQGQH.jpg,"[{""id"": 27, ""name"": ""Horror""}, {""id"": 16, ""name"": ""Animation""}]","[{""id"": 53529, ""logo_path"": null, ""name"": ""Matsumoto Production"", ""origin_country"": ""JP""}]","[{""iso_3166_1"": ""JP"", ""name"": ""Japan""}]","[{""english_name"": ""No Language"", ""iso_639_1"": ""xx"", ""name"": ""No Language""}]","[""JP""]",null
174831,"Doggie Tails, Vol. 1: Lucky's First Sleep-Over","Doggie Tails, Vol. 1: Lucky's First Sleep-Over",It's Lucky's first night away from home and it's scary... Until her kennel friends show her that a little independence can be Big Doggie Fun!,,Released,False,False,2003-02-04,30,100,105,0.7364,5.7,6,en,,tt0342295,/szkiwJeFpC6GNjiDA7KgTzv6gwn.jpg,,"[{""id"": 10751, ""name"": ""Family""}]","[{""id"": 3052, ""logo_path"": ""/kqP7DC8cUCzDSI5SXiJKJKmQg1K.png"", ""name"": ""Troma Entertainment"", ""origin_country"": ""US""}]","[{""iso_3166_1"": ""US"", ""name"": ""United States of America""}]","[{""english_name"": ""English"", ""iso_639_1"": ""en"", ""name"": ""English""}]","[""US""]",null
174849,2003 Florida Marlins: The Official World Series Film,2003 Florida Marlins: The Official World Series Film,The 2003 Florida Marlins make a manager change mid-way through the season hiring 72 year old Jack McKeon and go on an unbelievable run towards the postseason. After both an exciting NLDS and NLCS the Marlins battle the New York Yankees in the 100th Anniversary of Major League Baseball's World Series.,Florida Marlins vs New York Yankees,Released,False,False,2003-11-18,95,0,0,0.0742,5.0,1,en,,,,,[],"[{""id"": 11709, ""logo_path"": ""/aJ2Y9GJNyxWWfMfOsaVXHXCHaDM.png"", ""name"": ""Major League Baseball Productions"", ""origin_country"": ""US""}]","[{""iso_3166_1"": ""US"", ""name"": ""United States of America""}]","[{""english_name"": ""English"", ""iso_639_1"": ""en"", ""name"": ""English""}, {""english_name"": ""Spanish"", ""iso_639_1"": ""es"", ""name"": ""Espa\u00f1ol""}]","[""US""]",null
174850,2005-2006 NBA Champions: Miami Heat,2005-2006 NBA Champions: Miami Heat,"The Miami Heat led by young superstar Dwyane Wade and Shaquille O'Neal go on the quest for the franchise's first NBA Championship. Heat President Pat Riley takes over as head coach after an average start for the season and guides the team to the it's first NBA Finals appearance.  Get an inside look at the NBA Champion's regular season, triumphant playoff run and NBA Finals victory. Provides an all-access pass to exclusive interviews, behind-the-scenes action and an unforgettable courtside view of the NBA Finals. Loaded with clutch bonus features including profiles on your favorite players and in-depth analysis. Experience what is is to be a champion.",15 Strong and White Hot!,Released,False,False,2006-07-18,58,0,0,0.3962,0.0,0,en,,,/sTOx63EFdQ2EJ3Ge8uhUfLowf5o.jpg,,"[{""id"": 99, ""name"": ""Documentary""}]","[{""id"": 4396, ""logo_path"": ""/g76GCLOncS4SKIYfhWT70Zo4ypv.png"", ""name"": ""NBA Entertainment"", ""origin_country"": ""US""}]","[{""iso_3166_1"": ""US"", ""name"": ""United States of America""}]","[{""english_name"": ""English"", ""iso_639_1"": ""en"", ""name"": ""English""}]","[""US""]",null
174855,Rosamunde Pilcher: Herzenssehnsucht,Rosamunde Pilcher: Herzenssehnsucht,"Jonathan MacKenzie is the founder of a leading brand textile Irish who now heads her daughter Kate and her husband Patrick O'Hara.  But on his deathbed his past haunts him and confesses the whereabouts of Teresa, his granddaughter, daughter of his deceased son, whom he took when he was born and now lives happily with his adoptive family  But now the biological mother of the girl on a journey to recover ..",,Released,False,False,2009-01-18,90,0,0,0.2292,6.5,4,de,,tt1178401,/3FBNk7JQ4K9Ij84XVVWI336EFle.jpg,/oOMNk7VSkYQ7pXRmMp1Bmmg0rOg.jpg,"[{""id"": 10749, ""name"": ""Romance""}, {""id"": 18, ""name"": ""Drama""}]",[],"[{""iso_3166_1"": ""DE"", ""name"": ""Germany""}]","[{""english_name"": ""German"", ""iso_639_1"": ""de"", ""name"": ""Deutsch""}]","[""DE""]",null
174857,Kabayan Becomes a Billionaire,Kabayan Jadi Milyuner,"A real estate entrepeneur comes to Kabayan's village in West Java making false promises, including marriage to a woman he likes, if he sells the village's land to him. Kabayan tries to save his village and also win the heart of a woman.",The Legend is Back,Released,False,False,2010-12-23,103,0,0,0.1326,5.5,2,id,,tt1817710,/sz52inF1CHCsV0ZS4NxqyUA9AAi.jpg,,"[{""id"": 35, ""name"": ""Comedy""}]","[{""id"": 14140, ""logo_path"": ""/tYujZw7UWP1mjWv48eqsjutjqeN.png"", ""name"": ""Starvision Plus"", ""origin_country"": ""ID""}]","[{""iso_3166_1"": ""ID"", ""name"": ""Indonesia""}]","[{""english_name"": ""Indonesian"", ""iso_639_1"": ""id"", ""name"": ""Bahasa indonesia""}]","[""ID""]",null
174845,Meth Head,Meth Head,"Gay Kyle Peoples never wanted to be the man he has become in his 30s, an accountant stuck in a dead end job, with a lover who is more successful than he and a family that doesn't get him at all. So when a night of partying leads to a new family of friends and fun, Kyle sees an opportunity for escape from reality. But Kyle's new friendship with Maia and Dusty and the trio's love of crystal meth eventually cost Kyle his job, his companion, his home and his family. Kyle's escape becomes his trap, the party is an illusion and the crystal is slowly killing him, physically and psychologically. When he finally bottoms out and is no longer the young man his father once boasted about with pride, Kyle must choose: life or meth.",,Released,False,False,2013-03-07,108,0,0,0.6156,4.3,15,en,http://www.themethheadmovie.com/,tt1709694,/uD698lf6mJlUdGq3drchkQso8ZT.jpg,/azhUkEwSrTh3usV0ZEaMVtuwn3m.jpg,"[{""id"": 18, ""name"": ""Drama""}]",[],"[{""iso_3166_1"": ""US"", ""name"": ""United States of America""}]","[{""english_name"": ""English"", ""iso_639_1"": ""en"", ""name"": ""English""}]","[""US""]",null
174859,Dios Sabe,Dios Sabe,"An earthquake devastates the town of Lorca, and its inhabitants observe with resignation as his world begins to disappear without being able to do anything about it. But life goes on, and all that is lost just before or after being replaced.",,Released,False,False,2013-03-08,0,0,0,0.1867,5.0,3,en,,tt5544792,/uvLAK3huciFMsPkwWcid1rer2SZ.jpg,,"[{""id"": 28, ""name"": ""Action""}]",[],"[{""iso_3166_1"": ""ES"", ""name"": ""Spain""}]","[{""english_name"": ""Spanish"", ""iso_639_1"": ""es"", ""name"": ""Espa\u00f1ol""}]","[""US""]",null
174860,Ride The High Iron,Ride The High Iron,"A recent war veteran accepts a job in public relations, but he becomes increasingly unhappy with his career choice. Originally filmed for TV but released theatrically.","""Sure I'll Keep Your Name Out of the Papers, Baby...For a Price...""",Released,False,False,1956-12-01,74,0,0,1.5695,0.0,0,en,,tt0049675,/s88z9wOZf4as038ztXhvseEj9Mt.jpg,/pQT3VRhayP9RVxnchUQAW1WmJ9H.jpg,"[{""id"": 18, ""name"": ""Drama""}]","[{""id"": 5, ""logo_path"": ""/71BqEFAF4V3qjjMPCpLuyJFB9A.png"", ""name"": ""Columbia Pictures"", ""origin_country"": ""US""}, {""id"": 8634, ""logo_path"": null, ""name"": ""Meridian Productions"", ""origin_country"": """"}]","[{""iso_3166_1"": ""US"", ""name"": ""United States of America""}]","[{""english_name"": ""English"", ""iso_639_1"": ""en"", ""name"": ""English""}]","[""US""]",null
174862,"Dormíamos, Despertamos","Dormíamos, Despertamos","Spurred by the contagious energy and vitality that generated the 15-M movement, a group of filmmakers decided to get down to work and that May 15, 2011 took to record much of what went on day and night in the Puerta del Sol and its environs, the spread to Sevilla, Barcelona and New York, with the aim of conveying to the viewer a small part of the excitement that caused this event.",,Released,False,False,2013-03-11,90,0,0,0.0071,0.0,0,en,,,,,[],[],"[{""iso_3166_1"": ""ES"", ""name"": ""Spain""}]","[{""english_name"": ""Spanish"", ""iso_639_1"": ""es"", ""name"": ""Espa\u00f1ol""}]","[""US""]",null
174863,Mi loco erasmus,Mi loco erasmus,"A comedy that walks on the field of non-fiction, focusing on the attempts of an artist (Dídac Alcaraz) to reflect the presence of foreign students in Barcelona. The film reflects the process of a creator who wants to fulfill his dream, complete your project, but to get away ever more of reality. The problem is he has no money, no one understands the film. Only a friend seems willing to help and accompany him on the inner journey that plunges Dídac as you progress in the process of completing his film.",,Released,False,False,2012-10-06,93,0,0,0.1171,5.857,7,en,,tt3384876,/iaRyZwmDEjzcfJuOeAANg8XQvjk.jpg,,[],[],[],"[{""english_name"": ""Spanish"", ""iso_639_1"": ""es"", ""name"": ""Espa\u00f1ol""}]","[""US""]",null
174866,Your Life for Perón,La vida por Perón,Delirious black comedy about a leftist group that tries to kidnap General Peron's corpse the day of his death.,,Released,False,False,2005-06-30,87,0,0,0.1258,3.3,3,es,,tt0410851,/uhd2FDjcGObr88NK0LOYK5uwVZP.jpg,,"[{""id"": 35, ""name"": ""Comedy""}, {""id"": 18, ""name"": ""Drama""}]",[],[],"[{""english_name"": ""Spanish"", ""iso_639_1"": ""es"", ""name"": ""Espa\u00f1ol""}]","[""ES""]",null
174870,Die Liebe der Maria Bonde,Die Liebe der Maria Bonde,"The old woman Bonde lives with three grown daughters. One of them, Gunne is engaged to Martin. Martin loves Maria, the second daughter....",,Released,False,False,1918-03-07,43,0,0,0.0592,0.0,0,de,,tt0443097,,,[],[],[],[],"[""DE""]",null
174868,The Good Sport,The Good Sport,"A man invents a device to make elevators stop even with the floor, and for this boon to mankind, he reaps riches and respect.",,Released,False,False,1918-04-23,13,0,0,0.0673,5.0,1,en,,tt0009125,,,"[{""id"": 35, ""name"": ""Comedy""}]",[],[],"[{""english_name"": ""No Language"", ""iso_639_1"": ""xx"", ""name"": ""No Language""}]","[""US""]",null
174861,Return to Hansala,Retorno a Hansala,A woman loses her brother in an illegal immigration attempt and must return his body to their homeland.,,Released,False,False,2008-09-10,95,0,0,0.4429,5.9,11,es,,tt1176942,/AomaFfCxApVECA2LEbMRcO18uAd.jpg,,"[{""id"": 18, ""name"": ""Drama""}, {""id"": 80, ""name"": ""Crime""}]",[],"[{""iso_3166_1"": ""ES"", ""name"": ""Spain""}]","[{""english_name"": ""Arabic"", ""iso_639_1"": ""ar"", ""name"": ""\u0627\u0644\u0639\u0631\u0628\u064a\u0629""}, {""english_name"": ""Spanish"", ""iso_639_1"": ""es"", ""name"": ""Espa\u00f1ol""}]","[""US""]",null
174865,Penelope,Penelope,"When Penelope gets married to banker James Elcott, she finds him too preoccupied with work to pay much attention to her, so she robs his bank in disguise. After she confesses to her psychiatrist, Greg Mannix, he offers to return the money for her, as he is secretly in love with her. However, he abandons the money when the police approach. Penelope becomes determined to admit to the crime, but neither James nor the police believe her story.",The world’s most beautiful bank-robber,Released,False,False,1966-11-10,98,4000000,0,1.8211,5.4,23,en,,tt0060818,/k95uACMjBx3iPANxfBi4pF0PhOs.jpg,/cN6iR0hNUmyMoTkY8Ihg40hYe1F.jpg,"[{""id"": 35, ""name"": ""Comedy""}, {""id"": 80, ""name"": ""Crime""}]","[{""id"": 21, ""logo_path"": ""/usUnaYV6hQnlVAXP6r4HwrlLFPG.png"", ""name"": ""Metro-Goldwyn-Mayer"", ""origin_country"": ""US""}]","[{""iso_3166_1"": ""US"", ""name"": ""United States of America""}]","[{""english_name"": ""English"", ""iso_639_1"": ""en"", ""name"": ""English""}]","[""US""]",null
174864,Senggol Bacok,Senggol Bacok,"When Galang tries to forget her fiance, fate brings him to Laras, a sweet girl who melts his heart. Unfortunately, Galang's temperament distanced himself from Laras. Not intentionally, Galang successfully beat up Lara's father who he suspected a criminal. Lara's father also had to be hospitalized because of good intentions of Galang who spread peanut butter.  Galang and Lara's love increasingly complicated by the presence of a new boarding house residents, Donny. Youth calm but this cunning, guile have a million in his brain to get the heart Laras. Strategy struggle of ""muscle"" versus ""brain"" between Galang and Donny grab attention of Laras who was unavoidable. Discos and aided by a motivator psychiatric first-class, Galang trying to control his emotions in order to win the battle against Donny",,Released,False,False,2010-11-04,98,0,0,0.0815,7.5,1,id,,tt1774561,/yYjiuJ1M9uqpr4A7R7s6hlTCryj.jpg,,"[{""id"": 35, ""name"": ""Comedy""}, {""id"": 10749, ""name"": ""Romance""}]","[{""id"": 16614, ""logo_path"": ""/1tubNNggNsJ3xNtNigXfEwWgrEa.png"", ""name"": ""MVP Pictures"", ""origin_country"": ""ID""}]","[{""iso_3166_1"": ""ID"", ""name"": ""Indonesia""}]","[{""english_name"": ""Indonesian"", ""iso_639_1"": ""id"", ""name"": ""Bahasa indonesia""}]","[""ID""]",null
174871,Uplotneniye,Уплотнение,"In the process of housing redistribution, a worker and his daughter are relocated from a damp basement to one of the rooms at a professor's spacious flat. Factory workers begin to visit and the number of guests grows and grows; the professor begins to hold widely attended lectures at the workers' club. Romance blossoms between the professor's youngest son and the worker's daughter, and the two decide to marry...",,Released,False,False,1918-11-06,56,0,0,0.2677,4.9,5,ru,,tt0009750,/qllUKz6pASlt5ZKfVEd840NF8Fb.jpg,,"[{""id"": 10749, ""name"": ""Romance""}, {""id"": 35, ""name"": ""Comedy""}, {""id"": 18, ""name"": ""Drama""}]","[{""id"": 242508, ""logo_path"": null, ""name"": ""Petrogradskiy kinokomitet"", ""origin_country"": ""RU""}]","[{""iso_3166_1"": ""RU"", ""name"": ""Russia""}]","[{""english_name"": ""No Language"", ""iso_639_1"": ""xx"", ""name"": ""No Language""}]","[""RU""]",null
174872,Return to Warbow,Return to Warbow,Three escaped prisoners return to the site of a robbery to find the stolen money that was never recovered. Western.,Here comes the west's deadliest outlaw...,Released,False,False,1958-01-15,67,0,0,1.0586,5.8,18,en,,tt0052132,/9sRAeIgR1h355jchT4UDGCCdJjp.jpg,/lwemWpx9Ih4Yd1d8GXIcek6Z7Uo.jpg,"[{""id"": 37, ""name"": ""Western""}]","[{""id"": 5, ""logo_path"": ""/71BqEFAF4V3qjjMPCpLuyJFB9A.png"", ""name"": ""Columbia Pictures"", ""origin_country"": ""US""}]","[{""iso_3166_1"": ""US"", ""name"": ""United States of America""}]","[{""english_name"": ""English"", ""iso_639_1"": ""en"", ""name"": ""English""}]","[""US""]",null
174874,Wanda's Trick,Wanda's Trick,"This is a film produced by and starring German comedienne Wanda Treumann, and co-written and co-directed by Rosa Porten. Rosa Porten made films in the 1910s together with her husband Franz Eckstein, using the pseudonym Dr. R. Portegg. According to contemporary press, they were known for their proficient direction. The film mixes comedy with romance and social drama. It focuses on the interrelations of gender and class and on a factory girls independent spirit, business competence, and sense of humour. The plot has a serious undertone, but both its comic twists and Treumanns guileless acting lend it a striking breeziness and a pro-lib edge.",,Released,False,False,1918-05-23,44,0,0,0.0538,5.0,1,de,,tt1521096,/wCXmmYPCkh7jeAdykeSpu2vuBgT.jpg,,"[{""id"": 35, ""name"": ""Comedy""}]","[{""id"": 51883, ""logo_path"": null, ""name"": ""Treumann-Larsen-Film-Vertriebs-GmbH"", ""origin_country"": """"}]",[],"[{""english_name"": ""No Language"", ""iso_639_1"": ""xx"", ""name"": ""No Language""}]","[""DE""]",null
174873,The Last Tango,Последнее танго,The film is based on the words of a song performed by Iza Kremer in Odessa.,,Released,False,False,1918-05-30,10,0,0,0.3386,0.0,0,ru,,tt0795965,/rD2KaUhi7ZwYvkskRfMGbCzyFnY.jpg,,"[{""id"": 18, ""name"": ""Drama""}, {""id"": 10749, ""name"": ""Romance""}]","[{""id"": 171671, ""logo_path"": null, ""name"": ""D. \u0406. Kharitonov"", ""origin_country"": ""RU""}]","[{""iso_3166_1"": ""RU"", ""name"": ""Russia""}]","[{""english_name"": ""No Language"", ""iso_639_1"": ""xx"", ""name"": ""No Language""}]","[""RU""]",null
174875,Fred's Fictitious Foundling,Fred's Fictitious Foundling,FRED'S FICTITIOUS FOUNDLING is part of a series of comedies produced and directed by Josh Binney and were made for the Florida Film Corporation at the Klutho Studios in Jacksonville.,,Released,False,False,1918-06-07,12,0,0,0.139,0.0,0,en,,tt0274391,/jjtSOHaKDwDi7nSLvqkdUmR3hSl.jpg,,"[{""id"": 35, ""name"": ""Comedy""}]",[],[],"[{""english_name"": ""English"", ""iso_639_1"": ""en"", ""name"": ""English""}]","[""US""]",null
174878,Pour résister à la tuberculose,Pour résister à la tuberculose,"3 cartoons were made in 1918 by O'Galop, the designer of Bibendum Michelin, to warn the post-war population of the ravaging effects of alcohol and tuberculosis. This public health campaign seems far removed from our present-day concerns. Over time it has acquired a different dimension.",,Released,False,False,1918-03-07,2,0,0,0.1045,5.5,2,fr,,tt1065481,,,"[{""id"": 16, ""name"": ""Animation""}]",[],"[{""iso_3166_1"": ""FR"", ""name"": ""France""}]","[{""english_name"": ""No Language"", ""iso_639_1"": ""xx"", ""name"": ""No Language""}]","[""FR""]",null
174876,Beautiful Japan,Beautiful Japan,"Benjamin Brodsky takes a 5800 mile trip through Japan in 1918, filming people and places.",,Released,False,False,1918-03-07,133,0,0,0.0071,6.0,2,xx,,tt0299510,/sKU9HhVS89wMG6bZai02SIJjzbo.jpg,,"[{""id"": 99, ""name"": ""Documentary""}]",[],"[{""iso_3166_1"": ""JP"", ""name"": ""Japan""}, {""iso_3166_1"": ""US"", ""name"": ""United States of America""}]","[{""english_name"": ""No Language"", ""iso_639_1"": ""xx"", ""name"": ""No Language""}]","[""JP"", ""US""]",null
174877,Gundello Godari,గుండెల్లో గోదారి,"The story of the film is loosely based on a novel named 'Godavari Kathalu', written by BVS Rama Rao. The film is set in 1986, in Bangarappeta village near Rajahmundry. Malli (Aadhi) and Chitra (Lakshmi Manchu) is a newlywed couple who are forced to battle it out against a devastating flood of the River Godavari. They lose all hope of survival, so they decide to narrate the darkest moments of their lives to each other after they find a support to rest on.",,Released,False,False,2013-03-08,131,0,0,0.8396,4.0,4,te,,tt2327170,/ezVcI9wSP7QA1jhqS7atLkFZJcT.jpg,/d7POF5S9fFCEMZJmf7ORAZF8hiU.jpg,"[{""id"": 18, ""name"": ""Drama""}]","[{""id"": 14339, ""logo_path"": null, ""name"": ""Manchu Entertainment"", ""origin_country"": ""IN""}]","[{""iso_3166_1"": ""IN"", ""name"": ""India""}]","[{""english_name"": ""Tamil"", ""iso_639_1"": ""ta"", ""name"": ""\u0ba4\u0bae\u0bbf\u0bb4\u0bcd""}, {""english_name"": ""Telugu"", ""iso_639_1"": ""te"", ""name"": ""\u0c24\u0c46\u0c32\u0c41\u0c17\u0c41""}]","[""IN""]",null
174879,Bears and Bad Men,Bears and Bad Men,Bears and Bad Men is a 1918 silent comedy film directed by Larry Semon[1] and featuring Stan Laurel.,,Released,False,False,1918-10-07,19,0,0,0.6203,5.1,4,xx,,tt0008866,/l1aNTbhSLQ13QtQvMt8a9fKsaak.jpg,,"[{""id"": 35, ""name"": ""Comedy""}]","[{""id"": 15634, ""logo_path"": null, ""name"": ""Vitagraph Company of America"", ""origin_country"": ""US""}]","[{""iso_3166_1"": ""US"", ""name"": ""United States of America""}]","[{""english_name"": ""No Language"", ""iso_639_1"": ""xx"", ""name"": ""No Language""}]","[""US""]",null
174882,Paradise for the Lazy,Den Dovnes Himmerige,"A lazy , bibulous tramp is admitted to the hospital by mistake. Even though he is forced to obey new rules like showering and drinking milk instead of alcohol, life in the hospital is like a dream. He is fed every day and cared for by beautiful nurses. The only problem: He isn't really ill. When he is finally dicharged, his only goal is to get back into the white paradise. (stumfilm.dk)",,Released,False,False,1918-08-17,24,0,0,0.0648,4.5,2,da,,tt2634378,/98jAu175v2ILMlWPxBLEZ7xqBcU.jpg,,"[{""id"": 35, ""name"": ""Comedy""}]","[{""id"": 147468, ""logo_path"": null, ""name"": ""Dania Biofilm Kompagni"", ""origin_country"": ""DK""}]","[{""iso_3166_1"": ""DK"", ""name"": ""Denmark""}]","[{""english_name"": ""No Language"", ""iso_639_1"": ""xx"", ""name"": ""No Language""}]","[""DK""]",null
174883,Romans and Rascals,Romans and Rascals,"The Roman setting provides ample opportunity for a very high concentration of gag titles, many of which are quite witty and many of which are quaint for deriving their humor from the juxtaposition of having ancient Romans use a lot of hip 1918-era slang. The whole thing is an excuse for a good send-up of how the Roman Empire has been depicted in ""serious"" plays, movies, &amp;c.",,Released,False,False,1918-05-27,9,0,0,0.4987,4.5,2,en,,,,,"[{""id"": 35, ""name"": ""Comedy""}]","[{""id"": 15634, ""logo_path"": null, ""name"": ""Vitagraph Company of America"", ""origin_country"": ""US""}]","[{""iso_3166_1"": ""US"", ""name"": ""United States of America""}]",[],"[""US""]",null
174881,Fireman Save My Child,Fireman Save My Child,"In this popular two reeler where Harold runs to the rescue of a woman on a fire engine, he is seen hanging on the moving vehicle by the released water hose that forces him closer to the ground.",,Released,False,False,1918-05-25,11,0,0,0.2286,5.5,4,en,,tt0009071,/pN3hitS8I11LUmpq0oW1gnt2iye.jpg,/ymrtUOVz8sFAhL16C5GWAh5ctOq.jpg,"[{""id"": 35, ""name"": ""Comedy""}]","[{""id"": 18789, ""logo_path"": null, ""name"": ""Rolin Films"", ""origin_country"": ""US""}]","[{""iso_3166_1"": ""US"", ""name"": ""United States of America""}]","[{""english_name"": ""No Language"", ""iso_639_1"": ""xx"", ""name"": ""No Language""}]","[""US""]",null
174884,Frauds and Frenzies,Frauds and Frenzies,"The story is of two convicts always trying to escape, until one day when they actually manage to. They meet up with a girl and become rivals for her charms.",,Released,False,False,1918-11-17,21,0,0,0.2597,5.8,7,xx,,tt0009088,/1QXvVOX7yNkWkNx7oC72draXnf2.jpg,,[],[],"[{""iso_3166_1"": ""US"", ""name"": ""United States of America""}]","[{""english_name"": ""No Language"", ""iso_639_1"": ""xx"", ""name"": ""No Language""}]","[""US""]",null
174885,Huns and Hyphens,Huns and Hyphens,"This film represents one of Larry Semon's pro-war films. He is a clumsy guy working in a restaurant and oddly, everyone who works in the place as well as many of the customers are Kaiser-loving spies. Why they would be headquartered in a restaurant in California, I have no idea! Regardless, their aim is to steal some plans from some old guy and his daughter. When Semon finds out, he comes to the rescue.",,Released,False,False,1918-09-22,20,0,0,0.1295,5.9,6,xx,,tt0009214,/x96eFT890SdBtp0APYTukyw9y68.jpg,,[],[],[],"[{""english_name"": ""No Language"", ""iso_639_1"": ""xx"", ""name"": ""No Language""}]","[""US""]",null
174886,Dunces and Dangers,Dunces and Dangers,"Larry and his wife are desperately poor—with no food. However, the butcher and grocer show up to collect money they are owed and they won't take no for an answer. They are ready to take anything and everything and eventually chase the pair up onto the room—where various stunts occur.",,Released,False,False,1918-08-04,10,0,0,0.1897,4.5,3,en,,tt0268254,/os5jSjQuE4hd0StNzxzvojlCof4.jpg,,"[{""id"": 35, ""name"": ""Comedy""}]","[{""id"": 15634, ""logo_path"": null, ""name"": ""Vitagraph Company of America"", ""origin_country"": ""US""}]","[{""iso_3166_1"": ""US"", ""name"": ""United States of America""}]","[{""english_name"": ""No Language"", ""iso_639_1"": ""xx"", ""name"": ""No Language""}]","[""US""]",null
174890,Cannabis: The Evil Weed?,Cannabis: The Evil Weed?,"Cannabis is the world's favourite drug, but also one of the least understood. Can cannabis cause schizophrenia? Is it addictive? Can it lead you on to harder drugs? Or is it simply a herb, an undervalued medicine?  Addiction specialist Dr John Marsden discovers that modern science is finally beginning to find answers to these questions. John traces the cannabis plants' birthplace in Kazakhstan; finds the origins of our sensitivity to cannabis in the simple sea squirt; and shows just what it does to our brains.  He meets people who have been changed by this drug in drastically different ways - from those whose lives have been shattered to those who lives have been revived.",,Released,False,False,2009-10-06,59,0,0,0.0261,6.6,4,en,http://www.bbc.co.uk/programmes/b00hhmd1,tt1387875,/noQEl0zjbav9w1PvQZFGEOwNqYy.jpg,/3jrzsTMPJnp1pWYd3RNUWAWnO34.jpg,"[{""id"": 99, ""name"": ""Documentary""}]",[],[],"[{""english_name"": ""German"", ""iso_639_1"": ""de"", ""name"": ""Deutsch""}]","[""US""]",null
174888,Die Sühne,Die Sühne,A silent German film directed by Austrian director Emmerich Hanus with Martha Novelly and Kurt Vespermann in the leads.,,Released,False,False,1918-02-07,67,0,0,0.321,0.0,0,de,,tt0443253,,,"[{""id"": 18, ""name"": ""Drama""}]",[],"[{""iso_3166_1"": ""DE"", ""name"": ""Germany""}]",[],"[""DE""]",null
174887,Der ewige Zweifel,Der ewige Zweifel,Woman doesn't let the man know whether he is the father of the child.,,Released,False,False,1918-03-07,41,0,0,0.2026,5.0,1,de,,tt0206727,/uePG4jIH729WCXaWLvNnFzIqqDJ.jpg,,[],"[{""id"": 4853, ""logo_path"": null, ""name"": ""Richard Oswald Produktion"", ""origin_country"": ""DE""}]","[{""iso_3166_1"": ""DE"", ""name"": ""Germany""}]",[],"[""DE""]",null
174892,Drifters,Drifters,A silent film by John Grierson. It tells the story of Britain's North Sea herring fishery.,,Released,False,False,1929-11-10,49,0,0,0.3286,5.9,16,en,,tt0019838,/vjElGoDSItuGuYcRKTyMfu4v5u6.jpg,/kLCic8Yyxusl7xSubFO0PMnCeFz.jpg,"[{""id"": 99, ""name"": ""Documentary""}]","[{""id"": 23226, ""logo_path"": null, ""name"": ""Empire Marketing Board"", ""origin_country"": ""GB""}]","[{""iso_3166_1"": ""GB"", ""name"": ""United Kingdom""}]","[{""english_name"": ""No Language"", ""iso_639_1"": ""xx"", ""name"": ""No Language""}]","[""GB""]",null
174893,Bright and Early,Bright and Early,Billy West as does fairly random series of gags as a bellboy in a rather poor hotel run by Oliver Hardy.,,Released,False,False,1918-05-14,18,0,0,0.4742,4.6,4,xx,,tt0003699,/63DIStqSIyQXw3vNuJvk2MdLUdC.jpg,,"[{""id"": 35, ""name"": ""Comedy""}]","[{""id"": 91633, ""logo_path"": null, ""name"": ""King Bee Studios"", ""origin_country"": ""US""}]","[{""iso_3166_1"": ""US"", ""name"": ""United States of America""}]","[{""english_name"": ""No Language"", ""iso_639_1"": ""xx"", ""name"": ""No Language""}]","[""US""]",null
174894,Bobby Bumps Puts a Beanery on the Bum,Bobby Bumps Puts a Beanery on the Bum,A little boy and his beloved puppy find themselves in and out of mischief.,,Released,False,False,1918-12-03,5,0,0,0.0751,5.0,2,en,,tt0008899,/rotiFj8wxIbeKNZrr4R2dkDMNxB.jpg,,"[{""id"": 16, ""name"": ""Animation""}]","[{""id"": 34878, ""logo_path"": null, ""name"": ""J.R. Bray Studios"", ""origin_country"": """"}]",[],"[{""english_name"": ""No Language"", ""iso_639_1"": ""xx"", ""name"": ""No Language""}]","[""US""]","{""id"": 603675, ""name"": ""Bobby Bumps"", ""poster_path"": null, ""backdrop_path"": null}"
174895,"Be Silent, My Sorrow, Be Silent","Молчи, грусть... молчи","Paula is a circus performer married to the alcoholic clown-acrobat Lorio. Lorio's heavy drinking leads to him being severely injured during a performance. This forces Paula and the now-crippled Lorio to become street musicians. This film formerly ran to 81 minutes – regrettably, the second half is considered lost.",,Released,False,False,1918-05-14,45,0,0,0.448,5.8,9,ru,,tt0497639,/fXwyj5fZbArvQ88r0yYc2EyDij2.jpg,,"[{""id"": 18, ""name"": ""Drama""}, {""id"": 10749, ""name"": ""Romance""}]","[{""id"": 171671, ""logo_path"": null, ""name"": ""D. \u0406. Kharitonov"", ""origin_country"": ""RU""}]","[{""iso_3166_1"": ""RU"", ""name"": ""Russia""}]","[{""english_name"": ""No Language"", ""iso_639_1"": ""xx"", ""name"": ""No Language""}]","[""RU""]",null
174896,Willy Reilly and His Colleen Bawn,Willy Reilly and His Colleen Bawn,An Irish Romeo and Juliet set in 18th Century during the Penal Laws. Ends with the marriage of a Catholic aristocrat and the daughter of Protestant Squire.,,Released,False,False,1918-12-07,90,0,0,0.1402,4.5,2,en,,tt0331084,,,"[{""id"": 10749, ""name"": ""Romance""}, {""id"": 18, ""name"": ""Drama""}]","[{""id"": 92494, ""logo_path"": null, ""name"": ""Film Company of Ireland"", ""origin_country"": ""IE""}]","[{""iso_3166_1"": ""IE"", ""name"": ""Ireland""}, {""iso_3166_1"": ""GB"", ""name"": ""United Kingdom""}]","[{""english_name"": ""No Language"", ""iso_639_1"": ""xx"", ""name"": ""No Language""}]","[""IE""]",null
174899,100% American,100% American,"A girl wants to go to a ball, admission one Liberty Bond, but rather than go herself, she loans the bond to a girlfriend. A soldier and a sailor find out and take her to the ball with them.",,Released,False,False,1918-10-04,14,0,0,0.2093,5.5,2,en,,tt0180886,/utiu5yuShiD11yE1QrrrUhQH6aN.jpg,,"[{""id"": 35, ""name"": ""Comedy""}]","[{""id"": 80162, ""logo_path"": null, ""name"": ""Liberty Loan Committee"", ""origin_country"": ""US""}, {""id"": 29729, ""logo_path"": null, ""name"": ""Famous Players-Lasky Corporation"", ""origin_country"": ""US""}]",[],[],"[""US""]",null
174898,Policy and Pie,Policy and Pie,"After the Captain finds the black cat under his hat on the floor after the hat moved, he hits the cat with a brush at the exact time Mama's flour in her pie hits her and makes her white!",,Released,False,False,1918-02-02,7,0,0,0.0434,4.3,3,en,,tt0245364,/78M7QTDPp6VV223ZU1w8Yiyummm.jpg,,"[{""id"": 16, ""name"": ""Animation""}]",[],"[{""iso_3166_1"": ""US"", ""name"": ""United States of America""}]",[],"[""US""]",null
174900,Carnevalesca,Carnevalesca,"Carnevalesca with the beautiful Lydia Borelli is divided into four parts: white carnival - innocent and pure childhood, blue carnival - love and youth, red carnival - violent and destructive passion, black carnival - death and madness.",,Released,False,False,1918-01-07,70,0,0,0.1998,5.9,7,it,,tt0161378,/sVXNjccVB7j1QQGa1icSXHu2hx0.jpg,,"[{""id"": 18, ""name"": ""Drama""}, {""id"": 10749, ""name"": ""Romance""}]",[],"[{""iso_3166_1"": ""IT"", ""name"": ""Italy""}]","[{""english_name"": ""No Language"", ""iso_639_1"": ""xx"", ""name"": ""No Language""}]","[""IT""]",null
174904,The Rogue,The Rogue,"'The Rogue' casts West as the slavey in a boarding-house (not a very Chaplinesque role) overseen by a landlady who seems to be a cross between Alice Davenport and Marie Dressler, with a dash of Hattie Jacques. He crosses paths with a counterfeit count (White) and a stolen violin worth $20,000.",,Released,False,False,1918-02-14,0,0,0,0.1922,4.1,4,xx,,tt0009558,/2J1RHsJ4RVTCQwNEcWp6DPyoOEB.jpg,/mgNx3ER9EiqXWgINujd9e7RC8hb.jpg,"[{""id"": 80, ""name"": ""Crime""}, {""id"": 35, ""name"": ""Comedy""}]",[],"[{""iso_3166_1"": ""US"", ""name"": ""United States of America""}]","[{""english_name"": ""No Language"", ""iso_639_1"": ""xx"", ""name"": ""No Language""}]","[""US""]",null
174905,The Young Lady and the Hooligan,Барышня и хулиган,"A young woman arrives in her school where she must teach for the first time. Her task consists in teaching a class of adults to read and write. All her students are male, ranging from boys to old men, and they are rather rowdy and difficult. All the more as a young hooligan dares write her on a test paper that he loves her. Feeling harassed by the young man, she is defended by other students. But she more or less feels the young bad boy's love is true and when this one is lying on his dying bed, after being stabbed by the other students, she solaces him by kissing him tenderly.",,Released,False,False,1918-05-01,44,0,0,0.3906,6.4,9,ru,,tt0218831,/x2doZtSC5YeRIs0Jvog0fWSxmyt.jpg,/dvepwItNBpDo0OTQvap43ca92ey.jpg,"[{""id"": 18, ""name"": ""Drama""}, {""id"": 10749, ""name"": ""Romance""}]","[{""id"": 241756, ""logo_path"": null, ""name"": ""AO \""Neptun\"""", ""origin_country"": ""RU""}]","[{""iso_3166_1"": ""RU"", ""name"": ""Russia""}]","[{""english_name"": ""Russian"", ""iso_639_1"": ""ru"", ""name"": ""P\u0443\u0441\u0441\u043a\u0438\u0439""}]","[""RU""]",null
174906,A Society Sensation,A Society Sensation,"A wealthy society playboy falls in love with the daughter of a poor fisherman. After Valentino shot to fame, A Society Sensation was cut down to a meek 24 minutes so the lead would be in every scene. Title cards tried to make up for the lost scenes.",,Released,False,False,1918-09-22,25,0,0,0.5207,5.8,4,en,,tt0009629,/86wVM59PWGEyGf1MwLk8ujIl9YT.jpg,/i0dHPWUk7fVPrcbJDWykLrxX7hw.jpg,"[{""id"": 18, ""name"": ""Drama""}, {""id"": 35, ""name"": ""Comedy""}]","[{""id"": 13133, ""logo_path"": null, ""name"": ""Universal Film Manufacturing Company"", ""origin_country"": ""US""}, {""id"": 88999, ""logo_path"": null, ""name"": ""Bluebird Photoplays"", ""origin_country"": ""US""}]","[{""iso_3166_1"": ""US"", ""name"": ""United States of America""}]","[{""english_name"": ""No Language"", ""iso_639_1"": ""xx"", ""name"": ""No Language""}]","[""US""]",null
174907,Bud's Recruit,Bud's Recruit,"This WWI home-front comedy is the earliest surviving film of King Vidor, who would later go on to make such classics as The Big Parade and The Crowd. A two-reeler, it's a propaganda comedy involving a little boy who can't wait to go fight against the Kaiser, and who sets an unrelentingly patriotic (and militaristic) example for his draft-age, feminized brother and peace-lovin' mother.",,Released,False,False,1918-01-18,26,0,0,0.1228,4.9,4,xx,,tt0421867,/uEfCLWJioxaMhBGghk1932sijY2.jpg,,"[{""id"": 35, ""name"": ""Comedy""}, {""id"": 18, ""name"": ""Drama""}]","[{""id"": 104036, ""logo_path"": null, ""name"": ""Boy City Film"", ""origin_country"": """"}]","[{""iso_3166_1"": ""US"", ""name"": ""United States of America""}]","[{""english_name"": ""English"", ""iso_639_1"": ""en"", ""name"": ""English""}, {""english_name"": ""No Language"", ""iso_639_1"": ""xx"", ""name"": ""No Language""}]","[""US""]",null
174909,Shifting Sands,Shifting Sands,"Marcia Grey is wrongly convicted on trumped-up evidence of a German. After serving her term, she rebuilds her life and marries well.",,Released,False,False,1918-08-01,60,0,0,0.2622,5.8,10,en,,tt0009608,/ey1M7ZqGy2twUrI9ucjtlzq9Wmo.jpg,/rMuFUbK1G0mM40dXqMNrrDPNV1E.jpg,[],[],[],[],"[""US""]",null
174913,Hey There,Hey There,"In this early short Harold Lloyd sneaks into a movie studio in order to locate an attractive young lady he's just met at a snack bar. He's retrieved a letter she dropped and wants to return it to her, but it's pretty clear that his interest extends beyond mere politeness. (She's the adorable young Bebe Daniels, so this is easy to understand.) The movie studio setting provides Harold with lots of opportunities to do what comedians do in comedies like this one: flirt with actresses, anger the studio brass, and dash through sets disrupting everything.",,Released,False,False,1918-04-28,10,0,0,0.5907,6.8,8,en,,tt0009171,/xORrmdEAPA8xsgyEzFkR17lflQO.jpg,/6iXL9Ja0eH6LCVQPr3XX07TsuQj.jpg,"[{""id"": 35, ""name"": ""Comedy""}]","[{""id"": 18789, ""logo_path"": null, ""name"": ""Rolin Films"", ""origin_country"": ""US""}]","[{""iso_3166_1"": ""US"", ""name"": ""United States of America""}]","[{""english_name"": ""No Language"", ""iso_639_1"": ""xx"", ""name"": ""No Language""}]","[""US""]",null
174911,The Adventures of Nickel-Feet,Les aventures des Pieds-Nickelés,"Émile Cohl produced independently an animated series titled ""Les Aventures des Pieds Nickelés"". There were four series of these produced, all released between 1917 and 1918.",,Released,False,False,1918-03-07,21,0,0,0.0214,5.3,3,xx,,tt0200957,/fOlJReJVGCLWoOXwrzbdp2a4tcd.jpg,,"[{""id"": 16, ""name"": ""Animation""}]","[{""id"": 24092, ""logo_path"": null, ""name"": ""Soci\u00e9t\u00e9 Fran\u00e7aise des Films \u00c9clair"", ""origin_country"": ""FR""}]","[{""iso_3166_1"": ""FR"", ""name"": ""France""}]",[],"[""FR""]",null
174915,Why Pick on Me?,Why Pick on Me?,A trip to the beach is the location for this 1918 Comedy short.,,Released,False,False,1918-10-12,11,0,0,0.5269,5.0,1,en,,tt0009806,/eQ45uLwzKeqHIpwDlyrQQroAkjF.jpg,/hshOdArakHt63ESKfHsCmfS1yqg.jpg,"[{""id"": 35, ""name"": ""Comedy""}]","[{""id"": 18789, ""logo_path"": null, ""name"": ""Rolin Films"", ""origin_country"": ""US""}]","[{""iso_3166_1"": ""US"", ""name"": ""United States of America""}]","[{""english_name"": ""No Language"", ""iso_639_1"": ""xx"", ""name"": ""No Language""}]","[""US""]",null
174914,Just One Summer,Just One Summer,"a 2012 Filipino romance-drama film directed by Mac Alejandre, starring one of the hottest Kapuso loveteams in the generation Julie Anne San Jose and Elmo Magalona.",the first JuliElmo film.,Released,False,False,2012-08-15,105,0,0,0.365,5.0,2,tl,,tt2337164,/o8R2WyycZ2ok5DCoNnoHBR0ahfz.jpg,/qU1jnrwEdqV2tzLcTkyTTuzYAXu.jpg,"[{""id"": 10749, ""name"": ""Romance""}, {""id"": 35, ""name"": ""Comedy""}]","[{""id"": 8237, ""logo_path"": ""/8GxGenlMmEDS1Z6vmZA5PDqA3p6.png"", ""name"": ""GMA Pictures"", ""origin_country"": ""PH""}]","[{""iso_3166_1"": ""PH"", ""name"": ""Philippines""}]","[{""english_name"": ""English"", ""iso_639_1"": ""en"", ""name"": ""English""}, {""english_name"": ""Tagalog"", ""iso_639_1"": ""tl"", ""name"": """"}]","[""PH""]",null
174917,Johanna Enlists,Johanna Enlists,"A young girl, stifling on her father's backwoods farm, is reinvigorated by the arrival of an army regiment, come to train in the area.",,Released,False,False,1918-09-14,64,0,0,0.3428,5.8,8,en,,tt0009241,/rtXD2igEQeiO0rcVTyTVCLCWbgS.jpg,/8DPKMbpn8wLAwhPtcWH1KedTIMn.jpg,"[{""id"": 35, ""name"": ""Comedy""}, {""id"": 10749, ""name"": ""Romance""}]","[{""id"": 21540, ""logo_path"": null, ""name"": ""Mary Pickford Company"", ""origin_country"": """"}]","[{""iso_3166_1"": ""US"", ""name"": ""United States of America""}]","[{""english_name"": ""No Language"", ""iso_639_1"": ""xx"", ""name"": ""No Language""}]","[""US""]",null
174916,The Yellow Ticket,Der gelbe Schein,"""The Yellow Ticket"" (aka ""The Devil's Pawn"") was directed by Vicor Janson and Eugen Illes as a German project shot partially in Warsaw. A story of a Jewish girl forced to hide her identity in order to attend medical school in St. Petersburg, the movie is a melodrama of multiple oppression. Lea, as played by Negri, is at a disadvantage as a woman, an orphan and a Jew -- and yet has immense persistence and an insatiable ambition of becoming a doctor. The film includes more than one plot twist (the final one further complicating the issue of Lea's identity), but it's first and foremost a testimony to a spirit impossible to suppress.",,Released,False,False,1918-11-21,58,0,0,0.2544,5.6,5,de,,tt0157534,/5uYzqspXz0VFlMWGyIU7DuWGSfc.jpg,/8msbRT4VrxyGUtFbUIrdbZ1ihJf.jpg,"[{""id"": 18, ""name"": ""Drama""}]","[{""id"": 12950, ""logo_path"": null, ""name"": ""Projektions-AG Union"", ""origin_country"": ""DE""}]","[{""iso_3166_1"": ""DE"", ""name"": ""Germany""}]","[{""english_name"": ""German"", ""iso_639_1"": ""de"", ""name"": ""Deutsch""}]","[""DE""]",null
174921,The Unbeliever,The Unbeliever,"A wealthy young American, bred to class distinction and racial intolerance, enters the Marines during the First World War. In the course of his training and his experiences in the trenches fighting, being wounded by, and being hospitalized with Germans, he comes to a recognition of the equality and brotherhood of men.",,Released,False,False,1918-02-15,80,0,0,0.424,6.1,5,xx,,tt0009737,/qspL5mkq0imLEjZDH98Nu5v0XFS.jpg,/zXfCOXDD6C759YPbjoEHA6bcA0P.jpg,"[{""id"": 10752, ""name"": ""War""}, {""id"": 18, ""name"": ""Drama""}]","[{""id"": 58521, ""logo_path"": null, ""name"": ""Perfection Pictures"", ""origin_country"": """"}, {""id"": 18758, ""logo_path"": ""/fe3cMUJLhbkTM9PDxdDA8hQpAxp.png"", ""name"": ""Edison Studios"", ""origin_country"": ""US""}]","[{""iso_3166_1"": ""US"", ""name"": ""United States of America""}]","[{""english_name"": ""No Language"", ""iso_639_1"": ""xx"", ""name"": ""No Language""}]","[""US""]",null
174919,M'Liss,M'Liss,"M'liss, a feisty young girl in a mining camp, falls for Charles Gray, the school teacher. Charles is implicated in a murder of which he is innocent, and the two must fight to save him from a lynching.",The School Master begins to like M'Liss.,Released,False,False,1918-05-05,73,0,0,0.6656,5.7,7,en,,tt0009326,/nRSRud2qFFEVoMHIMwEyDa5UBy3.jpg,/1PZjjklwD4cT4nA9isN4Kq2XxrF.jpg,"[{""id"": 9648, ""name"": ""Mystery""}, {""id"": 18, ""name"": ""Drama""}, {""id"": 35, ""name"": ""Comedy""}]","[{""id"": 21540, ""logo_path"": null, ""name"": ""Mary Pickford Company"", ""origin_country"": """"}]","[{""iso_3166_1"": ""US"", ""name"": ""United States of America""}]","[{""english_name"": ""No Language"", ""iso_639_1"": ""xx"", ""name"": ""No Language""}]","[""US""]",null
174924,Hearts of the World,Hearts of the World,"A group of youngsters grow up and love in a peaceful French village. But war intrudes and peace is shattered. The German army invades and occupies village, bringing both destruction and torture. The young people of the village resist, some successfully, others tragically, until French troops retake the town.",A ROMANCE OF THE GREAT WAR,Released,False,False,1918-03-11,117,0,0,0.5876,6.0,22,en,,tt0009150,/9M2qEZ9iOIDrViVK9bEEwQE7Jk7.jpg,/cKdZEqhUeKeFBeEl1tQnhXluTmt.jpg,"[{""id"": 18, ""name"": ""Drama""}, {""id"": 10752, ""name"": ""War""}]","[{""id"": 72774, ""logo_path"": null, ""name"": ""War Office Committee"", ""origin_country"": """"}, {""id"": 4759, ""logo_path"": null, ""name"": ""D.W. Griffith Productions"", ""origin_country"": ""US""}, {""id"": 29729, ""logo_path"": null, ""name"": ""Famous Players-Lasky Corporation"", ""origin_country"": ""US""}]","[{""iso_3166_1"": ""US"", ""name"": ""United States of America""}]","[{""english_name"": ""No Language"", ""iso_639_1"": ""xx"", ""name"": ""No Language""}]","[""US""]",null
174925,Old Wives for New,Old Wives for New,"Charles Murdock neglects his fat and lazy wife for another woman; When his other love interest becomes involved in a murder, he leaves for Paris.","IT TAKES THE FOUR WALLS OFF MARRIED LIFE AND PART OF THE CEILING,TOO.",Released,False,False,1918-05-18,72,0,0,1.4104,6.5,8,en,,tt0009440,/wpzsAGxA77kelIODOJdTKGn57El.jpg,/iI5giiQVN6yKlth7ObtMKsGRxcQ.jpg,"[{""id"": 18, ""name"": ""Drama""}, {""id"": 35, ""name"": ""Comedy""}]","[{""id"": 13400, ""logo_path"": null, ""name"": ""Artcraft Pictures Corporation"", ""origin_country"": ""US""}]","[{""iso_3166_1"": ""US"", ""name"": ""United States of America""}]","[{""english_name"": ""No Language"", ""iso_639_1"": ""xx"", ""name"": ""No Language""}]","[""US""]",null
174928,Carmen,Carmen,"The tragic story of Don Jose, a Spanish cavalryman, who falls under the spell of a gypsy girl, Carmen, who treats him with both love and contempt and leads him into temptation and thus damnation.",,Released,False,False,1918-12-20,94,0,0,0.5486,5.6,17,de,,tt0008950,/b6rtwpcB1kPmYZVrTBOLiJ4h4lq.jpg,/tckZMATrdOx9DPa2OoZlSM1mZ9f.jpg,"[{""id"": 18, ""name"": ""Drama""}]","[{""id"": 12950, ""logo_path"": null, ""name"": ""Projektions-AG Union"", ""origin_country"": ""DE""}]","[{""iso_3166_1"": ""DE"", ""name"": ""Germany""}]","[{""english_name"": ""No Language"", ""iso_639_1"": ""xx"", ""name"": ""No Language""}]","[""DE""]",null
174930,All Night,All Night,A married society couple (Dorian and Warren) persuade an unmarried pair (Valentino and Myers) to take their places at a party while they pretend to be the servants.,,Released,False,False,1918-11-29,58,0,0,0.5734,5.1,5,en,,tt0008822,/r3Bp2Oe9dFqe1Zjm6lavMNhBXqQ.jpg,/mC0G8wmKuX5c8FosOV1yrCACxPb.jpg,"[{""id"": 18, ""name"": ""Drama""}, {""id"": 35, ""name"": ""Comedy""}]","[{""id"": 13133, ""logo_path"": null, ""name"": ""Universal Film Manufacturing Company"", ""origin_country"": ""US""}, {""id"": 88999, ""logo_path"": null, ""name"": ""Bluebird Photoplays"", ""origin_country"": ""US""}]","[{""iso_3166_1"": ""US"", ""name"": ""United States of America""}]","[{""english_name"": ""No Language"", ""iso_639_1"": ""xx"", ""name"": ""No Language""}]","[""US""]",null
174932,The Forbidden City,The Forbidden City,"The daughter of a Chinese mandarin is sentenced to death for her secret marriage to an American. Their child, raised in the mandarin's palace, grows up and escapes to seek her father, now a high-ranking official in the Philippines.",,Released,False,False,1918-10-06,63,0,0,0.5215,5.7,9,en,,tt0009086,/sQLnopsF9XhZIB0arNCd4pVYDEs.jpg,/bgYaCRVRIbbhQsciHt1eRpvoHQn.jpg,"[{""id"": 10749, ""name"": ""Romance""}, {""id"": 18, ""name"": ""Drama""}]","[{""id"": 9032, ""logo_path"": null, ""name"": ""Norma Talmadge Film Corporation"", ""origin_country"": """"}]","[{""iso_3166_1"": ""US"", ""name"": ""United States of America""}]","[{""english_name"": ""No Language"", ""iso_639_1"": ""xx"", ""name"": ""No Language""}]","[""US""]",null
174933,Maxïmo Park: Monument,Maxïmo Park: Monument,Live at Newcastle Arena.,,Released,False,False,2009-05-10,68,0,0,0.0,8.0,1,en,,,,,[],[],[],[],"[""US""]",null
174937,The Ultimate Fighter 6 Finale,The Ultimate Fighter 6 Finale,"The Ultimate Fighter 6 Finale was a mixed martial arts event held by the Ultimate Fighting Championship on December 8, 2007. Featured were the finals from The Ultimate Fighter: Team Hughes vs Team Serra in the Welterweight division as well as a main event between Roger Huerta and Clay Guida.",,Released,False,True,2007-12-08,0,0,0,0.0693,0.0,0,en,,,,,[],[],[],[],"[""US""]",null
174938,Yellow Elephant,きいろいゾウ,"Married couple Aiko Tsumari and Ayumu Muko live a happy and peaceful life. Aiko is bit naive, while Ayumu works as a not so popular novelist. One day, a letter arrives for Ayumu. Because of this letter, the couple become estranged...",,Released,False,False,2013-02-02,131,0,3666854,1.9427,6.0,10,ja,,tt2404269,/8Pyp4UMQEuBZiWN8vhaEG5tUnjB.jpg,/4tGJFwAxdJDvK0x1IG9Mccl6jso.jpg,"[{""id"": 18, ""name"": ""Drama""}, {""id"": 10749, ""name"": ""Romance""}]","[{""id"": 17392, ""logo_path"": ""/kqIFj3dASar2j9rm7jHph5493GB.png"", ""name"": ""Showgate"", ""origin_country"": ""JP""}]","[{""iso_3166_1"": ""JP"", ""name"": ""Japan""}]","[{""english_name"": ""Japanese"", ""iso_639_1"": ""ja"", ""name"": ""\u65e5\u672c\u8a9e""}]","[""JP""]",null
174934,Maxïmo Park: Document,Maxïmo Park: Document,Live at Newcastle Arena,,Released,False,False,2009-05-10,68,0,0,0.0,0.0,0,en,,,,,[],[],[],[],"[""US""]",null
174936,La T.V. y yo,La televisión y yo (Apuntes para un film sobre la T.V.),A personal essay about television and memory. A round trip between history and autobiography: from a personal memory of the first television to the earliest memories of television in Argentina.,,Released,False,False,2002-04-23,75,0,0,0.051,0.0,0,es,,tt0311879,/pulFHhT06GZdXZaM3dT4HbggaFT.jpg,,"[{""id"": 99, ""name"": ""Documentary""}]",[],"[{""iso_3166_1"": ""AR"", ""name"": ""Argentina""}]","[{""english_name"": ""Spanish"", ""iso_639_1"": ""es"", ""name"": ""Espa\u00f1ol""}]","[""AR""]",null
174939,The Ultimate Fighter 7 Finale,The Ultimate Fighter 7 Finale,"The Ultimate Fighter 7 Finale was a mixed martial arts event held by the Ultimate Fighting Championship on June 21, 2008. Featured were the finals from The Ultimate Fighter: Team Rampage vs Team Forrest in the Middleweight division as well as a main event between Kendall Grove and Evan Tanner. This was Evan Tanner's last fight before he died.",,Released,False,True,2008-06-21,0,0,0,0.2446,0.0,0,en,,,,,[],[],[],[],"[""US""]",null
174940,"Abrazos, tango en Buenos Aires","Abrazos, tango en Buenos Aires","This colorful documentary captures the excitement of the fifth annual Buenos Aires Tango Festival, where some of the world's most accomplished dancers come to compete and win. With stirring traditional music, dizzying choreography, nine stages, 300 couples and more than 200,000 passionate fans, it's an experience you'll never forget.",,Released,False,False,2003-11-23,85,0,0,0.0143,0.0,0,es,,tt0387812,,,"[{""id"": 99, ""name"": ""Documentary""}]",[],"[{""iso_3166_1"": ""AR"", ""name"": ""Argentina""}]","[{""english_name"": ""Spanish"", ""iso_639_1"": ""es"", ""name"": ""Espa\u00f1ol""}]","[""ES""]",null
174942,The False Faces,The False Faces,"During World War I, a professional thief known as The Lone Wolf is assigned to steal a cylinder with important information from behind the German lines and bring it to Allied intelligence headquarters. However, German agents set out to stop him, headed by the man who was responsible for the death of the thief's sister.","Another ""Lone Wolf"" story. Perils by the score! Thrills-loads and loads of them! Nuff said! See it and be convinced.",Released,False,False,1919-02-15,76,0,0,0.7605,5.0,6,en,,tt0010112,/gSx36URlNFh9xGqvVIb1BBOZepk.jpg,/8wxcwZt76ybGFknb4O0w6kheXFb.jpg,"[{""id"": 28, ""name"": ""Action""}, {""id"": 10752, ""name"": ""War""}]","[{""id"": 4, ""logo_path"": ""/jay6WcMgagAklUt7i9Euwj1pzTF.png"", ""name"": ""Paramount Pictures"", ""origin_country"": ""US""}, {""id"": 13400, ""logo_path"": null, ""name"": ""Artcraft Pictures Corporation"", ""origin_country"": ""US""}]","[{""iso_3166_1"": ""US"", ""name"": ""United States of America""}]","[{""english_name"": ""English"", ""iso_639_1"": ""en"", ""name"": ""English""}]","[""US""]","{""id"": 395433, ""name"": ""Lone Wolf Collection"", ""poster_path"": ""/sFzfadmK2lwf0vTuNQBUevtCTfz.jpg"", ""backdrop_path"": ""/4C7queVRmyDCpMxJkiVOAmV6oAv.jpg""}"
174943,The Greatest Question,The Greatest Question,"Young Nellie Jarvis, daughter of a wandering couple, witnesses the murder of a woman by a man and his wife. Years later, ""Little Miss Yes'm"", as Nellie is known, returns to the area as an orphan. Locals Mr. and Mrs. Hilton, though poverty stricken, take her into their family. Fully integrated with the loving Hiltons, she wishes to relieve them of their financial strain. Nellie travels to a nearby farmhouse to gain employment from depraved Martin Cain and his paranoid wife.",,Released,False,False,1919-12-27,80,0,0,0.9628,5.9,13,en,,tt0010193,/gAcsANsJ8BWc8jQiYGDhzb0iONX.jpg,/mFCjYHhiPGCrThsssef4mYp1AaF.jpg,"[{""id"": 18, ""name"": ""Drama""}]","[{""id"": 3245, ""logo_path"": ""/9dBTQp9XitrHkx20i1r9HhZ3Q6B.png"", ""name"": ""First National Pictures"", ""origin_country"": ""US""}]","[{""iso_3166_1"": ""US"", ""name"": ""United States of America""}]","[{""english_name"": ""No Language"", ""iso_639_1"": ""xx"", ""name"": ""No Language""}]","[""US""]",null
174946,The Busher,The Busher,A young baseball pitcher in the bush leagues is discovered by a big-league manager and given his chance in the major leagues.,,Released,False,False,1919-05-17,55,0,0,0.6743,5.1,11,en,,tt0009976,/2dT8vzzzEJDdjcwAhpopOAsTHQ.jpg,/hyMxwozRDxg5rgujoPG2AM8SyOo.jpg,"[{""id"": 18, ""name"": ""Drama""}]","[{""id"": 31782, ""logo_path"": null, ""name"": ""Thomas H. Ince Corporation"", ""origin_country"": """"}]","[{""iso_3166_1"": ""US"", ""name"": ""United States of America""}]",[],"[""US""]",null
174949,The Ultimate Fighter 8 Finale,The Ultimate Fighter 8 Finale,The Ultimate Fighter 8 Finale was a mixed martial arts event held by the Ultimate Fighting Championship on December 13 2008. Featured were the finals from The Ultimate Fighter: Team Nogueira vs Team Mir in both the Lightweight and Light Heavyweight divisions.,,Released,False,True,2008-12-13,0,0,0,0.0921,0.0,0,en,,,/5btX4PXo5UloRckYLMjyvB2WJ6w.jpg,,[],[],[],[],"[""US""]",null
174945,Heart o' the Hills,Heart o' the Hills,Family tensions in the Kentucky hills are inflamed by an outsider's dishonest scheme to exploit the area for its coal.,,Released,False,False,1919-11-30,78,0,0,1.3091,6.0,9,en,,tt0010227,/MtiWqffKlaqcsGyQpUz4lEvt35.jpg,/qdtglv1wvxI8z1QOfgT0WQhxLR5.jpg,"[{""id"": 18, ""name"": ""Drama""}, {""id"": 10749, ""name"": ""Romance""}]","[{""id"": 21540, ""logo_path"": null, ""name"": ""Mary Pickford Company"", ""origin_country"": """"}]","[{""iso_3166_1"": ""US"", ""name"": ""United States of America""}]","[{""english_name"": ""No Language"", ""iso_639_1"": ""xx"", ""name"": ""No Language""}]","[""US""]",null
174947,The Tantalizing Fly,The Tantalizing Fly,"A film in the “Out of the Inkwell” series, an early animated short from Max Fleischer.",,Released,False,False,1919-03-10,4,0,0,0.1554,6.6,17,en,,tt0010757,/1OFlU4otRcxut3xTluh9wpYFvsT.jpg,/bthMMFFsFSUCJVg9VzSNBXI91Ac.jpg,"[{""id"": 16, ""name"": ""Animation""}, {""id"": 35, ""name"": ""Comedy""}]","[{""id"": 4, ""logo_path"": ""/jay6WcMgagAklUt7i9Euwj1pzTF.png"", ""name"": ""Paramount Pictures"", ""origin_country"": ""US""}, {""id"": 34878, ""logo_path"": null, ""name"": ""J.R. Bray Studios"", ""origin_country"": """"}]","[{""iso_3166_1"": ""US"", ""name"": ""United States of America""}]",[],"[""US""]",null
174951,Baby Monitor: Sound of Fear,Baby Monitor: Sound of Fear,A neglectful mother overhears her husband on the telephone at their workplace talking with their babysitter. She discovers they are having an affair and are going to have a baby. She concocts an evil plan to win back her husband and remove the girl and baby. Two men are hired to kill the girl and hold the son hostage in order for her to play the hero and reclaim her husband. The plan hits a snag when the criminals enter the wrong apartment.,She was hired to watch the children. Now someone is watching her.,Released,False,False,1998-01-27,90,0,0,0.8046,3.4,7,en,,tt0139873,/igIOlwRmelybAxna1YnZUE68NjE.jpg,/yL48odyN6E5LK1JOr1CAmmakxby.jpg,"[{""id"": 53, ""name"": ""Thriller""}, {""id"": 10770, ""name"": ""TV Movie""}]","[{""id"": 182664, ""logo_path"": null, ""name"": ""Spinnaker Films"", ""origin_country"": """"}, {""id"": 178371, ""logo_path"": ""/jeBwG0iFWfuL4ZgWExkRrwdFwwB.png"", ""name"": ""Two Oceans Entertainment Group"", ""origin_country"": """"}, {""id"": 104278, ""logo_path"": null, ""name"": ""Universal Television Entertainment"", ""origin_country"": """"}]","[{""iso_3166_1"": ""US"", ""name"": ""United States of America""}]","[{""english_name"": ""English"", ""iso_639_1"": ""en"", ""name"": ""English""}]","[""US""]",null
174950,The Lost Battalion,The Lost Battalion,"World War I, October 1918. The more than 500 men of the 77th Infantry Division of the United States Army, who have been recruited in New York City and trained in Yaphank, are sent to France, to help break down the German defenses located in the Argonne forest…",And he told them to go to hell,Released,False,False,1919-07-02,100,0,0,0.2397,5.0,2,en,,tt0010386,/1vzZgOsPP3U29yfRHPatQ2YeoFx.jpg,/wzwTtZo3NQpDqkB7onbFG4sjP93.jpg,"[{""id"": 18, ""name"": ""Drama""}, {""id"": 10752, ""name"": ""War""}, {""id"": 36, ""name"": ""History""}]","[{""id"": 130510, ""logo_path"": null, ""name"": ""MacManus Corporation"", ""origin_country"": ""US""}]","[{""iso_3166_1"": ""US"", ""name"": ""United States of America""}]","[{""english_name"": ""No Language"", ""iso_639_1"": ""xx"", ""name"": ""No Language""}]","[""US""]",null
174953,The Man of Gold,Az aranyember,"Faithful to his word, Michael Tímar, captain of the St. Barbara, becomes the guardian of Kondya, daughter of a Turkish aristocrat on the run. Later, he weds the grateful young Turkish girl whom he saved from the waters of the Danube. While skillfully managing his wife's fortune, entrepreneur Tímar becomes an important wholesaler of wheat and exports his products to Brazil. But his marriage of convenience proves a failure. He is torn between the demands of bourgeois civilization, governed by money, and the ideal of freedom, consisting of living simply within nature. He then takes refuge by the side of the sweet Noemi on an island on the Danube.",,Released,False,False,1919-01-19,83,0,0,0.4894,5.6,7,hu,,tt0008843,/7Z8CakydMh60uaREYpzXRkckib7.jpg,,"[{""id"": 12, ""name"": ""Adventure""}]","[{""id"": 84176, ""logo_path"": null, ""name"": ""Corvin Film"", ""origin_country"": """"}]","[{""iso_3166_1"": ""HU"", ""name"": ""Hungary""}]","[{""english_name"": ""No Language"", ""iso_639_1"": ""xx"", ""name"": ""No Language""}]","[""HU""]",null
174954,The Ultimate Fighter 9 Finale,The Ultimate Fighter 9 Finale,"The Ultimate Fighter 9 Finale was a mixed martial arts event held by the Ultimate Fighting Championship on June 20, 2009. Featured were finals from The Ultimate Fighter: United States vs. United Kingdom in both the Lightweight and Welterweight divisions as well as a main event between Diego Sanchez and Clay Guida.",,Released,False,True,2009-06-20,0,0,0,0.2003,0.0,0,en,,,/kyzzWah8kCoTjHqnxTe1VEXfv7x.jpg,,[],[],[],[],"[""US""]",null
174955,Meyer from Berlin,Meyer aus Berlin,"Sally Meyer, a young Berliner, persuades his Doctor to convince his wife that he is ill, so that he is able to take a holiday in the Austrian Alps.",,Released,False,False,1919-01-17,58,0,0,0.1691,6.2,9,de,,tt0010456,/wg9X3L0idMUbvuP6yDYSMBE0I8H.jpg,/jX4tGWBPEco5ReG6pHdzC6plzJ.jpg,"[{""id"": 35, ""name"": ""Comedy""}]","[{""id"": 12950, ""logo_path"": null, ""name"": ""Projektions-AG Union"", ""origin_country"": ""DE""}]","[{""iso_3166_1"": ""DE"", ""name"": ""Germany""}]","[{""english_name"": ""No Language"", ""iso_639_1"": ""xx"", ""name"": ""No Language""}]","[""DE""]",null
174956,The Ultimate Fighter 10 Finale,The Ultimate Fighter 10 Finale,"The Ultimate Fighter 10 Finale was a mixed martial arts event that was held by the Ultimate Fighting Championship on December 5, 2009. Featured was the final from The Ultimate Fighter: Heavyweights in the Heavyweight division (Roy Nelson vs. Brendan Schuab), and a match up between Matt Hamill and Jon Jones.",,Released,False,True,2009-12-05,0,0,0,0.1951,0.0,0,en,,,,,[],[],[],[],"[""US""]",null
174958,Harakiri,Harakiri,"The daughter of a daimyo, one forced to commit harakiri to secure her a future to choose her own destiny, falls in love with and marries a European officer. The officer returns to Europe but promises to come back for her and his new child, but when he comes back to Japan, he brings his European wife.",,Released,False,False,1919-12-18,87,0,0,0.4145,5.8,23,de,,tt0010208,/xDXMUdERs3uFtgO8P5J5WyWT554.jpg,/qnaQVbMiUuTezPIuXfcdlTeFU9d.jpg,"[{""id"": 18, ""name"": ""Drama""}]","[{""id"": 6762, ""logo_path"": null, ""name"": ""Decla-Bioscop"", ""origin_country"": ""DE""}, {""id"": 55, ""logo_path"": null, ""name"": ""Decla Film Gesellschaft Holz & Co."", ""origin_country"": ""DE""}]","[{""iso_3166_1"": ""DE"", ""name"": ""Germany""}]","[{""english_name"": ""No Language"", ""iso_639_1"": ""xx"", ""name"": ""No Language""}]","[""DE""]",null
174960,A Sammy in Siberia,A Sammy in Siberia,A bumbling American soldier saves a girl from a bunch of Cossacks.,,Released,False,False,1919-04-06,11,0,0,0.7467,5.4,7,en,,tt0010656,/zHaX3sXcJoEPjSmW4YptPrBil5g.jpg,/vnwsvErdnyWK5ju1aLZGejoNbvp.jpg,"[{""id"": 35, ""name"": ""Comedy""}]","[{""id"": 18789, ""logo_path"": null, ""name"": ""Rolin Films"", ""origin_country"": ""US""}]","[{""iso_3166_1"": ""US"", ""name"": ""United States of America""}]","[{""english_name"": ""No Language"", ""iso_639_1"": ""xx"", ""name"": ""No Language""}]","[""US""]",null
174959,Hard-Fi: In Operation,Hard-Fi: In Operation,"Live at the Astoria, 2006",,Released,False,False,2006-05-07,73,0,0,0.0,0.0,0,en,,,,,[],[],[],[],"[""US""]",null
174964,Love,Love,"""Fatty"", a poor good hearted farm boy is deeply in love with Winifred, a farmer's daughter. A rich neighbor offers the farmer a large plot of land if Winifred marries his slow witted son Al. ""Fatty"" has less then one day to save heartbroken Winifred from the rushed ceremony.",AS A LOVE-MAKER FATTY IS ABOUT THE FUNNIEST EVER SEEN,Released,False,False,1919-03-01,23,0,0,0.404,5.6,7,en,,tt0010391,/3QEdh6HqE0cDSNIuBPwJYLnx6TK.jpg,/406rGH8i1p23Q764w8vxPXRAt7U.jpg,"[{""id"": 35, ""name"": ""Comedy""}]","[{""id"": 4, ""logo_path"": ""/jay6WcMgagAklUt7i9Euwj1pzTF.png"", ""name"": ""Paramount Pictures"", ""origin_country"": ""US""}]","[{""iso_3166_1"": ""US"", ""name"": ""United States of America""}]","[{""english_name"": ""No Language"", ""iso_639_1"": ""xx"", ""name"": ""No Language""}]","[""US""]",null
174962,The Ultimate Fighter 11 Finale,The Ultimate Fighter 11 Finale,"The Ultimate Fighter 11 Finale was a mixed martial arts event that was held by the Ultimate Fighting Championship at the Palms Casino Resort in Las Vegas, Nevada, United States on June 19, 2010. Featured were the finalists from The Ultimate Fighter: Team Liddell vs. Team Ortiz in the Middleweight division and a fight between Keith Jardine and Matt Hamill.",,Released,False,True,2010-06-19,0,0,0,0.2544,0.0,0,en,,,,,[],[],[],[],"[""US""]",null
174961,Scarlet Days,Scarlet Days,"Rosie Nell, a woman of disreputable dance halls in early lawless California, is wrongly charged with the murder of one of her fellow entertainers. Because her daughter, who knows nothing of her mother's station in life, is to return the next day from her school in the east, Rosie is granted three days of grace to be spent in company with her daughter at a nearby cabin. The three days begin happily enough, thanks to the serenades of heroic bandit Alvarez and the poetry of romantic Randolph. But Bagley, the dance hall manager, has seen the daughter and has determined to make her his own.",,Released,False,False,1919-11-18,77,0,0,0.4061,5.8,10,en,,tt0010662,/liQNvx1GbIrvIgtMratWr42JEZM.jpg,/gb5q9T73aos72S4z0NjugBjCftB.jpg,"[{""id"": 12, ""name"": ""Adventure""}, {""id"": 10749, ""name"": ""Romance""}, {""id"": 37, ""name"": ""Western""}]","[{""id"": 4759, ""logo_path"": null, ""name"": ""D.W. Griffith Productions"", ""origin_country"": ""US""}]","[{""iso_3166_1"": ""US"", ""name"": ""United States of America""}]","[{""english_name"": ""No Language"", ""iso_639_1"": ""xx"", ""name"": ""No Language""}]","[""US""]",null
174965,The Ultimate Fighter 12 Finale,The Ultimate Fighter 12 Finale,"The Ultimate Fighter: Team GSP vs Team Koscheck Finale, also referred to as The Ultimate Fighter 12 Finale was a mixed martial arts event held by the Ultimate Fighting Championship at the Palms Casino Resort in Paradise, Nevada, United States on December 4, 2010. This was the first event in the UFC to integrate the featherweight & bantamweight classes from World Extreme Cagefighting, which folded later that month. It was also the first event to feature a then-contracted WEC lightweight fighter (Pablo Garza) in a UFC contest, though he debuted in the UFC at featherweight.",,Released,False,True,2010-12-04,0,0,0,0.2146,0.0,0,en,,,,,[],[],[],[],"[""US""]",null
174966,The Return of Ironside,The Return of Ironside,"After forty years of good and faithful services, Robert T. Ironside, reprocessed police force of San Francisco, is finally on the point of tasting with the joys of a rest deserved well with Katherine, his wife, in their vineyard recently bought.  However, a few days after his official departure, he is contacted by persons in charge for the police force of Denver, which offers the post of general manager temporarily to him their services, following the assassination for preceding occupying of the station in question. Initially reticent, Ironside ends up yielding and, with the agreement of his wife, agrees to take up the challenge, the more so as he has pleasure to find Susan, the girl of the one of her former assistants.",,Released,False,False,1993-05-04,89,0,0,1.3418,4.8,11,en,,tt0107951,/vzIs0DiavsZPbQ9dD6F3ZyuS9V.jpg,/lTHjC03oUBzseJFoaT9aQIPIaKh.jpg,"[{""id"": 10770, ""name"": ""TV Movie""}]","[{""id"": 5253, ""logo_path"": ""/cxgRBXMNcbcE0dIaeCc4tbDa4KI.png"", ""name"": ""NBC Productions"", ""origin_country"": ""US""}]","[{""iso_3166_1"": ""US"", ""name"": ""United States of America""}]","[{""english_name"": ""English"", ""iso_639_1"": ""en"", ""name"": ""English""}]","[""US""]",null
174967,The Roaring Road,The Roaring Road,"""Toodles"" Waldron, racing enthusiast and the best salesman for J. D. Ward's automobile company, quarrels with his boss; Ward will not let him enter the Santa Monica Grand Prize Road Race, or marry his daughter Dorothy.",,Released,False,False,1919-04-26,58,0,0,0.4528,5.8,10,en,,tt0010635,/wEaZfUU3uUsg29xLT3XkW3ikgLb.jpg,/rbH2naSVb6IYXifvc5OkH7qdzwX.jpg,"[{""id"": 18, ""name"": ""Drama""}, {""id"": 35, ""name"": ""Comedy""}]","[{""id"": 4, ""logo_path"": ""/jay6WcMgagAklUt7i9Euwj1pzTF.png"", ""name"": ""Paramount Pictures"", ""origin_country"": ""US""}]","[{""iso_3166_1"": ""US"", ""name"": ""United States of America""}]","[{""english_name"": ""No Language"", ""iso_639_1"": ""xx"", ""name"": ""No Language""}]","[""US""]","{""id"": 1105460, ""name"": ""'Toodles' Collection"", ""poster_path"": null, ""backdrop_path"": null}"
174968,The Ultimate Fighter 13 Finale,The Ultimate Fighter 13 Finale,"The Ultimate Fighter 13 Finale was a mixed martial arts event held by the Ultimate Fighting Championship on June 4, 2011 at the Palms Casino Resort in Paradise, Nevada, United States. Featured were the finalists from The Ultimate Fighter 13 – Team Lesnar vs Team Dos Santos in the Welterweight division.",,Released,False,True,2011-06-04,0,0,0,0.0643,0.0,0,en,,,,,[],[],[],[],"[""US""]",null
174970,The Ultimate Fighter 14 Finale,The Ultimate Fighter 14 Finale,"The Ultimate Fighter 14 Finale was a mixed martial arts event held by the Ultimate Fighting Championship on December 3, 2011 at the Palms Casino Resort in Paradise, Nevada, United States. The event featured the finalists from The Ultimate Fighter 14 – Team Bisping vs Team Mayhem in the Featherweight and Bantamweight divisions.",,Released,False,True,2011-12-03,0,0,0,0.1163,0.0,0,en,,,,,[],[],[],[],"[""US""]",null
174969,His Home Sweet Home,His Home Sweet Home,Larry Semon is in the kitchen preparing food for a high society musical evening.,,Released,False,False,1919-07-06,0,0,0,0.1731,4.0,1,en,,tt0248860,/nI9V6YwHx0K2ywSMde9Yjr8Yil4.jpg,,"[{""id"": 35, ""name"": ""Comedy""}]",[],[],[],"[""US""]",null
174973,The Ultimate Fighter 15 Finale,The Ultimate Fighter 15 Finale,"The Ultimate Fighter 15 Finale was a mixed martial arts event to be held by the Ultimate Fighting Championship. It took place on June 1, 2012 at the Palms Casino Resort in Paradise, Nevada, United States. Featured were the finalists from The Ultimate Fighter: Live – Team Cruz vs Team Faber in the Lightweight division.",,Released,False,True,2012-06-01,0,0,0,0.0905,0.0,0,en,,,,,[],[],[],[],"[""US""]",null
174971,Doomwatch: Winter Angel,Doomwatch: Winter Angel,"University lecturer Neil Tannahill is drawn into a sinister conspiracy involving secretly-stored Soviet nuclear waste at a remote British nuclear facility after receiving an enigmatic note from legendary atomic scientist and one-time former head of ""Doomwatch"" (the infamous Scientific watchdog group of the seventies), Dr Spencer Quist.",,Released,False,False,1999-12-07,100,0,0,0.9144,7.5,2,en,,tt0225545,/f8yJkOtgLEohn6zDScpe3IKUI1m.jpg,,"[{""id"": 18, ""name"": ""Drama""}, {""id"": 878, ""name"": ""Science Fiction""}, {""id"": 53, ""name"": ""Thriller""}, {""id"": 10770, ""name"": ""TV Movie""}]","[{""id"": 27856, ""logo_path"": ""/jLMbth7gIW0UMxGqHB5zuHk1iJk.png"", ""name"": ""Channel 5"", ""origin_country"": ""GB""}]","[{""iso_3166_1"": ""GB"", ""name"": ""United Kingdom""}]","[{""english_name"": ""English"", ""iso_639_1"": ""en"", ""name"": ""English""}]","[""GB""]","{""id"": 979678, ""name"": ""Doomwatch Collection"", ""poster_path"": null, ""backdrop_path"": null}"
174972,Dew Drop Inn,Dew Drop Inn,A comedy short by and with Larry Semon.,,Released,False,False,1919-11-02,13,0,0,0.051,0.0,0,en,,tt0276903,/7ctcJgBBAqvSnFysot9nicmP1Ze.jpg,,[],"[{""id"": 15634, ""logo_path"": null, ""name"": ""Vitagraph Company of America"", ""origin_country"": ""US""}]","[{""iso_3166_1"": ""US"", ""name"": ""United States of America""}]","[{""english_name"": ""No Language"", ""iso_639_1"": ""xx"", ""name"": ""No Language""}]","[""US""]",null
174975,Dull Care,Dull Care,Semon as a detective trying to deal with some roughnecks.,,Released,False,False,1919-10-05,20,0,0,0.4557,5.7,3,xx,,tt0270325,/dFyUX6qyUXbIeDI41Q5ZQfNhurG.jpg,,"[{""id"": 35, ""name"": ""Comedy""}, {""id"": 28, ""name"": ""Action""}]",[],"[{""iso_3166_1"": ""US"", ""name"": ""United States of America""}]","[{""english_name"": ""No Language"", ""iso_639_1"": ""xx"", ""name"": ""No Language""}]","[""US""]",null
174976,The Ultimate Fighter 16 Finale,The Ultimate Fighter 16 Finale,"The Ultimate Fighter 16 Finale was a mixed martial arts event held by the Ultimate Fighting Championship on December 15, 2012 at the Hard Rock Hotel and Casino in Las Vegas, Nevada. Shane Carwin was expected to face Roy Nelson in the event's headliner. However, Carwin suffered a knee injury and was replaced by Matt Mitrione.",,Released,False,True,2012-12-15,0,0,0,0.1815,0.0,0,en,,,/sghyOdB8fgyTMVtQZmLu2W1S9dj.jpg,,[],[],[],[],"[""US""]",null
174977,Traps and Tangles,Traps and Tangles,Larry Semon stars a guy being chased. Here we have a small twist on the sitting on the tram path and the tram goes the other way at the last minute stunt.,,Released,False,False,1919-01-19,0,0,0,0.1229,0.0,0,en,,tt0248567,/b39uu1V1Z2s44IByJbTP6pXCbLb.jpg,,[],[],[],[],"[""US""]",null
174978,Kiss My Act,Kiss My Act,"A modern retelling of the Cyrano de Bergerac story among stand-up comics, with a bartender helping her much better-looking friend seem smart.",,Released,False,False,2001-04-23,95,0,0,0.9845,5.5,2,en,,tt0190521,/b76nyrftciDV3HvhZfcfvZzmBdF.jpg,,"[{""id"": 10770, ""name"": ""TV Movie""}, {""id"": 35, ""name"": ""Comedy""}]","[{""id"": 68076, ""logo_path"": null, ""name"": ""Berger Queen Productions"", ""origin_country"": """"}, {""id"": 10471, ""logo_path"": ""/tHIwIKoXdLKA8Nt3XeRInh71OvD.png"", ""name"": ""Columbia TriStar Television"", ""origin_country"": ""US""}, {""id"": 415, ""logo_path"": null, ""name"": ""Laurence Mark Productions"", ""origin_country"": ""US""}, {""id"": 176162, ""logo_path"": ""/6p5mbxa1dzikbnVlLc11uroG9GU.png"", ""name"": ""ABC"", ""origin_country"": ""US""}]","[{""iso_3166_1"": ""US"", ""name"": ""United States of America""}]","[{""english_name"": ""English"", ""iso_639_1"": ""en"", ""name"": ""English""}]","[""US""]",null
174979,Uncle Sam Donates for Liberty Loans,Uncle Sam Donates for Liberty Loans,"In this one-minute animated short done by Ford Motor's industrial film unit -- Ford was a major producer of films for many a decade -- Lady Liberty keeps opening the chest, revealing the name of various wartime Liberty Loan drives and good old Uncle Sam does a striptease and tossing clothes into the effort.",,Released,False,False,1919-03-07,1,0,0,0.0,5.0,2,en,,tt1496023,/uxHPBJWVAu4JjPVMpBQtI7Y9Ghs.jpg,,"[{""id"": 16, ""name"": ""Animation""}]","[{""id"": 66947, ""logo_path"": null, ""name"": ""Ford Motor Company"", ""origin_country"": """"}]","[{""iso_3166_1"": ""US"", ""name"": ""United States of America""}]",[],"[""US""]",null
174982,Ella(s),Ella(s),"Documentary about the life of Mercedes Pinto by three women, student, journalist and writer, go in search of another woman: Mercedes Pinto Canarian writer. The film recovers the memory of one of the most important figures in the defense of the rights of women, to get into what their struggles were vital: gender violence, the social status of women ...",,Released,False,False,2009-01-01,0,0,0,0.1908,0.0,0,en,,,,,"[{""id"": 99, ""name"": ""Documentary""}]","[{""id"": 47958, ""logo_path"": ""/3MKA5fZfTTOzTJUptZBewxeptKV.png"", ""name"": ""Tinglado Film"", ""origin_country"": ""ES""}, {""id"": 47959, ""logo_path"": null, ""name"": ""Gran Numeronce Producciones"", ""origin_country"": """"}]","[{""iso_3166_1"": ""ES"", ""name"": ""Spain""}]","[{""english_name"": ""Spanish"", ""iso_639_1"": ""es"", ""name"": ""Espa\u00f1ol""}]","[""US""]",null
174980,Uncle Sam and the Bolsheviki-I.W.W. Rat,Uncle Sam and the Bolsheviki-I.W.W. Rat,"This short 1919 cartoon, produced by Ford Motor Company, shows a farmer Uncle Sam braining a huge rat branded with ""I.W.W."" (Industrial Workers of the World) before it can eat the grain.",,Released,False,False,1919-01-01,1,0,0,0.0642,3.7,3,en,,tt1496024,/ennywTZrLGz1x3RjXJhUbHUdhB0.jpg,/5FySUIoTNeGGGjWVaLjNFgOK2Lk.jpg,"[{""id"": 16, ""name"": ""Animation""}]","[{""id"": 66947, ""logo_path"": null, ""name"": ""Ford Motor Company"", ""origin_country"": """"}]","[{""iso_3166_1"": ""US"", ""name"": ""United States of America""}]","[{""english_name"": ""No Language"", ""iso_639_1"": ""xx"", ""name"": ""No Language""}]","[""US""]",null
174984,Arsenal Centurions - 100 Goals of Dennis Bergkamp,Arsenal Centurions - 100 Goals of Dennis Bergkamp,The First 100 goals made by Dennis Bergkamp in Arsenal FC,Dennis Bergkamp 100 Goals,Released,False,False,2003-08-18,0,0,0,0.0239,0.0,0,en,,,/20RqU6ohkXL2cGTAmIvq3h2kc4N.jpg,,[],[],[],[],"[""US""]",null
174986,Lots to Learn: Head to Toe With Buster,Lots to Learn: Head to Toe With Buster,"Discover everything about our bodies through songs, puzzles, exercise, fun and games. Share in your child's learning as you explore faces, hands, feet, bones, and eyes. Brush your teeth, tie your shoes, and learn how to get dressed. See a dancing skeleton, count in Spanish with Gato, and sing along with Bob McGrath of Sesame Street fame as we go Head To Toe with Buster! - Product Website",,Released,False,True,,30,0,0,0.0,0.0,0,en,http://www.lotstolearn.com/,,,,[],[],[],[],"[""US""]",null
174985,Der Perser,Der Perser,A German comedy short about surprises and statues.,,Released,False,False,1919-12-01,16,0,0,0.0453,4.0,3,de,,tt1230159,,,"[{""id"": 35, ""name"": ""Comedy""}]",[],"[{""iso_3166_1"": ""DE"", ""name"": ""Germany""}]","[{""english_name"": ""No Language"", ""iso_639_1"": ""xx"", ""name"": ""No Language""}]","[""DE""]",null
174987,Spring Reunion,Spring Reunion,A spinster finally finds the right man when she returns to her alma mater after 15 years for a class reunion.,She Stuns The Screen In A Great NEW Role!,Released,False,False,1957-03-01,79,0,0,0.6381,5.8,4,en,,tt0051007,/x3djvk5Jh3VIF65ALnLd2u5XB5Y.jpg,/wM8FADPvbNBCXE7y7tXiuKCqpUx.jpg,"[{""id"": 18, ""name"": ""Drama""}]","[{""id"": 611, ""logo_path"": null, ""name"": ""Bryna Productions"", ""origin_country"": ""US""}]","[{""iso_3166_1"": ""US"", ""name"": ""United States of America""}]","[{""english_name"": ""English"", ""iso_639_1"": ""en"", ""name"": ""English""}]","[""US""]",null
174988,Folies Bergère de Paris,Folies Bergère de Paris,"An entertainer impersonates a look-alike banker, causing comic confusion for wife and girlfriend.",INTRIGUING! We'll say he is! and so will you when you see the New Maurice..in a dual role! He's twice as romantic-twice as irresistible a lover.,Released,False,False,1935-02-22,82,0,0,0.5959,5.6,7,fr,,tt0026373,/aBRvZLaLW9d5IX9m8zdGlHugohG.jpg,/xM0PB6hghVY9L7MCbwWUvmFNbLd.jpg,"[{""id"": 35, ""name"": ""Comedy""}, {""id"": 10402, ""name"": ""Music""}]","[{""id"": 4985, ""logo_path"": null, ""name"": ""20th Century Pictures"", ""origin_country"": ""US""}]","[{""iso_3166_1"": ""US"", ""name"": ""United States of America""}]","[{""english_name"": ""English"", ""iso_639_1"": ""en"", ""name"": ""English""}, {""english_name"": ""French"", ""iso_639_1"": ""fr"", ""name"": ""Fran\u00e7ais""}]","[""FR""]",null
174990,"Oh, What a Knight","Oh, What a Knight",A slapstick comedy featuring Mack Swain.,,Released,False,False,1919-01-25,0,0,0,0.0637,0.0,0,en,,tt1454143,,,[],[],[],[],"[""US""]",null
174992,Don't Shove,Don't Shove,"Harold and his rival fight over Bebe on her birthday, first at her home and then at a nearby skating rink.",,Released,False,False,1919-08-31,11,0,0,1.0597,5.5,6,en,,tt0010072,/z83LrIG9DuZZyqgQNjpl0hRH1nA.jpg,/w1p7swaBWM7JBaWega9Py8nMqoM.jpg,"[{""id"": 35, ""name"": ""Comedy""}]","[{""id"": 18789, ""logo_path"": null, ""name"": ""Rolin Films"", ""origin_country"": ""US""}]","[{""iso_3166_1"": ""US"", ""name"": ""United States of America""}]","[{""english_name"": ""No Language"", ""iso_639_1"": ""xx"", ""name"": ""No Language""}]","[""US""]",null
174993,A Jazzed Honeymoon,A Jazzed Honeymoon,"This time, Harold's the skinny sap who married the hottie, and he doesn't quite have the spine to tell her ex-beaus to blow. The honeymoon finds him mistaken for a boiler worker.",,Released,False,False,1919-08-02,9,0,0,0.639,5.1,4,en,,tt0010311,/2U1LBEHwIF2QWlxvy6tgDQt1lqP.jpg,,"[{""id"": 10749, ""name"": ""Romance""}, {""id"": 35, ""name"": ""Comedy""}]","[{""id"": 18789, ""logo_path"": null, ""name"": ""Rolin Films"", ""origin_country"": ""US""}]","[{""iso_3166_1"": ""US"", ""name"": ""United States of America""}]","[{""english_name"": ""No Language"", ""iso_639_1"": ""xx"", ""name"": ""No Language""}]","[""US""]",null
175000,The Janitor,The Janitor,"A mild-mannered, well-meaning but bumbling janitor gets unwittingly involved in a battle between two opposing political groups, with each side trying to use him to destroy the other, and the secret police--who have already thrown him out of their office when he worked there--watching all of them.",,Released,False,False,1919-11-07,0,0,0,0.0791,5.0,1,en,,tt0403878,/1B2i17OWJSxiKG25ZOcLD2mIxYz.jpg,,"[{""id"": 35, ""name"": ""Comedy""}]","[{""id"": 56863, ""logo_path"": null, ""name"": ""Hank Mann Comedies"", ""origin_country"": """"}]","[{""iso_3166_1"": ""US"", ""name"": ""United States of America""}]","[{""english_name"": ""No Language"", ""iso_639_1"": ""xx"", ""name"": ""No Language""}]","[""US""]",null
174998,I'm on My Way,I'm on My Way,Harold Lloyd's character loves Bebe Daniels' character and is about to marry her. But then he meets the clan of Snub Pollard where it's a riot all the time.,,Released,False,False,1919-03-08,11,0,0,0.7135,5.8,5,en,,tt0010279,/817NRuuSmPpeArocb7WmicWHsK4.jpg,/kCuGBnGheNkaA3l1Ok2cajV5b0x.jpg,"[{""id"": 35, ""name"": ""Comedy""}]","[{""id"": 18789, ""logo_path"": null, ""name"": ""Rolin Films"", ""origin_country"": ""US""}]","[{""iso_3166_1"": ""US"", ""name"": ""United States of America""}]","[{""english_name"": ""No Language"", ""iso_639_1"": ""xx"", ""name"": ""No Language""}]","[""US""]",null
174996,Next Aisle Over,Next Aisle Over,A salesman takes a job at a department store to impress a girl and winds up stopping a kidnapping.,,Released,False,False,1919-03-30,10,0,0,0.6418,5.5,6,en,,tt0010508,/1NqAIzvuHhtMDE67fptIyzSiFXt.jpg,,"[{""id"": 35, ""name"": ""Comedy""}]","[{""id"": 18789, ""logo_path"": null, ""name"": ""Rolin Films"", ""origin_country"": ""US""}]","[{""iso_3166_1"": ""US"", ""name"": ""United States of America""}]","[{""english_name"": ""No Language"", ""iso_639_1"": ""xx"", ""name"": ""No Language""}]","[""US""]",null
175004,Love's Prisoner,Love's Prisoner,"A young lady, who ""hates the law"" rises from the tenements to society. Financial reverses lead her to commit a series of burglaries as ""The Bird"". She becomes involved with the detective investigating the burglaries. After she confesses and pays for her crimes, they marry.",A gripping melodrama of thrills and mystery,Released,False,False,1919-06-07,47,0,0,0.5497,5.7,6,en,,tt0010402,/3tQZyW4GWdwcHgJHNE3BCnEhVmk.jpg,,"[{""id"": 80, ""name"": ""Crime""}, {""id"": 18, ""name"": ""Drama""}]",[],[],[],"[""US""]",null
175005,The Grim Game,The Grim Game,"Jailed unjustly for a murder he did not commit, a young man uses his amazing powers of escape to free himself and pursue the actual killers, who hold his fiancée captive.",,Released,False,False,1919-10-11,71,0,0,0.6311,6.0,8,en,,tt0010195,/gQ6j6u5GBq1ECVfUSGadmtDZHf8.jpg,/7oeJ0xkt5XpsAHwRWQePgoiuXn7.jpg,"[{""id"": 12, ""name"": ""Adventure""}, {""id"": 18, ""name"": ""Drama""}]","[{""id"": 4, ""logo_path"": ""/jay6WcMgagAklUt7i9Euwj1pzTF.png"", ""name"": ""Paramount Pictures"", ""origin_country"": ""US""}]","[{""iso_3166_1"": ""US"", ""name"": ""United States of America""}]","[{""english_name"": ""No Language"", ""iso_639_1"": ""xx"", ""name"": ""No Language""}]","[""US""]",null
175007,On the Fire,On the Fire,Harold is a chef with certain devices for labor saving.,,Released,False,False,1919-02-22,11,0,0,0.6339,5.0,3,en,,tt0010522,/eRLUNav8OTSy3TyR2Z06aJDxayb.jpg,/zPw8ucwBJgl1Byro4PWDjsz6f7K.jpg,"[{""id"": 35, ""name"": ""Comedy""}]","[{""id"": 18789, ""logo_path"": null, ""name"": ""Rolin Films"", ""origin_country"": ""US""}]","[{""iso_3166_1"": ""US"", ""name"": ""United States of America""}]","[{""english_name"": ""No Language"", ""iso_639_1"": ""xx"", ""name"": ""No Language""}]","[""US""]",null
175008,The Childhood of Krishna,Kaliya Mardan,"The playmates of Krishna are insulted by a female villager who splashes water on them. They take revenge by stealing butter from her house. When they are beaten up by the woman, they again take revenge with the aid of Krishna. He receives a gift of fruit for his help but gives it away. Krishna then enters the room of a wealthy merchant and his wife at night and ties the man's beard to his wife's hair. These exploits lead to a large crowd complaining of Krishna's antics to his foster parents.",,Released,False,False,1919-03-07,48,0,0,0.1351,5.1,8,mr,,tt0253174,/2jFSXbi8VT6mWb8y0wPGeewyXaf.jpg,/xRKBCsb5dGyKQ0vfDJCE6bzKbvu.jpg,"[{""id"": 14, ""name"": ""Fantasy""}, {""id"": 18, ""name"": ""Drama""}]","[{""id"": 84235, ""logo_path"": null, ""name"": ""Hindustan Cinema Film Company"", ""origin_country"": """"}]","[{""iso_3166_1"": ""IN"", ""name"": ""India""}]","[{""english_name"": ""No Language"", ""iso_639_1"": ""xx"", ""name"": ""No Language""}]","[""IN""]",null
175012,Rowdy Ann,Rowdy Ann,"Ann is one tough cowgirl. After she beats up Hank, her parents send her East to college, hoping she'll come back a lady.",,Released,False,False,1919-05-24,21,0,0,0.5335,5.0,13,en,,tt0248381,/yuZAW3tuwC2zkHj0VXBs5rs1m6H.jpg,/j8ocGl2ogLT9FZREujq2LCHGgzq.jpg,"[{""id"": 37, ""name"": ""Western""}, {""id"": 35, ""name"": ""Comedy""}]","[{""id"": 22257, ""logo_path"": null, ""name"": ""Christie Film Company"", ""origin_country"": """"}]","[{""iso_3166_1"": ""US"", ""name"": ""United States of America""}]","[{""english_name"": ""English"", ""iso_639_1"": ""en"", ""name"": ""English""}]","[""US""]",null
175013,Never Touched Me!,Never Touched Me!,"At the Killjoy Cafe, ""everything is first class except the food and the service.""",,Released,False,False,1919-07-26,11,0,0,0.1535,5.2,6,en,,tt0010506,/kf6boG6JDRlBviQjJ7yQV3p3Cqj.jpg,/sJF3t6VUnWXguTl02idWrsOtAgR.jpg,"[{""id"": 35, ""name"": ""Comedy""}]","[{""id"": 18789, ""logo_path"": null, ""name"": ""Rolin Films"", ""origin_country"": ""US""}]","[{""iso_3166_1"": ""US"", ""name"": ""United States of America""}]","[{""english_name"": ""No Language"", ""iso_639_1"": ""xx"", ""name"": ""No Language""}]","[""US""]",null
175011,Babeldom,Babeldom,"In ancient times they talked of a city in which you could meet youself at birth and on your deathbed. If a city ever existed in which the past and the future were united with the present, it would exist now, and forever...",,Released,False,False,2013-03-08,84,0,0,0.0914,0.0,0,en,http://www.babeldom.com/,tt2483688,/o6wbJVR393NOI3JuLKEgJFuLvtV.jpg,,[],[],[],[],"[""US""]",null
175014,Verity's Summer,Verity's Summer,Verity's Summer is a contemporary-set coming of age drama. The story of a young woman's journey from the security of childhood to the compromises of adulthood and moral ambiguities of love. It is also an intimate portrayal of a family coming to terms with the traumas and violence of distant war that are brought back home.,,Released,False,False,2013-03-05,102,0,0,0.1166,5.7,9,en,http://www.veritys-summer.com/,tt1686125,/5H6CJpZyrr1qblvb2sU0xe3i4Am.jpg,,"[{""id"": 18, ""name"": ""Drama""}]",[],[],"[{""english_name"": ""English"", ""iso_639_1"": ""en"", ""name"": ""English""}]","[""US""]",null
175017,The Floor Below,The Floor Below,"Snub Pollard and his friend are clearly under their wives thumbs. But his grandfather turns up and tells them to assert themselves, which they do. Her father is not impressed.",,Released,False,False,1919-12-27,0,0,0,0.3671,5.0,2,en,,tt0450702,,,"[{""id"": 35, ""name"": ""Comedy""}]",[],[],"[{""english_name"": ""No Language"", ""iso_639_1"": ""xx"", ""name"": ""No Language""}]","[""US""]",null
175021,Going! Going! Gone!,Going! Going! Gone!,"Lloyd and Pollard help a young girl out of the water but they are then chased by a shrew. On a bicycle built for two, Lloyd lazes about on the back while Pollard sweats from all of his effort. Thieves escape by car but it breaks down. Lloyd and Pollard help them start up again but the thieves steal the tandem bicycle, leaving the car in the hands of the heros.",,Released,False,False,1919-01-25,11,0,0,0.2315,4.7,3,en,,tt0010181,/7RVOffWIJ9PCfKz4IYj43yFosrp.jpg,/gl7nqReY5IonP2rDnS8WLeRH4Sx.jpg,"[{""id"": 35, ""name"": ""Comedy""}]","[{""id"": 18789, ""logo_path"": null, ""name"": ""Rolin Films"", ""origin_country"": ""US""}]","[{""iso_3166_1"": ""US"", ""name"": ""United States of America""}]","[{""english_name"": ""No Language"", ""iso_639_1"": ""xx"", ""name"": ""No Language""}]","[""US""]",null
175018,Dud Leaves Home,Dud Leaves Home,"Dud's girlfriend Mamie wants an ice cream cone, but Dud is broke. He rushes home and steals a coin bank then chops it open with an ax, only to find that he's also split in half the one coin inside. Dud's mother sees this and spanks him...",,Released,False,False,1919-10-07,5,0,0,0.0939,4.7,3,en,,tt0146654,/1ZXwutS9zpiAdlAwAD71eIbn6js.jpg,,"[{""id"": 16, ""name"": ""Animation""}, {""id"": 35, ""name"": ""Comedy""}]",[],[],"[{""english_name"": ""No Language"", ""iso_639_1"": ""xx"", ""name"": ""No Language""}]","[""US""]",null
175023,Eyes of Youth,Eyes of Youth,"A young woman, confronted by four options for proceeding in her life, is granted the ability to see what results would come from her choice of of the options. After she sees her future along three of the roads, she makes her choice.",Love - Ambition - Riches - Duty. And the Greater of These is - ?,Released,False,False,1919-11-29,64,0,0,0.7803,5.8,11,en,,tt0010103,/coTPOYYnDSIqKW3BpSdzdGyLcks.jpg,/22s07X7NHLmJRLm88jIU828EGdE.jpg,"[{""id"": 18, ""name"": ""Drama""}]","[{""id"": 43324, ""logo_path"": null, ""name"": ""Harry Garson Productions"", ""origin_country"": """"}]","[{""iso_3166_1"": ""US"", ""name"": ""United States of America""}]","[{""english_name"": ""No Language"", ""iso_639_1"": ""xx"", ""name"": ""No Language""}]","[""US""]",null
175024,Looking for Trouble,Looking for Trouble,"Snub plays a rich guy who wants to impress the ladies with his virility. So he pays a tough boxer to take a dive in a staged fight, though the fight definitely does not go anything like expected.",,Released,False,False,1919-12-14,11,0,0,0.5974,5.2,2,en,,tt0249753,,,"[{""id"": 35, ""name"": ""Comedy""}]","[{""id"": 18789, ""logo_path"": null, ""name"": ""Rolin Films"", ""origin_country"": ""US""}]","[{""iso_3166_1"": ""US"", ""name"": ""United States of America""}]",[],"[""US""]",null
175025,Hell Bent for Love,Hell Bent for Love,"As a result of arresting a nightclub singer, Millie Garland, for speeding, Tim Daley, of the California Highway Patrol, incurs the enmity of the gangster, ""Trigger"" Talano, who frames him and brings about his disgrace; but Tim organizes a band ox ex-criminals and turns the table on the racketeer with a vengeance.",Hell Bent for love with the highway patrol!,Released,False,False,1934-05-19,65,0,0,0.9668,0.0,0,en,,tt0025231,/cX74QjzFTvWgPPkHGAHwveZAS8b.jpg,/JnOhWzm1SdkHzUMlWC0D8Ls0Uu.jpg,[],[],[],"[{""english_name"": ""English"", ""iso_639_1"": ""en"", ""name"": ""English""}]","[""US""]",null
175027,Double Harness,Double Harness,"After tricking him into marriage, a woman tries to win the love of her philandering husband.",The story of a temporary marriage,Released,False,False,1933-07-21,69,0,0,0.7313,6.3,17,en,,tt0023960,/vDVebENmmToW4duHrWKO7id3uMQ.jpg,/3TLgNKMGvhXoYWiOfZGyg2RK9ih.jpg,"[{""id"": 35, ""name"": ""Comedy""}, {""id"": 10749, ""name"": ""Romance""}]","[{""id"": 6, ""logo_path"": ""/n53F7K9scQWFXYbrCablqLKqJdp.png"", ""name"": ""RKO Radio Pictures"", ""origin_country"": ""US""}]","[{""iso_3166_1"": ""US"", ""name"": ""United States of America""}]","[{""english_name"": ""English"", ""iso_639_1"": ""en"", ""name"": ""English""}]","[""US""]",null
175010,Glory,Glory,A lovesick girl and her grandfather groom their filly for the Kentucky Derby.,YOU'LL FALL IN LOVE as she herself falls in love!,Released,False,False,1956-01-11,100,0,0,0.5336,5.0,2,en,,tt0049268,/vS7MHadG23RnIQTFZzqn4VtmQuN.jpg,/aW6fPD7d1ENdKPi90TNyeuZYvMn.jpg,"[{""id"": 18, ""name"": ""Drama""}]","[{""id"": 19416, ""logo_path"": null, ""name"": ""David Butler Productions"", ""origin_country"": """"}]","[{""iso_3166_1"": ""US"", ""name"": ""United States of America""}]","[{""english_name"": ""English"", ""iso_639_1"": ""en"", ""name"": ""English""}]","[""US""]",null
175032,Skirt,Skirt,,,Released,False,False,2011-11-22,5,0,0,0.2285,10.0,1,en,,tt2120140,,,[],[],[],[],"[""US""]",null
175035,When Ladies Meet,When Ladies Meet,"Mary, a writer working on a novel about a love triangle, is attracted to her publisher. Her suitor Jimmy is determined to break them up; he introduces Mary to the publisher's wife without telling Mary who she is.",WIFE MEET MISTRESS! and HOW THESE LADIES TALK! A picture for suspicious wives---Misunderstood Husbands and Sweethearts!,Released,False,False,1933-06-23,85,0,0,0.5545,5.472,18,en,,tt0024763,/6GGK7UGIT1mG8wbGiDouhG9joaO.jpg,/qUkyy4Eprqrohd9Wi4M5OY9S4Jj.jpg,"[{""id"": 35, ""name"": ""Comedy""}, {""id"": 10749, ""name"": ""Romance""}]","[{""id"": 21, ""logo_path"": ""/usUnaYV6hQnlVAXP6r4HwrlLFPG.png"", ""name"": ""Metro-Goldwyn-Mayer"", ""origin_country"": ""US""}]","[{""iso_3166_1"": ""US"", ""name"": ""United States of America""}]","[{""english_name"": ""English"", ""iso_639_1"": ""en"", ""name"": ""English""}, {""english_name"": ""French"", ""iso_639_1"": ""fr"", ""name"": ""Fran\u00e7ais""}]","[""US""]",null
175037,Make Way For Ducklings,Make Way For Ducklings,"In this timeless tale of family life, Mr. & Mrs. Mallard find the perfect spot to raise their young in Boston's Public Garden.",,Released,False,True,1969-01-01,12,0,0,0.148,6.0,1,en,,,/ca53wgAWl8DsKkdMgxSSVmsikyb.jpg,,"[{""id"": 16, ""name"": ""Animation""}, {""id"": 10751, ""name"": ""Family""}]","[{""id"": 13636, ""logo_path"": ""/qTvhJHw5ixJX9t0cR81cF4eVvfO.png"", ""name"": ""Weston Woods Studios"", ""origin_country"": ""US""}, {""id"": 1938, ""logo_path"": ""/Tmc9JLmLPTSQUgsMP4BjCN8Off.png"", ""name"": ""Scholastic Productions"", ""origin_country"": ""US""}]",[],"[{""english_name"": ""English"", ""iso_639_1"": ""en"", ""name"": ""English""}]","[""US""]",null
175041,The Kirishima Thing,桐島、部活やめるってよ,"A story about the disappearance of Kirishima, a star athlete of the volleyball club, and how his disappearance affects every person in school.",,Released,False,False,2012-08-11,103,0,0,2.5276,6.901,71,ja,,tt2142797,/vZbdrAB9DRzpD7LfbNNgKX74v6y.jpg,/2SUoPDFxVXxJ64KG4KBs1qU0fQq.jpg,"[{""id"": 18, ""name"": ""Drama""}]","[{""id"": 6755, ""logo_path"": ""/bWiM2iY82B32NGmPCOFatgfekIR.png"", ""name"": ""Nippon Television Network Corporation"", ""origin_country"": ""JP""}, {""id"": 47391, ""logo_path"": ""/svgU6ufnJXm8oIF38aaLYKUnpBW.png"", ""name"": ""AX-ON"", ""origin_country"": ""JP""}, {""id"": 2918, ""logo_path"": ""/gyEWUBWwqrm3H5T2hkERD9LxpOq.png"", ""name"": ""Shueisha"", ""origin_country"": ""JP""}, {""id"": 11727, ""logo_path"": ""/cIMyE9cw1W4kMFGxmC17HKTnVz9.png"", ""name"": ""Yomiuri Telecasting Corporation"", ""origin_country"": ""JP""}, {""id"": 11725, ""logo_path"": ""/3OZxd70DZ1LbVelmZK8mR5FIXxO.png"", ""name"": ""VAP"", ""origin_country"": ""JP""}, {""id"": 14789, ""logo_path"": ""/dThbJAnUAeQCANrj3kV7RGnLM7R.png"", ""name"": ""D.N. Dream Partners"", ""origin_country"": ""JP""}, {""id"": 14602, ""logo_path"": ""/t9eqx5QCHtu8LxxgYzivqrJAosp.png"", ""name"": ""AMUSE"", ""origin_country"": ""JP""}, {""id"": 157807, ""logo_path"": ""/tyrJOOVAUIxQEJzjP1PhP2H5zFi.png"", ""name"": ""WOWOW"", ""origin_country"": ""JP""}]","[{""iso_3166_1"": ""JP"", ""name"": ""Japan""}]","[{""english_name"": ""Japanese"", ""iso_639_1"": ""ja"", ""name"": ""\u65e5\u672c\u8a9e""}]","[""JP""]",null
175040,A Chorus of Angels,北のカナリアたち,"Teacher Kawashima Haru takes a position on a remote island off the coast of Hokkaido, where she takes charge of six students. However, she is later forced to leave after an accident occurs. 20 years later, Haru learns that one of her former students has committed a crime, and eventually returns to the island once more.",,Released,False,False,2012-11-03,122,0,0,2.1042,6.8,13,ja,http://www.kitanocanaria.jp/,tt2046110,/urWOlQOxwk6vNsg04DoYuhgOalg.jpg,/6cbtWGbSW6CoMYLo5p8ewDkifze.jpg,"[{""id"": 18, ""name"": ""Drama""}, {""id"": 9648, ""name"": ""Mystery""}]","[{""id"": 5822, ""logo_path"": ""/qyTbRgCyU9NLKvKaiQVbadtr7RY.png"", ""name"": ""Toei Company"", ""origin_country"": ""JP""}, {""id"": 44262, ""logo_path"": null, ""name"": ""Central Arts"", ""origin_country"": ""JP""}, {""id"": 9300, ""logo_path"": ""/9sSD1XufVCJWAadNiC9Mwu994VD.png"", ""name"": ""TV Asahi"", ""origin_country"": ""JP""}, {""id"": 73025, ""logo_path"": ""/zYb2OfWjKvNlngpq4LemY9JVC51.png"", ""name"": ""Kinoshita Group"", ""origin_country"": ""JP""}, {""id"": 13411, ""logo_path"": ""/5pzxTy7lWRCiruCNzwqtIYB3N43.png"", ""name"": ""Hakuhodo"", ""origin_country"": ""JP""}, {""id"": 11846, ""logo_path"": ""/es3LvDA6wLWVDvZnAYYuAT6x8lJ.png"", ""name"": ""Hakuhodo DY Media Partners"", ""origin_country"": ""JP""}, {""id"": 127331, ""logo_path"": null, ""name"": ""Kaga Electronics"", ""origin_country"": ""JP""}, {""id"": 4868, ""logo_path"": ""/3ExeT4zGXBFU7ei1crOvuzKnc1z.png"", ""name"": ""Asahi Broadcasting Corporation"", ""origin_country"": ""JP""}, {""id"": 81418, ""logo_path"": ""/kW9bMQqnMFtPHvdoyCDpRqh7Gxt.png"", ""name"": ""Nagoya Broadcasting Network"", ""origin_country"": ""JP""}, {""id"": 256895, ""logo_path"": null, ""name"": ""Innovation Design"", ""origin_country"": ""JP""}, {""id"": 569, ""logo_path"": ""/hOurQBeeFI4OTTdAEtvGflbJgXU.png"", ""name"": ""Tokyo FM"", ""origin_country"": ""JP""}, {""id"": 139462, ""logo_path"": null, ""name"": ""Amazon Japan"", ""origin_country"": ""JP""}, {""id"": 81414, ""logo_path"": ""/eJSYeF1YIyQbZdTRNxuvVKaZOIK.png"", ""name"": ""Hokkaido Television Broadcasting"", ""origin_country"": ""JP""}, {""id"": 3031, ""logo_path"": ""/2JcgVKZ1gEY5RsLJU1CGj1MaKFj.png"", ""name"": ""The Asahi Shimbun"", ""origin_country"": ""JP""}, {""id"": 11726, ""logo_path"": ""/kgyCJlIgEJmC05ddOewgkDl9jZF.png"", ""name"": ""Yomiuri Shimbun Company"", ""origin_country"": ""JP""}, {""id"": 3032, ""logo_path"": ""/gaf3ez34cuvG9snphWGreB1WerA.png"", ""name"": ""Nippan Group Holdings"", ""origin_country"": ""JP""}, {""id"": 9221, ""logo_path"": ""/7hEAueutGnsQUyUGnp5zQ1YmCrO.png"", ""name"": ""Toei Video Company"", ""origin_country"": ""JP""}, {""id"": 8385, ""logo_path"": ""/xUraepuO7ImwpjxQtvZ0gwiYAuC.png"", ""name"": ""Hokkaido Shinbun Press"", ""origin_country"": ""JP""}, {""id"": 35119, ""logo_path"": ""/73mdRjWDMFQr3n4ba4JcAsFZbuN.png"", ""name"": ""Kyushu Asahi Broadcasting"", ""origin_country"": ""JP""}, {""id"": 248949, ""logo_path"": ""/omMXzoRyfKzy9cgFMYegrswcUkk.png"", ""name"": ""Higashi Nippon Broadcasting"", ""origin_country"": ""JP""}, {""id"": 256897, ""logo_path"": ""/8gY2bWR4TopxKJchQxvrhroKz3q.png"", ""name"": ""The Niigata Television Network 21"", ""origin_country"": ""JP""}, {""id"": 248369, ""logo_path"": ""/34nBfbkqxcjrbpVraEfI6MkCvgY.png"", ""name"": ""Shizuoka Asahi Television"", ""origin_country"": ""JP""}, {""id"": 203384, ""logo_path"": ""/lhn1dJk0b2ZRqyfxlPOsZ0LgagB.png"", ""name"": ""Hiroshima Home Television"", ""origin_country"": ""JP""}, {""id"": 203385, ""logo_path"": ""/jzpbEQa7AzEJaWrlxGupTxJBNiT.png"", ""name"": ""Ehime Asahi Television"", ""origin_country"": ""JP""}, {""id"": 256898, ""logo_path"": ""/ukRVlWSDniE9I4lNPW0EM9WFREE.png"", ""name"": ""Setonaikai Broadcasting"", ""origin_country"": ""JP""}, {""id"": 273759, ""logo_path"": ""/j8fgZwqpe4VTTCQpixONSCrLoCY.png"", ""name"": ""Gentosha"", ""origin_country"": ""JP""}]","[{""iso_3166_1"": ""JP"", ""name"": ""Japan""}]","[{""english_name"": ""Japanese"", ""iso_639_1"": ""ja"", ""name"": ""\u65e5\u672c\u8a9e""}]","[""JP""]",null
175044,The Lottery Man,The Lottery Man,A young man proposes a lottery with himself as the prize in marriage. However he finds himself very much in love with a woman other than the winner.,,Released,False,False,1916-06-25,50,0,0,0.2299,4.7,3,en,,tt0006943,/hAejJ6K5gk2bxkGUVlmx0y1h3sb.jpg,/di7DxakDv2i3WuWv6CcWNDyvEcv.jpg,"[{""id"": 35, ""name"": ""Comedy""}]","[{""id"": 170706, ""logo_path"": null, ""name"": ""F. Ray Comstock Photoplay Company"", ""origin_country"": """"}, {""id"": 58028, ""logo_path"": null, ""name"": ""Wharton"", ""origin_country"": """"}]","[{""iso_3166_1"": ""US"", ""name"": ""United States of America""}]","[{""english_name"": ""No Language"", ""iso_639_1"": ""xx"", ""name"": ""No Language""}]","[""US""]",null
175045,Desperado Square,כיכר החלומות,"In ha-Argazim, a neighborhood that time forgot, the one-year anniversary of Morris Mandabon's death is approaching, and his youngest son, Nissim has had a dream in which his father orders him to re-open the old neighborhood movie theater, thus breaking the vow that Morris had made years before never to screen movies again. Nissim and his brother George, together with Aharon Gabardine, who was the projectionist back in the old days, are determined to fulfill Morris' request. The same day Nissim has his dream, Avram Mandabon, Morris' brother, returns for his brother's memorial after a 25-year absence. His reappearance causes old family feuds to resurface.",,Released,False,False,2001-05-10,98,0,0,0.5302,7.5,2,he,,tt0246730,/e3d8thnAlhldaGzoUWJ4NFEOb64.jpg,/ieAv2fV8R59kAnvMISIKpkNcvlp.jpg,[],"[{""id"": 207986, ""logo_path"": null, ""name"": ""The Israeli Film Center"", ""origin_country"": """"}]","[{""iso_3166_1"": ""IL"", ""name"": ""Israel""}]","[{""english_name"": ""Hebrew"", ""iso_639_1"": ""he"", ""name"": ""\u05e2\u05b4\u05d1\u05b0\u05e8\u05b4\u05d9\u05ea""}]","[""IL""]",null
175051,Wuthering Heights,嵐が丘,"Young orphan Onimaru is adopted by the wealthy Yamabe family and moves into their estate, Wuthering Heights. Soon, the new resident falls for his compassionate foster sister, Kinu. The two share a remarkable bond that seems unbreakable until Kinu, feeling the pressure of social convention, suppresses her feelings and marries Mitsuhiko, a man of means who befits her stature. Onimaru vows to win her back.","When I go to hell, you will be with me.....",Released,False,False,1988-05-28,132,0,0,2.0826,6.7,12,ja,,tt0095786,/o1yCnY2nmOaYSY1BODMenONFty3.jpg,/amgvoI6dyhYdebVY36b9ynYEvks.jpg,"[{""id"": 18, ""name"": ""Drama""}]","[{""id"": 163730, ""logo_path"": null, ""name"": ""Mediactuel"", ""origin_country"": """"}, {""id"": 150998, ""logo_path"": null, ""name"": ""Seiyu"", ""origin_country"": ""JP""}]","[{""iso_3166_1"": ""JP"", ""name"": ""Japan""}]","[{""english_name"": ""Japanese"", ""iso_639_1"": ""ja"", ""name"": ""\u65e5\u672c\u8a9e""}]","[""JP""]",null
175050,Karate Warrior 3,Il ragazzo dal kimono d'oro 3,"A young man has to face a karate fighter to retrieve the kimono that belonged to a great master. The problem is that he does not understand anything about martial arts, but a master is willing to teach it.",,Released,False,False,1991-06-01,88,0,0,0.5312,4.7,23,it,,tt0196894,/y93kG58apdPkg3IfYgtotS0t2nV.jpg,/wpbnrcUW0fewah0PhsERmPeG0uj.jpg,"[{""id"": 18, ""name"": ""Drama""}, {""id"": 28, ""name"": ""Action""}, {""id"": 12, ""name"": ""Adventure""}]","[{""id"": 13682, ""logo_path"": null, ""name"": ""Fulvia Film"", ""origin_country"": ""IT""}]","[{""iso_3166_1"": ""IT"", ""name"": ""Italy""}]","[{""english_name"": ""Italian"", ""iso_639_1"": ""it"", ""name"": ""Italiano""}]","[""IT""]","{""id"": 192962, ""name"": ""Karate Warrior Collection"", ""poster_path"": ""/7eGSiOqhjR3OUViHY2dIUFIirc5.jpg"", ""backdrop_path"": null}"
175054,Ninja Kill,Ninja Kill,"""Gordon (Richard Harrison), the great ninja master faces the most desperate challenge of his life when he and his intrepid ally David, must answer to ninja law and do battle with a brutal horde of evil ninjas in order to foil an assassination plot.  Led by the depraved criminal mastermind Stuart, an army of sadistic purple ninjas em-barks on a bloody killing spree in a campaign to seize control of the entire nation.  As part of his heinous scheme, Stuart plans to assassinate a senator and replace him with a figurehead who will establish a base of oper-ations for the seductive and deadly beauty known as ""Miss Littleton"".  The tension mounts to the breaking point as Gordon and David put their lives on the line to end the reign of terror!"" - VHS Back of the box description.  A Hong Kong cut and paste edit of the 1982 Thai film ""จ้าวนรก"" (Lord of Hell/Fire Chief) with new scenes with ninjas.",BREAK NINJA LAW — SUFFER NINJA JUSTICE!,Released,False,False,1987-01-01,87,0,0,0.3485,5.0,3,en,,tt0199832,/zHfk8MQZGynZryo30zMbFwBT2Vi.jpg,/4565GYhZPLii5EB8mflW7JjBBSR.jpg,"[{""id"": 28, ""name"": ""Action""}]","[{""id"": 18727, ""logo_path"": null, ""name"": ""IFD Films & Arts Company"", ""origin_country"": ""HK""}]","[{""iso_3166_1"": ""HK"", ""name"": ""Hong Kong""}]","[{""english_name"": ""English"", ""iso_639_1"": ""en"", ""name"": ""English""}]","[""HK"", ""US""]","{""id"": 1233158, ""name"": ""Ninja Master Gordon Collection"", ""poster_path"": ""/3xrOG8EStkyD6oNg5T31zQ9OhnE.jpg"", ""backdrop_path"": ""/1WIzPkqnqqAvXRFdBp1PvWJYwVd.jpg""}"
175056,Kit Carson,Kit Carson,Frontiersman Kit Carson fights off Indian attacks on the trail to California.,A MIGHTY SAGA OF PIONEER COURAGE...that gave the nation a new empire!,Released,False,False,1940-08-30,97,0,0,0.8829,5.8,12,en,,tt0032670,/hr6LRa8Mkry9OZQCR3wDjETYGSZ.jpg,/xiagk1pPWsuk1otua7qNbsNdeE2.jpg,"[{""id"": 37, ""name"": ""Western""}, {""id"": 10749, ""name"": ""Romance""}]","[{""id"": 13479, ""logo_path"": null, ""name"": ""Edward Small Productions"", ""origin_country"": ""US""}, {""id"": 60, ""logo_path"": ""/4YldLvCWQL9VIAHQ2Fu3Ffkh9Si.png"", ""name"": ""United Artists"", ""origin_country"": ""US""}]","[{""iso_3166_1"": ""US"", ""name"": ""United States of America""}]","[{""english_name"": ""English"", ""iso_639_1"": ""en"", ""name"": ""English""}, {""english_name"": ""Spanish"", ""iso_639_1"": ""es"", ""name"": ""Espa\u00f1ol""}]","[""US""]",null
175061,The Approach of Autumn,秋立ちぬ,"A single mother from the country raising a 6th grade boy comes to Tokyo, leaves the boy to live with his uncle's family, runs a struggling grocery store, and works a local inn. The boy befriends a girl, the daughter of the innkeeper.",,Released,False,False,1960-10-01,79,0,0,1.7309,6.9,12,ja,,tt0053578,/nduxUQxRFvRFqyNHMoxmf5FfCSe.jpg,/brlrBTx1aFOofbmPLmJPSspd0pC.jpg,"[{""id"": 18, ""name"": ""Drama""}]","[{""id"": 882, ""logo_path"": ""/fRSWWjquvzcHjACbtF53utZFIll.png"", ""name"": ""TOHO"", ""origin_country"": ""JP""}]","[{""iso_3166_1"": ""JP"", ""name"": ""Japan""}]","[{""english_name"": ""Japanese"", ""iso_639_1"": ""ja"", ""name"": ""\u65e5\u672c\u8a9e""}]","[""JP""]",null
175065,Fun on a Weekend,Fun on a Weekend,"Shy, destitute Peter Porter meets equally impoverished Nancy Crane at a Florida beach. Inspired by Peter's belief that a person can acquire wealth simply by creating an aura of success, the outgoing Nancy convinces Peter to join her in impersonating a confident and eccentric wealthy couple. The experiment works, and the couple secure a stunning wardrobe and a lavish room at a resort. Peter panics, however, when he gets a fantastic job offer.",FROM TRAMPS TO TYCOONS...In One Hilarious Weekend!,Released,False,False,1947-05-15,93,0,0,1.4246,7.7,3,en,,tt0039405,/lhKwXSdlgNeSovoUXkeKLp6q71w.jpg,/kQQPoHupkO1nEXmwLkOj6YdAlj5.jpg,"[{""id"": 35, ""name"": ""Comedy""}, {""id"": 10749, ""name"": ""Romance""}]",[],[],"[{""english_name"": ""English"", ""iso_639_1"": ""en"", ""name"": ""English""}]","[""US""]",null
175063,Psyche,Psyche,"Three action-packed segments make up this riveting mountain-climbing film that showcases the skill and athleticism of British sport climber Steve McClure, alpine climber Andy Kirkpatrick and traditional climber Dave Birkett. ""Magic Numbers"" profiles some of McClure's most amazing climbs; ""Patagonian Winter"" documents Kirkpatrick's attempt to ascend Torre Egger; and ""Skye Wall"" follows Birkett's first ascent at the famous Cuillin Range.",,Released,False,False,2007-01-01,77,0,0,0.1774,0.0,0,en,,,/90gypNjlMwPmTwl9og2EZ3NNPVb.jpg,,"[{""id"": 12, ""name"": ""Adventure""}, {""id"": 99, ""name"": ""Documentary""}]","[{""id"": 12056, ""logo_path"": null, ""name"": ""Posing Productions"", ""origin_country"": """"}]",[],"[{""english_name"": ""English"", ""iso_639_1"": ""en"", ""name"": ""English""}]","[""US""]",null
175071,The Villain,The Villain,"In The Villain, Billy attempted something a little different. He's still imitating Chaplin, but this time he's playing the wicked, top-hatted Charlie found in some of his earliest Keystone appearances (e.g. Mabel at the Wheel), the ones where Charlie himself seemed to be imitating the studio's recently departed Ford Sterling. Throughout this short there is much spoofing of old-time melodramas, a frequent motif of Sterling's comedies.",,Released,False,False,1917-07-14,21,0,0,0.3373,5.5,2,xx,,tt0009764,/bCSSGe9lVmOCANilbynP9ppz5RP.jpg,/foAD8vCchkivgBqoSSNyxAL7Z0O.jpg,"[{""id"": 35, ""name"": ""Comedy""}]","[{""id"": 91633, ""logo_path"": null, ""name"": ""King Bee Studios"", ""origin_country"": ""US""}]","[{""iso_3166_1"": ""US"", ""name"": ""United States of America""}]","[{""english_name"": ""No Language"", ""iso_639_1"": ""xx"", ""name"": ""No Language""}]","[""US""]",null
175066,Be Forever Yamato,ヤマトよ永遠に,The Black Nebula Empire attacks Earth and threatens to blow up the planet with a bomb they placed on Earth if counter attacked. Earths hopes rest on the Yamato crew as they go to the Black Nebula Planet and try to find a way to difuse the bomb before it's too late.,,Released,False,False,1980-08-01,145,0,0,1.9754,7.6,9,ja,,tt0140703,/fCMkpY2PeUuCJqk91lft4J1hgYk.jpg,/mQrOi4EFtVpYzezMfgBdJDSctwh.jpg,"[{""id"": 16, ""name"": ""Animation""}, {""id"": 18, ""name"": ""Drama""}, {""id"": 878, ""name"": ""Science Fiction""}, {""id"": 28, ""name"": ""Action""}]","[{""id"": 5542, ""logo_path"": ""/ayE4LIqoAWotavo7xdvYngwqGML.png"", ""name"": ""Toei Animation"", ""origin_country"": ""JP""}]","[{""iso_3166_1"": ""JP"", ""name"": ""Japan""}]","[{""english_name"": ""Japanese"", ""iso_639_1"": ""ja"", ""name"": ""\u65e5\u672c\u8a9e""}]","[""JP""]","{""id"": 460467, ""name"": ""Space Battleship Yamato Collection"", ""poster_path"": ""/d6SNgrqGQFKBEJFO6pGFrMbrEru.jpg"", ""backdrop_path"": ""/8wHcMLLFIW4x1PEZRPmibb9d1cp.jpg""}"
175072,Graham Norton: Live at the Roundhouse,Graham Norton: Live at the Roundhouse,"Graham Norton, media darling and presenter of the outrageous 'So... Graham Norton' show makes his first live performance video, shot at London's The Roundhouse. Norton whose irresistible and naughty persona is a lot more so as a live performer calls on his background as a stand-up comedian, but also includes elements like the soft-toy telephone from his television show.",,Released,False,False,2001-11-19,66,0,0,0.1779,5.8,4,en,,tt0304101,/9gJaPResuDfPH9rFIUe6hO3Xoiq.jpg,,"[{""id"": 35, ""name"": ""Comedy""}]",[],"[{""iso_3166_1"": ""GB"", ""name"": ""United Kingdom""}]","[{""english_name"": ""English"", ""iso_639_1"": ""en"", ""name"": ""English""}]","[""US"", ""GB""]",null
175073,House of Blackmail,House of Blackmail,"A blackmailer is murdered, and the police find that there is a long list of suspects who wanted to see him dead.",,Released,False,False,1953-07-13,72,0,0,0.5828,6.0,9,en,,tt0045887,/szZq7RlirorvFOFQFUzcawL0ObH.jpg,/dMUa8Xp9WbiTSdLNZ8ircg51eQZ.jpg,"[{""id"": 18, ""name"": ""Drama""}]","[{""id"": 13724, ""logo_path"": ""/3j4cIV80cyoKW2oEE1obGw4C9vB.png"", ""name"": ""A.C.T. Films"", ""origin_country"": ""GB""}]","[{""iso_3166_1"": ""GB"", ""name"": ""United Kingdom""}]","[{""english_name"": ""English"", ""iso_639_1"": ""en"", ""name"": ""English""}]","[""GB""]",null
175078,His Day Out,His Day Out,"In this film, West escapes a couple of cops and fights for the hand of Leatrice Joy with Oliver Hardy (doing his best Eric Campell). A barber by trade, our tramp serves his boorish clientele with similarly bad manners before the whole crowd attends a swanky Barbers' Ball.",,Released,False,False,1918-01-14,20,0,0,0.5769,3.9,4,xx,,tt0009179,/Akvt7q8kUmJRMd0PyaQFcvFjaXW.jpg,/shqe6Gv7LY1vK5cgOYjZ2iOPNue.jpg,"[{""id"": 35, ""name"": ""Comedy""}]",[],"[{""iso_3166_1"": ""US"", ""name"": ""United States of America""}]","[{""english_name"": ""No Language"", ""iso_639_1"": ""xx"", ""name"": ""No Language""}]","[""US""]",null
175076,Whirlpool,Whirlpool,The ex-girlfriend of a German fugitive hides with the captain and crew of a ship on the Rhine.,,Released,False,False,1959-03-01,95,0,0,0.4818,6.2,6,en,,tt0053442,/6mAGV6gjOm1MwXdSVh8fjDYA84m.jpg,/gOk90pdLj9qKd6UmPGD99IrE9yt.jpg,"[{""id"": 18, ""name"": ""Drama""}, {""id"": 80, ""name"": ""Crime""}]",[],"[{""iso_3166_1"": ""GB"", ""name"": ""United Kingdom""}]","[{""english_name"": ""English"", ""iso_639_1"": ""en"", ""name"": ""English""}]","[""GB""]",null
175077,Frankie Valli And The Four Seasons,Frankie Valli And The Four Seasons,"Live in Atlantic City, 1992.",,Released,False,False,2004-01-26,76,0,0,0.0143,0.0,0,en,,,/3750vHaHWEml9EcHzTQTjSuVT6M.jpg,,[],[],[],[],"[""US""]",null
175074,Dublin Nightmare,Dublin Nightmare,"Loot goes missing in robbery double-cross. Gang members, an ex-lover and a handsome stranger are left to sort it out.",,Released,False,False,1958-10-01,62,0,0,0.3739,5.6,4,en,,tt0124451,/iNha53ks4hy4gmuOnuFqYH6rLpb.jpg,/oGKyXtgBJNV3MvfZNG1Ppk02eF3.jpg,"[{""id"": 80, ""name"": ""Crime""}]","[{""id"": 16104, ""logo_path"": null, ""name"": ""Penington Eady Productions"", ""origin_country"": """"}]","[{""iso_3166_1"": ""GB"", ""name"": ""United Kingdom""}]","[{""english_name"": ""English"", ""iso_639_1"": ""en"", ""name"": ""English""}]","[""US"", ""GB""]",null
175080,G4 Live At The Royal Albert Hall,G4 Live At The Royal Albert Hall,"Live at the Royal Albert Hall, 2005",,Released,False,False,2005-11-28,109,0,0,0.0,0.0,0,en,,,,,[],[],[],[],"[""US""]",null
175079,Information Received,Information Received,Drama of an underworld double-cross as a man and woman set a death trap from which only one could possibly escape.,,Released,False,False,1961-08-01,77,0,0,0.4718,5.0,1,en,,tt0056099,/17SfAQac238NyiRzhAZWYBVYefX.jpg,/foKYI1aSeJMNGhxrZxRfIVDjL2T.jpg,"[{""id"": 80, ""name"": ""Crime""}, {""id"": 18, ""name"": ""Drama""}]","[{""id"": 15360, ""logo_path"": null, ""name"": ""United Co-Productions"", ""origin_country"": """"}, {""id"": 169269, ""logo_path"": null, ""name"": ""Murrayfield Productions"", ""origin_country"": """"}]","[{""iso_3166_1"": ""US"", ""name"": ""United States of America""}]",[],"[""US""]",null
175083,Nightmare Songs (Opera della Luna),Nightmare Songs (Opera della Luna),"Recorded at Buxton Opera House, 2009.",,Released,False,False,2009-07-31,79,0,0,0.0,0.0,0,en,,,,,[],[],[],[],"[""US""]",null
175084,The Ghosts of Ruddigore (Opera della Luna),The Ghosts of Ruddigore (Opera della Luna),"Live at Buxton, 31st July 2004.",,Released,False,False,2004-07-30,119,0,0,0.0071,0.0,0,en,,,,,[],[],[],[],"[""US""]",null
175086,The Shadow Within,影の車,"When a married man begins an affair with a woman from his past, he comes to suspect her young son intends to murder him.",,Released,False,False,1970-06-13,97,0,0,1.8548,5.3,10,ja,,tt0203605,/qTWkwfmXY4zQWpcecfAPBLKQGY2.jpg,/eTqfoR6H23Zp80jbPBN8jcVE9Jx.jpg,"[{""id"": 18, ""name"": ""Drama""}, {""id"": 53, ""name"": ""Thriller""}]","[{""id"": 192, ""logo_path"": ""/93eAKlnQecDdMtucfOprzcjMw9V.png"", ""name"": ""Shochiku"", ""origin_country"": ""JP""}]","[{""iso_3166_1"": ""JP"", ""name"": ""Japan""}]","[{""english_name"": ""Japanese"", ""iso_639_1"": ""ja"", ""name"": ""\u65e5\u672c\u8a9e""}]","[""JP""]",null
175087,The Diplomatic Pouch,Сумка дипкур'єра,"The Soviet embassy in England sends two couriers with diplomatic mail to Leningrad. The inspector of security police, White, and a group of policemen attack the Soviet diplomatic couriers at night. The documents get to an English trackman, who gives them to his son, a sailor in Portsmouth.",,Released,False,False,1927-02-28,72,0,0,0.3083,4.2,8,uk,,tt0018453,/gRB0TSbYycvYhobpEDQnT1bZkv4.jpg,/405CzKyPUVkXiiiUAfNyCdF8RaT.jpg,"[{""id"": 53, ""name"": ""Thriller""}, {""id"": 18, ""name"": ""Drama""}, {""id"": 36, ""name"": ""History""}]","[{""id"": 25065, ""logo_path"": ""/ugfX3cgasxoDtUjkmWqlthK4hja.png"", ""name"": ""VUFKU"", ""origin_country"": ""SU""}]","[{""iso_3166_1"": ""SU"", ""name"": ""Soviet Union""}]","[{""english_name"": ""No Language"", ""iso_639_1"": ""xx"", ""name"": ""No Language""}]","[""SU""]",null
175088,NWA Clash of The Champions VII: Guts & Glory,NWA Clash of The Champions VII: Guts & Glory,"Clash of the Champions VII took place on June 14, 1989 at the Ritz-Epps Fitness Center in Fort Bragg, North Carolina. The show drew a 3.8 rating on TBS. This show was used to build the Great American Bash 1989 PPV on July 23.",,Released,False,True,1989-06-14,0,0,0,0.9511,0.0,0,en,,tt1498560,/vEcHGBqWdj5tL3lGZGOVQMmrYcU.jpg,,[],"[{""id"": 13510, ""logo_path"": ""/1G5tOhMyzIwl4CboqUZ9dvWwbbu.png"", ""name"": ""World Championship Wrestling"", ""origin_country"": ""US""}, {""id"": 13397, ""logo_path"": ""/7RmEipI3mnHxpo8tjcK8HTQ5PTU.png"", ""name"": ""National Wrestling Alliance"", ""origin_country"": ""US""}]","[{""iso_3166_1"": ""US"", ""name"": ""United States of America""}]",[],"[""US""]",null
175089,NWA Clash of The Champions VIII: Fall Brawl '89,NWA Clash of The Champions VIII: Fall Brawl '89,"Clash of the Champions VIII took place on September 12, 1989 at the Carolina Coliseum in Columbia, South Carolina. There were 2,600 fans in attendance and the show drew a 4.7 rating on TBS. This show was used to build the first ever Halloween Havoc PPV on October 28.",,Released,False,True,1989-09-12,120,0,0,0.6276,6.3,3,en,,tt1498561,/4WK8e0b48h5HtnR9UvyHDY4Szgt.jpg,,[],"[{""id"": 13510, ""logo_path"": ""/1G5tOhMyzIwl4CboqUZ9dvWwbbu.png"", ""name"": ""World Championship Wrestling"", ""origin_country"": ""US""}, {""id"": 13397, ""logo_path"": ""/7RmEipI3mnHxpo8tjcK8HTQ5PTU.png"", ""name"": ""National Wrestling Alliance"", ""origin_country"": ""US""}]","[{""iso_3166_1"": ""US"", ""name"": ""United States of America""}]","[{""english_name"": ""English"", ""iso_639_1"": ""en"", ""name"": ""English""}]","[""US""]",null
175092,NWA Clash of The Champions IX: New York Knockout,NWA Clash of The Champions IX: New York Knockout,"WCW Clash of The Champions IX: New York Knockout took place on November 15, 1989 at The Houston Field House in Troy, New York. There were 4,000 fans in attendance and the show drew a 4.9 rating on TBS. This show mainly dealt with fallout from Halloween Havoc PPV and set up the Iron Man/Iron Team tournaments at Starrcade '89: Future Shock.",,Released,False,True,1989-11-15,120,0,0,0.8421,0.0,0,en,,tt1498558,/f86KO562LRffbzzyyVKtT4vldb3.jpg,,[],"[{""id"": 13510, ""logo_path"": ""/1G5tOhMyzIwl4CboqUZ9dvWwbbu.png"", ""name"": ""World Championship Wrestling"", ""origin_country"": ""US""}, {""id"": 13397, ""logo_path"": ""/7RmEipI3mnHxpo8tjcK8HTQ5PTU.png"", ""name"": ""National Wrestling Alliance"", ""origin_country"": ""US""}]","[{""iso_3166_1"": ""US"", ""name"": ""United States of America""}]","[{""english_name"": ""English"", ""iso_639_1"": ""en"", ""name"": ""English""}]","[""US""]",null
175091,Selam,Selam,"'Selam' is a Turkish movie that tells the impressive stories of three Turkish teachers who are idealists working at schools opened by Turkish entrepreneurs on three different continents and in three different countries: Afghanistan, Senegal, and Bosnia and Herzegovina.  This story is based on true events that has been in progress for more than 20 years in which a number of young people in love of peace and humanity leave their countries to teach, help and live in countries they have never heard of before. This is the story of people who live for their ideals and other people before themselves, and who leave their families, loves, friends, countries behind. They set on this pet just with the inspiration of the words which said ""A couple of eyes are waiting for you here, but thousands of eyes are waiting in faraway lands."" They had sacrifice and kindness in their bags, love in their hearts and a smiling Selam (greetings) in their tongues.  - Written by Akif Okumus",,Released,False,False,2013-03-28,103,0,0,0.2884,5.3,14,tr,,tt2737018,/gIDdqTQHQjtBZRj7XicBCSpDGFn.jpg,,"[{""id"": 18, ""name"": ""Drama""}]",[],"[{""iso_3166_1"": ""TR"", ""name"": ""Turkey""}]","[{""english_name"": ""Turkish"", ""iso_639_1"": ""tr"", ""name"": ""T\u00fcrk\u00e7e""}]","[""TR""]",null
175098,Hard Boiled Yeggs,Hard Boiled Yeggs,"A recent college graduate (Billy West) inherits a large sum of money, as well as a dive on the rough side of town. The will states that, in the event of Billy's death, two thugs get the money and the 'Cafe', and the thugs try, through various means, to see that Billy meets his demise. But Billy manages to thwart their efforts, with the help of a pretty young girl.",,Released,False,False,1926-03-07,19,0,0,0.3685,8.0,1,en,,tt0248066,/wjQLM5SsdNdtxEsZqQzeIfM0Whl.jpg,,"[{""id"": 35, ""name"": ""Comedy""}]","[{""id"": 57555, ""logo_path"": null, ""name"": ""Cumberland Productions"", ""origin_country"": ""US""}]","[{""iso_3166_1"": ""US"", ""name"": ""United States of America""}]","[{""english_name"": ""No Language"", ""iso_639_1"": ""xx"", ""name"": ""No Language""}]","[""US""]",null
175093,NWA Clash of The Champions X: Texas Shootout,NWA Clash of The Champions X: Texas Shootout,"WCW Clash of The Champions X: Texas Shootout took place on February 6, 1990 at the Memorial Coliseum in Corpus Christi, Texas. There were 3,000 fans in attendance and the show drew a 4.5 rating on TBS. This was the show that set up the WCW WrestleWar '90: Wild Thing pay-per-view event.",,Released,False,True,1990-02-06,106,0,0,0.3672,0.0,0,en,,tt1498562,/yWBFDUtkmexXgBdZ2pz9ZITCxm9.jpg,,[],"[{""id"": 13510, ""logo_path"": ""/1G5tOhMyzIwl4CboqUZ9dvWwbbu.png"", ""name"": ""World Championship Wrestling"", ""origin_country"": ""US""}, {""id"": 13397, ""logo_path"": ""/7RmEipI3mnHxpo8tjcK8HTQ5PTU.png"", ""name"": ""National Wrestling Alliance"", ""origin_country"": ""US""}]","[{""iso_3166_1"": ""US"", ""name"": ""United States of America""}]","[{""english_name"": ""English"", ""iso_639_1"": ""en"", ""name"": ""English""}]","[""US""]",null
175099,Princess Ida (The G&S Opera Company),Princess Ida (The G&S Opera Company),"Recorded in Buxton, 2009.",,Released,False,False,2009-07-31,135,0,0,0.0,0.0,0,en,,,,,[],[],[],[],"[""US""]",null
175102,H.M.S. Pinafore & Trial by Jury (The G&S Opera Company),H.M.S. Pinafore & Trial by Jury (The G&S Opera Company),"Captain's daughter Josephine and common sailor Ralph Rackstraw are in love. However, their relationship is complicated by her arranged marriage to the high-ranking Sir Joseph Porter. A secret about the characters' true identities revealed by Little Buttercup, which leads to a farcical resolution. In Trial by Jury, set around a classic case of broken vows – the defendant having literally left the claimant at the altar – the trial bubbles over with emotion, humour, and downright chaos, leaving the jury divided.",,Released,False,False,2009-07-31,137,0,0,0.1319,0.0,0,en,,,,,"[{""id"": 10402, ""name"": ""Music""}]",[],[],"[{""english_name"": ""English"", ""iso_639_1"": ""en"", ""name"": ""English""}]","[""US""]",null
175103,The Mikado,The Mikado,"In a small Japanese town, Ko-Ko is appointed to the unenviable position of executioner. Knowing he must successfully perform before the appearance of the Mikado in a month's time, Ko-Ko finds a suitable victim in Nanki-Poo, who is distraught over his unrequited love for the maiden Yum-Yum. Nanki-Poo agrees to sacrifice his life if he is allowed to spend his remaining days with Yum-Yum, who is betrothed to Ko-Ko. Performed by the G&S Very Light Opera Company, Minneapolis, MN, in 2007.",,Released,False,False,2007-08-10,147,0,0,0.1946,0.0,0,en,https://gsvloc.org/show/the-mikado-2007/,,/5pUg5P4SgEjhPXtfnpkVuGxTLTU.jpg,,"[{""id"": 10749, ""name"": ""Romance""}, {""id"": 35, ""name"": ""Comedy""}]","[{""id"": 269133, ""logo_path"": null, ""name"": ""The Gilbert and Sullivan Opera Company"", ""origin_country"": """"}]","[{""iso_3166_1"": ""US"", ""name"": ""United States of America""}]","[{""english_name"": ""English"", ""iso_639_1"": ""en"", ""name"": ""English""}]","[""US""]",null
175104,The Mikado,The Mikado,"In a small Japanese town, Ko-Ko is appointed to the unenviable position of executioner. Knowing he must successfully perform before the appearance of the Mikado in a month's time, Ko-Ko finds a suitable victim in Nanki-Poo, who is distraught over his unrequited love for the maiden Yum-Yum. Nanki-Poo agrees to sacrifice his life if he is allowed to spend his remaining days with Yum-Yum, who is betrothed to Ko-Ko. Performed by Opera Australia at the Sydney Opera House in 1987.",,Released,False,False,1987-06-30,151,0,0,0.1363,0.0,0,en,,tt0188902,/4UE7KVUJg4zDMbmKIrQJF6yvfDE.jpg,,"[{""id"": 10402, ""name"": ""Music""}, {""id"": 35, ""name"": ""Comedy""}]","[{""id"": 39594, ""logo_path"": ""/hmC9vTikkj4tYe350OpbSJTrgn8.png"", ""name"": ""Opera Australia"", ""origin_country"": ""AU""}]","[{""iso_3166_1"": ""AU"", ""name"": ""Australia""}]","[{""english_name"": ""English"", ""iso_639_1"": ""en"", ""name"": ""English""}]","[""AU"", ""US""]",null
175107,Koko Is 19,קוקו בן 19,A movie about a talented kid Koko whose song gets stolen by a greedy producer. Desperate Koko influenced by his fierce friend Pini to pull a job on a jewelry store.,,Released,False,False,1985-06-06,86,0,0,0.0453,7.0,1,he,,tt0151238,/cep5h0ScrFEcgykO2mb4u1NYQ6J.jpg,/1ZdQa7Fmeyos8GbOoRPTtp096Y3.jpg,"[{""id"": 18, ""name"": ""Drama""}]",[],"[{""iso_3166_1"": ""IL"", ""name"": ""Israel""}]","[{""english_name"": ""Hebrew"", ""iso_639_1"": ""he"", ""name"": ""\u05e2\u05b4\u05d1\u05b0\u05e8\u05b4\u05d9\u05ea""}]","[""IL""]",null
175106,Recording the Producers: A Musical Romp with Mel Brooks,Recording the Producers: A Musical Romp with Mel Brooks,"An exclusive musical comedy event showcasing the antics of the entire cast and crew of the hit Broadway show The Producers. Includes exclusive candid behind-the-scenes footage, 14 song performances, and much more, all hosted by Mel Brooks.",,Released,False,False,2001-10-01,85,0,0,0.8813,9.0,4,en,,tt0308800,/U1FwkdF9w1EmBLyWW8235iKur0.jpg,,"[{""id"": 99, ""name"": ""Documentary""}, {""id"": 35, ""name"": ""Comedy""}, {""id"": 10402, ""name"": ""Music""}]","[{""id"": 14563, ""logo_path"": null, ""name"": ""Maysles Films"", ""origin_country"": ""US""}, {""id"": 79564, ""logo_path"": null, ""name"": ""Sony Classical"", ""origin_country"": """"}]","[{""iso_3166_1"": ""US"", ""name"": ""United States of America""}]","[{""english_name"": ""English"", ""iso_639_1"": ""en"", ""name"": ""English""}]","[""US""]",null
175109,The Beach Boys: It's OK,The Beach Boys: It's OK,"A live performance from the Beach Boys, featuring their best known songs, including 'Help Me Rhonda' and 'Good Vibrations'.",,Released,False,False,1976-08-05,50,0,0,1.0215,8.0,1,en,,,/yIbu1WcipzXwrOYiFH68TmPZcLv.jpg,/4EkqANGiHPfEZk9iir399Uru1h6.jpg,"[{""id"": 10402, ""name"": ""Music""}, {""id"": 99, ""name"": ""Documentary""}, {""id"": 10770, ""name"": ""TV Movie""}, {""id"": 35, ""name"": ""Comedy""}]","[{""id"": 1756, ""logo_path"": ""/d7YyNzysIF0lSb4lJRf1ar6MHxi.png"", ""name"": ""Broadway Video"", ""origin_country"": ""US""}, {""id"": 204563, ""logo_path"": null, ""name"": ""Brother Records"", ""origin_country"": """"}]","[{""iso_3166_1"": ""US"", ""name"": ""United States of America""}]","[{""english_name"": ""English"", ""iso_639_1"": ""en"", ""name"": ""English""}]","[""US""]",null
175108,"Ivone, the Queen of Sin","Ivone, a Rainha do Pecado",A woman goes to prison for prostitution and loses contact with her 7-year-old son.,,Released,False,False,1984-03-26,80,0,0,0.193,3.8,8,pt,,tt0279145,/btwHtcKwDCsozSXlpJUPuDLrQFr.jpg,,"[{""id"": 10749, ""name"": ""Romance""}, {""id"": 80, ""name"": ""Crime""}, {""id"": 18, ""name"": ""Drama""}]","[{""id"": 63804, ""logo_path"": null, ""name"": ""Plat\u00e9ia Filmes"", ""origin_country"": ""BR""}]","[{""iso_3166_1"": ""BR"", ""name"": ""Brazil""}]","[{""english_name"": ""Portuguese"", ""iso_639_1"": ""pt"", ""name"": ""Portugu\u00eas""}]","[""BR""]",null
175111,Smell and Smile,Kompot Na'alyim,"When Igor immigrates from Russia to Israel, he is recruited into the mandatory Israeli army reserve service. When his commanders learn the army food causes him to have very noisy farts, they order him to utilize this to defuse mines.",,Released,False,False,1985-06-06,90,0,0,0.2066,2.3,3,en,,tt0151240,/gHE9GKQu0HQUQs3k0ROH1K09B53.jpg,,"[{""id"": 35, ""name"": ""Comedy""}]","[{""id"": 249271, ""logo_path"": null, ""name"": ""Roy Films"", ""origin_country"": ""IL""}]","[{""iso_3166_1"": ""IL"", ""name"": ""Israel""}]","[{""english_name"": ""Hebrew"", ""iso_639_1"": ""he"", ""name"": ""\u05e2\u05b4\u05d1\u05b0\u05e8\u05b4\u05d9\u05ea""}]","[""US""]",null
175114,The Beach Boys: The Lost Concert,The Beach Boys: The Lost Concert,"Archive performance from 1964, long thought lost to posterity, this concert footage features the California boys in the days that Brian Wilson still appeared on stage with them. Includes the hits 'Little Deuce Coupe', 'Fun, Fun, Fun', 'In My Room' and 'Surfin' USA'.",,Released,False,True,2003-04-20,22,0,0,0.3247,6.0,2,en,,tt0244994,/yUBttvC3jr1LAuF0GcIRrgbNo5e.jpg,/ftLTh3NBpitaYwAs3G1wC32xFJy.jpg,"[{""id"": 10402, ""name"": ""Music""}]","[{""id"": 185331, ""logo_path"": null, ""name"": ""SabuCat Productions"", ""origin_country"": """"}]","[{""iso_3166_1"": ""US"", ""name"": ""United States of America""}]","[{""english_name"": ""English"", ""iso_639_1"": ""en"", ""name"": ""English""}]","[""US""]",null
175112,Tinker Bell and the Pirate Fairy,Tinker Bell and the Pirate Fairy,"Zarina, a smart and ambitious dust-keeper fairy who’s captivated by Blue Pixie Dust and its endless possibilities, flees Pixie Hollow and joins forces with the scheming pirates of Skull Rock, who make her captain of their ship. Tinker Bell and her friends must embark on an epic adventure to find Zarina, and together they go sword-to-sword with the band of pirates led by a cabin boy named James, who’ll soon be known as Captain Hook himself.",From the World of Peter Pan.,Released,False,False,2014-02-13,78,0,63998725,6.0149,6.945,1062,en,http://fairies.disney.com/the-pirate-fairy,tt2483260,/81oxrsugqqs8sAVNX9fdlz57cVU.jpg,/vcLpxfpfKCKGiTlUx83CzKxRDT2.jpg,"[{""id"": 16, ""name"": ""Animation""}, {""id"": 10751, ""name"": ""Family""}]","[{""id"": 5391, ""logo_path"": ""/o5AcK10ViutenSa4XTD18ClCEWe.png"", ""name"": ""DisneyToon Studios"", ""origin_country"": ""US""}]","[{""iso_3166_1"": ""US"", ""name"": ""United States of America""}]","[{""english_name"": ""English"", ""iso_639_1"": ""en"", ""name"": ""English""}]","[""US""]","{""id"": 315595, ""name"": ""Tinker Bell Collection"", ""poster_path"": ""/wzt5eeX5YeJ4CLi165id4dKEgfW.jpg"", ""backdrop_path"": ""/8wvxr06XNW2zofbOHQqEgokTmLx.jpg""}"
175116,Out of the Blue,Buongiorno papà,"Andrea is a handsome and cocky 38-year old man with a successful business career. Shallow, womanizing and a confirmed bachelor, his life seems to be just perfect... until the day he comes home and finds there Layla, a teenage girl who claims to be his daughter. Alongside Layla is her grandfather Enzo, a former rockstar and the father of Andrea's first fleeting and forgotten conquest. And they've come to stay!",,Released,False,False,2013-03-14,109,0,0,0.7993,6.0,323,it,,tt2751576,/i3ZB3GVSJQQYpVgJBDFpDrsaC3Q.jpg,/yriVjtK2wKO2t4bCZ2wH7YXyb8z.jpg,"[{""id"": 35, ""name"": ""Comedy""}]","[{""id"": 1429, ""logo_path"": ""/n1GvY0KLgk3gcEPO07L7nXncB3i.png"", ""name"": ""Italian International Film"", ""origin_country"": ""IT""}, {""id"": 6246, ""logo_path"": ""/7X6pfxldTiOD7MLo2EQqUQlmOUw.png"", ""name"": ""Medusa Film"", ""origin_country"": ""IT""}]","[{""iso_3166_1"": ""IT"", ""name"": ""Italy""}]","[{""english_name"": ""Italian"", ""iso_639_1"": ""it"", ""name"": ""Italiano""}]","[""IT""]",null
175117,The Pirates of Penzance (New Lyric Operatic Company),The Pirates of Penzance (New Lyric Operatic Company),"As a young child, Frederic had been apprenticed to a pirate by mistake when he should have been apprenticed to a pilot. Now, having reached his 21st year, Frederic's indentures are at last over and he happily leaves the service of the pirates. When Frederic meets the beautiful Mabel, one of the many daughters (or wards in Chancery) of Major-General Stanley, they fall in love and decide to marry. However, complications arise when the pirates decide to marry the rest of the Major-General's daughters, themselves - and Frederic's birthdate turns out to be not all it seems.",,Released,False,False,2010-07-31,0,0,0,0.1206,0.0,0,en,,,,,[],[],[],"[{""english_name"": ""English"", ""iso_639_1"": ""en"", ""name"": ""English""}]","[""GB""]",null
175118,An All-Star Tribute To Brian Wilson,An All-Star Tribute To Brian Wilson,"Celebrities and musicians gather in New York's Radio City Music Hall to pay tribute to Beach Boys supremo Brian Wilson. Includes Ricky Martin's version of 'California Girls', Elton John's take on 'God Only Knows', Jimmy Webb, David Crosby and Vince Hill tackling 'Surf's Up', and Mr Wilson himself performing 'Heroes and Villains'. Recorded March 29, 2001.",,Released,False,False,2001-11-05,96,0,0,0.1841,6.0,1,en,,tt0289660,/xCfizqxuy3OjXDnUMHV39rutF9k.jpg,,"[{""id"": 10402, ""name"": ""Music""}]",[],"[{""iso_3166_1"": ""US"", ""name"": ""United States of America""}]",[],"[""US""]",null
175119,Brian Wilson: On Tour,Brian Wilson: On Tour,"Legendary former Beach Boy, Brian Wilson toured America and Japan with a 10 piece band. Here he is captured performing 24 live tracks, and one that has never been issued before. Also included are interviews with Pete Townshend, Sheryl Crow, Neil Young and Patti Smith, a back-stage visit from Ronnie Spector, Paul McCartney's induction of Wilson to the Songwriter's Hall of Fame and a series of interviews with the man himself filmed over a 4 year period.",,Released,False,False,2003-03-17,77,0,0,0.7372,0.0,0,en,,tt0354435,/nph2MmyIo6WZQBhp5A5Cp00yLJY.jpg,,"[{""id"": 10402, ""name"": ""Music""}, {""id"": 99, ""name"": ""Documentary""}]",[],[],"[{""english_name"": ""English"", ""iso_639_1"": ""en"", ""name"": ""English""}]","[""US""]",null
175122,Forbidden Tomb Of Genghis Khan,Forbidden Tomb Of Genghis Khan,,,Released,False,False,2011-12-30,51,0,0,0.1249,6.0,2,en,,tt2105371,/4T7XKzHmgMrLevnEejTHhHffe5C.jpg,,"[{""id"": 99, ""name"": ""Documentary""}]","[{""id"": 7521, ""logo_path"": ""/fRqMjLjyAqThtEg9P9WKCXLmCpJ.png"", ""name"": ""National Geographic"", ""origin_country"": ""US""}]","[{""iso_3166_1"": ""US"", ""name"": ""United States of America""}]","[{""english_name"": ""English"", ""iso_639_1"": ""en"", ""name"": ""English""}]","[""US""]",null
175120,Max Learns to Skate,Les Débuts d'un patineur,Max causes havoc when he joins other skaters on a frozen lake.,,Released,False,False,1907-04-15,6,0,0,0.1205,4.9,12,fr,,tt0248995,/9fl29OsTTEiTWr2lSe9XvhrJsGB.jpg,/y13va7bHvd1Pep87gyToWHgfyUm.jpg,"[{""id"": 35, ""name"": ""Comedy""}]","[{""id"": 21594, ""logo_path"": null, ""name"": ""Path\u00e9 Fr\u00e8res"", ""origin_country"": ""FR""}]","[{""iso_3166_1"": ""FR"", ""name"": ""France""}]","[{""english_name"": ""No Language"", ""iso_639_1"": ""xx"", ""name"": ""No Language""}]","[""FR""]",null
175126,Folly to Be Wise,Folly to Be Wise,"A newly-arrived army chaplain is put in charge of camp entertainment and has the idea of putting on a Brains Trust with local notables. Unfortunately for him, it emerges from a question on the rights and wrongs of marriage that there is more going on between three of the panelists than he wants to know about - though the audience obviously thinks differently.",,Released,False,False,1952-12-04,91,0,0,1.2023,6.7,10,en,,tt0044626,/2R7mXfTT4q96wMFRxxNevalFciw.jpg,/gevbHxN8MZw7E1q5ecUPHtzdHAG.jpg,"[{""id"": 35, ""name"": ""Comedy""}]","[{""id"": 632, ""logo_path"": null, ""name"": ""British Lion Films"", ""origin_country"": ""GB""}]","[{""iso_3166_1"": ""GB"", ""name"": ""United Kingdom""}]","[{""english_name"": ""English"", ""iso_639_1"": ""en"", ""name"": ""English""}]","[""US"", ""GB""]",null
175129,Ultimate Driving Craft 1 - Commentary Driving,Ultimate Driving Craft 1 - Commentary Driving,"Learn the skills of Police Advanced Drivers from Chris Gilbert, one of the country's top driving instructors.  This DVD will change forever, your thought process when driving, for better, safer, more enjoyable driving.",,Released,False,False,2007-11-01,100,0,0,0.0,0.0,0,en,http://www.driving4tomorrow.com/,,,,[],[],[],"[{""english_name"": ""English"", ""iso_639_1"": ""en"", ""name"": ""English""}]","[""US""]",null
175121,Black Box,קופסה שחורה,"Seven years after their divorce, Ilana breaks the bitter silence with a letter to Alex, a world-renowned authority on fanaticism, begging for help with their rebellious adolescent son, Boaz. Based on famous Amos Oz novel.",,Released,False,False,1993-11-16,95,0,0,0.2797,5.0,1,he,,tt0110287,/pokyp8J7ZQsDB8GVlUXoToNO8bR.jpg,/uTOj3P4qWJUBY6B3fo8nXwdWic4.jpg,"[{""id"": 10749, ""name"": ""Romance""}, {""id"": 18, ""name"": ""Drama""}]",[],"[{""iso_3166_1"": ""IL"", ""name"": ""Israel""}]","[{""english_name"": ""Hebrew"", ""iso_639_1"": ""he"", ""name"": ""\u05e2\u05b4\u05d1\u05b0\u05e8\u05b4\u05d9\u05ea""}]","[""IL""]",null
175125,Killed the Family and Went to the Movies,Matou a Família e Foi ao Cinema,"A man living with his parents in a low middle-class apartment in Rio de Janeiro coldly stabs them with a razor and then goes to the movies. Marcia, a rich and dissatisfied young woman, takes advantage of a trip from her husband to go to her home in Petrópolis, where she receives a visit from an old friend, Regina.",I did it for love,Released,False,False,1969-03-01,64,0,0,0.4592,6.6,38,pt,,tt0158766,/rjRQ2v3UDAyWbvYAxAQiEtn0D7E.jpg,/hOQ5OxbNjIXYUt3gJAODADAgkbK.jpg,"[{""id"": 18, ""name"": ""Drama""}, {""id"": 35, ""name"": ""Comedy""}]","[{""id"": 100386, ""logo_path"": null, ""name"": ""Julio Bressane Produ\u00e7\u00f5es Cinematogr\u00e1ficas"", ""origin_country"": ""BR""}]","[{""iso_3166_1"": ""BR"", ""name"": ""Brazil""}]","[{""english_name"": ""Portuguese"", ""iso_639_1"": ""pt"", ""name"": ""Portugu\u00eas""}]","[""BR""]",null
175130,The Mikado,The Mikado,"In a small Japanese town, Ko-Ko is appointed to the unenviable position of executioner. Knowing he must successfully perform before the appearance of the Mikado in a month's time, Ko-Ko finds a suitable victim in Nanki-Poo, who is distraught over his unrequited love for the maiden Yum-Yum. Nanki-Poo agrees to sacrifice his life if he is allowed to spend his remaining days with Yum-Yum, who is betrothed to Ko-Ko. Performed by the D'Oyly Carte Opera Company during the 1992 Anniversary Tour at the Buxton Opera House.",,Released,False,False,1992-01-01,142,0,0,0.1579,0.0,0,en,,tt0187284,/heGAPK1asChdv8jTWeNDpll8soQ.jpg,,"[{""id"": 10749, ""name"": ""Romance""}, {""id"": 35, ""name"": ""Comedy""}, {""id"": 10770, ""name"": ""TV Movie""}]",[],"[{""iso_3166_1"": ""GB"", ""name"": ""United Kingdom""}]","[{""english_name"": ""English"", ""iso_639_1"": ""en"", ""name"": ""English""}]","[""GB""]",null
175136,Semerah Cinta Stilleto,Semerah Cinta Stilleto,"Semerah Cinta Stilleto is a story about two people from different status, Letto and Stella. Stella grew up in a openminded family. However, She is doesn't like to live freely like her parent. Letto Similarly, a fishmonger and have parents who are always noisy. Letto and Stella had never met after in one incident that involving Letto and Stellas's mother's Stilleto shoes. Thus, these two beings first became friends, but their parents had different thoughts about their love.",Because it is a joy for her imperfections,Released,False,False,2010-04-08,87,0,0,0.1264,5.4,5,en,http://ms.wikipedia.org/wiki/Semerah_Cinta_Stilleto,tt1606329,/9T7jqNrH5T7CL6Hf7Z7NXzUWXH4.jpg,/rqVwVikFKsMhOaZ1ITY7ZjQzwC2.jpg,"[{""id"": 10749, ""name"": ""Romance""}]",[],[],"[{""english_name"": ""Malay"", ""iso_639_1"": ""ms"", ""name"": ""Bahasa melayu""}]","[""US""]",null
175141,First Night,First Night,"Adam is a rich industrialist, who aspires to a more cultured world. Spurred on by playful jibes that he is little more than a city suit living the capitalist's dream, this frustrated amateur opera singer decides to throw an opera in his lavish country retreat. Once his friends see him belting out the notes, he feels sure it will spell the end to their shallow taunts. In fact, it might even help him win the hand of a female conductor he has been pursuing whom - it just so happens - is the first to be recruited for his showpiece","Music, Laughter and Romance.",Released,False,False,2010-10-13,116,0,0,1.009,2.3,3,en,,tt1536053,/ht1O7DGjgpgQe3bt1PalfSCLE6K.jpg,/vKolCNDKGizSxhhRXVx2yo3Adkp.jpg,"[{""id"": 35, ""name"": ""Comedy""}, {""id"": 10402, ""name"": ""Music""}, {""id"": 10749, ""name"": ""Romance""}]",[],[],"[{""english_name"": ""English"", ""iso_639_1"": ""en"", ""name"": ""English""}]","[""US""]",null
175138,Evidence of a Haunting,Evidence of a Haunting,"While shooting their reality TV show, a team of ghost hunters get into the fight of their lives as they investigate the haunted tunnels deep below an old Texas college.",,Released,False,False,2010-11-10,81,25000,54474,0.2811,3.6,7,en,http://www.facebook.com/pages/Evidence-of-a-Haunting/155689841112671?ref=sgm,tt3502802,/pA7PACEpobrdoB9QBhwd3cv47ZA.jpg,,"[{""id"": 27, ""name"": ""Horror""}]","[{""id"": 58630, ""logo_path"": null, ""name"": ""Texas Moving Pictures"", ""origin_country"": """"}]","[{""iso_3166_1"": ""US"", ""name"": ""United States of America""}]","[{""english_name"": ""English"", ""iso_639_1"": ""en"", ""name"": ""English""}, {""english_name"": ""German"", ""iso_639_1"": ""de"", ""name"": ""Deutsch""}]","[""US""]",null
175153,Young Jesse James,Young Jesse James,"When Missouri farm boy Jesse James witnesses the lynching of his father by the Yankees, he forsakes his family's homestead to find his brother Frank, a soldier in Quantrill's Raiders, a renegade band of Confederates. Bent on revenge, Jesse begs to join the raiders.",The teenager who became the West's most hunted desperado!,Released,False,False,1960-08-02,73,0,0,0.7342,3.5,4,en,,tt0054489,/kQMMAYJvKpK38ZLpOfYOVfMYB0f.jpg,/lQuiUDjzSITqcTSZqKUGCiyAoYr.jpg,"[{""id"": 37, ""name"": ""Western""}]","[{""id"": 4141, ""logo_path"": null, ""name"": ""Associated Producers (API)"", ""origin_country"": ""US""}]","[{""iso_3166_1"": ""US"", ""name"": ""United States of America""}]","[{""english_name"": ""English"", ""iso_639_1"": ""en"", ""name"": ""English""}]","[""US""]",null
175155,The Moschops,The Moschops,"Set 247 million years ago in what is now South Africa, The Moschops (2000) is a faux nature documentary focused on a genus long extinct. Trainor describes his animated film as being ""about the origin of compassion in the animal kingdom.""",,Released,False,False,2000-08-19,13,0,0,0.0143,0.0,0,en,,tt0284319,/qmFIPk57rZlOqBPt8v98TLqeqoZ.jpg,,"[{""id"": 16, ""name"": ""Animation""}]",[],"[{""iso_3166_1"": ""US"", ""name"": ""United States of America""}]","[{""english_name"": ""English"", ""iso_639_1"": ""en"", ""name"": ""English""}]","[""US""]",null
175151,We Are Half of Iran's Population,ما نیمی از جمعیت ایرانیم,"Bani-Etemad's documentary short was made during the months before last year's controversial elections in Iran. Filming a diverse coalition of women's rights activists discussing their opinions on pressing contemporary issues, Bani-Etemad asked three of the four presidential candidates to view the footage for comment, with Mahmoud Ahmedinejad declining to participate.",,Released,False,False,2009-06-07,47,0,0,0.0256,10.0,1,fa,,tt1837004,/ad5AJcbv6ukjBDXpbOlotJDgunB.jpg,,"[{""id"": 99, ""name"": ""Documentary""}]",[],[],"[{""english_name"": ""Persian"", ""iso_639_1"": ""fa"", ""name"": ""\u0641\u0627\u0631\u0633\u06cc""}]","[""IR""]",null
175149,Yoshiwara,Yoshiwara,"Based on a novel by Maurice Dekobra, the film is set in Yoshiwara, the red-light district of Tokyo, in the nineteenth century. It depicts a love triangle between a high-class prostitute, a Russian naval officer, and a rickshaw man.",,Released,False,False,1937-06-23,102,0,0,0.5515,8.0,1,fr,,tt0029802,/eIUb4x3rU4AHGlOJO3oQKMBpCcm.jpg,/zJGYiEW1sRJgV3yxilA2zm5ZFvX.jpg,"[{""id"": 10749, ""name"": ""Romance""}, {""id"": 18, ""name"": ""Drama""}]","[{""id"": 58297, ""logo_path"": null, ""name"": ""Les Productions Milo Film"", ""origin_country"": """"}, {""id"": 58298, ""logo_path"": null, ""name"": ""Les Films Excelsior"", ""origin_country"": """"}]","[{""iso_3166_1"": ""FR"", ""name"": ""France""}]","[{""english_name"": ""French"", ""iso_639_1"": ""fr"", ""name"": ""Fran\u00e7ais""}]","[""FR""]",null
175142,Pada Suatu Cinta Dahulu,Pada Suatu Cinta Dahulu,"Zainal, a man feeling pressured and dissatisfied with his current marital life, thinks back to his past when he was a mischievous student who fell in love with Azura, a girl like him whom he betrayed.",It About Puppy Love,Released,False,False,2013-02-20,84,0,0,0.1407,0.0,0,ms,http://cinemamalaysia.com.my/film/info/?id=Pada_Suatu_Cinta_Dahulu_1190,,/gnym0pbYubsF5oc5wPqCQ1atcFC.jpg,/sMopPYyzxEKw6N4nh0sipIq7gIc.jpg,"[{""id"": 10749, ""name"": ""Romance""}]",[],[],"[{""english_name"": ""Malay"", ""iso_639_1"": ""ms"", ""name"": ""Bahasa melayu""}]","[""MY""]",null
175159,Burn,Burn,"Burn is a narrative collage, with people and allegorical creatures. A house burns from the inside while its occupants focus on the emotional issues of their lives. The inhabitants serve life sentences with no remission in a structure of insecurity - while impending disaster is ignored. An absent minded couple sits calmly reading as fires erupt in their clothing, books and furniture. They nonchalantly swat at the flames with a stoic inattentiveness.  Burn embraces an anti-narrative structure yet intense drama is found in the work. Finally a decisive act is taken leading to the possibility of a miraculous event.",,Released,False,False,2002-05-03,10,7467,0,0.0281,6.0,1,en,,tt0303312,,,[],[],[],[],"[""US""]",null
175156,The Vyrotonin Decision,The Vyrotonin Decision,A seven minute disaster epic created from early 70's scrap television commercials.,,Released,False,False,2000-08-19,7,0,0,0.0071,8.0,1,en,,tt0276611,/m8rp41hG9L0ZvxpADtdVmmykK8C.jpg,,[],[],[],[],"[""US""]",null
175161,My Six Loves,My Six Loves,A celebrated actress discovers six runaway children living on her country property.,It's Debbie! In the funniest fix a girl ever got into.,Released,False,False,1963-04-03,101,0,0,1.4019,5.6,9,en,,tt0057341,/sTIbzxQEQtCi32Fn8lKHcNqB9yE.jpg,/k2Ui9TrKjJnOP7H3Wvsrb9e1Q9Z.jpg,"[{""id"": 35, ""name"": ""Comedy""}]","[{""id"": 4, ""logo_path"": ""/jay6WcMgagAklUt7i9Euwj1pzTF.png"", ""name"": ""Paramount Pictures"", ""origin_country"": ""US""}]","[{""iso_3166_1"": ""US"", ""name"": ""United States of America""}]","[{""english_name"": ""English"", ""iso_639_1"": ""en"", ""name"": ""English""}]","[""US""]",null
175164,A Place to Go,A Place to Go,"Set in contemporary Bethnal Green in east London, A Place to Go charts the dramatic changes that were happening in the lives of the British working-class at the time.",,Released,False,False,1963-07-01,86,0,0,0.6785,6.2,8,en,,tt0057415,/knG2BHLby78LWQKk9VQgHdI2AtO.jpg,/eKdODvTMxbZkHuoqeB6c1iF11OL.jpg,"[{""id"": 80, ""name"": ""Crime""}, {""id"": 18, ""name"": ""Drama""}]","[{""id"": 1808, ""logo_path"": null, ""name"": ""Excalibur Films"", ""origin_country"": ""US""}, {""id"": 632, ""logo_path"": null, ""name"": ""British Lion Films"", ""origin_country"": ""GB""}]","[{""iso_3166_1"": ""GB"", ""name"": ""United Kingdom""}]","[{""english_name"": ""English"", ""iso_639_1"": ""en"", ""name"": ""English""}]","[""US"", ""GB""]",null
175168,Rape Zombie: Lust of the Dead,レイプゾンビ LUST OF THE DEAD,"After a nuclear attack in Tokyo, the female population is attacked by infected males who have become sex-crazed zombies, hungry for human flesh. Officeworker Momoko and nurse Nozomi seek shelter in a Shinto Shrine, where they meet housewife Kanae and school girl Tamae. With no choices left to them, the group of girls decides to take a stand and arm themselves with assault rifles and explosives to fight off hordes of horny zombies. What is the secret to killing the zombies for good?",,Released,False,False,2012-07-13,73,0,0,4.1577,6.5,242,ja,,tt2271565,/fyiGTyzQV3vcuwEAoOFRmoT2L1m.jpg,/plbid03OmJkBd6UoOulKPexRq0I.jpg,"[{""id"": 35, ""name"": ""Comedy""}, {""id"": 27, ""name"": ""Horror""}]","[{""id"": 51917, ""logo_path"": null, ""name"": ""Outside"", ""origin_country"": ""JP""}, {""id"": 8740, ""logo_path"": null, ""name"": ""Gensou haikyuu-sha Ltd."", ""origin_country"": ""JP""}, {""id"": 51918, ""logo_path"": null, ""name"": ""Laughter"", ""origin_country"": """"}, {""id"": 51919, ""logo_path"": ""/ma8dCuKY8rEw9t4z4k7b3bmWZcQ.png"", ""name"": ""New Select"", ""origin_country"": ""JP""}]","[{""iso_3166_1"": ""JP"", ""name"": ""Japan""}]","[{""english_name"": ""Japanese"", ""iso_639_1"": ""ja"", ""name"": ""\u65e5\u672c\u8a9e""}]","[""JP""]","{""id"": 363386, ""name"": ""Rape Zombie Series"", ""poster_path"": ""/qVnYTF4l7esdZSsl3GQ0SR51MNt.jpg"", ""backdrop_path"": ""/tTNiHIi4nvvBWVLx51k6r99aBwo.jpg""}"
175177,Mr. Chump,Mr. Chump,A naive young trumpet player inadvertently becomes involved with bank embezzlers. Comedy.,,Released,False,False,1938-08-08,60,0,0,0.9539,0.0,0,en,,tt0030467,/3dI1mOYMqlzm5pmCHiNUvxapjTc.jpg,,"[{""id"": 35, ""name"": ""Comedy""}]","[{""id"": 174, ""logo_path"": ""/zhD3hhtKB5qyv7ZeL4uLpNxgMVU.png"", ""name"": ""Warner Bros. Pictures"", ""origin_country"": ""US""}]","[{""iso_3166_1"": ""US"", ""name"": ""United States of America""}]","[{""english_name"": ""English"", ""iso_639_1"": ""en"", ""name"": ""English""}]","[""US""]",null
175170,I Don't Want to Kidnap Anyone Anymore,もう誘拐なんてしない,"Ohno plays the role of Tarui Shotaro, an ordinary guy who dreamed of becoming a hero when he was a child, but now gets by as a part-time worker. The unexpected story unfolds when one day, the daughter of a yakuza boss asks him to plan a make-believe kidnapping.  Sato Ryuta plays Shotaro's co-worker who helps him with the kidnapping. Kanjiya Shihori plays Satsuki, the eldest daughter of the Hanazono yakuza clan, while Narimiya Hiroki plays Satsuki's college senpai who joined the Hanazono clan after graduation. Takahashi Katsumi plays the head of a rival organization who has fallen in love with Satsuki. Kitaoji Kinya plays Satsuki's father and the head of the Hanazono clan.",,Released,False,False,2012-01-03,119,0,0,1.4622,3.5,2,ja,,tt2113015,/w1OnwSCgeTpvf3l9iQu0Iw0iazk.jpg,,"[{""id"": 18, ""name"": ""Drama""}]","[{""id"": 3341, ""logo_path"": ""/dTG5dXE1kU2mpmL9BNnraffckLU.png"", ""name"": ""Fuji Television Network"", ""origin_country"": ""JP""}]","[{""iso_3166_1"": ""JP"", ""name"": ""Japan""}]","[{""english_name"": ""Japanese"", ""iso_639_1"": ""ja"", ""name"": ""\u65e5\u672c\u8a9e""}]","[""JP""]",null
175171,Swing Fever,Swing Fever,Comedy about a bandleader with hypnotic powers.,Dance! Sing! It's So JOYOUS!,Released,False,False,1943-11-01,79,0,0,1.9143,5.0,3,en,,tt0037335,/3tK84CgMubDRi5rCCJwWIgtF9aS.jpg,/8U1jgA8vxTlBBuzWconQSwMabtx.jpg,"[{""id"": 35, ""name"": ""Comedy""}, {""id"": 10749, ""name"": ""Romance""}, {""id"": 10402, ""name"": ""Music""}]","[{""id"": 21, ""logo_path"": ""/usUnaYV6hQnlVAXP6r4HwrlLFPG.png"", ""name"": ""Metro-Goldwyn-Mayer"", ""origin_country"": ""US""}]","[{""iso_3166_1"": ""US"", ""name"": ""United States of America""}]","[{""english_name"": ""English"", ""iso_639_1"": ""en"", ""name"": ""English""}]","[""US""]",null
175180,The Case of the Stuttering Pig,The Case of the Stuttering Pig,"Porky Pig and his family inherit Uncle Solomon's estate, but if they die everything goes to the lawyer, who turns himself into a Mr. Hyde-style monster in an effort to kill off the pigs.",,Released,False,False,1937-10-30,8,0,0,0.4698,7.0,23,en,,tt0028696,/okamzPF9bhn3dQh4DitS86LBqKm.jpg,/zCKYWcBtlJhZXnIpuvT4EB9qNGL.jpg,"[{""id"": 16, ""name"": ""Animation""}, {""id"": 27, ""name"": ""Horror""}, {""id"": 35, ""name"": ""Comedy""}]","[{""id"": 134798, ""logo_path"": null, ""name"": ""Leon Schlesinger Productions"", ""origin_country"": ""US""}]","[{""iso_3166_1"": ""US"", ""name"": ""United States of America""}]","[{""english_name"": ""English"", ""iso_639_1"": ""en"", ""name"": ""English""}]","[""US""]",null
175179,Marriage Material,Marriage Material,"Two successful marriage counselors must confront problems that may lie beyond the scope of their abilities, in this filmed stage drama by playwright-director Je'Caryous Johnson. Bishop Luther Lance Love Jones (Lavell Crawford) and Beulah Mae Jones (Patrice Lovely) have been married for years, and many regard them as pros on the subject of nuptial issues. However, when three couples on the brink of divorce turn up and ask for solutions, The Jones soon find themelves in way over their heads. They must work doubly hard to reinstill faith, optimism and tenacity in each individual.",,Released,False,False,2013-01-21,93,0,0,0.0327,3.0,1,en,,tt2462708,/fsAhM2oZSpGSMy48XUVYac0xwLE.jpg,,"[{""id"": 35, ""name"": ""Comedy""}]",[],[],[],"[""US""]",null
175185,Chili Weather,Chili Weather,"Speedy Gonzales helps his fellow mice get food from the Guadalajara Food Processing plant, guarded by Sylvester the Cat.",,Released,False,False,1963-08-17,6,0,0,0.1954,5.9,13,en,,tt0056932,/yxi2nMhG0ecmFyTeP6yopsZSeRR.jpg,/jl3ds9U7AOSyRG5MZT3XwGpEFPA.jpg,"[{""id"": 16, ""name"": ""Animation""}]","[{""id"": 8298, ""logo_path"": ""/r6cuEYq7DqrHCNVa7vSanTS0cuw.png"", ""name"": ""Warner Bros. Cartoons"", ""origin_country"": ""US""}]","[{""iso_3166_1"": ""US"", ""name"": ""United States of America""}]","[{""english_name"": ""English"", ""iso_639_1"": ""en"", ""name"": ""English""}, {""english_name"": ""Spanish"", ""iso_639_1"": ""es"", ""name"": ""Espa\u00f1ol""}]","[""US""]",null
175183,Cat-Tails for Two,Cat-Tails for Two,"Two cats try to catch Speedy Gonzales aboard a ship, without much success.",,Released,False,False,1953-08-29,6,0,0,0.1905,6.6,12,en,,tt0045610,/eBj4BBNgYrugu6It6j99z7GKVYO.jpg,/5sjRMcIMhBjU6yGyn2oNI4zrB1v.jpg,"[{""id"": 16, ""name"": ""Animation""}, {""id"": 35, ""name"": ""Comedy""}]","[{""id"": 8298, ""logo_path"": ""/r6cuEYq7DqrHCNVa7vSanTS0cuw.png"", ""name"": ""Warner Bros. Cartoons"", ""origin_country"": ""US""}]","[{""iso_3166_1"": ""US"", ""name"": ""United States of America""}]","[{""english_name"": ""English"", ""iso_639_1"": ""en"", ""name"": ""English""}]","[""US""]",null
175182,One Way Pendulum,One Way Pendulum,A study of absurdity in a suburban family: father recreates the Old Bailey in the living room while the son teaches speak-your-weight machines to sing in the attic.,Take a trip round the bend - with the World's Wackiest Family!,Released,False,False,1965-01-21,85,0,0,0.8137,5.5,2,en,,tt0059542,/dWyJBkeSyMRgOY2eYwa1nq3ShSC.jpg,/1pDvfa2Xg4vVPJfk4RvMuPrDJrM.jpg,"[{""id"": 35, ""name"": ""Comedy""}]","[{""id"": 1980, ""logo_path"": null, ""name"": ""Woodfall Film Productions"", ""origin_country"": ""GB""}]","[{""iso_3166_1"": ""GB"", ""name"": ""United Kingdom""}]","[{""english_name"": ""English"", ""iso_639_1"": ""en"", ""name"": ""English""}]","[""GB""]",null
175190,The Master and the Boxer,The Master and the Boxer,"The Eastern Heroes Collection Jackie Chan directs this action-packed fist fest.  A young fighter (Tony Leung) gets himself into a street brawl.  The only problem being that he can't fight!  Two Shaolin wanderers take pity on the lad and introduce him to their master.  But he refuses to teach the boy, seeing that he is not strong enough.  Luckily, the lad runs into a drunken master who decides to teach him the 36 crazy fists to prepare him for the many awesome martial challenges that await him...",,Released,False,False,,0,0,0,0.0538,0.0,0,en,,,,,[],[],[],[],"[""US""]",null
175193,Dear Grandfather,جدو حبيبي,"Fikria bankrupts in while she is working in the London Stock Exchange, she and her friend don't have any money, and her sick grandfather Husain calls her from the hospital and wants to see her before he dies. When Fikria hears that her grandfather is rich and dying, she rushes to Egypt hoping to inherit his money. But he gets better and they spend more time together getting to know each other. When he tells her about his former love, Laila, they start searching for her, and when they find out she lives with her own grandchildren in her villa, they decide to visit her. While there, Fikria falls in love with Adham, Laila's grandson--who is already engaged. But he falls for her too and ends up leaving his fiancée to marry Fikria. While they are suffering New Year's Eve, Fikria's grandfather dies. After that the years fly by and Fikria's own kids grow up and get married and she becomes a grandmother.",,Released,False,False,2012-02-01,0,0,253550,0.4647,3.9,8,ar,,tt2210623,/ebfjj46SEMJe4hePQXTsaCmSzQy.jpg,,"[{""id"": 18, ""name"": ""Drama""}, {""id"": 35, ""name"": ""Comedy""}, {""id"": 10749, ""name"": ""Romance""}]",[],"[{""iso_3166_1"": ""EG"", ""name"": ""Egypt""}]","[{""english_name"": ""Arabic"", ""iso_639_1"": ""ar"", ""name"": ""\u0627\u0644\u0639\u0631\u0628\u064a\u0629""}]","[""EG""]",null
175195,Abdu Mouta,عبده موته,"Abdo is a thug working in the drug trade after losing his parents, using force to impose royalties on the people of the neighborhood, while Angham is looking to marry him, and  the dancer Rabyia  has an affair with him, and so is his cousin Alyia.",,Released,False,False,2012-10-23,90,0,3197992,1.7416,4.6,11,ar,,tt2497436,/vlPgMkzKevwAjwIWDxGcMbRNRer.jpg,,"[{""id"": 28, ""name"": ""Action""}, {""id"": 80, ""name"": ""Crime""}, {""id"": 18, ""name"": ""Drama""}]","[{""id"": 15203, ""logo_path"": ""/iqIpFggX40Yj7iZCeTgkcXupfrd.png"", ""name"": ""Al-Sibki Film Production and Distribution"", ""origin_country"": ""EG""}]","[{""iso_3166_1"": ""EG"", ""name"": ""Egypt""}]","[{""english_name"": ""Arabic"", ""iso_639_1"": ""ar"", ""name"": ""\u0627\u0644\u0639\u0631\u0628\u064a\u0629""}]","[""EG""]",null
175200,The Party,الحفلة,"When businessman Sherif (Ahmed Ezz) reports his wife's Sara (Ruby) mysterious disappearance to the police, investigation led by officer (Mohamed Ragab) reveals conflicting testimonies and the possibility of a very sinister abduction.",,Released,False,False,2013-01-23,94,0,0,0.3938,6.2,10,ar,,tt2757228,/kdx2mpCe5f27PhamzAm3ik6D3s.jpg,/xQvW9H86BRXx2XqTl2TWDkJy6KM.jpg,"[{""id"": 53, ""name"": ""Thriller""}, {""id"": 18, ""name"": ""Drama""}]",[],"[{""iso_3166_1"": ""EG"", ""name"": ""Egypt""}]","[{""english_name"": ""Arabic"", ""iso_639_1"": ""ar"", ""name"": ""\u0627\u0644\u0639\u0631\u0628\u064a\u0629""}]","[""EG""]",null
175205,Nomads of the North,Nomads of the North,A Canadian Mountie allows an innocent fugitive to escape with the women he loves.,A forest Fire so real that it staggers you! A battle to get through so fierce that it awes you And a finish so fine that you cheer it!,Released,False,False,1920-09-25,78,0,0,0.6022,5.5,6,en,,tt0011513,/luw9FUl3J9jxyYtayh83BoQihvQ.jpg,/bh8JM6LTwfpRNh4rEF57IotSr8Q.jpg,"[{""id"": 53, ""name"": ""Thriller""}, {""id"": 10749, ""name"": ""Romance""}, {""id"": 18, ""name"": ""Drama""}, {""id"": 80, ""name"": ""Crime""}, {""id"": 12, ""name"": ""Adventure""}]","[{""id"": 173101, ""logo_path"": null, ""name"": ""James Oliver Curwood Productions Inc."", ""origin_country"": """"}]","[{""iso_3166_1"": ""US"", ""name"": ""United States of America""}]","[{""english_name"": ""No Language"", ""iso_639_1"": ""xx"", ""name"": ""No Language""}]","[""US""]",null
175204,Kohlhiesel's Daughters,Kohlhiesels Töchter,"Somewhere in Southern Bavaria Xaver wants to marry Gretel, but her father Kohlhiesel wants his elder daughter Liesel to marry first. The problem is, nobody wants to marry her, because she is too brutal. Seppel suggests, that he should marry Liesel first, get rid of her and then he can marry Gretel...",,Released,False,False,1920-03-08,64,0,0,0.2879,5.853,17,de,,tt0011371,/9B2QCBV9evODqPMxkDJqsQ6T6rx.jpg,,"[{""id"": 35, ""name"": ""Comedy""}, {""id"": 10749, ""name"": ""Romance""}]","[{""id"": 88892, ""logo_path"": null, ""name"": ""Messter Film"", ""origin_country"": ""DE""}]","[{""iso_3166_1"": ""DE"", ""name"": ""Germany""}]","[{""english_name"": ""No Language"", ""iso_639_1"": ""xx"", ""name"": ""No Language""}]","[""DE""]",null
175206,The Man of the Sea,L'Homme du large,"Nolff, a tough Breton fisherman is happy: his wife has just given birth to a son, Michel. His only wish is to make him a fisherman like him. But when he becomes a man, Michel becomes a good-for-nothing who spends his time in taverns.",,Released,False,False,1920-12-03,86,0,0,0.491,5.9,12,fr,,tt0011302,/13c3AJysZ3sNdO0GpsA4RmNktAh.jpg,/lfnczJewRkFOfUXnv8qZSt1L80t.jpg,"[{""id"": 18, ""name"": ""Drama""}]","[{""id"": 9042, ""logo_path"": null, ""name"": ""Gaumont S\u00e9rie Pax"", ""origin_country"": """"}]","[{""iso_3166_1"": ""FR"", ""name"": ""France""}]","[{""english_name"": ""No Language"", ""iso_639_1"": ""xx"", ""name"": ""No Language""}]","[""FR""]",null
175207,What Happened To Rosa,What Happened To Rosa,A fortune teller tells a store clerk with a romantic disposition that she was a Spanish noblewoman in an earlier life. The girl begins to live the part of the Spanish noblewoman and romance and comedy ensue.,,Released,False,False,1920-12-08,54,0,0,0.397,6.8,5,en,,tt0011848,/pAjKC0kMoopHYOvadY6YLrT28Js.jpg,,"[{""id"": 35, ""name"": ""Comedy""}]","[{""id"": 31789, ""logo_path"": null, ""name"": ""Goldwyn Pictures Corporation"", ""origin_country"": ""US""}]","[{""iso_3166_1"": ""US"", ""name"": ""United States of America""}]",[],"[""US""]",null
175216,Fante-Anne,Fante-Anne,"The story of an orphaned girl brought up by the Storlein family. Young Anne (Asta Nielsen) is brought as an infant to the Storlein farm by her mother, who has been traveling and is in need of a rest. The two are turned away at the door, and the mother takes her young daughter to the barn to sleep. The farmhand Jon discovers them in the morning but the mother has not made it through the night, so young Anne is taken in and raised by the family.",,Released,False,False,1920-09-09,72,0,0,0.3165,5.8,11,no,,tt0011173,/4FJnH37VYc8lCfZu7IlnrUcjEBU.jpg,/7QZ0eBcCpPxgWXd8Wt9Bfkr7Stv.jpg,"[{""id"": 10749, ""name"": ""Romance""}, {""id"": 80, ""name"": ""Crime""}, {""id"": 18, ""name"": ""Drama""}]","[{""id"": 131622, ""logo_path"": null, ""name"": ""Kommunenes Filmcentral"", ""origin_country"": ""NO""}]","[{""iso_3166_1"": ""NO"", ""name"": ""Norway""}]","[{""english_name"": ""No Language"", ""iso_639_1"": ""xx"", ""name"": ""No Language""}]","[""NO""]",null
175217,200 Colossal Cartoons,200 Colossal Cartoons,"This monumental 4 DVD collection features a whopping 200 cartoon classics sure to please young and old alike. Featuring such popular characters as Popeye, Felix the Cat, Casper the Friendly Ghost, Gumby, Little Lulu, The Wizard of Oz, Fraidy Cat, Hunky & Spunky, Clutch Cargo, the Wizard of Oz and countless others, this gigantic collection contains over 10 hours hilariously, enjoyable animated cartoons.",,Released,False,True,2011-07-19,1230,0,0,0.0586,8.2,2,en,,,/7zc0tpp0svBxndttjkcTww7ww45.jpg,,[],[],"[{""iso_3166_1"": ""US"", ""name"": ""United States of America""}]","[{""english_name"": ""English"", ""iso_639_1"": ""en"", ""name"": ""English""}]","[""US""]",null
175220,Excuse My Dust,Excuse My Dust,"A top race-car driver leaves the sport to get married and settle down, because his new wife doesn't want him to race anymore. However, not long afterwards his wife takes their infant son and leaves him to go to San Francisco. The husband gets word that his son is seriously ill in San Francisco, but he has no way to get there. Just in the nick of time, however, the racer's father-in-law just happens to have developed a new car for a cross-country race--to San Francisco!",,Released,False,False,1920-03-20,48,0,0,0.4524,5.7,7,en,,tt0011163,/iODZQgkRZCGLXKUS74Gi2s07cKm.jpg,/jGaQIOzyIZTl6eV129GoH7PQnBL.jpg,"[{""id"": 18, ""name"": ""Drama""}, {""id"": 35, ""name"": ""Comedy""}, {""id"": 28, ""name"": ""Action""}]",[],"[{""iso_3166_1"": ""US"", ""name"": ""United States of America""}]","[{""english_name"": ""No Language"", ""iso_639_1"": ""xx"", ""name"": ""No Language""}]","[""US""]","{""id"": 1105460, ""name"": ""'Toodles' Collection"", ""poster_path"": null, ""backdrop_path"": null}"
175218,The County Fair,The County Fair,"""The County Fair"" begins with a nasty rich guy threatening to turn an old lady onto the street--unless her niece (who lives with her) marries this man's son. While she's dead set against it, the niece is a sweet thing and would do anything to help her aunt--even marry the rich jerk. However, a possible way out is presented. When a poor young man is taken in and fed, he turns out (naturally) to be a jockey and thinks he can win the $3000 prize at the fair and save the farm.",,Released,False,False,1920-09-05,59,0,0,0.3577,4.7,6,en,,tt0011076,/yAxRPlgGAvgNFcbw6CZr4dkhLEk.jpg,/sf30ro4DSpbxBP2RcETLBbOdcrd.jpg,"[{""id"": 18, ""name"": ""Drama""}]","[{""id"": 38154, ""logo_path"": null, ""name"": ""Maurice Tourneur Productions"", ""origin_country"": """"}]","[{""iso_3166_1"": ""US"", ""name"": ""United States of America""}]","[{""english_name"": ""No Language"", ""iso_639_1"": ""xx"", ""name"": ""No Language""}]","[""US""]",null
175221,The Strangling Hand,Die Würghand,"One night Toni forces Rose to reveal where in his house Bergern keeps his money. As Toni is robbing the house, the banker unexpectedly returns and is shot dead by Toni. Rose and Toni escape to the Austrian ""Semmering"" to avoid capture as well as starting a new life.",,Released,False,False,1920-03-08,67,0,0,0.225,6.0,4,de,,tt0266065,/hylqupllVKdGpE4XqQBBKmSXPc4.jpg,/hCi9PzOUoLfrwsD55i1PhZme22h.jpg,"[{""id"": 18, ""name"": ""Drama""}]","[{""id"": 99114, ""logo_path"": null, ""name"": ""Pax-Film"", ""origin_country"": """"}]","[{""iso_3166_1"": ""AT"", ""name"": ""Austria""}]","[{""english_name"": ""No Language"", ""iso_639_1"": ""xx"", ""name"": ""No Language""}]","[""AT""]",null
175223,Terror Island,Terror Island,"Inventor Harry Harper travels to the South Seas, where there is buried treasure belonging to a girl, Beverly West. Naturally, others are after the loot, and Beverly's father is being held captive by cannibals until she returns to them with a pearl that belongs to one of their idols. The climax consists of Harper saving Beverly from a safe which has been lowered into the sea.",Not a Serial!,Released,False,False,1920-04-08,55,0,0,0.739,4.9,13,en,,tt0011753,/cW9xKunDuZko1bXUwFka1G50L81.jpg,/mkGiDFWNt4aCIop19vlEAx7un37.jpg,"[{""id"": 12, ""name"": ""Adventure""}, {""id"": 9648, ""name"": ""Mystery""}]","[{""id"": 4, ""logo_path"": ""/jay6WcMgagAklUt7i9Euwj1pzTF.png"", ""name"": ""Paramount Pictures"", ""origin_country"": ""US""}]","[{""iso_3166_1"": ""US"", ""name"": ""United States of America""}]","[{""english_name"": ""No Language"", ""iso_639_1"": ""xx"", ""name"": ""No Language""}]","[""US""]",null
175226,The Symbol of the Unconquered,The Symbol of the Unconquered,"Eve Mason, a white-passing black woman, moves to a remote cottage she inherited from her late father. She makes the acquaintance of her neighbor, a dashing black settler named Hugh Van Allen, and quickly falls for him. Trouble brews as the local cadre of racist hucksters want the valuable land Van Allen lives on, and will do anything to take it from him.",A Story of the Ku Klux Klan,Released,False,False,1920-11-28,59,0,0,0.1007,5.3,11,en,,tt0139632,/OZxrXGPcwslC5x6V6ZkxQqpOpG.jpg,/tSW7uUI9IF5hL6K8XrtydktFmtt.jpg,"[{""id"": 18, ""name"": ""Drama""}]","[{""id"": 46979, ""logo_path"": null, ""name"": ""Micheaux Picture Corporation"", ""origin_country"": ""US""}]","[{""iso_3166_1"": ""US"", ""name"": ""United States of America""}]","[{""english_name"": ""No Language"", ""iso_639_1"": ""xx"", ""name"": ""No Language""}]","[""US""]",null
175225,Sex,Sex,A Broadway actress uses her sex appeal to ruin a marriage only to dump her lover for a richer prospect.,"LUXURY, SPLENDOR, RICHES, TEMPTATION CONQUEST, REGENERATION A LAVISH AND AT TIMES STARTLING ENTERTAINMENT.",Released,False,False,1920-03-29,87,0,0,0.9737,6.6,27,en,,tt0011679,/qp77TtlISuAaFF2pLa6HYI0xdRf.jpg,/fpi4ltxUeM1TktKrJ1IAGRywFjh.jpg,"[{""id"": 18, ""name"": ""Drama""}]","[{""id"": 48145, ""logo_path"": null, ""name"": ""J. Parker Read Jr. Productions"", ""origin_country"": """"}]","[{""iso_3166_1"": ""US"", ""name"": ""United States of America""}]","[{""english_name"": ""No Language"", ""iso_639_1"": ""xx"", ""name"": ""No Language""}]","[""US""]",null
175229,Trouble,Trouble,A slapstick comedy starring Al St. John.,,Released,False,False,1920-03-08,0,0,0,0.1886,3.0,1,en,,tt1534534,,,"[{""id"": 35, ""name"": ""Comedy""}]",[],[],[],"[""US""]",null
175230,Lights and Shadows in a City of a Million,Lights and Shadows in a City of a Million,This short was paid for by Ford Motors in an attempt to improve the lot of the working people through advocating social services.,,Released,False,False,1920-03-08,7,0,0,0.0,4.0,1,en,,tt1182302,/bfmyWbnji3RuWCoghNHdUgCM8Q2.jpg,,[],"[{""id"": 66947, ""logo_path"": null, ""name"": ""Ford Motor Company"", ""origin_country"": """"}]","[{""iso_3166_1"": ""US"", ""name"": ""United States of America""}]",[],"[""US""]",null
175227,Nurse Marjorie,Nurse Marjorie,"Lady Marjorie Donegal becomes a nurse in hospital, much to the dismay of her aristocratic family. She falls in love with one of her patients, a commoner labor leader.",,Released,False,False,1920-04-03,88,0,0,0.2593,5.9,4,en,,tt0011522,/19y0WP7B9tlKaHxMptku7TvQwLa.jpg,/jAM3oKDUpS3pC6FiYerjIv7AShx.jpg,"[{""id"": 35, ""name"": ""Comedy""}, {""id"": 18, ""name"": ""Drama""}]","[{""id"": 40454, ""logo_path"": null, ""name"": ""Realart Pictures Corporation"", ""origin_country"": ""US""}]","[{""iso_3166_1"": ""US"", ""name"": ""United States of America""}]","[{""english_name"": ""No Language"", ""iso_639_1"": ""xx"", ""name"": ""No Language""}]","[""US""]",null
175231,Mr. and Mrs. Stockholm Out Shopping,Herreskapet Stockholm Ute På Inköp,"Mr and Mrs Stockholm visit the Paul U. Bergström (PUB) department store to buy a new wardrobe after their home had previously been destroyed by a fire. They visit different departments, where the future Greta Garbo is one of the models showing outfits for Mrs Stockholm.",,Released,False,False,1920-12-12,23,0,0,0.1709,5.0,2,sv,,tt0231717,/aw7PGuUDuL1mIppW5eQbJgnSHmM.jpg,,"[{""id"": 99, ""name"": ""Documentary""}]","[{""id"": 119458, ""logo_path"": null, ""name"": ""AB Hasse W. Tullbergs Filmindustri"", ""origin_country"": """"}]","[{""iso_3166_1"": ""SE"", ""name"": ""Sweden""}]","[{""english_name"": ""No Language"", ""iso_639_1"": ""xx"", ""name"": ""No Language""}]","[""SE""]",null
175233,Mother,Мать,Only fragments exist of this early version of Mat [Mother] by Aleksandr Razumnyj.,,Released,False,False,1920-05-01,0,0,0,0.5653,0.0,0,ru,,tt0011239,/4NSTItuLG6CSGXfB1Bd79VIkzkn.jpg,/osNBKhImKkPByFnxS7GS2BuLAwV.jpg,"[{""id"": 18, ""name"": ""Drama""}]","[{""id"": 176605, ""logo_path"": null, ""name"": ""Moskovskij Kinokomitet"", ""origin_country"": ""SU""}]","[{""iso_3166_1"": ""RU"", ""name"": ""Russia""}]","[{""english_name"": ""No Language"", ""iso_639_1"": ""xx"", ""name"": ""No Language""}]","[""RU""]",null
175234,Money to Burn,Money to Burn,A 'Snub' Pollard &amp; Marie Mosquini slapstick comedy.,,Released,False,False,1920-08-28,0,0,0,0.2626,0.0,0,en,,tt0825300,,,[],[],[],[],"[""US""]",null
175236,The Making of an American,The Making of an American,"Docudrama encouraging immigrants to master English and become successful, assimilated Americans.",,Released,False,False,1920-03-08,14,0,0,0.0662,4.2,11,en,,tt0495860,/nSSSNnBHpM64etJEAhs2SE76NK.jpg,,[],[],"[{""iso_3166_1"": ""US"", ""name"": ""United States of America""}]","[{""english_name"": ""No Language"", ""iso_639_1"": ""xx"", ""name"": ""No Language""}]","[""US""]",null
175238,Detective Conan: Shinichi Kudo and the Kyoto Shinsengumi Murder Case,工藤新一 京都新撰組殺人事件,"Kudo Shinichi and Mori Ran are invited to the set of a jidaigeki in Kyoto. On their airplane ride to Kyoto, a murder mystery arises. As well, when they finally reach the set in Kyoto, they become involved in another murder mystery. Will Kudo Shinichi be able to solve the mystery?…",The Goodbye Prologue,Released,False,False,2012-04-04,87,0,0,1.8143,6.7,6,ja,,tt6468618,/sYoRqdFxI8zCjySEO6ePohf4aVr.jpg,/mKj9X1ricjmBiRwI6VwLD9gKa7e.jpg,"[{""id"": 80, ""name"": ""Crime""}]",[],"[{""iso_3166_1"": ""JP"", ""name"": ""Japan""}]","[{""english_name"": ""Japanese"", ""iso_639_1"": ""ja"", ""name"": ""\u65e5\u672c\u8a9e""}]","[""JP""]","{""id"": 707622, ""name"": ""Detective Conan Drama Special Collection"", ""poster_path"": ""/zqdqrPQUwAa6VHU89Obf2DDFBHH.jpg"", ""backdrop_path"": null}"
175237,A Fitting Gift,A Fitting Gift,A cartoon from the J.R. Bray Studios with Rummy and friend buying a girdle for his wife.,,Released,False,False,1920-05-06,6,0,0,0.0143,5.0,1,en,,tt0370570,/7i3UEK0Htxu5ffnTrhaVKniUGKl.jpg,,"[{""id"": 16, ""name"": ""Animation""}]",[],"[{""iso_3166_1"": ""US"", ""name"": ""United States of America""}]",[],"[""US""]",null
175239,All Dressed Up,All Dressed Up,A 'Snub' Pollard slapstick comedy for Hal Roach.,,Released,False,False,1920-05-22,0,0,0,0.1987,0.0,0,en,,tt0412316,,,[],[],[],[],"[""US""]",null
175240,Point Doom,Point Doom,"A Hollywood talent agent's girlfriend thrusts him into a world of strip clubs, drugs and deadly motorcycle gangs.",,Released,False,False,2000-06-08,100,0,0,0.8012,4.2,13,en,,tt0186454,/aaKCXwDbL2fMj9SKvKA6ascQ5p6.jpg,/92PKNTQ6ixwGRpum1VpsTKZHhL6.jpg,"[{""id"": 28, ""name"": ""Action""}, {""id"": 53, ""name"": ""Thriller""}, {""id"": 80, ""name"": ""Crime""}, {""id"": 9648, ""name"": ""Mystery""}]","[{""id"": 1164, ""logo_path"": null, ""name"": ""City Heat Productions"", ""origin_country"": """"}]","[{""iso_3166_1"": ""US"", ""name"": ""United States of America""}]","[{""english_name"": ""English"", ""iso_639_1"": ""en"", ""name"": ""English""}]","[""US""]",null
175243,Moonshine,Moonshine,A Lloyd Hamilton slapstick comedy directed by Charley Chase.,,Released,False,False,1920-12-26,19,0,0,0.4185,6.0,1,en,,tt0248191,/gbu2ft5cYIodN2tStrj475dcHkw.jpg,/498Dc5FxZuf4oWN0ns5X2Ofji3N.jpg,"[{""id"": 35, ""name"": ""Comedy""}]","[{""id"": 170515, ""logo_path"": null, ""name"": ""Astra Film"", ""origin_country"": ""US""}]","[{""iso_3166_1"": ""US"", ""name"": ""United States of America""}]","[{""english_name"": ""No Language"", ""iso_639_1"": ""xx"", ""name"": ""No Language""}]","[""US""]",null
175245,Ferocious,Ferocious,"Amanda Crew stars as Leigh Parrish, a successful actress on a trip home to visit her small town roots.  While dodging the careful eye of her manager (Dustin Milligan), Leigh, steps out from the lights and cameras and into the shadows of her old life, confronting her unsavory past and ex-employer, Maurice (Kim Coates).",Fame Can Turn On You,Released,False,False,2013-03-07,93,0,0,0.7141,5.5,12,en,,tt1753821,/zhnZqFE7kaws6fBZkkZKy3g0C2H.jpg,,"[{""id"": 53, ""name"": ""Thriller""}]","[{""id"": 2749, ""logo_path"": ""/v0FPNUoPunRWFCDgfCTt3y8RKPs.png"", ""name"": ""Chaos, a Film Company"", ""origin_country"": ""CA""}, {""id"": 912, ""logo_path"": null, ""name"": ""Karma Films"", ""origin_country"": """"}]","[{""iso_3166_1"": ""CA"", ""name"": ""Canada""}]","[{""english_name"": ""English"", ""iso_639_1"": ""en"", ""name"": ""English""}]","[""CA"", ""US""]",null
175264,Yes Dear,Yes Dear,Series about the Judge and his mis-adventures. He had a passion for law... and cigars.,,Released,False,False,1920-12-11,0,0,0,0.0214,3.0,2,en,,tt0371413,/vEJyDFi2BO3KBcVkTJM51Tz7g6d.jpg,,"[{""id"": 35, ""name"": ""Comedy""}, {""id"": 16, ""name"": ""Animation""}]",[],"[{""iso_3166_1"": ""US"", ""name"": ""United States of America""}]",[],"[""US""]",null
175274,Silver Dragon Ninja,Silver Dragon Ninja,"Roger Kimsky runs a huge arms-dealing organisation, the Black Ninja Empire - a ruthless band trying to gain control of the free world. Whatever the reason, whoever he has to kill, Kimsky will do it to achieve his ambition. A policewoman, Jane, undercover as a boutique sales girl, manages to capture the affections of Mark, a significant figure in the Black Ninja Empire. Risking her life she must get closer to the Empire's headquarters. Detectives Alex and Jerry Brown want justice. The two together determine to put away their deadliest opponent, Mark. In order to prevent firther investigation, Mark orders the deaths of Alex's wife and son. The two bloody deaths drive Alex into an uncontrollable rage of revenge, a rage which could put Janes life into further jeopardy.",,Released,False,False,1986-01-01,89,0,0,0.6321,4.1,8,en,,tt0201129,/1sszW5R8BmVov5o9Tg3iLOc1vuO.jpg,/xW6dI01P7QMN7VLPcvfviCFcAM7.jpg,"[{""id"": 28, ""name"": ""Action""}]","[{""id"": 13029, ""logo_path"": null, ""name"": ""Filmark International Ltd"", ""origin_country"": """"}]","[{""iso_3166_1"": ""PH"", ""name"": ""Philippines""}]","[{""english_name"": ""English"", ""iso_639_1"": ""en"", ""name"": ""English""}]","[""US""]",null
175277,The Burglary,Der Einbruch,"In the heart of the night, a burglar gropes along towards a newspaper kiosk. A nail puller and a flashlight are all it takes for this crime. All of a sudden, the morning paper is delivered… A punchy publicity stunt for the B.L.A., the Berliner Lokal-Anzeiger, the Berliner newspaper that fills in its readers in real time!",,Released,False,False,1920-03-08,2,0,0,0.0,5.5,2,en,,tt0177743,/56iNFUZb19ZSiKlMGvHrIOr6Nen.jpg,,[],[],[],[],"[""US""]",null
175280,Robbery Under Arms,Robbery Under Arms,"It's a bush-ranging yarn, very popular at the time, about Captain Starlight, played well by Brampton himself, and his co-horts the Marsden family. Dick Marsden is especially well played by Roland Conway, who is the quintessential Aussie bloke.",,Released,False,False,1920-09-30,53,0,0,0.0143,4.5,2,en,,tt0011635,,,[],[],[],[],"[""US""]",null
175278,The Dippy Dentist,The Dippy Dentist,"The film begins with a girl who is supposedly irresistible to all men. Several guys all come to her to pledge their undying love--including Harold Lloyd's brother, Gaylord (who is a dentist). Shortly after this, a new dentist (Snub Pollard) arrives to work in an office across the hall. In a very funny scene, Pollard manages to steal all of Gaylord's patients from his waiting room. However, when it comes to dental work, Snub is highly unlikely to receive the American Dental Association's seal of approval. That's because he's incredibly rough and manages to toss a guy out the window when he pulls his tooth.",,Released,False,False,1920-01-25,11,0,0,0.3099,5.2,3,en,,tt0440280,/zI9KWknYFYNgG5rrP6g3roy36zx.jpg,,"[{""id"": 35, ""name"": ""Comedy""}]","[{""id"": 18789, ""logo_path"": null, ""name"": ""Rolin Films"", ""origin_country"": ""US""}]","[{""iso_3166_1"": ""US"", ""name"": ""United States of America""}]","[{""english_name"": ""No Language"", ""iso_639_1"": ""xx"", ""name"": ""No Language""}]","[""US""]",null
175287,Lost and Found,Lost and Found,"While visiting Switzerland, an American college professor, Adam, keeps running into a divorced British secretary, Patricia, wherever they go. First their cars collide. Then they smash into one another on a ski slope, each breaking a leg.  In between numerous quarrels, the two develop lust and love. They hastily marry, but the disagreements continue. Patricia decides to leave, so Adam decides to fake a suicide. They lose and find each other, again and again.",,Released,False,False,1979-07-13,106,0,0,1.0376,5.8,10,en,,tt0079486,/5WmtQDgOrAyfAHSR7Cs6D9UjqTI.jpg,/jlhAjQOZV0B0myt4quaihcjlIAD.jpg,"[{""id"": 35, ""name"": ""Comedy""}]","[{""id"": 18095, ""logo_path"": null, ""name"": ""Gordon Film Productions"", ""origin_country"": """"}]","[{""iso_3166_1"": ""GB"", ""name"": ""United Kingdom""}]","[{""english_name"": ""English"", ""iso_639_1"": ""en"", ""name"": ""English""}]","[""GB"", ""US""]",null
175285,The Simp,The Simp,A simpleton finds love but can't get past a pesky dog and some no-good kids.,,Released,False,False,1920-10-23,22,0,0,0.1502,5.5,2,en,,tt0248438,/286DkbLTOuVBezQR3kn2TH2w45N.jpg,/f7VjIsYEQlrgod9p33uIbK9FibS.jpg,"[{""id"": 35, ""name"": ""Comedy""}]","[{""id"": 170515, ""logo_path"": null, ""name"": ""Astra Film"", ""origin_country"": ""US""}, {""id"": 101833, ""logo_path"": null, ""name"": ""Mermaid Comedies"", ""origin_country"": ""US""}]","[{""iso_3166_1"": ""US"", ""name"": ""United States of America""}]","[{""english_name"": ""No Language"", ""iso_639_1"": ""xx"", ""name"": ""No Language""}]","[""US""]",null
175283,The Clown's Little Brother,The Clown's Little Brother,Koko the Clown's little brother comes to visit and wreaks havoc in Max Fleischer's studio.,,Released,False,False,1920-07-06,5,0,0,0.0766,6.0,4,en,,tt0011063,/wrgX2n8fVSrMnrG73Xjq2CqJT4M.jpg,,"[{""id"": 16, ""name"": ""Animation""}, {""id"": 35, ""name"": ""Comedy""}]","[{""id"": 34878, ""logo_path"": null, ""name"": ""J.R. Bray Studios"", ""origin_country"": """"}]","[{""iso_3166_1"": ""US"", ""name"": ""United States of America""}]","[{""english_name"": ""English"", ""iso_639_1"": ""en"", ""name"": ""English""}, {""english_name"": ""No Language"", ""iso_639_1"": ""xx"", ""name"": ""No Language""}]","[""US""]",null
175290,On doit le dire,On doit le dire,"Mathieu and Mattéo are in the same fire station.  On leave, Mathieu walks down a lively street and is whistled at by a prostitute on the balcony of a hotel room.  A little bit later, Mattéo stops in front of the same hotel… Mathieu and Mattéo contract syphilis. Through the crossover portraits of the two soldiers, designer O'Galop signs a hard-hitting, funny prevention film.",,Released,False,False,1920-03-08,0,0,0,0.083,7.0,1,fr,,tt1065471,,,"[{""id"": 16, ""name"": ""Animation""}]",[],"[{""iso_3166_1"": ""FR"", ""name"": ""France""}]",[],"[""FR""]",null
175288,Las Vegas Nights,Las Vegas Nights,"A vaudeville act inherits an old, beat-up building and decides to try to turn it into a hip new nightclub.  Frank Sinatra's first screen appearance.",SWING-TOWN! SONG-TOWN! LAUGH-TOWN!...where nights are 24 hours long and fun never ends!,Released,False,False,1941-03-28,90,0,0,0.4553,5.5,4,en,,tt0033814,/iyDuVT3iLTcP1vkLi1TCcTi6bsl.jpg,/vUoeI3QOKMMSJ961lHBBWs2p0Db.jpg,"[{""id"": 35, ""name"": ""Comedy""}, {""id"": 10402, ""name"": ""Music""}]","[{""id"": 4, ""logo_path"": ""/jay6WcMgagAklUt7i9Euwj1pzTF.png"", ""name"": ""Paramount Pictures"", ""origin_country"": ""US""}]","[{""iso_3166_1"": ""US"", ""name"": ""United States of America""}]","[{""english_name"": ""English"", ""iso_639_1"": ""en"", ""name"": ""English""}]","[""US""]",null
175291,Cheap Thrills,Cheap Thrills,"Recently fired and facing eviction, a new dad has his life turned upside down when he meets a wealthy couple who offer a path to financial security... but at a price.",What doesn't kill you makes you richer.,Released,False,False,2013-03-08,88,200000,0,1.2069,6.4,447,en,,tt2389182,/cnGzB8L2Y4oEyAZ4VvLxAwTRA3N.jpg,/1jpP5hIgpEX1mZK4uGZEVkwscJo.jpg,"[{""id"": 35, ""name"": ""Comedy""}, {""id"": 80, ""name"": ""Crime""}, {""id"": 53, ""name"": ""Thriller""}]","[{""id"": 7787, ""logo_path"": ""/mrDKpfx2bKUwEPuzYjmYrLW2Zoh.png"", ""name"": ""Snowfort Pictures"", ""origin_country"": ""US""}, {""id"": 5124, ""logo_path"": null, ""name"": ""New Artists Alliance"", ""origin_country"": """"}]","[{""iso_3166_1"": ""US"", ""name"": ""United States of America""}]","[{""english_name"": ""English"", ""iso_639_1"": ""en"", ""name"": ""English""}]","[""US""]",null
175295,Shadows of Adultery,La Proie pour l'ombre,"Anna, twenty-seven, married to building contractor Eric, refuses to live in his wake. Craving independence, she can exist through the art gallery she runs, but isn’t this occupation a mere wholesome distraction? When she meets Bruno and becomes his lover she thinks she will find fulfillment only to realize that she is just another plaything in a man’s hands.",,Released,False,False,1961-04-13,95,0,0,0.5947,6.1,8,fr,,tt0054210,/gSdta4y8ihjb3IAQ0IPUCHLQU7t.jpg,,"[{""id"": 18, ""name"": ""Drama""}]","[{""id"": 2260, ""logo_path"": null, ""name"": ""Les Films Marceau"", ""origin_country"": ""FR""}, {""id"": 512, ""logo_path"": null, ""name"": ""Cocinor"", ""origin_country"": ""FR""}]","[{""iso_3166_1"": ""FR"", ""name"": ""France""}]","[{""english_name"": ""French"", ""iso_639_1"": ""fr"", ""name"": ""Fran\u00e7ais""}]","[""FR""]",null
175297,The Ouija Board,The Ouija Board,"Max Fleischer draws Koko and a haunted house, while his colleague and the janitor mess around with a Ouija board. When Max goes over to take a look, Koko is haunted by ghosts and inanimate objects, and escapes into the real-world studio.",,Released,False,False,1920-07-04,6,0,0,0.2,6.3,10,en,,tt0011548,/hbVCcxSZQgimIQX3sFsl56zWWP1.jpg,,"[{""id"": 27, ""name"": ""Horror""}, {""id"": 16, ""name"": ""Animation""}, {""id"": 35, ""name"": ""Comedy""}]","[{""id"": 34878, ""logo_path"": null, ""name"": ""J.R. Bray Studios"", ""origin_country"": """"}]","[{""iso_3166_1"": ""US"", ""name"": ""United States of America""}]","[{""english_name"": ""No Language"", ""iso_639_1"": ""xx"", ""name"": ""No Language""}]","[""US""]",null
175298,De-Light: Making an Electric Light Bulb,De-Light: Making an Electric Light Bulb,Details making an early electric bulb in a factory.,,Released,False,False,1920-02-08,12,0,0,0.0,5.2,5,en,,tt0471648,,,[],[],[],[],"[""US""]",null
175302,Italian Love,Italian Love,"Ethelyn Gibson has run away from daddy Ted Lorch because he wants to sell her to Leo White, King of Little Italy, for his music hall. So she dresses as a man and runs into Billy West in this scattershot burlesque.",,Released,False,False,1920-03-08,20,0,0,0.3196,4.0,1,en,,tt1636502,/5sJOaGsIpsEnHsVu5FzddzOR1MA.jpg,,"[{""id"": 35, ""name"": ""Comedy""}]","[{""id"": 167188, ""logo_path"": null, ""name"": ""Bull's Eye"", ""origin_country"": """"}]","[{""iso_3166_1"": ""US"", ""name"": ""United States of America""}]","[{""english_name"": ""No Language"", ""iso_639_1"": ""xx"", ""name"": ""No Language""}]","[""US""]",null
175307,Headin' Home,Headin' Home,"The ""true story"" of baseball great Babe Ruth; Ruth plays himself.",,Released,False,False,1920-09-18,71,0,0,0.2589,5.4,8,en,,tt0011267,/iSanzft10nYyid7NvCHhv3AK6Xk.jpg,,"[{""id"": 35, ""name"": ""Comedy""}, {""id"": 18, ""name"": ""Drama""}]","[{""id"": 164231, ""logo_path"": null, ""name"": ""Kessel & Baumann"", ""origin_country"": ""US""}, {""id"": 164232, ""logo_path"": null, ""name"": ""Yankee Photo Corporation"", ""origin_country"": ""US""}]","[{""iso_3166_1"": ""US"", ""name"": ""United States of America""}]","[{""english_name"": ""No Language"", ""iso_639_1"": ""xx"", ""name"": ""No Language""}]","[""US""]",null
175301,The Wiggles - Taking Off!,The Wiggles - Taking Off!,"Taking Off! is the debut release of The Wiggles new line-up! It's all systems go as Anthony, Emma, Lachy and Simon release their first exciting sounds with 20 tracks of Wiggly fun! You've got a passport to fun as Blue Wiggle Anthony Field, The Wiggles music producer for 21 years, continues to produce the sounds that have engaged children around the world for decades. ""It was so much fun working with Simon, Emma and Lachy,"" he enthuses. ""And their enthusiasm is palpable."" So what are you waiting for? The air traffic controllers of fun have given this album the seal of approval. The Wiggles are Taking Off! on an exciting musical adventure!","Meet Emma, Simon, Lachlan & Anthony for exciting new adventures!",Released,False,True,2013-03-05,58,0,0,0.2308,6.2,3,en,,,/4rGuXCDkurxoNaZJFzkEyxT9duz.jpg,,"[{""id"": 10751, ""name"": ""Family""}, {""id"": 10402, ""name"": ""Music""}]","[{""id"": 27434, ""logo_path"": ""/dP9KkWtxnNkgUFz0CfIB1SiszBd.png"", ""name"": ""The Wiggles Pty Ltd"", ""origin_country"": ""AU""}]","[{""iso_3166_1"": ""AU"", ""name"": ""Australia""}]",[],"[""AU""]",null
175305,Jerry on the Job: A False Alarm,Jerry on the Job: A False Alarm,"Jerry his boss sees some kind of commotion from far away though it's only viewable from above a fence blocking the rest of it. So he and Jerry get a sheriff who when they arrive at the fence suggests a constable who then suggests a cop. In between all those encounters, we see them all take the long walks to various places of which one of those-up a hanging bridge-provides some good humour when they fall down on it a couple of times. When all of the above all gather together, they walk another long distance to the other side of the fence.",,Released,False,False,1920-03-08,3,0,0,0.1392,5.2,3,en,,tt1669077,/epUzc1yHUTipXVB14qGu6zGN7Sb.jpg,,"[{""id"": 16, ""name"": ""Animation""}, {""id"": 35, ""name"": ""Comedy""}]","[{""id"": 34878, ""logo_path"": null, ""name"": ""J.R. Bray Studios"", ""origin_country"": """"}]","[{""iso_3166_1"": ""US"", ""name"": ""United States of America""}]","[{""english_name"": ""English"", ""iso_639_1"": ""en"", ""name"": ""English""}, {""english_name"": ""No Language"", ""iso_639_1"": ""xx"", ""name"": ""No Language""}]","[""US""]",null
175310,The Tiger's Coat,The Tiger's Coat,"The film begins in the southern California home of Alexander MacAllister (Lawson Butt) where he is confronting Andrew Hyde (Miles McCarthy) who is accused of crooked dealings. Alexander threatens to expose Hyde, and Hyde defies him to do his worst. A banker friend tells MacAllister, ""Why don't you get married?"" They are interrupted by an unexpected caller on that rainy evening, a young lady, Jean Ogilvie, the daughter of a Scotsman family friend from Mexico. He puts her up and later remarks that she has dark skin for a Scottish lass. ""Mexican sun,"" she explains. ""I expected to find an old man,"" Jean remarks to herself.",,Released,False,False,1920-11-08,55,0,0,0.2254,5.1,5,xx,,tt0188237,/xrFcZh5wW0GZa3N4OsrKxwolxor.jpg,,"[{""id"": 18, ""name"": ""Drama""}]","[{""id"": 279192, ""logo_path"": null, ""name"": ""Dial Film Company"", ""origin_country"": """"}]","[{""iso_3166_1"": ""US"", ""name"": ""United States of America""}]",[],"[""US""]",null
175311,The Room Upstairs,The Room Upstairs,"A Boston teacher decides to turn her old home into a boarding house to pull in some much-needed extra money. It turns out her tenants help her in more ways than supplementing her income, and ultimately they become instrumental in turning her life around.",,Released,False,False,1987-01-31,97,0,0,1.0357,4.2,4,en,,tt0093879,/wTzrGsznUP6lMcDi3HY5EF1WACD.jpg,,"[{""id"": 10749, ""name"": ""Romance""}]","[{""id"": 12677, ""logo_path"": null, ""name"": ""Marian Rees Associates"", ""origin_country"": """"}, {""id"": 13512, ""logo_path"": null, ""name"": ""The Alexander Group Productions"", ""origin_country"": """"}]","[{""iso_3166_1"": ""US"", ""name"": ""United States of America""}]","[{""english_name"": ""English"", ""iso_639_1"": ""en"", ""name"": ""English""}]","[""US""]",null
175314,The Cameraman,The Cameraman,Billy is hired by the local newspaper as a cameraman. Billy gets involved in many messes and despite his efforts he cannot escape the presence of the Whitling Man.,,Released,False,False,1920-12-08,0,0,0,0.2766,0.0,0,en,,tt0313851,/g1BJsrBYTjMRTWsH6fr40s758S6.jpg,,[],[],[],[],"[""US""]",null
175272,J-U-N-K,J-U-N-K,A Hank Mann slapstick comedy where he plays a Junk Dealer's Helper.,,Released,False,False,1920-03-08,24,0,0,0.3011,0.0,0,en,,tt0367898,,,[],[],[],[],"[""US""]",null
175317,The Swallow and the Titmouse,L'Hirondelle et la Mésange,"Herr Pierre Van Groot owns two barges. Van Groot, his wife, and his sister-in-law navigate along the north channels between Belgium and France. Herr Pierre transports construction material in his barges but he earns extra francs trafficking in diamonds, which he hides in the boat’s rudder. Pierre engages a new first mate, Michel, who gets wise to the diamond smuggling. The film was shot in 1920, but only shown once in its 80 minute entirety at a private screening in 1924.",,Released,False,False,1924-06-05,78,0,0,0.1826,6.4,8,fr,,tt0011294,/xT4O36tT10bgAiQnJZeUwUw0J4h.jpg,/hstt57bnUy0JkCIkFnRdvDkEJtX.jpg,"[{""id"": 18, ""name"": ""Drama""}]","[{""id"": 21594, ""logo_path"": null, ""name"": ""Path\u00e9 Fr\u00e8res"", ""origin_country"": ""FR""}]","[{""iso_3166_1"": ""BE"", ""name"": ""Belgium""}, {""iso_3166_1"": ""FR"", ""name"": ""France""}]","[{""english_name"": ""No Language"", ""iso_639_1"": ""xx"", ""name"": ""No Language""}]","[""FR""]",null
175319,Humoresque,Humoresque,"Young Leon Kanter dreams of being a great violinist. His parents scrape up the money for a violin and for lessons, and Leon rewards them by becoming a great player. But as an adult, Leon finds that people want more from him than just music.",,Released,False,False,1920-05-29,71,0,0,0.4887,5.6,11,en,,tt0011317,/56JT45OHQe3TV7ZD6nK6qcdEbNf.jpg,/qEbu30Glr025K7WKnOEB6soL9bW.jpg,"[{""id"": 18, ""name"": ""Drama""}]","[{""id"": 1442, ""logo_path"": null, ""name"": ""Cosmopolitan Productions"", ""origin_country"": ""US""}]","[{""iso_3166_1"": ""US"", ""name"": ""United States of America""}]",[],"[""US""]",null
175321,blur: Parklive,blur: Parklive,"Britpop stalwarts blur captured live in performance in the summer of 2012. The gig, held in Hyde Park on August the 12th, was a companion concert to the closing ceremony of the 2012 London Olympic Games. The songs performed by the band include 'Coffee and TV', 'Country House', 'Parklife' and 'No Distance Left to Run'.",,Released,False,False,2012-11-19,125,0,0,0.4716,8.2,5,en,https://www.blur.co.uk/,tt2554118,/yvtOfecNgTocDJ7ZngguMSlNbUe.jpg,/9GX1YxiA35aJFq5sIpQiM4am5rx.jpg,"[{""id"": 10402, ""name"": ""Music""}]","[{""id"": 3633, ""logo_path"": null, ""name"": ""EMI Records Ltd."", ""origin_country"": """"}, {""id"": 1419, ""logo_path"": null, ""name"": ""Virgin Vision"", ""origin_country"": """"}]","[{""iso_3166_1"": ""GB"", ""name"": ""United Kingdom""}]","[{""english_name"": ""English"", ""iso_639_1"": ""en"", ""name"": ""English""}]","[""US"", ""GB""]",null
175324,"For You, Poland","Dla ciebie, Polsko","The film’s plot is set during the war between Poland and the Soviet Russia (1919 – 1921). Wartime brutally encroaches on the life of a couple in love – Franek and Hanka. The Bolshevik troops cause damage to Polish villages and manor houses, and in one of the manor houses the invaders have a carousel. Luckily, the Polish cavalry comes to the relief just in time. Unable to wait passively, Hanka becomes a sister of mercy in one of the field hospitals near Vilnius, while Franek gains wide recognition after capturing a Russian spy.",,Released,False,False,1920-09-25,46,0,0,0.0286,5.0,2,pl,,tt0907727,/ngpz3OZn854UOiBDQKF4Zvwa3sI.jpg,,[],"[{""id"": 205549, ""logo_path"": null, ""name"": ""Polfilma"", ""origin_country"": """"}, {""id"": 205550, ""logo_path"": null, ""name"": ""Centralny Urz\u0105d Filmowy Wojska Polskiego"", ""origin_country"": """"}]","[{""iso_3166_1"": ""PL"", ""name"": ""Poland""}]",[],"[""PL""]",null
175323,Algol: Tragedy of Power,Algol - Tragödie der Macht,An alien from the planet Algol gives a man a device that creates enough energy to power the entire world.,,Released,False,False,1920-09-03,99,0,0,0.5249,6.389,8,de,,tt0010953,/p6M2lSt0SMShQ9D5BZX0Qzum0nB.jpg,/xF2OwYt9XDxT24kdkpFOt8xRWSd.jpg,"[{""id"": 878, ""name"": ""Science Fiction""}, {""id"": 18, ""name"": ""Drama""}]","[{""id"": 41911, ""logo_path"": null, ""name"": ""Deutsche Lichtbild-Gesellschaft e.V. (DLG)"", ""origin_country"": """"}]","[{""iso_3166_1"": ""DE"", ""name"": ""Germany""}]","[{""english_name"": ""No Language"", ""iso_639_1"": ""xx"", ""name"": ""No Language""}]","[""DE""]",null
175322,The Enchanted Circle,Der magische Gürtel,"A documentary filmed aboard a German U-Boat during the First World War, featuring footage of the capture and sinking of cargo ships and a private schooner.",,Released,False,False,1917-08-01,45,0,0,0.0286,6.0,2,de,,tt0010375,/uFy3sa6MEGnoucAKsnelEGBHdIB.jpg,,"[{""id"": 99, ""name"": ""Documentary""}, {""id"": 10752, ""name"": ""War""}]","[{""id"": 218029, ""logo_path"": null, ""name"": ""Bild- und Filmamt (BuFA)"", ""origin_country"": ""DE""}]","[{""iso_3166_1"": ""DE"", ""name"": ""Germany""}]","[{""english_name"": ""No Language"", ""iso_639_1"": ""xx"", ""name"": ""No Language""}]","[""DE""]",null
175327,Love's Labor Lost,Love's Labor Lost,The whole effort is an extension of Krazy Kat's incomprehensible but unrequited love for Ignatz Mouse; Ignatz loves a hippo; the Hippo loves an elephant; and so forth.,,Released,False,False,1920-01-29,3,0,0,0.1503,3.5,2,en,,tt0365457,/atoUQLhfDIuOTzzSGJDO1qYrf4u.jpg,,"[{""id"": 10749, ""name"": ""Romance""}, {""id"": 35, ""name"": ""Comedy""}, {""id"": 16, ""name"": ""Animation""}]",[],"[{""iso_3166_1"": ""US"", ""name"": ""United States of America""}]",[],"[""US""]",null
175330,Little Lord Fauntleroy,Little Lord Fauntleroy,An American boy turns out to be the long-lost heir of a British fortune. He is sent to live with the cold and unsentimental lord who oversees the trust.,,Released,False,False,1921-09-15,112,0,0,0.7559,6.9,17,en,,tt0012397,/8dGPDwry1BlM7Q2tQ2MBRQhIXT0.jpg,/qTOnfM6FAJ3RzZzWW7zPlRq9A9T.jpg,"[{""id"": 18, ""name"": ""Drama""}]","[{""id"": 21540, ""logo_path"": null, ""name"": ""Mary Pickford Company"", ""origin_country"": """"}]","[{""iso_3166_1"": ""US"", ""name"": ""United States of America""}]","[{""english_name"": ""No Language"", ""iso_639_1"": ""xx"", ""name"": ""No Language""}]","[""US""]",null
175331,Fratricide,Brudermord,"Two young Kurdish refugees, recently arrived in Germany struggle to make their way through the harshness of the occidental city. Their encounter with a gang of Turks will rapidly led them into an inevitable tragical spiral filled with death and revenge.",,Released,False,False,2005-07-31,90,0,0,0.2948,4.7,14,ku,,tt0470702,/6hiLCIBk4TeuMX1mm5KqmTM9V8Z.jpg,,"[{""id"": 18, ""name"": ""Drama""}]","[{""id"": 8471, ""logo_path"": ""/rfmlWuH9lxt9pgQetWbNwZKSXvZ.png"", ""name"": ""Tarantula"", ""origin_country"": ""BE""}, {""id"": 112836, ""logo_path"": ""/rfmlWuH9lxt9pgQetWbNwZKSXvZ.png"", ""name"": ""Tarantula"", ""origin_country"": ""LU""}, {""id"": 112882, ""logo_path"": null, ""name"": ""Yilmaz Arslan Filmproduktion"", ""origin_country"": ""DE""}, {""id"": 31588, ""logo_path"": null, ""name"": ""Cinegate"", ""origin_country"": ""GB""}, {""id"": 109756, ""logo_path"": ""/sudlIoNIIrKmVWaYD2ZVo9HGogW.png"", ""name"": ""Auvergne-Rh\u00f4ne-Alpes Cin\u00e9ma"", ""origin_country"": ""FR""}]","[{""iso_3166_1"": ""LU"", ""name"": ""Luxembourg""}, {""iso_3166_1"": ""DE"", ""name"": ""Germany""}, {""iso_3166_1"": ""FR"", ""name"": ""France""}]","[{""english_name"": ""German"", ""iso_639_1"": ""de"", ""name"": ""Deutsch""}, {""english_name"": ""Kurdish"", ""iso_639_1"": ""ku"", ""name"": """"}, {""english_name"": ""Turkish"", ""iso_639_1"": ""tr"", ""name"": ""T\u00fcrk\u00e7e""}]","[""DE""]",null
175333,La Terre,La Terre,"As Jean is walking across the countryside in search of work, he helps and befriends a young woman, Françoise, who is having trouble controlling the cow that she is leading. Jean finds work at a local farm, but he soon finds himself caught in the middle of the conflicts in Françoise's family.",,Released,False,False,1921-10-13,97,0,0,0.3507,6.3,6,fr,,tt0012745,/qPBpbxGISVuDH3WJvojLAqk9azX.jpg,,"[{""id"": 18, ""name"": ""Drama""}]","[{""id"": 21594, ""logo_path"": null, ""name"": ""Path\u00e9 Fr\u00e8res"", ""origin_country"": ""FR""}]","[{""iso_3166_1"": ""FR"", ""name"": ""France""}]","[{""english_name"": ""No Language"", ""iso_639_1"": ""xx"", ""name"": ""No Language""}]","[""FR""]",null
175334,The Love Light,The Love Light,"Angela maintains a coastal lighthouse in Italy, where she awaits the return of her brothers from the war. She learns they are casualties and takes solace in the arms of an American sailor washed ashore. However, the sailor turns out to be a German spy, and she is torn between her love for him and her realization that he is part of the enemy force that has destroyed her family.","A Picture that will carry to your screen all the beauty, charm and art that have made Mary Pickford the most beloved girl in the world.",Released,False,False,1921-01-08,89,0,0,0.7831,6.7,7,en,,tt0012408,/c8GNjsnnKzCS05EJ6kH00bXinQJ.jpg,/yUuiNcnCyggzg8HDr6LIF9H5ZlZ.jpg,"[{""id"": 18, ""name"": ""Drama""}]","[{""id"": 60, ""logo_path"": ""/4YldLvCWQL9VIAHQ2Fu3Ffkh9Si.png"", ""name"": ""United Artists"", ""origin_country"": ""US""}, {""id"": 21540, ""logo_path"": null, ""name"": ""Mary Pickford Company"", ""origin_country"": """"}]","[{""iso_3166_1"": ""US"", ""name"": ""United States of America""}]","[{""english_name"": ""No Language"", ""iso_639_1"": ""xx"", ""name"": ""No Language""}]","[""US""]",null
175339,Mad Love,Sappho,"Richard de la Croix's brother, Andreas, has been driven insane by a notorious vamp and socialite named Sappho. A friend takes Richard to the Odeon to meet her, but when Sappho actually meets him, he is unaware that she is the woman who drove Andreas to be institutionalised. Sappho genuinely falls in love with Richard, and decides to leave her vampy ways and her older lover behind her so that she can have him.",,Released,False,False,1921-09-09,82,0,0,0.4697,7.3,5,de,,tt0012645,/kteim3kkkqE7sD2odunjAbp60Eg.jpg,,"[{""id"": 18, ""name"": ""Drama""}, {""id"": 10749, ""name"": ""Romance""}]","[{""id"": 12950, ""logo_path"": null, ""name"": ""Projektions-AG Union"", ""origin_country"": ""DE""}]","[{""iso_3166_1"": ""DE"", ""name"": ""Germany""}]","[{""english_name"": ""No Language"", ""iso_639_1"": ""xx"", ""name"": ""No Language""}]","[""DE""]",null
175341,Hamlet,Hamlet,"A free adaptation of Shakespeare′s drama. The Danish queen masquerades her daughter as a boy, and thus, the girl lives her life as 'Prince' Hamlet. Her father poisoned by a venomous snake placed by the treacherous Claudius, Hamlet fakes madness to investigate without suspicion.",,Released,False,False,1921-01-27,112,0,0,0.3802,7.1,19,de,,tt0012249,/iPX08Mtpk1mtYXNUhMUBUP9v5lh.jpg,/jmHPR5Pz6P6hk8PhdoumQDfrl1s.jpg,"[{""id"": 18, ""name"": ""Drama""}]","[{""id"": 124224, ""logo_path"": null, ""name"": ""Art-Film GmbH"", ""origin_country"": """"}]","[{""iso_3166_1"": ""DE"", ""name"": ""Germany""}]","[{""english_name"": ""No Language"", ""iso_639_1"": ""xx"", ""name"": ""No Language""}]","[""DE""]",null
175343,The Blocks,Bloklar,The fact that one of the major problems of today's world of environmental concrete in buildings and its site as a reflection of the resulting monotonous life through the eyes of two children from a critical perspective are described.,Monuments of Uniformity,Released,False,False,1999-04-13,11,0,0,0.0143,9.7,3,tr,http://www.kameraarkasi.org/yonetmenler/kisafilmler/1999/bloklar.html,tt2776114,/kcS0DJumRDhaBCcyo2wUdBdp68q.jpg,,[],[],"[{""iso_3166_1"": ""TR"", ""name"": ""Turkey""}]","[{""english_name"": ""Turkish"", ""iso_639_1"": ""tr"", ""name"": ""T\u00fcrk\u00e7e""}]","[""TR""]",null
175346,The Conquering Power,The Conquering Power,"Young playboy Charles Grandet is sent to live with his miserly uncle after his father loses his fortune. He and his cousin Eugenie fall in love, but his uncle sends him away and tries to arrange a marriage more to his liking (and profit!). Will true love triumph?","Enter Romance-a young blood from Paris, into the life of Eugenie Grandet -a life of chintz and candle-light",Released,False,False,1921-07-08,89,0,0,0.8105,5.8,11,en,,tt0012068,/zTY04P11V2kWfrBqnz3EvFxHk41.jpg,/8qucljDbmZRG4Qf8qhGOxqeZhYN.jpg,"[{""id"": 10749, ""name"": ""Romance""}, {""id"": 18, ""name"": ""Drama""}]","[{""id"": 16101, ""logo_path"": ""/2yI4rjPZ1I7TLZ2UWvTtXifYEnw.png"", ""name"": ""Metro Pictures Corporation"", ""origin_country"": ""US""}]","[{""iso_3166_1"": ""US"", ""name"": ""United States of America""}]","[{""english_name"": ""No Language"", ""iso_639_1"": ""xx"", ""name"": ""No Language""}]","[""US""]",null
175345,Long Night,Długa noc,The residents of an apartment complex in World War 2 Poland face a moral dilemma when they discover one of their neighbours is hiding a Jew.,,Released,False,False,1989-10-30,78,0,0,0.3417,0.0,0,pl,,tt5828204,/bWQzHNOl8SmP4BPlx2gW4d1YCQv.jpg,,"[{""id"": 18, ""name"": ""Drama""}, {""id"": 10752, ""name"": ""War""}]","[{""id"": 34272, ""logo_path"": null, ""name"": ""Zesp\u00f3\u0142 Filmowy \""Studio\"""", ""origin_country"": ""PL""}]","[{""iso_3166_1"": ""PL"", ""name"": ""Poland""}]","[{""english_name"": ""Polish"", ""iso_639_1"": ""pl"", ""name"": ""Polski""}]","[""PL""]",null
175348,Immortal Story,海上花,"Set in the then Portuguese colony of Macau, IMMORTAL STORY depicts the story of the love affair between a small time chanteuse and her Japanese beau. They met when both were young and pretty and again many years later when he had became a drug addict and she a fallen woman.",,Released,False,False,1986-11-06,95,0,0,2.5791,5.9,7,cn,,tt0091260,/dqHopNo8dh5VsWAY1UTCWlJxaPL.jpg,/rACzOQh0mJWu2macAJTwlVBIn6p.jpg,"[{""id"": 18, ""name"": ""Drama""}, {""id"": 10749, ""name"": ""Romance""}]","[{""id"": 78165, ""logo_path"": null, ""name"": ""Far-Sun Film Company"", ""origin_country"": ""HK""}]","[{""iso_3166_1"": ""HK"", ""name"": ""Hong Kong""}, {""iso_3166_1"": ""TW"", ""name"": ""Taiwan""}]","[{""english_name"": ""Cantonese"", ""iso_639_1"": ""cn"", ""name"": ""\u5e7f\u5dde\u8bdd / \u5ee3\u5dde\u8a71""}, {""english_name"": ""Japanese"", ""iso_639_1"": ""ja"", ""name"": ""\u65e5\u672c\u8a9e""}, {""english_name"": ""Mandarin"", ""iso_639_1"": ""zh"", ""name"": ""\u666e\u901a\u8bdd""}]","[""TW"", ""HK""]",null
175352,Cirkusrevyen 2011,Cirkusrevyen 2011,,,Released,False,True,2011-01-01,0,0,0,0.0866,8.0,1,da,,,/3qtggP69YWLNpqZ2uJGQHsSJyhV.jpg,,[],[],[],[],"[""DK""]",null
175359,Leśne Doły,Leśne Doły,Veronica and Andrew are a young couple who receive a beautiful old manor house in a deserted village known as Lesne Doły as an inheritance from the girl's uncle. People living there meet the loving couple and discourage them from living there. What the couple do not see is that the village hides a dark secret by the residents for 50 years. They soon encounter inexplicable events that make them regret their decision.,,Released,False,False,2011-08-11,0,0,0,0.0143,3.0,2,pl,,tt2056635,/g4fQD13W58mgZNLDGnudHh776cR.jpg,,[],[],"[{""iso_3166_1"": ""PL"", ""name"": ""Poland""}]","[{""english_name"": ""Polish"", ""iso_639_1"": ""pl"", ""name"": ""Polski""}]","[""PL""]",null
175360,"The Indian Tomb, Part I: The Mission of the Yoghi","Das indische Grabmal, erster Teil: Die Sendung des Yoghi","Ayan, Maharajah of Eschnapur, believes that his wife, Princess Savitri, has been unfaithful to him with officer Mac Allan. He decides to bury her alive, so he sends the Yogi Ramigani to England to look for Herbert Rowland, an architect; but when he orders him to build a tomb, Rowland refuses.",,Released,False,False,1921-10-22,127,0,0,0.8283,5.6,14,de,,tt0012314,/vfregqnBEHlXGF68xD57RNJrRfL.jpg,/bMnWZYfjpysZrDuBy4wWLEvXP57.jpg,"[{""id"": 12, ""name"": ""Adventure""}, {""id"": 18, ""name"": ""Drama""}, {""id"": 14, ""name"": ""Fantasy""}]","[{""id"": 67668, ""logo_path"": null, ""name"": ""May-Film"", ""origin_country"": ""DE""}]","[{""iso_3166_1"": ""DE"", ""name"": ""Germany""}]","[{""english_name"": ""No Language"", ""iso_639_1"": ""xx"", ""name"": ""No Language""}]","[""DE""]","{""id"": 190043, ""name"": ""The Indian Tomb"", ""poster_path"": ""/xFsyGk3DyIYwBz3cBjv9zaY5taM.jpg"", ""backdrop_path"": ""/mzPuWLm6HPNsvcEWlK0y2knHF7H.jpg""}"
175361,"The Indian Tomb, Part II: The Tiger of Eschnapur","Das indische Grabmal, zweiter Teil: Der Tiger von Eschnapur","Rowland falls sick with leprosy while Mac Allan is captured by the Maharajah, who offers Irene a deal: one night with him in exchange for letting Rowland to be cured. She accepts, but tries to commit suicide.",,Released,False,False,1921-11-19,106,0,0,0.9631,5.9,13,de,,tt0012313,/y7Dk64iKZprSDJymdfGkWHoB91x.jpg,/eNTpenA0gmv1lYwJqrV8scpnBPD.jpg,"[{""id"": 12, ""name"": ""Adventure""}, {""id"": 18, ""name"": ""Drama""}, {""id"": 14, ""name"": ""Fantasy""}]","[{""id"": 67668, ""logo_path"": null, ""name"": ""May-Film"", ""origin_country"": ""DE""}]","[{""iso_3166_1"": ""DE"", ""name"": ""Germany""}]","[{""english_name"": ""No Language"", ""iso_639_1"": ""xx"", ""name"": ""No Language""}]","[""DE""]","{""id"": 190043, ""name"": ""The Indian Tomb"", ""poster_path"": ""/xFsyGk3DyIYwBz3cBjv9zaY5taM.jpg"", ""backdrop_path"": ""/mzPuWLm6HPNsvcEWlK0y2knHF7H.jpg""}"
175362,Dreams of the Rarebit Fiend: The Pet,Dreams of the Rarebit Fiend: The Pet,"After eating a rarebit, a man falls asleep and dreams his wife adopts a mysterious animal with an insatiable appetite. The pet eats its milk, the house cat, the house's furnishings, rat poison, and passing vehicles, including airplanes and a blimp, while growing larger and larger. This cartoon is part of a Dream trilogy animated by Winsor McCay in 1921. (CBGP)",,Released,False,False,1921-09-19,11,0,0,0.3252,6.4,21,en,,tt0012123,/7neh61SZUJfDb1b488vRFoFLZwm.jpg,/3sG5nHjwXlaYVcEwxtReda5A0OS.jpg,"[{""id"": 14, ""name"": ""Fantasy""}, {""id"": 16, ""name"": ""Animation""}]","[{""id"": 46061, ""logo_path"": null, ""name"": ""Rialto Productions"", ""origin_country"": """"}]","[{""iso_3166_1"": ""US"", ""name"": ""United States of America""}]","[{""english_name"": ""No Language"", ""iso_639_1"": ""xx"", ""name"": ""No Language""}]","[""US""]",null
175363,Burn 'Em Up Barnes,Burn 'Em Up Barnes,"Car racer Burn 'em Up Barnes, son of a wealthy manufacturer, leaves home to make his own way in the world. After being robbed by hoodlums, Barnes joins a group of hobos who take him in and show him the carefree life.",,Released,False,False,1921-08-01,60,0,0,0.9549,3.0,2,en,,tt0012017,/cKzZJZZReGDSniRQlOeXpbJSYdW.jpg,/tCBHgmOV0dBvAmAaTgJrhUQJ0NC.jpg,"[{""id"": 80, ""name"": ""Crime""}, {""id"": 12, ""name"": ""Adventure""}]","[{""id"": 98721, ""logo_path"": null, ""name"": ""Mastodon Films"", ""origin_country"": """"}]","[{""iso_3166_1"": ""US"", ""name"": ""United States of America""}]","[{""english_name"": ""No Language"", ""iso_639_1"": ""xx"", ""name"": ""No Language""}]","[""US""]",null
175365,Dream Street,Dream Street,Three men in London compete for the love of a dance-hall girl.,Pulsating with Good Love and Bad Passion Against a Hazy Shadow of Oriental Hop Fancies.,Released,False,False,1921-04-12,132,0,0,0.6748,6.2,7,en,,tt0012122,/fmoC8q704z8BaNLzpRfzJNRLD.jpg,/mI8eotZxeDy0F8CZxj3GZp6aUD3.jpg,"[{""id"": 10749, ""name"": ""Romance""}, {""id"": 18, ""name"": ""Drama""}]","[{""id"": 4759, ""logo_path"": null, ""name"": ""D.W. Griffith Productions"", ""origin_country"": ""US""}]","[{""iso_3166_1"": ""US"", ""name"": ""United States of America""}]","[{""english_name"": ""No Language"", ""iso_639_1"": ""xx"", ""name"": ""No Language""}]","[""US""]",null
175367,The Whistle,The Whistle,Robert must avenge his son who was killed in a workplace accident.,I did it to avenge the death of my son Danny,Released,False,False,1921-04-08,70,0,0,0.5223,4.8,6,en,,tt0012839,/crTTZR3D9Upq6L7dynKlScYQh8v.jpg,/7fReSKoGoCBpuDQCvlT896fMSyP.jpg,"[{""id"": 10749, ""name"": ""Romance""}, {""id"": 18, ""name"": ""Drama""}]","[{""id"": 32484, ""logo_path"": null, ""name"": ""William S. Hart Productions"", ""origin_country"": ""US""}]","[{""iso_3166_1"": ""US"", ""name"": ""United States of America""}]",[],"[""US""]",null
175373,Great Natural Wonders of the World,Great Natural Wonders of the World,"David Attenborough sets out on an intrepid quest across seven continents to create a unique television event to celebrate the wealth of natural features that makes Planet Earth so varied, so distinctive and so spectacularly beautiful.",,Released,False,False,2002-01-01,57,0,0,0.3095,5.625,4,en,http://www.bbc.co.uk/programmes/p002shxj,tt1461394,/rhwAhjwgRTstnXftzBl0EISjMzb.jpg,,"[{""id"": 99, ""name"": ""Documentary""}, {""id"": 10770, ""name"": ""TV Movie""}]","[{""id"": 15505, ""logo_path"": ""/3MuBcEqLa5QRkZTpXBLzyk9zOmO.png"", ""name"": ""NHK"", ""origin_country"": ""JP""}, {""id"": 7521, ""logo_path"": ""/fRqMjLjyAqThtEg9P9WKCXLmCpJ.png"", ""name"": ""National Geographic"", ""origin_country"": ""US""}, {""id"": 3324, ""logo_path"": ""/dqT3yOTlfJRmtvk52Ccd1O6dZ0A.png"", ""name"": ""BBC"", ""origin_country"": ""GB""}]","[{""iso_3166_1"": ""GB"", ""name"": ""United Kingdom""}, {""iso_3166_1"": ""US"", ""name"": ""United States of America""}, {""iso_3166_1"": ""JP"", ""name"": ""Japan""}]","[{""english_name"": ""English"", ""iso_639_1"": ""en"", ""name"": ""English""}]","[""GB""]",null
175371,A Body in the Woods,Un cos al bosc,A hard-hitting police investigation with Rossy de Palma taking the lead as the police officer responsible for solving the murder of a young woman whose mutilated body is found in the woods by local hunters.,,Released,False,False,1996-11-08,85,0,0,0.3278,5.8,12,ca,,tt0115991,/3OVHIEdro8UP5Z2Yr447T04vVep.jpg,/lyGsm6eOryXFzSxMrdX3GOVQYxL.jpg,"[{""id"": 53, ""name"": ""Thriller""}]","[{""id"": 44305, ""logo_path"": null, ""name"": ""Els Quatre Gats Audiovisuals S.L."", ""origin_country"": ""ES""}, {""id"": 63790, ""logo_path"": ""/dO5PoYVpA7xtP0CgpqRQDcsKJHD.png"", ""name"": ""Films de l'Orient"", ""origin_country"": ""ES""}, {""id"": 30258, ""logo_path"": null, ""name"": ""Generalitat de Catalunya - Departament de Cultura"", ""origin_country"": ""ES""}, {""id"": 55706, ""logo_path"": null, ""name"": ""Sociedad General de Derechos Audiovisuales (SOGEDASA)"", ""origin_country"": """"}, {""id"": 9335, ""logo_path"": ""/ldfniRgxCYegCbGEROEBKbmg4A5.png"", ""name"": ""Canal+ Espa\u00f1a"", ""origin_country"": ""ES""}, {""id"": 981, ""logo_path"": ""/pkrdO9ykplO4Zc8edikoSX5APUN.png"", ""name"": ""TVE"", ""origin_country"": ""ES""}, {""id"": 29258, ""logo_path"": null, ""name"": ""Ministerio de Cultura Espa\u00f1a"", ""origin_country"": ""ES""}]","[{""iso_3166_1"": ""ES"", ""name"": ""Spain""}]","[{""english_name"": ""Catalan"", ""iso_639_1"": ""ca"", ""name"": ""Catal\u00e0""}, {""english_name"": ""Spanish"", ""iso_639_1"": ""es"", ""name"": ""Espa\u00f1ol""}]","[""ES""]",null
175375,Vocacional: Uma Aventura Humana,Vocacional: Uma Aventura Humana,The clash of a libertarian school with the military dictatorship in the 60s. An exciting and little-known page in the history of public education in Brazil.,,Released,False,False,2011-07-07,77,0,0,0.0662,10.0,3,pt,,tt4094882,/qoxK6d8Z69a9VtmCAgE1tzVLtaP.jpg,/j4N3F2HM9WF9iWXv2TnXi7A8INU.jpg,"[{""id"": 99, ""name"": ""Documentary""}]",[],"[{""iso_3166_1"": ""BR"", ""name"": ""Brazil""}]","[{""english_name"": ""Portuguese"", ""iso_639_1"": ""pt"", ""name"": ""Portugu\u00eas""}]","[""BR""]",null
175376,My Wife Is Formidable,Ma femme est formidable,"Raymond Corbier, a sculptor, has a wonderful wife, Sylvia, whom he adores. To save a passionate admirer who simulates suicide because she does not respond to her advances, Sylvia, an irreproachable wife, is forced to lie for the first time to Raymond.",,Released,False,False,1951-12-05,92,0,0,0.9051,3.6,4,fr,,tt0043768,/tHCnEWZW89Ax09jP4Flix6f4XaF.jpg,/dRAT2aHTG2v0IGrBp5JOaQZDYcY.jpg,"[{""id"": 35, ""name"": ""Comedy""}]",[],[],"[{""english_name"": ""French"", ""iso_639_1"": ""fr"", ""name"": ""Fran\u00e7ais""}]","[""FR""]",null
175380,Half the World,Halbe Welt,The sun blazes down from the sky with destructive power; exposing oneself to its light means death. People have transposed everyday existence to the night. In the metropolis of HALF WORLD a culture based on various languages and lifeforms has grown rampant. Everyone is looking for a way to survive.,,Released,False,False,1993-11-03,83,0,0,0.4674,4.1,11,de,http://www.allegrofilm.at/filme/halbe-welt,tt0107070,/putkLH2i2C1NvPDiBztQCnBoHV8.jpg,/oICUbumCFSULdgnSwDab6NBXmjf.jpg,"[{""id"": 878, ""name"": ""Science Fiction""}, {""id"": 18, ""name"": ""Drama""}]","[{""id"": 404, ""logo_path"": null, ""name"": ""Allegro Film"", ""origin_country"": ""AT""}]","[{""iso_3166_1"": ""AT"", ""name"": ""Austria""}]","[{""english_name"": ""German"", ""iso_639_1"": ""de"", ""name"": ""Deutsch""}]","[""AT""]",null
175381,The Tempests of First Love,初戀風暴,"Romantic comedy headlined by Tony Yang and Michelle Chen, who star as a young couple whose blossoming relationship becomes complicated when they discover that their parents were also each other’s first love.",,Released,False,False,2010-11-25,100,0,0,0.9311,1.0,1,zh,,tt2926728,/nL9hapM1Y2PSybDIRXEdIfPzhGZ.jpg,/9nS4raVJHCfMyjWEuTiUapJA9vE.jpg,"[{""id"": 10749, ""name"": ""Romance""}]",[],[],"[{""english_name"": ""Mandarin"", ""iso_639_1"": ""zh"", ""name"": ""\u666e\u901a\u8bdd""}]","[""CN""]",null
175382,Accent on Love,Accent on Love,"A young man of privilege abandons his thankless job as a company vice-president, walks out on his spoiled wife, and joins the working classes, leading to his romance with a European immigrant.",,Released,False,False,1941-07-11,61,0,0,0.4599,6.0,1,en,,tt0033311,/1zPBf3aVnusvLZMf9UPaGVSvdND.jpg,/5spsBqZUkOcYl4iYKMYdr4YiAXA.jpg,"[{""id"": 18, ""name"": ""Drama""}]","[{""id"": 25, ""logo_path"": ""/qZCc1lty5FzX30aOCVRBLzaVmcp.png"", ""name"": ""20th Century Fox"", ""origin_country"": ""US""}]","[{""iso_3166_1"": ""US"", ""name"": ""United States of America""}]","[{""english_name"": ""English"", ""iso_639_1"": ""en"", ""name"": ""English""}]","[""US""]",null
175383,The Man Who Lived in a Shoe,El hombre que vivió en un zapato,"This is the true story of a man, Jose Luis ""El Guero"" Robles Gil. It is also a story of reality versus imagination, love and madness, plus the opening and closing of the eyes: of a life poised almost at the border of fantasy. It is the story of a man who lived in a shoe, and the story of the woman who accompanied him, once upon a time.",,Released,False,False,2011-10-19,90,0,0,0.0071,5.7,3,es,,tt1825753,/mgc7wwlhaasPf8VJGXD9KO1fvWS.jpg,,"[{""id"": 99, ""name"": ""Documentary""}, {""id"": 18, ""name"": ""Drama""}]","[{""id"": 265970, ""logo_path"": null, ""name"": ""Toxico Cultura / Toxico Cinema"", ""origin_country"": """"}]","[{""iso_3166_1"": ""MX"", ""name"": ""Mexico""}]","[{""english_name"": ""Spanish"", ""iso_639_1"": ""es"", ""name"": ""Espa\u00f1ol""}]","[""MX""]",null
175385,Autopsy of the Dead,Autopsy of the Dead,"Board up the windows and doors! More than 40 years after filming the 1968 horror masterpiece Night of the Living Dead, the 'dead' return in the all-new documentary Autopsy of the Dead. Packed with extensive cast & crew interviews, never-before-seen color photos and behind the scenes footage, visits to the original filming locations and other surprises, get ready for the most in-depth visual document on the making of the great American horror film that won t stay dead.","In 1968, the dead walked. Now, the dead will talk.",Released,False,False,2009-09-22,144,0,0,0.4903,0.0,0,en,http://www.livingdeaddocumentary.com/,tt1467244,/cCU0yHaUsqwiilUyha649wsRY6B.jpg,,"[{""id"": 99, ""name"": ""Documentary""}]","[{""id"": 165905, ""logo_path"": null, ""name"": ""Astro-Field Productions"", ""origin_country"": ""US""}, {""id"": 165906, ""logo_path"": null, ""name"": ""Zero Day Releasing"", ""origin_country"": """"}]","[{""iso_3166_1"": ""US"", ""name"": ""United States of America""}]","[{""english_name"": ""English"", ""iso_639_1"": ""en"", ""name"": ""English""}]","[""US""]",null
175386,Cheyenne,Cheyenne,"Slick gambler James Wylie is apprehended by the law and given the option to forgo a prison sentence if he poses as a bandit. His mission is to uncover the identity of the Poet, a notorious outlaw who has been holding up bank-owned stagecoaches and leaving verses at the crime scenes to taunt the authorities. James finds time to woo the Poet's lovely wife, Ann, who initially cold-shoulders him. But, as a romance develops, they partner up to find the robber.",LOVE AND ACTION RIDE HAND-IN-HAND!,Released,False,False,1947-06-06,99,1929000,3303000,1.0809,7.0,10,en,,tt0039260,/57zUuw2dQQBUTEwE0hvLdZRIeYZ.jpg,/aNqFt0k9zHXB7W6LJa6TmdhzpWx.jpg,"[{""id"": 37, ""name"": ""Western""}]","[{""id"": 174, ""logo_path"": ""/zhD3hhtKB5qyv7ZeL4uLpNxgMVU.png"", ""name"": ""Warner Bros. Pictures"", ""origin_country"": ""US""}]","[{""iso_3166_1"": ""US"", ""name"": ""United States of America""}]","[{""english_name"": ""English"", ""iso_639_1"": ""en"", ""name"": ""English""}]","[""US""]",null
175390,Indigen - Épisode 279,Indigen - Épisode 279,"Koundou, a native hunter, protects his food in the presence of a hungry animal.",,Released,False,False,2002-06-10,6,0,0,0.0758,6.0,1,fr,,tt5559512,/z2r5qMwFpEavHhXGPd714WsrWLB.jpg,/eo7IpQ0NiCTbB1L25M8aOvCW9dh.jpg,"[{""id"": 16, ""name"": ""Animation""}]","[{""id"": 12417, ""logo_path"": null, ""name"": ""Supinfocom"", ""origin_country"": ""FR""}]","[{""iso_3166_1"": ""FR"", ""name"": ""France""}]","[{""english_name"": ""French"", ""iso_639_1"": ""fr"", ""name"": ""Fran\u00e7ais""}]","[""FR""]",null
175388,Apart,Apart,"'Apart' follows several entangled lives in Los Angeles: Mario, a young man who feels rejected by an older man named Saleheddine; John, a jaded hustler and drug dealer who keeps happiness at bay, and who works closely with Christine, the wife of Saleheddine; Dre, Saleheddine's best friend, who is left astonished by the sudden break up with his girlfriend; and Mannu, whose lover, Dre's brother, dies overseas.",,Released,False,False,2010-03-08,80,0,0,0.3032,2.6,10,en,,tt1744822,/qsM7QzIwAuqkNoC0aErtDgqPjIf.jpg,,"[{""id"": 18, ""name"": ""Drama""}, {""id"": 10749, ""name"": ""Romance""}]","[{""id"": 13516, ""logo_path"": null, ""name"": ""Solace Soleil"", ""origin_country"": """"}, {""id"": 13514, ""logo_path"": null, ""name"": ""Oracle Releasing"", ""origin_country"": """"}]","[{""iso_3166_1"": ""US"", ""name"": ""United States of America""}]","[{""english_name"": ""English"", ""iso_639_1"": ""en"", ""name"": ""English""}]","[""US""]",null
175392,The Bakery,The Bakery,"Well-meaning but accident-prone bakery employee Larry is involved in numerous slapstick mishaps on the job. After accidentally causing the bakery owner to fall into a vat of cake batter Larry finds his job in jeopardy, but he redeems himself by foiling a robbery planned by the bakery foreman.",,Released,False,False,1921-06-19,24,0,0,0.4569,4.1,4,xx,,tt0011942,/ajz6HdcWvhFDgvKyNiOc7deynJS.jpg,/gWhwl9BrulTYwmTC9LhTopHtZWB.jpg,"[{""id"": 80, ""name"": ""Crime""}, {""id"": 35, ""name"": ""Comedy""}, {""id"": 28, ""name"": ""Action""}]","[{""id"": 48489, ""logo_path"": null, ""name"": ""Larry Semon Productions"", ""origin_country"": ""US""}, {""id"": 15634, ""logo_path"": null, ""name"": ""Vitagraph Company of America"", ""origin_country"": ""US""}]","[{""iso_3166_1"": ""US"", ""name"": ""United States of America""}]","[{""english_name"": ""No Language"", ""iso_639_1"": ""xx"", ""name"": ""No Language""}]","[""US""]",null
175395,The Rent Collector,The Rent Collector,The Rent Collector is a 1921 American silent comedy film featuring Larry Semon & Oliver Hardy.,,Released,False,False,1921-05-22,29,0,0,0.454,6.4,8,en,,tt0012618,/zmcEX9GvJ6ty5Fk0ut6m9xAG2aQ.jpg,,"[{""id"": 35, ""name"": ""Comedy""}, {""id"": 28, ""name"": ""Action""}]","[{""id"": 48489, ""logo_path"": null, ""name"": ""Larry Semon Productions"", ""origin_country"": ""US""}, {""id"": 15634, ""logo_path"": null, ""name"": ""Vitagraph Company of America"", ""origin_country"": ""US""}]","[{""iso_3166_1"": ""US"", ""name"": ""United States of America""}]","[{""english_name"": ""No Language"", ""iso_639_1"": ""xx"", ""name"": ""No Language""}]","[""US""]",null
175397,The Bell Hop,The Bell Hop,"A government official staying in a hotel puts some important secret papers in the hotel safe. A ring of spies out to get the papers manages to steal them from the safe, and a lady government agent enlists the help of the hotel's bumbling bellhop in getting back the papers and breaking up the spy ring.",His Use of a Traffic Cop in This Picture is the Scream of the Year,Released,False,False,1921-09-17,29,0,0,0.4526,6.8,4,en,,tt0011958,/leMMPDq3VX5X9OetWy3XzkfvC0f.jpg,/rw1AC9sSVdn4cTuOQck2T8MnmW9.jpg,"[{""id"": 35, ""name"": ""Comedy""}]","[{""id"": 15634, ""logo_path"": null, ""name"": ""Vitagraph Company of America"", ""origin_country"": ""US""}, {""id"": 48489, ""logo_path"": null, ""name"": ""Larry Semon Productions"", ""origin_country"": ""US""}]","[{""iso_3166_1"": ""US"", ""name"": ""United States of America""}]","[{""english_name"": ""No Language"", ""iso_639_1"": ""xx"", ""name"": ""No Language""}]","[""US""]",null
175398,Tomorrow's Children,Demain les mômes,"The hero of this bleak science-fiction story is a married man who, along with his wife, survives the mysterious destruction of the world. After his wife dies, he makes plans to seek out whatever remnants of civilization exist. However, the arrival of a group of children and their older mentor changes his plans.",,Released,False,False,1976-08-18,90,0,0,1.3032,5.0,3,fr,,tt0131354,/8d49OXpdgcXvKw16t58tAGEIWkI.jpg,,"[{""id"": 18, ""name"": ""Drama""}, {""id"": 878, ""name"": ""Science Fiction""}]",[],"[{""iso_3166_1"": ""FR"", ""name"": ""France""}]","[{""english_name"": ""French"", ""iso_639_1"": ""fr"", ""name"": ""Fran\u00e7ais""}]","[""FR""]",null
175399,The Sportsman,The Sportsman,"The Sportsman is an American film comedy first released in 1921, directed by Larry Semon and Norman Taurog.  The film stars Larry Semon, Lucille Carlisle, Al Thompson, Frank Alexander and William Hauber.",,Released,False,False,1921-01-08,0,0,0,0.1252,6.5,2,en,,tt0152569,,,"[{""id"": 35, ""name"": ""Comedy""}]",[],[],[],"[""US""]",null
175403,Dreams of the Rarebit Fiend: The Flying House,Dreams of the Rarebit Fiend: The Flying House,"After eating a rarebit at a party, a woman has a strange dream in which her husband converts their home into a flying machine to escape having to pay the exorbitant interest on the mortgage, on a flight that takes them around the world and to the moon.",,Released,False,False,1921-09-26,11,0,0,0.2785,6.5,16,en,,tt0126880,/446vRheWYQCAtOMjv1kgso0KYTP.jpg,/eSlvKZKPRPE0B4rRWuBPyodsQEW.jpg,"[{""id"": 35, ""name"": ""Comedy""}, {""id"": 878, ""name"": ""Science Fiction""}, {""id"": 16, ""name"": ""Animation""}, {""id"": 14, ""name"": ""Fantasy""}, {""id"": 12, ""name"": ""Adventure""}]","[{""id"": 46061, ""logo_path"": null, ""name"": ""Rialto Productions"", ""origin_country"": """"}]","[{""iso_3166_1"": ""US"", ""name"": ""United States of America""}]","[{""english_name"": ""English"", ""iso_639_1"": ""en"", ""name"": ""English""}, {""english_name"": ""No Language"", ""iso_639_1"": ""xx"", ""name"": ""No Language""}]","[""US""]",null
175402,The Fall Guy,The Fall Guy,"Larry falls afoul of wanted criminal Gentleman Joe, who runs a saloon full of tough guys and gunslingers.",,Released,False,False,1921-07-15,20,0,0,0.5518,4.2,3,xx,,tt0256016,/sMqDyvKk9KiX3Psdx5LriOUOKv9.jpg,/82qj2FwC1mgRwGoLB1OaSZ5l2xI.jpg,"[{""id"": 37, ""name"": ""Western""}, {""id"": 35, ""name"": ""Comedy""}, {""id"": 28, ""name"": ""Action""}]","[{""id"": 48489, ""logo_path"": null, ""name"": ""Larry Semon Productions"", ""origin_country"": ""US""}, {""id"": 15634, ""logo_path"": null, ""name"": ""Vitagraph Company of America"", ""origin_country"": ""US""}]","[{""iso_3166_1"": ""US"", ""name"": ""United States of America""}]","[{""english_name"": ""No Language"", ""iso_639_1"": ""xx"", ""name"": ""No Language""}]","[""US""]",null
175404,Anthony Robbins - Find Your True Gift,Anthony Robbins - Find Your True Gift,"Uncover what truly drives you and find the secret to fulfillment. Restore your sense of drive and commitment. Recognize your inherent resources and strengths. Develop a greater understanding of others around you. Create the ultimate meaning in everything you do.",Find Your True Gift - 3 Paths to Maximizing Impact in Your Career,Released,False,False,2008-05-01,121,0,0,0.0,0.0,0,en,,,,,[],[],[],[],"[""US""]",null
175405,Beau Revel,Beau Revel,"Lawrence Revel, celebrated in society circles for his success with women, is devoted to his son Dick and objects to his marrying Nellie, a cabaret dancer. To prove her unworthiness, Beau asks his son not to see her for 2 weeks. Unwittingly, Beau falls in love with the girl, but his attentions are refused.",The story of a man who gambled with love and a woman who made him lose.,Released,False,False,1921-03-19,69,0,0,0.2038,4.0,4,en,,tt0011953,/nc7WFkciV2BAFrV6tjtfBdfz1qP.jpg,/7uWK4qlV8KGUJ6ncpOqWiDZ13Fs.jpg,"[{""id"": 18, ""name"": ""Drama""}]","[{""id"": 31782, ""logo_path"": null, ""name"": ""Thomas H. Ince Corporation"", ""origin_country"": """"}]","[{""iso_3166_1"": ""US"", ""name"": ""United States of America""}]","[{""english_name"": ""No Language"", ""iso_639_1"": ""xx"", ""name"": ""No Language""}]","[""US""]",null
175407,Modeling,Modeling,"The Clown causes trouble for the Cartoonist, and a sculptor using the studio, when he escapes from his backdrop and hides in the wet clay of a bust.",,Released,False,False,1921-10-01,8,0,0,0.1142,6.7,12,en,,tt0012467,/fkY7pHMUT28HXPWxtxeZb7LUbKm.jpg,/3pOcBd4F6u6WGnlZgWWRknvjbj8.jpg,"[{""id"": 35, ""name"": ""Comedy""}, {""id"": 16, ""name"": ""Animation""}]","[{""id"": 40656, ""logo_path"": null, ""name"": ""Out of the Inkwell Films"", ""origin_country"": """"}]","[{""iso_3166_1"": ""US"", ""name"": ""United States of America""}]","[{""english_name"": ""No Language"", ""iso_639_1"": ""xx"", ""name"": ""No Language""}]","[""US""]",null
175408,Tangled Trails,Tangled Trails,"Corporal Jack Borden, of the Northwest Mounted Police, trails the man who killed his partner to New York City. The killer is an unscrupulous promoter who is selling worthless stock in a gold mine. Borden, with the help of Blanche Hall, locates the man in a Bowery dive, but he escapes and Borden tracks him back to Canada. Along the way, he discovers that Blanche and his sweetheart, Milly, are long-separated sisters and brings about a reconciliation.",A STIRRING TALE of the GREAT NORTHWEST,Released,False,False,1921-12-20,56,0,0,0.1263,5.0,3,en,,tt0012739,/sdheyvcuSvrqKVrMIgb4yFsQmk3.jpg,/cfzAUPnTPkIm7etac08Tt1wUDEe.jpg,"[{""id"": 12, ""name"": ""Adventure""}, {""id"": 37, ""name"": ""Western""}]","[{""id"": 165777, ""logo_path"": null, ""name"": ""Neal Hart Productions"", ""origin_country"": """"}]","[{""iso_3166_1"": ""US"", ""name"": ""United States of America""}]",[],"[""US""]",null
175409,Música Cubana,Música Cubana,"Documentary about the forming of a second Buena Vista Social Club, the world famous Cuban band. Barbaro, a Cuban taxi driver, meets the singer Pio Leyva, one of the stars from BVS Club, and convinces him to form a new band with the most promising young musicians from Cuba.",,Released,False,False,2004-06-29,90,0,0,0.3693,6.7,3,de,,tt0419987,/pYSPXmhFi2WEW6OQ2pBg5z7c0ff.jpg,,"[{""id"": 10402, ""name"": ""Music""}, {""id"": 99, ""name"": ""Documentary""}]",[],"[{""iso_3166_1"": ""CU"", ""name"": ""Cuba""}, {""iso_3166_1"": ""DE"", ""name"": ""Germany""}, {""iso_3166_1"": ""JP"", ""name"": ""Japan""}]","[{""english_name"": ""Spanish"", ""iso_639_1"": ""es"", ""name"": ""Espa\u00f1ol""}]","[""DE""]",null
175411,Dreams of the Rarebit Fiend: Bug Vaudeville,Dreams of the Rarebit Fiend: Bug Vaudeville,"After eating a cheesecake given to him by a kind-hearted lady, a hobo goes to sleep and has a bizarre dream in which insects are putting on a vaudeville show for him, with a grasshopper juggling an ant, a dancing daddy long-legs, etc.",,Released,False,False,1921-09-12,11,0,0,0.2843,5.7,13,en,,tt0126879,/5pnhqdsXWOJR9J0pZcBylRdeeZN.jpg,/nwtPPSbG9YKLEI2YJaVq0VTUTeP.jpg,"[{""id"": 14, ""name"": ""Fantasy""}, {""id"": 16, ""name"": ""Animation""}]","[{""id"": 46061, ""logo_path"": null, ""name"": ""Rialto Productions"", ""origin_country"": """"}]","[{""iso_3166_1"": ""US"", ""name"": ""United States of America""}]","[{""english_name"": ""English"", ""iso_639_1"": ""en"", ""name"": ""English""}, {""english_name"": ""No Language"", ""iso_639_1"": ""xx"", ""name"": ""No Language""}]","[""US""]",null
175413,Leap Year,Leap Year,"A young man, heir to his misogynistic and millionaire uncle, and in love with a nurse, gets in trouble when he gives advice on marriage to his girlfriends.",,Released,False,False,1924-01-11,56,0,0,0.5527,4.8,11,en,,tt0012382,/iK5Qnh2EBagSBVdSmL9vfIOuu2b.jpg,/4racxWKj86zWkbNvslBWoBR4rzd.jpg,"[{""id"": 35, ""name"": ""Comedy""}]","[{""id"": 4, ""logo_path"": ""/jay6WcMgagAklUt7i9Euwj1pzTF.png"", ""name"": ""Paramount Pictures"", ""origin_country"": ""US""}]","[{""iso_3166_1"": ""US"", ""name"": ""United States of America""}]","[{""english_name"": ""No Language"", ""iso_639_1"": ""xx"", ""name"": ""No Language""}]","[""US""]",null
175414,Im Kampf mit dem Berge,Im Kampf mit dem Berge,,,Released,False,False,1921-09-22,74,0,0,0.0621,6.2,2,de,,tt0013263,/rEMcICAd2RnjWXKANbNWOfUCvB3.jpg,,"[{""id"": 99, ""name"": ""Documentary""}, {""id"": 12, ""name"": ""Adventure""}]","[{""id"": 21753, ""logo_path"": null, ""name"": ""Berg- und Sportfilm"", ""origin_country"": """"}]","[{""iso_3166_1"": ""DE"", ""name"": ""Germany""}]","[{""english_name"": ""No Language"", ""iso_639_1"": ""xx"", ""name"": ""No Language""}]","[""DE""]",null
175418,The Sky Pilot,The Sky Pilot,"Arthur Moore, a missionary preacher, attempts to fit into the cowboy community so he can set up a church in the local saloon. Gwen, daughter of the ""Old Timer,"" is injured in a stampede and loses her ability to walk. Though rejected by the townsfolk, the preacher's wisdom and love are needed if the young girl is to be healed. Shot in 'Vidor Village', Vidor's ill-fated studio property in California's High Sierra.","Four thousand maddened steers in terrific stampede charge straight for the helpless girl. the Sky Pilot leaps to veer them, And they thunder right down on him!",Released,False,False,1921-04-16,77,0,0,0.4595,5.1,6,en,,tt0012699,/ruy6tVWBLw2oDglB2CvVVly6zYM.jpg,/fbuYMNyXUqQHBOJl8zTt5iZZmaD.jpg,"[{""id"": 18, ""name"": ""Drama""}, {""id"": 37, ""name"": ""Western""}]","[{""id"": 70278, ""logo_path"": null, ""name"": ""Cathrine Curtis Corporation"", ""origin_country"": """"}]","[{""iso_3166_1"": ""US"", ""name"": ""United States of America""}]","[{""english_name"": ""No Language"", ""iso_639_1"": ""xx"", ""name"": ""No Language""}]","[""US""]",null
175416,The Paper Hangers,The Paper Hangers,Even the story is pretty much a retread of something out of a lesser Keystone from 1915. They eat paste. They make a general mess and they get involved with a mad anarchist named D.E. Stroy (get it?) who was to blow up everything -- his motive seems to be to produce more gags for the movie.,,Released,False,False,1920-05-19,0,0,0,0.0214,0.0,0,en,,tt0314485,,,[],[],[],[],"[""US""]",null
175419,Flip's Circus,Flip's Circus,"Flip is balancing his hat on his face while leaning forwards and backwards. He eventually falls face forward. Flip opens the tent flap to reveal a lot of large animals behind him. A large animal creature-I have no idea what it is-comes out and starts to interact with Flip. Flip keeps hitting him. Flip puts his head in the animal's mouth. At one point, the animal swallows him as we see moving bumps on the stomach. He then spits him back out!",,Released,False,False,1921-09-25,8,0,0,0.3529,4.6,6,en,,tt0126913,,,"[{""id"": 35, ""name"": ""Comedy""}, {""id"": 16, ""name"": ""Animation""}]","[{""id"": 46061, ""logo_path"": null, ""name"": ""Rialto Productions"", ""origin_country"": """"}]","[{""iso_3166_1"": ""US"", ""name"": ""United States of America""}]","[{""english_name"": ""No Language"", ""iso_639_1"": ""xx"", ""name"": ""No Language""}]","[""US""]",null
175421,Strawberry Shortcake: World of Friends,Strawberry Shortcake: World of Friends,,,Released,False,False,2007-06-12,0,0,0,0.0,0.0,0,pt,,,,,[],[],[],[],"[""PT""]",null
175422,Journey into the Night,Der Gang in die Nacht,"Dr. Egil Börne, an eminent physician, comes under the spell of an unscrupulous cabaret dancer and deserts his fiancée. The plot finds echoes throughout the Weimar period, including Sternberg’s The Blue Angel. Conrad Veidt appears in a supporting role as a sinister blind painter, whose entrance eerily presages Murnau’s Nosferatu. Der Gang in die Nacht, the earliest surviving film by F. W. Murnau, is also, paradoxically, the only Murnau film for which the original camera negative exists.",,Released,False,False,1921-01-21,81,0,0,0.6457,5.9,21,de,,tt0011217,/p8YTVpLBJsJAUro6f42gvxig8Um.jpg,/rZrW2hvENiXXEXpZqvgWMCjUVqx.jpg,"[{""id"": 18, ""name"": ""Drama""}]","[{""id"": 70266, ""logo_path"": null, ""name"": ""Goron Film"", ""origin_country"": """"}]","[{""iso_3166_1"": ""DE"", ""name"": ""Germany""}, {""iso_3166_1"": ""DK"", ""name"": ""Denmark""}]","[{""english_name"": ""No Language"", ""iso_639_1"": ""xx"", ""name"": ""No Language""}]","[""DK"", ""DE""]",null
175423,Hackers: Wizards of the Electronic Age,Hackers: Wizards of the Electronic Age,"All interviews in this documentary were shot over a long weekend at a 1984 hacker conference by the Whole Earth Catalog editors Stewart Brand and Kevin Kelley in Sausalito, California. The event itself (the hacker conference) was inspired by Steven Levy's classic book ""Hackers - Heroes of the Computer Revolution""",,Released,False,False,1984-01-01,26,0,0,0.124,7.0,6,en,,tt1191116,/hNZQRokrGyvnvqr5p94MGl7gq3T.jpg,,"[{""id"": 99, ""name"": ""Documentary""}, {""id"": 10770, ""name"": ""TV Movie""}]","[{""id"": 1323, ""logo_path"": null, ""name"": ""Florin Productions"", ""origin_country"": ""US""}]","[{""iso_3166_1"": ""US"", ""name"": ""United States of America""}]","[{""english_name"": ""English"", ""iso_639_1"": ""en"", ""name"": ""English""}]","[""US""]",null
175424,Dusty Night,Dusty Night,"Nighttime street-sweeping in Kabul, doubling as a state of the nation address.",,Released,False,False,2012-03-20,20,0,0,0.0,0.0,0,en,,tt2269454,,,[],[],[],[],"[""US""]",null
175426,euphonia,euphonia,Stale sounds of the suburbs send a teenager out with a sound recorder in search of better ones. Listening with this device he begins to build his own soundscape and drift away from his surroundings. His dependence on the recorder affects his relationship with a charismatic girl and he struggles to re-engage with the world around him.,listen.,Released,False,False,2013-03-07,54,0,0,0.1193,6.5,6,en,,tt2369754,/uacMTwWP9VriaS0eQAEhQ4CWh8R.jpg,,"[{""id"": 18, ""name"": ""Drama""}, {""id"": 53, ""name"": ""Thriller""}]",[],[],"[{""english_name"": ""English"", ""iso_639_1"": ""en"", ""name"": ""English""}]","[""US""]",null
175431,Be Reasonable,Be Reasonable,"Billy is a bit of a masher. He meets a lady on the beach and immediately gives her an expensive gift (some pearls). The problems are that she has her eyes set on the handsome lifeguard and the collection agents either want Billy to pay for this necklace or return it. Well, she naturally doesn't want to give up the pearls, so Billy decides to break in to her house to steal them (and a few other items while he's at it).",,Released,False,False,1921-12-11,20,0,0,0.5496,7.3,4,en,,tt0011949,/qQyl4wmUphQm1OIvoS40Q6yqwC8.jpg,,[],[],[],[],"[""US""]",null
175427,These Birds Walk,These Birds Walk,"The Edhi children’s shelter is a rare safe haven for Karachi’s runaways. Over three years, its cranky founder, a spirited child, and a gold-hearted ambulance driver are filmed, creating a tender portrait of where a city’s most vulnerable and dedicated souls meet.",,Released,False,False,2012-03-01,71,0,0,0.0981,8.0,6,en,http://thesebirdswalk.net,tt2130282,/ptC8u6gZK8k1NHYDDMXp4duJTyW.jpg,,"[{""id"": 99, ""name"": ""Documentary""}, {""id"": 18, ""name"": ""Drama""}]","[{""id"": 4748, ""logo_path"": ""/bTMeosrSiKaTPmZiTYnSDZlin5d.png"", ""name"": ""Oscilloscope"", ""origin_country"": ""US""}]","[{""iso_3166_1"": ""PK"", ""name"": ""Pakistan""}, {""iso_3166_1"": ""US"", ""name"": ""United States of America""}]","[{""english_name"": ""Urdu"", ""iso_639_1"": ""ur"", ""name"": ""\u0627\u0631\u062f\u0648""}]","[""US""]",null
175435,Sleepless Nights,Layali bala noom,"Through the stories of Assaad Shaftari, a former high-ranking militia officer, and Maryam Saiidi, the mother of a missing communist fighter, the film digs into war wounds and poses the question of whether or not redemption and forgiveness are possible.","Truth and reconciliation in Lebanon, the hard way.",Released,False,False,2012-09-24,128,0,0,0.1142,7.0,0,ar,,tt2730046,/nT7ANrjRVNPHVfMbBcJuFvcy1Dr.jpg,/88VdYnrRjwFhUGRYbHv3iHK0MFb.jpg,"[{""id"": 99, ""name"": ""Documentary""}]",[],"[{""iso_3166_1"": ""FR"", ""name"": ""France""}, {""iso_3166_1"": ""LB"", ""name"": ""Lebanon""}, {""iso_3166_1"": ""PS"", ""name"": ""Palestinian Territory""}, {""iso_3166_1"": ""QA"", ""name"": ""Qatar""}, {""iso_3166_1"": ""AE"", ""name"": ""United Arab Emirates""}]","[{""english_name"": ""Arabic"", ""iso_639_1"": ""ar"", ""name"": ""\u0627\u0644\u0639\u0631\u0628\u064a\u0629""}, {""english_name"": ""English"", ""iso_639_1"": ""en"", ""name"": ""English""}, {""english_name"": ""French"", ""iso_639_1"": ""fr"", ""name"": ""Fran\u00e7ais""}]","[""LB""]",null
175439,The Battle of Hermann,Die Hermannsschlacht,A film based on the Battle of Teutoburg Forest in the year 9 AD between the Romans and a coalition of Germanic tribes.,,Released,False,False,1984-01-01,71,0,0,0.1978,0.0,0,de,,tt0121363,,,"[{""id"": 18, ""name"": ""Drama""}]",[],"[{""iso_3166_1"": ""DE"", ""name"": ""Germany""}]","[{""english_name"": ""Latin"", ""iso_639_1"": ""la"", ""name"": ""Latin""}]","[""DE""]",null
175437,Shattered,Scherben,"The everyday lives of a poverty-stricken railway trackman, his wife and daughter in a remote, isolated house in a winter landscape. One day, they receive a telegram announcing the arrival of the section inspector, who is to live with the family. After his arrival, a downward spiral begins.",,Released,False,False,1921-05-27,66,0,0,0.523,5.5,13,de,,tt0012650,,/m2xnZfYgY0RdfzEnjAbYHkMlItg.jpg,"[{""id"": 18, ""name"": ""Drama""}]","[{""id"": 49273, ""logo_path"": null, ""name"": ""Rex-Film GmbH"", ""origin_country"": """"}]","[{""iso_3166_1"": ""DE"", ""name"": ""Germany""}]","[{""english_name"": ""No Language"", ""iso_639_1"": ""xx"", ""name"": ""No Language""}]","[""DE""]",null
175440,Too Wise Wives,Too Wise Wives,An insecure wife fears her husband may be straying back to an old flame.,,Released,False,False,1921-05-22,80,0,0,0.5809,5.2,8,en,,tt0012769,/eqRhjQhRd2U0r4H6zOWb4RCua1u.jpg,,"[{""id"": 18, ""name"": ""Drama""}]","[{""id"": 70274, ""logo_path"": null, ""name"": ""Lois Weber Productions"", ""origin_country"": """"}]","[{""iso_3166_1"": ""US"", ""name"": ""United States of America""}]","[{""english_name"": ""No Language"", ""iso_639_1"": ""xx"", ""name"": ""No Language""}]","[""US""]",null
175441,A Small Town Idol,A Small Town Idol,"Sam, a young man in a small town, is accused of being a thief. Unable to prove his innocence--and not knowing that he's being framed by a local villain to keep him away from pretty young Mary, the town beauty whom the villain wants for himself--he leaves town and goes to Hollywood to become an actor. He eventually returns home to town as a star, but once again finds himself the victim of the town villain, who this time abducts sweet young Mary. Sam must use all his acting skills to track down the villain and save Mary.",A GIGANTIC ASSAULT on the STRONGHOLDS of GLOOM,Released,False,False,1921-02-13,70,0,0,0.8806,6.0,3,en,,tt0012701,/iL53RTgHUscRen16kcNTTL5pcaG.jpg,,"[{""id"": 35, ""name"": ""Comedy""}]","[{""id"": 22520, ""logo_path"": null, ""name"": ""Mack Sennett Comedies"", ""origin_country"": ""US""}]","[{""iso_3166_1"": ""US"", ""name"": ""United States of America""}]",[],"[""US""]",null
175444,The Automobile Ride,The Automobile Ride,"Max draws Koko on the drawing board. He then receives a call and leaves. Koko leaves after but not before taking some money from Max's wallet that he left behind. Max arrives to his date then comes back to his office to get his wallet. After recovering it, he drives with his date to get twelve gallons of gas. Koko arrives just as the pump is going and mischievously takes the hose from the car as the hose falls to the ground unknowingly to anyone else. Just as the wasted twelve gallons are up, Koko puts it back in the car before Max retrieves it! He gets his wallet and finds his money gone so he excuses himself.",,Released,False,False,1921-06-20,7,0,0,0.1495,3.0,3,en,,tt0011938,/e5LkddQF92xrDwtToFB2kCvsxSO.jpg,,"[{""id"": 16, ""name"": ""Animation""}, {""id"": 35, ""name"": ""Comedy""}]","[{""id"": 34878, ""logo_path"": null, ""name"": ""J.R. Bray Studios"", ""origin_country"": """"}]","[{""iso_3166_1"": ""US"", ""name"": ""United States of America""}]",[],"[""US""]",null
175445,The Sea Lion,The Sea Lion,"When his long-suffering wife leaves him, the hard-driving captain of a whaling ship turns bitter and takes out his anger, resentment and frustrations on all those around him, leading to tensions with his crew that come up to the point of mutiny.",A drama of scudding ships and stranded hearts! As full of force as a schooner's sails in a gale!,Released,False,False,1921-12-04,63,0,0,0.3005,5.4,7,en,,tt0012657,/hwzBpZ2jlSDZLpi1vIrlMKpvime.jpg,/spLMlT75Yh1L3Cm0neydcgi7dEg.jpg,"[{""id"": 12, ""name"": ""Adventure""}]","[{""id"": 36472, ""logo_path"": null, ""name"": ""Hobart Bosworth Productions"", ""origin_country"": """"}]","[{""iso_3166_1"": ""US"", ""name"": ""United States of America""}]","[{""english_name"": ""No Language"", ""iso_639_1"": ""xx"", ""name"": ""No Language""}]","[""US""]",null
175447,Once Upon a Time in Vietnam,Lửa Phật,"Assigned to protect a small town in Vietnam, Dao arrives to fight against the crime boss; but soon his past catches up with him, threatening to destroy the cherished village.",,Released,False,False,2013-08-21,102,0,0,0.7043,5.5,10,vi,,tt2531258,/o4oAN2nsMnwVHbjPjKN8pcDsR2b.jpg,/78JyPTq8bMUlzeDbxBgFHkUtVwG.jpg,"[{""id"": 14, ""name"": ""Fantasy""}, {""id"": 28, ""name"": ""Action""}]","[{""id"": 126871, ""logo_path"": null, ""name"": ""BHD Co., Ltd"", ""origin_country"": ""VN""}]","[{""iso_3166_1"": ""VN"", ""name"": ""Vietnam""}]","[{""english_name"": ""Vietnamese"", ""iso_639_1"": ""vi"", ""name"": ""Ti\u1ebfng Vi\u1ec7t""}]","[""VN""]",null
175449,Música Cubana - Live in Amsterdam,Música Cubana - Live in Amsterdam,The new 'Buena Vista Social Club' perfoming live in Amsterdam.,,Released,False,True,2004-08-01,100,0,0,0.0361,0.0,0,en,,,/8U5H6IOEnbnNUajjsKIuTv2xfSJ.jpg,,"[{""id"": 10402, ""name"": ""Music""}]","[{""id"": 187531, ""logo_path"": null, ""name"": ""The Garage Creations"", ""origin_country"": """"}, {""id"": 187532, ""logo_path"": null, ""name"": ""Rebel TV"", ""origin_country"": """"}]","[{""iso_3166_1"": ""NL"", ""name"": ""Netherlands""}]","[{""english_name"": ""Spanish"", ""iso_639_1"": ""es"", ""name"": ""Espa\u00f1ol""}]","[""NL""]",null
175453,In Bad Again,In Bad Again,A slapstick comedy featuring Sidney Smith &amp; Harry McCoy.,,Released,False,False,1921-04-08,0,0,0,0.0379,0.0,0,en,,tt0484589,,,[],[],[],[],"[""US""]",null
175448,Lotus Blossom,Lotus Blossom,"The film is perhaps the only remaining example of silent era cinema from a Chinese-American production company, and was co-written, co-directed (with Francis J. Grandon) and produced by James B. Leong, who changed his name from Leong But-jung after emigrating from Shanghai in 1913. Of the seven reels that originally comprised 'Lotus Blossom,' only one (the fifth, running for 12 minutes at 20fps) is known to survive. This remaining reel of film is now available on Disc 2 of the DVD Collection ""More Treasures from the American Film Archives,"" and was preserved by the UCLA Film and Television Archive.",,Released,False,False,1921-12-01,70,0,0,0.1992,5.0,1,en,,tt0012405,/8OjB1Sa4DMKJ3k5sOioqIFCaz8p.jpg,,"[{""id"": 18, ""name"": ""Drama""}]",[],[],"[{""english_name"": ""No Language"", ""iso_639_1"": ""xx"", ""name"": ""No Language""}]","[""US""]",null
175457,Lightplay Opus II,Lichtspiel: Opus II,An abstract animation from Walter Ruttmann.,,Released,False,False,1921-12-31,4,0,0,0.0579,5.8,17,en,,tt0403386,/2TPmIlQ2VhCjDCDr1b2PY6r1IC2.jpg,,"[{""id"": 16, ""name"": ""Animation""}]",[],"[{""iso_3166_1"": ""DE"", ""name"": ""Germany""}]","[{""english_name"": ""No Language"", ""iso_639_1"": ""xx"", ""name"": ""No Language""}]",[],null
175458,Chumming with Chipmunks,Chumming with Chipmunks,A short documentary showing the life of chipmunks.,,Released,False,False,1921-02-12,0,0,0,0.0611,10.0,1,en,,tt0145712,/24XXRaDrPKqxZSubVgl6ps0wTED.jpg,/zySkg0nBOxhkVc5qcGN0NH9VXIp.jpg,[],[],[],[],"[""US""]",null
175459,Our Daily Bread,Konsumtionsföreningen Stockholm med omnejd,"In another early advertisement of her's, Greta and a group of friends have tea on the rooftop terrace of the Strand Hôtel and later have a picnic in the park.",,Released,False,False,1921-10-07,27,0,0,0.1167,4.0,2,sv,,tt0231925,/vrQJ96znQAi84RXKWsXEEpfHdgq.jpg,,[],"[{""id"": 1563, ""logo_path"": ""/2Gw9ZUbc4jkt5O3yhQn0Neo2A6L.png"", ""name"": ""Fribergs Filmbyr\u00e5 AB"", ""origin_country"": """"}, {""id"": 108879, ""logo_path"": null, ""name"": ""Tullberg-Film"", ""origin_country"": """"}]","[{""iso_3166_1"": ""SE"", ""name"": ""Sweden""}]","[{""english_name"": ""No Language"", ""iso_639_1"": ""xx"", ""name"": ""No Language""}]","[""SE""]",null
175461,Lichtspiel: Opus I,Lichtspiel: Opus I,"Against a dark background, several bright, curved or rounded shapes pulse towards the center of the screen, one at a time. They are followed by many other shapes, some irregular, some pointed, others rounded. The abstract shapes move into or across the screen in harmony with the musical score.",,Released,False,False,1921-04-01,12,0,0,0.1365,6.1,48,xx,,tt0140434,/yueOnsMPUQIe8pJL3kzfYGq1mAf.jpg,/ms7leGZXJOQJa0zoGxf3JgkuCWY.jpg,"[{""id"": 16, ""name"": ""Animation""}]",[],"[{""iso_3166_1"": ""DE"", ""name"": ""Germany""}]","[{""english_name"": ""No Language"", ""iso_639_1"": ""xx"", ""name"": ""No Language""}]","[""DE""]",null
175463,All Wet,All Wet,A slapstick comedy featuring  Bud Duncan &amp; Billy Gilbert.,,Released,False,False,1921-03-08,0,0,0,0.0828,0.0,0,en,,tt1665963,,,[],[],[],[],"[""US""]",null
175464,Adopting a Bear Cub,Adopting a Bear Cub,Short documentary about a couple who adopts a bear cub.,,Released,False,False,1921-12-08,0,0,0,0.0143,0.0,0,en,,tt0268893,,,"[{""id"": 99, ""name"": ""Documentary""}]",[],[],[],"[""US""]",null
175466,Cho Lon,Bụi Đời Chợ Lớn,"In the heart of Saigon, there's a place where promises are still written in blood.",,Released,False,False,2013-04-18,85,0,0,0.6176,5.3,6,vi,,tt2592594,/aOe5DxZoWwZRcwgoosLXTobPyJk.jpg,/b30FB9sAmM0fUidI205gRb5SYFX.jpg,"[{""id"": 28, ""name"": ""Action""}]","[{""id"": 7423, ""logo_path"": null, ""name"": ""Chanh Phuong Phim"", ""origin_country"": ""VN""}]","[{""iso_3166_1"": ""VN"", ""name"": ""Vietnam""}]","[{""english_name"": ""Vietnamese"", ""iso_639_1"": ""vi"", ""name"": ""Ti\u1ebfng Vi\u1ec7t""}]","[""VN""]",null
175467,Ninety-Three,Quatre-vingt-treize,"In Britain, during the revolution, the nephew of the Marquis de Lantenac, Gawain (P. Capellani) befriends Cimourdain (H. Krauss), a priest who follows the precepts of the Revolution. During the Terror, the Marquis went into exile in England while his nephew is a soldier in the Revolutionary Army ...",,Released,False,False,1921-06-23,165,0,0,0.1943,0.0,0,fr,,tt0011612,/sxvF8Ei0rcBQ78tQbvpLIgucOta.jpg,,"[{""id"": 36, ""name"": ""History""}]",[],"[{""iso_3166_1"": ""FR"", ""name"": ""France""}]","[{""english_name"": ""No Language"", ""iso_639_1"": ""xx"", ""name"": ""No Language""}]","[""FR""]",null
175472,Four Around the Woman,Vier um die Frau,"Harry Yquem buys his beloved wife some jewelry in a place where underworld middlemen trade in fake and stolen goods. By chance, he spots a man with whom his wife had an affair in the past.",,Released,False,False,1921-02-03,85,0,0,0.717,5.9,18,de,,tt0012806,/lYK9xJBmJAaklp4ZVSoTRtK2xAx.jpg,/bKNfpShviRHQAFwruRpqjj6iqxC.jpg,"[{""id"": 18, ""name"": ""Drama""}]","[{""id"": 6762, ""logo_path"": null, ""name"": ""Decla-Bioscop"", ""origin_country"": ""DE""}]","[{""iso_3166_1"": ""DE"", ""name"": ""Germany""}]","[{""english_name"": ""No Language"", ""iso_639_1"": ""xx"", ""name"": ""No Language""}]","[""DE""]",null
175470,What a Whopper!,What a Whopper!,A Hal Roach slapstick comedy featuring 'Snub' Pollard &amp; Marie Mosquini.,,Released,False,False,1921-07-30,0,0,0,0.4325,4.5,1,en,,tt0433261,,,[],[],[],[],"[""US""]",null
175474,Astray from the Steerage,Astray from the Steerage,"While an immigrant couple are detained by authorities to see if they're fit, a smuggler tries to sneak a bottle into their luggage, but he accidentally gets trapped inside, and gets sent to the house where the new Americans will work.",,Released,False,False,1921-04-23,22,0,0,0.3632,0.0,0,en,,tt0011935,/fMZMe7lDKNBrxXCdQr6mg1hFJVG.jpg,,"[{""id"": 35, ""name"": ""Comedy""}]",[],[],[],"[""US""]",null
175473,Soul of the Cypress,Soul of the Cypress,"Influenced by California Pictorialist photography of the preceding decades, it was in its own day recognized as an avant-garde film, but nevertheless it secured successful commercial distribution.",,Released,False,False,1921-07-10,7,0,0,0.1068,5.8,10,en,,tt0270654,/zckVEUYJrmkUUXbmNxvcjCnVMD0.jpg,,"[{""id"": 18, ""name"": ""Drama""}, {""id"": 14, ""name"": ""Fantasy""}, {""id"": 10749, ""name"": ""Romance""}]",[],"[{""iso_3166_1"": ""US"", ""name"": ""United States of America""}]","[{""english_name"": ""No Language"", ""iso_639_1"": ""xx"", ""name"": ""No Language""}]","[""US""]",null
175476,At the Ringside,At the Ringside,"""At the Ringside"" is filmed in a ""slum"" which is rather obviously a studio mock-up on the Hal Roach back lot, and it clearly copies the Lambeth-style slum in Chaplin's ""Easy Street"" (which was also a too-obvious mock-up). The first half of this film is a blatant copy of ""Easy Street"". Pollard plays the local constable, charged with maintaining order in the tough slum district.",,Released,False,False,1921-07-16,0,0,0,0.1547,0.0,0,en,,tt0245730,,,"[{""id"": 35, ""name"": ""Comedy""}]",[],[],[],"[""US""]",null
175478,Molly O',Molly O',"An Irish washerwoman's daughter falls in love with one of America's most eligible bachelors, much to the dismay of the girl's parents -- and the young doctor's newly acquired fiancée! Events come to a head at the charity masked ball, which the two girls happen to attend in very similar costumes, thanks to the largesse of Molly's benevolent ""fairy godfather""...",,Released,False,False,1921-11-19,80,0,0,0.3156,6.2,4,en,,tt0012468,/TRNjy1T2AmswLhkGbUbSkopUoY.jpg,/A8J8gtxtr1sgjwKLoLRDlb1NYEp.jpg,"[{""id"": 35, ""name"": ""Comedy""}]","[{""id"": 112403, ""logo_path"": null, ""name"": ""Mack Sennett-Mabel Normand Productions"", ""origin_country"": """"}]","[{""iso_3166_1"": ""US"", ""name"": ""United States of America""}]","[{""english_name"": ""No Language"", ""iso_639_1"": ""xx"", ""name"": ""No Language""}]","[""US""]",null
175479,Elsie and the Brown Bunny,Elsie and the Brown Bunny,A Cadbury's chocolate advertisement based on Alice in Wonderland.,,Released,False,False,1921-05-22,8,0,0,0.0239,0.0,0,en,,tt1927028,/22V7YJT2HDv0M4wWn3PH4FS2jwG.jpg,,"[{""id"": 14, ""name"": ""Fantasy""}, {""id"": 10751, ""name"": ""Family""}]","[{""id"": 106872, ""logo_path"": null, ""name"": ""Cadbury Brothers"", ""origin_country"": """"}, {""id"": 106873, ""logo_path"": null, ""name"": ""London Press Exchange"", ""origin_country"": """"}]","[{""iso_3166_1"": ""GB"", ""name"": ""United Kingdom""}]","[{""english_name"": ""No Language"", ""iso_639_1"": ""xx"", ""name"": ""No Language""}]","[""GB""]",null
175483,Be My Wife,Be My Wife,"Max is determined to woo Mary, despite her Aunt Agatha's disapproval. Then, Max and Mary become embroiled in the world of Madam Coralie, a prominent dressmaker-bootlegger.",,Released,False,False,1921-04-01,57,0,0,0.3739,6.8,15,en,,tt0011948,/sKWp3OoIK0y31xT6WXHBprpOmNB.jpg,/fNEYK24dj2WwuwaMpcTxMfwM4NB.jpg,"[{""id"": 35, ""name"": ""Comedy""}]","[{""id"": 38162, ""logo_path"": null, ""name"": ""Max Linder Productions"", ""origin_country"": """"}]","[{""iso_3166_1"": ""US"", ""name"": ""United States of America""}]",[],"[""US""]",null
175484,Where the Wild Things Are... and other Maurice Sendak Stories,Where the Wild Things Are... and other Maurice Sendak Stories,"Part of the Scholastic Video Collection, ""Where the Wild Things Are... and other Maurice Sendak Stories"" brings 3 Maurice Sendak stories to life on the screen. 1- Where the Wild Things Are (Music and Narration by Peter Schickele) 2- The Nutshell Kids (Charming Poems set to music including ""Alligators All Around"", ""Pierre"", ""One Was Johnny"", and ""Chicken Soup With Rice"") 3- In The Night Kitchen (Narrated by Peter Schickele)",Beautiful animation and rhythmic melodies bring classic Maurice Sendak stories to life.,Released,False,True,2001-01-01,35,0,0,0.1716,6.7,3,en,,,/gWQKUBJK7Iwicx0PI55nHhL1SAd.jpg,,"[{""id"": 16, ""name"": ""Animation""}, {""id"": 10751, ""name"": ""Family""}, {""id"": 14, ""name"": ""Fantasy""}]",[],"[{""iso_3166_1"": ""US"", ""name"": ""United States of America""}]","[{""english_name"": ""English"", ""iso_639_1"": ""en"", ""name"": ""English""}]","[""US""]",null
175485,Gertie on Tour,Gertie on Tour,"Windsor McCay's partially lost follow-up to his tremendouly successful Gertie the Dinosaur. Gertie has been brought into the modern world. Continually perplexed by her new surroundings, she begins to explore the new sights. But when she sleeps, she dreams of the way it used to be, in the days when the world was full of dinosaurs like herself.",,Released,False,False,1921-09-25,2,0,0,0.288,5.3,14,en,,tt0126926,/24aBxZfXjbvMf4phx1qyadobq8c.jpg,/rCs4tpIbzQHJEv8iKeq9GaUDiHy.jpg,"[{""id"": 35, ""name"": ""Comedy""}, {""id"": 16, ""name"": ""Animation""}, {""id"": 14, ""name"": ""Fantasy""}]","[{""id"": 46061, ""logo_path"": null, ""name"": ""Rialto Productions"", ""origin_country"": """"}, {""id"": 51125, ""logo_path"": null, ""name"": ""McCay"", ""origin_country"": """"}]","[{""iso_3166_1"": ""US"", ""name"": ""United States of America""}]","[{""english_name"": ""No Language"", ""iso_639_1"": ""xx"", ""name"": ""No Language""}]","[""US""]",null
175487,Karelian Wedding in the Land of the Kalevala,Häiden vietto Karjalan runomailla,"""Häiden Vietto Karjalan Runomailla"" ( Karelian Wedding In The Land Of The Kalevala ) is an early and valuable documentary ( more exactly, a recreation ), an ethnological Finnish silent film about a traditional Karelian wedding. It was the work of an expedition of Finnish ethnologists in the silent year of 1920, headed by Herr A. O. Väisänen of the Kalevala society.",,Released,False,False,1921-02-27,66,0,0,0.0,8.0,2,fi,,tt0144983,/p6MBHOU7AkSAiVkk55zHB8A9Q92.jpg,,"[{""id"": 99, ""name"": ""Documentary""}]","[{""id"": 217848, ""logo_path"": null, ""name"": ""Kalevalaseura-s\u00e4\u00e4ti\u00f6"", ""origin_country"": """"}]",[],[],"[""FI""]",null
175489,The Old Swimmin' Hole,The Old Swimmin' Hole,The normal life of a young farm boy as he goes to school and as he relaxes in the country is depicted.,,Released,False,False,1921-02-26,60,0,0,0.3955,0.0,0,en,,tt0012520,/pguXuCmtWTsBDjJsfy81U4zoJVF.jpg,,[],[],[],[],"[""US""]",null
175491,The Dying Detective,The Dying Detective,Sherlock Holmes (Eille Norwood) knows that a man has killed a former partner but he can't prove it unless he finds a dying detective who knows what really happened. Norwood would play Holmes in over thirty films and he's quite good in the role bring an intelligent looking character.,,Released,False,False,1921-04-08,0,0,0,0.5474,5.5,4,en,,tt0201580,/pvDeyqcLyZQTQS6RccSmJP1nXLT.jpg,/tEwepMPR9sVtP8SdOjDZEAm9ets.jpg,"[{""id"": 80, ""name"": ""Crime""}, {""id"": 18, ""name"": ""Drama""}, {""id"": 9648, ""name"": ""Mystery""}]","[{""id"": 46645, ""logo_path"": null, ""name"": ""Stoll Picture Productions"", ""origin_country"": """"}]","[{""iso_3166_1"": ""GB"", ""name"": ""United Kingdom""}]","[{""english_name"": ""No Language"", ""iso_639_1"": ""xx"", ""name"": ""No Language""}]","[""GB""]",null
175492,Chekhov And Maria,Chekhov And Maria,"Russian playwright Anton Chekhov is ill with tuberculosis and is cared for by his sister Maria with whom he lives in Yalta. He is desperately struggling to complete his play ""The Cherry Orchard."" With Maria's help, he is able to continue writing, but when Maria discovers that he has secretly married the Moscow Art Theatre actress, Olga Knipper, she feels betrayed and schemes to prevent him from returning to Moscow. When Chekhov discovers how manipulative Maria has been, they have a major confrontation.",,Released,False,False,2007-06-02,87,0,0,0.503,0.0,0,en,,tt1047809,/7djJSTurE8A9ObYFeCqHfmVMQqp.jpg,,"[{""id"": 10749, ""name"": ""Romance""}]",[],"[{""iso_3166_1"": ""US"", ""name"": ""United States of America""}]",[],"[""US""]",null
175495,There's No Place Like Home,There's No Place Like Home,"On December 10, 2010, Sotheby's auctioned off what could be considered the most important historical document in sports history -- James Naismith's original rules of basketball. ""There's No Place Like Home"" is the story of one man's fanatical quest to win this seminal American artifact at auction and bring the rules ""home"" to Lawrence, Kansas, where Naismith coached and taught for over 40 years.",,Released,False,False,2012-10-16,61,0,0,0.1697,6.2,9,en,,tt2356294,/nnsAcemGP2oC4xqTsIBjEOHTYBa.jpg,/aNJLsXB0xVHjtyQ6cRrnkHs0o7r.jpg,"[{""id"": 99, ""name"": ""Documentary""}]","[{""id"": 18595, ""logo_path"": ""/2K8ko5VX6K2JTLmyctDpvH7Sgk9.png"", ""name"": ""ESPN Films"", ""origin_country"": ""US""}]","[{""iso_3166_1"": ""US"", ""name"": ""United States of America""}]","[{""english_name"": ""English"", ""iso_639_1"": ""en"", ""name"": ""English""}]","[""US""]",null
175496,A Plea to God,Makiusap ka sa Diyos,A nun is ostracized by her superiors after a brutal encounter with a rapist leaves her pregnant.,,Released,False,False,1991-07-24,113,0,0,0.3042,4.5,6,tl,,tt0318418,/u43v8PgXoVHhvNt7ML9S3LO8WG7.jpg,/pHOXpKh6yVIXEC1m5WDX3qWyWmX.jpg,"[{""id"": 18, ""name"": ""Drama""}]","[{""id"": 8238, ""logo_path"": ""/3f3SS3sep9V3Nf7RAxNd5UUEw1E.png"", ""name"": ""Regal Entertainment"", ""origin_country"": ""PH""}]","[{""iso_3166_1"": ""PH"", ""name"": ""Philippines""}]","[{""english_name"": ""Tagalog"", ""iso_639_1"": ""tl"", ""name"": """"}]","[""PH""]",null
175500,A Strange Passion,Un amour interdit,French film based on the story Der Findling by german author Heinrich von Kleist.,,Released,False,False,1984-11-21,95,0,0,0.7042,4.0,6,fr,,tt0088182,/oMY75ladROqInc5duFplftTUIrS.jpg,/vBNtKoNBQA9jZY0ufqGt8nE25mU.jpg,[],[],[],"[{""english_name"": ""French"", ""iso_639_1"": ""fr"", ""name"": ""Fran\u00e7ais""}]","[""FR""]",null
175502,Monte Cristo,Monte Cristo,"A film adaptation of the classic Alexandre Dumas novel. Edmond Dantes is falsely accused by those jealous of his good fortune, and is sentenced to spend the rest of his life in the notorious island prison, Chateau d'If. While imprisoned, he meets the Abbe Faria, a fellow prisoner whom everyone believes to be mad. The Abbe tells Edmond of a fantastic treasure hidden away on a tiny island, that only he knows the location of...",,Released,False,False,1922-09-03,100,0,0,1.0141,6.2,12,en,,tt0013402,/uOauHonanbzEwhtRd7bYz36E3Lc.jpg,/w7Rfj03c5E8m5hOnjVJcluvwPg4.jpg,"[{""id"": 18, ""name"": ""Drama""}, {""id"": 10749, ""name"": ""Romance""}]","[{""id"": 5488, ""logo_path"": ""/3O2mAL8Z32SbKtQK7h9ePZjtzSu.png"", ""name"": ""Fox Film Corporation"", ""origin_country"": ""US""}]","[{""iso_3166_1"": ""US"", ""name"": ""United States of America""}]","[{""english_name"": ""No Language"", ""iso_639_1"": ""xx"", ""name"": ""No Language""}]","[""US""]",null
175503,From Morning to Midnight,Von morgens bis mitternachts,"A cashier in a bank in a small German town is alerted to the power of money by the visit of a rich Italian lady. He embezzles 60,000 Marks and leaves for the capital city, where he attempts to find satisfaction in politics, sport, love and religion.",,Released,False,False,1920-01-01,72,0,0,0.4629,6.0,25,de,,tt0011833,/phrxYtv83YAgN2G2QKUKHOAZ37w.jpg,/u5tuzyInZ3uSWs6e3W720wqAzJx.jpg,"[{""id"": 80, ""name"": ""Crime""}, {""id"": 35, ""name"": ""Comedy""}]","[{""id"": 82618, ""logo_path"": null, ""name"": ""Ilag-Film"", ""origin_country"": """"}]","[{""iso_3166_1"": ""DE"", ""name"": ""Germany""}]","[{""english_name"": ""No Language"", ""iso_639_1"": ""xx"", ""name"": ""No Language""}]","[""DE""]",null
175505,The Cagigal Wedding,The Cagigal Wedding,The tale of a young couple that has been on a journey for more than a decade to be together forever.,Wedding,Released,False,False,2012-05-19,17,40000,0,0.0755,7.8,2,en,,,,,[],[],"[{""iso_3166_1"": ""US"", ""name"": ""United States of America""}]","[{""english_name"": ""English"", ""iso_639_1"": ""en"", ""name"": ""English""}]","[""US""]",null
175509,Mewvie: Birdland Bonanza,Mewvie: Birdland Bonanza,"Kitty-tested, vet-approved, a Mewvie provides endless amusement and mental stimulation for your cat, viewing after viewing.  You'll enjoy the show, too, as your cat ""hunts"" Mewvie quarry, pawing, pouncing, peering around the TV cabinet, or perching in front of the set, watching the action with rapt attention and twitching tail.",,Released,False,True,2004-01-01,90,0,0,0.0505,0.0,0,en,,,,,[],"[{""id"": 4766, ""logo_path"": ""/9t3tuuujb3g1YRaQSJKM5v21e1Q.png"", ""name"": ""Kitty Films"", ""origin_country"": ""JP""}]","[{""iso_3166_1"": ""US"", ""name"": ""United States of America""}]",[],"[""US""]",null
175515,Nathaniel Hawthorne,Nathaniel Hawthorne,A short about Nathaniel Hawthorne directed by documentary maker James A. FitzPatrick.,,Released,False,False,1922-04-22,0,0,0,0.0214,0.0,0,en,,tt0844718,,,[],[],[],[],"[""US""]",null
175510,Kiss Me,Embrasse-moi,"The life of a twelve-year-old living with her mother is disrupted by the arrival of a very young man at home. While her feelings become confused and the dramas burst, the girl will try to find in his entourage someone able to listen and understand it, before the worst happens.",,Released,False,False,1989-03-15,93,0,0,0.379,4.4,5,fr,,tt0166178,/kjsPzceOP3BFeyH0QOPV8gTgYRu.jpg,/aHcMlMjjnkZ23r26epjvGGOIGpg.jpg,"[{""id"": 18, ""name"": ""Drama""}]","[{""id"": 11332, ""logo_path"": null, ""name"": ""La Sept-Arte"", ""origin_country"": ""FR""}, {""id"": 102522, ""logo_path"": null, ""name"": ""Go Films"", ""origin_country"": ""FR""}]","[{""iso_3166_1"": ""FR"", ""name"": ""France""}]","[{""english_name"": ""French"", ""iso_639_1"": ""fr"", ""name"": ""Fran\u00e7ais""}]","[""FR""]",null
175513,The Wonder,Das Wunder,"An advertisement for Kantorowicz-Liköre, wherein our protagonists suffer no ill effects whatsoever from consuming alcohol.",,Released,False,False,1922-01-01,3,0,0,0.0538,6.2,10,de,,tt0178112,,,"[{""id"": 16, ""name"": ""Animation""}]","[{""id"": 62232, ""logo_path"": null, ""name"": ""Werbefilm GmbH Julius Pinschewer"", ""origin_country"": """"}]","[{""iso_3166_1"": ""DE"", ""name"": ""Germany""}]","[{""english_name"": ""No Language"", ""iso_639_1"": ""xx"", ""name"": ""No Language""}]","[""DE""]",null
175517,The Steeplechaser,The Steeplechaser,A slapstick comedy short with Lige Conley.,,Released,False,False,1922-10-08,20,0,0,0.3052,2.0,1,en,,tt0830662,/tLkBmOM6cmzpc2nq6QFNmoQZeMG.jpg,,"[{""id"": 35, ""name"": ""Comedy""}]","[{""id"": 101833, ""logo_path"": null, ""name"": ""Mermaid Comedies"", ""origin_country"": ""US""}]","[{""iso_3166_1"": ""US"", ""name"": ""United States of America""}]",[],"[""US""]",null
175518,Tommy Tucker's Tooth,Tommy Tucker's Tooth,Tommy Tucker's Tooth is a live-action short film by Walt Disney at his short-lived Laugh-O-Grams studio in Kansas City from 1922. The film was one of two commissioned by Kansas City Dentist Thomas B. McCrum. It earned the Laugh-O-Gram studio $500.,,Released,False,False,1922-12-06,10,0,500,0.2501,4.7,14,en,,tt0013690,/1FPEM7vORYc8K0QOqLdWmgXBfAc.jpg,,"[{""id"": 35, ""name"": ""Comedy""}, {""id"": 99, ""name"": ""Documentary""}, {""id"": 16, ""name"": ""Animation""}]","[{""id"": 16874, ""logo_path"": null, ""name"": ""Laugh-O-Gram Films"", ""origin_country"": """"}]","[{""iso_3166_1"": ""US"", ""name"": ""United States of America""}]",[],"[""US""]",null
175519,A Day with Thomas A. Edison,A Day with Thomas A. Edison,"A six-part documentary recording the 74-year-old Edison's collaborations with his staff, conversations with industrial leaders, and supervision of the factory's production line. The majority of the film (parts 3, 4, and 5) chronicles Edison's trip to the incandescent light bulb factory and details its manufacturing process.",,Released,False,False,1922-03-08,24,0,0,0.0846,0.0,0,en,,tt0335032,,,"[{""id"": 99, ""name"": ""Documentary""}]",[],[],"[{""english_name"": ""No Language"", ""iso_639_1"": ""xx"", ""name"": ""No Language""}]","[""US""]",null
175521,Peter the Tramp,Luffar-Petter,"Greta Garbo in her first feature ""Luffar-Petter"" (Petter The Tramp) 1922. Only a 10-minute fragment of the film has survived. She plays one of the three daughters of a fireman who is robbed by the vagrant Peter. The two leading male roles—the fireman and the vagrant—are played by Eric Petschler, who is also the film's director and screenwriter.",,Released,False,False,1922-12-25,75,0,0,0.183,4.5,2,sv,,tt0013343,/8wGneL4yH0FQRR1jkACHXDvZ74.jpg,/uMFhc9s3XFjLR0rNUPqIgGn5zNn.jpg,"[{""id"": 35, ""name"": ""Comedy""}]","[{""id"": 98861, ""logo_path"": null, ""name"": ""Petschler-Film"", ""origin_country"": ""SE""}]","[{""iso_3166_1"": ""SE"", ""name"": ""Sweden""}]","[{""english_name"": ""Swedish"", ""iso_639_1"": ""sv"", ""name"": ""svenska""}]","[""SE""]",null
175522,Marizza,"Marizza, genannt die Schmuggler-Madonna","All men are under lovely Maritza's spell.Tired of working for the old woman Yelina, who forces her to cajole customs officials to help the smugglers, she flees and finds work at Mrs. Avricolos' farm. Mostly lost, one reel survives.",,Released,False,False,1922-01-19,50,0,0,0.6673,5.5,5,xx,,tt0013373,/9c3m3GvOSomNKWWhJTBudT5Iwq2.jpg,/oiId9cnKhHUEJe2xd0VEvoDjSHb.jpg,"[{""id"": 18, ""name"": ""Drama""}]","[{""id"": 70234, ""logo_path"": null, ""name"": ""Helios Film"", ""origin_country"": ""DE""}]","[{""iso_3166_1"": ""DE"", ""name"": ""Germany""}]","[{""english_name"": ""No Language"", ""iso_639_1"": ""xx"", ""name"": ""No Language""}]","[""DE""]",null
175525,Danse macabre,Danse macabre,"The Black Death is ravaging Spain. As Camille Saint-Saëns's ""Danse Macabre"" plays on the soundtrack, a mix of animation and acted scenes tells the story of Youth and Love meeting one night. They dance, embrace, and kiss. As the night wears on, exuberant Death, a skeletal figure with a violin, pursues the couple. They try to elude him. Eventually, Love swoons. Youth is powerless to protect her. Is she doomed?",,Released,False,False,1922-03-08,8,0,0,0.2789,6.0,20,en,,tt0349326,/2PfxeQcpbzxa1juhrpv12kQO1g.jpg,/dq9by9vPDbjpd4KyjdFD9Mv2oS5.jpg,"[{""id"": 18, ""name"": ""Drama""}, {""id"": 27, ""name"": ""Horror""}, {""id"": 10402, ""name"": ""Music""}]","[{""id"": 64843, ""logo_path"": null, ""name"": ""Visual Symphony Productions"", ""origin_country"": """"}]","[{""iso_3166_1"": ""US"", ""name"": ""United States of America""}]","[{""english_name"": ""No Language"", ""iso_639_1"": ""xx"", ""name"": ""No Language""}]","[""US""]",null
175526,Walter Makes a Movie,Walter Makes a Movie,Walter makes a Movie was directed by Tom Seymour and Walter Forde in 1922. Forde plays a petty thief who steals from film star Pauline Highbrow (Pauline Peters). Pursued by the police he ends up in the Star Film Company's studio during the shooting of her latest melodrama.,,Released,False,False,1922-03-08,0,0,0,0.1058,0.0,0,en,,tt0247028,/o2oK7H122u1iNJRVDExv4ZdMUUy.jpg,,"[{""id"": 35, ""name"": ""Comedy""}]","[{""id"": 107207, ""logo_path"": null, ""name"": ""British Comedies"", ""origin_country"": """"}]","[{""iso_3166_1"": ""GB"", ""name"": ""United Kingdom""}]",[],"[""GB""]",null
175528,Baggage Claim,Baggage Claim,"Although she has traveled all over the world, flight attendant Montana Moore has yet to find a man with whom she wants to settle down. However, with her sister's upcoming wedding and pressure from her oft-married mother, she's determined to get engaged in the next 30 days. In that time, her best friends (and fellow flight attendants) conspire to help her re-encounter her exes as she flies all over the country.",She's done flying solo.,Released,False,False,2013-09-27,96,8500000,22456509,1.7753,5.3,212,en,,tt1171222,/qSKvf23QuEJGt8MMrKvoFk85TZo.jpg,/ta31idy1pxZHH9LyTZpej9Yf84Y.jpg,"[{""id"": 10749, ""name"": ""Romance""}, {""id"": 35, ""name"": ""Comedy""}]","[{""id"": 31835, ""logo_path"": null, ""name"": ""Sneak Preview Productions"", ""origin_country"": """"}, {""id"": 25, ""logo_path"": ""/qZCc1lty5FzX30aOCVRBLzaVmcp.png"", ""name"": ""20th Century Fox"", ""origin_country"": ""US""}, {""id"": 22213, ""logo_path"": ""/qx9K6bFWJupwde0xQDwOvXkOaL8.png"", ""name"": ""TSG Entertainment"", ""origin_country"": ""US""}, {""id"": 10893, ""logo_path"": null, ""name"": ""Big Screen Productions"", ""origin_country"": ""GB""}, {""id"": 43, ""logo_path"": ""/4RgIPr55kBakgupWkzdDxqXJEqr.png"", ""name"": ""Fox Searchlight Pictures"", ""origin_country"": ""US""}]","[{""iso_3166_1"": ""US"", ""name"": ""United States of America""}]","[{""english_name"": ""English"", ""iso_639_1"": ""en"", ""name"": ""English""}]","[""US""]",null
175529,Besvärliga människor,Besvärliga människor,"""Dificult People"" - About the production process when Suzanne Osten directs the theater play ”Difficult people”, written by Nils Gredeby. It is a play about people who fail in their professional careers by ”being difficult”. It all starts with the author attending a course about how to spot the difficult people and how to fire people who sabotage or create problems at the working place. In the process the ensemble has to face questions about how we view our fellow human beings and who is considered expendable.",,Released,False,False,2001-10-05,95,0,0,0.2383,2.0,1,sv,,tt0273463,/9yvXrprJ7KjyqKR0SvwadfdGolN.jpg,/wvsvZEhQBSfneoH3tXm3VCb8nYL.jpg,"[{""id"": 99, ""name"": ""Documentary""}]",[],[],"[{""english_name"": ""Swedish"", ""iso_639_1"": ""sv"", ""name"": ""svenska""}]","[""SE""]",null
175531,Mixed Nuts,Mixed Nuts,"Nuts in May, re-cut, with added footage and outtakes from _Pest, The (1922)_ , combined with newly shot sequences to bridge the scenes.",,Released,False,False,1922-03-08,20,0,0,0.1487,5.0,1,xx,,tt0010472,/bsDMjmfTgv5yQBuZ5uod8HIW8jU.jpg,,"[{""id"": 35, ""name"": ""Comedy""}]","[{""id"": 52034, ""logo_path"": null, ""name"": ""Samuel Bischoff Productions"", ""origin_country"": """"}]","[{""iso_3166_1"": ""US"", ""name"": ""United States of America""}]","[{""english_name"": ""No Language"", ""iso_639_1"": ""xx"", ""name"": ""No Language""}]","[""US""]",null
175532,The Counter Jumper,The Counter Jumper,"In the late 19th and early 20th centuries, 'counter jumper' was the term used in both Britain and the U.S.A. to describe the lowest dogsbody clerk in a general store or emporium. Here, Semon is employed in that capacity in an Old West general store that caters for desperate characters. As usual for Semon, most of the gag set-ups are deeply contrived and implausible. We get here not one but two separate sequences in which randomly splattered stains just happen to resemble a human face.",,Released,False,False,1922-12-08,15,0,0,0.57,5.3,3,xx,,tt0246529,,,"[{""id"": 35, ""name"": ""Comedy""}, {""id"": 28, ""name"": ""Action""}]",[],"[{""iso_3166_1"": ""US"", ""name"": ""United States of America""}]","[{""english_name"": ""No Language"", ""iso_639_1"": ""xx"", ""name"": ""No Language""}]","[""US""]",null
175534,Years to Come,Years to Come,"Like many a Snub Pollard comedy, ""Years to Come"" is a complete flight of fancy. In this one, it is the year 2000, and the roles of women and men have been completely reversed. That's where almost all the jokes come from.",,Released,False,False,1922-01-28,0,0,0,0.4414,3.5,1,en,,tt0337503,,,"[{""id"": 35, ""name"": ""Comedy""}]","[{""id"": 18789, ""logo_path"": null, ""name"": ""Rolin Films"", ""origin_country"": ""US""}]","[{""iso_3166_1"": ""US"", ""name"": ""United States of America""}]",[],"[""US""]",null
175535,Felix in the Bone Age,Felix in the Bone Age,"Felix comes upon a caveman and his girlfriend. The girlfriend is crying, and when the caveman asks her what she wants...",,Released,False,False,1922-12-14,7,0,0,0.0214,4.2,5,en,,tt0141051,/5YkMYIFl3vXFr5K3ZhMKxCd7VWu.jpg,,"[{""id"": 16, ""name"": ""Animation""}]",[],"[{""iso_3166_1"": ""US"", ""name"": ""United States of America""}]",[],"[""US""]",null
175536,Walter Wants Work,Walter Wants Work,Walter wants work (1922) (Directed by and starring Walter Forde this stands as a good introduction to the work of the UK's only major comedian. This farce finds Walter attempting and failing at multiple jobs with the inevitable suspicion from the local bobbies.,,Released,False,False,1922-03-08,0,0,0,0.0286,5.5,2,en,,tt0356185,,,[],[],[],[],"[""US""]",null
175538,Bubbles,Bubbles,Max and Koko The Clown bet who can blow the biggest soap bubble.,,Released,False,False,1922-04-20,7,0,0,0.081,6.0,3,en,,tt0012985,/hdrBvWijQXLn7rOxcF4aKojU2De.jpg,/zgfjydiKA6HMgE64FejtgknE5Uo.jpg,"[{""id"": 35, ""name"": ""Comedy""}, {""id"": 16, ""name"": ""Animation""}]","[{""id"": 40656, ""logo_path"": null, ""name"": ""Out of the Inkwell Films"", ""origin_country"": """"}]","[{""iso_3166_1"": ""US"", ""name"": ""United States of America""}]","[{""english_name"": ""No Language"", ""iso_639_1"": ""xx"", ""name"": ""No Language""}, {""english_name"": ""English"", ""iso_639_1"": ""en"", ""name"": ""English""}]","[""US""]",null
175539,The Seventh Day,The Seventh Day,"A group of New York society folk on a yachting excursion are forced to put into a New England fishing village for repairs. The engaged couple Reggie and Patricia are taken with the quaint town and its quainter ways, but also with two locals, Betty Alden and her brother John. Patricia begins to fall for John while her fiancé takes a seemingly unworthy liking to Betty. The new infatuations lead to disharmony.",,Released,False,False,1922-02-06,60,0,0,0.4466,6.2,3,en,,tt0013590,/3HnobjQ75i1CmTDn3sGRRJvm77u.jpg,,"[{""id"": 10749, ""name"": ""Romance""}, {""id"": 18, ""name"": ""Drama""}]","[{""id"": 19599, ""logo_path"": null, ""name"": ""Inspiration Pictures"", ""origin_country"": """"}]","[{""iso_3166_1"": ""US"", ""name"": ""United States of America""}]",[],"[""US""]",null
175541,Black Nativity,Black Nativity,"A street-wise teen from Baltimore who has been raised by a single mother travels to New York City to spend the Christmas holiday with his estranged relatives, where he embarks on a surprising and inspirational journey.",The Musical Event of the Holiday Season,Released,False,False,2013-11-27,93,17500000,7018189,1.8854,5.1,62,en,http://www.foxsearchlight.com/blacknativity/,tt1425922,/dIOk8uCYZMP69D6WhiRCZAGX9kE.jpg,/62p194Ai0TzmDabuDsVT9McJdIN.jpg,"[{""id"": 10402, ""name"": ""Music""}, {""id"": 18, ""name"": ""Drama""}]","[{""id"": 85720, ""logo_path"": null, ""name"": ""Malvern Pictures"", ""origin_country"": """"}, {""id"": 43, ""logo_path"": ""/4RgIPr55kBakgupWkzdDxqXJEqr.png"", ""name"": ""Fox Searchlight Pictures"", ""origin_country"": ""US""}, {""id"": 22213, ""logo_path"": ""/qx9K6bFWJupwde0xQDwOvXkOaL8.png"", ""name"": ""TSG Entertainment"", ""origin_country"": ""US""}]","[{""iso_3166_1"": ""US"", ""name"": ""United States of America""}]","[{""english_name"": ""English"", ""iso_639_1"": ""en"", ""name"": ""English""}]","[""US""]",null
175545,The Diver,Dykaren,"A thriller about deceit and the struggle for power within Eastern European mafia gangs living in exile in Sweden. Swedish fisherman Arne rescues a young Polish woman, Irena, after a mysterious incident at sea. Two people, both with a past, both determined never to fall in love again, are slowly drawn to each other. Irena has to learn to distinguish friend from foe. Arne must confront his nightmares to save the woman he loves.",,Released,False,False,2000-01-05,97,0,0,0.5672,2.7,7,sv,,tt0198434,/ORbSUprTIwUBjwEpiDEUVaTikJ.jpg,,"[{""id"": 53, ""name"": ""Thriller""}]",[],[],"[{""english_name"": ""Swedish"", ""iso_639_1"": ""sv"", ""name"": ""svenska""}]","[""SE""]",null
175544,Felix Minds the Kid,Felix Minds the Kid,"After unsuccessfully trying to steal food from a fish market, Felix is promised by a man that if he watches the man's child, he will be fed a great meal. Unfortunately, the baby swallows a balloon and floats out the window, and Felix has to find him and bring him back before the man gets home.",,Released,False,False,1922-10-01,9,0,0,0.0698,3.5,6,en,,tt0141034,/qM30p9s27CxEb194xn4h5f4tZ9r.jpg,,"[{""id"": 16, ""name"": ""Animation""}]",[],"[{""iso_3166_1"": ""US"", ""name"": ""United States of America""}]",[],"[""US""]",null
175547,Felix Lends a Hand,Felix Lends a Hand,"Trudging through the snow in his hometown, Felix sees a billboard advertising sunny Egypt, and says that he'd give four of his nine lives to be there rather than freezing in the snow. He then hears crying coming from his friend Abdul's carpet shop, and it turns out that Abdul's girlfriend has been kidnapped by an Egyptian sheik. Felix promises to rescue her, and hops on a magic carpet Abdul has lying around the shop, says the magic word and flies off to Egypt to keep his promise.",,Released,False,False,1922-11-14,9,0,0,0.0379,4.833,6,en,,tt0141031,/cjsffcf5oyZIy4vz8Em2CAWPQGf.jpg,,"[{""id"": 16, ""name"": ""Animation""}]","[{""id"": 39687, ""logo_path"": null, ""name"": ""Pat Sullivan Cartoons"", ""origin_country"": """"}]","[{""iso_3166_1"": ""US"", ""name"": ""United States of America""}]",[],"[""US""]",null
175549,Felix Saves the Day,Felix Saves the Day,Boys playing back alley baseball improbably hold their afternoon game at the Polo Grounds. Felix the Cat takes action when his favored team seems poised to lose.,,Released,False,False,1922-02-01,7,0,0,0.0286,5.6,9,en,,tt0141040,/inBKUC8UahqK5nYXcFpE0OkPTFD.jpg,/p01RZC4Qj4RUkiuOkAPxq3OosbM.jpg,"[{""id"": 16, ""name"": ""Animation""}]","[{""id"": 39687, ""logo_path"": null, ""name"": ""Pat Sullivan Cartoons"", ""origin_country"": """"}]","[{""iso_3166_1"": ""US"", ""name"": ""United States of America""}]",[],"[""US""]",null
175548,Felix in the Swim,Felix in the Swim,"A grateful mouse promises Felix ""if there's anything I can do for you, just call on me"" after Felix lets him go from a mousetrap. Felix then goes over to Willie Brown's house, whistles for the kid to come down from his bedroom and go ""to the 'ole swimming hole"" but Willie's mom spots him and tells the boy to go back inside and ""practise his piano lessons.""",,Released,False,False,1922-07-01,6,0,0,0.0362,5.75,4,en,,tt0141052,/oDNOMSpFRuWDNi5Vv1xAEYGiFSr.jpg,,"[{""id"": 16, ""name"": ""Animation""}]",[],"[{""iso_3166_1"": ""US"", ""name"": ""United States of America""}]",[],"[""US""]",null
175551,Red Hot Chili Peppers - Live at Cologne,Red Hot Chili Peppers - Live at Cologne,"Red Hot Chili Peppers Live: I'm with You is the title of 2011 live concert by Red Hot Chili Peppers which was recorded live on August 30, 2011 at E-Werk in Cologne, Germany and shown via satellite (although on a delayed broadcast and not live) at 8pm in each time zone across the world at select movie theaters. Encore presentations were shown on September 1, 2011. The concert featured a full album performance (minus one song) of the band's, I'm with You, which was released in North America the previous day and in the following days in other areas of the world. This marks the only time in the band's near 30-year history that an album has ever been performed in sequence. The show has never been released on DVD or any other format however can be viewed in its entirety on YouTube although not endorsed by the band.",,Released,False,True,,0,0,0,0.0,0.0,0,en,,,/bsj8MFctUj1Ez2nZtowSyqO1Oaz.jpg,,[],[],[],"[{""english_name"": ""English"", ""iso_639_1"": ""en"", ""name"": ""English""}]","[""US""]",null
175552,Felix Turns the Tide,Felix Turns the Tide,Felix the Cat becomes a soldier when the rats declare war on the cats.,,Released,False,False,1922-10-14,9,0,0,0.0959,5.0,10,en,,tt0014883,/kb49fOFZFKmMTdEwqIXOwb50GCH.jpg,,"[{""id"": 16, ""name"": ""Animation""}]",[],"[{""iso_3166_1"": ""US"", ""name"": ""United States of America""}]","[{""english_name"": ""No Language"", ""iso_639_1"": ""xx"", ""name"": ""No Language""}]","[""US""]",null
175553,Fulta Fisher's Boarding House,Fulta Fisher's Boarding House,"Fulta Fisher runs a boarding house catering to seamen passing through the port. A girl known as Anne of Austria has had many lovers amongst the sailors, but presently she's known to be the ""property"" of Salem Hardieker, a tough Bostonian. When Anne's eye drifts to a new potential lover, Hans the Dane, he spurns her, knowing she's Salem's girl. But hell hath no fury like a woman scorned....",,Released,False,False,1922-04-01,12,0,0,0.7646,5.2,11,en,,tt0205957,/zV7rlRREr8ERsmB5bPGhG0LCHYx.jpg,/97FcEjRHC3yhJqeUr5O8JcEnJbk.jpg,"[{""id"": 35, ""name"": ""Comedy""}, {""id"": 18, ""name"": ""Drama""}]","[{""id"": 111669, ""logo_path"": null, ""name"": ""Fireside Entertainment"", ""origin_country"": """"}]","[{""iso_3166_1"": ""US"", ""name"": ""United States of America""}]","[{""english_name"": ""No Language"", ""iso_639_1"": ""xx"", ""name"": ""No Language""}]","[""US""]",null
175555,A Madea Christmas,A Madea Christmas,Madea dispenses her unique form of holiday spirit on rural town when she's coaxed into helping a friend pay her daughter a surprise visit in the country for Christmas.,Jolly. Fat. Old. Who were you expecting?,Released,False,False,2013-12-13,99,25000000,53396635,1.3322,6.5,156,en,http://www.amadeachristmasmovie.com,tt2609758,/tbwm8GptynNoxbkC5AhjYMYfnn7.jpg,/bBnVwaiLBXBkwq9zSZUzDNWUHW5.jpg,"[{""id"": 35, ""name"": ""Comedy""}, {""id"": 18, ""name"": ""Drama""}]","[{""id"": 1632, ""logo_path"": ""/cisLn1YAUuptXVBa0xjq7ST9cH0.png"", ""name"": ""Lionsgate"", ""origin_country"": ""US""}]","[{""iso_3166_1"": ""US"", ""name"": ""United States of America""}]","[{""english_name"": ""English"", ""iso_639_1"": ""en"", ""name"": ""English""}]","[""US""]","{""id"": 534673, ""name"": ""Madea Collection"", ""poster_path"": ""/bO9NvwpSElW8lp33fGyy8VaS5s9.jpg"", ""backdrop_path"": ""/qxLbjNPrMKTgYrMhIIDzj4zgYjf.jpg""}"
175556,Roars and Uproars,Roars and Uproars,"The heroine must marry one of three prospective bridegrooms who are all lunatics with odd fake facial hair to inherit $500,000. When one of the spurned bridegrooms releases a bunch of lions to disrupt the ceremony, the result is a lot of ROARS AND UPROARS. Will love triumph, or will the lions mess everything up?",,Released,False,False,1922-03-08,0,0,0,0.0,0.0,0,en,,tt1488059,,,[],[],[],[],"[""US""]",null
175558,The Original Movie,The Original Movie,"A prehistoric writer sells his masterpiece to a film company, which is butchered horribly in the process of getting made into a stone-age movie.  Preserved by the Academy Film Archive in 2010.",,Released,False,False,1922-04-08,8,0,0,0.0214,5.9,7,en,,tt0265468,/jlZDqOONCB6hoS0zUth3J7JN1Bu.jpg,/aCGPYLugk2itWk5AyU6EgnCC6Bu.jpg,"[{""id"": 16, ""name"": ""Animation""}]","[{""id"": 34431, ""logo_path"": null, ""name"": ""Herbert M. Dawley Production"", ""origin_country"": """"}]","[{""iso_3166_1"": ""US"", ""name"": ""United States of America""}]","[{""english_name"": ""No Language"", ""iso_639_1"": ""xx"", ""name"": ""No Language""}]","[""US""]",null
175559,Jumping Beans,Jumping Beans,Max tricks Koko with a jumping bean. Koko finds a way to duplicate himself to get his revenge.,,Released,False,False,1922-12-15,11,0,0,0.0499,7.0,3,en,,tt0013281,,,"[{""id"": 16, ""name"": ""Animation""}, {""id"": 35, ""name"": ""Comedy""}]","[{""id"": 40656, ""logo_path"": null, ""name"": ""Out of the Inkwell Films"", ""origin_country"": """"}]","[{""iso_3166_1"": ""US"", ""name"": ""United States of America""}]","[{""english_name"": ""No Language"", ""iso_639_1"": ""xx"", ""name"": ""No Language""}, {""english_name"": ""English"", ""iso_639_1"": ""en"", ""name"": ""English""}]","[""US""]",null
175561,A Pair of Kings,A Pair of Kings,A Pair of Kings is a 1922 American silent comedy film featuring Larry Semon & Oliver Hardy.,,Released,False,False,1922-06-10,0,0,0,0.2156,4.0,3,xx,,tt0248285,/uSpqyXHk3q7cdLKzNuk4hLXcNfg.jpg,,"[{""id"": 35, ""name"": ""Comedy""}]",[],"[{""iso_3166_1"": ""US"", ""name"": ""United States of America""}]","[{""english_name"": ""No Language"", ""iso_639_1"": ""xx"", ""name"": ""No Language""}]","[""US""]",null
175563,The Trap,The Trap,"A miner's happiness is destroyed when a rival steals his mine. He becomes obsessed with revenge, and plans a trap for the man who took his mine.",,Released,False,False,1922-05-08,60,0,0,1.2539,5.2,8,en,,tt0013704,/t51a2f8obkfPqlJ1RGP4DpQrz7l.jpg,/ismxIVD8ArEze71FnLt2ghYGcqi.jpg,"[{""id"": 18, ""name"": ""Drama""}]","[{""id"": 13133, ""logo_path"": null, ""name"": ""Universal Film Manufacturing Company"", ""origin_country"": ""US""}]","[{""iso_3166_1"": ""US"", ""name"": ""United States of America""}]",[],"[""US""]",null
175564,A Quiet Street,A Quiet Street,The gang mistakenly believes a police patrol is after them for beating up a cop's boy; they wind up encountering the police's real quarry: Red Mike.,,Released,False,False,1922-12-30,16,0,0,0.5231,6.2,3,en,,tt0013524,/6Yiatzvpuuv4Zrz1KmYrWLA1M1Z.jpg,/z5lgd6UlHSyJ8CIyfV6P4TVaZya.jpg,"[{""id"": 35, ""name"": ""Comedy""}]","[{""id"": 2159, ""logo_path"": null, ""name"": ""Hal Roach Studios"", ""origin_country"": ""US""}]","[{""iso_3166_1"": ""US"", ""name"": ""United States of America""}]","[{""english_name"": ""No Language"", ""iso_639_1"": ""xx"", ""name"": ""No Language""}]","[""US""]","{""id"": 564261, ""name"": ""Our Gang: The Roach/Path\u00e9 silents (1922-1928)"", ""poster_path"": ""/4UUUBb3dM2vImtiP5NmDO5Y460Q.jpg"", ""backdrop_path"": ""/jPdILOLtecQH8TIWd5BBlLkz0lW.jpg""}"
175565,The Only Thing You Know,The Only Thing You Know,The story of a teenage girl's attempts at independence.,,Released,False,False,1971-01-01,82,0,0,0.057,2.0,2,en,,tt0067534,,,"[{""id"": 18, ""name"": ""Drama""}]",[],"[{""iso_3166_1"": ""CA"", ""name"": ""Canada""}]","[{""english_name"": ""English"", ""iso_639_1"": ""en"", ""name"": ""English""}]","[""CA"", ""US""]",null
175569,Young Sherlocks,Young Sherlocks,The Mystic J.J.J.'s challenge Ernie's bravery; he spins a tale of saving a rich young girl from kidnappers and of creating a utopia called Freetown.,,Released,False,False,1922-11-25,22,0,0,0.291,7.1,4,en,,tt0013803,/buMjZVGWhl46YmpeUCHDTTCmW7S.jpg,,"[{""id"": 35, ""name"": ""Comedy""}]","[{""id"": 2159, ""logo_path"": null, ""name"": ""Hal Roach Studios"", ""origin_country"": ""US""}]","[{""iso_3166_1"": ""US"", ""name"": ""United States of America""}]","[{""english_name"": ""No Language"", ""iso_639_1"": ""xx"", ""name"": ""No Language""}]","[""US""]","{""id"": 564261, ""name"": ""Our Gang: The Roach/Path\u00e9 silents (1922-1928)"", ""poster_path"": ""/4UUUBb3dM2vImtiP5NmDO5Y460Q.jpg"", ""backdrop_path"": ""/jPdILOLtecQH8TIWd5BBlLkz0lW.jpg""}"
175572,Jonah,Jonah,,,Released,False,True,1996-06-30,30,0,0,0.0286,0.0,0,en,,tt0719847,,,[],"[{""id"": 1911, ""logo_path"": null, ""name"": ""Christmas Films"", ""origin_country"": ""RU""}, {""id"": 5075, ""logo_path"": ""/9KTaY2KNITk7pWJlR8wfNcMRdQj.png"", ""name"": ""S4C"", ""origin_country"": ""GB""}, {""id"": 4762, ""logo_path"": ""/igWZmjr5Zhbnxf7DinSOLoiggLU.png"", ""name"": ""BBC Cymru Wales"", ""origin_country"": ""GB""}]","[{""iso_3166_1"": ""GB"", ""name"": ""United Kingdom""}]","[{""english_name"": ""English"", ""iso_639_1"": ""en"", ""name"": ""English""}]","[""US"", ""GB""]",null
175575,Jonah,Jonah,Jonah believes everything happens for a reason. He decides to test his faith and soon realises he is the one being tested,,Released,False,False,2024-01-01,11,11,0,0.0954,0.0,0,en,,tt32810800,,,"[{""id"": 18, ""name"": ""Drama""}]",[],"[{""iso_3166_1"": ""US"", ""name"": ""United States of America""}]","[{""english_name"": ""English"", ""iso_639_1"": ""en"", ""name"": ""English""}]","[""US""]",null
175574,Free Birds,Free Birds,Two turkeys from opposite sides of the tracks must put aside their differences and team up to travel back in time to change the course of history—and get turkey off the holiday menu for good.,The greatest turkey movie of all time.,Released,False,False,2013-10-30,91,55000000,110000000,3.2842,5.9,844,en,,tt1621039,/gnSU2wUBq2gTkBEkxY8C1d1fXAQ.jpg,/bYCYL5mVX4unStJy34wWuofVq2O.jpg,"[{""id"": 16, ""name"": ""Animation""}, {""id"": 35, ""name"": ""Comedy""}, {""id"": 10751, ""name"": ""Family""}]","[{""id"": 2787, ""logo_path"": ""/uPqyNmCYnjBUXadIa7JmglQ59Y8.png"", ""name"": ""Reel FX Creative Studios"", ""origin_country"": ""US""}, {""id"": 7295, ""logo_path"": ""/5MYE96QiE5a5oFhXxFb4y8ILSpw.png"", ""name"": ""Relativity Media"", ""origin_country"": ""US""}]","[{""iso_3166_1"": ""US"", ""name"": ""United States of America""}]","[{""english_name"": ""English"", ""iso_639_1"": ""en"", ""name"": ""English""}]","[""US""]",null
175577,Jonah,Jonah,"From Hanna-Barbera's animated series depicting the tales of the bible, ""Jonah"" tells the story of the Prophet Jonah and his attempt to escape his responsibilities.",,Released,False,False,1992-01-01,26,0,0,0.8822,7.0,2,en,,tt7411582,/lTRk1ntvSaO9q6mkbl2uXDFUfyw.jpg,,"[{""id"": 16, ""name"": ""Animation""}]",[],[],"[{""english_name"": ""English"", ""iso_639_1"": ""en"", ""name"": ""English""}]","[""US""]",null
175579,Saturday Morning,Saturday Morning,"The Rascals, feeling unloved at home, decide to become pirates. Meanwhile, a mother, an aunt and a valet join the cops in searching for the runaways.",,Released,False,False,1922-12-03,20,0,0,0.5574,6.2,3,en,,tt0013573,/t2tIUXIal89wu6PtpT8Le2GSBv.jpg,,"[{""id"": 35, ""name"": ""Comedy""}, {""id"": 10751, ""name"": ""Family""}]","[{""id"": 2159, ""logo_path"": null, ""name"": ""Hal Roach Studios"", ""origin_country"": ""US""}]","[{""iso_3166_1"": ""US"", ""name"": ""United States of America""}]","[{""english_name"": ""No Language"", ""iso_639_1"": ""xx"", ""name"": ""No Language""}]","[""US""]","{""id"": 564261, ""name"": ""Our Gang: The Roach/Path\u00e9 silents (1922-1928)"", ""poster_path"": ""/4UUUBb3dM2vImtiP5NmDO5Y460Q.jpg"", ""backdrop_path"": ""/jPdILOLtecQH8TIWd5BBlLkz0lW.jpg""}"
175580,Echolot,Echolot,"A clique gathers in a house in the country to hold its own personal funeral ceremony for a friend who has committed suicide. It's not unusual for extreme situations to lure people out of their shells. In this case, the suicide prompts them to switch off for a while; this weekend at least, these young people are no longer thinking about tomorrow. Instead, they surrender entirely to the moment and give their feelings free reign. They dance, love, argue, drink, go for walks, or take naps. But they also remember their dead friend, who is present in all their thoughts and conversations.",,Released,False,False,2013-02-12,80,0,0,0.5076,4.0,1,de,,tt2669312,,/xYmQdl7M7EznVY7gKWTQEA9Gjl1.jpg,"[{""id"": 18, ""name"": ""Drama""}]",[],"[{""iso_3166_1"": ""DE"", ""name"": ""Germany""}]","[{""english_name"": ""German"", ""iso_639_1"": ""de"", ""name"": ""Deutsch""}]","[""DE""]",null
175587,Our Gang,Our Gang,An unethical merchant moves into town and steals customers from the widowed owner of an established store; the gang steps in to help.,,Released,False,False,1922-11-04,20,0,0,0.3364,6.4,9,en,,tt0013472,/bsC37I23GUOHK4ZHModbrfrVka2.jpg,/1eWIxVWqjhejSy06y3VF2IrW6Kq.jpg,"[{""id"": 35, ""name"": ""Comedy""}]","[{""id"": 2159, ""logo_path"": null, ""name"": ""Hal Roach Studios"", ""origin_country"": ""US""}]","[{""iso_3166_1"": ""US"", ""name"": ""United States of America""}]",[],"[""US""]","{""id"": 564261, ""name"": ""Our Gang: The Roach/Path\u00e9 silents (1922-1928)"", ""poster_path"": ""/4UUUBb3dM2vImtiP5NmDO5Y460Q.jpg"", ""backdrop_path"": ""/jPdILOLtecQH8TIWd5BBlLkz0lW.jpg""}"
175585,Fire Fighters,Fire Fighters,"The gang forms a fire department; they end up thwarting a bootlegger, but not before their pet animals get drunk on his moonshine.",,Released,False,False,1922-10-08,22,0,0,0.477,6.0,3,en,,tt0013127,/wLU1q8Xfsm7W8tuucaZFdyHZZso.jpg,,"[{""id"": 10751, ""name"": ""Family""}, {""id"": 35, ""name"": ""Comedy""}]","[{""id"": 2159, ""logo_path"": null, ""name"": ""Hal Roach Studios"", ""origin_country"": ""US""}]","[{""iso_3166_1"": ""US"", ""name"": ""United States of America""}]","[{""english_name"": ""No Language"", ""iso_639_1"": ""xx"", ""name"": ""No Language""}]","[""US""]","{""id"": 564261, ""name"": ""Our Gang: The Roach/Path\u00e9 silents (1922-1928)"", ""poster_path"": ""/4UUUBb3dM2vImtiP5NmDO5Y460Q.jpg"", ""backdrop_path"": ""/jPdILOLtecQH8TIWd5BBlLkz0lW.jpg""}"
175583,One Terrible Day,One Terrible Day,"Mrs. Pennington Van Renssalaer, a publicity-minded society matron, sponsors a children's outing, much to her and her chauffeur's eventual regret.",,Released,False,False,1922-09-09,18,0,0,0.75,5.0,2,en,,tt0013462,/fyylqYdXcPcU1LzAtbupBGBa3Jx.jpg,/nBeiPn2vjRQVKLGloAhsl3e5ojT.jpg,"[{""id"": 35, ""name"": ""Comedy""}, {""id"": 10751, ""name"": ""Family""}]","[{""id"": 2159, ""logo_path"": null, ""name"": ""Hal Roach Studios"", ""origin_country"": ""US""}]","[{""iso_3166_1"": ""US"", ""name"": ""United States of America""}]","[{""english_name"": ""No Language"", ""iso_639_1"": ""xx"", ""name"": ""No Language""}]","[""US""]","{""id"": 564261, ""name"": ""Our Gang: The Roach/Path\u00e9 silents (1922-1928)"", ""poster_path"": ""/4UUUBb3dM2vImtiP5NmDO5Y460Q.jpg"", ""backdrop_path"": ""/jPdILOLtecQH8TIWd5BBlLkz0lW.jpg""}"
175590,Peg o' My Heart,Peg o' My Heart,"PEG O MY HEART (Metro Studios, 1922), directed by King Vidor, under the supervision of J. Hartley Manners, introduces the legendary theatrical actress Laurette Taylor (1884-1946) to the screen reprising the role she made famous as a poor Irish farm girl who inherits a fortune but would rather have happiness instead. While a bit too old for the character supposedly in her late teens or early twenties, Laurette was tailor made for it.",,Released,False,False,1922-12-17,80,0,0,0.8625,6.5,2,en,,tt0013488,/j2nuqAJn7KrhmF4a2IQKitnBbpp.jpg,/rQrwvL9qrNF87d3FHGsMEBw3czF.jpg,"[{""id"": 35, ""name"": ""Comedy""}, {""id"": 18, ""name"": ""Drama""}]","[{""id"": 16101, ""logo_path"": ""/2yI4rjPZ1I7TLZ2UWvTtXifYEnw.png"", ""name"": ""Metro Pictures Corporation"", ""origin_country"": ""US""}]","[{""iso_3166_1"": ""US"", ""name"": ""United States of America""}]","[{""english_name"": ""English"", ""iso_639_1"": ""en"", ""name"": ""English""}]","[""US""]",null
175593,Down to the Sea in Ships,Down to the Sea in Ships,"Being the story of the Morgans, a 19th-century Massachusetts whaling family, their tightly-knit Quaker community, and the dangerous adventures of an unwilling stowaway aboard one of the elder Morgan's harvest vessels.",,Released,False,False,1922-11-21,94,0,0,0.3725,5.1,8,xx,,tt0013085,/cqsKx9acrVl2epYhFcUj8G6TJwP.jpg,/nK9PThrF2ALfP9TnZz0MiYoMbmQ.jpg,"[{""id"": 12, ""name"": ""Adventure""}, {""id"": 18, ""name"": ""Drama""}, {""id"": 10749, ""name"": ""Romance""}]",[],"[{""iso_3166_1"": ""US"", ""name"": ""United States of America""}]","[{""english_name"": ""No Language"", ""iso_639_1"": ""xx"", ""name"": ""No Language""}]","[""US""]",null
175596,The Egg,The Egg,Stan plays a mischievous and clumsy worker in a lumber factory.,,Released,False,False,1922-09-03,20,0,0,0.587,5.8,4,en,,tt0013096,/upV5gSwOcwUTqYndTlDDc8xGUGI.jpg,/xMPiW4jPzClQCgU6OITvZBpPL4k.jpg,"[{""id"": 35, ""name"": ""Comedy""}]","[{""id"": 144155, ""logo_path"": null, ""name"": ""Amalgamated Producing Corporation"", ""origin_country"": """"}]","[{""iso_3166_1"": ""US"", ""name"": ""United States of America""}]","[{""english_name"": ""No Language"", ""iso_639_1"": ""xx"", ""name"": ""No Language""}]","[""US""]",null
175594,Nathan der Weise,Nathan der Weise,"Silent movie adaptation of Lessing's play. Set in Jerusalem during the Third Crusade, it describes how the wise Jewish merchant Nathan, the enlightened sultan Saladin and the (initially anonymous) Templar bridge their gaps between Judaism, Islam and Christianity.",,Released,False,False,1922-12-28,128,0,0,0.3849,7.2,4,de,,tt0013428,/bXRRJ4mP5aeGEp0BPxjyxaMln1v.jpg,/m6b78lb7amWu9HIcnByUutN1ZPK.jpg,"[{""id"": 18, ""name"": ""Drama""}, {""id"": 36, ""name"": ""History""}]",[],"[{""iso_3166_1"": ""DE"", ""name"": ""Germany""}]",[],"[""DE""]",null
175597,Polikushka,Поликушка,"""Polikushka"" was the only film directed by Aleksandr Sanin, one of Moscow Art Academic Theatre's founders, and is based on Lev Tolstoy's homonym short story. In spite the many differences between the literary oeuvre and its film adaptation it is a remarkable work that is outstanding for its depiction of the cruel realities of Russian society -the harsh life condition of its main character and his family in contrast to the wealth of his mistress;",,Released,False,False,1922-10-30,42,0,0,0.6428,4.8,4,ru,,tt0013501,/oAeMApIRHCb2YboC6dlkdBiTCTs.jpg,,"[{""id"": 18, ""name"": ""Drama""}]","[{""id"": 54415, ""logo_path"": null, ""name"": ""Torgovy dom \""Rus\"""", ""origin_country"": ""RU""}]","[{""iso_3166_1"": ""RU"", ""name"": ""Russia""}]","[{""english_name"": ""No Language"", ""iso_639_1"": ""xx"", ""name"": ""No Language""}]","[""RU""]",null
175598,Choose Your Weapons,Choose Your Weapons,"In many ways, this reminds me of another Bobby Vernon film, RENO OR BUST. That's because both films star Bobby and consist of him trying to rescue his lady from being forced to marry a man she doesn't love. However, in this case she's being forced to marry the king of a fictional country and the king, unbeknownst to his subjects, is already married.",,Released,False,False,1922-11-04,0,0,0,0.0338,0.0,0,en,,tt0246490,,,[],[],[],[],"[""US""]",null
175600,Anna-Liisa,Anna-Liisa,"Anna-Liisa carries a secret. Three years ago she killed the baby she had with Mikko, the old hired hand of Kortesuo. Now she's marrying Johannes, when suddenly Mikko comes back.",,Released,False,False,1922-03-20,70,0,0,0.2086,6.2,6,fi,,tt0139024,/q5OCZ3QcVZAYgx50X46p5bM6oTT.jpg,/ru4TZJcjmFph5EWV70p9pN0wjM3.jpg,"[{""id"": 18, ""name"": ""Drama""}]","[{""id"": 21046, ""logo_path"": ""/ghVwr2Y0DgRbg3b4Mm3FVdhJ6Fo.png"", ""name"": ""Suomi-Filmi"", ""origin_country"": ""FI""}]","[{""iso_3166_1"": ""FI"", ""name"": ""Finland""}]","[{""english_name"": ""No Language"", ""iso_639_1"": ""xx"", ""name"": ""No Language""}]","[""FI""]",null
175602,Romance of a Fruit Peddler,勞工之愛情,"Cheng the fruit seller is in love with the daughter of his neighbor the doctor, but the good doctor won't let him marry her unless Chang finds him more patients...",,Released,False,False,1922-03-08,22,0,0,0.11,5.5,13,zh,,tt0013807,/9T2XfxlICLbtLMWSnZlLk256R64.jpg,,"[{""id"": 35, ""name"": ""Comedy""}]","[{""id"": 54374, ""logo_path"": null, ""name"": ""Mingxing Film Company"", ""origin_country"": ""CN""}]","[{""iso_3166_1"": ""CN"", ""name"": ""China""}]","[{""english_name"": ""No Language"", ""iso_639_1"": ""xx"", ""name"": ""No Language""}]","[""CN""]",null
175601,The Flying Koffer,Der fliegende Koffer,Lotte Reiniger's earliest preserved fairytale film based on a fairy tale by Hans Christian Andersen.,,Released,False,False,1921-09-14,9,0,0,0.3053,6.0,10,de,,tt0145778,/flHw67PIoe6Cq76j2slCtcllTw4.jpg,,"[{""id"": 16, ""name"": ""Animation""}, {""id"": 14, ""name"": ""Fantasy""}]","[{""id"": 73251, ""logo_path"": null, ""name"": ""Institut f\u00fcr Kulturforschung"", ""origin_country"": ""DE""}]","[{""iso_3166_1"": ""DE"", ""name"": ""Germany""}]","[{""english_name"": ""No Language"", ""iso_639_1"": ""xx"", ""name"": ""No Language""}]","[""DE""]",null
175605,Two Heads on a Pillow,Two Heads on a Pillow,A lawyer handing a divorce case discovers the attorney for the opposition is his ex-wife.,,Released,False,False,1934-10-02,68,0,0,0.8624,0.0,0,en,,tt0025924,/ftJyBqgJEJK9lkVd5lCg9KgdBE0.jpg,/ftKPJtBFMwe5vTVo8BrLkyRIgCi.jpg,"[{""id"": 35, ""name"": ""Comedy""}, {""id"": 10749, ""name"": ""Romance""}]","[{""id"": 20938, ""logo_path"": null, ""name"": ""Liberty Pictures"", ""origin_country"": ""US""}]","[{""iso_3166_1"": ""US"", ""name"": ""United States of America""}]","[{""english_name"": ""English"", ""iso_639_1"": ""en"", ""name"": ""English""}]","[""US""]",null
175606,Les Coquillettes,Les Coquillettes,Three female friends recall their misadventures (more sexual than cinematical) attending the Locarno Film Festival.,,Released,False,False,2013-03-20,71,0,0,0.581,4.4,28,fr,,tt2434800,/mjgCAftCODeMQHW43GtpBeWmBI8.jpg,/nNarLGCwnTEyp6074JrkyIleAfj.jpg,"[{""id"": 35, ""name"": ""Comedy""}, {""id"": 18, ""name"": ""Drama""}]","[{""id"": 7128, ""logo_path"": ""/6eLVLIUh5jhqinKGjaGZ9kl1SmU.png"", ""name"": ""Ecce Films"", ""origin_country"": ""FR""}, {""id"": 33279, ""logo_path"": ""/4cWgpF6cLunSrG4fSdBPT2gF8ie.png"", ""name"": ""Ad Vitam Production"", ""origin_country"": ""FR""}, {""id"": 7129, ""logo_path"": null, ""name"": ""Rezina Productions"", ""origin_country"": ""FR""}]","[{""iso_3166_1"": ""FR"", ""name"": ""France""}]","[{""english_name"": ""French"", ""iso_639_1"": ""fr"", ""name"": ""Fran\u00e7ais""}, {""english_name"": ""English"", ""iso_639_1"": ""en"", ""name"": ""English""}]","[""FR""]",null
175614,Dil Hai Tumhaara,दिल है तुम्हारा,"Hiding her husband's affair from the world after his death, Sarita raises his love child alongside their daughter. When the girls grow up and fall in love with the same man, Sarita is forced to deal with her biases.",,Released,False,False,2002-09-05,185,0,0,1.4761,5.7,31,hi,,tt0328998,/6TYSsz5wo6a5knHcvisELJZcwe7.jpg,/mzkr6gd6pkdgUn7Hs3duWOHGwIq.jpg,"[{""id"": 18, ""name"": ""Drama""}, {""id"": 10749, ""name"": ""Romance""}]","[{""id"": 3081, ""logo_path"": null, ""name"": ""Tips Industries"", ""origin_country"": ""IN""}]","[{""iso_3166_1"": ""IN"", ""name"": ""India""}]","[{""english_name"": ""Hindi"", ""iso_639_1"": ""hi"", ""name"": ""\u0939\u093f\u0928\u094d\u0926\u0940""}]","[""IN""]",null
175615,Mostly Autumn: The story so far,Mostly Autumn: The story so far,"Bailed as the leading exponents of the new wave of British classic rock and voted best new band by the classic rock society, this superb two hour DVD showcases the very best of Mostly Autumn live in concert.",,Released,False,False,2001-08-31,0,0,0,0.0071,0.0,0,en,,,/6NyfPASUxGcI3Gg5zIlQF1qBZKz.jpg,/oCzPd5hCX1J7xCvnrfIRWCsUEUh.jpg,"[{""id"": 10402, ""name"": ""Music""}]",[],[],[],"[""US""]",null
175620,One Third of a Nation,One Third of a Nation,The negligent owner of a tenement slum becomes romantically involved with one of the building's residents.,,Released,False,False,1939-02-10,79,0,0,0.8201,5.8,5,en,,tt0031761,/utDHmgn0eQL8Sr2mDF81rAHRDcN.jpg,/bhyC9qaaRbzhBsUh8JUBlErcuhM.jpg,"[{""id"": 18, ""name"": ""Drama""}]","[{""id"": 18845, ""logo_path"": null, ""name"": ""Dudley Murphy Productions"", ""origin_country"": """"}]","[{""iso_3166_1"": ""US"", ""name"": ""United States of America""}]","[{""english_name"": ""English"", ""iso_639_1"": ""en"", ""name"": ""English""}]","[""US""]",null
175623,The Universal Language,The Universal Language,"The Universal Language is a new documentary from Academy Award-nominated director Sam Green (The Weather Underground). This 30-minute film traces the history of Esperanto, an artificial language that was created in the late 1800s by a Polish eye doctor who believed that if everyone in the world spoke a common tongue, humanity could overcome racism and war. Fittingly, the word “Esperanto” means “one who hopes.”  During the early 20th century, hundreds of thousands of people around the world spoke Esperanto and believed in its ideals. Today, surprisingly, a vibrant Esperanto movement still exists. In this first-ever documentary about Esperanto, Green creates a portrait of the language and those who speak it today that is at once humorous, poignant, stirring, and ultimately hopeful.",,Released,False,False,2011-10-10,31,100000,0,0.1836,6.0,1,en,http://esperantodocumentary.com/en/about-the-film/,tt2121833,/w2kv5QFhiPCdBw5fjYMKrVaNdx6.jpg,/zE5UHMP2PXmaEHyOCmcdzTI30fT.jpg,"[{""id"": 99, ""name"": ""Documentary""}]","[{""id"": 2866, ""logo_path"": null, ""name"": ""The Free History Project"", ""origin_country"": """"}]","[{""iso_3166_1"": ""US"", ""name"": ""United States of America""}]","[{""english_name"": ""English"", ""iso_639_1"": ""en"", ""name"": ""English""}, {""english_name"": ""Esperanto"", ""iso_639_1"": ""eo"", ""name"": ""Esperanto""}]","[""US""]",null
175624,Flatmates,Kompisar,"Two friends, Björn and Hampus, decide to move in together. If one ignores the fact that the two men are completely different, theirs is a close relationship. Being in love with your best friend and, in spite of this, or because of it, arguing to the point where it becomes unbearable.",,Released,False,False,2007-02-01,21,0,0,0.3515,5.2,10,sv,,tt1541844,/zvUeEK3ghK6XSZXmwyWbgDLEi1D.jpg,/s9Rbq3RdGFwy0vh0GjjHJacfUMm.jpg,[],"[{""id"": 13522, ""logo_path"": null, ""name"": ""Filmh\u00f6gskolan"", ""origin_country"": """"}]","[{""iso_3166_1"": ""SE"", ""name"": ""Sweden""}]","[{""english_name"": ""Swedish"", ""iso_639_1"": ""sv"", ""name"": ""svenska""}]","[""SE""]",null
175638,Washington Story,Washington Story,"A reporter (Patricia Neal) suspects the ""nice guy"" image of a respected Congressman (Van Johnson) is all a facade and sets out to uncover the truth.",,Released,False,False,1952-07-01,81,0,0,1.4256,6.0,2,en,,tt0045312,/bEsZSL1fBVUp2Q0ca27BAPjJRVo.jpg,/ltG4Q7DIlwYwlbtIWVa7mJQroFT.jpg,"[{""id"": 18, ""name"": ""Drama""}, {""id"": 10749, ""name"": ""Romance""}]","[{""id"": 21, ""logo_path"": ""/usUnaYV6hQnlVAXP6r4HwrlLFPG.png"", ""name"": ""Metro-Goldwyn-Mayer"", ""origin_country"": ""US""}]","[{""iso_3166_1"": ""US"", ""name"": ""United States of America""}]","[{""english_name"": ""English"", ""iso_639_1"": ""en"", ""name"": ""English""}]","[""US""]",null
175643,Con Games,Con Games,"A decorated Army veteran goes undercover as a prison inmate to investigate the death of a Senator's grandson, who was killed while behind bars. Once under lock and key, he finds himself at the mercy of an all-powerful guard whose deadly influence reaches far beyond the prison walls. His only chance for freedom now is to escape ... or die.",Maximum security. Minimum chance of survival.,Released,False,False,2001-12-04,88,0,0,0.6303,2.6,4,en,,tt0291828,/xnG8FO2kbLV7UHDPU0kTEHqsqHi.jpg,,"[{""id"": 28, ""name"": ""Action""}]",[],[],"[{""english_name"": ""English"", ""iso_639_1"": ""en"", ""name"": ""English""}]","[""US""]",null
175646,Idol,Idol,"Farce about the casting of a gay actor in a gay role on a television series which had previously been played by a straight man. When the original star of a fictional gay-themed action series called ""Espionage"" unexpectedly dies, network executives go looking for a new actor. They cast Kerry Mitchell (Scott Victor Nelson), unknown, but also openly gay. They spin the idea of an openly gay actor playing a gay role is something new and refreshing. As Kerry gets prepared for the media onslaught, he is also hiding something which could ruin everything! Also starring Matthew Jett Schaefer and Gabrielle Docktor in this independent ""mocumentary"" style film co-written and co-directed by Mike Heim and Christopher Long.",A freak accident catapults an unknown actor into stardom. But how long will his lies keep everyone at bay?,Released,False,False,2006-06-08,85,0,0,0.7221,2.5,4,en,,tt0808312,/yGJ7ENHehFvGnVpQ62xukEPDxx3.jpg,/oDxKAhoH2NKi3zV0dmeNwrhorHP.jpg,[],"[{""id"": 13528, ""logo_path"": null, ""name"": ""Hardsell Productions"", ""origin_country"": """"}]","[{""iso_3166_1"": ""US"", ""name"": ""United States of America""}]",[],"[""US""]",null
175653,Nieznana opowieść wigilijna,Nieznana opowieść wigilijna,"The fate of a local orphanage is at stake before Christmas. According to the plans of a local businessman, the home is to be liquidated and its place is to be taken...",,Released,False,False,2000-12-24,0,0,0,0.4552,5.0,1,pl,,,/bO8gBultxw9TE7n5EuLuxsJbuKq.jpg,,[],"[{""id"": 255357, ""logo_path"": null, ""name"": ""Contra Studio"", ""origin_country"": """"}, {""id"": 6480, ""logo_path"": ""/qJUUNzFYXNUDaisssBTV3Zdki9R.png"", ""name"": ""Telewizja Polska"", ""origin_country"": ""PL""}]","[{""iso_3166_1"": ""PL"", ""name"": ""Poland""}]","[{""english_name"": ""Polish"", ""iso_639_1"": ""pl"", ""name"": ""Polski""}]","[""PL""]",null
175657,The Grand Theft,The Grand Theft,"Destitute, but desperate to produce their blockbuster bank robbery movie, slick producer Mario Vigilante and his intellectually challenged major players decide to pull a robbery to finance the film.",,Released,False,False,2011-06-04,83,0,0,1.123,2.0,1,en,,tt1901004,/3iCX6H767fMNo7VygoW9FLqjJgG.jpg,,"[{""id"": 35, ""name"": ""Comedy""}]",[],[],[],"[""US""]",null
175660,Young Widow,Young Widow,A young bride tries to rebuild her life after she learns her husband has been killed in the war.,THE GIRL...ALL AMERICA HAS BEEN WAITING TO SEE!,Released,False,False,1946-03-01,100,0,0,1.3008,4.6,9,en,,tt0039114,/ih3XCRE6K4acPmjdM0QZeqWLni.jpg,/j5qE0ptHWK1hvgIEdOuOHnDbDla.jpg,"[{""id"": 18, ""name"": ""Drama""}]","[{""id"": 60, ""logo_path"": ""/4YldLvCWQL9VIAHQ2Fu3Ffkh9Si.png"", ""name"": ""United Artists"", ""origin_country"": ""US""}, {""id"": 5235, ""logo_path"": null, ""name"": ""Hunt Stromberg Productions"", ""origin_country"": ""US""}]","[{""iso_3166_1"": ""US"", ""name"": ""United States of America""}]","[{""english_name"": ""English"", ""iso_639_1"": ""en"", ""name"": ""English""}]","[""US""]",null
175659,Let's Make the Teacher Have a Miscarriage Club,先生を流産させる会,"The mini budget psycho drama, somewhat based on true story, follows a bunch of adorable high school girls whose casual pastime includes throwing small animals in the air – and not catching them on the way down. The leader of the sweethearts is Mizuki (Kaori Kobayashi), who loses whatever traces of sense she might have possessed when her teacher turns up knocked up! The girls form a “miscarriage club” to kill the unborn baby in order to show the insolent adult who calls the shots.",,Released,False,False,2012-05-24,62,0,0,0.5919,4.6,9,ja,,tt1800373,/adfKr1pWbihTO3UiYo9ei11GD3r.jpg,/7FrUAngUBpKPko1eQRnh5MvC8dL.jpg,"[{""id"": 18, ""name"": ""Drama""}]",[],"[{""iso_3166_1"": ""JP"", ""name"": ""Japan""}]","[{""english_name"": ""Japanese"", ""iso_639_1"": ""ja"", ""name"": ""\u65e5\u672c\u8a9e""}]","[""JP""]",null
175670,Hotel du Lac,Hotel du Lac,Romantic novelist Edith Hope so horrifies her friends that they banish her to the solitude of a Swiss hotel. She decides to work out her exile by observing her fellow guests.,,Released,False,False,1986-03-02,75,0,0,1.3842,3.0,3,en,https://www.bbc.co.uk/programmes/p00v5j0j,tt0091222,/hYhHytwT0iGQw9t99brd47EZk5G.jpg,,"[{""id"": 18, ""name"": ""Drama""}, {""id"": 10770, ""name"": ""TV Movie""}]","[{""id"": 3324, ""logo_path"": ""/dqT3yOTlfJRmtvk52Ccd1O6dZ0A.png"", ""name"": ""BBC"", ""origin_country"": ""GB""}, {""id"": 152363, ""logo_path"": null, ""name"": ""Arts and Entertainment Network"", ""origin_country"": ""US""}]","[{""iso_3166_1"": ""GB"", ""name"": ""United Kingdom""}]","[{""english_name"": ""English"", ""iso_639_1"": ""en"", ""name"": ""English""}]","[""GB""]",null
175666,Confusions of a Nutzy Spy,Confusions of a Nutzy Spy,"Constable Porky Pig and his lazy bloodhound are on the trail of a Nazi spy, Missing Lynx, in this World War II propaganda piece (a spoof on the 1939 ""Confessions of a Nazi Spy"").",,Released,False,False,1943-01-23,7,0,0,0.0828,5.6,14,en,,tt0035750,/heL09wkbV5BEMc3F9y5VFvSjpKI.jpg,,"[{""id"": 16, ""name"": ""Animation""}, {""id"": 35, ""name"": ""Comedy""}]","[{""id"": 134798, ""logo_path"": null, ""name"": ""Leon Schlesinger Productions"", ""origin_country"": ""US""}]","[{""iso_3166_1"": ""US"", ""name"": ""United States of America""}]",[],"[""US""]",null
175668,Conrad the Sailor,Conrad the Sailor,"Conrad, a sailor aboard a Navy battleship, is swabbing the deck when he is interrupted and tormented by Daffy Duck.",,Released,False,False,1942-02-28,7,0,0,0.2305,6.4,13,en,,tt0034611,/3ZRwHngx2AeBjlqlfl4AKJHwyK2.jpg,/fJfDyLidYS9x9takKuvKCUNxhGI.jpg,"[{""id"": 16, ""name"": ""Animation""}]","[{""id"": 134798, ""logo_path"": null, ""name"": ""Leon Schlesinger Productions"", ""origin_country"": ""US""}]","[{""iso_3166_1"": ""US"", ""name"": ""United States of America""}]","[{""english_name"": ""English"", ""iso_639_1"": ""en"", ""name"": ""English""}]","[""US""]",null
175671,Blackmail Boys,Blackmail Boys,"After moving to Chicago for art school, Sam begins turning tricks to help pay the bills. His longtime, long-distance boyfriend Aaron can't stand to be apart and finally joins him, determined to find enough work so that Sam can give up having sex for money. When the two decide to tie the knot and move to a state where they can marry, their financial worries intensify...until Aaron spies on Sam with a prominent client, and everything changes. This sweet and sexually explicit love story becomes an exhilarating extortion tale. contains graphic sexuality",,Released,False,False,2010-09-01,67,20000,0,0.3001,4.2,9,en,,tt1784365,/lqnyJB6rjRdz9Sh3QYdZYNSJyEo.jpg,/l88cDBN8dQRyLSbNbScOx5xLtuM.jpg,"[{""id"": 18, ""name"": ""Drama""}]","[{""id"": 13530, ""logo_path"": null, ""name"": ""Shumanski Brothers"", ""origin_country"": """"}]","[{""iso_3166_1"": ""US"", ""name"": ""United States of America""}]","[{""english_name"": ""English"", ""iso_639_1"": ""en"", ""name"": ""English""}]","[""US""]",null
175676,The Pipeline Next Door,The Pipeline Next Door,"The story of how what was called ""BTC-the project of the century"" and a small Georgian village became neighbours and how they adapt to each other.",,Released,False,False,2005-07-28,0,0,0,0.0506,5.2,4,en,,tt0482128,,,[],[],[],[],"[""US""]",null
175678,East of Paradise,East of Paradise,"Filmmaker Lech Kowalski explores his belief that struggle is ""the epitome of living"" in this documentary which compares the wildly different life experiences of himself and his mother. Kowalski's mother came of age in Poland during the early stages of World War II, and after failed attempts to outrun both Nazi and Russian forces she and her family were sent to a Soviet concentration camp, where inmates were tortured, mistreated, and starved to the point where some ate their own lice in a desperate struggle to survive. Kowalski also depicts his own self-inflicted season in hell during his years on the New York City punk rock scene as he wallowed in the sordid underbelly of drug addiction, pornography, prostitution, and streetwise decadence. On both stories, Kowalski finds a message of hope and strength in the midst of almost certain peril.",,Released,False,False,2005-12-10,108,0,0,0.1849,7.0,3,en,,tt1300218,/abMeRPf6I5ItPFmbvVGWQgGynnA.jpg,,"[{""id"": 99, ""name"": ""Documentary""}]","[{""id"": 95540, ""logo_path"": null, ""name"": ""Extinkt Films"", ""origin_country"": """"}]","[{""iso_3166_1"": ""FR"", ""name"": ""France""}]","[{""english_name"": ""English"", ""iso_639_1"": ""en"", ""name"": ""English""}, {""english_name"": ""Polish"", ""iso_639_1"": ""pl"", ""name"": ""Polski""}]","[""FI"", ""FR""]",null
175679,"Heart, Beating in the Dark",闇打つ心臓,"A boy and girl struggle to understand their place in 1980s Japan, retiring to copulate and probe each other for answers.",,Released,False,False,1982-02-20,75,0,0,1.0063,7.7,3,ja,,tt0292366,/oxPoVWwkDySdWLp30o5QBApFZtn.jpg,,"[{""id"": 18, ""name"": ""Drama""}, {""id"": 10749, ""name"": ""Romance""}]","[{""id"": 64231, ""logo_path"": ""/2RLRrJ3snaerDYUp1pUlwJfbc5Z.png"", ""name"": ""Office Shirous"", ""origin_country"": ""JP""}, {""id"": 13261, ""logo_path"": null, ""name"": ""Cinema Hout"", ""origin_country"": ""JP""}]","[{""iso_3166_1"": ""JP"", ""name"": ""Japan""}]","[{""english_name"": ""Japanese"", ""iso_639_1"": ""ja"", ""name"": ""\u65e5\u672c\u8a9e""}]","[""JP""]",null
175682,Martial Outlaw,Martial Outlaw,"A DEA agent and his brother, a Los Angeles cop, battle the Russian mafia.",Brothers...Cops. One enforcer the law. The other breaks it.,Released,False,False,1993-11-16,86,0,0,1.1114,6.0,15,en,,tt0107525,/p7YEvLUgAzxhjEbNCG7EZ3FmZ1i.jpg,/gFlg3xblAHNfmGrv2BJLCsM8yJZ.jpg,"[{""id"": 28, ""name"": ""Action""}, {""id"": 80, ""name"": ""Crime""}, {""id"": 18, ""name"": ""Drama""}]","[{""id"": 8335, ""logo_path"": null, ""name"": ""The Image Organization"", ""origin_country"": """"}, {""id"": 31247, ""logo_path"": null, ""name"": ""M-L Partnership"", ""origin_country"": """"}]","[{""iso_3166_1"": ""US"", ""name"": ""United States of America""}]","[{""english_name"": ""English"", ""iso_639_1"": ""en"", ""name"": ""English""}]","[""US""]","{""id"": 318037, ""name"": ""Martial Law Collection"", ""poster_path"": ""/wWbwRZ08VyWaXgVKmg1Tu7zPHmI.jpg"", ""backdrop_path"": ""/aWtmSQY3FQ6uNTeh3DuMefZLUAU.jpg""}"
175680,Capres (Calo Presiden),Capres (Calo Presiden),"Hartono, a administration staff of ""Partai ASU"" (Anggaran Semuanya Untukmu) is a innocent one who always be used by Partai ASU to be nominated as a President Candidate. This case done because lastest President Candidate from Partai ASU be arrested by KPK because the corruption case. Then Hartono realize that he was only used as a puppet of the leaders and continue to cover their crimes. In the middle of numerous threads, Hartono tried to follow her inner voice",,Released,False,False,2009-06-04,95,0,0,0.0966,8.5,1,en,,tt1444994,,,[],[],"[{""iso_3166_1"": ""ID"", ""name"": ""Indonesia""}]","[{""english_name"": ""Indonesian"", ""iso_639_1"": ""id"", ""name"": ""Bahasa indonesia""}]","[""US""]",null
175681,It Started with a Kiss,It Started with a Kiss,"While on leave in New York, a serviceman both weds a chorus girl and wins a red convertible in a charity raffle. Both his wife and the car turn out to be problematic.",It started with a kiss...and ended like this in romantic Spain!,Released,False,False,1959-08-19,104,0,0,1.8091,5.2,16,en,,tt0052934,/zuuxkL2dIBn5DDcGrxNgT7gAr5T.jpg,/oEaKPnc1MB5xD60QlrCcDVqIF1I.jpg,"[{""id"": 35, ""name"": ""Comedy""}, {""id"": 10749, ""name"": ""Romance""}]","[{""id"": 14091, ""logo_path"": null, ""name"": ""Arcola Pictures"", ""origin_country"": ""US""}]","[{""iso_3166_1"": ""US"", ""name"": ""United States of America""}]","[{""english_name"": ""English"", ""iso_639_1"": ""en"", ""name"": ""English""}]","[""US""]",null
175689,Rosita,Rosita,"The King tosses Rosita in jail and when Don Diego, who Rosita loves, tries to defend her, he too is thrown in jail. While Don Diego is sentenced to be executed, the King lusts after Rosita and decides to put her up in a luxurious villa. To give her a title, he marries her to a masked nobleman, who turns out to be Don Diego.","GLORIOUS, VITAL, ALLURING WOMANHOOD; LITHE AND SINUOUS, CAPRICIOUS AND COQUETTISH, FLIRTING!",Released,False,False,1923-09-03,90,0,0,0.7007,6.5,10,en,,tt0014416,/iRfihiRxa84mtfK6yKlabi9dvJU.jpg,/aFn8OGK0K7waSXursVQfbU4rllG.jpg,"[{""id"": 10749, ""name"": ""Romance""}, {""id"": 35, ""name"": ""Comedy""}, {""id"": 36, ""name"": ""History""}]","[{""id"": 21540, ""logo_path"": null, ""name"": ""Mary Pickford Company"", ""origin_country"": """"}, {""id"": 60, ""logo_path"": ""/4YldLvCWQL9VIAHQ2Fu3Ffkh9Si.png"", ""name"": ""United Artists"", ""origin_country"": ""US""}]","[{""iso_3166_1"": ""US"", ""name"": ""United States of America""}]","[{""english_name"": ""No Language"", ""iso_639_1"": ""xx"", ""name"": ""No Language""}]","[""US""]",null
175692,Dogs of War!,Dogs of War!,"The gang wages war using old vegetables as munitions. Later, they ruin a movie in progress when they double-expose the film.",,Released,False,False,1923-07-01,24,0,0,0.8616,5.5,10,en,,tt0013994,/6tf6YSsTUI8hDespy2TNcMhNnVa.jpg,/iq0fdu17CTVqrJUXHT79MietQno.jpg,"[{""id"": 35, ""name"": ""Comedy""}, {""id"": 10751, ""name"": ""Family""}]","[{""id"": 2159, ""logo_path"": null, ""name"": ""Hal Roach Studios"", ""origin_country"": ""US""}]","[{""iso_3166_1"": ""US"", ""name"": ""United States of America""}]","[{""english_name"": ""No Language"", ""iso_639_1"": ""xx"", ""name"": ""No Language""}]","[""US""]","{""id"": 564261, ""name"": ""Our Gang: The Roach/Path\u00e9 silents (1922-1928)"", ""poster_path"": ""/4UUUBb3dM2vImtiP5NmDO5Y460Q.jpg"", ""backdrop_path"": ""/jPdILOLtecQH8TIWd5BBlLkz0lW.jpg""}"
175686,Massacre,Massaker,Interviews with six of the mass murderers from Sabra and Shatilla. The faces are in black and are not identifiable.,,Released,False,False,2005-02-16,98,0,0,0.1791,6.3,3,ar,,tt0382175,/rfzm68CuA2Sd3xpIzavcisd6DnG.jpg,,"[{""id"": 99, ""name"": ""Documentary""}]",[],[],"[{""english_name"": ""Arabic"", ""iso_639_1"": ""ar"", ""name"": ""\u0627\u0644\u0639\u0631\u0628\u064a\u0629""}]","[""SA""]",null
175693,Little Old New York,Little Old New York,An Irish girl comes to America disguised as a boy to claim a fortune left to her brother who has died.,Sweeping the nation like wildfire the world's greatest newspapers admit the magnificence,Released,False,False,1923-08-01,107,0,0,0.8698,6.5,12,en,,tt0014205,/4nJDvyGCaIqxaw1fAAe0h9oo0A7.jpg,/ijp8v1EuRsr1lGkuEYvs89doVop.jpg,"[{""id"": 35, ""name"": ""Comedy""}, {""id"": 10749, ""name"": ""Romance""}]","[{""id"": 1442, ""logo_path"": null, ""name"": ""Cosmopolitan Productions"", ""origin_country"": ""US""}]","[{""iso_3166_1"": ""US"", ""name"": ""United States of America""}]","[{""english_name"": ""No Language"", ""iso_639_1"": ""xx"", ""name"": ""No Language""}]","[""US""]",null
175694,Haldane of the Secret Service,Haldane of the Secret Service,"Heath Haldane (Houdini) tracks down a vicious gang of counterfeiters, narrowly missing death several times. He must rescue Adele Ormsby, whom he loves despite her pending marriage.",,Released,False,False,1923-09-29,84,0,0,0.0453,4.9,7,en,,tt0014112,/zlfeLvVXPzPSt46sG0RCBLn9Ri3.jpg,,"[{""id"": 12, ""name"": ""Adventure""}, {""id"": 80, ""name"": ""Crime""}, {""id"": 18, ""name"": ""Drama""}]","[{""id"": 126512, ""logo_path"": null, ""name"": ""Houdini Picture Corporation"", ""origin_country"": """"}]","[{""iso_3166_1"": ""US"", ""name"": ""United States of America""}]",[],"[""US""]",null
175695,The Silent Command,The Silent Command,A distinguished young Naval officer from a celebrated military falls prey to a terrorist and his seductress accomplice bent on destroying the Panama Canal.,,Released,False,False,1923-08-18,120,0,0,0.5733,5.0,4,en,,tt0014469,/3XM6570u2DhpuEj7DpVCXdnHR4Q.jpg,/f0nhNLdjmwWRPje2Qxeqa7dxf39.jpg,"[{""id"": 18, ""name"": ""Drama""}]","[{""id"": 5488, ""logo_path"": ""/3O2mAL8Z32SbKtQK7h9ePZjtzSu.png"", ""name"": ""Fox Film Corporation"", ""origin_country"": ""US""}]","[{""iso_3166_1"": ""US"", ""name"": ""United States of America""}]","[{""english_name"": ""No Language"", ""iso_639_1"": ""xx"", ""name"": ""No Language""}]","[""US""]",null
175697,Felix in Fairyland,Felix in Fairyland,"Felix is reading a book about Fairyland, and decides that it must be a wonderful place to be. Suddenly he hears a cry for help, and finds a fly stuck on a piece of flypaper. He rescues the insect, only to have it turn into a beautiful fairy princess who, in gratitude for his help, grants him one wish. He wishes he were in Fairyland, and is immediately transported there.",,Released,False,False,1923-08-01,8,0,0,0.1045,5.0,1,en,,tt0015800,/sN5a7OMxU5YtMwpJLp87HIo2L3E.jpg,,"[{""id"": 16, ""name"": ""Animation""}]",[],"[{""iso_3166_1"": ""US"", ""name"": ""United States of America""}]",[],"[""US""]",null
175696,Felix the Ghost Breaker,Felix the Ghost Breaker,"Felix is trying to get some sleep in a graveyard, but keeps getting bothered by a ghost. He follows the ghost to the house of an old farmer, and the ghost proceeds to terrorize the old man, and when the farmer calls for help from the police, the ghost terrorizes them, too. Felix, however, suspects something fishy is going on, and with the help of the farmer's donkey, gets to the bottom of things.",,Released,False,False,1923-01-01,6,0,0,0.0143,5.3,7,en,,tt0141080,/uYg31UJPVOCekCxbCprAFz2oAts.jpg,,"[{""id"": 16, ""name"": ""Animation""}, {""id"": 27, ""name"": ""Horror""}, {""id"": 35, ""name"": ""Comedy""}]","[{""id"": 39687, ""logo_path"": null, ""name"": ""Pat Sullivan Cartoons"", ""origin_country"": """"}]","[{""iso_3166_1"": ""US"", ""name"": ""United States of America""}]","[{""english_name"": ""No Language"", ""iso_639_1"": ""xx"", ""name"": ""No Language""}]","[""US""]",null
175699,Bed Time,Bed Time,"First, Max, in his pyjamas, gets back up and draws an isolated mountain area and puts Koko on top of a steep mountain. ""That will keep you busy for the night,"" says the real-life somewhat nasty cartoonist to his subject. The cartoon really gets wild from that point with guest appearances from Mutt and Jeff, and other ""stars"" of the day as Koko experiences one adventure after another from the ""Cave Of The Winds"" to Goliath chasing him all over.",,Released,False,False,1923-03-01,9,0,0,0.1583,6.3,5,en,,tt0013865,/l9IZzX1U9oVHsfWT7yupQUnxWgd.jpg,,"[{""id"": 16, ""name"": ""Animation""}, {""id"": 35, ""name"": ""Comedy""}]","[{""id"": 40656, ""logo_path"": null, ""name"": ""Out of the Inkwell Films"", ""origin_country"": """"}]","[{""iso_3166_1"": ""US"", ""name"": ""United States of America""}]","[{""english_name"": ""No Language"", ""iso_639_1"": ""xx"", ""name"": ""No Language""}, {""english_name"": ""English"", ""iso_639_1"": ""en"", ""name"": ""English""}]","[""US""]",null
175700,Felix Revolts,Felix Revolts,"After enduring various indignities by the human population in town, including getting beaten up by the fish market owner and forced to eat hot mustard by a customer in a restaurant, Felix finally breaks when he hears the mayor give a speech vowing to drive all cats out of town. Felix gathers his feline friends and stages a revolution to restore cats to their rightful place in society.",,Released,False,False,1923-05-01,8,0,0,0.0363,5.8,4,xx,,tt0141039,/lBIbkap2FI1zb0Fl1aAvQBI7Xar.jpg,,"[{""id"": 16, ""name"": ""Animation""}]","[{""id"": 39687, ""logo_path"": null, ""name"": ""Pat Sullivan Cartoons"", ""origin_country"": """"}]","[{""iso_3166_1"": ""US"", ""name"": ""United States of America""}]","[{""english_name"": ""No Language"", ""iso_639_1"": ""xx"", ""name"": ""No Language""}]","[""US""]",null
175702,Felix Win's Out,Felix Win's Out,"Bored with life in town, Felix sees an opportunity for some excitement when a traveling circus passes through, so he joins up. One day he overhears the Skeleton Man propose to the Fat Lady, then change his mind because she's too fat. Felix decides to help her lose weight so the Skeleton Man will marry her, but this results in the ringmaster getting angry with Felix and firing him. Felix comes up with a plan to force the circus to re-hire him.",,Released,False,False,1923-01-14,9,0,0,0.0143,5.0,2,en,,tt0015799,/vSRcCynmFJpr3gFqIkeQx7dZoUE.jpg,,"[{""id"": 16, ""name"": ""Animation""}]",[],"[{""iso_3166_1"": ""US"", ""name"": ""United States of America""}]",[],"[""US""]",null
175709,The Midnight Cabaret,The Midnight Cabaret,The Midnight Cabaret is a short 1923 American comedy starring Larry Semon and featuring Oliver Hardy.,,Released,False,False,1923-05-09,23,0,0,0.2693,6.0,2,xx,,tt0270513,/pZZh6uSz4SjEcRWeN5ZrHPx5glD.jpg,,"[{""id"": 35, ""name"": ""Comedy""}, {""id"": 10749, ""name"": ""Romance""}]","[{""id"": 48489, ""logo_path"": null, ""name"": ""Larry Semon Productions"", ""origin_country"": ""US""}, {""id"": 15634, ""logo_path"": null, ""name"": ""Vitagraph Company of America"", ""origin_country"": ""US""}]","[{""iso_3166_1"": ""US"", ""name"": ""United States of America""}]","[{""english_name"": ""No Language"", ""iso_639_1"": ""xx"", ""name"": ""No Language""}]","[""US""]",null
175703,The Case Against Mrs. Ames,The Case Against Mrs. Ames,An attorney falls for the woman he's representing on a murder charge.,"This loving mother is on trial for her life. Let yourself be one of the jury , and decide.",Released,False,False,1936-05-08,85,0,0,1.359,4.2,5,en,,tt0027427,/6GYBRIZ4a5kq6qsEq75Q4YWqjR7.jpg,/zHpt4HdXNqZn31ak4Ube8ntE7Vr.jpg,"[{""id"": 18, ""name"": ""Drama""}]","[{""id"": 4, ""logo_path"": ""/jay6WcMgagAklUt7i9Euwj1pzTF.png"", ""name"": ""Paramount Pictures"", ""origin_country"": ""US""}, {""id"": 10096, ""logo_path"": null, ""name"": ""Walter Wanger Productions"", ""origin_country"": ""US""}]","[{""iso_3166_1"": ""US"", ""name"": ""United States of America""}]","[{""english_name"": ""English"", ""iso_639_1"": ""en"", ""name"": ""English""}]","[""US""]",null
175708,Lightning Love,Lightning Love,"The storm, which takes up most of the second reel, is a trial run for the storm sequence in The Wizard Of Oz which Semon would make in 1925.  Fox released a comedy that was an exact copy of Lightning Love just before the Semon film was due to come out.  Albert E. Smith noticed the similarities and on September 5, 1923 attempted to have the Fox film pulled from the exhibitors.",,Released,False,False,1923-10-22,20,0,0,0.4755,6.0,4,en,,tt0256147,/V7sSkFmjF4KORdPgViAjIKSHlc.jpg,/kQxS0EBCaFroOkUJxQgTO8VloOJ.jpg,"[{""id"": 35, ""name"": ""Comedy""}]",[],[],[],"[""US""]",null
175710,Stronger Than Desire,Stronger Than Desire,An attorney handling a murder case is unaware his own wife played a crucial role in the killing.,The story of lonely wives,Released,False,False,1939-06-30,78,0,0,1.3496,5.1,7,en,,tt0031988,/9tnxwCZd8NbmYqn1i3qYElJycLX.jpg,/4xLnRvjWLxh67ltRgma4YKtv0NR.jpg,"[{""id"": 18, ""name"": ""Drama""}]","[{""id"": 21, ""logo_path"": ""/usUnaYV6hQnlVAXP6r4HwrlLFPG.png"", ""name"": ""Metro-Goldwyn-Mayer"", ""origin_country"": ""US""}]","[{""iso_3166_1"": ""US"", ""name"": ""United States of America""}]","[{""english_name"": ""English"", ""iso_639_1"": ""en"", ""name"": ""English""}]","[""US""]",null
175712,No Wedding Bells,No Wedding Bells,"Larry arrives at his girlfriend's house to ask her father for her hand in marriage. Her father, who is in the middle of winning a chess game for the first time in 20 years, immediately throws Larry out the window. Meanwhile, the girl is kidnapped by a Chinese servant, who is secretly the henchman of a gangster who has developed a sleeping potion he wants to try out on an unsuspecting woman. Larry finds out, and he sets out to rescue his girlfriend and try not to get thrown out of a window by her father again.",,Released,False,False,1923-01-09,20,0,0,0.5799,3.8,3,xx,,tt0248238,,,"[{""id"": 35, ""name"": ""Comedy""}]","[{""id"": 15634, ""logo_path"": null, ""name"": ""Vitagraph Company of America"", ""origin_country"": ""US""}]","[{""iso_3166_1"": ""US"", ""name"": ""United States of America""}]","[{""english_name"": ""No Language"", ""iso_639_1"": ""xx"", ""name"": ""No Language""}]","[""US""]",null
175714,"£830,000,000 - Nick Leeson and the Fall of the House of Barings","£830,000,000 - Nick Leeson and the Fall of the House of Barings","25 Million Pounds details the collapse of Barings Bank in the mid 1990s primarily by a broker called Nick Leeson, who lost £827 million ($1.3 billion) by speculating on futures contracts. The film contextualises the downfall as the history of Barings Bank was one of the oldest and most prestigious merchant banks in Britain, run by the same family for decades with extensive ties to Britain's elites. But in the late 19th century Barings almost went bankrupt after investing heavily in South American bonds, including backing the construction of a sewer system in Buenos Aires. The bank was saved by The Bank of England, but Edward Baring, the head of the bank, was financially ruined and never recovered.",A documentary detailing the collapse of Barings Bank in the mid-1990s due to the machinations of Nick Leeson.,Released,False,False,1996-06-12,53,0,0,0.3265,7.7,3,en,,tt2069348,/nvhN6mKZUacmWIzNPmsgCmSwApb.jpg,,"[{""id"": 99, ""name"": ""Documentary""}]","[{""id"": 3324, ""logo_path"": ""/dqT3yOTlfJRmtvk52Ccd1O6dZ0A.png"", ""name"": ""BBC"", ""origin_country"": ""GB""}]","[{""iso_3166_1"": ""GB"", ""name"": ""United Kingdom""}]","[{""english_name"": ""English"", ""iso_639_1"": ""en"", ""name"": ""English""}]","[""GB"", ""US""]",null
175715,Horseshoes,Horseshoes,"A boxer offers $50 to anyone who can stay in the ring with him for an entire minute. Larry, through a series of mix-ups--including hitting the boxer in the face with a tomato--winds up in the ring with him but, with the aid of some strategically placed horseshoes, manages to knock the boxer out. When he comes to and finds out what happened, the outraged boxer sets out after Larry.",,Released,False,False,1923-12-09,21,0,0,0.1092,4.6,6,xx,,tt0248880,/7zFYSjkhtr9IuFZwMUWTj8MZG2l.jpg,,"[{""id"": 35, ""name"": ""Comedy""}]",[],"[{""iso_3166_1"": ""US"", ""name"": ""United States of America""}]","[{""english_name"": ""No Language"", ""iso_639_1"": ""xx"", ""name"": ""No Language""}]","[""US""]",null
175716,Crime and Punishment,Raskolnikow,"Former student Raskolnikov is pushed to murder when struggling to pay the rent on his apartment. When the murder is being investigated by the police, Raskolnikov struggles between trying to hide his guilt and the pressure to confess.",,Released,False,False,1923-10-26,142,0,0,0.3795,6.5,12,de,,tt0014397,/3smcAE3nhfjNBgVllK2LtKpEbxG.jpg,,"[{""id"": 18, ""name"": ""Drama""}]","[{""id"": 162597, ""logo_path"": null, ""name"": ""Leonardo-Film"", ""origin_country"": ""DE""}]","[{""iso_3166_1"": ""DE"", ""name"": ""Germany""}]","[{""english_name"": ""No Language"", ""iso_639_1"": ""xx"", ""name"": ""No Language""}]","[""DE""]",null
175718,The Jew of Mestri,Der Kaufmann von Venedig,"The film ""Der Kaufmann von Venedig"" ( The Jew Of Mestri ) was written, produced and directed by Peter Paul Felner in the silent year of 1923 and is a free adaptation of ""Merchant of Venice"" written by Herr William Shakespeare. It is an elegant and expensive German film production that was shot on location in beautiful and decadent Venice with some of the most important Teutonic actors of the time: Henny Porten, Harry Liedtke und Werner Krauss and even the mysterious Max Schreck.",,Released,False,False,1923-10-12,87,0,0,0.6317,5.8,4,de,,tt0014175,/g0cEZV5sUKFvxXyjFTLzHLihS2f.jpg,/azTiQvFHboJxyD7iypOSmb4aD68.jpg,"[{""id"": 18, ""name"": ""Drama""}]",[],"[{""iso_3166_1"": ""DE"", ""name"": ""Germany""}]","[{""english_name"": ""No Language"", ""iso_639_1"": ""xx"", ""name"": ""No Language""}]","[""DE""]",null
175719,The West~Bound Limited,The West~Bound Limited,"The plot, old-hat though it is, does provide an opportunity for that wonderfully seedy villain, David Dirby, to do his dirty work and more importantly, to tie all the thrillingly on-the-spot railroad footage together. Railroad buffs will enjoy all the atmospheric detail director Johnson has obtained by filming in real freight yards and inside and alongside real steam engines and rolling stock.",,Released,False,False,1923-04-14,62,0,0,0.4592,6.0,2,en,,tt0348369,/2s46PRwvKuSQvZUcSFt2JpUDAeK.jpg,/geJoB5VP1uNDVo9CiY6f6elu37C.jpg,"[{""id"": 18, ""name"": ""Drama""}]","[{""id"": 47676, ""logo_path"": null, ""name"": ""Emory Johnson Productions"", ""origin_country"": """"}]","[{""iso_3166_1"": ""US"", ""name"": ""United States of America""}]",[],"[""US""]",null
175720,Sold at Auction!,Sold at Auction!,"Snub gets a job helping an auctioneer. He’s instructed to sell off a household estate, but goes to the wrong house. After everything is sold, the real owner returns, and forces Snub to track down all the buyers to restore the property.",,Released,False,False,1923-05-26,22,0,0,1.0002,5.8,2,en,,tt0248461,/zcRJveALtWHBS0nKrktFaVTe0hl.jpg,,"[{""id"": 35, ""name"": ""Comedy""}]","[{""id"": 2159, ""logo_path"": null, ""name"": ""Hal Roach Studios"", ""origin_country"": ""US""}]","[{""iso_3166_1"": ""US"", ""name"": ""United States of America""}]","[{""english_name"": ""No Language"", ""iso_639_1"": ""xx"", ""name"": ""No Language""}]","[""US""]",null
175723,Manhattan Parade,Manhattan Parade,Director Lloyd Bacon's 1931 drama takes a different look at the Broadway arena by  focusing on the owners of a theatrical costume shop.,,Released,False,False,1931-12-24,75,0,0,0.9561,1.8,4,en,,tt0022120,/1UDTtfYo4pRA6uBXOI7uE47FfIS.jpg,/zZ1XInwpOdBvdvnexBbKWPVZWA5.jpg,"[{""id"": 35, ""name"": ""Comedy""}]","[{""id"": 9329, ""logo_path"": ""/aue5pVfj9TcjYEOufkcuCbAL5hE.png"", ""name"": ""The Vitaphone Corporation"", ""origin_country"": ""US""}, {""id"": 174, ""logo_path"": ""/zhD3hhtKB5qyv7ZeL4uLpNxgMVU.png"", ""name"": ""Warner Bros. Pictures"", ""origin_country"": ""US""}]","[{""iso_3166_1"": ""US"", ""name"": ""United States of America""}]",[],"[""US""]",null
175725,Skylarking,Skylarking,"The story is about a crackpot inventor who manages to get himself in a heap of trouble. Though no fault of his own, it appears that he's run off with the wife of a cop and both the policeman and the inventor's wife are in hot pursuit. What makes this interesting are the inventor's clever devices--such as a hot air balloon car!",,Released,False,False,1923-09-08,18,0,0,0.1976,6.0,2,en,,tt0195269,,,"[{""id"": 35, ""name"": ""Comedy""}]",[],[],[],"[""US""]",null
175727,Is Money Everything?,Is Money Everything?,"A farmer, unhappy with his life, decides to go the city to try and make his fortune. He takes a friend along with him. The two of them become successful, but that success brings other, unforeseen problems into their lives.",,Released,False,False,1923-02-01,58,0,0,0.1923,6.0,1,xx,,tt0014157,/3IBGVmBOxIqg5mm3pXtagQp7qlY.jpg,/atdOgwEXJ7z3G0x4WZtSYvhpeQK.jpg,"[{""id"": 18, ""name"": ""Drama""}]","[{""id"": 237797, ""logo_path"": null, ""name"": ""D. M. Film Corporation"", ""origin_country"": """"}]","[{""iso_3166_1"": ""US"", ""name"": ""United States of America""}]","[{""english_name"": ""No Language"", ""iso_639_1"": ""xx"", ""name"": ""No Language""}]","[""US""]",null
175729,Avalanche,Die Lawine,"At the urging of his dying aunt, a young man of limited means forgoes marriage into comfortable society. He becomes husband to an unwed mother and father to a child. Their meager existence is threatened, however, when the woman he left at the altar reenters his life.",,Released,False,False,1923-10-16,71,0,0,0.3756,5.9,7,de,,tt0014191,/lMWLWTLPpItQydkIrxq52Syzs0e.jpg,,"[{""id"": 18, ""name"": ""Drama""}]","[{""id"": 11874, ""logo_path"": null, ""name"": ""Sascha-Film"", ""origin_country"": ""AT""}]","[{""iso_3166_1"": ""AT"", ""name"": ""Austria""}]",[],"[""DE"", ""AT""]",null
175730,Giants vs. Yanks,Giants vs. Yanks,"The gang, after a premature end to their baseball game, find themselves quarantined in an elegant home, which they proceed to destroy.",,Released,False,False,1923-05-12,20,0,0,0.1082,5.9,4,en,,tt0014081,/dDlZnamzBoWQVYFJk27chzxGkS7.jpg,,"[{""id"": 35, ""name"": ""Comedy""}, {""id"": 10751, ""name"": ""Family""}]",[],[],"[{""english_name"": ""No Language"", ""iso_639_1"": ""xx"", ""name"": ""No Language""}]","[""US""]","{""id"": 564261, ""name"": ""Our Gang: The Roach/Path\u00e9 silents (1922-1928)"", ""poster_path"": ""/4UUUBb3dM2vImtiP5NmDO5Y460Q.jpg"", ""backdrop_path"": ""/jPdILOLtecQH8TIWd5BBlLkz0lW.jpg""}"
175731,The Champeen,The Champeen,"Mickey and Jackie feud over Mary, so Sammy schedules a championship bout between the two rivals.",,Released,False,False,1923-01-27,23,0,0,0.7434,6.5,5,en,,tt0013916,/92bJdgLHbvSgGOI8jOEQBtuZJ2g.jpg,/lCqhDAliP7XCN1GidMS3yLqgy1f.jpg,"[{""id"": 35, ""name"": ""Comedy""}, {""id"": 10751, ""name"": ""Family""}]","[{""id"": 2159, ""logo_path"": null, ""name"": ""Hal Roach Studios"", ""origin_country"": ""US""}]","[{""iso_3166_1"": ""US"", ""name"": ""United States of America""}]","[{""english_name"": ""No Language"", ""iso_639_1"": ""xx"", ""name"": ""No Language""}]","[""US""]","{""id"": 564261, ""name"": ""Our Gang: The Roach/Path\u00e9 silents (1922-1928)"", ""poster_path"": ""/4UUUBb3dM2vImtiP5NmDO5Y460Q.jpg"", ""backdrop_path"": ""/jPdILOLtecQH8TIWd5BBlLkz0lW.jpg""}"
175735,No Noise,No Noise,"Entertaining Our Gang comedy has poor Mickey in the hospital being fed castor oil when his friends stop by to pay him a visit. As you'd expect, the kids start making all sorts of noise so the doctors decide to teach them a lesson by scaring them.",,Released,False,False,1923-09-23,20,0,0,0.2393,5.9,4,en,,tt0235627,/kgec633FbqUicn8VsvGqzdmXUGF.jpg,,"[{""id"": 35, ""name"": ""Comedy""}, {""id"": 10751, ""name"": ""Family""}]","[{""id"": 2159, ""logo_path"": null, ""name"": ""Hal Roach Studios"", ""origin_country"": ""US""}]","[{""iso_3166_1"": ""US"", ""name"": ""United States of America""}]","[{""english_name"": ""No Language"", ""iso_639_1"": ""xx"", ""name"": ""No Language""}]","[""US""]","{""id"": 564261, ""name"": ""Our Gang: The Roach/Path\u00e9 silents (1922-1928)"", ""poster_path"": ""/4UUUBb3dM2vImtiP5NmDO5Y460Q.jpg"", ""backdrop_path"": ""/jPdILOLtecQH8TIWd5BBlLkz0lW.jpg""}"
175733,The Big Show,The Big Show,"The gang creates its own makeshift county fair, highlighted by a ""movie,"" which is really a clever stage performance.",,Released,False,False,1923-02-24,20,0,0,0.6262,5.8,3,en,,tt0013872,/aUjDjwM6Y5JJA8iJkdagOl9tuA3.jpg,/xUZRSfCWsRpntjyrZmhdqVxIGD0.jpg,"[{""id"": 35, ""name"": ""Comedy""}]","[{""id"": 2159, ""logo_path"": null, ""name"": ""Hal Roach Studios"", ""origin_country"": ""US""}]","[{""iso_3166_1"": ""US"", ""name"": ""United States of America""}]","[{""english_name"": ""No Language"", ""iso_639_1"": ""xx"", ""name"": ""No Language""}]","[""US""]","{""id"": 564261, ""name"": ""Our Gang: The Roach/Path\u00e9 silents (1922-1928)"", ""poster_path"": ""/4UUUBb3dM2vImtiP5NmDO5Y460Q.jpg"", ""backdrop_path"": ""/jPdILOLtecQH8TIWd5BBlLkz0lW.jpg""}"
175736,Boys to Board,Boys to Board,"A kindly old schoolteacher helps the gang escape from a cruel boarding school, but they wind up in a bootlegger's booby-trapped house.",,Released,False,False,1923-04-07,20,0,0,0.2216,5.0,1,en,,tt0013885,/j5EsqkOj0nTjgi2tTYvkuN7tpaC.jpg,,"[{""id"": 35, ""name"": ""Comedy""}, {""id"": 10751, ""name"": ""Family""}]","[{""id"": 2159, ""logo_path"": null, ""name"": ""Hal Roach Studios"", ""origin_country"": ""US""}]","[{""iso_3166_1"": ""US"", ""name"": ""United States of America""}]","[{""english_name"": ""No Language"", ""iso_639_1"": ""xx"", ""name"": ""No Language""}]","[""US""]","{""id"": 564261, ""name"": ""Our Gang: The Roach/Path\u00e9 silents (1922-1928)"", ""poster_path"": ""/4UUUBb3dM2vImtiP5NmDO5Y460Q.jpg"", ""backdrop_path"": ""/jPdILOLtecQH8TIWd5BBlLkz0lW.jpg""}"
